date,company,bag_status,flight
2026-09-01,Pegasus,Выдача до 30 минут,PC 1576 
2026-09-01,Ютэйр,Выдача до 30 минут,ЮТ 276 
2026-09-01,Победа,Выдача до 30 минут,ДР 116 
2026-09-01,Россия,Выдача до 30 минут,ФВ 6175 
2026-09-01,Ютэйр,Выдача до 30 минут,ЮТ 374 
2026-09-01,FLYONE Armenia,Выдача до 30 минут,3F 325 
2026-09-01,Ютэйр,Выдача от 30 до 40 минут,ЮТ 746 
2026-09-01,АЗУР эйр,Выдача до 30 минут,AZV 3014 
2026-09-01,Ютэйр,Выдача более 40 минут,ЮТ 744 
2026-09-01,Победа,Выдача до 30 минут,PBD 840 
2026-09-01,Северо-Запад,Выдача до 30 минут,НВЦ 9152 
2026-09-01,Ютэйр,Выдача до 30 минут,ЮТ 456 
2026-09-01,Россия,Выдача до 30 минут,ФВ 6177 
2026-09-01,Победа,Выдача до 30 минут,ДР 404 
2026-09-01,Победа,Выдача до 30 минут,ДР 856 
2026-09-01,Победа,Выдача до 30 минут,ДР 466 
2026-09-01,Азимут,Выдача до 30 минут,А4 7010 
2026-09-01,GEORGIAN AIRWAYS,Выдача до 30 минут,ЖГ 926 
2026-09-01,Turkish Airlines,Выдача до 30 минут,TK 3012 
2026-09-01,GEORGIAN AIRWAYS,Выдача до 30 минут,ЖГ 936 
2026-09-01,Shirak Avia,Выдача до 30 минут,ЮБГ 509 
2026-09-01,FLYONE Armenia,Выдача до 30 минут,УР 412 
2026-09-01,Победа,Выдача до 30 минут,ДР 114 
2026-09-01,GEORGIAN AIRWAYS,Выдача до 30 минут,ЖГ 937 
2026-09-01,Алроса,Выдача до 30 минут,ЯМ 543 
2026-09-01,Ютэйр,Выдача до 30 минут,ЮТ 464 
2026-09-01,Turkish Airlines,Выдача до 30 минут,TK 3070 
2026-09-01,Turkish Airlines,Выдача до 30 минут,TK 415 
2026-09-01,Turkish Airlines,Выдача до 30 минут,TK 417 
2026-09-01,flydubai,Выдача от 30 до 40 минут,FZ 989 
2026-09-01,Turkish Airlines,Выдача до 30 минут,TK 3192 
2026-09-01,Азимут,Выдача до 30 минут,А4 7030 
2026-09-01,Ютэйр,Выдача до 30 минут,ЮТ 334 
2026-09-01,Россия,Выдача до 30 минут,ФВ 6027 
2026-09-01,Россия,Выдача до 30 минут,ФВ 6025 
2026-09-01,Победа,Выдача до 30 минут,ДР 160 
2026-09-01,Pegasus,Выдача до 30 минут,PC 388 
2026-09-01,Turkish Airlines,Выдача до 30 минут,TK 1231 
2026-09-01,Победа,Выдача от 30 до 40 минут,ДР 836 
2026-09-01,Ютэйр,Выдача более 40 минут,ЮТ 802 
2026-09-01,AZAL,Некорректно проставлены отметки,J2 805 
2026-09-01,Азимут,Выдача до 30 минут,А4 7036 
2026-09-01,Победа,Выдача до 30 минут,ДР 422 
2026-09-01,flydubai,Выдача до 30 минут,FZ 951 
2026-09-01,Победа,Выдача до 30 минут,ДР 964 
2026-09-01,Turkish Airlines,Выдача до 30 минут,TK 411 
2026-09-01,SCAT Airlines,Выдача до 30 минут,DV 813 
2026-09-01,UZBEKISTAN AIRWAYS,Выдача до 30 минут,ХИ 605 
2026-09-01,Ютэйр,Выдача до 30 минут,ЮТ 784 
2026-09-01,Победа,Выдача до 30 минут,ДР 190 
2026-09-01,Россия,Выдача до 30 минут,ФВ 6189 
2026-09-01,AZAL,Выдача от 30 до 40 минут,J2 809 
2026-09-01,Pegasus,Выдача до 30 минут,PC 1580 
2026-09-01,flydubai,Выдача до 30 минут,FZ 987 
2026-09-01,Turkish Airlines,Выдача от 30 до 40 минут,TK 211 
2026-09-01,Ютэйр,Выдача до 30 минут,ЮТ 576 
2026-09-01,Победа,Выдача до 30 минут,ДР 994 
2026-09-01,Победа,Выдача до 30 минут,ДР 158 
2026-09-01,Россия,Выдача до 30 минут,ФВ 6183 
2026-09-01,FLYONE Armenia,Выдача до 30 минут,УР 512 
2026-09-01,Ютэйр,Выдача до 30 минут,ЮТ 250 
2026-09-01,UZBEKISTAN AIRWAYS,Выдача до 30 минут,ХИ 9627 
2026-09-01,Ютэйр,Выдача до 30 минут,ЮТ 296 
2026-09-01,GEORGIAN AIRWAYS,Выдача до 30 минут,AZO 7054 
2026-09-01,Белавиа,Выдача до 30 минут,В2 979 
2026-09-01,Россия,Выдача до 30 минут,ФВ 6179 
2026-09-01,Nesma Airlines,Выдача до 30 минут,NE 610 
2026-09-01,UZBEKISTAN AIRWAYS,Выдача до 30 минут,ХИ 9621 
2026-09-01,UZBEKISTAN AIRWAYS,Выдача от 30 до 40 минут,ХИ 613 
2026-09-01,Победа,Выдача до 30 минут,ДР 206 
2026-09-01,SCAT Airlines,Выдача от 30 до 40 минут,DV 815 
2026-09-01,Якутия,Выдача от 30 до 40 минут,ЯК 736 
2026-09-01,Ютэйр,Выдача до 30 минут,ЮТ 810 
2026-09-01,Ютэйр,Выдача до 30 минут,ЮТ 398 
2026-09-01,Победа,Выдача до 30 минут,PBD 860 
2026-09-01,UZBEKISTAN AIRWAYS,Выдача до 30 минут,ХИ 9619 
2026-09-01,Победа,Выдача до 30 минут,ДР 436 
2026-09-01,Победа,Выдача до 30 минут,PBD 736 
2026-09-01,Руслайн,Выдача до 30 минут,РГ 194 
2026-09-01,Turkish Airlines,Выдача до 30 минут,TK 3122 
2026-09-01,Pegasus,Выдача до 30 минут,PC 386 
2026-09-01,FLYONE Armenia,Выдача до 30 минут,3F 323 
2026-09-01,Nesma Airlines,Выдача до 30 минут,NE 642 
2026-09-01,Turkish Airlines,Выдача до 30 минут,TK 3006 
2026-09-01,flydubai,Выдача до 30 минут,FZ 965 
2026-09-01,Turkish Airlines,Выдача от 30 до 40 минут,TK 407 
2026-09-01,GEORGIAN AIRWAYS,Выдача до 30 минут,ЖГ 932 
2026-09-01,AJET,Выдача до 30 минут,VF 587 
2026-09-01,Pegasus,Выдача от 30 до 40 минут,PC 390 
2026-09-01,Pegasus,Выдача до 30 минут,PC 1456 
2026-09-01,Nesma Airlines,Выдача до 30 минут,NE 602 
2026-09-01,flydubai,Выдача от 30 до 40 минут,FZ 967 
2026-09-01,Turkish Airlines,Выдача до 30 минут,TK 419 
2026-09-01,Уральские Авиалинии,Некорректно проставлены отметки,SVR 2462 
2026-09-01,Turkish Airlines,Выдача от 30 до 40 минут,TK 3014A
2026-09-01,AJET,Выдача от 30 до 40 минут,VF 277 
2026-09-01,Turkish Airlines,Выдача до 30 минут,TK 3154 
2026-09-01,Pegasus,Выдача до 30 минут,PC 1458 
2026-09-01,GEORGIAN AIRWAYS,Выдача до 30 минут,AZO 7008 
2026-09-01,Pegasus,Выдача до 30 минут,PC 1521 
2026-09-01,Ютэйр,Выдача более 40 минут,ЮТ 1376 
2026-09-01,Победа,Выдача до 30 минут,ДР 210 
2026-09-01,Turkish Airlines,Выдача до 30 минут,TK 3060 
2026-09-01,Победа,Выдача до 30 минут,ДР 1264 
2026-09-01,Победа,Выдача до 30 минут,ДР 734 
2026-09-01,Turkish Airlines,Выдача от 30 до 40 минут,TK 3178 
2026-09-01,Turkish Airlines,Выдача до 30 минут,TK 3036 
2026-09-01,Turkish Airlines,Выдача до 30 минут,TK 3084 
2026-09-01,Turkish Airlines,Выдача до 30 минут,TK 3002 
2026-09-01,Победа,Выдача до 30 минут,ДР 1168 
2026-09-01,Turkish Airlines,Выдача до 30 минут,TK 217 
2026-09-01,Победа,Выдача до 30 минут,ДР 208 
2026-09-01,Turkish Airlines,Выдача от 30 до 40 минут,TK 421 
2026-09-01,AJET,Выдача от 30 до 40 минут,VF 275 
2026-09-01,Turkish Airlines,Выдача до 30 минут,TK 211 
2026-09-01,Turkish Airlines,Выдача от 30 до 40 минут,TK 409 
2026-09-01,Победа,Выдача до 30 минут,ДР 486 
2026-09-01,Победа,Некорректно проставлены отметки,ДР 1422 
2026-09-01,Ютэйр,Выдача до 30 минут,ЮТ 786 
2026-09-01,Победа,Выдача до 30 минут,ДР 744 
2026-09-01,Ютэйр,Выдача до 30 минут,ЮТ 560 
2026-09-01,Россия,Выдача до 30 минут,ФВ 6003 
2026-09-01,Вологодское АП,Не определено,ВГ 2390 
2026-09-01,Ютэйр,Выдача до 30 минут,ЮТ 400 
2026-09-01,SCAT Airlines,Выдача до 30 минут,DV 809 
2026-09-01,Победа,Выдача до 30 минут,ДР 434 
2026-09-01,Nesma Airlines,Выдача до 30 минут,NE 614 
2026-09-01,Shirak Avia,Выдача до 30 минут,ЮБГ 809 
2026-09-01,Россия,Выдача до 30 минут,ФВ 6005 
2026-09-01,SCAT Airlines,Выдача от 30 до 40 минут,DV 801 
2026-09-01,Turkish Airlines,Выдача до 30 минут,TK 413 
2026-09-01,Nesma Airlines,Выдача до 30 минут,NE 604 
2026-09-01,Не найдено,Выдача до 30 минут,TC 422 
2026-09-01,FLYONE Armenia,Выдача до 30 минут,3F 321 
2026-09-01,GEORGIAN AIRWAYS,Выдача от 30 до 40 минут,AZO 7108 
2026-09-01,Ютэйр,Выдача до 30 минут,ЮТ 356 
2026-09-01,Победа,Выдача до 30 минут,ДР 714 
2026-09-01,AZAL,Выдача до 30 минут,J2 807 
2026-09-01,UZBEKISTAN AIRWAYS,Выдача до 30 минут,ХИ 9613 
2026-09-01,Ютэйр,Выдача до 30 минут,ЮТ 364 
2026-09-01,Белавиа,Выдача до 30 минут,В2 981 
2026-09-01,Ютэйр,Выдача до 30 минут,ЮТ 454 
2026-09-01,UZBEKISTAN AIRWAYS,Выдача до 30 минут,ХИ 9607 
2026-09-01,Победа,Выдача до 30 минут,ДР 742 
2026-09-01,Ютэйр,Выдача до 30 минут,ЮТ 808 
2026-09-01,Red Sea,Выдача до 30 минут,4S 315 
2026-09-01,Победа,Выдача до 30 минут,ДР 414 
2026-09-01,Россия,Выдача до 30 минут,ФВ 6051 
2026-09-01,Ютэйр,Выдача до 30 минут,ЮТ 352 
2026-09-01,UZBEKISTAN AIRWAYS,Выдача до 30 минут,ХИ 9615 
2026-09-01,Ютэйр,Выдача до 30 минут,ЮТ 572 
2026-09-01,Nesma Airlines,Не определено,NE 406 
2026-09-01,GEORGIAN AIRWAYS,Выдача до 30 минут,AZO 7072 
2026-09-01,Победа,Выдача до 30 минут,ДР 730 
2026-09-01,Ютэйр,Выдача до 30 минут,ЮТ 248 
2026-09-02,Ютэйр,Выдача до 30 минут,ЮТ 746 
2026-09-02,Россия,Выдача до 30 минут,ФВ 6175 
2026-09-02,Победа,Выдача до 30 минут,ДР 836 
2026-09-02,Turkish Airlines,Выдача до 30 минут,TK 3046 
2026-09-02,Ютэйр,Выдача до 30 минут,ЮТ 596 
2026-09-02,Газпром авиа,Выдача до 30 минут,ГЗП 472 
2026-09-02,Ютэйр,Выдача до 30 минут,ЮТ 400 
2026-09-02,FLYONE Armenia,Выдача до 30 минут,3F 325 
2026-09-02,Победа,Выдача до 30 минут,ДР 856 
2026-09-02,Азимут,Выдача до 30 минут,А4 7010 
2026-09-02,GEORGIAN AIRWAYS,Выдача до 30 минут,ЖГ 926 
2026-09-02,Turkish Airlines,Выдача от 30 до 40 минут,TK 6917 
2026-09-02,Белавиа,Выдача до 30 минут,В2 979 
2026-09-02,Россия,Выдача до 30 минут,ФВ 6177 
2026-09-02,Алроса,Выдача до 30 минут,ЯМ 543 
2026-09-02,Россия,Выдача до 30 минут,ФВ 6031 
2026-09-02,Ютэйр,Выдача до 30 минут,ЮТ 334 
2026-09-02,Газпром авиа,Выдача до 30 минут,ГЗП 260 
2026-09-02,FLYONE Armenia,Выдача до 30 минут,3F 321 
2026-09-02,Победа,Выдача до 30 минут,ДР 712 
2026-09-02,Aero Nomad,Выдача до 30 минут,КГ 503 
2026-09-02,Северо-Запад,Выдача до 30 минут,НВЦ 9152 
2026-09-02,Якутия,Выдача до 30 минут,ЯК 475 
2026-09-02,Победа,Выдача до 30 минут,ДР 732 
2026-09-02,Россия,Выдача до 30 минут,ФВ 6025 
2026-09-02,Nesma Airlines,Выдача до 30 минут,NE 640 
2026-09-02,Turkish Airlines,Выдача до 30 минут,TK 415 
2026-09-02,flydubai,Выдача до 30 минут,FZ 989 
2026-09-02,Turkish Airlines,Выдача до 30 минут,TK 417 
2026-09-02,Победа,Выдача до 30 минут,PBD 980 
2026-09-02,Победа,Выдача до 30 минут,PBD 840 
2026-09-02,Turkish Airlines,Выдача до 30 минут,TK 411 
2026-09-02,Ютэйр,Выдача до 30 минут,ЮТ 398 
2026-09-02,UZBEKISTAN AIRWAYS,Выдача до 30 минут,ХИ 9619 
2026-09-02,Победа,Выдача до 30 минут,ДР 160 
2026-09-02,Победа,Выдача от 30 до 40 минут,ДР 964 
2026-09-02,Победа,Выдача до 30 минут,ДР 206 
2026-09-02,Победа,Некорректно проставлены отметки,ДР 994 
2026-09-02,GEORGIAN AIRWAYS,Выдача до 30 минут,AZO 7018 
2026-09-02,Ютэйр,Выдача до 30 минут,ЮТ 374 
2026-09-02,Азимут,Выдача до 30 минут,А4 7036 
2026-09-02,AZAL,Выдача до 30 минут,J2 805 
2026-09-02,GEORGIAN AIRWAYS,Выдача до 30 минут,AZO 7054 
2026-09-02,Ютэйр,Выдача до 30 минут,ЮТ 784 
2026-09-02,Nesma Airlines,Выдача от 30 до 40 минут,NE 606 
2026-09-02,flydubai,Выдача до 30 минут,FZ 951 
2026-09-02,UZBEKISTAN AIRWAYS,Выдача от 30 до 40 минут,ХИ 605 
2026-09-02,Pegasus,Выдача до 30 минут,PC 388 
2026-09-02,Pegasus,Выдача от 30 до 40 минут,PC 1580 
2026-09-02,Ютэйр,Выдача до 30 минут,ЮТ 180 
2026-09-02,UZBEKISTAN AIRWAYS,Выдача от 30 до 40 минут,ХИ 613 
2026-09-02,Победа,Выдача до 30 минут,ДР 116 
2026-09-02,SCAT Airlines,Выдача до 30 минут,DV 815 
2026-09-02,Ютэйр,Выдача до 30 минут,ЮТ 810 
2026-09-02,Победа,Выдача до 30 минут,ДР 158 
2026-09-02,UZBEKISTAN AIRWAYS,Выдача до 30 минут,ХИ 9627 
2026-09-02,Ютэйр,Выдача до 30 минут,ЮТ 250 
2026-09-02,FLYONE Armenia,Выдача до 30 минут,УР 514 
2026-09-02,Ютэйр,Выдача до 30 минут,ЮТ 296 
2026-09-02,Ютэйр,Выдача до 30 минут,ЮТ 576 
2026-09-02,Ютэйр,Выдача до 30 минут,ЮТ 464 
2026-09-02,Nesma Airlines,Выдача до 30 минут,NE 616 
2026-09-02,Ютэйр,Выдача до 30 минут,ЮТ 802 
2026-09-02,Россия,Выдача до 30 минут,ФВ 6181 
2026-09-02,AZAL,Выдача до 30 минут,J2 807 
2026-09-02,UZBEKISTAN AIRWAYS,Выдача до 30 минут,ХИ 9621 
2026-09-02,Россия,Выдача до 30 минут,ФВ 6007 
2026-09-02,Ютэйр,Выдача более 40 минут,ЮТ 786 
2026-09-02,Победа,Некорректно проставлены отметки,ДР 408 
2026-09-02,Победа,Выдача до 30 минут,ДР 998 
2026-09-02,flydubai,Выдача до 30 минут,FZ 965A
2026-09-02,AJET,Выдача до 30 минут,VF 277 
2026-09-02,AJET,Выдача до 30 минут,VF 587 
2026-09-02,flydubai,Выдача до 30 минут,FZ 967 
2026-09-02,flydubai,Выдача до 30 минут,FZ 975 
2026-09-02,Red Sea,Выдача до 30 минут,4S 319 
2026-09-02,Turkish Airlines,Выдача до 30 минут,TK 3028 
2026-09-02,Turkish Airlines,Выдача до 30 минут,TK 3172 
2026-09-02,Turkish Airlines,Выдача до 30 минут,TK 3006 
2026-09-02,GEORGIAN AIRWAYS,Выдача до 30 минут,ЖГ 932 
2026-09-02,FLYONE Armenia,Выдача более 40 минут,3F 323 
2026-09-02,AJET,Выдача от 30 до 40 минут,VF 275 
2026-09-02,Ютэйр,Выдача до 30 минут,ЮТ 376 
2026-09-02,Turkish Airlines,Выдача до 30 минут,TK 421 
2026-09-02,Победа,Выдача до 30 минут,ДР 264 
2026-09-02,GEORGIAN AIRWAYS,Выдача от 30 до 40 минут,AZO 7008 
2026-09-02,Turkish Airlines,Выдача до 30 минут,TK 3178 
2026-09-02,Turkish Airlines,Выдача от 30 до 40 минут,TK 3084 
2026-09-02,Turkish Airlines,Выдача до 30 минут,TK 3014 
2026-09-02,Turkish Airlines,Выдача до 30 минут,TK 217 
2026-09-02,Turkish Airlines,Выдача до 30 минут,TK 3002 
2026-09-02,GEORGIAN AIRWAYS,Выдача до 30 минут,ЖГ 936 
2026-09-02,Ютэйр,Выдача до 30 минут,ЮТ 358 
2026-09-02,Turkish Airlines,Выдача от 30 до 40 минут,TK 409 
2026-09-02,Ютэйр,Выдача до 30 минут,ЮТ 444 
2026-09-02,Россия,Выдача до 30 минут,ФВ 6179 
2026-09-02,Turkish Airlines,Выдача до 30 минут,TK 3036 
2026-09-02,Победа,Выдача до 30 минут,ДР 414 
2026-09-02,Nesma Airlines,Выдача до 30 минут,NE 638 
2026-09-02,Nesma Airlines,Выдача от 30 до 40 минут,NE 600 
2026-09-02,Ютэйр,Выдача до 30 минут,ЮТ 560 
2026-09-02,Белавиа,Выдача до 30 минут,В2 981 
2026-09-02,GEORGIAN AIRWAYS,Выдача до 30 минут,AZO 7072 
2026-09-02,Ютэйр,Выдача до 30 минут,УТА 9026 
2026-09-02,Turkish Airlines,Выдача до 30 минут,TK 3012 
2026-09-02,Turkish Airlines,Выдача до 30 минут,TK 1231 
2026-09-02,Победа,Выдача до 30 минут,ДР 466 
2026-09-02,Руслайн,Выдача до 30 минут,РГ 194 
2026-09-02,Turkish Airlines,Выдача до 30 минут,TK 3070 
2026-09-02,SCAT Airlines,Выдача до 30 минут,DV 801 
2026-09-02,Ютэйр,Выдача до 30 минут,ЮТ 446 
2026-09-02,Россия,Выдача до 30 минут,ФВ 6005 
2026-09-02,Aero Nomad,Выдача до 30 минут,КГ 555 
2026-09-02,Вологодское АП,Не определено,ВГ 2390 
2026-09-02,Россия,Выдача до 30 минут,ФВ 6051 
2026-09-02,Turkish Airlines,Выдача более 40 минут,TK 413 
2026-09-02,Ютэйр,Выдача до 30 минут,ЮТ 364 
2026-09-02,Россия,Выдача до 30 минут,ФВ 6003 
2026-09-02,Ютэйр,Выдача до 30 минут,ЮТ 356 
2026-09-02,Ютэйр,Выдача до 30 минут,ЮТ 248 
2026-09-02,Победа,Выдача до 30 минут,ДР 714 
2026-09-02,Ютэйр,Выдача до 30 минут,ЮТ 454 
2026-09-02,Turkish Airlines,Выдача до 30 минут,TK 3154 
2026-09-02,Победа,Выдача до 30 минут,ДР 742 
2026-09-02,UZBEKISTAN AIRWAYS,Выдача до 30 минут,ХИ 9607 
2026-09-02,Алроса,Выдача до 30 минут,ЯМ 597 
2026-09-02,Ютэйр,Выдача до 30 минут,ЮТ 572 
2026-09-02,Победа,Выдача до 30 минут,ДР 744 
2026-09-02,UZBEKISTAN AIRWAYS,Выдача до 30 минут,ХИ 9617 
2026-09-02,UZBEKISTAN AIRWAYS,Выдача до 30 минут,ХИ 9615 
2026-09-02,Ютэйр,Выдача до 30 минут,УТА 6316 
2026-09-03,GEORGIAN AIRWAYS,Не определено,AZO 7154 
2026-09-03,Turkish Airlines,Выдача до 30 минут,TK 1231 
2026-09-03,Россия,Выдача до 30 минут,ФВ 6175 
2026-09-03,FLYONE Armenia,Выдача до 30 минут,3F 321 
2026-09-03,GEORGIAN AIRWAYS,Выдача до 30 минут,ЖГ 936 
2026-09-03,Россия,Выдача до 30 минут,ФВ 6031 
2026-09-03,GEORGIAN AIRWAYS,Выдача до 30 минут,ЖГ 926 
2026-09-03,Aero Nomad,Выдача от 30 до 40 минут,КГ 555 
2026-09-03,Победа,Выдача от 30 до 40 минут,ДР 992 
2026-09-03,Россия,Выдача до 30 минут,ФВ 6027 
2026-09-03,Россия,Выдача до 30 минут,ФВ 6037 
2026-09-03,Азимут,Выдача до 30 минут,А4 7030 
2026-09-03,Азимут,Выдача до 30 минут,А4 7010 
2026-09-03,flydubai,Выдача до 30 минут,FZ 989 
2026-09-03,Turkish Airlines,Выдача до 30 минут,TK 3012 
2026-09-03,Не найдено,Выдача более 40 минут,TC 422 
2026-09-03,Победа,Выдача до 30 минут,ДР 160 
2026-09-03,Nesma Airlines,Выдача до 30 минут,NE 610 
2026-09-03,Shirak Avia,Выдача более 40 минут,ЮБГ 809 
2026-09-03,Алроса,Выдача до 30 минут,ЯМ 543 
2026-09-03,Победа,Выдача до 30 минут,ДР 116 
2026-09-03,Ютэйр,Выдача до 30 минут,ЮТ 356 
2026-09-03,GEORGIAN AIRWAYS,Выдача до 30 минут,ЖГ 937 
2026-09-03,Победа,Выдача до 30 минут,ДР 742 
2026-09-03,Pegasus,Выдача до 30 минут,PC 388 
2026-09-03,Победа,Выдача до 30 минут,ДР 998 
2026-09-03,UZBEKISTAN AIRWAYS,Выдача до 30 минут,ХИ 9609 
2026-09-03,Победа,Выдача до 30 минут,ДР 714 
2026-09-03,Turkish Airlines,Выдача до 30 минут,TK 3070 
2026-09-03,Белавиа,Выдача до 30 минут,В2 983 
2026-09-03,Turkish Airlines,Выдача от 30 до 40 минут,TK 417 
2026-09-03,Nesma Airlines,Выдача до 30 минут,NE 614 
2026-09-03,АЗУР эйр,Выдача до 30 минут,AZV 3002 
2026-09-03,Turkish Airlines,Выдача более 40 минут,TK 413 
2026-09-03,Nouvelair Tunisie,Выдача от 30 до 40 минут,BJ 804 
2026-09-03,Ютэйр,Выдача до 30 минут,ЮТ 400 
2026-09-03,Ютэйр,Выдача до 30 минут,ЮТ 560 
2026-09-03,Turkish Airlines,Выдача до 30 минут,TK 415 
2026-09-03,UZBEKISTAN AIRWAYS,Выдача до 30 минут,ХИ 9619 
2026-09-03,Ютэйр,Выдача от 30 до 40 минут,ЮТ 398 
2026-09-03,Ютэйр,Выдача до 30 минут,ЮТ 250 
2026-09-03,Россия,Выдача до 30 минут,ФВ 6183 
2026-09-03,AZAL,Выдача до 30 минут,J2 805 
2026-09-03,flydubai,Выдача до 30 минут,FZ 951 
2026-09-03,Pegasus,Выдача до 30 минут,PC 1580 
2026-09-03,Ютэйр,Выдача до 30 минут,ЮТ 576 
2026-09-03,Ютэйр,Выдача до 30 минут,ЮТ 364 
2026-09-03,UZBEKISTAN AIRWAYS,Выдача до 30 минут,ХИ 613 
2026-09-03,UZBEKISTAN AIRWAYS,Выдача до 30 минут,ХИ 605 
2026-09-03,Ютэйр,Выдача до 30 минут,ЮТ 746 
2026-09-03,Turkish Airlines,Выдача до 30 минут,TK 411 
2026-09-03,Победа,Выдача до 30 минут,ДР 264 
2026-09-03,Победа,Выдача до 30 минут,ДР 856 
2026-09-03,Ютэйр,Выдача до 30 минут,ЮТ 374 
2026-09-03,Ютэйр,Выдача до 30 минут,ЮТ 296 
2026-09-03,Победа,Выдача до 30 минут,ДР 158 
2026-09-03,FLYONE Armenia,Выдача до 30 минут,3F 325 
2026-09-03,Ютэйр,Выдача до 30 минут,ЮТ 596 
2026-09-03,Ютэйр,Выдача до 30 минут,ЮТ 464 
2026-09-03,Россия,Выдача до 30 минут,ФВ 6179 
2026-09-03,GEORGIAN AIRWAYS,Не определено,AZO 7072 
2026-09-03,Россия,Выдача до 30 минут,ФВ 6177 
2026-09-03,UZBEKISTAN AIRWAYS,Выдача до 30 минут,ХИ 9627 
2026-09-03,FLYONE Armenia,Выдача до 30 минут,УР 512 
2026-09-03,Ютэйр,Выдача до 30 минут,ЮТ 276 
2026-09-03,Ютэйр,Выдача до 30 минут,ЮТ 802 
2026-09-03,Белавиа,Выдача до 30 минут,В2 985 
2026-09-03,SCAT Airlines,Выдача до 30 минут,DV 815 
2026-09-03,ЮВТ АЭРО,Выдача до 30 минут,ЮВ 204 
2026-09-03,GEORGIAN AIRWAYS,Выдача до 30 минут,AZO 7054 
2026-09-03,Якутия,Выдача до 30 минут,ЯК 465 
2026-09-03,Победа,Выдача до 30 минут,ДР 744 
2026-09-03,Победа,Выдача до 30 минут,ДР 404 
2026-09-03,Руслайн,Некорректно проставлены отметки,РГ 194 
2026-09-03,Россия,Выдача до 30 минут,ФВ 6185 
2026-09-03,Ютэйр,Выдача до 30 минут,ЮТ 744 
2026-09-03,Ютэйр,Выдача до 30 минут,ЮТ 352 
2026-09-03,Ютэйр,Выдача до 30 минут,ЮТ 358 
2026-09-03,Nesma Airlines,Выдача до 30 минут,NE 602 
2026-09-03,Победа,Выдача до 30 минут,ДР 860B
2026-09-03,Победа,Выдача до 30 минут,ДР 264B
2026-09-03,Победа,Выдача до 30 минут,ДР 968 
2026-09-03,Turkish Airlines,Выдача от 30 до 40 минут,TK 3154 
2026-09-03,flydubai,Выдача до 30 минут,FZ 965 
2026-09-03,FLYONE Armenia,Выдача до 30 минут,3F 323 
2026-09-03,flydubai,Выдача до 30 минут,FZ 975 
2026-09-03,Ютэйр,Выдача до 30 минут,ЮТ 376 
2026-09-03,Red Sea,Выдача от 30 до 40 минут,4S 337 
2026-09-03,Turkish Airlines,Выдача до 30 минут,TK 3006 
2026-09-03,Turkish Airlines,Выдача до 30 минут,TK 3122 
2026-09-03,Победа,Выдача до 30 минут,ДР 486B
2026-09-03,Победа,Выдача до 30 минут,ДР 422 
2026-09-03,Победа,Выдача до 30 минут,ДР 168B
2026-09-03,Pegasus,Выдача от 30 до 40 минут,PC 1521 
2026-09-03,Победа,Выдача до 30 минут,ДР 208 
2026-09-03,Turkish Airlines,Выдача до 30 минут,TK 211 
2026-09-03,Ютэйр,Выдача от 30 до 40 минут,ЮТ 572 
2026-09-03,flydubai,Выдача до 30 минут,FZ 987 
2026-09-03,Turkish Airlines,Выдача до 30 минут,TK 409 
2026-09-03,Россия,Выдача до 30 минут,ФВ 6189 
2026-09-03,SCAT Airlines,Выдача от 30 до 40 минут,DV 813 
2026-09-03,Якутия,Выдача до 30 минут,ЯК 476 
2026-09-03,Pegasus,Некорректно проставлены отметки,PC 1576 
2026-09-03,Turkish Airlines,Выдача до 30 минут,TK 3060 
2026-09-03,Turkish Airlines,Выдача более 40 минут,TK 3036 
2026-09-03,Turkish Airlines,Выдача от 30 до 40 минут,TK 217 
2026-09-03,Turkish Airlines,Выдача до 30 минут,TK 3002 
2026-09-03,Turkish Airlines,Выдача от 30 до 40 минут,TK 3178 
2026-09-03,Turkish Airlines,Выдача от 30 до 40 минут,TK 3084 
2026-09-03,Turkish Airlines,Выдача до 30 минут,TK 3014 
2026-09-03,Turkish Airlines,Выдача от 30 до 40 минут,TK 421 
2026-09-03,AJET,Выдача до 30 минут,VF 275 
2026-09-03,AZAL,Выдача более 40 минут,J2 809 
2026-09-03,Россия,Выдача до 30 минут,ФВ 6003 
2026-09-03,Nesma Airlines,Выдача до 30 минут,NE 644 
2026-09-03,Белавиа,Выдача до 30 минут,В2 981 
2026-09-03,Ютэйр,Выдача до 30 минут,ЮТ 248 
2026-09-03,Россия,Выдача до 30 минут,ФВ 6051 
2026-09-03,Ютэйр,Выдача до 30 минут,ЮТ 454 
2026-09-03,UZBEKISTAN AIRWAYS,Выдача до 30 минут,ХИ 9615 
2026-09-03,Победа,Выдача до 30 минут,ДР 730 
2026-09-03,Сибирь,Выдача более 40 минут,СБИ 2504 
2026-09-03,Сибирь,Выдача от 30 до 40 минут,СБИ 2616 
2026-09-03,Победа,Выдача до 30 минут,ДР 434 
2026-09-03,Победа,Выдача до 30 минут,ДР 436 
2026-09-03,GEORGIAN AIRWAYS,Выдача от 30 до 40 минут,AZO 7008 
2026-09-03,Вологодское АП,Не определено,ВГ 2390 
2026-09-03,Россия,Выдача до 30 минут,ФВ 6019 
2026-09-03,Pegasus,Выдача от 30 до 40 минут,PC 1456 
2026-09-03,Ютэйр,Выдача до 30 минут,ЮТ 786 
2026-09-03,UZBEKISTAN AIRWAYS,Выдача до 30 минут,ХИ 9607 
2026-09-03,SCAT Airlines,Выдача до 30 минут,DV 809 
2026-09-03,Победа,Выдача до 30 минут,ДР 114 
2026-09-03,Pegasus,Выдача до 30 минут,PC 7458 
2026-09-03,Nesma Airlines,Выдача от 30 до 40 минут,NE 490 
2026-09-03,АЗУР эйр,Выдача от 30 до 40 минут,AZV 3010 
2026-09-03,ЮВТ АЭРО,Выдача до 30 минут,ЮВ 301 
2026-09-03,Pegasus,Выдача до 30 минут,PC 7456 
2026-09-03,Nesma Airlines,Выдача до 30 минут,NE 646 
2026-09-03,flydubai,Выдача до 30 минут,FZ 967 
2026-09-03,AJET,Выдача от 30 до 40 минут,VF 587 
2026-09-03,Pegasus,Выдача от 30 до 40 минут,PC 386 
2026-09-03,AJET,Выдача до 30 минут,VF 277 
2026-09-03,GEORGIAN AIRWAYS,Выдача до 30 минут,ЖГ 932 
2026-09-03,Уральские Авиалинии,Выдача более 40 минут,СЖР 388 
2026-09-03,Turkish Airlines,Выдача от 30 до 40 минут,TK 419 
2026-09-03,Pegasus,Выдача до 30 минут,PC 390 
2026-09-03,Pegasus,Выдача до 30 минут,PC 1458 
2026-09-03,Turkish Airlines,Выдача до 30 минут,TK 407 
2026-09-03,Победа,Не определено,ПБД 1002 
2026-09-03,Победа,Выдача до 30 минут,ДР 408 
2026-09-04,Азимут,Выдача до 30 минут,А4 7010 
2026-09-04,Россия,Выдача до 30 минут,ФВ 6037 
2026-09-04,Россия,Выдача до 30 минут,ФВ 6007 
2026-09-04,Победа,Выдача до 30 минут,ДР 466 
2026-09-04,Победа,Выдача от 30 до 40 минут,PBD 980 
2026-09-04,Россия,Выдача до 30 минут,ФВ 6175 
2026-09-04,Ютэйр,Выдача до 30 минут,ЮТ 560 
2026-09-04,Белавиа,Выдача до 30 минут,В2 979 
2026-09-04,Ютэйр,Выдача до 30 минут,ЮТ 596 
2026-09-04,GEORGIAN AIRWAYS,Выдача до 30 минут,AZO 7054 
2026-09-04,Якутия,Выдача до 30 минут,ЯК 480 
2026-09-04,Aero Nomad,Выдача до 30 минут,КГ 555 
2026-09-04,FLYONE Armenia,Выдача до 30 минут,3F 325 
2026-09-04,Ютэйр,Выдача до 30 минут,ЮТ 374 
2026-09-04,АЗУР эйр,Выдача до 30 минут,AZV 3014 
2026-09-04,Победа,Выдача до 30 минут,PBD 840 
2026-09-04,GEORGIAN AIRWAYS,Выдача до 30 минут,ЖГ 926 
2026-09-04,Победа,Выдача до 30 минут,ДР 836 
2026-09-04,Turkish Airlines,Выдача до 30 минут,TK 415 
2026-09-04,Ютэйр,Выдача до 30 минут,ЮТ 456 
2026-09-04,Shirak Avia,Выдача до 30 минут,ЮБГ 509 
2026-09-04,Россия,Выдача до 30 минут,ФВ 6009 
2026-09-04,Северо-Запад,Выдача от 30 до 40 минут,НВЦ 9152 
2026-09-04,Россия,Выдача до 30 минут,ФВ 6031 
2026-09-04,Ютэйр,Выдача до 30 минут,ЮТ 464 
2026-09-04,GEORGIAN AIRWAYS,Выдача до 30 минут,ЖГ 936 
2026-09-04,Победа,Выдача до 30 минут,ДР 714 
2026-09-04,Turkish Airlines,Выдача до 30 минут,TK 3070 
2026-09-04,FLYONE Armenia,Выдача до 30 минут,3F 321 
2026-09-04,Turkish Airlines,Выдача до 30 минут,TK 1231 
2026-09-04,Алроса,Выдача до 30 минут,ЯМ 543 
2026-09-04,Turkish Airlines,Выдача до 30 минут,TK 417 
2026-09-04,Россия,Выдача до 30 минут,ФВ 6025 
2026-09-04,Победа,Выдача до 30 минут,ДР 734 
2026-09-04,Turkish Airlines,Выдача до 30 минут,TK 3164 
2026-09-04,UZBEKISTAN AIRWAYS,Выдача до 30 минут,ХИ 9623 
2026-09-04,Ютэйр,Выдача до 30 минут,ЮТ 334 
2026-09-04,Turkish Airlines,Выдача до 30 минут,TK 3008 
2026-09-04,Россия,Выдача до 30 минут,ФВ 6027 
2026-09-04,flydubai,Выдача до 30 минут,FZ 989 
2026-09-04,Газпром авиа,Выдача до 30 минут,ГЗП 262 
2026-09-04,Ютэйр,Выдача до 30 минут,ЮТ 364 
2026-09-04,Ютэйр,Выдача от 30 до 40 минут,ЮТ 802 
2026-09-04,Turkish Airlines,Выдача до 30 минут,TK 411 
2026-09-04,Победа,Выдача до 30 минут,ДР 964 
2026-09-04,SCAT Airlines,Выдача до 30 минут,DV 815 
2026-09-04,GEORGIAN AIRWAYS,Не определено,ЖГЖ 9571 
2026-09-04,flydubai,Выдача до 30 минут,FZ 951 
2026-09-04,Азимут,Выдача до 30 минут,А4 7036 
2026-09-04,Pegasus,Выдача от 30 до 40 минут,PC 1580 
2026-09-04,AZAL,Выдача до 30 минут,J2 805 
2026-09-04,SCAT Airlines,Выдача до 30 минут,DV 813 
2026-09-04,Россия,Выдача до 30 минут,ФВ 6185 
2026-09-04,Red Sea,Выдача до 30 минут,4S 311 
2026-09-04,Победа,Выдача до 30 минут,ДР 968 
2026-09-04,UZBEKISTAN AIRWAYS,Выдача до 30 минут,ХИ 605 
2026-09-04,Ютэйр,Выдача до 30 минут,ЮТ 784 
2026-09-04,Победа,Выдача до 30 минут,ДР 436 
2026-09-04,Turkish Airlines,Выдача от 30 до 40 минут,TK 409 
2026-09-04,Победа,Выдача до 30 минут,ДР 422 
2026-09-04,flydubai,Выдача до 30 минут,FZ 987 
2026-09-04,Победа,Выдача до 30 минут,ДР 264 
2026-09-04,UZBEKISTAN AIRWAYS,Выдача до 30 минут,ХИ 9625 
2026-09-04,Nesma Airlines,Выдача до 30 минут,NE 602 
2026-09-04,Россия,Выдача до 30 минут,ФВ 6181 
2026-09-04,АЗУР эйр,Выдача от 30 до 40 минут,AZV 3006 
2026-09-04,Победа,Выдача до 30 минут,ДР 190 
2026-09-04,ЮВТ АЭРО,Выдача до 30 минут,ЮВ 204 
2026-09-04,Ютэйр,Выдача до 30 минут,ЮТ 180 
2026-09-04,Россия,Выдача до 30 минут,ФВ 6177 
2026-09-04,Якутия,Выдача до 30 минут,ЯК 688 
2026-09-04,UZBEKISTAN AIRWAYS,Выдача до 30 минут,ХИ 9627 
2026-09-04,FLYONE Armenia,Выдача до 30 минут,УР 514 
2026-09-04,Ютэйр,Выдача до 30 минут,ЮТ 296 
2026-09-04,Вологодское АП,Не определено,ВГ 2392 
2026-09-04,UZBEKISTAN AIRWAYS,Выдача до 30 минут,ХИ 9619 
2026-09-04,Ютэйр,Выдача более 40 минут,ЮТ 576 
2026-09-04,Россия,Выдача до 30 минут,ФВ 6179 
2026-09-04,Победа,Выдача от 30 до 40 минут,ДР 856 
2026-09-04,Победа,Выдача до 30 минут,PBD 860 
2026-09-04,UZBEKISTAN AIRWAYS,Выдача от 30 до 40 минут,ХИ 613 
2026-09-04,Ютэйр,Выдача до 30 минут,ЮТ 250 
2026-09-04,AZAL,Выдача до 30 минут,AHY 5830 
2026-09-04,Nesma Airlines,Выдача от 30 до 40 минут,NE 608 
2026-09-04,Nesma Airlines,Выдача до 30 минут,NE 646 
2026-09-04,GEORGIAN AIRWAYS,Выдача до 30 минут,AZO 7018 
2026-09-04,Россия,Выдача до 30 минут,ФВ 6183 
2026-09-04,Ютэйр,Выдача от 30 до 40 минут,ЮТ 746 
2026-09-04,Ютэйр,Выдача до 30 минут,ЮТ 400 
2026-09-04,Победа,Выдача до 30 минут,ДР 158 
2026-09-04,Pegasus,Выдача до 30 минут,PC 388 
2026-09-04,Победа,Выдача до 30 минут,ДР 994 
2026-09-04,Россия,Выдача до 30 минут,ФВ 6003 
2026-09-04,Победа,Выдача до 30 минут,PBD 840B
2026-09-04,Pegasus,Выдача более 40 минут,PC 1521 
2026-09-04,SCAT Airlines,Выдача от 30 до 40 минут,DV 813 
2026-09-04,Turkish Airlines,Выдача от 30 до 40 минут,TK 3084 
2026-09-04,Победа,Выдача до 30 минут,ДР 486B
2026-09-04,Turkish Airlines,Выдача от 30 до 40 минут,TK 3154 
2026-09-04,Turkish Airlines,Выдача до 30 минут,TK 3036 
2026-09-04,Turkish Airlines,Выдача от 30 до 40 минут,TK 421 
2026-09-04,UZBEKISTAN AIRWAYS,Выдача более 40 минут,ХИ 9621 
2026-09-04,GEORGIAN AIRWAYS,Выдача до 30 минут,ЖГ 932 
2026-09-04,Победа,Выдача от 30 до 40 минут,PBD 860B
2026-09-04,Turkish Airlines,Выдача от 30 до 40 минут,TK 3006 
2026-09-04,Red Sea,Выдача до 30 минут,4S 325 
2026-09-04,Turkish Airlines,Выдача до 30 минут,TK 3172 
2026-09-04,Turkish Airlines,Выдача до 30 минут,TK 3122 
2026-09-04,Азимут,Выдача до 30 минут,А4 7036G
2026-09-04,AJET,Выдача от 30 до 40 минут,VF 587 
2026-09-04,GEORGIAN AIRWAYS,Выдача от 30 до 40 минут,AZO 7008 
2026-09-04,Nesma Airlines,Выдача до 30 минут,NE 604 
2026-09-04,Turkish Airlines,Выдача до 30 минут,TK 409 
2026-09-04,Ютэйр,Не определено,ЮТ 808G
2026-09-04,flydubai,Выдача до 30 минут,FZ 975 
2026-09-04,Turkish Airlines,Выдача до 30 минут,TK 3060 
2026-09-04,Pegasus,Выдача более 40 минут,PC 386 
2026-09-04,Red Sea,Выдача от 30 до 40 минут,4S 341 
2026-09-04,AZAL,Выдача до 30 минут,J2 809 
2026-09-04,Turkish Airlines,Выдача до 30 минут,TK 413 
2026-09-04,Ютэйр,Выдача до 30 минут,ЮТ 358 
2026-09-04,Победа,Выдача от 30 до 40 минут,ДР 836 
2026-09-04,Turkish Airlines,Выдача до 30 минут,TK 211 
2026-09-04,Nesma Airlines,Выдача от 30 до 40 минут,NE 640 
2026-09-04,Россия,Выдача до 30 минут,ФВ 6189 
2026-09-04,Ютэйр,Выдача до 30 минут,ЮТ 810G
2026-09-04,Turkish Airlines,Выдача от 30 до 40 минут,TK 3178 
2026-09-04,Turkish Airlines,Выдача до 30 минут,TK 217 
2026-09-04,AJET,Выдача от 30 до 40 минут,VF 275 
2026-09-04,Победа,Выдача до 30 минут,ДР 964B
2026-09-04,Turkish Airlines,Выдача до 30 минут,TK 3014 
2026-09-04,Turkish Airlines,Выдача до 30 минут,TK 3002 
2026-09-04,flydubai,Выдача до 30 минут,FZ 965 
2026-09-04,Победа,Выдача до 30 минут,PBD 736 
2026-09-04,Pegasus,Выдача от 30 до 40 минут,PC 1576 
2026-09-04,Ютэйр,Выдача до 30 минут,ЮТ 376 
2026-09-04,flydubai,Выдача от 30 до 40 минут,FZ 967 
2026-09-04,Северо-Запад,Выдача до 30 минут,НВЦ 9152B
2026-09-04,Nesma Airlines,Выдача до 30 минут,NE 600 
2026-09-04,Ютэйр,Выдача до 30 минут,ЮТ 454 
2026-09-04,Россия,Выдача до 30 минут,ФВ 6051 
2026-09-04,UZBEKISTAN AIRWAYS,Выдача до 30 минут,ХИ 9615 
2026-09-04,Якутия,Выдача до 30 минут,ЯК 479 
2026-09-04,Ютэйр,Выдача до 30 минут,ЮТ 356 
2026-09-04,Ютэйр,Выдача до 30 минут,ЮТ 352 
2026-09-04,SCAT Airlines,Выдача до 30 минут,DV 809 
2026-09-04,Ютэйр,Выдача до 30 минут,ЮТ 248 
2026-09-04,Победа,Выдача до 30 минут,ДР 742 
2026-09-04,Победа,Выдача до 30 минут,ДР 744 
2026-09-04,Алроса,Выдача от 30 до 40 минут,ЯМ 597 
2026-09-04,Вологодское АП,Не определено,ВГ 2390 
2026-09-04,SCAT Airlines,Выдача до 30 минут,DV 801 
2026-09-04,Россия,Выдача до 30 минут,ФВ 6005 
2026-09-04,AZAL,Выдача до 30 минут,J2 807 
2026-09-04,Shirak Avia,Выдача до 30 минут,ЮБГ 809 
2026-09-04,Pegasus,Выдача от 30 до 40 минут,PC 1456 
2026-09-04,Ютэйр,Выдача от 30 до 40 минут,ЮТ 572 
2026-09-04,Pegasus,Выдача от 30 до 40 минут,PC 1458 
2026-09-04,Победа,Выдача до 30 минут,ДР 414 
2026-09-04,Ютэйр,Выдача до 30 минут,ЮТ 446 
2026-09-04,Aero Nomad,Выдача до 30 минут,КГ 503 
2026-09-04,Белавиа,Выдача до 30 минут,В2 981 
2026-09-04,Nesma Airlines,Выдача до 30 минут,NE 618 
2026-09-04,Turkish Airlines,Выдача до 30 минут,TK 419 
2026-09-04,Red Sea,Выдача до 30 минут,4S 315 
2026-09-04,Nesma Airlines,Выдача от 30 до 40 минут,NE 642 
2026-09-04,Победа,Выдача от 30 до 40 минут,ДР 730 
2026-09-04,GEORGIAN AIRWAYS,Некорректно проставлены отметки,AZO 7156 
2026-09-04,Turkish Airlines,Выдача от 30 до 40 минут,TK 407 
2026-09-04,Ютэйр,Выдача от 30 до 40 минут,ЮТ 784G
2026-09-04,Asia Union Airlines,Выдача до 30 минут,7Q 1777 
2026-09-04,ЮВТ АЭРО,Выдача до 30 минут,ЮВ 303 
2026-09-04,Победа,Выдача до 30 минут,ДР 998 
2026-09-04,Ютэйр,Выдача более 40 минут,ЮТ 790 
2026-09-04,Nesma Airlines,Выдача от 30 до 40 минут,NE 620 
2026-09-04,Ютэйр,Выдача до 30 минут,ЮТ 786 
2026-09-04,Победа,Выдача до 30 минут,ДР 434 
2026-09-04,Pegasus,Выдача от 30 до 40 минут,PC 390 
2026-09-04,FLYONE Armenia,Выдача до 30 минут,3F 323 
2026-09-04,AJET,Выдача до 30 минут,VF 277 
2026-09-04,Россия,Выдача более 40 минут,ФВ 6019 
2026-09-04,UZBEKISTAN AIRWAYS,Выдача до 30 минут,ХИ 9607 
2026-09-05,FLYONE Armenia,Выдача до 30 минут,3F 809 
2026-09-05,Газпром авиа,Выдача до 30 минут,ГЗП 706 
2026-09-05,Ютэйр,Выдача до 30 минут,ЮТ 746 
2026-09-05,Россия,Выдача до 30 минут,ФВ 6175 
2026-09-05,FLYONE Armenia,Выдача до 30 минут,3F 325 
2026-09-05,Победа,Выдача до 30 минут,ДР 836 
2026-09-05,Победа,Выдача до 30 минут,ДР 160 
2026-09-05,Якутия,Выдача до 30 минут,ЯК 474 
2026-09-05,Алроса,Выдача до 30 минут,ЯМ 597 
2026-09-05,Ютэйр,Выдача до 30 минут,ЮТ 398 
2026-09-05,Turkish Airlines,Выдача до 30 минут,TK 415 
2026-09-05,FLYONE Armenia,Выдача до 30 минут,УР 512 
2026-09-05,Ютэйр,Выдача до 30 минут,ЮТ 576 
2026-09-05,Победа,Выдача до 30 минут,PBD 840 
2026-09-05,Ютэйр,Выдача до 30 минут,ЮТ 374 
2026-09-05,Ютэйр,Выдача до 30 минут,ЮТ 250 
2026-09-05,GEORGIAN AIRWAYS,Выдача до 30 минут,AZO 7054 
2026-09-05,Победа,Выдача до 30 минут,ДР 116 
2026-09-05,flydubai,Выдача более 40 минут,FZ 989 
2026-09-05,Red Sea,Выдача до 30 минут,4S 333 
2026-09-05,GEORGIAN AIRWAYS,Выдача до 30 минут,ЖГ 937 
2026-09-05,Turkish Airlines,Выдача до 30 минут,TK 3024 
2026-09-05,Северо-Запад,Выдача до 30 минут,НВЦ 9152 
2026-09-05,Россия,Выдача до 30 минут,ФВ 6025 
2026-09-05,Pegasus,Выдача до 30 минут,PC 388 
2026-09-05,Nesma Airlines,Выдача до 30 минут,NE 608 
2026-09-05,Turkish Airlines,Выдача до 30 минут,TK 3192 
2026-09-05,Ютэйр,Выдача до 30 минут,ЮТ 744 
2026-09-05,Turkish Airlines,Выдача до 30 минут,TK 417 
2026-09-05,Россия,Выдача до 30 минут,ФВ 6027 
2026-09-05,Газпром авиа,Выдача до 30 минут,ГЗП 252 
2026-09-05,Turkish Airlines,Выдача до 30 минут,TK 3046 
2026-09-05,Nesma Airlines,Выдача до 30 минут,NE 644 
2026-09-05,GEORGIAN AIRWAYS,Выдача до 30 минут,ЖГ 926 
2026-09-05,Азимут,Выдача до 30 минут,А4 7010 
2026-09-05,Россия,Выдача до 30 минут,ФВ 6037 
2026-09-05,Победа,Выдача до 30 минут,ДР 992 
2026-09-05,Ютэйр,Выдача до 30 минут,ЮТ 456 
2026-09-05,Ютэйр,Выдача до 30 минут,ЮТ 464 
2026-09-05,Nesma Airlines,Выдача до 30 минут,NE 640 
2026-09-05,Россия,Выдача до 30 минут,ФВ 6179 
2026-09-05,Победа,Выдача от 30 до 40 минут,ДР 856 
2026-09-05,flydubai,Выдача до 30 минут,FZ 951 
2026-09-05,SCAT Airlines,Выдача до 30 минут,DV 813 
2026-09-05,Turkish Airlines,Выдача до 30 минут,TK 411 
2026-09-05,Азимут,Выдача до 30 минут,А4 7036 
2026-09-05,Pegasus,Выдача до 30 минут,PC 1580 
2026-09-05,Nesma Airlines,Выдача до 30 минут,NE 616 
2026-09-05,Ютэйр,Выдача до 30 минут,ЮТ 376 
2026-09-05,Победа,Выдача до 30 минут,ДР 422 
2026-09-05,flydubai,Выдача до 30 минут,FZ 987 
2026-09-05,Turkish Airlines,Выдача от 30 до 40 минут,TK 211 
2026-09-05,Turkish Airlines,Выдача от 30 до 40 минут,TK 3060 
2026-09-05,AZAL,Выдача от 30 до 40 минут,J2 809 
2026-09-05,Turkish Airlines,Выдача до 30 минут,TK 3012 
2026-09-05,Победа,Выдача до 30 минут,ДР 964 
2026-09-05,Ютэйр,Выдача до 30 минут,ЮТ 784 
2026-09-05,Победа,Выдача до 30 минут,ДР 486 
2026-09-05,Россия,Выдача до 30 минут,ФВ 6185 
2026-09-05,Белавиа,Выдача до 30 минут,В2 979 
2026-09-05,UZBEKISTAN AIRWAYS,Выдача до 30 минут,ХИ 9609 
2026-09-05,Победа,Выдача до 30 минут,ДР 994 
2026-09-05,Ютэйр,Выдача до 30 минут,ЮТ 296 
2026-09-05,UZBEKISTAN AIRWAYS,Выдача до 30 минут,ХИ 9627 
2026-09-05,Ютэйр,Выдача до 30 минут,ЮТ 802 
2026-09-05,Победа,Выдача до 30 минут,PBD 860 
2026-09-05,Победа,Выдача до 30 минут,ДР 114 
2026-09-05,UZBEKISTAN AIRWAYS,Выдача от 30 до 40 минут,ХИ 613 
2026-09-05,UZBEKISTAN AIRWAYS,Выдача до 30 минут,ХИ 9619 
2026-09-05,Россия,Выдача до 30 минут,ФВ 6181 
2026-09-05,Победа,Выдача более 40 минут,ДР 404 
2026-09-05,Победа,Выдача до 30 минут,ДР 158 
2026-09-05,Ютэйр,Выдача до 30 минут,ЮТ 808 
2026-09-05,Ютэйр,Выдача до 30 минут,ЮТ 400 
2026-09-05,Nesma Airlines,Выдача до 30 минут,NE 648 
2026-09-05,SCAT Airlines,Выдача до 30 минут,DV 815 
2026-09-05,Победа,Выдача до 30 минут,ДР 206 
2026-09-05,Победа,Выдача до 30 минут,ДР 466 
2026-09-05,ЮВТ АЭРО,Выдача до 30 минут,ЮВ 301 
2026-09-05,AZAL,Выдача до 30 минут,J2 803 
2026-09-05,Red Sea,Выдача до 30 минут,4S 317 
2026-09-05,Азимут,Выдача до 30 минут,А4 7030 
2026-09-05,Победа,Выдача до 30 минут,ДР 998 
2026-09-05,Turkish Airlines,Выдача до 30 минут,TK 3028 
2026-09-05,Turkish Airlines,Выдача до 30 минут,TK 3120 
2026-09-05,Pegasus,Выдача до 30 минут,PC 386 
2026-09-05,Победа,Выдача до 30 минут,ДР 206B
2026-09-05,Nesma Airlines,Выдача до 30 минут,NE 492 
2026-09-05,GEORGIAN AIRWAYS,Выдача до 30 минут,ЖГ 932 
2026-09-05,Turkish Airlines,Выдача до 30 минут,TK 3172 
2026-09-05,Ютэйр,Выдача до 30 минут,ЮТ 398B
2026-09-05,flydubai,Выдача до 30 минут,FZ 967 
2026-09-05,AJET,Выдача до 30 минут,VF 277 
2026-09-05,Pegasus,Выдача до 30 минут,PC 390 
2026-09-05,Turkish Airlines,Выдача до 30 минут,TK 419 
2026-09-05,Nesma Airlines,Выдача до 30 минут,NE 614 
2026-09-05,Победа,Выдача до 30 минут,ДР 730 
2026-09-05,FLYONE Armenia,Выдача до 30 минут,3F 1323 
2026-09-05,Turkish Airlines,Выдача до 30 минут,TK 3014 
2026-09-05,AJET,Выдача до 30 минут,VF 587 
2026-09-05,Ютэйр,Выдача до 30 минут,ЮТ 810 
2026-09-05,Pegasus,Выдача до 30 минут,PC 1456 
2026-09-05,Turkish Airlines,Выдача от 30 до 40 минут,TK 3084 
2026-09-05,AZAL,Выдача до 30 минут,J2 809 
2026-09-05,Ютэйр,Выдача до 30 минут,ЮТ 358 
2026-09-05,AJET,Выдача от 30 до 40 минут,VF 275 
2026-09-05,Turkish Airlines,Выдача до 30 минут,TK 3002 
2026-09-05,Победа,Выдача до 30 минут,ДР 168 
2026-09-05,flydubai,Выдача от 30 до 40 минут,FZ 965 
2026-09-05,Ютэйр,Выдача до 30 минут,ЮТ 1376 
2026-09-05,Turkish Airlines,Выдача от 30 до 40 минут,TK 421 
2026-09-05,Ютэйр,Выдача до 30 минут,ЮТ 786 
2026-09-05,Turkish Airlines,Выдача от 30 до 40 минут,TK 217 
2026-09-05,Turkish Airlines,Выдача до 30 минут,TK 3060 
2026-09-05,Turkish Airlines,Выдача до 30 минут,TK 3036 
2026-09-05,Победа,Выдача до 30 минут,ДР 486B
2026-09-05,Pegasus,Выдача более 40 минут,PC 1521 
2026-09-05,Россия,Выдача до 30 минут,ФВ 6009 
2026-09-05,Turkish Airlines,Выдача до 30 минут,TK 3154 
2026-09-05,Turkish Airlines,Выдача до 30 минут,TK 3178 
2026-09-05,flydubai,Выдача до 30 минут,FZ 975 
2026-09-05,Turkish Airlines,Выдача до 30 минут,TK 3006 
2026-09-05,Победа,Выдача до 30 минут,PBD 736 
2026-09-05,Азимут,Выдача до 30 минут,А4 7020 
2026-09-05,SCAT Airlines,Выдача до 30 минут,DV 809 
2026-09-05,AZAL,Выдача до 30 минут,J2 807 
2026-09-05,Россия,Выдача до 30 минут,ФВ 6003 
2026-09-05,Победа,Выдача до 30 минут,ДР 712 
2026-09-05,Россия,Выдача до 30 минут,ФВ 6005 
2026-09-05,UZBEKISTAN AIRWAYS,Выдача до 30 минут,ХИ 9621 
2026-09-05,Turkish Airlines,Выдача до 30 минут,TK 413 
2026-09-05,Nesma Airlines,Выдача до 30 минут,NE 606 
2026-09-05,Россия,Выдача до 30 минут,ФВ 6007 
2026-09-05,FLYONE Armenia,Выдача до 30 минут,УР 412 
2026-09-05,Turkish Airlines,Выдача до 30 минут,TK 3076 
2026-09-05,Turkish Airlines,Выдача до 30 минут,TK 3070 
2026-09-05,GEORGIAN AIRWAYS,Выдача до 30 минут,ЖГ 936 
2026-09-05,GEORGIAN AIRWAYS,Выдача до 30 минут,AZO 7072 
2026-09-05,Iraqi Airways,Выдача до 30 минут,IA 241 
2026-09-05,Якутия,Выдача до 30 минут,ЯК 473 
2026-09-05,Вологодское АП,Не определено,ВГ 2390 
2026-09-05,Ютэйр,Выдача до 30 минут,ЮТ 560 
2026-09-05,Pegasus,Выдача до 30 минут,PC 1458 
2026-09-05,Победа,Выдача до 30 минут,ДР 732 
2026-09-05,Победа,Выдача до 30 минут,ДР 714 
2026-09-05,UZBEKISTAN AIRWAYS,Выдача до 30 минут,ХИ 9607 
2026-09-05,Turkish Airlines,Выдача до 30 минут,TK 407 
2026-09-05,Победа,Выдача до 30 минут,ДР 742 
2026-09-05,UZBEKISTAN AIRWAYS,Выдача до 30 минут,ХИ 9615 
2026-09-05,Победа,Выдача до 30 минут,ДР 744 
2026-09-05,GEORGIAN AIRWAYS,Выдача до 30 минут,AZO 7208 
2026-09-05,Ютэйр,Выдача до 30 минут,ЮТ 454 
2026-09-05,Белавиа,Выдача до 30 минут,В2 981 
2026-09-05,Ютэйр,Выдача до 30 минут,ЮТ 248 
2026-09-05,Ютэйр,Выдача от 30 до 40 минут,ЮТ 276B
2026-09-05,Ютэйр,Выдача более 40 минут,ЮТ 572 
2026-09-05,Россия,Выдача до 30 минут,ФВ 6051 
2026-09-05,Ютэйр,Выдача до 30 минут,ЮТ 356 
2026-09-05,Победа,Выдача до 30 минут,ДР 208 
2026-09-05,Ютэйр,Выдача до 30 минут,ЮТ 352 
2026-09-05,Turkish Airlines,Выдача до 30 минут,TK 1231 
2026-09-05,Ютэйр,Выдача до 30 минут,ЮТ 364 
2026-09-05,FLYONE Armenia,Выдача до 30 минут,3F 321 
2026-09-06,Ютэйр,Выдача до 30 минут,ЮТ 746 
2026-09-06,Pegasus,Выдача до 30 минут,PC 388 
2026-09-06,Алроса,Выдача до 30 минут,ЯМ 624 
2026-09-06,Ютэйр,Выдача до 30 минут,ЮТ 596 
2026-09-06,FLYONE Armenia,Выдача до 30 минут,3F 325 
2026-09-06,GEORGIAN AIRWAYS,Выдача до 30 минут,AZO 7054 
2026-09-06,Ютэйр,Выдача до 30 минут,ЮТ 276 
2026-09-06,Белавиа,Выдача до 30 минут,В2 985 
2026-09-06,Газпром авиа,Выдача до 30 минут,ГЗП 204 
2026-09-06,Победа,Выдача до 30 минут,PBD 840 
2026-09-06,Победа,Выдача до 30 минут,ДР 190 
2026-09-06,Ютэйр,Выдача до 30 минут,ЮТ 802 
2026-09-06,Ютэйр,Выдача до 30 минут,ЮТ 576 
2026-09-06,Ютэйр,Выдача до 30 минут,ЮТ 464 
2026-09-06,Победа,Выдача до 30 минут,ДР 836 
2026-09-06,Россия,Выдача до 30 минут,ФВ 6177 
2026-09-06,Ютэйр,Выдача до 30 минут,ЮТ 374 
2026-09-06,Ютэйр,Выдача до 30 минут,ЮТ 250 
2026-09-06,Белавиа,Выдача до 30 минут,В2 981 
2026-09-06,Nesma Airlines,Выдача до 30 минут,NE 620 
2026-09-06,Победа,Выдача до 30 минут,ДР 160 
2026-09-06,Turkish Airlines,Выдача до 30 минут,TK 3066 
2026-09-06,Победа,Выдача до 30 минут,ДР 116 
2026-09-06,Turkish Airlines,Выдача до 30 минут,TK 417 
2026-09-06,Ютэйр,Выдача до 30 минут,ЮТ 744 
2026-09-06,Белавиа,Выдача до 30 минут,В2 983 
2026-09-06,Ютэйр,Выдача до 30 минут,ЮТ 334 
2026-09-06,Победа,Выдача до 30 минут,PBD 980 
2026-09-06,Россия,Выдача до 30 минут,ФВ 6027 
2026-09-06,Россия,Выдача до 30 минут,ФВ 6175 
2026-09-06,flydubai,Выдача до 30 минут,FZ 989 
2026-09-06,Россия,Выдача до 30 минут,ФВ 6031 
2026-09-06,GEORGIAN AIRWAYS,Выдача до 30 минут,ЖГ 926 
2026-09-06,Азимут,Выдача до 30 минут,А4 7012 
2026-09-06,Азимут,Выдача до 30 минут,А4 7010 
2026-09-06,Победа,Выдача до 30 минут,ДР 856 
2026-09-06,Nesma Airlines,Выдача до 30 минут,NE 608 
2026-09-06,Turkish Airlines,Выдача до 30 минут,TK 415 
2026-09-06,Россия,Выдача до 30 минут,ФВ 6037 
2026-09-06,Северо-Запад,Выдача до 30 минут,НВЦ 9152 
2026-09-06,Победа,Выдача до 30 минут,ДР 486 
2026-09-06,UZBEKISTAN AIRWAYS,Выдача до 30 минут,ХИ 613 
2026-09-06,Россия,Выдача от 30 до 40 минут,ФВ 6179 
2026-09-06,Россия,Выдача до 30 минут,ФВ 6185 
2026-09-06,Азимут,Выдача до 30 минут,А4 7036 
2026-09-06,Nouvelair Tunisie,Выдача до 30 минут,BJ 814 
2026-09-06,flydubai,Выдача до 30 минут,FZ 951 
2026-09-06,Победа,Выдача до 30 минут,ДР 968 
2026-09-06,Победа,Выдача до 30 минут,ДР 422 
2026-09-06,ЮВТ АЭРО,Выдача до 30 минут,ЮВ 301 
2026-09-06,SCAT Airlines,Выдача до 30 минут,DV 813 
2026-09-06,AZAL,Выдача до 30 минут,J2 803 
2026-09-06,UZBEKISTAN AIRWAYS,Выдача до 30 минут,ХИ 605 
2026-09-06,flydubai,Выдача до 30 минут,FZ 987 
2026-09-06,Ютэйр,Выдача до 30 минут,ЮТ 376 
2026-09-06,Газпром авиа,Выдача до 30 минут,ГЗП 292 
2026-09-06,AZAL,Выдача от 30 до 40 минут,J2 809 
2026-09-06,Победа,Выдача до 30 минут,ДР 264 
2026-09-06,Россия,Выдача до 30 минут,ФВ 6025 
2026-09-06,Turkish Airlines,Выдача до 30 минут,TK 411 
2026-09-06,Россия,Выдача до 30 минут,ФВ 6189 
2026-09-06,Победа,Выдача до 30 минут,ДР 168 
2026-09-06,Якутия,Выдача до 30 минут,ОП 914 
2026-09-06,Победа,Выдача до 30 минут,ДР 994 
2026-09-06,Ютэйр,Выдача до 30 минут,ЮТ 180 
2026-09-06,Ютэйр,Выдача до 30 минут,ЮТ 296 
2026-09-06,Победа,Выдача до 30 минут,PBD 860 
2026-09-06,UZBEKISTAN AIRWAYS,Выдача до 30 минут,ХИ 9609 
2026-09-06,Победа,Выдача до 30 минут,ДР 206 
2026-09-06,Якутия,Выдача до 30 минут,ЯК 688 
2026-09-06,Ютэйр,Выдача от 30 до 40 минут,ЮТ 398 
2026-09-06,Ютэйр,Выдача до 30 минут,ЮТ 784 
2026-09-06,UZBEKISTAN AIRWAYS,Выдача до 30 минут,ХИ 9627 
2026-09-06,FLYONE Armenia,Выдача до 30 минут,УР 512 
2026-09-06,Ютэйр,Выдача до 30 минут,ЮТ 810 
2026-09-06,Победа,Выдача до 30 минут,ДР 964 
2026-09-06,Россия,Выдача до 30 минут,ФВ 6181 
2026-09-06,Ютэйр,Выдача до 30 минут,ЮТ 400 
2026-09-06,Победа,Выдача до 30 минут,ДР 158 
2026-09-06,SCAT Airlines,Выдача до 30 минут,DV 815 
2026-09-06,Россия,Выдача до 30 минут,ФВ 6183 
2026-09-06,Вологодское АП,Не определено,ВГ 2390 
2026-09-06,UZBEKISTAN AIRWAYS,Выдача до 30 минут,ХИ 9607 
2026-09-06,UZBEKISTAN AIRWAYS,Выдача до 30 минут,ХИ 9619 
2026-09-06,Pegasus,Выдача до 30 минут,PC 1580 
2026-09-06,Nesma Airlines,Выдача до 30 минут,NE 646 
2026-09-06,Turkish Airlines,Выдача до 30 минут,TK 3164 
2026-09-06,GEORGIAN AIRWAYS,Выдача до 30 минут,ЖГ 932 
2026-09-06,Red Sea,Выдача от 30 до 40 минут,4S 325 
2026-09-06,flydubai,Выдача до 30 минут,FZ 967 
2026-09-06,AJET,Выдача до 30 минут,VF 587 
2026-09-06,Pegasus,Выдача до 30 минут,PC 1456 
2026-09-06,Ютэйр,Выдача более 40 минут,ЮТ 764 
2026-09-06,Победа,Выдача до 30 минут,ДР 264B
2026-09-06,AJET,Выдача до 30 минут,VF 277 
2026-09-06,Pegasus,Выдача до 30 минут,PC 390 
2026-09-06,Nesma Airlines,Выдача до 30 минут,NE 604 
2026-09-06,AZAL,Выдача до 30 минут,AHY 5830 
2026-09-06,Ютэйр,Выдача более 40 минут,ЮТ 786 
2026-09-06,Победа,Выдача до 30 минут,ДР 998 
2026-09-06,Победа,Выдача до 30 минут,ДР 408 
2026-09-06,Turkish Airlines,Выдача до 30 минут,TK 3122 
2026-09-06,flydubai,Выдача до 30 минут,FZ 975 
2026-09-06,Turkish Airlines,Выдача до 30 минут,TK 419 
2026-09-06,Nesma Airlines,Выдача до 30 минут,NE 490 
2026-09-06,Turkish Airlines,Выдача до 30 минут,TK 3084 
2026-09-06,Turkish Airlines,Выдача до 30 минут,TK 3154 
2026-09-06,Pegasus,Выдача до 30 минут,PC 386 
2026-09-06,Ютэйр,Выдача до 30 минут,ЮТ 358 
2026-09-06,Red Sea,Выдача до 30 минут,4S 313 
2026-09-06,Turkish Airlines,Выдача до 30 минут,TK 3046 
2026-09-06,Pegasus,Выдача от 30 до 40 минут,PC 1576 
2026-09-06,Turkish Airlines,Выдача до 30 минут,TK 409 
2026-09-06,Turkish Airlines,Выдача до 30 минут,TK 3178 
2026-09-06,Turkish Airlines,Выдача от 30 до 40 минут,TK 217 
2026-09-06,AJET,Выдача от 30 до 40 минут,VF 275 
2026-09-06,Pegasus,Выдача до 30 минут,PC 1458 
2026-09-06,Turkish Airlines,Выдача до 30 минут,TK 421 
2026-09-06,Turkish Airlines,Выдача до 30 минут,TK 3014 
2026-09-06,АЗУР эйр,Выдача от 30 до 40 минут,AZV 3008 
2026-09-06,Nesma Airlines,Выдача от 30 до 40 минут,NE 638 
2026-09-06,flydubai,Выдача до 30 минут,FZ 965 
2026-09-06,Turkish Airlines,Выдача от 30 до 40 минут,TK 3036 
2026-09-06,Nesma Airlines,Выдача до 30 минут,NE 600 
2026-09-06,Pegasus,Выдача от 30 до 40 минут,PC 1521 
2026-09-06,Turkish Airlines,Выдача до 30 минут,TK 211 
2026-09-06,GEORGIAN AIRWAYS,Выдача до 30 минут,AZO 7008 
2026-09-06,Ютэйр,Выдача до 30 минут,ЮТ 248 
2026-09-06,Turkish Airlines,Выдача от 30 до 40 минут,TK 3002 
2026-09-06,Победа,Выдача до 30 минут,ДР 404 
2026-09-06,SCAT Airlines,Выдача до 30 минут,DV 801 
2026-09-06,Россия,Выдача до 30 минут,ФВ 6005 
2026-09-06,Ютэйр,Выдача до 30 минут,ЮТ 446 
2026-09-06,Победа,Выдача до 30 минут,ДР 734 
2026-09-06,Turkish Airlines,Выдача более 40 минут,TK 413 
2026-09-06,AZAL,Выдача до 30 минут,J2 807 
2026-09-06,Победа,Выдача до 30 минут,ДР 466 
2026-09-06,Turkish Airlines,Выдача до 30 минут,TK 3024 
2026-09-06,Ютэйр,Выдача до 30 минут,ЮТ 356 
2026-09-06,FLYONE Armenia,Выдача до 30 минут,3F 321 
2026-09-06,Россия,Выдача до 30 минут,ФВ 6009 
2026-09-06,Turkish Airlines,Выдача до 30 минут,TK 3070 
2026-09-06,Turkish Airlines,Выдача до 30 минут,TK 3076 
2026-09-06,Nesma Airlines,Выдача до 30 минут,NE 642 
2026-09-06,Turkish Airlines,Выдача до 30 минут,TK 1231 
2026-09-06,Turkish Airlines,Выдача от 30 до 40 минут,TK 3012 
2026-09-06,Россия,Выдача до 30 минут,ФВ 6007 
2026-09-06,Nesma Airlines,Выдача до 30 минут,NE 618 
2026-09-06,Shirak Avia,Выдача до 30 минут,ЮБГ 509 
2026-09-06,GEORGIAN AIRWAYS,Выдача до 30 минут,ЖГ 936 
2026-09-06,GEORGIAN AIRWAYS,Выдача до 30 минут,ЖГ 937 
2026-09-06,Turkish Airlines,Выдача до 30 минут,TK 407 
2026-09-06,Россия,Выдача до 30 минут,ФВ 6003 
2026-09-06,Победа,Выдача до 30 минут,ДР 744 
2026-09-06,Победа,Выдача до 30 минут,ДР 414 
2026-09-06,FLYONE Armenia,Выдача до 30 минут,3F 323 
2026-09-06,Ютэйр,Выдача до 30 минут,ЮТ 808 
2026-09-06,UZBEKISTAN AIRWAYS,Выдача до 30 минут,ХИ 9615 
2026-09-06,Ютэйр,Выдача до 30 минут,ЮТ 276B
2026-09-06,Aero Nomad,Выдача от 30 до 40 минут,КГ 555 
2026-09-06,Россия,Выдача до 30 минут,ФВ 6019 
2026-09-06,Ютэйр,Выдача до 30 минут,ЮТ 364 
2026-09-06,Победа,Выдача до 30 минут,ДР 714 
2026-09-06,Ютэйр,Выдача до 30 минут,ЮТ 454 
2026-09-06,Ютэйр,Выдача до 30 минут,ЮТ 560 
2026-09-06,Якутия,Выдача до 30 минут,ЯК 475 
2026-09-06,Победа,Выдача до 30 минут,ДР 742 
2026-09-06,Ютэйр,Выдача более 40 минут,ЮТ 572 
2026-09-06,GEORGIAN AIRWAYS,Выдача до 30 минут,AZO 7154 
2026-09-06,UZBEKISTAN AIRWAYS,Выдача до 30 минут,ХИ 9613 
2026-09-06,Turkish Airlines,Выдача до 30 минут,TK 3006 
2026-09-07,Ютэйр,Выдача до 30 минут,ЮТ 374 
2026-09-07,Ютэйр,Выдача до 30 минут,ЮТ 400 
2026-09-07,Meraj Air,Выдача более 40 минут,MRJ 4879 
2026-09-07,GEORGIAN AIRWAYS,Выдача до 30 минут,AZO 9006 
2026-09-07,Ютэйр,Выдача до 30 минут,ЮТ 456 
2026-09-07,Победа,Выдача до 30 минут,PBD 840 
2026-09-07,GEORGIAN AIRWAYS,Выдача до 30 минут,AZO 7054 
2026-09-07,Алроса,Выдача до 30 минут,DRU 9942 
2026-09-07,Ютэйр,Выдача до 30 минут,ЮТ 576 
2026-09-07,Победа,Выдача до 30 минут,PBD 736 
2026-09-07,UZBEKISTAN AIRWAYS,Выдача до 30 минут,ХИ 9625 
2026-09-07,Turkish Airlines,Выдача от 30 до 40 минут,TK 415 
2026-09-07,Ютэйр,Выдача до 30 минут,ЮТ 464 
2026-09-07,Ютэйр,Выдача до 30 минут,ЮТ 746 
2026-09-07,FLYONE Armenia,Выдача до 30 минут,УР 514 
2026-09-07,Россия,Выдача до 30 минут,ФВ 6177 
2026-09-07,Ютэйр,Выдача до 30 минут,ЮТ 802 
2026-09-07,Белавиа,Выдача до 30 минут,В2 979 
2026-09-07,Россия,Выдача до 30 минут,ФВ 6175 
2026-09-07,Nesma Airlines,Выдача от 30 до 40 минут,NE 620 
2026-09-07,Turkish Airlines,Выдача до 30 минут,TK 417 
2026-09-07,Победа,Некорректно проставлены отметки,ДР 114 
2026-09-07,Алроса,Выдача до 30 минут,ЯМ 543 
2026-09-07,Pegasus,Выдача до 30 минут,PC 388 
2026-09-07,Победа,Выдача до 30 минут,ДР 466 
2026-09-07,Победа,Выдача более 40 минут,ДР 992 
2026-09-07,Ютэйр,Выдача до 30 минут,ЮТ 334 
2026-09-07,Россия,Выдача до 30 минут,ФВ 6031 
2026-09-07,GEORGIAN AIRWAYS,Выдача от 30 до 40 минут,ЖГ 926 
2026-09-07,Победа,Выдача до 30 минут,ДР 856 
2026-09-07,flydubai,Выдача до 30 минут,FZ 989 
2026-09-07,Россия,Выдача до 30 минут,ФВ 6037 
2026-09-07,Руслайн,Выдача до 30 минут,РГ 194 
2026-09-07,Северо-Запад,Выдача от 30 до 40 минут,НВЦ 9152 
2026-09-07,FLYONE Armenia,Выдача до 30 минут,3F 325 
2026-09-07,Победа,Выдача до 30 минут,ДР 836 
2026-09-07,Red Sea,Выдача до 30 минут,4S 341 
2026-09-07,Россия,Выдача до 30 минут,ФВ 6179 
2026-09-07,Победа,Выдача до 30 минут,ДР 994 
2026-09-07,UZBEKISTAN AIRWAYS,Выдача до 30 минут,ХИ 9627 
2026-09-07,АЗУР эйр,Выдача от 30 до 40 минут,AZV 3008 
2026-09-07,flydubai,Выдача до 30 минут,FZ 951 
2026-09-07,SCAT Airlines,Выдача до 30 минут,DV 813 
2026-09-07,Red Sea,Выдача до 30 минут,4S 311 
2026-09-07,Pegasus,Выдача до 30 минут,PC 1580 
2026-09-07,UZBEKISTAN AIRWAYS,Выдача до 30 минут,ХИ 605 
2026-09-07,Победа,Выдача до 30 минут,ДР 486 
2026-09-07,Победа,Выдача до 30 минут,ДР 968 
2026-09-07,Turkish Airlines,Выдача до 30 минут,TK 411 
2026-09-07,АЗУР эйр,Выдача более 40 минут,AZV 3014 
2026-09-07,Победа,Выдача до 30 минут,ДР 264 
2026-09-07,Победа,Выдача до 30 минут,ДР 168 
2026-09-07,Turkish Airlines,Выдача до 30 минут,TK 211 
2026-09-07,Ютэйр,Выдача до 30 минут,ЮТ 358 
2026-09-07,Россия,Выдача до 30 минут,ФВ 6189 
2026-09-07,Россия,Выдача до 30 минут,ФВ 6025 
2026-09-07,flydubai,Выдача до 30 минут,FZ 987 
2026-09-07,Ютэйр,Выдача до 30 минут,ЮТ 276 
2026-09-07,Россия,Выдача до 30 минут,ФВ 6185 
2026-09-07,Ютэйр,Выдача до 30 минут,ЮТ 784 
2026-09-07,UZBEKISTAN AIRWAYS,Выдача до 30 минут,ХИ 613 
2026-09-07,Ютэйр,Выдача до 30 минут,ЮТ 296 
2026-09-07,Ютэйр,Выдача до 30 минут,ЮТ 810 
2026-09-07,Победа,Выдача до 30 минут,PBD 860 
2026-09-07,UZBEKISTAN AIRWAYS,Выдача до 30 минут,ХИ 9619 
2026-09-07,AZAL,Выдача от 30 до 40 минут,AHY 5830 
2026-09-07,Россия,Выдача до 30 минут,ФВ 6181 
2026-09-07,Якутия,Выдача до 30 минут,ЯК 474 
2026-09-07,Победа,Выдача до 30 минут,ДР 158 
2026-09-07,Азимут,Выдача до 30 минут,А4 7030 
2026-09-07,Победа,Выдача до 30 минут,ДР 116 
2026-09-07,Победа,Выдача до 30 минут,ДР 964 
2026-09-07,SCAT Airlines,Выдача до 30 минут,DV 815 
2026-09-07,Ютэйр,Выдача до 30 минут,ЮТ 250 
2026-09-07,Ютэйр,Выдача до 30 минут,ЮТ 180 
2026-09-07,Газпром авиа,Выдача до 30 минут,ГЗП 496 
2026-09-07,AZAL,Выдача до 30 минут,J2 803 
2026-09-07,Победа,Выдача до 30 минут,ДР 258 
2026-09-07,Победа,Выдача до 30 минут,ДР 160 
2026-09-07,Turkish Airlines,Выдача до 30 минут,TK 3160 
2026-09-07,ЮВТ АЭРО,Выдача до 30 минут,ЮВ 301 
2026-09-07,FLYONE Armenia,Выдача до 30 минут,3F 323 
2026-09-07,Turkish Airlines,Выдача до 30 минут,TK 3172 
2026-09-07,flydubai,Выдача до 30 минут,FZ 967 
2026-09-07,AJET,Выдача до 30 минут,VF 587 
2026-09-07,Nesma Airlines,Выдача до 30 минут,NE 644 
2026-09-07,Red Sea,Выдача до 30 минут,4S 317 
2026-09-07,Pegasus,Выдача до 30 минут,PC 1456 
2026-09-07,Pegasus,Выдача до 30 минут,PC 386 
2026-09-07,AJET,Выдача от 30 до 40 минут,VF 277 
2026-09-07,Pegasus,Выдача до 30 минут,PC 390 
2026-09-07,Ютэйр,Выдача до 30 минут,ЮТ 786 
2026-09-07,Победа,Выдача до 30 минут,ДР 408 
2026-09-07,Turkish Airlines,Выдача до 30 минут,TK 407 
2026-09-07,Победа,Выдача до 30 минут,ДР 730 
2026-09-07,Pegasus,Выдача до 30 минут,PC 1458 
2026-09-07,Nesma Airlines,Выдача до 30 минут,NE 600 
2026-09-07,Turkish Airlines,Выдача до 30 минут,TK 419 
2026-09-07,Turkish Airlines,Выдача до 30 минут,TK 3122 
2026-09-07,Nesma Airlines,Выдача до 30 минут,NE 610 
2026-09-07,Россия,Выдача до 30 минут,ФВ 6161 
2026-09-07,Turkish Airlines,Выдача до 30 минут,TK 3060 
2026-09-07,Turkish Airlines,Выдача до 30 минут,TK 3178 
2026-09-07,Turkish Airlines,Выдача до 30 минут,TK 217 
2026-09-07,GEORGIAN AIRWAYS,Выдача до 30 минут,AZO 7008 
2026-09-07,Turkish Airlines,Выдача до 30 минут,TK 3002 
2026-09-07,Turkish Airlines,Выдача от 30 до 40 минут,TK 3084 
2026-09-07,AJET,Выдача от 30 до 40 минут,VF 275 
2026-09-07,Pegasus,Выдача от 30 до 40 минут,PC 1576 
2026-09-07,Pegasus,Выдача от 30 до 40 минут,PC 1521 
2026-09-07,flydubai,Выдача до 30 минут,FZ 965 
2026-09-07,Turkish Airlines,Выдача до 30 минут,TK 3014 
2026-09-07,Turkish Airlines,Выдача до 30 минут,TK 3036 
2026-09-07,Turkish Airlines,Выдача до 30 минут,TK 421 
2026-09-07,flydubai,Выдача до 30 минут,FZ 975 
2026-09-07,Turkish Airlines,Выдача до 30 минут,TK 3154 
2026-09-07,GEORGIAN AIRWAYS,Выдача от 30 до 40 минут,ЖГ 932 
2026-09-07,Turkish Airlines,Выдача до 30 минут,TK 3006 
2026-09-07,Asia Union Airlines,Выдача до 30 минут,7Q 1777 
2026-09-07,Победа,Выдача до 30 минут,ДР 998 
2026-09-07,Turkish Airlines,Выдача до 30 минут,TK 409 
2026-09-07,Red Sea,Выдача до 30 минут,4S 337 
2026-09-07,Победа,Некорректно проставлены отметки,ДР 732 
2026-09-07,Алроса,Выдача до 30 минут,ЯМ 597 
2026-09-07,Победа,Выдача до 30 минут,ДР 712 
2026-09-07,АЗУР эйр,Выдача до 30 минут,AZV 3004 
2026-09-07,Shirak Avia,Выдача до 30 минут,ЮБГ 809 
2026-09-07,Россия,Выдача до 30 минут,ФВ 6005 
2026-09-07,SCAT Airlines,Выдача до 30 минут,DV 801 
2026-09-07,Россия,Выдача до 30 минут,ФВ 6003 
2026-09-07,Ютэйр,Выдача до 30 минут,ЮТ 446 
2026-09-07,AZAL,Выдача до 30 минут,J2 807 
2026-09-07,Turkish Airlines,Выдача до 30 минут,TK 413 
2026-09-07,Россия,Выдача до 30 минут,ФВ 6007 
2026-09-07,Азимут,Выдача до 30 минут,А4 7034 
2026-09-07,GEORGIAN AIRWAYS,Выдача до 30 минут,ЖГ 936 
2026-09-07,Turkish Airlines,Выдача до 30 минут,TK 1231 
2026-09-07,Победа,Выдача до 30 минут,ДР 742 
2026-09-07,Ютэйр,Выдача до 30 минут,ЮТ 364 
2026-09-07,Aero Nomad,Выдача до 30 минут,КГ 555 
2026-09-07,Россия,Выдача до 30 минут,ФВ 6009 
2026-09-07,Ютэйр,Выдача до 30 минут,ЮТ 560 
2026-09-07,Ютэйр,Выдача до 30 минут,ЮТ 352 
2026-09-07,UZBEKISTAN AIRWAYS,Выдача до 30 минут,ХИ 9607 
2026-09-07,Россия,Выдача до 30 минут,ФВ 6019 
2026-09-07,UZBEKISTAN AIRWAYS,Выдача до 30 минут,ХИ 9813 
2026-09-07,Победа,Выдача до 30 минут,ДР 744 
2026-09-07,UZBEKISTAN AIRWAYS,Выдача до 30 минут,ХИ 9615 
2026-09-07,Победа,Выдача до 30 минут,ДР 714 
2026-09-07,Белавиа,Выдача до 30 минут,В2 981 
2026-09-07,Nesma Airlines,Выдача от 30 до 40 минут,NE 618 
2026-09-07,Россия,Выдача до 30 минут,ФВ 6051 
2026-09-07,Ютэйр,Выдача от 30 до 40 минут,ЮТ 356 
2026-09-07,Ютэйр,Выдача до 30 минут,ЮТ 572 
2026-09-07,Ютэйр,Выдача до 30 минут,ЮТ 248 
2026-09-07,Ютэйр,Выдача до 30 минут,ЮТ 454 
2026-09-07,Азимут,Выдача до 30 минут,А4 7020 
2026-09-07,Якутия,Выдача до 30 минут,ЯК 473 
2026-09-07,SCAT Airlines,Выдача до 30 минут,DV 809 
2026-09-07,FLYONE Armenia,Выдача до 30 минут,3F 321 
2026-09-08,Якутия,Выдача до 30 минут,ЯК 480 
2026-09-08,Белавиа,Выдача до 30 минут,В2 979 
2026-09-08,Россия,Выдача до 30 минут,ФВ 6037 
2026-09-08,Азимут,Выдача до 30 минут,А4 7010 
2026-09-08,FLYONE Armenia,Выдача до 30 минут,3F 325 
2026-09-08,Россия,Выдача до 30 минут,ФВ 6175 
2026-09-08,Победа,Некорректно проставлены отметки,ДР 836 
2026-09-08,Ютэйр,Выдача до 30 минут,ЮТ 374 
2026-09-08,Якутия,Выдача от 30 до 40 минут,ЯК 736 
2026-09-08,Ютэйр,Выдача до 30 минут,ЮТ 276 
2026-09-08,Победа,Выдача до 30 минут,PBD 736 
2026-09-08,Turkish Airlines,Выдача от 30 до 40 минут,TK 415 
2026-09-08,Ютэйр,Выдача до 30 минут,ЮТ 802 
2026-09-08,Россия,Выдача до 30 минут,ФВ 6177 
2026-09-08,Ютэйр,Выдача до 30 минут,ЮТ 456 
2026-09-08,Ютэйр,Выдача до 30 минут,ЮТ 746 
2026-09-08,Победа,Выдача до 30 минут,ДР 856 
2026-09-08,Turkish Airlines,Выдача до 30 минут,TK 417 
2026-09-08,AZAL,Выдача до 30 минут,J2 807 
2026-09-08,Turkish Airlines,Выдача до 30 минут,TK 3012 
2026-09-08,Победа,Выдача до 30 минут,ДР 404 
2026-09-08,Turkish Airlines,Выдача до 30 минут,TK 1231 
2026-09-08,Россия,Выдача до 30 минут,ФВ 6009 
2026-09-08,Победа,Выдача до 30 минут,ДР 114 
2026-09-08,GEORGIAN AIRWAYS,Выдача до 30 минут,ЖГ 937 
2026-09-08,Победа,Выдача до 30 минут,ДР 160 
2026-09-08,Победа,Выдача до 30 минут,ДР 466 
2026-09-08,Алроса,Выдача до 30 минут,ЯМ 543 
2026-09-08,Россия,Выдача до 30 минут,ФВ 6025 
2026-09-08,Победа,Выдача до 30 минут,ДР 116 
2026-09-08,Pegasus,Выдача до 30 минут,PC 388 
2026-09-08,Ютэйр,Выдача от 30 до 40 минут,ЮТ 744 
2026-09-08,Ютэйр,Выдача до 30 минут,ЮТ 334 
2026-09-08,flydubai,Выдача до 30 минут,FZ 989 
2026-09-08,Азимут,Выдача до 30 минут,А4 7030 
2026-09-08,Газпром авиа,Выдача до 30 минут,ГЗП 260 
2026-09-08,GEORGIAN AIRWAYS,Выдача до 30 минут,ЖГ 926 
2026-09-08,Ютэйр,Выдача до 30 минут,ЮТ 576 
2026-09-08,Победа,Выдача до 30 минут,ДР 994 
2026-09-08,Ютэйр,Выдача до 30 минут,ЮТ 250 
2026-09-08,flydubai,Выдача до 30 минут,FZ 8471 
2026-09-08,SCAT Airlines,Выдача до 30 минут,DV 813 
2026-09-08,Азимут,Некорректно проставлены отметки,А4 7036 
2026-09-08,AZAL,Выдача до 30 минут,J2 805 
2026-09-08,flydubai,Выдача до 30 минут,FZ 951 
2026-09-08,Pegasus,Выдача до 30 минут,PC 1580 
2026-09-08,Turkish Airlines,Выдача до 30 минут,TK 411 
2026-09-08,Победа,Выдача до 30 минут,ДР 422 
2026-09-08,Победа,Некорректно проставлены отметки,ДР 486 
2026-09-08,UZBEKISTAN AIRWAYS,Выдача до 30 минут,ХИ 605 
2026-09-08,Nesma Airlines,Выдача от 30 до 40 минут,NE 640 
2026-09-08,Ютэйр,Выдача до 30 минут,ЮТ 376 
2026-09-08,flydubai,Выдача до 30 минут,FZ 987 
2026-09-08,Nesma Airlines,Выдача от 30 до 40 минут,NE 610 
2026-09-08,Turkish Airlines,Выдача до 30 минут,TK 211 
2026-09-08,Shirak Avia,Выдача до 30 минут,ЮБГ 509 
2026-09-08,Северо-Запад,Выдача до 30 минут,НВЦ 9152 
2026-09-08,Победа,Выдача до 30 минут,PBD 840 
2026-09-08,Победа,Выдача до 30 минут,ДР 190 
2026-09-08,Россия,Выдача до 30 минут,ФВ 6183 
2026-09-08,Ютэйр,Выдача до 30 минут,ЮТ 464 
2026-09-08,Россия,Выдача до 30 минут,ФВ 6179 
2026-09-08,GEORGIAN AIRWAYS,Выдача до 30 минут,AZO 7054 
2026-09-08,UZBEKISTAN AIRWAYS,Выдача до 30 минут,ХИ 9627 
2026-09-08,FLYONE Armenia,Выдача до 30 минут,УР 512 
2026-09-08,Ютэйр,Выдача до 30 минут,ЮТ 296 
2026-09-08,Газпром авиа,Выдача до 30 минут,ГЗП 252 
2026-09-08,Ютэйр,Выдача до 30 минут,ЮТ 784 
2026-09-08,UZBEKISTAN AIRWAYS,Выдача до 30 минут,ХИ 9621 
2026-09-08,Победа,Выдача до 30 минут,ДР 158 
2026-09-08,UZBEKISTAN AIRWAYS,Выдача до 30 минут,ХИ 613 
2026-09-08,Победа,Выдача до 30 минут,PBD 860 
2026-09-08,UZBEKISTAN AIRWAYS,Выдача до 30 минут,ХИ 9619 
2026-09-08,Россия,Выдача до 30 минут,ФВ 6181 
2026-09-08,Победа,Выдача до 30 минут,ДР 964 
2026-09-08,SCAT Airlines,Выдача до 30 минут,DV 815 
2026-09-08,Ютэйр,Выдача до 30 минут,ЮТ 810 
2026-09-08,Turkish Airlines,Выдача до 30 минут,TK 3070 
2026-09-08,Россия,Выдача до 30 минут,ФВ 6189 
2026-09-08,GEORGIAN AIRWAYS,Выдача до 30 минут,ЖГ 936 
2026-09-08,FLYONE Armenia,Выдача до 30 минут,3F 323 
2026-09-08,Turkish Airlines,Выдача до 30 минут,TK 3154 
2026-09-08,Ютэйр,Выдача до 30 минут,ЮТ 1376 
2026-09-08,Turkish Airlines,Выдача до 30 минут,TK 3006 
2026-09-08,Turkish Airlines,Выдача до 30 минут,TK 3122 
2026-09-08,ЮВТ АЭРО,Выдача до 30 минут,ЮВ 204 
2026-09-08,Pegasus,Выдача до 30 минут,PC 386 
2026-09-08,flydubai,Выдача до 30 минут,FZ 975 
2026-09-08,Nesma Airlines,Выдача от 30 до 40 минут,NE 642 
2026-09-08,AJET,Выдача до 30 минут,VF 587 
2026-09-08,Pegasus,Выдача от 30 до 40 минут,PC 1456 
2026-09-08,AJET,Выдача до 30 минут,VF 277 
2026-09-08,Turkish Airlines,Выдача до 30 минут,TK 419 
2026-09-08,Победа,Выдача до 30 минут,ДР 998 
2026-09-08,Победа,Выдача до 30 минут,ДР 730 
2026-09-08,AZAL,Выдача до 30 минут,J2 809A
2026-09-08,flydubai,Выдача до 30 минут,FZ 967 
2026-09-08,Pegasus,Выдача до 30 минут,PC 390 
2026-09-08,GEORGIAN AIRWAYS,Выдача от 30 до 40 минут,ЖГ 932 
2026-09-08,AJET,Выдача от 30 до 40 минут,VF 275 
2026-09-08,Победа,Выдача до 30 минут,ДР 206 
2026-09-08,Ютэйр,Выдача до 30 минут,ЮТ 398G
2026-09-08,Turkish Airlines,Выдача от 30 до 40 минут,TK 413 
2026-09-08,Pegasus,Выдача до 30 минут,PC 1576 
2026-09-08,Turkish Airlines,Выдача до 30 минут,TK 3060 
2026-09-08,Turkish Airlines,Выдача до 30 минут,TK 217 
2026-09-08,Turkish Airlines,Выдача до 30 минут,TK 3178 
2026-09-08,Победа,Выдача до 30 минут,ДР 1422 
2026-09-08,Turkish Airlines,Выдача от 30 до 40 минут,TK 409 
2026-09-08,Turkish Airlines,Выдача до 30 минут,TK 3084 
2026-09-08,flydubai,Выдача до 30 минут,FZ 965 
2026-09-08,Turkish Airlines,Выдача до 30 минут,TK 3002 
2026-09-08,Turkish Airlines,Выдача до 30 минут,TK 3014 
2026-09-08,Turkish Airlines,Выдача до 30 минут,TK 421 
2026-09-08,Победа,Выдача до 30 минут,ДР 208 
2026-09-08,Turkish Airlines,Выдача до 30 минут,TK 3036 
2026-09-08,Pegasus,Выдача от 30 до 40 минут,PC 1521 
2026-09-08,Ютэйр,Выдача до 30 минут,ЮТ 786 
2026-09-08,GEORGIAN AIRWAYS,Выдача до 30 минут,AZO 7008 
2026-09-08,Nesma Airlines,Выдача до 30 минут,NE 602 
2026-09-08,SCAT Airlines,Выдача до 30 минут,DV 809 
2026-09-08,Ютэйр,Выдача до 30 минут,ЮТ 356 
2026-09-08,Ютэйр,Выдача до 30 минут,ЮТ 248 
2026-09-08,Ютэйр,Выдача от 30 до 40 минут,ЮТ 572 
2026-09-08,Якутия,Выдача от 30 до 40 минут,ЯК 479 
2026-09-08,Ютэйр,Выдача до 30 минут,ЮТ 560 
2026-09-08,Ютэйр,Выдача до 30 минут,ЮТ 352 
2026-09-08,FLYONE Armenia,Выдача до 30 минут,3F 321 
2026-09-08,Вологодское АП,Не определено,ВГ 2390 
2026-09-08,Россия,Выдача до 30 минут,ФВ 6003 
2026-09-08,Ютэйр,Выдача до 30 минут,ЮТ 400 
2026-09-08,Россия,Выдача до 30 минут,ФВ 6005 
2026-09-08,SCAT Airlines,Выдача до 30 минут,DV 801 
2026-09-08,Не найдено,Выдача до 30 минут,TC 422 
2026-09-08,Победа,Выдача до 30 минут,ДР 734 
2026-09-08,Победа,Выдача до 30 минут,ДР 408 
2026-09-08,FLYONE Armenia,Выдача от 30 до 40 минут,УР 412 
2026-09-08,Россия,Выдача до 30 минут,ФВ 6051 
2026-09-08,Ютэйр,Выдача до 30 минут,ЮТ 364 
2026-09-08,Руслайн,Выдача до 30 минут,РГ 194 
2026-09-08,Победа,Выдача до 30 минут,ДР 714 
2026-09-08,Ютэйр,Выдача до 30 минут,ЮТ 454 
2026-09-08,Nesma Airlines,Выдача до 30 минут,NE 604 
2026-09-08,Pegasus,Выдача до 30 минут,PC 1458 
2026-09-08,Победа,Выдача до 30 минут,ДР 434 
2026-09-08,GEORGIAN AIRWAYS,Выдача до 30 минут,AZO 7072 
2026-09-08,Red Sea,Выдача до 30 минут,4S 315 
2026-09-08,Победа,Выдача до 30 минут,ДР 742 
2026-09-08,UZBEKISTAN AIRWAYS,Выдача до 30 минут,ХИ 9607 
2026-09-08,Turkish Airlines,Выдача до 30 минут,TK 407 
2026-09-08,Победа,Выдача до 30 минут,ДР 744 
2026-09-08,GEORGIAN AIRWAYS,Выдача до 30 минут,AZO 7108 
2026-09-08,Nesma Airlines,Выдача до 30 минут,NE 614 
2026-09-08,UZBEKISTAN AIRWAYS,Выдача от 30 до 40 минут,ХИ 9613 
2026-09-08,Nesma Airlines,Выдача до 30 минут,NE 406 
2026-09-08,Ютэйр,Выдача от 30 до 40 минут,ЮТ 808 
2026-09-08,Белавиа,Выдача до 30 минут,В2 981 
2026-09-08,UZBEKISTAN AIRWAYS,Выдача до 30 минут,ХИ 9615 
2026-09-09,Ютэйр,Выдача до 30 минут,ЮТ 746 
2026-09-09,FLYONE Armenia,Выдача до 30 минут,3F 325 
2026-09-09,Ютэйр,Выдача до 30 минут,ЮТ 596 
2026-09-09,Ютэйр,Выдача до 30 минут,ЮТ 374 
2026-09-09,Победа,Выдача до 30 минут,PBD 980 
2026-09-09,Победа,Выдача до 30 минут,ДР 836 
2026-09-09,Победа,Выдача до 30 минут,ДР 190 
2026-09-09,Turkish Airlines,Выдача от 30 до 40 минут,TK 415 
2026-09-09,Победа,Выдача до 30 минут,PBD 840 
2026-09-09,Ютэйр,Выдача от 30 до 40 минут,ЮТ 802 
2026-09-09,Газпром авиа,Выдача до 30 минут,ГЗП 262 
2026-09-09,Ютэйр,Выдача до 30 минут,ЮТ 276 
2026-09-09,Ютэйр,Выдача до 30 минут,ЮТ 464 
2026-09-09,Россия,Выдача до 30 минут,ФВ 6177 
2026-09-09,Россия,Выдача до 30 минут,ФВ 6175 
2026-09-09,GEORGIAN AIRWAYS,Выдача до 30 минут,AZO 7108 
2026-09-09,Aero Nomad,Выдача до 30 минут,КГ 503 
2026-09-09,Победа,Выдача до 30 минут,ДР 116 
2026-09-09,Россия,Выдача до 30 минут,ФВ 6037 
2026-09-09,Ютэйр,Выдача до 30 минут,ЮТ 576 
2026-09-09,Ютэйр,Выдача до 30 минут,ЮТ 398F
2026-09-09,Победа,Выдача до 30 минут,ДР 466 
2026-09-09,Turkish Airlines,Выдача до 30 минут,TK 417 
2026-09-09,Россия,Выдача до 30 минут,ФВ 6025 
2026-09-09,Pegasus,Выдача до 30 минут,PC 388 
2026-09-09,Северо-Запад,Выдача до 30 минут,НВЦ 9152 
2026-09-09,Алроса,Выдача до 30 минут,ЯМ 543 
2026-09-09,Turkish Airlines,Выдача до 30 минут,TK 3082 
2026-09-09,Россия,Выдача до 30 минут,ФВ 6031 
2026-09-09,flydubai,Выдача до 30 минут,FZ 989 
2026-09-09,GEORGIAN AIRWAYS,Не определено,AZO 9013 
2026-09-09,GEORGIAN AIRWAYS,Выдача до 30 минут,ЖГ 926 
2026-09-09,Белавиа,Выдача до 30 минут,В2 979 
2026-09-09,Победа,Выдача более 40 минут,ДР 856 
2026-09-09,Газпром авиа,Выдача до 30 минут,ГЗП 212 
2026-09-09,UZBEKISTAN AIRWAYS,Выдача до 30 минут,ХИ 9627 
2026-09-09,AZAL,Выдача до 30 минут,J2 809 
2026-09-09,Россия,Выдача до 30 минут,ФВ 6179 
2026-09-09,flydubai,Выдача до 30 минут,FZ 951 
2026-09-09,Pegasus,Выдача от 30 до 40 минут,PC 1580 
2026-09-09,Turkish Airlines,Выдача до 30 минут,TK 411 
2026-09-09,Ютэйр,Выдача до 30 минут,ЮТ 398 
2026-09-09,AZAL,Выдача до 30 минут,J2 805 
2026-09-09,Победа,Выдача до 30 минут,ДР 422 
2026-09-09,Россия,Выдача до 30 минут,ФВ 6185 
2026-09-09,UZBEKISTAN AIRWAYS,Выдача до 30 минут,ХИ 605 
2026-09-09,Ютэйр,Выдача до 30 минут,ЮТ 810 
2026-09-09,Победа,Выдача до 30 минут,ДР 994 
2026-09-09,flydubai,Выдача до 30 минут,FZ 987 
2026-09-09,Pegasus,Выдача до 30 минут,PC 1576 
2026-09-09,Россия,Выдача до 30 минут,ФВ 6189 
2026-09-09,Ютэйр,Выдача до 30 минут,ЮТ 358 
2026-09-09,Ютэйр,Выдача до 30 минут,ЮТ 784 
2026-09-09,Nesma Airlines,Выдача до 30 минут,NE 606 
2026-09-09,Победа,Выдача до 30 минут,ДР 968 
2026-09-09,SCAT Airlines,Выдача до 30 минут,DV 813 
2026-09-09,Nesma Airlines,Выдача до 30 минут,NE 616 
2026-09-09,UZBEKISTAN AIRWAYS,Выдача до 30 минут,ХИ 9621 
2026-09-09,Nesma Airlines,Выдача до 30 минут,NE 608 
2026-09-09,Ютэйр,Выдача до 30 минут,ЮТ 400 
2026-09-09,UZBEKISTAN AIRWAYS,Выдача до 30 минут,ХИ 613 
2026-09-09,Россия,Выдача до 30 минут,ФВ 6181 
2026-09-09,UZBEKISTAN AIRWAYS,Выдача до 30 минут,ХИ 9619 
2026-09-09,SCAT Airlines,Выдача до 30 минут,DV 815 
2026-09-09,FLYONE Armenia,Выдача до 30 минут,УР 514 
2026-09-09,Ютэйр,Выдача до 30 минут,ЮТ 250 
2026-09-09,Победа,Выдача до 30 минут,ДР 964 
2026-09-09,Ютэйр,Выдача до 30 минут,ЮТ 180 
2026-09-09,Победа,Выдача до 30 минут,ДР 160 
2026-09-09,Nouvelair Tunisie,Выдача от 30 до 40 минут,BJ 804 
2026-09-09,Россия,Выдача до 30 минут,ФВ 6183 
2026-09-09,flydubai,Выдача до 30 минут,FZ 967 
2026-09-09,Победа,Выдача до 30 минут,ДР 114 
2026-09-09,Победа,Выдача до 30 минут,PBD 860 
2026-09-09,Ютэйр,Выдача до 30 минут,ЮТ 364 
2026-09-09,Ютэйр,Выдача до 30 минут,УТА 6316 
2026-09-09,Азимут,Выдача до 30 минут,А4 7056 
2026-09-09,GEORGIAN AIRWAYS,Выдача от 30 до 40 минут,AZO 7008 
2026-09-09,Turkish Airlines,Выдача до 30 минут,TK 3172 
2026-09-09,Turkish Airlines,Выдача до 30 минут,TK 3028 
2026-09-09,Pegasus,Выдача до 30 минут,PC 386 
2026-09-09,Pegasus,Выдача до 30 минут,PC 1521 
2026-09-09,AJET,Выдача до 30 минут,VF 587 
2026-09-09,Pegasus,Выдача до 30 минут,PC 1456 
2026-09-09,AJET,Выдача до 30 минут,VF 277 
2026-09-09,Nesma Airlines,Выдача до 30 минут,NE 638 
2026-09-09,Turkish Airlines,Выдача до 30 минут,TK 3120 
2026-09-09,Pegasus,Выдача до 30 минут,PC 390 
2026-09-09,Turkish Airlines,Выдача до 30 минут,TK 419 
2026-09-09,Победа,Выдача до 30 минут,ДР 998 
2026-09-09,Победа,Выдача до 30 минут,ДР 408 
2026-09-09,Turkish Airlines,Выдача до 30 минут,TK 407 
2026-09-09,Turkish Airlines,Выдача до 30 минут,TK 3006 
2026-09-09,Pegasus,Выдача до 30 минут,PC 1458 
2026-09-09,GEORGIAN AIRWAYS,Выдача до 30 минут,ЖГ 932 
2026-09-09,flydubai,Выдача до 30 минут,FZ 975 
2026-09-09,АЗУР эйр,Выдача от 30 до 40 минут,AZV 3006 
2026-09-09,Turkish Airlines,Выдача от 30 до 40 минут,TK 3060 
2026-09-09,Победа,Выдача до 30 минут,ДР 264 
2026-09-09,Turkish Airlines,Выдача от 30 до 40 минут,TK 3084 
2026-09-09,Turkish Airlines,Выдача до 30 минут,TK 3002 
2026-09-09,AJET,Выдача до 30 минут,VF 275 
2026-09-09,Turkish Airlines,Выдача до 30 минут,TK 217 
2026-09-09,flydubai,Выдача до 30 минут,FZ 965 
2026-09-09,AZAL,Выдача от 30 до 40 минут,J2 809 
2026-09-09,AJET,Выдача от 30 до 40 минут,VSV 3414 
2026-09-09,Turkish Airlines,Выдача до 30 минут,TK 421 
2026-09-09,Turkish Airlines,Выдача до 30 минут,TK 3036 
2026-09-09,Turkish Airlines,Выдача от 30 до 40 минут,TK 3178 
2026-09-09,Turkish Airlines,Выдача до 30 минут,TK 3014 
2026-09-09,Turkish Airlines,Выдача до 30 минут,TK 3154 
2026-09-09,Ютэйр,Выдача до 30 минут,ЮТ 358F
2026-09-09,Nesma Airlines,Выдача до 30 минут,NE 600 
2026-09-09,FLYONE Armenia,Выдача от 30 до 40 минут,3F 323 
2026-09-09,Победа,Выдача до 30 минут,ДР 742 
2026-09-09,Россия,Выдача до 30 минут,ФВ 6005 
2026-09-09,Ютэйр,Выдача до 30 минут,ЮТ 446 
2026-09-09,SCAT Airlines,Выдача до 30 минут,DV 801 
2026-09-09,Руслайн,Выдача до 30 минут,РГ 194 
2026-09-09,Turkish Airlines,Выдача от 30 до 40 минут,TK 413 
2026-09-09,Газпром авиа,Выдача до 30 минут,ГЗП 912 
2026-09-09,Россия,Выдача до 30 минут,ФВ 6007 
2026-09-09,Turkish Airlines,Выдача до 30 минут,TK 3070 
2026-09-09,GEORGIAN AIRWAYS,Выдача до 30 минут,ЖГ 936 
2026-09-09,Turkish Airlines,Выдача до 30 минут,TK 1231 
2026-09-09,Turkish Airlines,Выдача до 30 минут,TK 3012 
2026-09-09,Turkish Airlines,Выдача до 30 минут,TK 3164 
2026-09-09,Россия,Выдача до 30 минут,ФВ 6009 
2026-09-09,Победа,Выдача до 30 минут,ДР 414 
2026-09-09,Turkish Airlines,Выдача до 30 минут,TK 3046 
2026-09-09,Алроса,Выдача до 30 минут,ЯМ 597 
2026-09-09,Aero Nomad,Выдача до 30 минут,КГ 555 
2026-09-09,AZAL,Выдача до 30 минут,J2 807 
2026-09-09,UZBEKISTAN AIRWAYS,Выдача до 30 минут,ХИ 9617 
2026-09-09,Победа,Выдача до 30 минут,ДР 732 
2026-09-09,Ютэйр,Выдача до 30 минут,ЮТ 454 
2026-09-09,Белавиа,Выдача до 30 минут,В2 981 
2026-09-09,Победа,Выдача до 30 минут,ДР 744 
2026-09-09,Россия,Выдача до 30 минут,ФВ 6051 
2026-09-09,Ютэйр,Выдача до 30 минут,ЮТ 248 
2026-09-09,UZBEKISTAN AIRWAYS,Выдача до 30 минут,ХИ 9615 
2026-09-09,Ютэйр,Выдача от 30 до 40 минут,ЮТ 560 
2026-09-09,Ютэйр,Выдача от 30 до 40 минут,ЮТ 572 
2026-09-09,Ютэйр,Выдача до 30 минут,ЮТ 356 
2026-09-09,Победа,Выдача до 30 минут,ДР 714 
2026-09-09,Ютэйр,Выдача до 30 минут,ЮТ 786 
2026-09-09,FLYONE Armenia,Выдача до 30 минут,3F 321 
2026-09-09,Победа,Выдача до 30 минут,ДР 712 
2026-09-09,Вологодское АП,Не определено,ВГ 2390 
2026-09-09,Россия,Выдача до 30 минут,ФВ 6003 
2026-09-09,UZBEKISTAN AIRWAYS,Выдача до 30 минут,ХИ 9607 
2026-09-10,Победа,Выдача до 30 минут,ДР 836 
2026-09-10,АЗУР эйр,Выдача до 30 минут,AZV 2502 
2026-09-10,Ютэйр,Выдача до 30 минут,ЮТ 374 
2026-09-10,Белавиа,Выдача до 30 минут,В2 985 
2026-09-10,Россия,Выдача до 30 минут,ФВ 6175 
2026-09-10,Ютэйр,Выдача до 30 минут,ЮТ 596 
2026-09-10,Северо-Запад,Выдача до 30 минут,НВЦ 9152 
2026-09-10,Ютэйр,Выдача до 30 минут,ЮТ 746 
2026-09-10,Ютэйр,Выдача до 30 минут,ЮТ 356 
2026-09-10,Ютэйр,Выдача более 40 минут,ЮТ 802 
2026-09-10,Победа,Выдача до 30 минут,PBD 840 
2026-09-10,UZBEKISTAN AIRWAYS,Выдача до 30 минут,ХИ 9615 
2026-09-10,Победа,Выдача до 30 минут,PBD 736 
2026-09-10,Россия,Выдача до 30 минут,ФВ 6177 
2026-09-10,Turkish Airlines,Выдача до 30 минут,TK 415 
2026-09-10,Ютэйр,Выдача до 30 минут,ЮТ 464 
2026-09-10,Победа,Выдача до 30 минут,ДР 160 
2026-09-10,FLYONE Armenia,Выдача до 30 минут,3F 325 
2026-09-10,Победа,Выдача до 30 минут,ДР 856 
2026-09-10,Алроса,Выдача до 30 минут,ЯМ 543 
2026-09-10,GEORGIAN AIRWAYS,Выдача до 30 минут,ЖГ 926 
2026-09-10,Ютэйр,Выдача от 30 до 40 минут,ЮТ 576 
2026-09-10,Руслайн,Выдача до 30 минут,РГ 194 
2026-09-10,Победа,Выдача до 30 минут,ДР 466 
2026-09-10,GEORGIAN AIRWAYS,Выдача до 30 минут,AZO 7208 
2026-09-10,GEORGIAN AIRWAYS,Выдача до 30 минут,ЖГ 937 
2026-09-10,Россия,Выдача до 30 минут,ФВ 6025 
2026-09-10,Turkish Airlines,Выдача до 30 минут,TK 417 
2026-09-10,Газпром авиа,Выдача до 30 минут,ГЗП 242 
2026-09-10,Pegasus,Выдача до 30 минут,PC 388 
2026-09-10,Turkish Airlines,Выдача до 30 минут,TK 3026 
2026-09-10,Белавиа,Выдача до 30 минут,В2 983 
2026-09-10,Nesma Airlines,Выдача до 30 минут,NE 614 
2026-09-10,flydubai,Выдача до 30 минут,FZ 989 
2026-09-10,Россия,Выдача до 30 минут,ФВ 6031 
2026-09-10,Победа,Выдача до 30 минут,ДР 992 
2026-09-10,Ютэйр,Выдача от 30 до 40 минут,ЮТ 744 
2026-09-10,Nesma Airlines,Выдача до 30 минут,NE 644 
2026-09-10,Россия,Выдача до 30 минут,ФВ 6037 
2026-09-10,Газпром авиа,Выдача до 30 минут,ГЗП 908 
2026-09-10,Nesma Airlines,Выдача от 30 до 40 минут,NE 640 
2026-09-10,Ютэйр,Выдача до 30 минут,ЮТ 398 
2026-09-10,Ютэйр,Выдача от 30 до 40 минут,ЮТ 784 
2026-09-10,Россия,Выдача до 30 минут,ФВ 6185 
2026-09-10,flydubai,Выдача до 30 минут,FZ 967 
2026-09-10,Победа,Выдача до 30 минут,ДР 994 
2026-09-10,Pegasus,Выдача до 30 минут,PC 1580 
2026-09-10,Победа,Выдача до 30 минут,ДР 968 
2026-09-10,Ютэйр,Выдача до 30 минут,ЮТ 276 
2026-09-10,Ютэйр,Выдача до 30 минут,ЮТ 810 
2026-09-10,SCAT Airlines,Выдача до 30 минут,DV 813 
2026-09-10,Turkish Airlines,Выдача до 30 минут,TK 411 
2026-09-10,flydubai,Выдача до 30 минут,FZ 951 
2026-09-10,AZAL,Выдача до 30 минут,J2 805 
2026-09-10,UZBEKISTAN AIRWAYS,Выдача до 30 минут,ХИ 605 
2026-09-10,Pegasus,Выдача от 30 до 40 минут,PC 1576 
2026-09-10,Ютэйр,Выдача до 30 минут,ЮТ 376 
2026-09-10,Победа,Выдача до 30 минут,ДР 264 
2026-09-10,Россия,Выдача до 30 минут,ФВ 6009 
2026-09-10,GEORGIAN AIRWAYS,Выдача от 30 до 40 минут,AZO 7054 
2026-09-10,Ютэйр,Выдача до 30 минут,УТА 6136 
2026-09-10,Газпром авиа,Выдача до 30 минут,ГЗП 910 
2026-09-10,Азимут,Выдача до 30 минут,А4 7030 
2026-09-10,Ютэйр,Выдача до 30 минут,ЮТ 296 
2026-09-10,FLYONE Armenia,Выдача до 30 минут,УР 512 
2026-09-10,UZBEKISTAN AIRWAYS,Выдача до 30 минут,ХИ 9621 
2026-09-10,UZBEKISTAN AIRWAYS,Выдача до 30 минут,ХИ 9627 
2026-09-10,Россия,Выдача до 30 минут,ФВ 6179 
2026-09-10,Победа,Выдача до 30 минут,PBD 860 
2026-09-10,Победа,Выдача до 30 минут,ДР 158 
2026-09-10,Руслайн,Выдача до 30 минут,РЛУ 7981 
2026-09-10,UZBEKISTAN AIRWAYS,Выдача до 30 минут,ХИ 613 
2026-09-10,Turkish Airlines,Выдача от 30 до 40 минут,TK 3060 
2026-09-10,Россия,Выдача до 30 минут,ФВ 6181 
2026-09-10,SCAT Airlines,Выдача до 30 минут,DV 815 
2026-09-10,Победа,Выдача до 30 минут,ДР 114 
2026-09-10,ЮВТ АЭРО,Выдача до 30 минут,ЮВ 204 
2026-09-10,Победа,Выдача до 30 минут,ДР 404 
2026-09-10,Победа,Выдача до 30 минут,ДР 964 
2026-09-10,AZAL,Выдача до 30 минут,AHY 5830 
2026-09-10,Россия,Выдача до 30 минут,ФВ 6183 
2026-09-10,Газпром авиа,Выдача до 30 минут,ГЗП 906 
2026-09-10,Ютэйр,Выдача до 30 минут,ЮТ 250 
2026-09-10,Pegasus,Выдача от 30 до 40 минут,PC 1458 
2026-09-10,flydubai,Выдача до 30 минут,FZ 975A
2026-09-10,FLYONE Armenia,Выдача до 30 минут,3F 323 
2026-09-10,Победа,Выдача до 30 минут,ДР 208 
2026-09-10,Победа,Выдача до 30 минут,ДР 158B
2026-09-10,Turkish Airlines,Выдача до 30 минут,TK 3122 
2026-09-10,Turkish Airlines,Выдача до 30 минут,TK 3006 
2026-09-10,Pegasus,Выдача до 30 минут,PC 386 
2026-09-10,GEORGIAN AIRWAYS,Выдача до 30 минут,ЖГ 932 
2026-09-10,Nesma Airlines,Выдача до 30 минут,NE 602 
2026-09-10,Ютэйр,Выдача до 30 минут,ЮТ 1376 
2026-09-10,Nesma Airlines,Выдача до 30 минут,NE 646 
2026-09-10,GEORGIAN AIRWAYS,Выдача до 30 минут,AZO 7054P
2026-09-10,AJET,Выдача до 30 минут,VF 587 
2026-09-10,Pegasus,Выдача до 30 минут,PC 1456 
2026-09-10,Ютэйр,Выдача до 30 минут,ЮТ 559 
2026-09-10,AJET,Выдача до 30 минут,VF 277 
2026-09-10,Turkish Airlines,Выдача до 30 минут,TK 419 
2026-09-10,Победа,Выдача до 30 минут,ДР 168B
2026-09-10,Pegasus,Выдача от 30 до 40 минут,PC 390 
2026-09-10,Red Sea,Выдача до 30 минут,4S 337 
2026-09-10,GEORGIAN AIRWAYS,Выдача до 30 минут,AZO 7018 
2026-09-10,GEORGIAN AIRWAYS,Выдача до 30 минут,ЖГ 936 
2026-09-10,Turkish Airlines,Выдача до 30 минут,TK 3178 
2026-09-10,Turkish Airlines,Выдача до 30 минут,TK 3060 
2026-09-10,Победа,Выдача до 30 минут,ДР 206 
2026-09-10,GEORGIAN AIRWAYS,Выдача до 30 минут,AZO 9006 
2026-09-10,Turkish Airlines,Выдача до 30 минут,TK 409 
2026-09-10,Turkish Airlines,Выдача до 30 минут,TK 211 
2026-09-10,AJET,Выдача до 30 минут,VF 275 
2026-09-10,Turkish Airlines,Выдача от 30 до 40 минут,TK 3084 
2026-09-10,Turkish Airlines,Выдача до 30 минут,TK 3002 
2026-09-10,Turkish Airlines,Выдача до 30 минут,TK 217 
2026-09-10,Turkish Airlines,Выдача от 30 до 40 минут,TK 3014 
2026-09-10,Turkish Airlines,Выдача до 30 минут,TK 421 
2026-09-10,Азимут,Выдача до 30 минут,А4 7010 
2026-09-10,Pegasus,Выдача от 30 до 40 минут,PC 1521 
2026-09-10,Победа,Выдача до 30 минут,ДР 486 
2026-09-10,Turkish Airlines,Выдача до 30 минут,TK 3036 
2026-09-10,flydubai,Выдача до 30 минут,FZ 965 
2026-09-10,Ютэйр,Выдача от 30 до 40 минут,ЮТ 786 
2026-09-10,Turkish Airlines,Выдача до 30 минут,TK 3154 
2026-09-10,Ютэйр,Не определено,ЮТ 355 
2026-09-10,FLYONE Armenia,Выдача до 30 минут,3F 321 
2026-09-10,Ютэйр,Выдача до 30 минут,ЮТ 808 
2026-09-10,Nesma Airlines,Выдача до 30 минут,NE 490 
2026-09-10,Россия,Выдача до 30 минут,ФВ 6005 
2026-09-10,GEORGIAN AIRWAYS,Выдача до 30 минут,AZO 7072 
2026-09-10,Не найдено,Выдача до 30 минут,TC 422 
2026-09-10,Якутия,Выдача от 30 до 40 минут,ЯК 465 
2026-09-10,Turkish Airlines,Выдача от 30 до 40 минут,TK 413 
2026-09-10,АЗУР эйр,Выдача от 30 до 40 минут,AZV 3002 
2026-09-10,Россия,Выдача до 30 минут,ФВ 6007 
2026-09-10,Россия,Выдача до 30 минут,ФВ 6003 
2026-09-10,AZAL,Выдача от 30 до 40 минут,J2 807 
2026-09-10,GEORGIAN AIRWAYS,Выдача до 30 минут,AZO 7154 
2026-09-10,Ютэйр,Выдача до 30 минут,ЮТ 400 
2026-09-10,Turkish Airlines,Выдача до 30 минут,TK 1231 
2026-09-10,Turkish Airlines,Выдача до 30 минут,TK 3070 
2026-09-10,Победа,Выдача до 30 минут,ДР 730 
2026-09-10,Вологодское АП,Не определено,ВГ 2390 
2026-09-10,Победа,Выдача до 30 минут,ДР 436 
2026-09-10,Turkish Airlines,Выдача до 30 минут,TK 3012 
2026-09-10,ЮВТ АЭРО,Выдача до 30 минут,ЮВ 301 
2026-09-10,Победа,Выдача до 30 минут,ДР 714 
2026-09-10,Победа,Выдача до 30 минут,ДР 434 
2026-09-10,Turkish Airlines,Выдача до 30 минут,TK 407 
2026-09-10,Ютэйр,Выдача до 30 минут,ЮТ 296B
2026-09-10,Победа,Выдача до 30 минут,ДР 998 
2026-09-10,UZBEKISTAN AIRWAYS,Выдача до 30 минут,ХИ 9607 
2026-09-10,UZBEKISTAN AIRWAYS,Выдача до 30 минут,ХИ 9609 
2026-09-10,Белавиа,Выдача до 30 минут,В2 981 
2026-09-10,Ютэйр,Выдача до 30 минут,ЮТ 454 
2026-09-10,Победа,Выдача до 30 минут,ДР 408 
2026-09-10,Победа,Выдача до 30 минут,ДР 744 
2026-09-10,Ютэйр,Выдача от 30 до 40 минут,ЮТ 364 
2026-09-10,Победа,Выдача до 30 минут,ДР 742 
2026-09-10,Россия,Выдача до 30 минут,ФВ 6051 
2026-09-10,Ютэйр,Выдача до 30 минут,ЮТ 248 
2026-09-10,SCAT Airlines,Выдача до 30 минут,DV 809 
2026-09-10,Ютэйр,Выдача до 30 минут,ЮТ 352 
2026-09-10,Ютэйр,Выдача до 30 минут,ЮТ 572 
2026-09-11,Nesma Airlines,Выдача до 30 минут,NE 608 
2026-09-11,Turkish Airlines,Выдача до 30 минут,TK 415 
2026-09-11,Ютэйр,Выдача до 30 минут,ЮТ 456 
2026-09-11,Ютэйр,Выдача до 30 минут,ЮТ 746 
2026-09-11,GEORGIAN AIRWAYS,Выдача до 30 минут,AZO 7008 
2026-09-11,Алроса,Выдача до 30 минут,DRU 9942 
2026-09-11,Ютэйр,Выдача до 30 минут,ЮТ 810 
2026-09-11,Победа,Выдача до 30 минут,ДР 856 
2026-09-11,UZBEKISTAN AIRWAYS,Выдача до 30 минут,ХИ 9625 
2026-09-11,Ютэйр,Выдача до 30 минут,ЮТ 250 
2026-09-11,Ютэйр,Выдача до 30 минут,ЮТ 464 
2026-09-11,GEORGIAN AIRWAYS,Выдача до 30 минут,ЖГ 926 
2026-09-11,Россия,Некорректно проставлены отметки,ФВ 6175 
2026-09-11,АЗУР эйр,Выдача до 30 минут,AZV 3008 
2026-09-11,Ютэйр,Выдача до 30 минут,ЮТ 398 
2026-09-11,Ютэйр,Выдача до 30 минут,ЮТ 296 
2026-09-11,Ютэйр,Выдача от 30 до 40 минут,ЮТ 596 
2026-09-11,Ютэйр,Выдача до 30 минут,ЮТ 276 
2026-09-11,Якутия,Выдача от 30 до 40 минут,ЯК 480 
2026-09-11,Северо-Запад,Выдача до 30 минут,НВЦ 9152 
2026-09-11,Победа,Выдача до 30 минут,ДР 422B
2026-09-11,Победа,Выдача до 30 минут,ДР 190 
2026-09-11,Алроса,Выдача до 30 минут,ЯМ 543 
2026-09-11,Pegasus,Выдача до 30 минут,PC 388 
2026-09-11,Turkish Airlines,Выдача до 30 минут,TK 3082 
2026-09-11,Газпром авиа,Выдача до 30 минут,ГЗП 292 
2026-09-11,Turkish Airlines,Выдача от 30 до 40 минут,TK 3008 
2026-09-11,Победа,Выдача до 30 минут,ДР 734 
2026-09-11,Ютэйр,Выдача до 30 минут,ЮТ 334 
2026-09-11,flydubai,Выдача до 30 минут,FZ 989 
2026-09-11,Россия,Выдача до 30 минут,ФВ 6025 
2026-09-11,Ютэйр,Выдача до 30 минут,ЮТ 356 
2026-09-11,UZBEKISTAN AIRWAYS,Выдача до 30 минут,ХИ 9615 
2026-09-11,АЗУР эйр,Выдача до 30 минут,AZV 3006 
2026-09-11,Shirak Avia,Выдача до 30 минут,ЮБГ 509 
2026-09-11,GEORGIAN AIRWAYS,Выдача до 30 минут,AZO 7108 
2026-09-11,Газпром авиа,Выдача до 30 минут,ГЗП 948 
2026-09-11,Россия,Выдача до 30 минут,ФВ 6031 
2026-09-11,Руслайн,Выдача до 30 минут,РГ 194 
2026-09-11,Ютэйр,Выдача более 40 минут,ЮТ 802 
2026-09-11,Turkish Airlines,Выдача от 30 до 40 минут,TK 3060 
2026-09-11,UZBEKISTAN AIRWAYS,Выдача до 30 минут,ХИ 613 
2026-09-11,ЮВТ АЭРО,Некорректно проставлены отметки,ЮВ 204 
2026-09-11,flydubai,Выдача до 30 минут,FZ 951 
2026-09-11,Turkish Airlines,Выдача более 40 минут,TK 411 
2026-09-11,Ютэйр,Выдача до 30 минут,ЮТ 784 
2026-09-11,AZAL,Выдача до 30 минут,J2 805 
2026-09-11,Pegasus,Выдача от 30 до 40 минут,PC 1580 
2026-09-11,Россия,Некорректно проставлены отметки,ФВ 6181 
2026-09-11,Ютэйр,Выдача до 30 минут,ЮТ 576 
2026-09-11,Red Sea,Выдача от 30 до 40 минут,4S 311 
2026-09-11,Победа,Выдача до 30 минут,ДР 486 
2026-09-11,Победа,Выдача до 30 минут,ДР 158 
2026-09-11,Turkish Airlines,Выдача до 30 минут,TK 211 
2026-09-11,Ютэйр,Выдача до 30 минут,ЮТ 400 
2026-09-11,Pegasus,Выдача до 30 минут,PC 1576 
2026-09-11,Россия,Выдача до 30 минут,ФВ 6183 
2026-09-11,Turkish Airlines,Выдача от 30 до 40 минут,TK 409 
2026-09-11,Россия,Выдача до 30 минут,ФВ 6009 
2026-09-11,SCAT Airlines,Выдача от 30 до 40 минут,DV 813 
2026-09-11,Nesma Airlines,Выдача до 30 минут,NE 602 
2026-09-11,Победа,Выдача более 40 минут,ДР 348A 
2026-09-11,flydubai,Выдача до 30 минут,FZ 967 
2026-09-11,Россия,Некорректно проставлены отметки,ФВ 6179 
2026-09-11,UZBEKISTAN AIRWAYS,Выдача до 30 минут,ХИ 9627 
2026-09-11,flydubai,Выдача до 30 минут,FZ 8563 
2026-09-11,Вологодское АП,Не определено,ВГ 2392 
2026-09-11,Россия,Некорректно проставлены отметки,ФВ 6177 
2026-09-11,SCAT Airlines,Выдача до 30 минут,DV 815 
2026-09-11,AZAL,Выдача до 30 минут,AHY 5830 
2026-09-11,FLYONE Armenia,Выдача до 30 минут,УР 514 
2026-09-11,Россия,Выдача до 30 минут,ФВ 6037 
2026-09-11,Nesma Airlines,Выдача до 30 минут,NE 646 
2026-09-11,FLYONE Armenia,Выдача до 30 минут,3F 325 
2026-09-11,Победа,Выдача до 30 минут,PBD 840 
2026-09-11,Победа,Выдача до 30 минут,ДР 836 
2026-09-11,Победа,Выдача до 30 минут,ДР 964 
2026-09-11,Победа,Выдача до 30 минут,PBD 860 
2026-09-11,Turkish Airlines,Выдача до 30 минут,TK 3120 
2026-09-11,GEORGIAN AIRWAYS,Выдача до 30 минут,AZO 7156 
2026-09-11,Победа,Выдача до 30 минут,PBD 980 
2026-09-11,Ютэйр,Выдача до 30 минут,ЮТ 180 
2026-09-11,Turkish Airlines,Выдача до 30 минут,TK 417 
2026-09-11,Meraj Air,Выдача от 30 до 40 минут,MRJ 4879 
2026-09-11,Turkish Airlines,Выдача от 30 до 40 минут,TK 3122 
2026-09-11,Ютэйр,Выдача до 30 минут,ЮТ 560B
2026-09-11,Pegasus,Выдача от 30 до 40 минут,PC 386 
2026-09-11,Победа,Выдача до 30 минут,ДР 116 
2026-09-11,Nesma Airlines,Выдача до 30 минут,NE 604 
2026-09-11,Turkish Airlines,Выдача до 30 минут,TK 421A
2026-09-11,AJET,Выдача до 30 минут,VF 587 
2026-09-11,Pegasus,Выдача до 30 минут,PC 1456 
2026-09-11,Turkish Airlines,Выдача до 30 минут,TK 419 
2026-09-11,Pegasus,Выдача до 30 минут,PC 390 
2026-09-11,AJET,Выдача до 30 минут,VF 277 
2026-09-11,Nesma Airlines,Выдача до 30 минут,NE 642 
2026-09-11,Победа,Выдача до 30 минут,ДР 408 
2026-09-11,ЮВТ АЭРО,Выдача до 30 минут,ЮВ 303 
2026-09-11,Победа,Выдача до 30 минут,ДР 434 
2026-09-11,Turkish Airlines,Выдача до 30 минут,TK 407 
2026-09-11,Pegasus,Выдача от 30 до 40 минут,PC 1458 
2026-09-11,Red Sea,Выдача до 30 минут,4S 315 
2026-09-11,Turkish Airlines,Выдача до 30 минут,TK 3172 
2026-09-11,Победа,Выдача до 30 минут,ДР 414 
2026-09-11,Ютэйр,Выдача до 30 минут,ЮТ 358 
2026-09-11,flydubai,Выдача до 30 минут,FZ 975A
2026-09-11,Turkish Airlines,Выдача до 30 минут,TK 3070 
2026-09-11,Turkish Airlines,Выдача до 30 минут,TK 3002 
2026-09-11,Turkish Airlines,Выдача до 30 минут,TK 3178 
2026-09-11,Turkish Airlines,Некорректно проставлены отметки,TK 3084 
2026-09-11,Turkish Airlines,Выдача от 30 до 40 минут,TK 217 
2026-09-11,Pegasus,Выдача до 30 минут,PC 1521 
2026-09-11,AJET,Выдача до 30 минут,VF 275 
2026-09-11,flydubai,Выдача до 30 минут,FZ 987 
2026-09-11,Turkish Airlines,Выдача до 30 минут,TK 3036 
2026-09-11,AZAL,Выдача до 30 минут,J2 809 
2026-09-11,Red Sea,Выдача от 30 до 40 минут,4S 341 
2026-09-11,Turkish Airlines,Выдача до 30 минут,TK 3154 
2026-09-11,flydubai,Выдача до 30 минут,FZ 965 
2026-09-11,Азимут,Выдача до 30 минут,А4 7036B
2026-09-11,Россия,Выдача от 30 до 40 минут,ФВ 6189 
2026-09-11,Red Sea,Выдача до 30 минут,4S 325 
2026-09-11,Победа,Выдача до 30 минут,ДР 168 
2026-09-11,Turkish Airlines,Выдача до 30 минут,TK 3006 
2026-09-11,Nesma Airlines,Выдача от 30 до 40 минут,NE 618 
2026-09-11,Nesma Airlines,Выдача до 30 минут,NE 600 
2026-09-11,Asia Union Airlines,Выдача до 30 минут,7Q 1777 
2026-09-11,Вологодское АП,Не определено,ВГ 2390 
2026-09-11,Победа,Выдача до 30 минут,ДР 744 
2026-09-11,Aero Nomad,Выдача от 30 до 40 минут,КГ 555 
2026-09-11,Россия,Выдача до 30 минут,ФВ 6005 
2026-09-11,Ютэйр,Выдача до 30 минут,ЮТ 790 
2026-09-11,UZBEKISTAN AIRWAYS,Выдача до 30 минут,ХИ 9619A
2026-09-11,SCAT Airlines,Выдача до 30 минут,DV 801 
2026-09-11,Победа,Выдача до 30 минут,ДР 730 
2026-09-11,Алроса,Выдача до 30 минут,ЯМ 597 
2026-09-11,Turkish Airlines,Выдача до 30 минут,TK 413 
2026-09-11,Россия,Выдача до 30 минут,ФВ 6007 
2026-09-11,Ютэйр,Выдача до 30 минут,ЮТ 560 
2026-09-11,Turkish Airlines,Выдача до 30 минут,TK 1231 
2026-09-11,AZAL,Выдача до 30 минут,J2 807 
2026-09-11,FLYONE Armenia,Выдача до 30 минут,3F 321 
2026-09-11,GEORGIAN AIRWAYS,Выдача до 30 минут,ЖГ 936 
2026-09-11,Turkish Airlines,Выдача до 30 минут,TK 3164 
2026-09-11,Победа,Выдача до 30 минут,ДР 436 
2026-09-11,GEORGIAN AIRWAYS,Выдача до 30 минут,ЖГ 932 
2026-09-11,Победа,Выдача до 30 минут,ДР 714 
2026-09-11,Ютэйр,Выдача до 30 минут,ЮТ 446 
2026-09-11,Россия,Выдача до 30 минут,ФВ 6003 
2026-09-11,Победа,Выдача до 30 минут,ДР 406 
2026-09-11,Победа,Выдача до 30 минут,ДР 742 
2026-09-11,Ютэйр,Выдача до 30 минут,ЮТ 9010 
2026-09-11,Россия,Выдача до 30 минут,ФВ 6019 
2026-09-11,Белавиа,Выдача до 30 минут,В2 981 
2026-09-11,Ютэйр,Выдача до 30 минут,ЮТ 786 
2026-09-11,Ютэйр,Выдача до 30 минут,ЮТ 572 
2026-09-11,Ютэйр,Выдача до 30 минут,ЮТ 248 
2026-09-11,UZBEKISTAN AIRWAYS,Выдача до 30 минут,ХИ 9607 
2026-09-11,Nesma Airlines,Выдача до 30 минут,NE 620 
2026-09-11,Ютэйр,Выдача до 30 минут,ЮТ 454 
2026-09-11,Якутия,Выдача до 30 минут,ЯК 479 
2026-09-11,Ютэйр,Выдача до 30 минут,ЮТ 352 
2026-09-11,SCAT Airlines,Выдача до 30 минут,DV 809 
2026-09-11,Победа,Выдача до 30 минут,ДР 998 
2026-09-11,UZBEKISTAN AIRWAYS,Выдача до 30 минут,ХИ 9623 
2026-09-11,Ютэйр,Выдача от 30 до 40 минут,ЮТ 364 
2026-09-11,Россия,Выдача до 30 минут,ФВ 6051 
2026-09-12,Ютэйр,Выдача до 30 минут,ЮТ 746 
2026-09-12,Ютэйр,Выдача до 30 минут,ЮТ 374 
2026-09-12,Победа,Выдача до 30 минут,ДР 836 
2026-09-12,Nesma Airlines,Выдача до 30 минут,NE 640 
2026-09-12,FLYONE Armenia,Выдача до 30 минут,3F 325 
2026-09-12,Победа,Выдача до 30 минут,ДР 856 
2026-09-12,Turkish Airlines,Выдача до 30 минут,TK 415 
2026-09-12,Ютэйр,Выдача до 30 минут,ЮТ 456 
2026-09-12,Ютэйр,Выдача до 30 минут,ЮТ 576 
2026-09-12,Победа,Выдача до 30 минут,PBD 840 
2026-09-12,Ютэйр,Выдача до 30 минут,ЮТ 464 
2026-09-12,GEORGIAN AIRWAYS,Выдача до 30 минут,AZO 7054 
2026-09-12,Ютэйр,Выдача от 30 до 40 минут,ЮТ 802 
2026-09-12,Ютэйр,Выдача до 30 минут,ЮТ 398 
2026-09-12,Ютэйр,Выдача до 30 минут,ЮТ 400 
2026-09-12,Якутия,Выдача до 30 минут,ЯК 474 
2026-09-12,Россия,Выдача до 30 минут,ФВ 6175 
2026-09-12,Россия,Выдача до 30 минут,ФВ 6177 
2026-09-12,Белавиа,Выдача до 30 минут,В2 979 
2026-09-12,Turkish Airlines,Выдача до 30 минут,TK 3024 
2026-09-12,Азимут,Выдача до 30 минут,А4 7010 
2026-09-12,Россия,Выдача до 30 минут,ФВ 6179 
2026-09-12,Turkish Airlines,Выдача до 30 минут,TK 3046 
2026-09-12,Turkish Airlines,Выдача до 30 минут,TK 417 
2026-09-12,Nesma Airlines,Выдача до 30 минут,NE 644 
2026-09-12,Россия,Выдача до 30 минут,ФВ 6025 
2026-09-12,Победа,Выдача до 30 минут,ДР 992 
2026-09-12,UZBEKISTAN AIRWAYS,Выдача до 30 минут,ХИ 9615 
2026-09-12,Pegasus,Выдача до 30 минут,PC 388 
2026-09-12,Россия,Выдача до 30 минут,ФВ 6037 
2026-09-12,FLYONE Armenia,Выдача до 30 минут,3F 327 
2026-09-12,Turkish Airlines,Выдача до 30 минут,TK 3082 
2026-09-12,Turkish Airlines,Выдача от 30 до 40 минут,TK 3192 
2026-09-12,Ютэйр,Выдача до 30 минут,ЮТ 744 
2026-09-12,Ютэйр,Выдача до 30 минут,ЮТ 334 
2026-09-12,flydubai,Выдача до 30 минут,FZ 989 
2026-09-12,Red Sea,Выдача до 30 минут,4S 333 
2026-09-12,Северо-Запад,Выдача до 30 минут,НВЦ 9152 
2026-09-12,Газпром авиа,Выдача до 30 минут,ГЗП 416 
2026-09-12,GEORGIAN AIRWAYS,Выдача до 30 минут,ЖГ 937 
2026-09-12,Ютэйр,Выдача до 30 минут,ЮТ 296 
2026-09-12,Pegasus,Выдача от 30 до 40 минут,PC 1576 
2026-09-12,FLYONE Armenia,Выдача до 30 минут,УР 512 
2026-09-12,Победа,Выдача до 30 минут,ДР 466 
2026-09-12,AZAL,Выдача до 30 минут,J2 803 
2026-09-12,Победа,Выдача до 30 минут,ДР 422 
2026-09-12,Nesma Airlines,Выдача до 30 минут,NE 616 
2026-09-12,Pegasus,Выдача от 30 до 40 минут,PC 1580 
2026-09-12,Азимут,Выдача до 30 минут,А4 7030 
2026-09-12,Turkish Airlines,Выдача от 30 до 40 минут,TK 411 
2026-09-12,flydubai,Выдача от 30 до 40 минут,FZ 951 
2026-09-12,Nesma Airlines,Выдача от 30 до 40 минут,NE 638 
2026-09-12,Азимут,Выдача до 30 минут,А4 7036 
2026-09-12,SCAT Airlines,Выдача от 30 до 40 минут,DV 813 
2026-09-12,Nesma Airlines,Выдача от 30 до 40 минут,NE 600 
2026-09-12,Победа,Выдача от 30 до 40 минут,ДР 158 
2026-09-12,Ютэйр,Выдача до 30 минут,ЮТ 376 
2026-09-12,Turkish Airlines,Выдача до 30 минут,TK 211 
2026-09-12,flydubai,Выдача до 30 минут,FZ 987 
2026-09-12,Turkish Airlines,Выдача от 30 до 40 минут,TK 409 
2026-09-12,Победа,Выдача до 30 минут,PBD 860 
2026-09-12,Ютэйр,Выдача от 30 до 40 минут,ЮТ 784 
2026-09-12,Ютэйр,Выдача до 30 минут,УТА 6132 
2026-09-12,Победа,Выдача до 30 минут,ДР 964 
2026-09-12,Turkish Airlines,Выдача до 30 минут,TK 3060 
2026-09-12,Ютэйр,Выдача до 30 минут,ЮТ 250 
2026-09-12,UZBEKISTAN AIRWAYS,Выдача до 30 минут,ХИ 9627 
2026-09-12,UZBEKISTAN AIRWAYS,Выдача до 30 минут,ХИ 9609 
2026-09-12,Победа,Выдача до 30 минут,ДР 160 
2026-09-12,UZBEKISTAN AIRWAYS,Выдача до 30 минут,ХИ 613 
2026-09-12,Россия,Выдача до 30 минут,ФВ 6181 
2026-09-12,flydubai,Выдача от 30 до 40 минут,FZ 975 
2026-09-12,Ютэйр,Выдача до 30 минут,ЮТ 810 
2026-09-12,Победа,Выдача до 30 минут,PBD 736 
2026-09-12,Победа,Выдача до 30 минут,ДР 404 
2026-09-12,Nesma Airlines,Выдача до 30 минут,NE 648 
2026-09-12,Россия,Выдача до 30 минут,ФВ 6183 
2026-09-12,GEORGIAN AIRWAYS,Выдача до 30 минут,ЖГ 926 
2026-09-12,Победа,Выдача до 30 минут,ДР 994 
2026-09-12,Победа,Выдача до 30 минут,ДР 116 
2026-09-12,flydubai,Выдача от 30 до 40 минут,FZ 967 
2026-09-12,ЮВТ АЭРО,Выдача до 30 минут,ЮВ 301 
2026-09-12,SCAT Airlines,Выдача до 30 минут,DV 815 
2026-09-12,Nesma Airlines,Выдача от 30 до 40 минут,NE 608 
2026-09-12,Nesma Airlines,Выдача до 30 минут,NE 614 
2026-09-12,FLYONE Armenia,Выдача до 30 минут,УР 412 
2026-09-12,Turkish Airlines,Выдача до 30 минут,TK 3006 
2026-09-12,Pegasus,Выдача до 30 минут,PC 386 
2026-09-12,Turkish Airlines,Выдача до 30 минут,TK 3172 
2026-09-12,UZBEKISTAN AIRWAYS,Выдача до 30 минут,ХИ 9619A
2026-09-12,AJET,Выдача до 30 минут,VF 587 
2026-09-12,Pegasus,Выдача от 30 до 40 минут,PC 1456 
2026-09-12,Turkish Airlines,Выдача до 30 минут,TK 3028A
2026-09-12,AJET,Выдача от 30 до 40 минут,VF 277 
2026-09-12,Turkish Airlines,Выдача до 30 минут,TK 419 
2026-09-12,Pegasus,Выдача до 30 минут,PC 390 
2026-09-12,Nesma Airlines,Выдача до 30 минут,NE 492 
2026-09-12,Red Sea,Выдача до 30 минут,4S 317 
2026-09-12,Turkish Airlines,Выдача до 30 минут,TK 407 
2026-09-12,Победа,Выдача до 30 минут,ДР 998 
2026-09-12,Ютэйр,Выдача до 30 минут,ЮТ 786 
2026-09-12,Pegasus,Выдача до 30 минут,PC 1458 
2026-09-12,Победа,Выдача до 30 минут,ДР 210B
2026-09-12,Победа,Выдача до 30 минут,ДР 968 
2026-09-12,AZAL,Выдача от 30 до 40 минут,J2 809 
2026-09-12,Победа,Выдача до 30 минут,ДР 206B
2026-09-12,Азимут,Выдача до 30 минут,А4 7010P
2026-09-12,Россия,Выдача до 30 минут,ФВ 6009 
2026-09-12,Победа,Выдача до 30 минут,ДР 264 
2026-09-12,Turkish Airlines,Выдача от 30 до 40 минут,TK 3084 
2026-09-12,Россия,Выдача до 30 минут,ФВ 6189 
2026-09-12,AJET,Выдача более 40 минут,VF 275 
2026-09-12,UZBEKISTAN AIRWAYS,Выдача до 30 минут,ХИ 605 
2026-09-12,Ютэйр,Выдача до 30 минут,ЮТ 1376 
2026-09-12,Pegasus,Выдача от 30 до 40 минут,PC 1521 
2026-09-12,Победа,Выдача до 30 минут,ДР 208 
2026-09-12,Turkish Airlines,Выдача до 30 минут,TK 3002 
2026-09-12,Россия,Выдача до 30 минут,ФВ 6185 
2026-09-12,Ютэйр,Выдача от 30 до 40 минут,ЮТ 358 
2026-09-12,Turkish Airlines,Выдача до 30 минут,TK 3036 
2026-09-12,Ютэйр,Выдача до 30 минут,ЮТ 374F
2026-09-12,Turkish Airlines,Выдача до 30 минут,TK 3014 
2026-09-12,Turkish Airlines,Выдача до 30 минут,TK 421 
2026-09-12,Turkish Airlines,Выдача до 30 минут,TK 3154 
2026-09-12,flydubai,Выдача до 30 минут,FZ 965 
2026-09-12,Победа,Выдача до 30 минут,ДР 994B
2026-09-12,GEORGIAN AIRWAYS,Выдача до 30 минут,AZO 7072 
2026-09-12,Turkish Airlines,Выдача до 30 минут,TK 217 
2026-09-12,Nesma Airlines,Выдача до 30 минут,NE 606 
2026-09-12,Победа,Выдача до 30 минут,ДР 732 
2026-09-12,Россия,Выдача до 30 минут,ФВ 6005 
2026-09-12,Ютэйр,Выдача до 30 минут,ЮТ 356 
2026-09-12,Победа,Выдача до 30 минут,ДР 714 
2026-09-12,Вологодское АП,Не определено,ВГ 2390 
2026-09-12,Газпром авиа,Выдача до 30 минут,ГЗП 262 
2026-09-12,Россия,Выдача до 30 минут,ФВ 6007 
2026-09-12,Не найдено,Выдача более 40 минут,TC 422 
2026-09-12,Turkish Airlines,Выдача до 30 минут,TK 3076 
2026-09-12,Turkish Airlines,Выдача до 30 минут,TK 1231 
2026-09-12,Turkish Airlines,Выдача до 30 минут,TK 3070 
2026-09-12,Turkish Airlines,Выдача до 30 минут,TK 3012 
2026-09-12,Iraqi Airways,Выдача до 30 минут,IA 241 
2026-09-12,Победа,Выдача до 30 минут,ДР 116B
2026-09-12,GEORGIAN AIRWAYS,Выдача до 30 минут,ЖГ 932 
2026-09-12,GEORGIAN AIRWAYS,Выдача до 30 минут,ЖГ 936 
2026-09-12,UZBEKISTAN AIRWAYS,Выдача до 30 минут,ХИ 9607 
2026-09-12,GEORGIAN AIRWAYS,Выдача до 30 минут,AZO 7208 
2026-09-12,Победа,Выдача до 30 минут,ДР 744 
2026-09-12,Азимут,Выдача до 30 минут,А4 7020 
2026-09-12,Россия,Выдача до 30 минут,ФВ 6003 
2026-09-12,Белавиа,Выдача до 30 минут,В2 981 
2026-09-12,Победа,Выдача до 30 минут,ДР 712 
2026-09-12,UZBEKISTAN AIRWAYS,Выдача до 30 минут,ХИ 9621 
2026-09-12,Ютэйр,Выдача до 30 минут,ЮТ 454 
2026-09-12,Ютэйр,Выдача до 30 минут,ЮТ 364 
2026-09-12,Победа,Выдача до 30 минут,ДР 742 
2026-09-12,Ютэйр,Выдача до 30 минут,ЮТ 572 
2026-09-12,Ютэйр,Выдача от 30 до 40 минут,ЮТ 808 
2026-09-12,Ютэйр,Выдача до 30 минут,ЮТ 248 
2026-09-12,Turkish Airlines,Выдача до 30 минут,TK 413 
2026-09-12,Россия,Выдача до 30 минут,ФВ 6051 
2026-09-12,Победа,Выдача до 30 минут,ДР 730 
2026-09-12,AZAL,Выдача до 30 минут,J2 807 
2026-09-12,Ютэйр,Выдача до 30 минут,ЮТ 560 
2026-09-12,Алроса,Выдача до 30 минут,ЯМ 597 
2026-09-12,Ютэйр,Выдача до 30 минут,ЮТ 352 
2026-09-12,SCAT Airlines,Выдача до 30 минут,DV 809 
2026-09-12,Якутия,Выдача до 30 минут,ЯК 473 
2026-09-12,FLYONE Armenia,Выдача до 30 минут,3F 321 
2026-09-13,Победа,Выдача до 30 минут,PBD 980 
2026-09-13,FLYONE Armenia,Выдача до 30 минут,3F 325 
2026-09-13,Россия,Выдача до 30 минут,ФВ 6175 
2026-09-13,Ютэйр,Выдача до 30 минут,ЮТ 596 
2026-09-13,Алроса,Выдача до 30 минут,ЯМ 624 
2026-09-13,Победа,Выдача до 30 минут,ДР 836 
2026-09-13,GEORGIAN AIRWAYS,Выдача до 30 минут,AZO 7054 
2026-09-13,Turkish Airlines,Выдача от 30 до 40 минут,TK 415 
2026-09-13,Ютэйр,Выдача до 30 минут,ЮТ 746 
2026-09-13,Россия,Выдача до 30 минут,ФВ 6177 
2026-09-13,Победа,Выдача до 30 минут,ДР 190 
2026-09-13,Ютэйр,Выдача до 30 минут,ЮТ 398 
2026-09-13,Ютэйр,Выдача от 30 до 40 минут,ЮТ 802 
2026-09-13,Ютэйр,Выдача до 30 минут,ЮТ 464 
2026-09-13,Победа,Выдача до 30 минут,ДР 856 
2026-09-13,Ютэйр,Выдача до 30 минут,ЮТ 400 
2026-09-13,Белавиа,Выдача до 30 минут,В2 985 
2026-09-13,GEORGIAN AIRWAYS,Выдача до 30 минут,ЖГ 926 
2026-09-13,Россия,Выдача до 30 минут,ФВ 6037 
2026-09-13,Nesma Airlines,Выдача до 30 минут,NE 608 
2026-09-13,Победа,Выдача до 30 минут,PBD 840 
2026-09-13,Turkish Airlines,Выдача до 30 минут,TK 417 
2026-09-13,Turkish Airlines,Выдача до 30 минут,TK 3066 
2026-09-13,Россия,Выдача до 30 минут,ФВ 6025 
2026-09-13,Pegasus,Выдача до 30 минут,PC 388 
2026-09-13,Белавиа,Выдача до 30 минут,В2 983 
2026-09-13,Победа,Выдача до 30 минут,ДР 160 
2026-09-13,Ютэйр,Выдача до 30 минут,ЮТ 560 
2026-09-13,Turkish Airlines,Выдача до 30 минут,TK 3082 
2026-09-13,Nesma Airlines,Выдача до 30 минут,NE 620 
2026-09-13,Ютэйр,Выдача до 30 минут,ЮТ 356 
2026-09-13,flydubai,Выдача до 30 минут,FZ 989 
2026-09-13,Газпром авиа,Выдача до 30 минут,ГЗП 252 
2026-09-13,Россия,Выдача до 30 минут,ФВ 6031 
2026-09-13,GEORGIAN AIRWAYS,Не определено,ЖГЖ 9576 
2026-09-13,Азимут,Выдача до 30 минут,А4 7010 
2026-09-13,Северо-Запад,Выдача до 30 минут,НВЦ 9152 
2026-09-13,Ютэйр,Выдача до 30 минут,ЮТ 334 
2026-09-13,Победа,Выдача до 30 минут,ДР 158 
2026-09-13,Ютэйр,Выдача до 30 минут,ЮТ 296 
2026-09-13,flydubai,Выдача до 30 минут,FZ 967 
2026-09-13,Ютэйр,Выдача до 30 минут,ЮТ 250 
2026-09-13,Победа,Выдача до 30 минут,ДР 968 
2026-09-13,flydubai,Выдача до 30 минут,FZ 951 
2026-09-13,Pegasus,Выдача от 30 до 40 минут,PC 1580 
2026-09-13,Россия,Выдача до 30 минут,ФВ 6185 
2026-09-13,Nouvelair Tunisie,Выдача до 30 минут,BJ 814 
2026-09-13,Газпром авиа,Выдача до 30 минут,ГЗП 418 
2026-09-13,SCAT Airlines,Выдача до 30 минут,DV 813 
2026-09-13,Turkish Airlines,Выдача до 30 минут,TK 411 
2026-09-13,Ютэйр,Выдача до 30 минут,ЮТ 374 
2026-09-13,Победа,Выдача до 30 минут,ДР 486 
2026-09-13,Turkish Airlines,Выдача до 30 минут,TK 211 
2026-09-13,flydubai,Выдача до 30 минут,FZ 987 
2026-09-13,ЮВТ АЭРО,Выдача до 30 минут,ЮВ 301 
2026-09-13,GEORGIAN AIRWAYS,Выдача до 30 минут,ЖГ 937 
2026-09-13,Победа,Выдача до 30 минут,ДР 206 
2026-09-13,Победа,Выдача до 30 минут,ДР 422 
2026-09-13,AZAL,Выдача до 30 минут,J2 803 
2026-09-13,Россия,Выдача до 30 минут,ФВ 6183 
2026-09-13,FLYONE Armenia,Выдача до 30 минут,УР 512 
2026-09-13,UZBEKISTAN AIRWAYS,Выдача до 30 минут,ХИ 9627 
2026-09-13,Азимут,Выдача до 30 минут,А4 7012 
2026-09-13,Россия,Выдача до 30 минут,ФВ 6179 
2026-09-13,UZBEKISTAN AIRWAYS,Выдача до 30 минут,ХИ 9609 
2026-09-13,UZBEKISTAN AIRWAYS,Выдача до 30 минут,ХИ 613 
2026-09-13,Вологодское АП,Не определено,ВГ 2390 
2026-09-13,UZBEKISTAN AIRWAYS,Выдача до 30 минут,ХИ 9619 
2026-09-13,Победа,Выдача до 30 минут,ДР 964 
2026-09-13,flydubai,Выдача до 30 минут,FZ 975 
2026-09-13,Turkish Airlines,Выдача до 30 минут,TK 3053 
2026-09-13,Россия,Выдача до 30 минут,ФВ 6181 
2026-09-13,SCAT Airlines,Выдача до 30 минут,DV 815 
2026-09-13,Ютэйр,Выдача до 30 минут,ЮТ 576 
2026-09-13,Ютэйр,Выдача до 30 минут,ЮТ 180 
2026-09-13,Nesma Airlines,Выдача до 30 минут,NE 646 
2026-09-13,Победа,Выдача до 30 минут,ДР 994 
2026-09-13,Ютэйр,Выдача до 30 минут,ЮТ 810 
2026-09-13,Победа,Выдача до 30 минут,ДР 466 
2026-09-13,flydubai,Выдача до 30 минут,FZ 969 
2026-09-13,Turkish Airlines,Выдача до 30 минут,TK 3164 
2026-09-13,Победа,Выдача до 30 минут,ДР 206B
2026-09-13,Turkish Airlines,Выдача до 30 минут,TK 3122 
2026-09-13,FLYONE Armenia,Выдача до 30 минут,3F 323 
2026-09-13,Nesma Airlines,Выдача до 30 минут,NE 490 
2026-09-13,Ютэйр,Некорректно проставлены отметки,ЮТ 355 
2026-09-13,Pegasus,Выдача до 30 минут,PC 1456 
2026-09-13,AJET,Выдача до 30 минут,VF 587 
2026-09-13,Pegasus,Выдача до 30 минут,PC 386 
2026-09-13,GEORGIAN AIRWAYS,Выдача до 30 минут,ЖГ 932 
2026-09-13,AJET,Выдача до 30 минут,VF 277 
2026-09-13,Turkish Airlines,Выдача от 30 до 40 минут,TK 419 
2026-09-13,Pegasus,Выдача до 30 минут,PC 390 
2026-09-13,Nesma Airlines,Выдача от 30 до 40 минут,NE 604 
2026-09-13,Red Sea,Выдача до 30 минут,4S 313 
2026-09-13,Pegasus,Выдача от 30 до 40 минут,PC 1458 
2026-09-13,Turkish Airlines,Выдача до 30 минут,TK 407 
2026-09-13,flydubai,Выдача от 30 до 40 минут,FZ 965A
2026-09-13,AZAL,Выдача до 30 минут,AHY 5830 
2026-09-13,Ютэйр,Выдача до 30 минут,ЮТ 764 
2026-09-13,GEORGIAN AIRWAYS,Выдача до 30 минут,AZO 7008 
2026-09-13,Россия,Выдача до 30 минут,ФВ 6189 
2026-09-13,Turkish Airlines,Выдача от 30 до 40 минут,TK 3178 
2026-09-13,Ютэйр,Выдача до 30 минут,ЮТ 358 
2026-09-13,AZAL,Выдача от 30 до 40 минут,J2 809 
2026-09-13,Turkish Airlines,Выдача до 30 минут,TK 3002 
2026-09-13,Turkish Airlines,Выдача до 30 минут,TK 3014 
2026-09-13,Turkish Airlines,Выдача до 30 минут,TK 217 
2026-09-13,Turkish Airlines,Выдача до 30 минут,TK 3006 
2026-09-13,AJET,Выдача от 30 до 40 минут,VF 275 
2026-09-13,Turkish Airlines,Выдача от 30 до 40 минут,TK 421 
2026-09-13,Turkish Airlines,Выдача до 30 минут,TK 3036 
2026-09-13,UZBEKISTAN AIRWAYS,Выдача до 30 минут,ХИ 9619B
2026-09-13,Победа,Выдача от 30 до 40 минут,ДР 264 
2026-09-13,Turkish Airlines,Выдача от 30 до 40 минут,TK 3084 
2026-09-13,Победа,Выдача до 30 минут,ДР 486B
2026-09-13,Turkish Airlines,Выдача до 30 минут,TK 3154 
2026-09-13,Pegasus,Выдача от 30 до 40 минут,PC 1521 
2026-09-13,Nesma Airlines,Выдача от 30 до 40 минут,NE 618 
2026-09-13,Ютэйр,Выдача до 30 минут,ЮТ 786 
2026-09-13,Победа,Выдача до 30 минут,ДР 742 
2026-09-13,Ютэйр,Выдача до 30 минут,ЮТ 446 
2026-09-13,Россия,Выдача до 30 минут,ФВ 6005 
2026-09-13,SCAT Airlines,Выдача до 30 минут,DV 801 
2026-09-13,Ютэйр,Выдача до 30 минут,ЮТ 364 
2026-09-13,Nesma Airlines,Выдача до 30 минут,NE 642 
2026-09-13,Победа,Выдача до 30 минут,ДР 734 
2026-09-13,AZAL,Выдача до 30 минут,J2 807 
2026-09-13,Aero Nomad,Выдача до 30 минут,КГ 555 
2026-09-13,Turkish Airlines,Выдача от 30 до 40 минут,TK 413 
2026-09-13,Turkish Airlines,Выдача от 30 до 40 минут,TK 3070 
2026-09-13,Turkish Airlines,Выдача до 30 минут,TK 3012 
2026-09-13,Shirak Avia,Выдача до 30 минут,ЮБГ 509 
2026-09-13,Turkish Airlines,Выдача до 30 минут,TK 1231 
2026-09-13,Россия,Выдача до 30 минут,ФВ 6009 
2026-09-13,GEORGIAN AIRWAYS,Выдача до 30 минут,ЖГ 936 
2026-09-13,Turkish Airlines,Выдача до 30 минут,TK 3046 
2026-09-13,Россия,Выдача до 30 минут,ФВ 6007 
2026-09-13,Россия,Выдача до 30 минут,ФВ 6003 
2026-09-13,GEORGIAN AIRWAYS,Выдача до 30 минут,AZO 7154 
2026-09-13,Якутия,Выдача до 30 минут,ЯК 475 
2026-09-13,Россия,Выдача до 30 минут,ФВ 6019 
2026-09-13,Победа,Выдача до 30 минут,ДР 408 
2026-09-13,Победа,Выдача до 30 минут,ДР 414 
2026-09-13,Победа,Выдача до 30 минут,ДР 998 
2026-09-13,UZBEKISTAN AIRWAYS,Выдача до 30 минут,ХИ 9607 
2026-09-13,UZBEKISTAN AIRWAYS,Выдача до 30 минут,ХИ 9615 
2026-09-13,Белавиа,Выдача до 30 минут,В2 981 
2026-09-13,Ютэйр,Выдача до 30 минут,ЮТ 808 
2026-09-13,Ютэйр,Выдача до 30 минут,ЮТ 454 
2026-09-13,Ютэйр,Выдача до 30 минут,ЮТ 248 
2026-09-13,Победа,Выдача до 30 минут,ДР 744 
2026-09-13,Россия,Выдача до 30 минут,ФВ 6051 
2026-09-13,Алроса,Выдача до 30 минут,ЯМ 9817 
2026-09-13,Ютэйр,Выдача до 30 минут,ЮТ 572 
2026-09-13,UZBEKISTAN AIRWAYS,Выдача до 30 минут,ХИ 9613 
2026-09-13,Победа,Выдача до 30 минут,ДР 714 
2026-09-13,FLYONE Armenia,Выдача до 30 минут,3F 321 
2026-09-13,Turkish Airlines,Выдача до 30 минут,TK 3076 
2026-09-13,Победа,Выдача до 30 минут,ДР 264 
