date,company,bag_status,flight
2026-07-01,Turkish Airlines,Выдача от 30 до 40 минут,TK 419 
2026-07-01,Победа,Выдача до 30 минут,ДР 408 
2026-07-01,GEORGIAN AIRWAYS,Выдача до 30 минут,ЖГ 936 
2026-07-01,Turkish Airlines,Выдача до 30 минут,TK 3012 
2026-07-01,Turkish Airlines,Выдача до 30 минут,TK 3070 
2026-07-01,Turkish Airlines,Выдача более 40 минут,TK 413 
2026-07-01,Алроса,Выдача до 30 минут,ЯМ 597 
2026-07-01,Turkish Airlines,Выдача до 30 минут,TK 407 
2026-07-01,Turkish Airlines,Выдача до 30 минут,TK 1231 
2026-07-01,GEORGIAN AIRWAYS,Выдача до 30 минут,AZO 7008 
2026-07-01,Вологодское АП,Не определено,ВГ 2390 
2026-07-01,Nesma Airlines,Выдача до 30 минут,NE 600 
2026-07-01,Ютэйр,Выдача от 30 до 40 минут,ЮТ 802 
2026-07-01,Ютэйр,Выдача до 30 минут,ЮТ 276 
2026-07-01,Победа,Выдача до 30 минут,ДР 160 
2026-07-01,GEORGIAN AIRWAYS,Выдача до 30 минут,ЖГ 926 
2026-07-01,Победа,Выдача до 30 минут,PBD 840 
2026-07-01,Азимут,Выдача до 30 минут,А4 7010 
2026-07-01,FLYONE Armenia,Выдача до 30 минут,3F 325 
2026-07-01,Ютэйр,Выдача до 30 минут,ЮТ 464 
2026-07-01,Ютэйр,Выдача до 30 минут,ЮТ 576B
2026-07-01,Ютэйр,Выдача до 30 минут,УТА 6316 
2026-07-01,Turkish Airlines,Выдача от 30 до 40 минут,TK 417 
2026-07-01,Победа,Выдача до 30 минут,ДР 158 
2026-07-01,Россия,Выдача до 30 минут,ФВ 6025 
2026-07-01,Pegasus,Выдача до 30 минут,PC 388 
2026-07-01,Алроса,Выдача до 30 минут,ЯМ 543 
2026-07-01,Ютэйр,Выдача до 30 минут,ЮТ 364 
2026-07-01,flydubai,Выдача от 30 до 40 минут,FZ 989 
2026-07-01,Россия,Выдача до 30 минут,ФВ 6031 
2026-07-01,Turkish Airlines,Выдача до 30 минут,TK 3164 
2026-07-01,Ютэйр,Выдача до 30 минут,ЮТ 398 
2026-07-01,АЗУР эйр,Выдача до 30 минут,AZV 3002 
2026-07-01,Победа,Выдача до 30 минут,ДР 114 
2026-07-01,Россия,Выдача до 30 минут,ФВ 6177 
2026-07-01,Aero Nomad,Выдача от 30 до 40 минут,КГ 503 
2026-07-01,Победа,Выдача до 30 минут,ДР 466 
2026-07-01,Ютэйр,Выдача до 30 минут,ЮТ 784 
2026-07-01,Россия,Выдача до 30 минут,ФВ 6179 
2026-07-01,Победа,Выдача до 30 минут,ДР 210 
2026-07-01,Ютэйр,Выдача до 30 минут,ЮТ 374 
2026-07-01,Победа,Выдача до 30 минут,ДР 422 
2026-07-01,Победа,Выдача до 30 минут,ДР 968 
2026-07-01,Pegasus,Выдача до 30 минут,PC 1580 
2026-07-01,Победа,Выдача до 30 минут,ДР 262 
2026-07-01,Turkish Airlines,Выдача до 30 минут,TK 211 
2026-07-01,Turkish Airlines,Выдача до 30 минут,TK 411 
2026-07-01,Победа,Выдача до 30 минут,PBD 736 
2026-07-01,Ютэйр,Выдача до 30 минут,ЮТ 358 
2026-07-01,Turkish Airlines,Выдача до 30 минут,TK 3046 
2026-07-01,AZAL,Выдача до 30 минут,J2 805 
2026-07-01,Россия,Выдача до 30 минут,ФВ 6185 
2026-07-01,Россия,Выдача до 30 минут,ФВ 6169 
2026-07-01,Победа,Некорректно проставлены отметки,ДР 206 
2026-07-01,UZBEKISTAN AIRWAYS,Выдача до 30 минут,ХИ 605 
2026-07-01,UZBEKISTAN AIRWAYS,Выдача до 30 минут,ХИ 9627 
2026-07-01,UZBEKISTAN AIRWAYS,Выдача до 30 минут,ХИ 9619 
2026-07-01,АЗУР эйр,Выдача до 30 минут,AZV 3008 
2026-07-01,Ютэйр,Выдача до 30 минут,ЮТ 296 
2026-07-01,Ютэйр,Выдача до 30 минут,ЮТ 334 
2026-07-01,Ютэйр,Выдача до 30 минут,ЮТ 810 
2026-07-01,Победа,Некорректно проставлены отметки,PBD 860 
2026-07-01,UZBEKISTAN AIRWAYS,Выдача до 30 минут,ХИ 613 
2026-07-01,Ютэйр,Выдача до 30 минут,ЮТ 746 
2026-07-01,Nesma Airlines,Выдача от 30 до 40 минут,NE 606 
2026-07-01,Россия,Выдача до 30 минут,ФВ 6175 
2026-07-01,Победа,Выдача до 30 минут,ДР 836 
2026-07-01,Победа,Выдача до 30 минут,PBD 980 
2026-07-01,Ютэйр,Выдача до 30 минут,ЮТ 596 
2026-07-01,Победа,Выдача до 30 минут,ДР 964 
2026-07-01,Россия,Выдача до 30 минут,ФВ 6009 
2026-07-01,Россия,Выдача до 30 минут,ФВ 6027 
2026-07-01,Turkish Airlines,Выдача до 30 минут,TK 415 
2026-07-01,GEORGIAN AIRWAYS,Выдача до 30 минут,AZO 7054 
2026-07-01,Россия,Выдача до 30 минут,ФВ 6037 
2026-07-01,Red Sea,Выдача до 30 минут,4S 319 
2026-07-01,Белавиа,Выдача до 30 минут,В2 979 
2026-07-01,Pegasus,Выдача от 30 до 40 минут,PC 390 
2026-07-01,Pegasus,Выдача более 40 минут,PC 386 
2026-07-01,Ютэйр,Выдача до 30 минут,ЮТ 358F
2026-07-01,FLYONE Armenia,Выдача до 30 минут,УР 412 
2026-07-01,Turkish Airlines,Выдача до 30 минут,TK 3024 
2026-07-01,AJET,Выдача до 30 минут,VF 587 
2026-07-01,Ютэйр,Выдача до 30 минут,ЮТ 376 
2026-07-01,Pegasus,Некорректно проставлены отметки,PC 1456 
2026-07-01,AJET,Выдача от 30 до 40 минут,VF 277 
2026-07-01,SCAT Airlines,Выдача до 30 минут,DV 815 
2026-07-01,Ютэйр,Выдача до 30 минут,ЮТ 250B
2026-07-01,Россия,Выдача до 30 минут,ФВ 6187 
2026-07-01,FLYONE Armenia,Выдача до 30 минут,3F 323 
2026-07-01,Turkish Airlines,Выдача до 30 минут,TK 3154 
2026-07-01,Россия,Выдача до 30 минут,ФВ 6161 
2026-07-01,AJET,Не определено,VF 276 
2026-07-01,Turkish Airlines,Выдача до 30 минут,TK 3014 
2026-07-01,Ютэйр,Выдача до 30 минут,ЮТ 356 
2026-07-01,AJET,Выдача от 30 до 40 минут,VF 275 
2026-07-01,SCAT Airlines,Выдача до 30 минут,DV 813 
2026-07-01,Победа,Выдача до 30 минут,ДР 856 
2026-07-01,Ютэйр,Выдача до 30 минут,ЮТ 576 
2026-07-01,Россия,Выдача до 30 минут,ФВ 6181 
2026-07-01,Nouvelair Tunisie,Выдача до 30 минут,BJ 804 
2026-07-01,Ютэйр,Выдача от 30 до 40 минут,ЮТ 180 
2026-07-01,Азимут,Выдача до 30 минут,А4 7036 
2026-07-01,Nesma Airlines,Выдача до 30 минут,NE 602 
2026-07-01,Победа,Выдача до 30 минут,ДР 994 
2026-07-01,GEORGIAN AIRWAYS,Выдача до 30 минут,AZO 7018 
2026-07-01,Северо-Запад,Выдача до 30 минут,НВЦ 9152 
2026-07-01,FLYONE Armenia,Выдача до 30 минут,УР 514 
2026-07-01,Победа,Выдача до 30 минут,ДР 194 
2026-07-01,Ютэйр,Выдача до 30 минут,ЮТ 560 
2026-07-01,Turkish Airlines,Выдача до 30 минут,TK 3178 
2026-07-01,Победа,Выдача от 30 до 40 минут,ДР 994 
2026-07-01,Победа,Выдача до 30 минут,ДР 486 
2026-07-01,Россия,Некорректно проставлены отметки,ФВ 6007 
2026-07-01,Победа,Выдача до 30 минут,ДР 264 
2026-07-01,Pegasus,Выдача от 30 до 40 минут,PC 1521 
2026-07-01,SCAT Airlines,Выдача до 30 минут,DV 801 
2026-07-01,Руслайн,Выдача до 30 минут,РГ 194 
2026-07-01,Ютэйр,Выдача до 30 минут,ЮТ 446 
2026-07-01,Россия,Выдача до 30 минут,ФВ 6005 
2026-07-01,Россия,Выдача до 30 минут,ФВ 6003 
2026-07-01,Shirak Avia,Выдача от 30 до 40 минут,ЮБГ 509 
2026-07-01,Turkish Airlines,Выдача до 30 минут,TK 421 
2026-07-01,Aero Nomad,Выдача от 30 до 40 минут,КГ 555 
2026-07-01,Азимут,Выдача до 30 минут,А4 7034 
2026-07-01,Северо-Запад,Выдача до 30 минут,НВЦ 9158 
2026-07-01,Победа,Выдача до 30 минут,ДР 190 
2026-07-01,Победа,Выдача до 30 минут,ДР 170 
2026-07-01,Победа,Выдача до 30 минут,ДР 168 
2026-07-01,Победа,Выдача до 30 минут,ДР 198 
2026-07-01,Turkish Airlines,Выдача до 30 минут,TK 217 
2026-07-01,AZAL,Выдача до 30 минут,J2 809 
2026-07-01,Turkish Airlines,Выдача до 30 минут,TK 3036 
2026-07-01,AZAL,Выдача до 30 минут,J2 807 
2026-07-01,Pegasus,Выдача до 30 минут,PC 1458 
2026-07-01,Победа,Выдача до 30 минут,ДР 1188 
2026-07-01,UZBEKISTAN AIRWAYS,Выдача до 30 минут,ХИ 9607 
2026-07-01,Победа,Выдача до 30 минут,ДР 416 
2026-07-01,UZBEKISTAN AIRWAYS,Выдача до 30 минут,ХИ 9615 
2026-07-01,Ютэйр,Выдача до 30 минут,ЮТ 454 
2026-07-01,Победа,Выдача до 30 минут,ДР 998 
2026-07-01,Россия,Выдача до 30 минут,ФВ 6051 
2026-07-01,Якутия,Выдача от 30 до 40 минут,ЯК 475 
2026-07-01,Победа,Выдача до 30 минут,ДР 714 
2026-07-01,GEORGIAN AIRWAYS,Выдача до 30 минут,AZO 7072 
2026-07-01,Ютэйр,Выдача до 30 минут,ЮТ 572 
2026-07-01,Победа,Выдача до 30 минут,ДР 744 
2026-07-01,GEORGIAN AIRWAYS,Выдача до 30 минут,ЖГ 932 
2026-07-01,Победа,Выдача до 30 минут,ДР 436 
2026-07-01,Ютэйр,Выдача до 30 минут,ЮТ 786 
2026-07-01,Ютэйр,Выдача до 30 минут,ЮТ 248 
2026-07-01,flydubai,Выдача до 30 минут,FZ 987 
2026-07-02,Россия,Выдача до 30 минут,ФВ 6031 
2026-07-02,Ютэйр,Выдача до 30 минут,ЮТ 596 
2026-07-02,Северо-Запад,Выдача до 30 минут,НВЦ 9152 
2026-07-02,Победа,Выдача до 30 минут,ДР 964 
2026-07-02,Россия,Выдача до 30 минут,ФВ 6175 
2026-07-02,flydubai,Выдача до 30 минут,FZ 989 
2026-07-02,FLYONE Armenia,Выдача до 30 минут,3F 325 
2026-07-02,Россия,Выдача до 30 минут,ФВ 6037 
2026-07-02,Газпром авиа,Выдача до 30 минут,ГЗП 472 
2026-07-02,Якутия,Выдача до 30 минут,ЯК 465 
2026-07-02,GEORGIAN AIRWAYS,Выдача до 30 минут,ЖГ 926 
2026-07-02,Победа,Выдача до 30 минут,ДР 116 
2026-07-02,Победа,Выдача до 30 минут,ДР 114 
2026-07-02,Азимут,Выдача до 30 минут,А4 7030 
2026-07-02,Победа,Выдача до 30 минут,ДР 836 
2026-07-02,Turkish Airlines,Выдача до 30 минут,TK 3026 
2026-07-02,Победа,Выдача до 30 минут,PBD 860 
2026-07-02,Победа,Выдача до 30 минут,ДР 404 
2026-07-02,Pegasus,Выдача до 30 минут,PC 388 
2026-07-02,FLYONE Armenia,Выдача до 30 минут,УР 512 
2026-07-02,Turkish Airlines,Выдача до 30 минут,TK 3108 
2026-07-02,Ютэйр,Выдача до 30 минут,ЮТ 276 
2026-07-02,Победа,Выдача до 30 минут,ДР 856 
2026-07-02,Газпром авиа,Выдача от 30 до 40 минут,ГЗП 260 
2026-07-02,Руслайн,Выдача до 30 минут,РГ 178 
2026-07-02,Газпром авиа,Выдача до 30 минут,ГЗП 9676 
2026-07-02,Белавиа,Выдача до 30 минут,В2 983 
2026-07-02,Ютэйр,Выдача до 30 минут,ЮТ 356 
2026-07-02,Азимут,Выдача до 30 минут,А4 7010 
2026-07-02,Победа,Выдача до 30 минут,PBD 840 
2026-07-02,Россия,Выдача до 30 минут,ФВ 6177 
2026-07-02,Ютэйр,Выдача более 40 минут,ЮТ 802 
2026-07-02,Ютэйр,Выдача от 30 до 40 минут,ЮТ 464 
2026-07-02,Ютэйр,Выдача до 30 минут,ЮТ 810 
2026-07-02,Ютэйр,Выдача до 30 минут,ЮТ 746 
2026-07-02,Nesma Airlines,Выдача до 30 минут,NE 630 
2026-07-02,Победа,Выдача до 30 минут,ДР 1994 
2026-07-02,Ютэйр,Выдача до 30 минут,УТА 6136 
2026-07-02,Turkish Airlines,Выдача до 30 минут,TK 3066 
2026-07-02,Азимут,Некорректно проставлены отметки,А4 7036 
2026-07-02,Победа,Выдача до 30 минут,ДР 190 
2026-07-02,Победа,Выдача до 30 минут,ДР 466 
2026-07-02,Nesma Airlines,Выдача до 30 минут,NE 614 
2026-07-02,Nesma Airlines,Выдача до 30 минут,NE 490 
2026-07-02,Ютэйр,Выдача до 30 минут,ЮТ 400 
2026-07-02,Россия,Выдача до 30 минут,ФВ 6005 
2026-07-02,AZAL,Выдача до 30 минут,J2 807 
2026-07-02,Turkish Airlines,Выдача до 30 минут,TK 413 
2026-07-02,Россия,Выдача до 30 минут,ФВ 6009 
2026-07-02,Ютэйр,Выдача до 30 минут,ЮТ 576 
2026-07-02,Ютэйр,Выдача до 30 минут,ЮТ 248 
2026-07-02,Turkish Airlines,Выдача до 30 минут,TK 3060 
2026-07-02,Turkish Airlines,Выдача до 30 минут,TK 415 
2026-07-02,UZBEKISTAN AIRWAYS,Выдача до 30 минут,ХИ 605 
2026-07-02,Turkish Airlines,Выдача до 30 минут,TK 211 
2026-07-02,Ютэйр,Выдача до 30 минут,ЮТ 358 
2026-07-02,Победа,Выдача до 30 минут,ДР 714 
2026-07-02,GEORGIAN AIRWAYS,Выдача до 30 минут,ЖГ 937 
2026-07-02,Nesma Airlines,Выдача до 30 минут,NE 604 
2026-07-02,Россия,Выдача до 30 минут,ФВ 6183 
2026-07-02,ЮВТ АЭРО,Выдача до 30 минут,ЮВ 204 
2026-07-02,UZBEKISTAN AIRWAYS,Выдача до 30 минут,ХИ 9627 
2026-07-02,GEORGIAN AIRWAYS,Выдача до 30 минут,AZO 7054 
2026-07-02,Россия,Выдача до 30 минут,ФВ 6179 
2026-07-02,Nesma Airlines,Выдача до 30 минут,NE 640 
2026-07-02,SCAT Airlines,Выдача до 30 минут,DV 813 
2026-07-02,AZAL,Выдача более 40 минут,J2 805 
2026-07-02,Ютэйр,Выдача до 30 минут,ЮТ 374B
2026-07-02,Россия,Выдача до 30 минут,ФВ 6181 
2026-07-02,Россия,Выдача до 30 минут,ФВ 6185 
2026-07-02,Pegasus,Выдача до 30 минут,PC 1580 
2026-07-02,Red Sea,Выдача до 30 минут,4S 341 
2026-07-02,Победа,Выдача до 30 минут,ДР 194 
2026-07-02,Ютэйр,Выдача до 30 минут,УТА 6316 
2026-07-02,Алроса,Выдача до 30 минут,ЯМ 543 
2026-07-02,Ютэйр,Выдача до 30 минут,ЮТ 296 
2026-07-02,Turkish Airlines,Выдача от 30 до 40 минут,TK 411 
2026-07-02,UZBEKISTAN AIRWAYS,Выдача до 30 минут,ХИ 613 
2026-07-02,Победа,Выдача до 30 минут,ДР 730 
2026-07-02,Ютэйр,Выдача до 30 минут,ЮТ 454 
2026-07-02,Победа,Некорректно проставлены отметки,ДР 188 
2026-07-02,Победа,Выдача до 30 минут,ДР 968 
2026-07-02,Победа,Выдача до 30 минут,ДР 744 
2026-07-02,GEORGIAN AIRWAYS,Выдача от 30 до 40 минут,ЖГ 932 
2026-07-02,flydubai,Выдача до 30 минут,FZ 987 
2026-07-02,Победа,Выдача до 30 минут,ДР 414 
2026-07-02,FLYONE Armenia,Выдача до 30 минут,3F 323 
2026-07-02,Nesma Airlines,Выдача от 30 до 40 минут,NE 644 
2026-07-02,Pegasus,Выдача от 30 до 40 минут,PC 386 
2026-07-02,Россия,Выдача до 30 минут,ФВ 6051 
2026-07-02,Ютэйр,Выдача до 30 минут,ЮТ 400F
2026-07-02,AJET,Выдача от 30 до 40 минут,VF 275 
2026-07-02,Победа,Выдача до 30 минут,ДР 1486 
2026-07-02,Turkish Airlines,Выдача от 30 до 40 минут,TK 217 
2026-07-02,Turkish Airlines,Выдача до 30 минут,TK 3014 
2026-07-02,Turkish Airlines,Выдача до 30 минут,TK 3154 
2026-07-02,Nesma Airlines,Выдача до 30 минут,NE 616 
2026-07-02,Turkish Airlines,Выдача до 30 минут,TK 3084 
2026-07-02,Turkish Airlines,Выдача от 30 до 40 минут,TK 3060 
2026-07-02,Nesma Airlines,Выдача до 30 минут,NE 646 
2026-07-02,Pegasus,Выдача от 30 до 40 минут,PC 1521 
2026-07-02,Turkish Airlines,Выдача до 30 минут,TK 3122 
2026-07-02,Turkish Airlines,Выдача до 30 минут,TK 417 
2026-07-02,Turkish Airlines,Выдача до 30 минут,TK 3178 
2026-07-02,Turkish Airlines,Некорректно проставлены отметки,TK 419 
2026-07-02,Turkish Airlines,Выдача до 30 минут,TK 3036 
2026-07-02,Turkish Airlines,Выдача более 40 минут,TK 409 
2026-07-02,Россия,Выдача до 30 минут,ФВ 6025 
2026-07-02,Pegasus,Выдача до 30 минут,PC 1576 
2026-07-02,Pegasus,Выдача до 30 минут,PC 1456 
2026-07-02,АЗУР эйр,Выдача от 30 до 40 минут,AZV 3010 
2026-07-02,Победа,Выдача до 30 минут,ДР 208 
2026-07-02,AJET,Выдача до 30 минут,VF 277 
2026-07-02,Pegasus,Выдача до 30 минут,PC 390 
2026-07-02,Ютэйр,Выдача до 30 минут,ЮТ 250 
2026-07-02,Победа,Выдача до 30 минут,ДР 408 
2026-07-02,Ютэйр,Выдача до 30 минут,ЮТ 786 
2026-07-02,ЮВТ АЭРО,Выдача до 30 минут,ЮВ 301 
2026-07-02,Red Sea,Выдача до 30 минут,4S 337 
2026-07-02,Turkish Airlines,Выдача до 30 минут,TK 421 
2026-07-02,AJET,Выдача до 30 минут,VF 587 
2026-07-02,Победа,Выдача до 30 минут,ДР 210 
2026-07-02,Победа,Выдача до 30 минут,ДР 434 
2026-07-02,АЗУР эйр,Выдача до 30 минут,AZV 3002 
2026-07-02,Ютэйр,Выдача до 30 минут,ЮТ 352 
2026-07-02,Вологодское АП,Не определено,ВГ 2390 
2026-07-02,Turkish Airlines,Выдача от 30 до 40 минут,TK 407 
2026-07-02,Россия,Выдача до 30 минут,ФВ 6019 
2026-07-02,GEORGIAN AIRWAYS,Выдача до 30 минут,AZO 7154 
2026-07-02,UZBEKISTAN AIRWAYS,Выдача до 30 минут,ХИ 9607 
2026-07-02,Pegasus,Выдача до 30 минут,PC 1458 
2026-07-02,Россия,Выдача до 30 минут,ФВ 6007 
2026-07-02,Россия,Некорректно проставлены отметки,ФВ 6003 
2026-07-02,Ютэйр,Выдача до 30 минут,ЮТ 572 
2026-07-02,GEORGIAN AIRWAYS,Выдача до 30 минут,ЖГ 936 
2026-07-02,GEORGIAN AIRWAYS,Выдача до 30 минут,AZO 7072 
2026-07-02,Turkish Airlines,Выдача от 30 до 40 минут,TK 3070 
2026-07-02,Aero Nomad,Выдача до 30 минут,КГ 555 
2026-07-02,Turkish Airlines,Выдача от 30 до 40 минут,TK 1231 
2026-07-02,Не найдено,Выдача до 30 минут,TC 422 
2026-07-02,Победа,Выдача до 30 минут,ДР 262 
2026-07-02,Turkish Airlines,Выдача до 30 минут,TK 3012 
2026-07-02,SCAT Airlines,Выдача до 30 минут,DV 809 
2026-07-02,Россия,Выдача до 30 минут,ФВ 6169 
2026-07-02,SCAT Airlines,Выдача до 30 минут,DV 815 
2026-07-02,Ютэйр,Выдача до 30 минут,ЮТ 784 
2026-07-02,Россия,Выдача до 30 минут,ФВ 6027 
2026-07-02,Победа,Выдача до 30 минут,PBD 980 
2026-07-02,Победа,Выдача до 30 минут,ДР 158 
2026-07-02,Руслайн,Выдача до 30 минут,РГ 194 
2026-07-02,Ютэйр,Выдача до 30 минут,ЮТ 398 
2026-07-02,UZBEKISTAN AIRWAYS,Выдача от 30 до 40 минут,ХИ 9619 
2026-07-02,Turkish Airlines,Выдача до 30 минут,TK 3006 
2026-07-02,Белавиа,Выдача до 30 минут,В2 985 
2026-07-02,Россия,Выдача до 30 минут,ФВ 6187 
2026-07-02,Ютэйр,Выдача от 30 до 40 минут,ЮТ 364 
2026-07-02,Ютэйр,Выдача до 30 минут,ЮТ 808 
2026-07-02,FLYONE Armenia,Выдача до 30 минут,3F 321 
2026-07-02,Победа,Выдача до 30 минут,ДР 436 
2026-07-02,Азимут,Выдача до 30 минут,А4 7020 
2026-07-02,UZBEKISTAN AIRWAYS,Выдача до 30 минут,ХИ 9615 
2026-07-03,Ютэйр,Выдача до 30 минут,ЮТ 746 
2026-07-03,Ютэйр,Выдача до 30 минут,ЮТ 276 
2026-07-03,Алроса,Выдача до 30 минут,ЯМ 597 
2026-07-03,Победа,Некорректно проставлены отметки,ДР 836 
2026-07-03,Победа,Выдача до 30 минут,PBD 840 
2026-07-03,Победа,Выдача до 30 минут,PBD 980 
2026-07-03,Ютэйр,Выдача более 40 минут,ЮТ 464 
2026-07-03,Победа,Выдача до 30 минут,ДР 994 
2026-07-03,Россия,Выдача до 30 минут,ФВ 6175 
2026-07-03,Ютэйр,Выдача до 30 минут,ЮТ 400 
2026-07-03,Азимут,Выдача до 30 минут,А4 7010 
2026-07-03,Россия,Выдача до 30 минут,ФВ 6187 
2026-07-03,Ютэйр,Выдача до 30 минут,ЮТ 802 
2026-07-03,SCAT Airlines,Выдача до 30 минут,DV 815 
2026-07-03,GEORGIAN AIRWAYS,Некорректно проставлены отметки,ЖГ 926 
2026-07-03,Победа,Выдача до 30 минут,ДР 194 
2026-07-03,Turkish Airlines,Выдача до 30 минут,TK 417 
2026-07-03,Россия,Выдача до 30 минут,ФВ 6181 
2026-07-03,Ютэйр,Выдача до 30 минут,ЮТ 456 
2026-07-03,Aero Nomad,Выдача до 30 минут,КГ 503 
2026-07-03,UZBEKISTAN AIRWAYS,Выдача от 30 до 40 минут,ХИ 9619 
2026-07-03,Ютэйр,Выдача до 30 минут,ЮТ 398 
2026-07-03,Turkish Airlines,Выдача до 30 минут,TK 3058 
2026-07-03,Победа,Выдача до 30 минут,ДР 114 
2026-07-03,АЗУР эйр,Выдача от 30 до 40 минут,AZV 3002 
2026-07-03,Победа,Выдача от 30 до 40 минут,ДР 116 
2026-07-03,Pegasus,Выдача до 30 минут,PC 388 
2026-07-03,Turkish Airlines,Выдача до 30 минут,TK 3008 
2026-07-03,Победа,Выдача до 30 минут,ДР 968 
2026-07-03,Победа,Выдача до 30 минут,ДР 856 
2026-07-03,Ютэйр,Выдача до 30 минут,ЮТ 334 
2026-07-03,Nesma Airlines,Выдача до 30 минут,NE 608 
2026-07-03,flydubai,Выдача до 30 минут,FZ 989 
2026-07-03,Россия,Выдача до 30 минут,ФВ 6031 
2026-07-03,Руслайн,Выдача до 30 минут,РГ 194 
2026-07-03,Turkish Airlines,Выдача до 30 минут,TK 3112 
2026-07-03,Белавиа,Выдача до 30 минут,В2 979 
2026-07-03,Россия,Выдача до 30 минут,ФВ 6037 
2026-07-03,Россия,Выдача до 30 минут,ФВ 6027 
2026-07-03,АЗУР эйр,Выдача от 30 до 40 минут,AZV 3006 
2026-07-03,FLYONE Armenia,Выдача до 30 минут,УР 514 
2026-07-03,Алроса,Выдача до 30 минут,ЯМ 543 
2026-07-03,GEORGIAN AIRWAYS,Выдача до 30 минут,AZO 7018 
2026-07-03,Ютэйр,Выдача до 30 минут,ЮТ 784 
2026-07-03,Nesma Airlines,Выдача до 30 минут,NE 602 
2026-07-03,Россия,Выдача до 30 минут,ФВ 6185 
2026-07-03,AZAL,Выдача до 30 минут,J2 805 
2026-07-03,Россия,Выдача до 30 минут,ФВ 6169 
2026-07-03,Pegasus,Выдача от 30 до 40 минут,PC 1580 
2026-07-03,Turkish Airlines,Выдача до 30 минут,TK 3120 
2026-07-03,Red Sea,Выдача до 30 минут,4S 311 
2026-07-03,UZBEKISTAN AIRWAYS,Выдача до 30 минут,ХИ 605 
2026-07-03,Ютэйр,Выдача до 30 минут,ЮТ 358 
2026-07-03,AZAL,Выдача до 30 минут,J2 5830 
2026-07-03,Ютэйр,Выдача до 30 минут,ЮТ 250 
2026-07-03,Победа,Выдача до 30 минут,ДР 964 
2026-07-03,Ютэйр,Выдача до 30 минут,ЮТ 180 
2026-07-03,Победа,Выдача до 30 минут,ДР 262 
2026-07-03,Turkish Airlines,Выдача до 30 минут,TK 411 
2026-07-03,Победа,Выдача до 30 минут,ДР 158 
2026-07-03,Победа,Выдача до 30 минут,PBD 736 
2026-07-03,Ютэйр,Выдача до 30 минут,УТА 6316 
2026-07-03,ЮВТ АЭРО,Выдача до 30 минут,ЮВ 204 
2026-07-03,Turkish Airlines,Выдача от 30 до 40 минут,TK 415 
2026-07-03,Россия,Выдача до 30 минут,ФВ 6177 
2026-07-03,GEORGIAN AIRWAYS,Выдача до 30 минут,AZO 7054 
2026-07-03,Якутия,Выдача до 30 минут,ЯК 480 
2026-07-03,Победа,Выдача до 30 минут,PBD 860 
2026-07-03,Россия,Выдача до 30 минут,ФВ 6025 
2026-07-03,Turkish Airlines,Выдача до 30 минут,TK 3110 
2026-07-03,Победа,Выдача до 30 минут,ДР 160 
2026-07-03,АЗУР эйр,Выдача до 30 минут,AZV 3008 
2026-07-03,Вологодское АП,Не определено,ВГ 2392 
2026-07-03,FLYONE Armenia,Выдача до 30 минут,3F 325 
2026-07-03,Северо-Запад,Выдача до 30 минут,НВЦ 9152 
2026-07-03,Россия,Выдача до 30 минут,ФВ 6183 
2026-07-03,Ютэйр,Выдача до 30 минут,ЮТ 296 
2026-07-03,UZBEKISTAN AIRWAYS,Выдача до 30 минут,ХИ 9627 
2026-07-03,UZBEKISTAN AIRWAYS,Выдача от 30 до 40 минут,ХИ 613 
2026-07-03,Россия,Выдача до 30 минут,ФВ 6179 
2026-07-03,Ютэйр,Выдача до 30 минут,ЮТ 576 
2026-07-03,Ютэйр,Выдача до 30 минут,ЮТ 374 
2026-07-03,SCAT Airlines,Выдача до 30 минут,DV 813 
2026-07-03,Turkish Airlines,Выдача до 30 минут,TK 3114 
2026-07-03,Turkish Airlines,Выдача до 30 минут,TK 407 
2026-07-03,Победа,Выдача до 30 минут,ДР 434 
2026-07-03,AZAL,Выдача до 30 минут,J2 809A
2026-07-03,ЮВТ АЭРО,Выдача до 30 минут,ЮВ 303 
2026-07-03,AJET,Выдача до 30 минут,VF 587 
2026-07-03,Pegasus,Выдача до 30 минут,PC 1456 
2026-07-03,Red Sea,Выдача до 30 минут,4S 315 
2026-07-03,Asia Union Airlines,Выдача до 30 минут,7Q 1777 
2026-07-03,Nesma Airlines,Выдача до 30 минут,NE 642 
2026-07-03,Nesma Airlines,Выдача от 30 до 40 минут,NE 600 
2026-07-03,AJET,Выдача до 30 минут,VF 277 
2026-07-03,Ютэйр,Некорректно проставлены отметки,ЮТ 786 
2026-07-03,Ютэйр,Выдача до 30 минут,ЮТ 1250 
2026-07-03,АЗУР эйр,Выдача от 30 до 40 минут,AZV 3014 
2026-07-03,Pegasus,Выдача до 30 минут,PC 1458 
2026-07-03,Победа,Выдача до 30 минут,ДР 414 
2026-07-03,Shirak Avia,Выдача до 30 минут,ЮБГ 509 
2026-07-03,Turkish Airlines,Выдача от 30 до 40 минут,TK 419 
2026-07-03,Turkish Airlines,Выдача до 30 минут,TK 413 
2026-07-03,Pegasus,Выдача до 30 минут,PC 386 
2026-07-03,Россия,Выдача до 30 минут,ФВ 6007 
2026-07-03,Азимут,Выдача до 30 минут,А4 7034 
2026-07-03,Turkish Airlines,Выдача до 30 минут,TK 409 
2026-07-03,Turkish Airlines,Выдача до 30 минут,TK 3178 
2026-07-03,Победа,Выдача до 30 минут,ДР 206 
2026-07-03,Turkish Airlines,Выдача до 30 минут,TK 3002 
2026-07-03,Turkish Airlines,Выдача до 30 минут,TK 217 
2026-07-03,Победа,Выдача до 30 минут,ДР 422 
2026-07-03,Ютэйр,Выдача до 30 минут,ЮТ 768 
2026-07-03,Победа,Некорректно проставлены отметки,ДР 742 
2026-07-03,Pegasus,Выдача до 30 минут,PC 1521 
2026-07-03,GEORGIAN AIRWAYS,Выдача до 30 минут,ЖГ 932 
2026-07-03,Россия,Выдача до 30 минут,ФВ 6003 
2026-07-03,Вологодское АП,Не определено,ВГ 2390 
2026-07-03,Россия,Выдача до 30 минут,ФВ 6009 
2026-07-03,Turkish Airlines,Выдача до 30 минут,TK 1231 
2026-07-03,AZAL,Выдача до 30 минут,J2 807 
2026-07-03,Turkish Airlines,Выдача до 30 минут,TK 3070 
2026-07-03,Ютэйр,Выдача до 30 минут,ЮТ 446 
2026-07-03,Nesma Airlines,Выдача до 30 минут,NE 634 
2026-07-03,Pegasus,Выдача от 30 до 40 минут,PC 390 
2026-07-03,Turkish Airlines,Выдача до 30 минут,TK 3036 
2026-07-03,Red Sea,Выдача до 30 минут,4S 325 
2026-07-03,Россия,Выдача до 30 минут,ФВ 6161 
2026-07-03,Turkish Airlines,Выдача до 30 минут,TK 421 
2026-07-03,AZAL,Выдача от 30 до 40 минут,J2 5830A
2026-07-03,Turkish Airlines,Выдача более 40 минут,TK 3014 
2026-07-03,FLYONE Armenia,Выдача до 30 минут,3F 323 
2026-07-03,Победа,Выдача до 30 минут,ДР 264 
2026-07-03,FLYONE Armenia,Выдача от 30 до 40 минут,3F 321 
2026-07-03,Россия,Выдача до 30 минут,ФВ 6189 
2026-07-03,GEORGIAN AIRWAYS,Некорректно проставлены отметки,AZO 7008 
2026-07-03,GEORGIAN AIRWAYS,Выдача до 30 минут,ЖГ 936 
2026-07-03,Nesma Airlines,Выдача до 30 минут,NE 618 
2026-07-03,Turkish Airlines,Выдача до 30 минут,TK 3084 
2026-07-03,SCAT Airlines,Выдача до 30 минут,DV 809 
2026-07-03,Россия,Выдача до 30 минут,ФВ 6013 
2026-07-03,SCAT Airlines,Выдача до 30 минут,DV 801 
2026-07-03,Победа,Выдача до 30 минут,ДР 466 
2026-07-03,Ютэйр,Выдача до 30 минут,ЮТ 356 
2026-07-03,Turkish Airlines,Выдача до 30 минут,TK 3164 
2026-07-03,Победа,Выдача от 30 до 40 минут,ДР 734 
2026-07-03,Россия,Выдача до 30 минут,ФВ 6005 
2026-07-03,Aero Nomad,Выдача до 30 минут,КГ 555 
2026-07-03,AJET,Выдача от 30 до 40 минут,VF 275 
2026-07-03,Ютэйр,Выдача до 30 минут,ЮТ 352 
2026-07-03,Победа,Выдача до 30 минут,ДР 436 
2026-07-03,Nesma Airlines,Выдача до 30 минут,NE 620 
2026-07-03,UZBEKISTAN AIRWAYS,Выдача до 30 минут,ХИ 9607 
2026-07-03,Россия,Выдача до 30 минут,ФВ 6019 
2026-07-03,UZBEKISTAN AIRWAYS,Выдача до 30 минут,ХИ 9615 
2026-07-03,Белавиа,Выдача до 30 минут,В2 981 
2026-07-03,Ютэйр,Выдача до 30 минут,ЮТ 454 
2026-07-03,Ютэйр,Выдача до 30 минут,ЮТ 560 
2026-07-03,Ютэйр,Выдача до 30 минут,ЮТ 248 
2026-07-03,Meraj Air,Выдача до 30 минут,MRJ 4879 
2026-07-03,Якутия,Выдача до 30 минут,ЯК 479 
2026-07-03,Победа,Выдача до 30 минут,ДР 486 
2026-07-03,Ютэйр,Выдача до 30 минут,ЮТ 364 
2026-07-03,Ютэйр,Выдача от 30 до 40 минут,ЮТ 572 
2026-07-03,Россия,Выдача до 30 минут,ФВ 6051 
2026-07-03,Ютэйр,Выдача до 30 минут,ЮТ 790 
2026-07-04,Ютэйр,Выдача до 30 минут,ЮТ 400 
2026-07-04,Ютэйр,Выдача до 30 минут,ЮТ 746 
2026-07-04,Победа,Выдача до 30 минут,PBD 736 
2026-07-04,Россия,Выдача до 30 минут,ФВ 6027 
2026-07-04,АЗУР эйр,Выдача до 30 минут,AZV 3010 
2026-07-04,Руслайн,Выдача до 30 минут,РГ 178 
2026-07-04,Азимут,Выдача до 30 минут,А4 7020 
2026-07-04,Победа,Выдача до 30 минут,ДР 194 
2026-07-04,GEORGIAN AIRWAYS,Выдача до 30 минут,AZO 7054 
2026-07-04,Nesma Airlines,Выдача до 30 минут,NE 644 
2026-07-04,Ютэйр,Выдача до 30 минут,ЮТ 456 
2026-07-04,Ютэйр,Выдача до 30 минут,ЮТ 576 
2026-07-04,Азимут,Выдача до 30 минут,А4 7010 
2026-07-04,Победа,Выдача до 30 минут,PBD 980 
2026-07-04,Россия,Выдача более 40 минут,ФВ 6175 
2026-07-04,Ютэйр,Выдача до 30 минут,ЮТ 374 
2026-07-04,Северо-Запад,Выдача до 30 минут,НВЦ 9152 
2026-07-04,ЮВТ АЭРО,Выдача до 30 минут,ЮВ 301 
2026-07-04,Победа,Выдача до 30 минут,ДР 190 
2026-07-04,Россия,Выдача до 30 минут,ФВ 6189 
2026-07-04,Победа,Выдача до 30 минут,ДР 116 
2026-07-04,Россия,Выдача до 30 минут,ФВ 6177 
2026-07-04,Pegasus,Выдача до 30 минут,PC 388 
2026-07-04,Победа,Выдача до 30 минут,ДР 158 
2026-07-04,Turkish Airlines,Выдача от 30 до 40 минут,TK 417 
2026-07-04,Turkish Airlines,Выдача до 30 минут,TK 3024 
2026-07-04,Россия,Выдача до 30 минут,ФВ 6025 
2026-07-04,FLYONE Armenia,Выдача до 30 минут,УР 412 
2026-07-04,Ютэйр,Выдача до 30 минут,ЮТ 270 
2026-07-04,Победа,Выдача до 30 минут,PBD 860 
2026-07-04,Победа,Выдача до 30 минут,ДР 836 
2026-07-04,Nesma Airlines,Выдача до 30 минут,NE 616 
2026-07-04,Россия,Выдача до 30 минут,ФВ 6187 
2026-07-04,Turkish Airlines,Выдача до 30 минут,TK 4901 
2026-07-04,Nesma Airlines,Выдача до 30 минут,NE 608 
2026-07-04,Turkish Airlines,Выдача от 30 до 40 минут,TK 411 
2026-07-04,Ютэйр,Выдача от 30 до 40 минут,ЮТ 810 
2026-07-04,Turkish Airlines,Выдача до 30 минут,TK 3070 
2026-07-04,Pegasus,Выдача до 30 минут,PC 1576 
2026-07-04,Ютэйр,Выдача до 30 минут,ЮТ 802 
2026-07-04,SCAT Airlines,Выдача до 30 минут,DV 813 
2026-07-04,Ютэйр,Не определено,ЮТ 355 
2026-07-04,AJET,Выдача до 30 минут,VF 587 
2026-07-04,Ютэйр,Выдача до 30 минут,УТА 6132 
2026-07-04,Nesma Airlines,Выдача до 30 минут,NE 638 
2026-07-04,Nesma Airlines,Выдача до 30 минут,NE 492 
2026-07-04,AJET,Выдача до 30 минут,VF 277 
2026-07-04,Азимут,Выдача до 30 минут,А4 7030 
2026-07-04,Ютэйр,Выдача до 30 минут,ЮТ 358 
2026-07-04,Turkish Airlines,Выдача до 30 минут,TK 409 
2026-07-04,Nesma Airlines,Выдача до 30 минут,NE 490 
2026-07-04,Pegasus,Выдача до 30 минут,PC 1580 
2026-07-04,Азимут,Выдача до 30 минут,А4 7036 
2026-07-04,Turkish Airlines,Выдача до 30 минут,TK 3154A
2026-07-04,Победа,Выдача до 30 минут,ДР 404 
2026-07-04,Россия,Выдача до 30 минут,ФВ 6037 
2026-07-04,Pegasus,Выдача до 30 минут,PC 1456 
2026-07-04,Turkish Airlines,Выдача до 30 минут,TK 3060 
2026-07-04,Ютэйр,Выдача до 30 минут,ЮТ 808 
2026-07-04,Победа,Выдача до 30 минут,ДР 422 
2026-07-04,Ютэйр,Выдача до 30 минут,ЮТ 296 
2026-07-04,FLYONE Armenia,Выдача до 30 минут,3F 325 
2026-07-04,Россия,Выдача до 30 минут,ФВ 6179 
2026-07-04,FLYONE Armenia,Выдача до 30 минут,УР 512 
2026-07-04,UZBEKISTAN AIRWAYS,Выдача до 30 минут,ХИ 9627 
2026-07-04,UZBEKISTAN AIRWAYS,Выдача от 30 до 40 минут,ХИ 613 
2026-07-04,Ютэйр,Выдача до 30 минут,ЮТ 398 
2026-07-04,Ютэйр,Выдача до 30 минут,УТА 6316 
2026-07-04,UZBEKISTAN AIRWAYS,Выдача до 30 минут,ХИ 9619 
2026-07-04,Nesma Airlines,Выдача до 30 минут,NE 648 
2026-07-04,Победа,Выдача до 30 минут,ДР 964 
2026-07-04,Якутия,Выдача до 30 минут,ЯК 474 
2026-07-04,Россия,Выдача до 30 минут,ФВ 6181 
2026-07-04,Ютэйр,Выдача до 30 минут,ЮТ 784 
2026-07-04,SCAT Airlines,Выдача до 30 минут,DV 815 
2026-07-04,AZAL,Выдача до 30 минут,J2 803 
2026-07-04,Россия,Выдача до 30 минут,ФВ 6183 
2026-07-04,Turkish Airlines,Выдача до 30 минут,TK 415 
2026-07-04,Turkish Airlines,Выдача до 30 минут,TK 419 
2026-07-04,Turkish Airlines,Выдача до 30 минут,TK 3046 
2026-07-04,Turkish Airlines,Выдача до 30 минут,TK 3084 
2026-07-04,Pegasus,Выдача до 30 минут,PC 1521 
2026-07-04,Победа,Выдача до 30 минут,ДР 208 
2026-07-04,Turkish Airlines,Выдача до 30 минут,TK 3178 
2026-07-04,GEORGIAN AIRWAYS,Выдача от 30 до 40 минут,ЖГ 932 
2026-07-04,Pegasus,Выдача до 30 минут,PC 386 
2026-07-04,Turkish Airlines,Выдача до 30 минут,TK 3028 
2026-07-04,FLYONE Armenia,Выдача до 30 минут,3F 323 
2026-07-04,flydubai,Выдача до 30 минут,FZ 987 
2026-07-04,Ютэйр,Не определено,ЮТ 559F
2026-07-04,Победа,Выдача до 30 минут,ДР 714 
2026-07-04,Turkish Airlines,Выдача до 30 минут,TK 413 
2026-07-04,Белавиа,Выдача до 30 минут,В2 981 
2026-07-04,Pegasus,Выдача до 30 минут,PC 1458 
2026-07-04,GEORGIAN AIRWAYS,Выдача до 30 минут,AZO 7154 
2026-07-04,Победа,Выдача до 30 минут,ДР 434 
2026-07-04,GEORGIAN AIRWAYS,Некорректно проставлены отметки,AZO 7040 
2026-07-04,Победа,Выдача до 30 минут,ДР 414 
2026-07-04,Ютэйр,Выдача до 30 минут,ЮТ 454 
2026-07-04,Ютэйр,Выдача до 30 минут,ЮТ 248 
2026-07-04,Turkish Airlines,Выдача до 30 минут,TK 421 
2026-07-04,Алроса,Выдача до 30 минут,ЯМ 597 
2026-07-04,Red Sea,Выдача от 30 до 40 минут,4S 317 
2026-07-04,Россия,Выдача до 30 минут,ФВ 6009 
2026-07-04,Turkish Airlines,Выдача до 30 минут,TK 211 
2026-07-04,Победа,Выдача до 30 минут,ДР 264 
2026-07-04,Победа,Выдача до 30 минут,ДР 1486 
2026-07-04,Turkish Airlines,Выдача до 30 минут,TK 3006 
2026-07-04,Победа,Выдача до 30 минут,ДР 466 
2026-07-04,AZAL,Выдача от 30 до 40 минут,J2 809 
2026-07-04,Turkish Airlines,Выдача до 30 минут,TK 3002 
2026-07-04,Победа,Выдача до 30 минут,ДР 1422 
2026-07-04,Turkish Airlines,Выдача до 30 минут,TK 3036 
2026-07-04,Ютэйр,Выдача до 30 минут,ЮТ 376 
2026-07-04,AJET,Выдача от 30 до 40 минут,VF 275 
2026-07-04,Победа,Выдача до 30 минут,ДР 210 
2026-07-04,Turkish Airlines,Выдача до 30 минут,TK 217 
2026-07-04,Turkish Airlines,Выдача до 30 минут,TK 3014 
2026-07-04,Победа,Выдача до 30 минут,PBD 840 
2026-07-04,SCAT Airlines,Выдача до 30 минут,DV 809 
2026-07-04,UZBEKISTAN AIRWAYS,Выдача до 30 минут,ХИ 9615 
2026-07-04,Pegasus,Выдача до 30 минут,PC 390 
2026-07-04,Вологодское АП,Не определено,ВГ 2390 
2026-07-04,Победа,Выдача до 30 минут,ДР 436 
2026-07-04,GEORGIAN AIRWAYS,Выдача до 30 минут,ЖГ 936 
2026-07-04,Turkish Airlines,Выдача от 30 до 40 минут,TK 6913 
2026-07-04,AZAL,Выдача до 30 минут,J2 807 
2026-07-04,Turkish Airlines,Выдача до 30 минут,TK 3076 
2026-07-04,Победа,Выдача до 30 минут,ДР 744 
2026-07-04,Якутия,Выдача до 30 минут,ЯК 473 
2026-07-04,Россия,Выдача до 30 минут,ФВ 6007 
2026-07-04,GEORGIAN AIRWAYS,Выдача до 30 минут,ЖГ 937 
2026-07-04,Turkish Airlines,Выдача до 30 минут,TK 1231 
2026-07-04,FLYONE Armenia,Выдача до 30 минут,3F 321 
2026-07-04,Победа,Выдача до 30 минут,ДР 114 
2026-07-04,Turkish Airlines,Выдача до 30 минут,TK 407 
2026-07-04,Ютэйр,Выдача от 30 до 40 минут,ЮТ 786 
2026-07-04,Ютэйр,Выдача до 30 минут,ЮТ 352 
2026-07-04,Россия,Выдача до 30 минут,ФВ 6161 
2026-07-04,Ютэйр,Выдача до 30 минут,ЮТ 464 
2026-07-04,Ютэйр,Выдача до 30 минут,ЮТ 572 
2026-07-04,Белавиа,Выдача до 30 минут,В2 979 
2026-07-04,Turkish Airlines,Выдача до 30 минут,TK 3192 
2026-07-04,Победа,Выдача до 30 минут,ДР 408 
2026-07-04,Nesma Airlines,Выдача до 30 минут,NE 606 
2026-07-04,Ютэйр,Выдача до 30 минут,ЮТ 560 
2026-07-04,Газпром авиа,Выдача до 30 минут,ГЗП 262 
2026-07-04,UZBEKISTAN AIRWAYS,Выдача до 30 минут,ХИ 9607 
2026-07-04,Ютэйр,Выдача до 30 минут,ЮТ 356 
2026-07-04,Россия,Выдача до 30 минут,ФВ 6005 
2026-07-04,Победа,Выдача до 30 минут,ДР 856 
2026-07-04,Turkish Airlines,Выдача до 30 минут,TK 3012 
2026-07-04,flydubai,Выдача до 30 минут,FZ 989 
2026-07-04,Red Sea,Выдача до 30 минут,4S 333 
2026-07-04,Ютэйр,Выдача от 30 до 40 минут,ЮТ 364 
2026-07-04,Nesma Airlines,Выдача до 30 минут,NE 614 
2026-07-04,GEORGIAN AIRWAYS,Выдача до 30 минут,ЖГ 926 
2026-07-04,Nesma Airlines,Выдача от 30 до 40 минут,NE 640 
2026-07-04,Не найдено,Выдача до 30 минут,TC 422 
2026-07-05,Ютэйр,Выдача до 30 минут,ЮТ 180 
2026-07-05,Ютэйр,Выдача до 30 минут,ЮТ 400 
2026-07-05,Вологодское АП,Не определено,ВГ 2390 
2026-07-05,Победа,Выдача до 30 минут,ДР 422 
2026-07-05,Россия,Выдача до 30 минут,ФВ 6177 
2026-07-05,Ютэйр,Выдача до 30 минут,ЮТ 374 
2026-07-05,Якутия,Выдача до 30 минут,ЯК 688 
2026-07-05,Победа,Выдача до 30 минут,ДР 730 
2026-07-05,Ютэйр,Выдача до 30 минут,ЮТ 376 
2026-07-05,Россия,Выдача до 30 минут,ФВ 6003 
2026-07-05,Победа,Выдача до 30 минут,ДР 744 
2026-07-05,Nesma Airlines,Выдача до 30 минут,NE 618 
2026-07-05,UZBEKISTAN AIRWAYS,Выдача до 30 минут,ХИ 605 
2026-07-05,UZBEKISTAN AIRWAYS,Выдача до 30 минут,ХИ 9607 
2026-07-05,UZBEKISTAN AIRWAYS,Выдача до 30 минут,ХИ 9619 
2026-07-05,Победа,Выдача до 30 минут,ДР 466 
2026-07-05,Nouvelair Tunisie,Выдача до 30 минут,BJ 814 
2026-07-05,Россия,Выдача до 30 минут,ФВ 6005 
2026-07-05,Nesma Airlines,Выдача до 30 минут,NE 620 
2026-07-05,Победа,Выдача до 30 минут,ДР 856 
2026-07-05,Азимут,Выдача до 30 минут,А4 7010 
2026-07-05,GEORGIAN AIRWAYS,Выдача до 30 минут,AZO 7154 
2026-07-05,Якутия,Выдача до 30 минут,ЯК 475 
2026-07-05,Победа,Выдача до 30 минут,PBD 840 
2026-07-05,Победа,Выдача до 30 минут,ДР 116 
2026-07-05,GEORGIAN AIRWAYS,Выдача до 30 минут,ЖГ 937 
2026-07-05,Газпром авиа,Выдача до 30 минут,ГЗП 252 
2026-07-05,Победа,Выдача до 30 минут,ДР 836 
2026-07-05,GEORGIAN AIRWAYS,Выдача до 30 минут,ЖГ 926 
2026-07-05,Aero Nomad,Выдача до 30 минут,КГ 555 
2026-07-05,Ютэйр,Выдача до 30 минут,ЮТ 576 
2026-07-05,Turkish Airlines,Выдача до 30 минут,TK 3012 
2026-07-05,Ютэйр,Выдача до 30 минут,ЮТ 464 
2026-07-05,Turkish Airlines,Выдача до 30 минут,TK 3076 
2026-07-05,Газпром авиа,Некорректно проставлены отметки,ГЗП 706 
2026-07-05,Turkish Airlines,Выдача до 30 минут,TK 3024 
2026-07-05,Turkish Airlines,Выдача до 30 минут,TK 415 
2026-07-05,Turkish Airlines,Выдача до 30 минут,TK 1231 
2026-07-05,Победа,Выдача до 30 минут,PBD 980 
2026-07-05,Победа,Выдача до 30 минут,ДР 964 
2026-07-05,Россия,Выдача до 30 минут,ФВ 6175 
2026-07-05,Ютэйр,Выдача до 30 минут,ЮТ 784 
2026-07-05,GEORGIAN AIRWAYS,Выдача от 30 до 40 минут,AZO 7054 
2026-07-05,Ютэйр,Выдача до 30 минут,ЮТ 596 
2026-07-05,Turkish Airlines,Выдача до 30 минут,TK 3008 
2026-07-05,Turkish Airlines,Выдача до 30 минут,TK 411 
2026-07-05,Ютэйр,Выдача от 30 до 40 минут,ЮТ 744 
2026-07-05,Победа,Выдача до 30 минут,ДР 968 
2026-07-05,Россия,Выдача до 30 минут,ФВ 6027 
2026-07-05,Россия,Выдача более 40 минут,ФВ 6169 
2026-07-05,Ютэйр,Выдача до 30 минут,ЮТ 334 
2026-07-05,Turkish Airlines,Выдача до 30 минут,TK 3066 
2026-07-05,Победа,Выдача до 30 минут,ДР 114 
2026-07-05,Россия,Выдача до 30 минут,ФВ 6025 
2026-07-05,Россия,Выдача до 30 минут,ФВ 6031 
2026-07-05,Белавиа,Выдача до 30 минут,В2 983 
2026-07-05,Россия,Выдача до 30 минут,ФВ 6037 
2026-07-05,Pegasus,Выдача до 30 минут,PC 388 
2026-07-05,Turkish Airlines,Выдача до 30 минут,TK 417 
2026-07-05,Ютэйр,Выдача до 30 минут,ЮТ 276 
2026-07-05,Ютэйр,Выдача до 30 минут,ЮТ 250F
2026-07-05,Ютэйр,Выдача до 30 минут,ЮТ 746 
2026-07-05,Победа,Выдача до 30 минут,ДР 994 
2026-07-05,flydubai,Выдача до 30 минут,FZ 987 
2026-07-05,Ютэйр,Не определено,ЮТ 249 
2026-07-05,Shirak Avia,Выдача до 30 минут,ЮБГ 509 
2026-07-05,Азимут,Выдача до 30 минут,А4 7036 
2026-07-05,Turkish Airlines,Выдача до 30 минут,TK 3058 
2026-07-05,Победа,Выдача до 30 минут,ДР 194 
2026-07-05,flydubai,Выдача до 30 минут,FZ 989 
2026-07-05,Алроса,Выдача до 30 минут,ЯМ 624 
2026-07-05,Белавиа,Выдача до 30 минут,В2 985 
2026-07-05,SCAT Airlines,Выдача до 30 минут,DV 815 
2026-07-05,UZBEKISTAN AIRWAYS,Выдача до 30 минут,ХИ 9627 
2026-07-05,Turkish Airlines,Выдача до 30 минут,TK 3120 
2026-07-05,Россия,Некорректно проставлены отметки,ФВ 6185 
2026-07-05,Pegasus,Выдача до 30 минут,PC 1580 
2026-07-05,Россия,Выдача до 30 минут,ФВ 6183 
2026-07-05,SCAT Airlines,Выдача от 30 до 40 минут,DV 813 
2026-07-05,Ютэйр,Выдача до 30 минут,ЮТ 802 
2026-07-05,Победа,Выдача до 30 минут,ДР 486 
2026-07-05,UZBEKISTAN AIRWAYS,Выдача до 30 минут,ХИ 613 
2026-07-05,Победа,Выдача до 30 минут,PBD 860 
2026-07-05,Ютэйр,Выдача до 30 минут,ЮТ 446 
2026-07-05,GEORGIAN AIRWAYS,Выдача до 30 минут,ЖГ 936 
2026-07-05,Nesma Airlines,Выдача до 30 минут,NE 600 
2026-07-05,Победа,Выдача до 30 минут,ДР 264 
2026-07-05,Pegasus,Выдача от 30 до 40 минут,PC 1456 
2026-07-05,Победа,Выдача до 30 минут,ДР 434 
2026-07-05,Red Sea,Выдача до 30 минут,4S 325 
2026-07-05,Red Sea,Выдача до 30 минут,4S 313 
2026-07-05,Nesma Airlines,Выдача от 30 до 40 минут,NE 642 
2026-07-05,Turkish Airlines,Выдача до 30 минут,TK 3164 
2026-07-05,GEORGIAN AIRWAYS,Выдача от 30 до 40 минут,ЖГ 932 
2026-07-05,FLYONE Armenia,Выдача до 30 минут,УР 512 
2026-07-05,Ютэйр,Выдача до 30 минут,ЮТ 764 
2026-07-05,Ютэйр,Выдача до 30 минут,ЮТ 398 
2026-07-05,Победа,Выдача до 30 минут,ДР 210 
2026-07-05,Победа,Выдача до 30 минут,ДР 768 
2026-07-05,AJET,Выдача до 30 минут,VF 275 
2026-07-05,Россия,Выдача до 30 минут,ФВ 6181 
2026-07-05,Turkish Airlines,Выдача до 30 минут,TK 3084 
2026-07-05,ЮВТ АЭРО,Выдача до 30 минут,ЮВ 301 
2026-07-05,Ютэйр,Выдача до 30 минут,ЮТ 786 
2026-07-05,Turkish Airlines,Выдача до 30 минут,TK 3060 
2026-07-05,Turkish Airlines,Выдача до 30 минут,TK 3154 
2026-07-05,FLYONE Armenia,Выдача до 30 минут,3F 321 
2026-07-05,Россия,Выдача до 30 минут,ФВ 6007 
2026-07-05,Россия,Выдача до 30 минут,ФВ 6013 
2026-07-05,UZBEKISTAN AIRWAYS,Выдача до 30 минут,ХИ 9613 
2026-07-05,Turkish Airlines,Выдача от 30 до 40 минут,TK 3036 
2026-07-05,AZAL,Выдача до 30 минут,J2 809 
2026-07-05,Победа,Выдача до 30 минут,ДР 262 
2026-07-05,Ютэйр,Выдача до 30 минут,ЮТ 358 
2026-07-05,Победа,Выдача до 30 минут,PBD 736 
2026-07-05,FLYONE Armenia,Выдача от 30 до 40 минут,3F 325 
2026-07-05,Победа,Выдача до 30 минут,ДР 414 
2026-07-05,AZAL,Выдача до 30 минут,J2 803 
2026-07-05,Pegasus,Выдача до 30 минут,PC 1521 
2026-07-05,Ютэйр,Выдача до 30 минут,ЮТ 810 
2026-07-05,Turkish Airlines,Выдача до 30 минут,TK 407 
2026-07-05,Ютэйр,Выдача до 30 минут,ЮТ 296 
2026-07-05,Победа,Выдача до 30 минут,ДР 436 
2026-07-05,Россия,Выдача до 30 минут,ФВ 6179 
2026-07-05,Победа,Выдача до 30 минут,ДР 158 
2026-07-05,flydubai,Выдача от 30 до 40 минут,FZ 987 
2026-07-05,Turkish Airlines,Выдача до 30 минут,TK 3178 
2026-07-05,Turkish Airlines,Выдача до 30 минут,TK 211 
2026-07-05,Ютэйр,Выдача до 30 минут,ЮТ 560 
2026-07-05,Ютэйр,Выдача до 30 минут,ЮТ 248 
2026-07-05,Россия,Выдача до 30 минут,ФВ 6161 
2026-07-05,Turkish Airlines,Выдача до 30 минут,TK 3046 
2026-07-05,Ютэйр,Выдача до 30 минут,ЮТ 364 
2026-07-05,Россия,Выдача до 30 минут,ФВ 6051 
2026-07-05,Победа,Выдача до 30 минут,ДР 1994 
2026-07-05,Turkish Airlines,Выдача от 30 до 40 минут,TK 3002 
2026-07-05,Turkish Airlines,Выдача до 30 минут,TK 3070 
2026-07-05,Turkish Airlines,Выдача от 30 до 40 минут,TK 421 
2026-07-05,Pegasus,Выдача до 30 минут,PC 1458 
2026-07-05,Ютэйр,Выдача до 30 минут,ЮТ 808 
2026-07-05,AZAL,Выдача до 30 минут,J2 5830 
2026-07-05,Ютэйр,Выдача до 30 минут,ЮТ 356 
2026-07-05,AZAL,Выдача до 30 минут,J2 807 
2026-07-05,Ютэйр,Выдача до 30 минут,ЮТ 572 
2026-07-05,Turkish Airlines,Выдача до 30 минут,TK 413 
2026-07-05,Победа,Выдача до 30 минут,ДР 742 
2026-07-05,SCAT Airlines,Выдача до 30 минут,DV 801 
2026-07-05,GEORGIAN AIRWAYS,Выдача более 40 минут,AZO 7008 
2026-07-05,Россия,Выдача до 30 минут,ФВ 6009 
2026-07-05,Победа,Выдача до 30 минут,ДР 206 
2026-07-05,АЗУР эйр,Выдача до 30 минут,AZV 3014 
2026-07-05,Pegasus,Выдача до 30 минут,PC 1576 
2026-07-05,Turkish Airlines,Выдача до 30 минут,TK 3006 
2026-07-05,Белавиа,Выдача до 30 минут,В2 981 
2026-07-05,Ютэйр,Выдача до 30 минут,ЮТ 1376 
2026-07-05,Ютэйр,Выдача до 30 минут,ЮТ 454 
2026-07-05,AJET,Выдача до 30 минут,VF 587 
2026-07-05,Россия,Выдача до 30 минут,ФВ 6019 
2026-07-05,AJET,Выдача до 30 минут,VF 277 
2026-07-05,FLYONE Armenia,Выдача до 30 минут,3F 323 
2026-07-05,Nesma Airlines,Выдача более 40 минут,NE 604 
2026-07-05,Победа,Выдача до 30 минут,ДР 486B
2026-07-05,Pegasus,Выдача от 30 до 40 минут,PC 390 
2026-07-05,Pegasus,Выдача до 30 минут,PC 386 
2026-07-05,Turkish Airlines,Выдача от 30 до 40 минут,TK 419 
2026-07-05,Turkish Airlines,Выдача до 30 минут,TK 217 
2026-07-05,Turkish Airlines,Выдача от 30 до 40 минут,TK 3014 
2026-07-06,Ютэйр,Выдача до 30 минут,ЮТ 400 
2026-07-06,Победа,Выдача до 30 минут,ДР 466 
2026-07-06,Алроса,Выдача до 30 минут,ЯМ 543 
2026-07-06,Turkish Airlines,Выдача от 30 до 40 минут,TK 409 
2026-07-06,Turkish Airlines,Выдача до 30 минут,TK 217 
2026-07-06,Pegasus,Выдача от 30 до 40 минут,PC 1576 
2026-07-06,Азимут,Выдача до 30 минут,А4 7034 
2026-07-06,ЮВТ АЭРО,Выдача до 30 минут,ЮВ 301 
2026-07-06,Turkish Airlines,Выдача от 30 до 40 минут,TK 3002 
2026-07-06,Turkish Airlines,Выдача от 30 до 40 минут,TK 3014 
2026-07-06,Россия,Выдача до 30 минут,ФВ 6009 
2026-07-06,Газпром авиа,Выдача до 30 минут,ГЗП 292 
2026-07-06,Ютэйр,Выдача до 30 минут,ЮТ 276 
2026-07-06,Red Sea,Выдача до 30 минут,4S 341 
2026-07-06,GEORGIAN AIRWAYS,Выдача до 30 минут,ЖГ 932 
2026-07-06,Turkish Airlines,Выдача от 30 до 40 минут,TK 3036 
2026-07-06,AZAL,Выдача от 30 до 40 минут,J2 809 
2026-07-06,Turkish Airlines,Выдача до 30 минут,TK 3006 
2026-07-06,Pegasus,Выдача до 30 минут,PC 386 
2026-07-06,Nesma Airlines,Выдача до 30 минут,NE 610 
2026-07-06,Алроса,Выдача до 30 минут,ЯМ 545 
2026-07-06,GEORGIAN AIRWAYS,Выдача до 30 минут,AZO 7008 
2026-07-06,Turkish Airlines,Выдача до 30 минут,TK 419 
2026-07-06,Pegasus,Выдача от 30 до 40 минут,PC 1521 
2026-07-06,AZAL,Выдача от 30 до 40 минут,J2 803 
2026-07-06,Turkish Airlines,Выдача до 30 минут,TK 421 
2026-07-06,Pegasus,Выдача до 30 минут,PC 388 
2026-07-06,Turkish Airlines,Выдача до 30 минут,TK 3178 
2026-07-06,Россия,Выдача до 30 минут,ФВ 6189 
2026-07-06,Россия,Некорректно проставлены отметки,ФВ 6027 
2026-07-06,Россия,Выдача до 30 минут,ФВ 6161 
2026-07-06,AJET,Выдача до 30 минут,VF 275 
2026-07-06,Turkish Airlines,Выдача до 30 минут,TK 3154 
2026-07-06,FLYONE Armenia,Выдача более 40 минут,3F 323 
2026-07-06,Ютэйр,Выдача до 30 минут,ЮТ 364 
2026-07-06,Ютэйр,Выдача до 30 минут,ЮТ 560 
2026-07-06,Победа,Выдача до 30 минут,ДР 414 
2026-07-06,UZBEKISTAN AIRWAYS,Выдача до 30 минут,ХИ 9607 
2026-07-06,Red Sea,Выдача до 30 минут,4S 337 
2026-07-06,Победа,Выдача до 30 минут,ДР 436 
2026-07-06,Белавиа,Выдача до 30 минут,В2 981 
2026-07-06,Ютэйр,Выдача до 30 минут,ЮТ 464 
2026-07-06,UZBEKISTAN AIRWAYS,Выдача до 30 минут,ХИ 9813 
2026-07-06,Ютэйр,Выдача до 30 минут,ЮТ 248 
2026-07-06,Ютэйр,Выдача до 30 минут,ЮТ 572 
2026-07-06,АЗУР эйр,Выдача до 30 минут,AZV 3004 
2026-07-06,FLYONE Armenia,Выдача до 30 минут,3F 321 
2026-07-06,Asia Union Airlines,Выдача до 30 минут,7Q 1777 
2026-07-06,SCAT Airlines,Выдача до 30 минут,DV 801 
2026-07-06,Ютэйр,Выдача до 30 минут,ЮТ 352 
2026-07-06,Азимут,Выдача до 30 минут,А4 7020 
2026-07-06,Ютэйр,Выдача до 30 минут,ЮТ 454 
2026-07-06,Turkish Airlines,Выдача до 30 минут,TK 413 
2026-07-06,Победа,Выдача до 30 минут,ДР 742 
2026-07-06,Ютэйр,Выдача до 30 минут,ЮТ 356 
2026-07-06,Turkish Airlines,Выдача до 30 минут,TK 407 
2026-07-06,Победа,Выдача до 30 минут,ДР 714 
2026-07-06,Turkish Airlines,Выдача до 30 минут,TK 3084 
2026-07-06,Победа,Выдача до 30 минут,ДР 434 
2026-07-06,AZAL,Выдача до 30 минут,J2 807 
2026-07-06,Ютэйр,Выдача до 30 минут,ЮТ 250 
2026-07-06,Turkish Airlines,Выдача до 30 минут,TK 1231 
2026-07-06,Победа,Выдача до 30 минут,ДР 6926 
2026-07-06,Turkish Airlines,Выдача до 30 минут,TK 3160 
2026-07-06,Ютэйр,Выдача до 30 минут,ЮТ 446 
2026-07-06,GEORGIAN AIRWAYS,Выдача до 30 минут,ЖГ 936 
2026-07-06,Ютэйр,Выдача до 30 минут,ЮТ 334 
2026-07-06,Ютэйр,Выдача до 30 минут,ЮТ 374 
2026-07-06,Turkish Airlines,Выдача до 30 минут,TK 417 
2026-07-06,Pegasus,Выдача до 30 минут,PC 1458 
2026-07-06,Победа,Выдача более 40 минут,ДР 836 
2026-07-06,GEORGIAN AIRWAYS,Выдача до 30 минут,AZO 7054 
2026-07-06,FLYONE Armenia,Выдача до 30 минут,УР 514 
2026-07-06,Turkish Airlines,Выдача до 30 минут,TK 415 
2026-07-06,Северо-Запад,Выдача до 30 минут,НВЦ 9152 
2026-07-06,Россия,Выдача до 30 минут,ФВ 6177 
2026-07-06,Россия,Выдача до 30 минут,ФВ 6175 
2026-07-06,Якутия,Выдача до 30 минут,ЯК 473 
2026-07-06,Алроса,Выдача до 30 минут,ЯМ 597 
2026-07-06,Ютэйр,Выдача до 30 минут,ЮТ 456 
2026-07-06,Азимут,Выдача до 30 минут,А4 7010 
2026-07-06,Победа,Выдача до 30 минут,PBD 840 
2026-07-06,GEORGIAN AIRWAYS,Выдача до 30 минут,ЖГ 926 
2026-07-06,flydubai,Выдача до 30 минут,FZ 989 
2026-07-06,Ютэйр,Выдача до 30 минут,ЮТ 810 
2026-07-06,Pegasus,Выдача от 30 до 40 минут,PC 1456 
2026-07-06,AJET,Выдача до 30 минут,VF 277 
2026-07-06,Ютэйр,Выдача более 40 минут,ЮТ 786 
2026-07-06,Победа,Выдача до 30 минут,PBD 860 
2026-07-06,Победа,Выдача до 30 минут,PBD 980 
2026-07-06,Ютэйр,Выдача до 30 минут,ЮТ 596 
2026-07-06,Pegasus,Выдача более 40 минут,PC 390 
2026-07-06,UZBEKISTAN AIRWAYS,Выдача до 30 минут,ХИ 9627 
2026-07-06,Россия,Выдача до 30 минут,ФВ 6031 
2026-07-06,Ютэйр,Выдача от 30 до 40 минут,ЮТ 802 
2026-07-06,Победа,Выдача до 30 минут,ДР 206B
2026-07-06,Nesma Airlines,Выдача до 30 минут,NE 600 
2026-07-06,AJET,Выдача до 30 минут,VF 587 
2026-07-06,Nesma Airlines,Выдача до 30 минут,NE 644 
2026-07-06,Nesma Airlines,Выдача до 30 минут,NE 618 
2026-07-06,Победа,Выдача до 30 минут,ДР 856 
2026-07-06,Россия,Выдача до 30 минут,ФВ 6007 
2026-07-06,SCAT Airlines,Выдача до 30 минут,DV 815 
2026-07-06,UZBEKISTAN AIRWAYS,Выдача до 30 минут,ХИ 9619 
2026-07-06,Победа,Выдача до 30 минут,ДР 994 
2026-07-06,UZBEKISTAN AIRWAYS,Выдача до 30 минут,ХИ 613 
2026-07-06,Якутия,Выдача до 30 минут,ЯК 474 
2026-07-06,Turkish Airlines,Выдача до 30 минут,TK 409 
2026-07-06,Ютэйр,Выдача до 30 минут,ЮТ 296 
2026-07-06,Победа,Выдача до 30 минут,ДР 262 
2026-07-06,Газпром авиа,Выдача до 30 минут,ГЗП 204 
2026-07-06,Red Sea,Выдача до 30 минут,4S 311 
2026-07-06,Россия,Выдача до 30 минут,ФВ 6179 
2026-07-06,Победа,Выдача до 30 минут,ДР 158 
2026-07-06,Ютэйр,Выдача до 30 минут,ЮТ 398 
2026-07-06,Pegasus,Выдача до 30 минут,PC 1576 
2026-07-06,Руслайн,Выдача до 30 минут,РГ 194 
2026-07-06,AJET,Некорректно проставлены отметки,VSV 3410 
2026-07-06,AZAL,Выдача до 30 минут,J2 5830 
2026-07-06,Азимут,Выдача до 30 минут,А4 7030 
2026-07-06,Ютэйр,Выдача до 30 минут,ЮТ 784 
2026-07-06,UZBEKISTAN AIRWAYS,Выдача до 30 минут,ХИ 605 
2026-07-06,Pegasus,Выдача до 30 минут,PC 1580 
2026-07-06,Россия,Выдача до 30 минут,ФВ 6181 
2026-07-06,AJET,Выдача до 30 минут,VF 589 
2026-07-06,АЗУР эйр,Выдача от 30 до 40 минут,AZV 3014 
2026-07-06,Turkish Airlines,Выдача до 30 минут,TK 411 
2026-07-06,Aero Nomad,Выдача до 30 минут,КГ 555 
2026-07-06,Россия,Выдача до 30 минут,ФВ 6187 
2026-07-06,Победа,Выдача до 30 минут,PBD 736 
2026-07-06,AZAL,Выдача до 30 минут,J2 809 
2026-07-06,SCAT Airlines,Выдача до 30 минут,DV 813 
2026-07-06,Азимут,Выдача до 30 минут,А4 7036 
2026-07-06,Победа,Выдача до 30 минут,ДР 114 
2026-07-06,SCAT Airlines,Выдача до 30 минут,DV 809 
2026-07-07,Turkish Airlines,Выдача до 30 минут,TK 3060 
2026-07-07,Россия,Выдача до 30 минут,ФВ 6185 
2026-07-07,Turkish Airlines,Выдача до 30 минут,TK 3014 
2026-07-07,Победа,Выдача до 30 минут,ДР 964B
2026-07-07,Turkish Airlines,Выдача до 30 минут,TK 3084 
2026-07-07,Pegasus,Выдача от 30 до 40 минут,PC 1521 
2026-07-07,Ютэйр,Выдача до 30 минут,ЮТ 358 
2026-07-07,Turkish Airlines,Выдача до 30 минут,TK 211 
2026-07-07,UZBEKISTAN AIRWAYS,Выдача до 30 минут,ХИ 9607 
2026-07-07,Pegasus,Выдача до 30 минут,PC 1458 
2026-07-07,Победа,Выдача до 30 минут,ДР 206 
2026-07-07,Ютэйр,Выдача до 30 минут,ЮТ 786 
2026-07-07,Ютэйр,Выдача до 30 минут,ЮТ 1376 
2026-07-07,Nesma Airlines,Выдача до 30 минут,NE 614 
2026-07-07,Nesma Airlines,Выдача до 30 минут,NE 602 
2026-07-07,Ютэйр,Выдача до 30 минут,ЮТ 746B
2026-07-07,Белавиа,Выдача до 30 минут,В2 981 
2026-07-07,Nesma Airlines,Выдача до 30 минут,NE 642 
2026-07-07,Победа,Выдача до 30 минут,ДР 968B
2026-07-07,flydubai,Выдача до 30 минут,FZ 987 
2026-07-07,Pegasus,Выдача до 30 минут,PC 1456 
2026-07-07,Nesma Airlines,Выдача до 30 минут,NE 620 
2026-07-07,ЮВТ АЭРО,Выдача до 30 минут,ЮВ 204 
2026-07-07,Победа,Некорректно проставлены отметки,ДР 1194 
2026-07-07,GEORGIAN AIRWAYS,Выдача до 30 минут,AZO 7072 
2026-07-07,Ютэйр,Выдача до 30 минут,ЮТ 576B
2026-07-07,Победа,Выдача до 30 минут,ДР 210B
2026-07-07,Turkish Airlines,Выдача до 30 минут,TK 407 
2026-07-07,FLYONE Armenia,Выдача до 30 минут,3F 323 
2026-07-07,Победа,Выдача до 30 минут,ДР 190 
2026-07-07,Turkish Airlines,Выдача до 30 минут,TK 3154 
2026-07-07,Победа,Некорректно проставлены отметки,ДР 422 
2026-07-07,GEORGIAN AIRWAYS,Выдача до 30 минут,AZO 7008 
2026-07-07,Turkish Airlines,Выдача до 30 минут,TK 419 
2026-07-07,GEORGIAN AIRWAYS,Выдача от 30 до 40 минут,ЖГ 932 
2026-07-07,Pegasus,Выдача от 30 до 40 минут,PC 390 
2026-07-07,Победа,Выдача до 30 минут,ДР 714 
2026-07-07,Red Sea,Выдача до 30 минут,4S 315 
2026-07-07,SCAT Airlines,Выдача до 30 минут,DV 801 
2026-07-07,Победа,Выдача до 30 минут,ДР 486 
2026-07-07,Ютэйр,Выдача до 30 минут,ЮТ 180B
2026-07-07,Россия,Выдача до 30 минут,ФВ 6189 
2026-07-07,Turkish Airlines,Выдача до 30 минут,TK 3006 
2026-07-07,Победа,Выдача до 30 минут,ДР 264 
2026-07-07,Pegasus,Выдача до 30 минут,PC 386 
2026-07-07,Победа,Выдача до 30 минут,ДР 208 
2026-07-07,Turkish Airlines,Выдача до 30 минут,TK 217 
2026-07-07,Turkish Airlines,Выдача от 30 до 40 минут,TK 421 
2026-07-07,Turkish Airlines,Выдача до 30 минут,TK 3036 
2026-07-07,GEORGIAN AIRWAYS,Выдача до 30 минут,ЖГ 936 
2026-07-07,Победа,Выдача до 30 минут,ДР 414 
2026-07-07,AJET,Выдача от 30 до 40 минут,VF 275 
2026-07-07,Победа,Выдача до 30 минут,ДР 436 
2026-07-07,Ютэйр,Выдача до 30 минут,ЮТ 572 
2026-07-07,Nesma Airlines,Выдача до 30 минут,NE 604 
2026-07-07,Ютэйр,Выдача до 30 минут,ЮТ 454 
2026-07-07,Ютэйр,Выдача до 30 минут,ЮТ 352 
2026-07-07,АЗУР эйр,Выдача до 30 минут,AZV 3010 
2026-07-07,Россия,Выдача до 30 минут,ФВ 6003 
2026-07-07,Ютэйр,Выдача до 30 минут,ЮТ 560 
2026-07-07,Россия,Выдача до 30 минут,ФВ 6005 
2026-07-07,AJET,Выдача от 30 до 40 минут,VF 277 
2026-07-07,FLYONE Armenia,Выдача до 30 минут,3F 321 
2026-07-07,Победа,Выдача до 30 минут,ДР 434 
2026-07-07,Россия,Выдача до 30 минут,ФВ 6051 
2026-07-07,Вологодское АП,Не определено,ВГ 2390 
2026-07-07,Якутия,Выдача до 30 минут,ЯК 479 
2026-07-07,Ютэйр,Выдача до 30 минут,ЮТ 248 
2026-07-07,Ютэйр,Некорректно проставлены отметки,ЮТ 400 
2026-07-07,UZBEKISTAN AIRWAYS,Выдача до 30 минут,ХИ 9615 
2026-07-07,Ютэйр,Выдача до 30 минут,ЮТ 808 
2026-07-07,SCAT Airlines,Выдача до 30 минут,DV 809 
2026-07-07,Turkish Airlines,Выдача до 30 минут,TK 3002 
2026-07-07,Победа,Выдача до 30 минут,ДР 730 
2026-07-07,UZBEKISTAN AIRWAYS,Выдача от 30 до 40 минут,ХИ 613 
2026-07-07,Ютэйр,Выдача до 30 минут,ЮТ 744 
2026-07-07,Turkish Airlines,Выдача до 30 минут,TK 417 
2026-07-07,Ютэйр,Выдача до 30 минут,ЮТ 398 
2026-07-07,Ютэйр,Выдача до 30 минут,ЮТ 374 
2026-07-07,Россия,Выдача до 30 минут,ФВ 6187 
2026-07-07,Победа,Выдача от 30 до 40 минут,ДР 1994 
2026-07-07,Ютэйр,Выдача до 30 минут,ЮТ 802 
2026-07-07,Turkish Airlines,Выдача до 30 минут,TK 1231 
2026-07-07,UZBEKISTAN AIRWAYS,Выдача до 30 минут,ХИ 605 
2026-07-07,Якутия,Выдача до 30 минут,ОП 914 
2026-07-07,AZAL,Выдача от 30 до 40 минут,J2 807 
2026-07-07,Ютэйр,Выдача до 30 минут,ЮТ 356 
2026-07-07,Победа,Выдача до 30 минут,ДР 6966 
2026-07-07,FLYONE Armenia,Выдача более 40 минут,УР 412 
2026-07-07,Россия,Выдача до 30 минут,ФВ 6179 
2026-07-07,Turkish Airlines,Выдача до 30 минут,TK 413 
2026-07-07,Победа,Выдача до 30 минут,ДР 734 
2026-07-07,Turkish Airlines,Выдача до 30 минут,TK 3058 
2026-07-07,Руслайн,Выдача до 30 минут,РГ 194 
2026-07-07,Turkish Airlines,Выдача до 30 минут,TK 411 
2026-07-07,Ютэйр,Выдача от 30 до 40 минут,ЮТ 364 
2026-07-07,Азимут,Выдача до 30 минут,А4 7010 
2026-07-07,Turkish Airlines,Выдача до 30 минут,TK 415 
2026-07-07,Победа,Выдача до 30 минут,ДР 856 
2026-07-07,Ютэйр,Выдача до 30 минут,ЮТ 810 
2026-07-07,Ютэйр,Выдача до 30 минут,ЮТ 464 
2026-07-07,Победа,Выдача до 30 минут,ДР 160 
2026-07-07,Pegasus,Выдача до 30 минут,PC 388 
2026-07-07,Ютэйр,Выдача до 30 минут,ЮТ 784 
2026-07-07,Ютэйр,Выдача до 30 минут,ЮТ 250 
2026-07-07,Якутия,Выдача до 30 минут,ЯК 480 
2026-07-07,Ютэйр,Некорректно проставлены отметки,ЮТ 576 
2026-07-07,АЗУР эйр,Выдача до 30 минут,AZV 3006 
2026-07-07,Победа,Выдача до 30 минут,ДР 836 
2026-07-07,SCAT Airlines,Выдача до 30 минут,DV 813 
2026-07-07,Победа,Выдача до 30 минут,ДР 964 
2026-07-07,flydubai,Выдача до 30 минут,FZ 989 
2026-07-07,Победа,Выдача до 30 минут,PBD 980 
2026-07-07,UZBEKISTAN AIRWAYS,Выдача от 30 до 40 минут,ХИ 9627 
2026-07-07,Победа,Выдача до 30 минут,PBD 860 
2026-07-07,Россия,Выдача до 30 минут,ФВ 6181 
2026-07-07,UZBEKISTAN AIRWAYS,Выдача до 30 минут,ХИ 9619 
2026-07-07,Газпром авиа,Выдача до 30 минут,ГЗП 496 
2026-07-07,Победа,Выдача до 30 минут,ДР 158 
2026-07-07,Turkish Airlines,Выдача до 30 минут,TK 3012 
2026-07-07,Ютэйр,Выдача до 30 минут,ЮТ 296 
2026-07-07,AZAL,Выдача до 30 минут,J2 805 
2026-07-07,AZAL,Выдача до 30 минут,J2 809 
2026-07-07,SCAT Airlines,Выдача до 30 минут,DV 815 
2026-07-07,FLYONE Armenia,Выдача до 30 минут,УР 512 
2026-07-07,Ютэйр,Выдача до 30 минут,ЮТ 456 
2026-07-07,Победа,Выдача до 30 минут,ДР 404 
2026-07-07,Северо-Запад,Выдача до 30 минут,НВЦ 9152 
2026-07-07,GEORGIAN AIRWAYS,Выдача до 30 минут,AZO 7054 
2026-07-07,Nesma Airlines,Выдача до 30 минут,NE 610 
2026-07-07,Россия,Выдача до 30 минут,ФВ 6175 
2026-07-07,Россия,Выдача до 30 минут,ФВ 6183 
2026-07-07,Ютэйр,Выдача до 30 минут,ЮТ 376 
2026-07-07,Pegasus,Выдача от 30 до 40 минут,PC 1580 
2026-07-07,Азимут,Выдача до 30 минут,А4 7030 
2026-07-07,GEORGIAN AIRWAYS,Выдача до 30 минут,ЖГ 937 
2026-07-07,Turkish Airlines,Выдача до 30 минут,TK 3070 
2026-07-07,Turkish Airlines,Выдача до 30 минут,TK 3192 
2026-07-07,Россия,Выдача до 30 минут,ФВ 6007 
2026-07-07,Алроса,Выдача до 30 минут,ЯМ 543 
2026-07-07,Shirak Avia,Выдача до 30 минут,ЮБГ 509 
2026-07-07,Россия,Выдача до 30 минут,ФВ 6027 
2026-07-07,Победа,Выдача до 30 минут,PBD 840 
2026-07-07,FLYONE Armenia,Выдача до 30 минут,3F 325 
2026-07-07,Азимут,Выдача до 30 минут,А4 7036 
2026-07-07,GEORGIAN AIRWAYS,Выдача от 30 до 40 минут,ЖГ 926 
2026-07-07,Победа,Выдача до 30 минут,ДР 466 
2026-07-07,Якутия,Выдача до 30 минут,ЯК 736 
2026-07-08,Nesma Airlines,Выдача до 30 минут,NE 600 
2026-07-08,Ютэйр,Некорректно проставлены отметки,ЮТ 446 
2026-07-08,Turkish Airlines,Выдача от 30 до 40 минут,TK 407 
2026-07-08,Россия,Выдача до 30 минут,ФВ 6051 
2026-07-08,Ютэйр,Выдача до 30 минут,ЮТ 746F
2026-07-08,Turkish Airlines,Выдача до 30 минут,TK 3070 
2026-07-08,Pegasus,Выдача до 30 минут,PC 386 
2026-07-08,Pegasus,Выдача до 30 минут,PC 1521 
2026-07-08,Ютэйр,Выдача до 30 минут,ЮТ 454 
2026-07-08,FLYONE Armenia,Выдача до 30 минут,3F 321 
2026-07-08,Ютэйр,Выдача до 30 минут,ЮТ 356 
2026-07-08,Turkish Airlines,Выдача более 40 минут,TK 3084 
2026-07-08,Pegasus,Выдача до 30 минут,PC 390 
2026-07-08,flydubai,Выдача до 30 минут,FZ 987 
2026-07-08,Белавиа,Выдача до 30 минут,В2 981 
2026-07-08,Победа,Выдача до 30 минут,ДР 188 
2026-07-08,Победа,Выдача до 30 минут,ДР 1422 
2026-07-08,Россия,Выдача до 30 минут,ФВ 6161 
2026-07-08,Turkish Airlines,Выдача до 30 минут,TK 3036 
2026-07-08,Nesma Airlines,Выдача от 30 до 40 минут,NE 640 
2026-07-08,Победа,Выдача до 30 минут,ДР 1190 
2026-07-08,Победа,Выдача до 30 минут,ДР 408 
2026-07-08,Победа,Выдача до 30 минут,ДР 210 
2026-07-08,Turkish Airlines,Выдача до 30 минут,TK 211 
2026-07-08,UZBEKISTAN AIRWAYS,Выдача до 30 минут,ХИ 9607 
2026-07-08,Turkish Airlines,Выдача до 30 минут,TK 3006 
2026-07-08,Turkish Airlines,Выдача до 30 минут,TK 3028 
2026-07-08,Победа,Выдача до 30 минут,ДР 1194 
2026-07-08,Победа,Выдача до 30 минут,ДР 264 
2026-07-08,Red Sea,Выдача до 30 минут,4S 319 
2026-07-08,AJET,Выдача более 40 минут,VSV 3414 
2026-07-08,Turkish Airlines,Выдача до 30 минут,TK 3120 
2026-07-08,Nesma Airlines,Выдача до 30 минут,NE 638 
2026-07-08,GEORGIAN AIRWAYS,Выдача до 30 минут,ЖГ 932 
2026-07-08,Pegasus,Выдача до 30 минут,PC 1456 
2026-07-08,GEORGIAN AIRWAYS,Выдача до 30 минут,AZO 7008 
2026-07-08,Ютэйр,Выдача до 30 минут,ЮТ 9098 
2026-07-08,Turkish Airlines,Выдача до 30 минут,TK 217 
2026-07-08,Turkish Airlines,Выдача до 30 минут,TK 3014 
2026-07-08,Россия,Выдача до 30 минут,ФВ 6007 
2026-07-08,Победа,Выдача до 30 минут,ДР 1486 
2026-07-08,AZAL,Выдача до 30 минут,J2 807 
2026-07-08,Ютэйр,Выдача до 30 минут,ЮТ 358 
2026-07-08,Turkish Airlines,Выдача до 30 минут,TK 413 
2026-07-08,Turkish Airlines,Выдача от 30 до 40 минут,TK 3154 
2026-07-08,AJET,Выдача до 30 минут,VF 275 
2026-07-08,Азимут,Выдача до 30 минут,А4 7034 
2026-07-08,Turkish Airlines,Выдача до 30 минут,TK 409 
2026-07-08,АЗУР эйр,Выдача от 30 до 40 минут,AZV 3004 
2026-07-08,Победа,Выдача до 30 минут,ДР 742 
2026-07-08,Pegasus,Выдача от 30 до 40 минут,PC 1576 
2026-07-08,AJET,Выдача от 30 до 40 минут,VF 277 
2026-07-08,Ютэйр,Выдача до 30 минут,ЮТ 786 
2026-07-08,Turkish Airlines,Выдача до 30 минут,TK 3060 
2026-07-08,Руслайн,Выдача до 30 минут,РГ 194 
2026-07-08,Turkish Airlines,Выдача до 30 минут,TK 3178 
2026-07-08,GEORGIAN AIRWAYS,Выдача до 30 минут,AZO 7108 
2026-07-08,Россия,Выдача до 30 минут,ФВ 6005 
2026-07-08,Россия,Выдача до 30 минут,ФВ 6003 
2026-07-08,Turkish Airlines,Выдача до 30 минут,TK 419 
2026-07-08,Алроса,Выдача до 30 минут,ЯМ 597 
2026-07-08,Вологодское АП,Не определено,ВГ 2390 
2026-07-08,Ютэйр,Выдача до 30 минут,ЮТ 560 
2026-07-08,Победа,Выдача до 30 минут,ДР 744 
2026-07-08,Turkish Airlines,Выдача до 30 минут,TK 3002 
2026-07-08,SCAT Airlines,Выдача до 30 минут,DV 801 
2026-07-08,Ютэйр,Выдача до 30 минут,ЮТ 248 
2026-07-08,Ютэйр,Выдача до 30 минут,ЮТ 572 
2026-07-08,FLYONE Armenia,Выдача до 30 минут,3F 323 
2026-07-08,Победа,Выдача до 30 минут,ДР 414 
2026-07-08,Pegasus,Выдача до 30 минут,PC 1458 
2026-07-08,Turkish Airlines,Выдача до 30 минут,TK 3012 
2026-07-08,UZBEKISTAN AIRWAYS,Выдача до 30 минут,ХИ 9615 
2026-07-08,GEORGIAN AIRWAYS,Выдача до 30 минут,ЖГ 936 
2026-07-08,Turkish Airlines,Некорректно проставлены отметки,TK 421 
2026-07-08,Якутия,Выдача до 30 минут,ЯК 475 
2026-07-08,Nouvelair Tunisie,Выдача до 30 минут,BJ 804 
2026-07-08,Газпром авиа,Выдача до 30 минут,ГЗП 252 
2026-07-08,Turkish Airlines,Выдача до 30 минут,TK 1231 
2026-07-08,flydubai,Выдача до 30 минут,FZ 989 
2026-07-08,SCAT Airlines,Выдача до 30 минут,DV 813 
2026-07-08,Turkish Airlines,Выдача до 30 минут,TK 417 
2026-07-08,Turkish Airlines,Выдача до 30 минут,TK 3046 
2026-07-08,Turkish Airlines,Выдача до 30 минут,TK 411 
2026-07-08,Россия,Выдача до 30 минут,ФВ 6025 
2026-07-08,Ютэйр,Выдача до 30 минут,УТА 6316 
2026-07-08,Северо-Запад,Выдача до 30 минут,НВЦ 9152 
2026-07-08,Победа,Выдача до 30 минут,PBD 980 
2026-07-08,Pegasus,Выдача от 30 до 40 минут,PC 388 
2026-07-08,Ютэйр,Выдача до 30 минут,ЮТ 334 
2026-07-08,Ютэйр,Выдача до 30 минут,ЮТ 1250 
2026-07-08,Россия,Выдача до 30 минут,ФВ 6027 
2026-07-08,Ютэйр,Выдача до 30 минут,ЮТ 364 
2026-07-08,Азимут,Некорректно проставлены отметки,А4 7010 
2026-07-08,Россия,Выдача до 30 минут,ФВ 6031 
2026-07-08,Ютэйр,Выдача до 30 минут,ЮТ 180 
2026-07-08,Ютэйр,Выдача до 30 минут,UTA 9030 
2026-07-08,Победа,Некорректно проставлены отметки,ДР 206 
2026-07-08,Pegasus,Выдача от 30 до 40 минут,PC 1580 
2026-07-08,Ютэйр,Выдача до 30 минут,ЮТ 376 
2026-07-08,AZAL,Выдача до 30 минут,J2 809 
2026-07-08,Ютэйр,Выдача до 30 минут,ЮТ 784 
2026-07-08,Алроса,Выдача до 30 минут,ЯМ 543 
2026-07-08,Turkish Airlines,Выдача от 30 до 40 минут,TK 3008 
2026-07-08,Ютэйр,Выдача до 30 минут,ЮТ 746 
2026-07-08,FLYONE Armenia,Выдача до 30 минут,УР 514 
2026-07-08,Победа,Выдача до 30 минут,ДР 262 
2026-07-08,Россия,Выдача до 30 минут,ФВ 6177 
2026-07-08,Turkish Airlines,Выдача до 30 минут,TK 3024 
2026-07-08,Белавиа,Выдача до 30 минут,В2 979 
2026-07-08,Nesma Airlines,Выдача до 30 минут,NE 606 
2026-07-08,Россия,Выдача до 30 минут,ФВ 6175 
2026-07-08,Победа,Выдача до 30 минут,ДР 856 
2026-07-08,Россия,Выдача до 30 минут,ФВ 6009 
2026-07-08,Ютэйр,Выдача до 30 минут,ЮТ 374 
2026-07-08,Turkish Airlines,Выдача до 30 минут,TK 415 
2026-07-08,Победа,Выдача до 30 минут,ДР 158 
2026-07-08,GEORGIAN AIRWAYS,Выдача от 30 до 40 минут,AZO 7018 
2026-07-08,Россия,Выдача до 30 минут,ФВ 6185 
2026-07-08,Россия,Выдача до 30 минут,ФВ 6183 
2026-07-08,UZBEKISTAN AIRWAYS,Выдача до 30 минут,ХИ 613 
2026-07-08,Ютэйр,Выдача до 30 минут,ЮТ 400 
2026-07-08,Россия,Выдача до 30 минут,ФВ 6179 
2026-07-08,UZBEKISTAN AIRWAYS,Выдача до 30 минут,ХИ 9619 
2026-07-08,Победа,Выдача до 30 минут,ДР 194 
2026-07-08,Газпром авиа,Выдача до 30 минут,ГЗП 260 
2026-07-08,Россия,Выдача до 30 минут,ФВ 6187 
2026-07-08,Turkish Airlines,Выдача до 30 минут,TK 3164 
2026-07-08,Turkish Airlines,Выдача от 30 до 40 минут,TK 409 
2026-07-08,UZBEKISTAN AIRWAYS,Выдача до 30 минут,ХИ 605 
2026-07-08,AZAL,Выдача до 30 минут,J2 805 
2026-07-08,GEORGIAN AIRWAYS,Выдача до 30 минут,AZO 7054 
2026-07-08,Победа,Выдача до 30 минут,ДР 114 
2026-07-08,Ютэйр,Выдача до 30 минут,ЮТ 296 
2026-07-08,FLYONE Armenia,Выдача до 30 минут,3F 325 
2026-07-08,Победа,Выдача до 30 минут,PBD 736 
2026-07-08,Победа,Выдача до 30 минут,PBD 840 
2026-07-08,Ютэйр,Выдача от 30 до 40 минут,ЮТ 802 
2026-07-08,Победа,Выдача до 30 минут,ДР 422 
2026-07-08,Ютэйр,Выдача более 40 минут,ЮТ 464 
2026-07-08,АЗУР эйр,Выдача от 30 до 40 минут,AZV 3002 
2026-07-08,Aero Nomad,Выдача до 30 минут,КГ 555 
2026-07-08,Turkish Airlines,Выдача от 30 до 40 минут,TK 3060 
2026-07-08,UZBEKISTAN AIRWAYS,Выдача до 30 минут,ХИ 9627 
2026-07-08,Россия,Выдача до 30 минут,ФВ 6037 
2026-07-08,Россия,Выдача до 30 минут,ФВ 6181 
2026-07-08,Победа,Выдача до 30 минут,ДР 160 
2026-07-08,Победа,Выдача до 30 минут,PBD 860 
2026-07-08,Победа,Выдача до 30 минут,ДР 116 
2026-07-08,Победа,Выдача до 30 минут,ДР 836 
2026-07-08,Ютэйр,Выдача до 30 минут,УТА 9026 
2026-07-08,SCAT Airlines,Выдача до 30 минут,DV 815 
2026-07-09,FLYONE Armenia,Выдача до 30 минут,3F 323 
2026-07-09,Turkish Airlines,Выдача до 30 минут,TK 3012 
2026-07-09,Pegasus,Выдача от 30 до 40 минут,PC 1576 
2026-07-09,Turkish Airlines,Выдача до 30 минут,TK 3002 
2026-07-09,Turkish Airlines,Выдача до 30 минут,TK 3178 
2026-07-09,Turkish Airlines,Выдача до 30 минут,TK 3014 
2026-07-09,AJET,Выдача до 30 минут,VF 275 
2026-07-09,Turkish Airlines,Выдача до 30 минут,TK 3084 
2026-07-09,Ютэйр,Выдача до 30 минут,ЮТ 358 
2026-07-09,Red Sea,Выдача от 30 до 40 минут,4S 337 
2026-07-09,Белавиа,Выдача до 30 минут,В2 981 
2026-07-09,Победа,Выдача до 30 минут,ДР 434 
2026-07-09,FLYONE Armenia,Выдача от 30 до 40 минут,3F 321 
2026-07-09,Победа,Выдача до 30 минут,ДР 436B
2026-07-09,Pegasus,Выдача от 30 до 40 минут,PC 390 
2026-07-09,Победа,Выдача до 30 минут,ДР 264 
2026-07-09,Победа,Выдача до 30 минут,ДР 408 
2026-07-09,Nesma Airlines,Некорректно проставлены отметки,NE 602 
2026-07-09,Nesma Airlines,Выдача до 30 минут,NE 646 
2026-07-09,Turkish Airlines,Выдача до 30 минут,TK 3006 
2026-07-09,Pegasus,Выдача от 30 до 40 минут,PC 1521 
2026-07-09,Победа,Выдача до 30 минут,ДР 208 
2026-07-09,Turkish Airlines,Выдача до 30 минут,TK 6903 
2026-07-09,Ютэйр,Выдача от 30 до 40 минут,ЮТ 572 
2026-07-09,Turkish Airlines,Выдача до 30 минут,TK 3154 
2026-07-09,Pegasus,Выдача до 30 минут,PC 386 
2026-07-09,Победа,Выдача до 30 минут,ДР 968B
2026-07-09,Победа,Выдача до 30 минут,ДР 1486 
2026-07-09,Ютэйр,Выдача от 30 до 40 минут,ЮТ 276G
2026-07-09,AJET,Выдача до 30 минут,VF 277 
2026-07-09,Pegasus,Выдача от 30 до 40 минут,PC 1456 
2026-07-09,Ютэйр,Выдача более 40 минут,ЮТ 786 
2026-07-09,Turkish Airlines,Выдача от 30 до 40 минут,TK 419 
2026-07-09,Nesma Airlines,Выдача до 30 минут,NE 490 
2026-07-09,flydubai,Выдача до 30 минут,FZ 987A
2026-07-09,ЮВТ АЭРО,Выдача до 30 минут,ЮВ 301 
2026-07-09,AJET,Выдача до 30 минут,VF 587 
2026-07-09,Turkish Airlines,Выдача от 30 до 40 минут,TK 3036 
2026-07-09,Turkish Airlines,Выдача до 30 минут,TK 421 
2026-07-09,Ютэйр,Выдача до 30 минут,ЮТ 352 
2026-07-09,GEORGIAN AIRWAYS,Выдача до 30 минут,AZO 7154 
2026-07-09,Ютэйр,Выдача до 30 минут,ЮТ 808 
2026-07-09,Россия,Выдача до 30 минут,ФВ 6051 
2026-07-09,Не найдено,Выдача до 30 минут,TC 422 
2026-07-09,Turkish Airlines,Выдача до 30 минут,TK 407 
2026-07-09,Победа,Выдача до 30 минут,ДР 714 
2026-07-09,Победа,Выдача до 30 минут,ДР 744 
2026-07-09,Nesma Airlines,Выдача до 30 минут,NE 616 
2026-07-09,Победа,Выдача до 30 минут,ДР 414 
2026-07-09,GEORGIAN AIRWAYS,Выдача от 30 до 40 минут,ЖГ 932 
2026-07-09,Ютэйр,Выдача от 30 до 40 минут,ЮТ 364 
2026-07-09,Turkish Airlines,Выдача до 30 минут,TK 217 
2026-07-09,Ютэйр,Выдача до 30 минут,ЮТ 356 
2026-07-09,Победа,Выдача до 30 минут,ДР 994 
2026-07-09,UZBEKISTAN AIRWAYS,Выдача до 30 минут,ХИ 9615 
2026-07-09,Победа,Выдача до 30 минут,ДР 964B
2026-07-09,Ютэйр,Выдача до 30 минут,ЮТ 454 
2026-07-09,UZBEKISTAN AIRWAYS,Выдача до 30 минут,ХИ 9607 
2026-07-09,Pegasus,Выдача до 30 минут,PC 1458 
2026-07-09,Turkish Airlines,Выдача от 30 до 40 минут,TK 1231 
2026-07-09,Aero Nomad,Выдача до 30 минут,КГ 555 
2026-07-09,Ютэйр,Выдача до 30 минут,ЮТ 248 
2026-07-09,Россия,Некорректно проставлены отметки,ФВ 6003 
2026-07-09,AZAL,Выдача до 30 минут,J2 807 
2026-07-09,Ютэйр,Выдача до 30 минут,ЮТ 560 
2026-07-09,Россия,Выдача до 30 минут,ФВ 6007 
2026-07-09,Россия,Выдача до 30 минут,ФВ 6005 
2026-07-09,GEORGIAN AIRWAYS,Выдача до 30 минут,AZO 7072 
2026-07-09,Азимут,Выдача до 30 минут,А4 7020 
2026-07-09,Turkish Airlines,Выдача до 30 минут,TK 413 
2026-07-09,Победа,Выдача до 30 минут,ДР 730 
2026-07-09,АЗУР эйр,Выдача до 30 минут,AZV 3008 
2026-07-09,Ютэйр,Выдача до 30 минут,ЮТ 400 
2026-07-09,SCAT Airlines,Выдача до 30 минут,DV 809 
2026-07-09,Вологодское АП,Не определено,ВГ 2390 
2026-07-09,Победа,Выдача до 30 минут,ДР 732 
2026-07-09,GEORGIAN AIRWAYS,Выдача до 30 минут,ЖГ 936 
2026-07-09,Победа,Выдача до 30 минут,ДР 436 
2026-07-09,Nesma Airlines,Выдача до 30 минут,NE 644 
2026-07-09,Turkish Airlines,Выдача до 30 минут,TK 3070 
2026-07-09,flydubai,Выдача до 30 минут,FZ 989 
2026-07-09,Победа,Выдача до 30 минут,ДР 262 
2026-07-09,Алроса,Выдача до 30 минут,ЯМ 543 
2026-07-09,Ютэйр,Выдача до 30 минут,ЮТ 746 
2026-07-09,Ютэйр,Выдача до 30 минут,ЮТ 276 
2026-07-09,Азимут,Выдача до 30 минут,А4 7010 
2026-07-09,Победа,Выдача до 30 минут,ДРУ 9850 
2026-07-09,Turkish Airlines,Выдача до 30 минут,TK 417 
2026-07-09,GEORGIAN AIRWAYS,Выдача до 30 минут,ЖГ 937 
2026-07-09,Якутия,Выдача до 30 минут,ЯК 465 
2026-07-09,Газпром авиа,Выдача до 30 минут,ГЗП 262 
2026-07-09,Россия,Выдача до 30 минут,ФВ 6031 
2026-07-09,Ютэйр,Выдача до 30 минут,ЮТ 744 
2026-07-09,Победа,Выдача до 30 минут,ДР 116 
2026-07-09,GEORGIAN AIRWAYS,Выдача до 30 минут,AZO 7054 
2026-07-09,Россия,Выдача до 30 минут,ФВ 6009 
2026-07-09,Белавиа,Выдача до 30 минут,В2 983 
2026-07-09,Россия,Выдача до 30 минут,ФВ 6025 
2026-07-09,Nesma Airlines,Выдача до 30 минут,NE 614 
2026-07-09,Победа,Выдача до 30 минут,ДР 466 
2026-07-09,GEORGIAN AIRWAYS,Выдача до 30 минут,ЖГ 926 
2026-07-09,Pegasus,Выдача до 30 минут,PC 388 
2026-07-09,Победа,Выдача до 30 минут,ДР 114 
2026-07-09,Ютэйр,Выдача до 30 минут,ЮТ 596 
2026-07-09,FLYONE Armenia,Выдача до 30 минут,УР 512 
2026-07-09,Победа,Выдача до 30 минут,ДР 836 
2026-07-09,Россия,Выдача до 30 минут,ФВ 6037 
2026-07-09,Победа,Выдача до 30 минут,ДР 856 
2026-07-09,Победа,Выдача до 30 минут,ДР 158 
2026-07-09,FLYONE Armenia,Выдача до 30 минут,3F 325 
2026-07-09,Turkish Airlines,Выдача до 30 минут,TK 3058 
2026-07-09,UZBEKISTAN AIRWAYS,Выдача до 30 минут,ХИ 9627 
2026-07-09,Россия,Выдача до 30 минут,ФВ 6187 
2026-07-09,Red Sea,Выдача до 30 минут,4S 341 
2026-07-09,Победа,Выдача до 30 минут,ДР 968 
2026-07-09,Turkish Airlines,Выдача до 30 минут,TK 411 
2026-07-09,Turkish Airlines,Выдача до 30 минут,TK 3066 
2026-07-09,Россия,Выдача до 30 минут,ФВ 6177 
2026-07-09,Ютэйр,Выдача до 30 минут,ЮТ 464 
2026-07-09,Turkish Airlines,Выдача до 30 минут,TK 415 
2026-07-09,Ютэйр,Выдача до 30 минут,ЮТ 784 
2026-07-09,UZBEKISTAN AIRWAYS,Выдача до 30 минут,ХИ 613 
2026-07-09,Якутия,Выдача до 30 минут,ЯК 736 
2026-07-09,Белавиа,Выдача до 30 минут,В2 985 
2026-07-09,Ютэйр,Выдача до 30 минут,ЮТ 296 
2026-07-09,Победа,Выдача до 30 минут,PBD 980 
2026-07-09,SCAT Airlines,Выдача до 30 минут,DV 815 
2026-07-09,Руслайн,Выдача до 30 минут,РГ 194 
2026-07-09,Ютэйр,Выдача до 30 минут,ЮТ 810 
2026-07-09,Северо-Запад,Выдача до 30 минут,НВЦ 9152 
2026-07-09,AZAL,Выдача до 30 минут,J2 805 
2026-07-09,AZAL,Выдача до 30 минут,J2 5830 
2026-07-09,Победа,Выдача до 30 минут,PBD 860 
2026-07-09,Победа,Выдача до 30 минут,ДР 486 
2026-07-09,Россия,Выдача до 30 минут,ФВ 6179 
2026-07-09,Победа,Выдача до 30 минут,ДР 404 
2026-07-09,Победа,Выдача до 30 минут,PBD 840 
2026-07-09,Россия,Выдача до 30 минут,ФВ 6181 
2026-07-09,Ютэйр,Выдача до 30 минут,УТА 9026 
2026-07-09,UZBEKISTAN AIRWAYS,Выдача до 30 минут,ХИ 9619 
2026-07-09,Россия,Выдача до 30 минут,ФВ 6185 
2026-07-09,Победа,Выдача до 30 минут,ДР 190 
2026-07-09,Азимут,Некорректно проставлены отметки,А4 7036 
2026-07-09,Pegasus,Выдача до 30 минут,PC 1580 
2026-07-09,Победа,Выдача до 30 минут,ДР 964 
2026-07-09,ЮВТ АЭРО,Выдача до 30 минут,ЮВ 204 
2026-07-09,Ютэйр,Выдача до 30 минут,ЮТ 398 
2026-07-09,Nesma Airlines,Выдача до 30 минут,NE 640 
2026-07-09,Азимут,Некорректно проставлены отметки,А4 7030 
2026-07-09,SCAT Airlines,Выдача до 30 минут,DV 813 
2026-07-09,Ютэйр,Выдача до 30 минут,ЮТ 376 
2026-07-09,Россия,Выдача до 30 минут,ФВ 6027 
2026-07-09,Ютэйр,Выдача более 40 минут,ЮТ 802 
2026-07-09,Ютэйр,Выдача до 30 минут,ЮТ 374 
2026-07-09,UZBEKISTAN AIRWAYS,Некорректно проставлены отметки,ХИ 605 
2026-07-09,Россия,Выдача до 30 минут,ФВ 6175 
2026-07-09,Россия,Выдача до 30 минут,ФВ 6183 
2026-07-09,Ютэйр,Выдача до 30 минут,ЮТ 250 
2026-07-10,Pegasus,Выдача от 30 до 40 минут,PC 1456 
2026-07-10,Победа,Выдача до 30 минут,ДР 836 
2026-07-10,Победа,Выдача до 30 минут,PBD 840 
2026-07-10,Руслайн,Выдача до 30 минут,РГ 194 
2026-07-10,Азимут,Выдача до 30 минут,А4 7010 
2026-07-10,Алроса,Выдача до 30 минут,DRU 9942 
2026-07-10,Ютэйр,Выдача до 30 минут,ЮТ 400 
2026-07-10,UZBEKISTAN AIRWAYS,Выдача до 30 минут,ХИ 9615 
2026-07-10,Ютэйр,Выдача до 30 минут,ЮТ 746 
2026-07-10,Ютэйр,Выдача до 30 минут,ЮТ 356 
2026-07-10,Победа,Выдача до 30 минут,ДР 466 
2026-07-10,Turkish Airlines,Выдача до 30 минут,TK 413 
2026-07-10,Победа,Выдача до 30 минут,PBD 860 
2026-07-10,FLYONE Armenia,Выдача до 30 минут,3F 323 
2026-07-10,Ютэйр,Выдача до 30 минут,ЮТ 180 
2026-07-10,Победа,Выдача до 30 минут,ДР 194B
2026-07-10,Белавиа,Выдача до 30 минут,В2 981 
2026-07-10,Asia Union Airlines,Выдача до 30 минут,7Q 1777 
2026-07-10,AJET,Выдача до 30 минут,VF 587 
2026-07-10,Победа,Выдача до 30 минут,ДР 422 
2026-07-10,Nesma Airlines,Выдача до 30 минут,NE 600 
2026-07-10,Победа,Выдача до 30 минут,ДР 264 
2026-07-10,Pegasus,Выдача от 30 до 40 минут,PC 1521 
2026-07-10,Nesma Airlines,Выдача до 30 минут,NE 642 
2026-07-10,Turkish Airlines,Выдача до 30 минут,TK 3036 
2026-07-10,Pegasus,Выдача до 30 минут,PC 386 
2026-07-10,Азимут,Некорректно проставлены отметки,А4 7034 
2026-07-10,AJET,Выдача до 30 минут,VF 277 
2026-07-10,Россия,Выдача до 30 минут,ФВ 6161 
2026-07-10,Победа,Выдача до 30 минут,ДР 188 
2026-07-10,ЮВТ АЭРО,Выдача до 30 минут,ЮВ 303 
2026-07-10,Ютэйр,Выдача до 30 минут,ЮТ 768 
2026-07-10,Turkish Airlines,Выдача до 30 минут,TK 419 
2026-07-10,Ютэйр,Выдача более 40 минут,ЮТ 786 
2026-07-10,Turkish Airlines,Выдача до 30 минут,TK 3006 
2026-07-10,Победа,Выдача до 30 минут,ДР 210B
2026-07-10,Turkish Airlines,Выдача до 30 минут,TK 3154 
2026-07-10,Nesma Airlines,Выдача до 30 минут,NE 604 
2026-07-10,Red Sea,Выдача до 30 минут,4S 325 
2026-07-10,AZAL,Выдача до 30 минут,J2 809 
2026-07-10,Aero Nomad,Выдача до 30 минут,КГ 555 
2026-07-10,Nesma Airlines,Выдача до 30 минут,NE 620 
2026-07-10,Pegasus,Выдача до 30 минут,PC 1458 
2026-07-10,Победа,Выдача до 30 минут,ДР 1994 
2026-07-10,Red Sea,Выдача до 30 минут,4S 315 
2026-07-10,Turkish Airlines,Выдача до 30 минут,TK 407 
2026-07-10,Победа,Некорректно проставлены отметки,ДР 742 
2026-07-10,Победа,Выдача до 30 минут,ДР 414 
2026-07-10,Победа,Выдача до 30 минут,ДР 436 
2026-07-10,Turkish Airlines,Выдача до 30 минут,TK 3084A
2026-07-10,Победа,Выдача до 30 минут,ДР 434 
2026-07-10,Shirak Avia,Выдача до 30 минут,ЮБГ 509 
2026-07-10,Ютэйр,Выдача до 30 минут,ЮТ 560 
2026-07-10,GEORGIAN AIRWAYS,Выдача от 30 до 40 минут,ЖГ 932 
2026-07-10,UZBEKISTAN AIRWAYS,Выдача до 30 минут,ХИ 9607 
2026-07-10,Turkish Airlines,Выдача от 30 до 40 минут,TK 217 
2026-07-10,Ютэйр,Выдача до 30 минут,ЮТ 790 
2026-07-10,AJET,Выдача до 30 минут,VF 275 
2026-07-10,Ютэйр,Выдача от 30 до 40 минут,ЮТ 454 
2026-07-10,Ютэйр,Выдача до 30 минут,ЮТ 248 
2026-07-10,Ютэйр,Выдача до 30 минут,ЮТ 364 
2026-07-10,Якутия,Выдача до 30 минут,ЯК 479 
2026-07-10,SCAT Airlines,Выдача до 30 минут,DV 801 
2026-07-10,Вологодское АП,Не определено,ВГ 2390 
2026-07-10,GEORGIAN AIRWAYS,Выдача до 30 минут,ЖГ 936 
2026-07-10,SCAT Airlines,Выдача до 30 минут,DV 809 
2026-07-10,AZAL,Выдача до 30 минут,J2 807 
2026-07-10,Aero Nomad,Выдача до 30 минут,КГ 503 
2026-07-10,Nesma Airlines,Выдача до 30 минут,NE 618 
2026-07-10,Ютэйр,Выдача до 30 минут,ЮТ 446 
2026-07-10,Победа,Выдача до 30 минут,ДР 734 
2026-07-10,Россия,Выдача до 30 минут,ФВ 6007 
2026-07-10,Pegasus,Выдача от 30 до 40 минут,PC 390 
2026-07-10,Россия,Выдача до 30 минут,ФВ 6005 
2026-07-10,Россия,Выдача до 30 минут,ФВ 6051 
2026-07-10,GEORGIAN AIRWAYS,Выдача до 30 минут,AZO 7108 
2026-07-10,FLYONE Armenia,Выдача до 30 минут,3F 321 
2026-07-10,GEORGIAN AIRWAYS,Выдача до 30 минут,AZO 7154 
2026-07-10,Россия,Выдача до 30 минут,ФВ 6013 
2026-07-10,Алроса,Выдача до 30 минут,ЯМ 597 
2026-07-10,Ютэйр,Выдача от 30 до 40 минут,ЮТ 572 
2026-07-10,Россия,Выдача до 30 минут,ФВ 6175 
2026-07-10,Turkish Airlines,Выдача до 30 минут,TK 211 
2026-07-10,GEORGIAN AIRWAYS,Выдача до 30 минут,AZO 7054 
2026-07-10,Победа,Выдача до 30 минут,ДР 856 
2026-07-10,Ютэйр,Выдача до 30 минут,ЮТ 374 
2026-07-10,Pegasus,Выдача до 30 минут,PC 388 
2026-07-10,Ютэйр,Выдача до 30 минут,ЮТ 276 
2026-07-10,Turkish Airlines,Выдача до 30 минут,TK 3008 
2026-07-10,Алроса,Не определено,DRU 9944 
2026-07-10,Победа,Выдача до 30 минут,ДР 116 
2026-07-10,Якутия,Выдача до 30 минут,ЯК 480 
2026-07-10,Победа,Выдача до 30 минут,ДР 114 
2026-07-10,АЗУР эйр,Выдача до 30 минут,AZV 3002 
2026-07-10,flydubai,Выдача до 30 минут,FZ 989 
2026-07-10,Алроса,Выдача до 30 минут,ЯМ 543 
2026-07-10,Turkish Airlines,Выдача до 30 минут,TK 417 
2026-07-10,Россия,Выдача до 30 минут,ФВ 6009 
2026-07-10,Россия,Выдача до 30 минут,ФВ 6025 
2026-07-10,Россия,Выдача до 30 минут,ФВ 6027 
2026-07-10,Россия,Выдача до 30 минут,ФВ 6031 
2026-07-10,Turkish Airlines,Выдача до 30 минут,TK 3070 
2026-07-10,Газпром авиа,Выдача до 30 минут,ГЗП 242 
2026-07-10,Ютэйр,Некорректно проставлены отметки,ЮТ 270 
2026-07-10,Ютэйр,Выдача до 30 минут,ЮТ 352 
2026-07-10,Turkish Airlines,Выдача до 30 минут,TK 409 
2026-07-10,Pegasus,Выдача более 40 минут,PC 1576 
2026-07-10,Turkish Airlines,Выдача до 30 минут,TK 3178 
2026-07-10,Turkish Airlines,Выдача до 30 минут,TK 3060 
2026-07-10,Turkish Airlines,Выдача до 30 минут,TK 3002 
2026-07-10,UZBEKISTAN AIRWAYS,Выдача до 30 минут,ХИ 613 
2026-07-10,Turkish Airlines,Выдача до 30 минут,TK 3014 
2026-07-10,UZBEKISTAN AIRWAYS,Выдача до 30 минут,ХИ 605 
2026-07-10,Turkish Airlines,Выдача до 30 минут,TK 421 
2026-07-10,Победа,Выдача более 40 минут,ДР 262 
2026-07-10,Победа,Некорректно проставлены отметки,ДР 206B
2026-07-10,Turkish Airlines,Выдача до 30 минут,TK 1231 
2026-07-10,flydubai,Выдача до 30 минут,FZ 987 
2026-07-10,АЗУР эйр,Выдача до 30 минут,AZV 3008 
2026-07-10,Россия,Выдача до 30 минут,ФВ 6185 
2026-07-10,Turkish Airlines,Выдача до 30 минут,TK 3164 
2026-07-10,Ютэйр,Выдача до 30 минут,ЮТ 334 
2026-07-10,FLYONE Armenia,Выдача до 30 минут,3F 325 
2026-07-10,Turkish Airlines,Выдача более 40 минут,TK 411 
2026-07-10,FLYONE Armenia,Выдача до 30 минут,УР 514 
2026-07-10,UZBEKISTAN AIRWAYS,Выдача до 30 минут,ХИ 9619 
2026-07-10,Ютэйр,Выдача до 30 минут,ЮТ 296 
2026-07-10,ЮВТ АЭРО,Выдача до 30 минут,ЮВ 204 
2026-07-10,UZBEKISTAN AIRWAYS,Выдача до 30 минут,ХИ 9627 
2026-07-10,AZAL,Выдача до 30 минут,J2 5830 
2026-07-10,Россия,Выдача до 30 минут,ФВ 6179 
2026-07-10,Вологодское АП,Не определено,ВГ 2392 
2026-07-10,SCAT Airlines,Выдача до 30 минут,DV 815 
2026-07-10,Ютэйр,Выдача до 30 минут,ЮТ 784 
2026-07-10,АЗУР эйр,Выдача от 30 до 40 минут,AZV 3006 
2026-07-10,Победа,Выдача до 30 минут,ДР 160 
2026-07-10,Ютэйр,Выдача до 30 минут,ЮТ 456 
2026-07-10,Ютэйр,Выдача до 30 минут,УТА 6136 
2026-07-10,Ютэйр,Выдача до 30 минут,ЮТ 802 
2026-07-10,Ютэйр,Выдача до 30 минут,ЮТ 464 
2026-07-10,Turkish Airlines,Выдача до 30 минут,TK 415 
2026-07-10,Россия,Выдача до 30 минут,ФВ 6177 
2026-07-10,Россия,Выдача до 30 минут,ФВ 6181 
2026-07-10,Ютэйр,Выдача до 30 минут,ЮТ 398 
2026-07-10,Pegasus,Выдача до 30 минут,PC 1580 
2026-07-10,SCAT Airlines,Выдача до 30 минут,DV 813 
2026-07-10,Победа,Выдача до 30 минут,ДР 964 
2026-07-10,Turkish Airlines,Выдача до 30 минут,TK 3120 
2026-07-10,Победа,Выдача до 30 минут,PBD 736 
2026-07-10,Победа,Выдача до 30 минут,ДР 194 
2026-07-10,Белавиа,Выдача до 30 минут,В2 979 
2026-07-10,Nesma Airlines,Выдача до 30 минут,NE 646 
2026-07-10,Россия,Выдача до 30 минут,ФВ 6187 
2026-07-10,Азимут,Некорректно проставлены отметки,А4 7035 
2026-07-10,Nesma Airlines,Выдача до 30 минут,NE 602 
2026-07-10,Россия,Выдача до 30 минут,ФВ 6169 
2026-07-10,Россия,Выдача до 30 минут,ФВ 6037 
2026-07-10,Россия,Выдача до 30 минут,ФВ 6183 
2026-07-10,Победа,Выдача до 30 минут,PBD 980 
2026-07-10,AZAL,Выдача до 30 минут,J2 805 
2026-07-10,Ютэйр,Выдача до 30 минут,ЮТ 596 
2026-07-10,Победа,Выдача до 30 минут,ДР 206 
2026-07-10,GEORGIAN AIRWAYS,Выдача до 30 минут,ЖГ 926 
2026-07-11,Red Sea,Выдача до 30 минут,4S 311 
2026-07-11,Победа,Выдача до 30 минут,ДР 968 
2026-07-11,Turkish Airlines,Выдача до 30 минут,TK 211 
2026-07-11,Ютэйр,Выдача до 30 минут,ЮТ 358 
2026-07-11,flydubai,Выдача до 30 минут,FZ 987 
2026-07-11,Turkish Airlines,Выдача более 40 минут,TK 3060 
2026-07-11,GEORGIAN AIRWAYS,Выдача до 30 минут,ЖГ 936 
2026-07-11,Turkish Airlines,Выдача до 30 минут,TK 3002 
2026-07-11,Россия,Выдача до 30 минут,ФВ 6189 
2026-07-11,GEORGIAN AIRWAYS,Выдача от 30 до 40 минут,ЖГ 932 
2026-07-11,Turkish Airlines,Выдача до 30 минут,TK 217 
2026-07-11,Turkish Airlines,Выдача до 30 минут,TK 421 
2026-07-11,Победа,Выдача до 30 минут,ДР 264 
2026-07-11,Turkish Airlines,Выдача от 30 до 40 минут,TK 3178 
2026-07-11,Pegasus,Выдача от 30 до 40 минут,PC 1521 
2026-07-11,Turkish Airlines,Выдача до 30 минут,TK 3076 
2026-07-11,Turkish Airlines,Выдача до 30 минут,TK 3070 
2026-07-11,Победа,Выдача до 30 минут,ДР 1486 
2026-07-11,FLYONE Armenia,Выдача до 30 минут,3F 325 
2026-07-11,Победа,Выдача до 30 минут,ДР 208 
2026-07-11,Победа,Выдача до 30 минут,PBD 840 
2026-07-11,Россия,Выдача до 30 минут,ФВ 6037 
2026-07-11,Nesma Airlines,Выдача до 30 минут,NE 644 
2026-07-11,Газпром авиа,Выдача до 30 минут,ГЗП 292 
2026-07-11,Не найдено,Выдача до 30 минут,ЦПК 9803 
2026-07-11,Азимут,Выдача до 30 минут,А4 7020 
2026-07-11,Turkish Airlines,Выдача до 30 минут,TK 415 
2026-07-11,Turkish Airlines,Выдача до 30 минут,TK 3192 
2026-07-11,flydubai,Выдача до 30 минут,FZ 989 
2026-07-11,Red Sea,Выдача до 30 минут,4S 317 
2026-07-11,Ютэйр,Выдача от 30 до 40 минут,ЮТ 572 
2026-07-11,SCAT Airlines,Выдача до 30 минут,DV 809 
2026-07-11,GEORGIAN AIRWAYS,Выдача до 30 минут,AZO 7072 
2026-07-11,Россия,Выдача до 30 минут,ФВ 6003 
2026-07-11,Алроса,Выдача до 30 минут,ЯМ 597 
2026-07-11,Turkish Airlines,Выдача до 30 минут,TK 3036 
2026-07-11,AZAL,Выдача до 30 минут,J2 807 
2026-07-11,Turkish Airlines,Выдача до 30 минут,TK 3028 
2026-07-11,АЗУР эйр,Выдача до 30 минут,AZV 3010 
2026-07-11,Nesma Airlines,Выдача до 30 минут,NE 614 
2026-07-11,Nesma Airlines,Выдача до 30 минут,NE 492 
2026-07-11,Pegasus,Выдача до 30 минут,PC 1458 
2026-07-11,Turkish Airlines,Выдача от 30 до 40 минут,TK 407 
2026-07-11,UZBEKISTAN AIRWAYS,Выдача до 30 минут,ХИ 9607 
2026-07-11,GEORGIAN AIRWAYS,Выдача до 30 минут,AZO 7208 
2026-07-11,Ютэйр,Выдача до 30 минут,ЮТ 786 
2026-07-11,Победа,Выдача до 30 минут,ДР 1422 
2026-07-11,Turkish Airlines,Выдача до 30 минут,TK 3084 
2026-07-11,Победа,Выдача до 30 минут,ДР 434 
2026-07-11,Ютэйр,Выдача до 30 минут,ЮТ 808 
2026-07-11,FLYONE Armenia,Выдача до 30 минут,3F 321 
2026-07-11,Ютэйр,Выдача до 30 минут,ЮТ 364 
2026-07-11,Победа,Выдача до 30 минут,ДР 414 
2026-07-11,Победа,Выдача до 30 минут,ДР 714 
2026-07-11,Якутия,Выдача от 30 до 40 минут,ЯК 473 
2026-07-11,Россия,Выдача до 30 минут,ФВ 6007 
2026-07-11,Белавиа,Выдача до 30 минут,В2 981 
2026-07-11,Turkish Airlines,Выдача до 30 минут,TK 419 
2026-07-11,FLYONE Armenia,Выдача до 30 минут,УР 412 
2026-07-11,Победа,Выдача до 30 минут,ДР 744 
2026-07-11,Ютэйр,Выдача до 30 минут,ЮТ 248 
2026-07-11,Ютэйр,Выдача до 30 минут,ЮТ 454 
2026-07-11,Pegasus,Выдача до 30 минут,PC 1576 
2026-07-11,Turkish Airlines,Выдача до 30 минут,TK 3014 
2026-07-11,Nesma Airlines,Выдача до 30 минут,NE 606 
2026-07-11,Pegasus,Выдача от 30 до 40 минут,PC 1456 
2026-07-11,Pegasus,Выдача до 30 минут,PC 386 
2026-07-11,Победа,Выдача до 30 минут,ДР 436 
2026-07-11,Ютэйр,Выдача до 30 минут,ЮТ 352 
2026-07-11,Ютэйр,Выдача до 30 минут,ЮТ 400 
2026-07-11,Ютэйр,Выдача до 30 минут,ЮТ 560 
2026-07-11,Вологодское АП,Не определено,ВГ 2390 
2026-07-11,Россия,Выдача до 30 минут,ФВ 6005 
2026-07-11,UZBEKISTAN AIRWAYS,Выдача до 30 минут,ХИ 9615 
2026-07-11,Turkish Airlines,Выдача до 30 минут,TK 413 
2026-07-11,Победа,Выдача до 30 минут,ДР 994 
2026-07-11,Россия,Выдача до 30 минут,ФВ 6025 
2026-07-11,AJET,Выдача от 30 до 40 минут,VF 277 
2026-07-11,Не найдено,Выдача до 30 минут,TC 422 
2026-07-11,Ютэйр,Выдача до 30 минут,ЮТ 464 
2026-07-11,AJET,Выдача до 30 минут,VF 275 
2026-07-11,Turkish Airlines,Выдача до 30 минут,TK 409 
2026-07-11,Победа,Выдача до 30 минут,ДР 210B
2026-07-11,Россия,Выдача до 30 минут,ФВ 6051 
2026-07-11,Turkish Airlines,Выдача до 30 минут,TK 3154 
2026-07-11,AJET,Выдача от 30 до 40 минут,VF 587 
2026-07-11,GEORGIAN AIRWAYS,Выдача до 30 минут,AZO 7018 
2026-07-11,Россия,Выдача до 30 минут,ФВ 6179 
2026-07-11,Ютэйр,Выдача до 30 минут,ЮТ 398 
2026-07-11,Pegasus,Выдача до 30 минут,PC 390 
2026-07-11,Победа,Выдача до 30 минут,ДР 404 
2026-07-11,Россия,Выдача до 30 минут,ФВ 6175 
2026-07-11,Россия,Выдача до 30 минут,ФВ 6177 
2026-07-11,UZBEKISTAN AIRWAYS,Выдача до 30 минут,ХИ 9627 
2026-07-11,FLYONE Armenia,Выдача до 30 минут,УР 512 
2026-07-11,Россия,Выдача до 30 минут,ФВ 6181 
2026-07-11,ЮВТ АЭРО,Выдача до 30 минут,ЮВ 301 
2026-07-11,Turkish Airlines,Выдача до 30 минут,TK 3006 
2026-07-11,Ютэйр,Выдача до 30 минут,ЮТ 296 
2026-07-11,FLYONE Armenia,Выдача до 30 минут,3F 323 
2026-07-11,Азимут,Выдача до 30 минут,А4 7010 
2026-07-11,Победа,Выдача до 30 минут,ДР 856 
2026-07-11,Turkish Airlines,Выдача до 30 минут,THY 6889 
2026-07-11,Победа,Выдача до 30 минут,ДР 114 
2026-07-11,Победа,Выдача до 30 минут,PBD 736 
2026-07-11,Nesma Airlines,Выдача до 30 минут,NE 640 
2026-07-11,Победа,Выдача до 30 минут,ДР 116 
2026-07-11,Белавиа,Выдача до 30 минут,В2 979 
2026-07-11,Turkish Airlines,Выдача до 30 минут,TK 3024 
2026-07-11,Red Sea,Выдача до 30 минут,4S 333 
2026-07-11,Россия,Выдача до 30 минут,ФВ 6009 
2026-07-11,Ютэйр,Выдача до 30 минут,ЮТ 374 
2026-07-11,GEORGIAN AIRWAYS,Выдача до 30 минут,AZO 7054 
2026-07-11,Turkish Airlines,Выдача до 30 минут,TK 1231 
2026-07-11,GEORGIAN AIRWAYS,Выдача до 30 минут,ЖГ 926 
2026-07-11,Ютэйр,Выдача до 30 минут,ЮТ 270 
2026-07-11,Ютэйр,Выдача до 30 минут,ЮТ 1376 
2026-07-11,Победа,Выдача до 30 минут,ДР 158B
2026-07-11,Turkish Airlines,Выдача от 30 до 40 минут,TK 417 
2026-07-11,AZAL,Выдача до 30 минут,J2 803 
2026-07-11,Ютэйр,Выдача от 30 до 40 минут,ЮТ 784 
2026-07-11,Азимут,Выдача до 30 минут,А4 7036 
2026-07-11,Turkish Airlines,Выдача до 30 минут,TK 411 
2026-07-11,Ютэйр,Выдача до 30 минут,ЮТ 746 
2026-07-11,Ютэйр,Выдача до 30 минут,ЮТ 744 
2026-07-11,Pegasus,Выдача до 30 минут,PC 388 
2026-07-11,Победа,Выдача до 30 минут,ДР 194 
2026-07-11,Победа,Выдача до 30 минут,ДР 964 
2026-07-11,SCAT Airlines,Выдача до 30 минут,DV 815 
2026-07-11,Победа,Некорректно проставлены отметки,ДР 588 
2026-07-11,Ютэйр,Выдача до 30 минут,ЮТ 250 
2026-07-11,UZBEKISTAN AIRWAYS,Выдача до 30 минут,ХИ 9619 
2026-07-11,Победа,Некорректно проставлены отметки,ДР 6874 
2026-07-11,UZBEKISTAN AIRWAYS,Выдача от 30 до 40 минут,ХИ 613 
2026-07-11,Победа,Выдача от 30 до 40 минут,PBD 980 
2026-07-11,Ютэйр,Выдача до 30 минут,ЮТ 802 
2026-07-11,Ютэйр,Выдача до 30 минут,ЮТ 356B
2026-07-11,Ютэйр,Выдача до 30 минут,ЮТ 810 
2026-07-11,Nesma Airlines,Выдача до 30 минут,NE 648 
2026-07-11,Россия,Выдача до 30 минут,ФВ 6027 
2026-07-11,Turkish Airlines,Выдача до 30 минут,TK 3046 
2026-07-11,Победа,Выдача до 30 минут,ДР 466 
2026-07-11,Nesma Airlines,Выдача до 30 минут,NE 616 
2026-07-11,Азимут,Выдача до 30 минут,А4 7030 
2026-07-11,Россия,Выдача до 30 минут,ФВ 6185 
2026-07-11,Северо-Запад,Выдача до 30 минут,НВЦ 9152 
2026-07-11,Победа,Не определено,ДР 526 
2026-07-11,Turkish Airlines,Выдача до 30 минут,TK 3012 
2026-07-11,Ютэйр,Выдача до 30 минут,ЮТ 576 
2026-07-11,Ютэйр,Выдача до 30 минут,ЮТ 456 
2026-07-11,GEORGIAN AIRWAYS,Выдача до 30 минут,ЖГ 937 
2026-07-11,AZAL,Выдача до 30 минут,J2 809 
2026-07-11,Ютэйр,Выдача до 30 минут,ЮТ 376 
2026-07-11,Победа,Выдача до 30 минут,PBD 860 
2026-07-11,Ютэйр,Выдача до 30 минут,ЮТ 576B
2026-07-11,Pegasus,Выдача до 30 минут,PC 1580 
2026-07-11,Nesma Airlines,Выдача до 30 минут,NE 490 
2026-07-12,FLYONE Armenia,Выдача до 30 минут,3F 321 
2026-07-12,Nesma Airlines,Выдача до 30 минут,NE 638 
2026-07-12,Pegasus,Выдача до 30 минут,PC 390 
2026-07-12,flydubai,Выдача от 30 до 40 минут,FZ 987 
2026-07-12,Победа,Выдача до 30 минут,ДР 422 
2026-07-12,Turkish Airlines,Выдача до 30 минут,TK 3060 
2026-07-12,AJET,Выдача от 30 до 40 минут,VF 275 
2026-07-12,Red Sea,Выдача до 30 минут,4S 313 
2026-07-12,Ютэйр,Выдача до 30 минут,ЮТ 446 
2026-07-12,GEORGIAN AIRWAYS,Выдача более 40 минут,AZO 7008 
2026-07-12,Turkish Airlines,Выдача до 30 минут,TK 3178 
2026-07-12,Turkish Airlines,Выдача от 30 до 40 минут,TK 3084 
2026-07-12,Turkish Airlines,Выдача от 30 до 40 минут,TK 217 
2026-07-12,Turkish Airlines,Выдача до 30 минут,TK 3014 
2026-07-12,Победа,Выдача до 30 минут,ДР 486 
2026-07-12,Россия,Выдача до 30 минут,ФВ 6005 
2026-07-12,Победа,Выдача до 30 минут,ДР 730 
2026-07-12,Aero Nomad,Выдача до 30 минут,КГ 555 
2026-07-12,Россия,Выдача до 30 минут,ФВ 6003 
2026-07-12,GEORGIAN AIRWAYS,Выдача от 30 до 40 минут,ЖГ 932 
2026-07-12,Ютэйр,Выдача до 30 минут,ЮТ 248 
2026-07-12,Pegasus,Выдача от 30 до 40 минут,PC 1521 
2026-07-12,SCAT Airlines,Выдача до 30 минут,DV 813 
2026-07-12,Победа,Выдача до 30 минут,ДР 262D
2026-07-12,FLYONE Armenia,Выдача до 30 минут,3F 323 
2026-07-12,Победа,Выдача до 30 минут,ДР 264 
2026-07-12,Ютэйр,Выдача до 30 минут,ЮТ 358 
2026-07-12,Turkish Airlines,Выдача до 30 минут,TK 421 
2026-07-12,Ютэйр,Выдача более 40 минут,ЮТ 786 
2026-07-12,Победа,Выдача до 30 минут,ДР 836B
2026-07-12,Nesma Airlines,Выдача до 30 минут,NE 600 
2026-07-12,AJET,Выдача до 30 минут,VF 587 
2026-07-12,Pegasus,Выдача от 30 до 40 минут,PC 1456 
2026-07-12,Победа,Выдача до 30 минут,ДР 210D
2026-07-12,Nesma Airlines,Выдача до 30 минут,NE 604 
2026-07-12,Победа,Выдача до 30 минут,ДР 206B
2026-07-12,Россия,Выдача до 30 минут,ФВ 6187 
2026-07-12,AJET,Выдача до 30 минут,VF 277 
2026-07-12,Turkish Airlines,Выдача до 30 минут,TK 419 
2026-07-12,Turkish Airlines,Выдача до 30 минут,TK 409 
2026-07-12,Turkish Airlines,Выдача до 30 минут,TK 211 
2026-07-12,Ютэйр,Выдача до 30 минут,ЮТ 726 
2026-07-12,Победа,Выдача до 30 минут,ДР 414 
2026-07-12,Pegasus,Выдача от 30 до 40 минут,PC 1458 
2026-07-12,Turkish Airlines,Выдача до 30 минут,TK 407 
2026-07-12,Россия,Выдача до 30 минут,ФВ 6051 
2026-07-12,Turkish Airlines,Выдача от 30 до 40 минут,TK 3036 
2026-07-12,Победа,Выдача до 30 минут,ДР 190 
2026-07-12,Россия,Выдача до 30 минут,ФВ 6013 
2026-07-12,Turkish Airlines,Выдача до 30 минут,TK 3070 
2026-07-12,Победа,Выдача до 30 минут,ДР 158D
2026-07-12,UZBEKISTAN AIRWAYS,Выдача до 30 минут,ХИ 9607 
2026-07-12,Red Sea,Выдача от 30 до 40 минут,4S 325 
2026-07-12,Ютэйр,Выдача до 30 минут,ЮТ 454 
2026-07-12,Белавиа,Выдача до 30 минут,В2 981 
2026-07-12,Ютэйр,Выдача до 30 минут,ЮТ 364 
2026-07-12,Ютэйр,Выдача до 30 минут,ЮТ 572 
2026-07-12,Ютэйр,Выдача до 30 минут,ЮТ 560 
2026-07-12,Белавиа,Выдача до 30 минут,В2 985 
2026-07-12,Nesma Airlines,Выдача до 30 минут,NE 642 
2026-07-12,Pegasus,Выдача до 30 минут,PC 386 
2026-07-12,Победа,Выдача до 30 минут,ДР 744 
2026-07-12,Победа,Выдача до 30 минут,ДР 436 
2026-07-12,GEORGIAN AIRWAYS,Выдача до 30 минут,AZO 7154 
2026-07-12,AZAL,Выдача до 30 минут,J2 5830 
2026-07-12,Победа,Выдача до 30 минут,ДР 434 
2026-07-12,Turkish Airlines,Выдача до 30 минут,TK 3002 
2026-07-12,Pegasus,Выдача до 30 минут,PC 1576 
2026-07-12,Turkish Airlines,Выдача до 30 минут,TK 3194 
2026-07-12,Ютэйр,Выдача до 30 минут,ЮТ 334 
2026-07-12,Turkish Airlines,Выдача до 30 минут,TK 3120 
2026-07-12,Ютэйр,Выдача до 30 минут,ЮТ 180 
2026-07-12,Ютэйр,Выдача до 30 минут,ЮТ 464 
2026-07-12,AZAL,Выдача до 30 минут,J2 803 
2026-07-12,Победа,Выдача до 30 минут,ДР 836 
2026-07-12,Россия,Выдача до 30 минут,ФВ 6007 
2026-07-12,Победа,Выдача до 30 минут,ДР 994 
2026-07-12,SCAT Airlines,Выдача до 30 минут,DV 801 
2026-07-12,Ютэйр,Выдача до 30 минут,ЮТ 764 
2026-07-12,Nesma Airlines,Выдача до 30 минут,NE 618 
2026-07-12,Ютэйр,Выдача до 30 минут,ЮТ 374 
2026-07-12,Победа,Выдача до 30 минут,PBD 860 
2026-07-12,Turkish Airlines,Выдача до 30 минут,TK 3024 
2026-07-12,Turkish Airlines,Выдача до 30 минут,TK 3046 
2026-07-12,Turkish Airlines,Выдача до 30 минут,TK 3164 
2026-07-12,Победа,Выдача до 30 минут,ДР 114 
2026-07-12,Победа,Выдача до 30 минут,ДР 116 
2026-07-12,Россия,Выдача до 30 минут,ФВ 6025 
2026-07-12,Turkish Airlines,Выдача до 30 минут,TK 411 
2026-07-12,Ютэйр,Выдача до 30 минут,ЮТ 398 
2026-07-12,GEORGIAN AIRWAYS,Выдача до 30 минут,ЖГ 937 
2026-07-12,Ютэйр,Выдача до 30 минут,ЮТ 744 
2026-07-12,Победа,Выдача до 30 минут,ДР 466 
2026-07-12,Pegasus,Выдача до 30 минут,PC 388 
2026-07-12,Газпром авиа,Выдача до 30 минут,ГЗП 262 
2026-07-12,Nesma Airlines,Выдача до 30 минут,NE 620 
2026-07-12,Ютэйр,Выдача до 30 минут,ЮТ 810 
2026-07-12,Turkish Airlines,Выдача до 30 минут,TK 417 
2026-07-12,Turkish Airlines,Выдача до 30 минут,TK 3066 
2026-07-12,UZBEKISTAN AIRWAYS,Выдача до 30 минут,ХИ 9619 
2026-07-12,Вологодское АП,Не определено,ВГ 2390 
2026-07-12,Победа,Выдача до 30 минут,PBD 840 
2026-07-12,Россия,Выдача до 30 минут,ФВ 6009 
2026-07-12,Ютэйр,Выдача до 30 минут,ЮТ 276 
2026-07-12,GEORGIAN AIRWAYS,Выдача до 30 минут,AZO 7054 
2026-07-12,Ютэйр,Выдача до 30 минут,ЮТ 746 
2026-07-12,Азимут,Выдача до 30 минут,А4 7010 
2026-07-12,FLYONE Armenia,Выдача до 30 минут,3F 325 
2026-07-12,UZBEKISTAN AIRWAYS,Выдача до 30 минут,ХИ 613 
2026-07-12,FLYONE Armenia,Выдача до 30 минут,УР 512 
2026-07-12,Ютэйр,Выдача до 30 минут,ЮТ 400 
2026-07-12,Ютэйр,Выдача до 30 минут,ЮТ 296 
2026-07-12,Белавиа,Выдача до 30 минут,В2 983 
2026-07-12,Ютэйр,Выдача до 30 минут,ЮТ 802 
2026-07-12,Россия,Выдача до 30 минут,ФВ 6175 
2026-07-12,Ютэйр,Выдача до 30 минут,ЮТ 596 
2026-07-12,Северо-Запад,Выдача до 30 минут,НВЦ 9152 
2026-07-12,Nesma Airlines,Выдача до 30 минут,NE 646 
2026-07-12,Россия,Выдача до 30 минут,ФВ 6031 
2026-07-12,Turkish Airlines,Выдача до 30 минут,TK 1231 
2026-07-12,UZBEKISTAN AIRWAYS,Выдача до 30 минут,ХИ 605 
2026-07-12,Turkish Airlines,Выдача до 30 минут,TK 3012 
2026-07-12,Ютэйр,Выдача до 30 минут,ЮТ 784 
2026-07-12,Победа,Выдача до 30 минут,ДР 262 
2026-07-12,Алроса,Выдача до 30 минут,ЯМ 624 
2026-07-12,Россия,Выдача до 30 минут,ФВ 6179 
2026-07-12,Победа,Выдача до 30 минут,PBD 980 
2026-07-12,Победа,Выдача до 30 минут,ДР 964 
2026-07-12,Газпром авиа,Выдача до 30 минут,ГЗП 106 
2026-07-12,UZBEKISTAN AIRWAYS,Выдача до 30 минут,ХИ 9627 
2026-07-12,AZAL,Выдача до 30 минут,J2 807 
2026-07-12,Turkish Airlines,Выдача до 30 минут,TK 413 
2026-07-12,GEORGIAN AIRWAYS,Выдача до 30 минут,ЖГ 936 
2026-07-12,UZBEKISTAN AIRWAYS,Выдача до 30 минут,ХИ 9613 
2026-07-12,Ютэйр,Выдача до 30 минут,ЮТ 356 
2026-07-12,Победа,Выдача до 30 минут,ДР 194 
2026-07-12,Победа,Выдача до 30 минут,ДР 1994 
2026-07-12,Победа,Выдача до 30 минут,ДР 742 
2026-07-12,Ютэйр,Выдача до 30 минут,ЮТ 576 
2026-07-12,flydubai,Выдача до 30 минут,FZ 989 
2026-07-12,Победа,Выдача до 30 минут,ДР 158 
2026-07-12,Turkish Airlines,Выдача до 30 минут,TK 3008 
2026-07-12,АЗУР эйр,Выдача до 30 минут,AZV 2502 
2026-07-12,ЮВТ АЭРО,Выдача до 30 минут,ЮВ 301 
2026-07-12,Победа,Выдача до 30 минут,PBD 736 
2026-07-12,Россия,Выдача до 30 минут,ФВ 6181 
2026-07-12,Россия,Выдача до 30 минут,ФВ 6177 
2026-07-12,Shirak Avia,Выдача до 30 минут,ЮБГ 509 
2026-07-12,Turkish Airlines,Выдача до 30 минут,TK 415 
2026-07-12,Победа,Выдача до 30 минут,ДР 856 
2026-07-12,AZAL,Выдача до 30 минут,J2 809 
2026-07-12,Turkish Airlines,Выдача до 30 минут,TK 3076 
2026-07-12,Россия,Выдача до 30 минут,ФВ 6183 
2026-07-12,SCAT Airlines,Выдача до 30 минут,DV 815 
2026-07-12,Азимут,Выдача до 30 минут,А4 7036 
2026-07-12,Nouvelair Tunisie,Выдача до 30 минут,BJ 814 
2026-07-12,Pegasus,Выдача до 30 минут,PC 1580 
2026-07-12,Россия,Выдача до 30 минут,ФВ 6169 
2026-07-12,Якутия,Выдача до 30 минут,ЯК 474 
2026-07-13,Азимут,Выдача до 30 минут,А4 7010 
2026-07-13,Ютэйр,Выдача до 30 минут,ЮТ 250 
2026-07-13,Россия,Выдача до 30 минут,ФВ 6031 
2026-07-13,Turkish Airlines,Выдача от 30 до 40 минут,TK 413 
2026-07-13,Победа,Выдача до 30 минут,ДР 836 
2026-07-13,Ютэйр,Выдача более 40 минут,ЮТ 802 
2026-07-13,Россия,Выдача до 30 минут,ФВ 6179 
2026-07-13,flydubai,Выдача до 30 минут,FZ 989 
2026-07-13,SCAT Airlines,Выдача до 30 минут,DV 815 
2026-07-13,AZAL,Выдача до 30 минут,J2 5830 
2026-07-13,UZBEKISTAN AIRWAYS,Выдача до 30 минут,ХИ 9619 
2026-07-13,UZBEKISTAN AIRWAYS,Выдача до 30 минут,ХИ 613 
2026-07-13,Победа,Выдача до 30 минут,PBD 736 
2026-07-13,Победа,Выдача до 30 минут,PBD 860 
2026-07-13,AZAL,Выдача до 30 минут,J2 807 
2026-07-13,Северо-Запад,Выдача до 30 минут,НВЦ 9152 
2026-07-13,Якутия,Выдача до 30 минут,ЯК 688 
2026-07-13,Turkish Airlines,Выдача до 30 минут,TK 3160 
2026-07-13,Победа,Выдача до 30 минут,PBD 840 
2026-07-13,Победа,Выдача до 30 минут,ДР 466 
2026-07-13,АЗУР эйр,Выдача от 30 до 40 минут,AZV 3004 
2026-07-13,Азимут,Выдача до 30 минут,А4 7034 
2026-07-13,Россия,Выдача до 30 минут,ФВ 6007 
2026-07-13,Turkish Airlines,Выдача до 30 минут,TK 1231 
2026-07-13,Meraj Air,Выдача до 30 минут,MRJ 4879 
2026-07-13,Алроса,Выдача до 30 минут,ЯМ 597 
2026-07-13,Руслайн,Выдача до 30 минут,РГ 194 
2026-07-13,Ютэйр,Выдача до 30 минут,ЮТ 400 
2026-07-13,Pegasus,Выдача до 30 минут,PC 388 
2026-07-13,АЗУР эйр,Выдача до 30 минут,AZV 3014 
2026-07-13,Turkish Airlines,Выдача до 30 минут,TK 417 
2026-07-13,Победа,Выдача до 30 минут,ДР 114 
2026-07-13,Алроса,Выдача до 30 минут,ЯМ 543 
2026-07-13,Ютэйр,Выдача до 30 минут,ЮТ 456 
2026-07-13,Победа,Выдача до 30 минут,ДР 262 
2026-07-13,Россия,Выдача до 30 минут,ФВ 6037 
2026-07-13,Turkish Airlines,Выдача до 30 минут,TK 3026 
2026-07-13,Россия,Выдача до 30 минут,ФВ 6009 
2026-07-13,Победа,Выдача до 30 минут,ДР 206 
2026-07-13,Газпром авиа,Выдача до 30 минут,ГЗП 252 
2026-07-13,Ютэйр,Выдача до 30 минут,ЮТ 784 
2026-07-13,Россия,Выдача до 30 минут,ФВ 6027 
2026-07-13,Россия,Выдача до 30 минут,ФВ 6181 
2026-07-13,GEORGIAN AIRWAYS,Выдача до 30 минут,AZO 7054 
2026-07-13,Ютэйр,Выдача до 30 минут,ЮТ 398 
2026-07-13,Pegasus,Выдача от 30 до 40 минут,PC 1580 
2026-07-13,Red Sea,Выдача до 30 минут,4S 341 
2026-07-13,Ютэйр,Выдача до 30 минут,ЮТ 374 
2026-07-13,Победа,Выдача до 30 минут,ДР 194 
2026-07-13,Победа,Выдача до 30 минут,ДР 116 
2026-07-13,FLYONE Armenia,Выдача до 30 минут,3F 325 
2026-07-13,Победа,Выдача до 30 минут,ДР 994 
2026-07-13,Россия,Выдача до 30 минут,ФВ 6175 
2026-07-13,Ютэйр,Выдача до 30 минут,ЮТ 746 
2026-07-13,AZAL,Выдача до 30 минут,J2 803 
2026-07-13,Россия,Выдача до 30 минут,ФВ 6177 
2026-07-13,Россия,Выдача до 30 минут,ФВ 6025 
2026-07-13,Победа,Выдача до 30 минут,PBD 980 
2026-07-13,Turkish Airlines,Выдача от 30 до 40 минут,TK 411 
2026-07-13,Победа,Выдача до 30 минут,ДР 158 
2026-07-13,Pegasus,Выдача до 30 минут,PC 1576 
2026-07-13,Азимут,Выдача до 30 минут,А4 7030 
2026-07-13,Победа,Выдача до 30 минут,ДР 856 
2026-07-13,Ютэйр,Выдача до 30 минут,ЮТ 464 
2026-07-13,Ютэйр,Выдача до 30 минут,ЮТ 180 
2026-07-13,UZBEKISTAN AIRWAYS,Выдача до 30 минут,ХИ 605 
2026-07-13,Азимут,Выдача до 30 минут,А4 7036 
2026-07-13,Ютэйр,Выдача до 30 минут,ЮТ 576 
2026-07-13,FLYONE Armenia,Выдача до 30 минут,УР 514 
2026-07-13,UZBEKISTAN AIRWAYS,Выдача до 30 минут,ХИ 9627 
2026-07-13,ЮВТ АЭРО,Выдача до 30 минут,ЮВ 204 
2026-07-13,Россия,Выдача до 30 минут,ФВ 6183 
2026-07-13,Победа,Выдача до 30 минут,ДР 190 
2026-07-13,Red Sea,Выдача до 30 минут,4S 311 
2026-07-13,Ютэйр,Выдача до 30 минут,ЮТ 296 
2026-07-13,Turkish Airlines,Выдача до 30 минут,TK 415 
2026-07-13,Ютэйр,Выдача до 30 минут,ЮТ 356 
2026-07-13,Turkish Airlines,Выдача до 30 минут,TK 3060 
2026-07-13,Pegasus,Выдача до 30 минут,PC 386 
2026-07-13,Победа,Выдача до 30 минут,ДР 214 
2026-07-13,GEORGIAN AIRWAYS,Выдача до 30 минут,AZO 7008 
2026-07-13,FLYONE Armenia,Выдача до 30 минут,3F 323 
2026-07-13,Победа,Выдача до 30 минут,ДР 968 
2026-07-13,Победа,Выдача до 30 минут,ДР 206B
2026-07-13,Nesma Airlines,Выдача до 30 минут,NE 610 
2026-07-13,Ютэйр,Выдача до 30 минут,ЮТ 376 
2026-07-13,Turkish Airlines,Выдача до 30 минут,TK 3178 
2026-07-13,Nesma Airlines,Выдача до 30 минут,NE 644 
2026-07-13,AJET,Выдача до 30 минут,VF 277 
2026-07-13,Nesma Airlines,Выдача до 30 минут,NE 600 
2026-07-13,Pegasus,Выдача до 30 минут,PC 390 
2026-07-13,AJET,Выдача до 30 минут,VF 587 
2026-07-13,Turkish Airlines,Выдача до 30 минут,TK 3154 
2026-07-13,Turkish Airlines,Выдача до 30 минут,TK 3122A
2026-07-13,Turkish Airlines,Выдача до 30 минут,TK 217 
2026-07-13,Россия,Выдача до 30 минут,ФВ 6185 
2026-07-13,GEORGIAN AIRWAYS,Выдача от 30 до 40 минут,ЖГ 932 
2026-07-13,Победа,Выдача до 30 минут,ДР 714 
2026-07-13,Turkish Airlines,Выдача до 30 минут,TK 211 
2026-07-13,Nesma Airlines,Выдача от 30 до 40 минут,NE 618 
2026-07-13,GEORGIAN AIRWAYS,Выдача до 30 минут,ЖГ 936 
2026-07-13,Победа,Выдача до 30 минут,ДР 210D
2026-07-13,Pegasus,Выдача от 30 до 40 минут,PC 1576 
2026-07-13,Азимут,Выдача до 30 минут,А4 7020 
2026-07-13,АЗУР эйр,Выдача до 30 минут,AZV 3002 
2026-07-13,SCAT Airlines,Выдача до 30 минут,DV 801 
2026-07-13,Россия,Выдача до 30 минут,ФВ 6013 
2026-07-13,SCAT Airlines,Выдача до 30 минут,DV 809 
2026-07-13,Россия,Выдача до 30 минут,ФВ 6003 
2026-07-13,Вологодское АП,Не определено,ВГ 2390 
2026-07-13,Ютэйр,Выдача до 30 минут,ЮТ 248 
2026-07-13,Россия,Выдача до 30 минут,ФВ 6005 
2026-07-13,Ютэйр,Выдача до 30 минут,ЮТ 446 
2026-07-13,Победа,Выдача до 30 минут,ДР 486B
2026-07-13,Pegasus,Выдача до 30 минут,PC 1456 
2026-07-13,Победа,Некорректно проставлены отметки,ДР 742 
2026-07-13,FLYONE Armenia,Выдача до 30 минут,3F 321 
2026-07-13,Азимут,Выдача до 30 минут,А4 7062 
2026-07-13,Победа,Выдача до 30 минут,ДР 434 
2026-07-13,Россия,Выдача до 30 минут,ФВ 6019 
2026-07-13,Pegasus,Выдача до 30 минут,PC 1521 
2026-07-13,Turkish Airlines,Выдача до 30 минут,TK 3006 
2026-07-13,Ютэйр,Выдача до 30 минут,ЮТ 572 
2026-07-13,Россия,Выдача до 30 минут,ФВ 6051 
2026-07-13,UZBEKISTAN AIRWAYS,Выдача более 40 минут,ХИ 9813 
2026-07-13,Победа,Выдача до 30 минут,ДР 6570 
2026-07-13,Ютэйр,Выдача до 30 минут,ЮТ 560 
2026-07-13,Ютэйр,Выдача до 30 минут,ЮТ 352 
2026-07-13,Aero Nomad,Выдача до 30 минут,КГ 555 
2026-07-13,Победа,Выдача до 30 минут,ДР 436 
2026-07-13,ЮВТ АЭРО,Выдача до 30 минут,ЮВ 301 
2026-07-13,Ютэйр,Выдача до 30 минут,ЮТ 1250 
2026-07-13,flydubai,Выдача до 30 минут,FZ 987A
2026-07-13,Победа,Выдача до 30 минут,ДР 264B
2026-07-13,Ютэйр,Выдача до 30 минут,ЮТ 786 
2026-07-13,Turkish Airlines,Выдача до 30 минут,TK 419 
2026-07-13,Pegasus,Выдача до 30 минут,PC 1458 
2026-07-13,Asia Union Airlines,Выдача до 30 минут,7Q 1777 
2026-07-13,Победа,Выдача до 30 минут,ДР 422 
2026-07-13,Turkish Airlines,Выдача до 30 минут,TK 407 
2026-07-13,AJET,Выдача от 30 до 40 минут,VF 275 
2026-07-13,Red Sea,Выдача до 30 минут,4S 337 
2026-07-13,Turkish Airlines,Выдача до 30 минут,TK 421 
2026-07-13,Победа,Некорректно проставлены отметки,ДР 414 
2026-07-13,UZBEKISTAN AIRWAYS,Выдача более 40 минут,ХИ 9607 
2026-07-13,Turkish Airlines,Выдача до 30 минут,TK 3036 
2026-07-13,Turkish Airlines,Выдача до 30 минут,TK 409 
2026-07-13,Ютэйр,Выдача более 40 минут,ЮТ 364 
2026-07-13,Turkish Airlines,Выдача от 30 до 40 минут,TK 3014 
2026-07-13,Turkish Airlines,Выдача до 30 минут,TK 3002 
2026-07-13,Ютэйр,Выдача от 30 до 40 минут,ЮТ 454 
2026-07-13,Turkish Airlines,Выдача до 30 минут,TK 3084 
2026-07-14,AJET,Выдача до 30 минут,VF 277 
2026-07-14,Победа,Выдача до 30 минут,ДР 116 
2026-07-14,Turkish Airlines,Выдача от 30 до 40 минут,TK 419 
2026-07-14,Россия,Выдача до 30 минут,ФВ 6037 
2026-07-14,Pegasus,Выдача до 30 минут,PC 390 
2026-07-14,GEORGIAN AIRWAYS,Выдача до 30 минут,ЖГ 926 
2026-07-14,Red Sea,Выдача до 30 минут,4S 315 
2026-07-14,Pegasus,Выдача до 30 минут,PC 1580 
2026-07-14,FLYONE Armenia,Выдача до 30 минут,3F 325 
2026-07-14,Россия,Выдача до 30 минут,ФВ 6175 
2026-07-14,Якутия,Выдача до 30 минут,ЯК 736 
2026-07-14,Ютэйр,Выдача до 30 минут,ЮТ 374 
2026-07-14,Россия,Выдача до 30 минут,ФВ 6177 
2026-07-14,flydubai,Выдача до 30 минут,FZ 989 
2026-07-14,Победа,Выдача до 30 минут,PBD 840 
2026-07-14,Победа,Выдача до 30 минут,ДР 114 
2026-07-14,flydubai,Выдача до 30 минут,FZ 987A
2026-07-14,Ютэйр,Выдача до 30 минут,ЮТ 356B
2026-07-14,UZBEKISTAN AIRWAYS,Выдача до 30 минут,ХИ 613 
2026-07-14,Ютэйр,Некорректно проставлены отметки,ЮТ 456 
2026-07-14,UZBEKISTAN AIRWAYS,Выдача до 30 минут,ХИ 605 
2026-07-14,GEORGIAN AIRWAYS,Не определено,ЖГЖ 9576 
2026-07-14,Turkish Airlines,Выдача до 30 минут,TK 3070 
2026-07-14,Победа,Выдача до 30 минут,ДР 856 
2026-07-14,Белавиа,Выдача до 30 минут,В2 979 
2026-07-14,Азимут,Выдача до 30 минут,А4 7010 
2026-07-14,Алроса,Выдача от 30 до 40 минут,ЯМ 597 
2026-07-14,Turkish Airlines,Выдача до 30 минут,TK 3014 
2026-07-14,Ютэйр,Выдача до 30 минут,ЮТ 276 
2026-07-14,Россия,Выдача до 30 минут,ФВ 6027 
2026-07-14,Turkish Airlines,Выдача до 30 минут,TK 6913 
2026-07-14,Turkish Airlines,Выдача до 30 минут,TK 3192 
2026-07-14,Победа,Выдача до 30 минут,ДР 404 
2026-07-14,Turkish Airlines,Выдача до 30 минут,TK 211 
2026-07-14,Победа,Выдача до 30 минут,ДР 836 
2026-07-14,Россия,Выдача до 30 минут,ФВ 6183 
2026-07-14,FLYONE Armenia,Выдача до 30 минут,3F 323 
2026-07-14,Победа,Выдача до 30 минут,ДР 264 
2026-07-14,Победа,Выдача до 30 минут,ДР 158 
2026-07-14,Ютэйр,Выдача до 30 минут,ЮТ 464 
2026-07-14,Ютэйр,Выдача до 30 минут,ЮТ 784 
2026-07-14,Россия,Выдача до 30 минут,ФВ 6185 
2026-07-14,AZAL,Выдача от 30 до 40 минут,J2 805 
2026-07-14,Азимут,Выдача до 30 минут,А4 7036 
2026-07-14,Turkish Airlines,Выдача до 30 минут,TK 413 
2026-07-14,Turkish Airlines,Выдача до 30 минут,TK 6911 
2026-07-14,Победа,Выдача до 30 минут,ДР 194 
2026-07-14,Turkish Airlines,Выдача до 30 минут,TK 411 
2026-07-14,Победа,Выдача до 30 минут,ДР 160 
2026-07-14,Победа,Выдача до 30 минут,ДР 206 
2026-07-14,AZAL,Выдача до 30 минут,J2 809 
2026-07-14,Ютэйр,Выдача до 30 минут,ЮТ 376 
2026-07-14,Победа,Выдача до 30 минут,ДР 262 
2026-07-14,Nesma Airlines,Выдача более 40 минут,NE 640 
2026-07-14,Победа,Выдача до 30 минут,ДР 190 
2026-07-14,Победа,Выдача до 30 минут,PBD 860 
2026-07-14,Nesma Airlines,Выдача до 30 минут,NE 642 
2026-07-14,Победа,Выдача до 30 минут,PBD 980 
2026-07-14,Победа,Выдача до 30 минут,ДР 734 
2026-07-14,Якутия,Выдача до 30 минут,ЯК 473 
2026-07-14,Ютэйр,Выдача до 30 минут,ЮТ 810 
2026-07-14,Ютэйр,Выдача до 30 минут,ЮТ 398 
2026-07-14,Россия,Выдача до 30 минут,ФВ 6179 
2026-07-14,UZBEKISTAN AIRWAYS,Выдача до 30 минут,ХИ 9627 
2026-07-14,GEORGIAN AIRWAYS,Выдача до 30 минут,AZO 7054 
2026-07-14,Ютэйр,Выдача от 30 до 40 минут,ЮТ 746 
2026-07-14,Ютэйр,Выдача от 30 до 40 минут,ЮТ 334 
2026-07-14,FLYONE Armenia,Выдача до 30 минут,УР 512 
2026-07-14,UZBEKISTAN AIRWAYS,Выдача до 30 минут,ХИ 9619 
2026-07-14,Ютэйр,Выдача от 30 до 40 минут,ЮТ 802 
2026-07-14,Россия,Выдача до 30 минут,ФВ 6181 
2026-07-14,Ютэйр,Выдача до 30 минут,ЮТ 250 
2026-07-14,SCAT Airlines,Выдача до 30 минут,DV 815 
2026-07-14,Северо-Запад,Выдача до 30 минут,НВЦ 9152 
2026-07-14,Turkish Airlines,Выдача до 30 минут,TK 3084 
2026-07-14,Ютэйр,Выдача до 30 минут,ЮТ 296 
2026-07-14,Pegasus,Выдача до 30 минут,PC 1456 
2026-07-14,Россия,Выдача до 30 минут,ФВ 6025 
2026-07-14,Nesma Airlines,Выдача до 30 минут,NE 602 
2026-07-14,Turkish Airlines,Выдача до 30 минут,TK 3122 
2026-07-14,Pegasus,Выдача от 30 до 40 минут,PC 386 
2026-07-14,GEORGIAN AIRWAYS,Выдача до 30 минут,ЖГ 932 
2026-07-14,AJET,Выдача до 30 минут,VF 587 
2026-07-14,Turkish Airlines,Выдача от 30 до 40 минут,TK 409 
2026-07-14,Россия,Выдача до 30 минут,ФВ 6189 
2026-07-14,Pegasus,Выдача от 30 до 40 минут,PC 1521 
2026-07-14,Turkish Airlines,Выдача до 30 минут,TK 415 
2026-07-14,Turkish Airlines,Выдача до 30 минут,TK 3036 
2026-07-14,Turkish Airlines,Выдача от 30 до 40 минут,TK 3154 
2026-07-14,Turkish Airlines,Выдача до 30 минут,TK 3006 
2026-07-14,Pegasus,Выдача до 30 минут,PC 1458 
2026-07-14,Ютэйр,Выдача до 30 минут,ЮТ 572 
2026-07-14,Россия,Выдача до 30 минут,ФВ 6003 
2026-07-14,GEORGIAN AIRWAYS,Выдача до 30 минут,AZO 7008 
2026-07-14,Turkish Airlines,Выдача до 30 минут,TK 3002 
2026-07-14,Алроса,Выдача до 30 минут,ЯМ 543 
2026-07-14,Азимут,Выдача до 30 минут,А4 7030 
2026-07-14,Turkish Airlines,Выдача до 30 минут,TK 3178 
2026-07-14,Ютэйр,Выдача до 30 минут,УТА 6316 
2026-07-14,GEORGIAN AIRWAYS,Выдача до 30 минут,ЖГ 937 
2026-07-14,Победа,Выдача до 30 минут,ДР 968 
2026-07-14,Turkish Airlines,Выдача до 30 минут,TK 417 
2026-07-14,Победа,Выдача до 30 минут,ДР 964 
2026-07-14,АЗУР эйр,Выдача от 30 до 40 минут,AZV 3006 
2026-07-14,SCAT Airlines,Выдача до 30 минут,DV 813 
2026-07-14,Ютэйр,Выдача до 30 минут,ЮТ 454 
2026-07-14,Pegasus,Выдача до 30 минут,PC 388 
2026-07-14,Turkish Airlines,Выдача от 30 до 40 минут,TK 421 
2026-07-14,Победа,Выдача до 30 минут,ДР 208 
2026-07-14,Победа,Выдача до 30 минут,ДР 210 
2026-07-14,Победа,Выдача до 30 минут,ДР 486 
2026-07-14,Ютэйр,Выдача до 30 минут,ЮТ 358 
2026-07-14,Turkish Airlines,Выдача от 30 до 40 минут,TK 217 
2026-07-14,AJET,Выдача до 30 минут,VF 275 
2026-07-14,Ютэйр,Выдача до 30 минут,ЮТ 248 
2026-07-14,Turkish Airlines,Выдача до 30 минут,TK 1231 
2026-07-14,Победа,Выдача до 30 минут,ДР 414 
2026-07-14,Победа,Выдача до 30 минут,ДР 730 
2026-07-14,Вологодское АП,Не определено,ВГ 2390 
2026-07-14,Ютэйр,Выдача до 30 минут,ЮТ 276F
2026-07-14,AZAL,Некорректно проставлены отметки,J2 809A
2026-07-14,SCAT Airlines,Выдача до 30 минут,DV 801 
2026-07-14,Ютэйр,Некорректно проставлены отметки,ЮТ 400 
2026-07-14,Победа,Выдача до 30 минут,ДР 434 
2026-07-14,Россия,Выдача до 30 минут,ФВ 6005 
2026-07-14,Ютэйр,Выдача до 30 минут,ЮТ 560 
2026-07-14,Победа,Выдача до 30 минут,ДР 436 
2026-07-14,AZAL,Выдача до 30 минут,J2 807 
2026-07-14,GEORGIAN AIRWAYS,Выдача до 30 минут,ЖГ 936 
2026-07-14,Россия,Выдача до 30 минут,ФВ 6007 
2026-07-14,Ютэйр,Выдача более 40 минут,ЮТ 364 
2026-07-14,FLYONE Armenia,Выдача до 30 минут,УР 412 
2026-07-14,Ютэйр,Выдача до 30 минут,ЮТ 786 
2026-07-14,Shirak Avia,Выдача до 30 минут,ЮБГ 509 
2026-07-14,Победа,Выдача до 30 минут,ДР 466 
2026-07-14,Turkish Airlines,Выдача до 30 минут,TK 407 
2026-07-14,Turkish Airlines,Выдача до 30 минут,TK 3012 
2026-07-14,FLYONE Armenia,Выдача до 30 минут,3F 321 
2026-07-14,GEORGIAN AIRWAYS,Выдача до 30 минут,AZO 7072 
2026-07-14,Nesma Airlines,Выдача до 30 минут,NE 614 
2026-07-14,UZBEKISTAN AIRWAYS,Выдача до 30 минут,ХИ 9607 
2026-07-14,UZBEKISTAN AIRWAYS,Выдача до 30 минут,ХИ 9615 
2026-07-14,Россия,Выдача до 30 минут,ФВ 6009 
2026-07-14,Победа,Некорректно проставлены отметки,ДР 714 
2026-07-14,Nesma Airlines,Некорректно проставлены отметки,NE 604 
2026-07-14,Nesma Airlines,Выдача до 30 минут,NE 620 
2026-07-14,Не найдено,Выдача до 30 минут,TC 422 
2026-07-14,Ютэйр,Выдача до 30 минут,ЮТ 808 
2026-07-14,Россия,Выдача до 30 минут,ФВ 6051 
2026-07-14,GEORGIAN AIRWAYS,Выдача до 30 минут,AZO 7108 
2026-07-14,Ютэйр,Выдача до 30 минут,ЮТ 352 
2026-07-14,SCAT Airlines,Выдача до 30 минут,DV 809 
2026-07-14,Руслайн,Выдача до 30 минут,РГ 194 
2026-07-14,Белавиа,Выдача до 30 минут,В2 981 
2026-07-14,Turkish Airlines,Выдача до 30 минут,TK 3060 
2026-07-15,GEORGIAN AIRWAYS,Выдача до 30 минут,AZO 7054 
2026-07-15,Ютэйр,Выдача до 30 минут,ЮТ 276 
2026-07-15,Победа,Выдача до 30 минут,PBD 736 
2026-07-15,Победа,Некорректно проставлены отметки,ДР 466 
2026-07-15,Победа,Выдача до 30 минут,ДР 856 
2026-07-15,Россия,Выдача до 30 минут,ФВ 6027 
2026-07-15,FLYONE Armenia,Выдача до 30 минут,3F 325 
2026-07-15,Победа,Выдача до 30 минут,PBD 840 
2026-07-15,Победа,Выдача до 30 минут,ДР 160 
2026-07-15,Победа,Выдача до 30 минут,ДР 116 
2026-07-15,Ютэйр,Выдача до 30 минут,ЮТ 400 
2026-07-15,Белавиа,Выдача до 30 минут,В2 979 
2026-07-15,Россия,Выдача до 30 минут,ФВ 6175 
2026-07-15,Россия,Выдача до 30 минут,ФВ 6037 
2026-07-15,Победа,Выдача до 30 минут,ДР 836 
2026-07-15,Победа,Выдача до 30 минут,PBD 860 
2026-07-15,АЗУР эйр,Некорректно проставлены отметки,AZV 3010 
2026-07-15,Turkish Airlines,Выдача до 30 минут,TK 1231 
2026-07-15,Ютэйр,Выдача до 30 минут,УТА 6190 
2026-07-15,Победа,Выдача до 30 минут,ДР 158 
2026-07-15,Nesma Airlines,Выдача до 30 минут,NE 610 
2026-07-15,Nesma Airlines,Выдача до 30 минут,NE 638 
2026-07-15,Red Sea,Выдача до 30 минут,4S 319 
2026-07-15,Turkish Airlines,Выдача до 30 минут,TK 3028 
2026-07-15,Pegasus,Выдача до 30 минут,PC 1521 
2026-07-15,FLYONE Armenia,Выдача до 30 минут,3F 323 
2026-07-15,Turkish Airlines,Выдача до 30 минут,TK 3070 
2026-07-15,Ютэйр,Выдача до 30 минут,ЮТ 596 
2026-07-15,Ютэйр,Выдача до 30 минут,ЮТ 374 
2026-07-15,Россия,Выдача от 30 до 40 минут,ФВ 6025 
2026-07-15,Победа,Выдача до 30 минут,ДР 114 
2026-07-15,АЗУР эйр,Выдача до 30 минут,AZV 3002 
2026-07-15,Ютэйр,Выдача до 30 минут,ЮТ 746 
2026-07-15,Алроса,Выдача до 30 минут,DRU 9944 
2026-07-15,Победа,Выдача до 30 минут,PBD 980 
2026-07-15,Pegasus,Выдача до 30 минут,PC 388 
2026-07-15,Алроса,Выдача до 30 минут,ЯМ 543 
2026-07-15,Алроса,Выдача до 30 минут,DRU 9942 
2026-07-15,Ютэйр,Выдача до 30 минут,ЮТ 296 
2026-07-15,Turkish Airlines,Выдача до 30 минут,TK 211 
2026-07-15,Turkish Airlines,Выдача до 30 минут,TK 411 
2026-07-15,GEORGIAN AIRWAYS,Выдача до 30 минут,AZO 7018 
2026-07-15,Россия,Выдача до 30 минут,ФВ 6183 
2026-07-15,Победа,Выдача до 30 минут,ДР 422 
2026-07-15,Россия,Выдача до 30 минут,ФВ 6169 
2026-07-15,Nesma Airlines,Выдача до 30 минут,NE 606 
2026-07-15,AZAL,Выдача до 30 минут,J2 805 
2026-07-15,Россия,Выдача до 30 минут,ФВ 6185 
2026-07-15,Победа,Выдача до 30 минут,ДР 968 
2026-07-15,AZAL,Выдача до 30 минут,J2 809 
2026-07-15,Ютэйр,Выдача до 30 минут,УТА 9026 
2026-07-15,UZBEKISTAN AIRWAYS,Выдача до 30 минут,ХИ 605 
2026-07-15,UZBEKISTAN AIRWAYS,Выдача до 30 минут,ХИ 613 
2026-07-15,Победа,Выдача до 30 минут,ДР 206 
2026-07-15,Ютэйр,Некорректно проставлены отметки,ЮТ 398 
2026-07-15,Pegasus,Выдача до 30 минут,PC 1580 
2026-07-15,Ютэйр,Выдача до 30 минут,ЮТ 464 
2026-07-15,Nouvelair Tunisie,Выдача до 30 минут,BJ 804 
2026-07-15,Победа,Выдача до 30 минут,ДР 194 
2026-07-15,Turkish Airlines,Выдача до 30 минут,TK 3008 
2026-07-15,Победа,Выдача до 30 минут,ДР 964 
2026-07-15,UZBEKISTAN AIRWAYS,Выдача до 30 минут,ХИ 9627 
2026-07-15,Россия,Выдача до 30 минут,ФВ 6181 
2026-07-15,UZBEKISTAN AIRWAYS,Выдача до 30 минут,ХИ 9619 
2026-07-15,Ютэйр,Выдача от 30 до 40 минут,ЮТ 576 
2026-07-15,SCAT Airlines,Выдача до 30 минут,DV 815 
2026-07-15,FLYONE Armenia,Выдача до 30 минут,УР 514 
2026-07-15,Nesma Airlines,Выдача до 30 минут,NE 616 
2026-07-15,Ютэйр,Выдача от 30 до 40 минут,ЮТ 802 
2026-07-15,Ютэйр,Выдача более 40 минут,ЮТ 784 
2026-07-15,Ютэйр,Выдача до 30 минут,ЮТ 250 
2026-07-15,Победа,Выдача до 30 минут,ДР 262 
2026-07-15,Ютэйр,Выдача до 30 минут,ЮТ 810 
2026-07-15,Победа,Выдача до 30 минут,ДР 994 
2026-07-15,Россия,Выдача до 30 минут,ФВ 6179 
2026-07-15,Ютэйр,Выдача более 40 минут,ЮТ 180 
2026-07-15,flydubai,Выдача до 30 минут,FZ 989 
2026-07-15,Turkish Airlines,Выдача до 30 минут,TK 415 
2026-07-15,Turkish Airlines,Выдача до 30 минут,TK 3024 
2026-07-15,Turkish Airlines,Выдача до 30 минут,TK 3006 
2026-07-15,Ютэйр,Выдача до 30 минут,ЮТ 786 
2026-07-15,Россия,Выдача до 30 минут,ФВ 6009 
2026-07-15,Turkish Airlines,Выдача до 30 минут,TK 3046 
2026-07-15,Turkish Airlines,Выдача до 30 минут,TK 3164 
2026-07-15,Turkish Airlines,Выдача до 30 минут,TK 417 
2026-07-15,Россия,Выдача до 30 минут,ФВ 6031 
2026-07-15,Россия,Выдача до 30 минут,ФВ 6177 
2026-07-15,Азимут,Выдача до 30 минут,А4 7010 
2026-07-15,Turkish Airlines,Выдача до 30 минут,TK 3012 
2026-07-15,Победа,Выдача до 30 минут,ДР 210B
2026-07-15,Pegasus,Выдача до 30 минут,PC 1456 
2026-07-15,Turkish Airlines,Выдача от 30 до 40 минут,TK 3178 
2026-07-15,Turkish Airlines,Выдача до 30 минут,TK 419 
2026-07-15,AJET,Выдача до 30 минут,VF 275 
2026-07-15,Победа,Выдача от 30 до 40 минут,ДР 1994 
2026-07-15,Turkish Airlines,Выдача от 30 до 40 минут,TK 3084 
2026-07-15,Победа,Выдача до 30 минут,ДР 264 
2026-07-15,Turkish Airlines,Выдача до 30 минут,TK 421 
2026-07-15,Победа,Выдача до 30 минут,ДР 188 
2026-07-15,GEORGIAN AIRWAYS,Выдача до 30 минут,ЖГ 932 
2026-07-15,Turkish Airlines,Выдача до 30 минут,TK 3014 
2026-07-15,Победа,Выдача до 30 минут,ДР 1422 
2026-07-15,Ютэйр,Выдача до 30 минут,ЮТ 358 
2026-07-15,Turkish Airlines,Выдача до 30 минут,TK 217 
2026-07-15,Якутия,Выдача до 30 минут,ЯК 474 
2026-07-15,Turkish Airlines,Выдача до 30 минут,TK 3154 
2026-07-15,AJET,Выдача до 30 минут,VF 587 
2026-07-15,Газпром авиа,Некорректно проставлены отметки,GZP 106 
2026-07-15,AJET,Выдача до 30 минут,VF 277 
2026-07-15,SCAT Airlines,Выдача до 30 минут,DV 813 
2026-07-15,Pegasus,Выдача до 30 минут,PC 386 
2026-07-15,Turkish Airlines,Выдача до 30 минут,TK 3120 
2026-07-15,GEORGIAN AIRWAYS,Выдача до 30 минут,AZO 7008 
2026-07-15,Pegasus,Выдача до 30 минут,PC 1576 
2026-07-15,Turkish Airlines,Выдача до 30 минут,TK 409 
2026-07-15,flydubai,Выдача до 30 минут,FZ 987 
2026-07-15,Россия,Выдача до 30 минут,ФВ 6189 
2026-07-15,Turkish Airlines,Выдача до 30 минут,TK 3002 
2026-07-15,Turkish Airlines,Выдача от 30 до 40 минут,TK 3060 
2026-07-15,Turkish Airlines,Выдача до 30 минут,TK 3036 
2026-07-15,Ютэйр,Выдача до 30 минут,ЮТ 572 
2026-07-15,Россия,Выдача до 30 минут,ФВ 6051 
2026-07-15,Aero Nomad,Выдача до 30 минут,КГ 555 
2026-07-15,Ютэйр,Выдача до 30 минут,ЮТ 446 
2026-07-15,Россия,Выдача до 30 минут,ФВ 6005 
2026-07-15,AZAL,Выдача до 30 минут,J2 807 
2026-07-15,Руслайн,Выдача до 30 минут,РГ 194 
2026-07-15,Россия,Выдача до 30 минут,ФВ 6007 
2026-07-15,Победа,Выдача от 30 до 40 минут,ДР 744 
2026-07-15,Ютэйр,Выдача до 30 минут,ЮТ 454 
2026-07-15,Россия,Выдача до 30 минут,ФВ 6003 
2026-07-15,Белавиа,Выдача до 30 минут,В2 981 
2026-07-15,Вологодское АП,Не определено,ВГ 2390 
2026-07-15,Победа,Выдача до 30 минут,ДР 408 
2026-07-15,GEORGIAN AIRWAYS,Выдача до 30 минут,AZO 7108 
2026-07-15,Ютэйр,Выдача до 30 минут,ЮТ 248 
2026-07-15,Ютэйр,Выдача до 30 минут,ЮТ 576F
2026-07-15,Ютэйр,Выдача до 30 минут,ЮТ 356 
2026-07-15,Pegasus,Выдача до 30 минут,PC 390 
2026-07-15,Ютэйр,Выдача до 30 минут,ЮТ 352 
2026-07-15,Ютэйр,Выдача до 30 минут,ЮТ 560 
2026-07-15,FLYONE Armenia,Выдача до 30 минут,3F 321 
2026-07-15,UZBEKISTAN AIRWAYS,Выдача до 30 минут,ХИ 9607 
2026-07-15,Газпром авиа,Выдача до 30 минут,GZP 104 
2026-07-15,Pegasus,Выдача от 30 до 40 минут,PC 1458 
2026-07-15,Turkish Airlines,Выдача до 30 минут,TK 407 
2026-07-15,Nesma Airlines,Выдача до 30 минут,NE 600 
2026-07-15,Победа,Выдача до 30 минут,ДР 436 
2026-07-15,Победа,Выдача до 30 минут,ДР 434 
2026-07-15,Победа,Выдача до 30 минут,ДР 414 
2026-07-15,GEORGIAN AIRWAYS,Выдача до 30 минут,AZO 7072 
2026-07-15,GEORGIAN AIRWAYS,Выдача до 30 минут,ЖГ 936 
2026-07-15,Победа,Выдача до 30 минут,ДР 742 
2026-07-15,Газпром авиа,Выдача до 30 минут,ГЗП 260 
2026-07-15,Ютэйр,Выдача до 30 минут,ЮТ 364 
2026-07-15,Turkish Airlines,Выдача до 30 минут,TK 413 
2026-07-15,Азимут,Некорректно проставлены отметки,А4 7034 
2026-07-15,SCAT Airlines,Выдача более 40 минут,DV 801 
2026-07-15,UZBEKISTAN AIRWAYS,Выдача до 30 минут,ХИ 9615 
2026-07-16,Белавиа,Выдача до 30 минут,В2 983 
2026-07-16,Россия,Выдача до 30 минут,ФВ 6177 
2026-07-16,Ютэйр,Выдача до 30 минут,ЮТ 744 
2026-07-16,FLYONE Armenia,Выдача более 40 минут,УР 512 
2026-07-16,Газпром авиа,Выдача до 30 минут,ГЗП 250 
2026-07-16,Победа,Выдача до 30 минут,ДР 486 
2026-07-16,Азимут,Выдача до 30 минут,А4 7010 
2026-07-16,Победа,Выдача до 30 минут,ДР 158 
2026-07-16,Победа,Выдача до 30 минут,ДР 190 
2026-07-16,Победа,Выдача до 30 минут,ДР 466 
2026-07-16,Алроса,Выдача до 30 минут,DRU 9942 
2026-07-16,flydubai,Выдача до 30 минут,FZ 989 
2026-07-16,GEORGIAN AIRWAYS,Выдача до 30 минут,ЖГ 937 
2026-07-16,Turkish Airlines,Выдача до 30 минут,TK 3108 
2026-07-16,UZBEKISTAN AIRWAYS,Выдача до 30 минут,ХИ 605 
2026-07-16,Победа,Выдача до 30 минут,ДР 206 
2026-07-16,Pegasus,Выдача до 30 минут,PC 388 
2026-07-16,Победа,Выдача до 30 минут,ДР 836 
2026-07-16,Победа,Выдача до 30 минут,ДР 856 
2026-07-16,SCAT Airlines,Выдача до 30 минут,DV 813 
2026-07-16,Turkish Airlines,Выдача от 30 до 40 минут,TK 417 
2026-07-16,Ютэйр,Выдача до 30 минут,ЮТ 746 
2026-07-16,Азимут,Выдача до 30 минут,А4 7030 
2026-07-16,Ютэйр,Выдача более 40 минут,ЮТ 802 
2026-07-16,Turkish Airlines,Выдача до 30 минут,TK 411 
2026-07-16,Ютэйр,Выдача до 30 минут,ЮТ 398 
2026-07-16,Азимут,Выдача до 30 минут,А4 7036 
2026-07-16,Победа,Выдача до 30 минут,ДР 114 
2026-07-16,Red Sea,Выдача до 30 минут,4S 341 
2026-07-16,Россия,Выдача до 30 минут,ФВ 6175 
2026-07-16,Победа,Выдача до 30 минут,ДР 194 
2026-07-16,Ютэйр,Выдача до 30 минут,ЮТ 374 
2026-07-16,Ютэйр,Выдача до 30 минут,ЮТ 376 
2026-07-16,Победа,Выдача до 30 минут,PBD 860 
2026-07-16,Победа,Выдача до 30 минут,PBD 840 
2026-07-16,Turkish Airlines,Выдача от 30 до 40 минут,TK 415 
2026-07-16,Победа,Некорректно проставлены отметки,ДР 116 
2026-07-16,Победа,Выдача до 30 минут,ДР 404 
2026-07-16,Россия,Выдача до 30 минут,ФВ 6025 
2026-07-16,Turkish Airlines,Выдача до 30 минут,TK 3066 
2026-07-16,Ютэйр,Выдача до 30 минут,ЮТ 276 
2026-07-16,UZBEKISTAN AIRWAYS,Выдача до 30 минут,ХИ 613 
2026-07-16,Алроса,Выдача до 30 минут,ЯМ 543 
2026-07-16,Победа,Выдача до 30 минут,ДР 968 
2026-07-16,Россия,Выдача до 30 минут,ФВ 6027 
2026-07-16,Якутия,Выдача от 30 до 40 минут,ЯК 479 
2026-07-16,Газпром авиа,Выдача до 30 минут,ГЗП 262 
2026-07-16,Nesma Airlines,Выдача от 30 до 40 минут,NE 640 
2026-07-16,Россия,Выдача до 30 минут,ФВ 6037 
2026-07-16,GEORGIAN AIRWAYS,Выдача до 30 минут,ЖГ 926 
2026-07-16,Россия,Выдача до 30 минут,ФВ 6185 
2026-07-16,Ютэйр,Выдача до 30 минут,ЮТ 596 
2026-07-16,FLYONE Armenia,Выдача до 30 минут,3F 325 
2026-07-16,Ютэйр,Некорректно проставлены отметки,ЮТ 784 
2026-07-16,Белавиа,Выдача до 30 минут,В2 985 
2026-07-16,Ютэйр,Выдача до 30 минут,УТА 9026 
2026-07-16,Ютэйр,Выдача до 30 минут,ЮТ 250 
2026-07-16,AZAL,Выдача до 30 минут,J2 805 
2026-07-16,Aero Nomad,Выдача до 30 минут,КГ 555 
2026-07-16,Россия,Выдача до 30 минут,ФВ 6169 
2026-07-16,UZBEKISTAN AIRWAYS,Выдача от 30 до 40 минут,ХИ 9619 
2026-07-16,Ютэйр,Выдача до 30 минут,ЮТ 358 
2026-07-16,Победа,Выдача до 30 минут,PBD 980 
2026-07-16,UZBEKISTAN AIRWAYS,Выдача более 40 минут,ХИ 9627 
2026-07-16,Россия,Выдача до 30 минут,ФВ 6179 
2026-07-16,GEORGIAN AIRWAYS,Выдача до 30 минут,AZO 7054 
2026-07-16,Россия,Выдача до 30 минут,ФВ 6031 
2026-07-16,Победа,Выдача до 30 минут,ДР 996 
2026-07-16,ЮВТ АЭРО,Выдача до 30 минут,ЮВ 204 
2026-07-16,AZAL,Выдача до 30 минут,J2 5830 
2026-07-16,SCAT Airlines,Выдача до 30 минут,DV 815 
2026-07-16,Turkish Airlines,Выдача до 30 минут,TK 211 
2026-07-16,Россия,Выдача до 30 минут,ФВ 6181 
2026-07-16,Россия,Выдача до 30 минут,ФВ 6183 
2026-07-16,Ютэйр,Выдача до 30 минут,ЮТ 464 
2026-07-16,Победа,Некорректно проставлены отметки,ДР 964 
2026-07-16,Якутия,Выдача до 30 минут,ЯК 480 
2026-07-16,Ютэйр,Выдача до 30 минут,ЮТ 576 
2026-07-16,Ютэйр,Выдача до 30 минут,ЮТ 296 
2026-07-16,Победа,Выдача до 30 минут,ДР 200 
2026-07-16,Руслайн,Выдача до 30 минут,РГ 194 
2026-07-16,Газпром авиа,Выдача до 30 минут,ГЗП 292 
2026-07-16,Pegasus,Выдача от 30 до 40 минут,PC 1580 
2026-07-16,Победа,Некорректно проставлены отметки,ДР 264 
2026-07-16,Turkish Airlines,Выдача от 30 до 40 минут,TK 3060 
2026-07-16,Turkish Airlines,Выдача до 30 минут,TK 3002 
2026-07-16,Россия,Выдача до 30 минут,ФВ 6019 
2026-07-16,Turkish Airlines,Выдача от 30 до 40 минут,TK 421 
2026-07-16,UZBEKISTAN AIRWAYS,Выдача до 30 минут,ХИ 9615 
2026-07-16,Turkish Airlines,Выдача до 30 минут,TK 409 
2026-07-16,Ютэйр,Выдача до 30 минут,ЮТ 808 
2026-07-16,Победа,Выдача до 30 минут,ДР 262 
2026-07-16,Turkish Airlines,Выдача до 30 минут,TK 407 
2026-07-16,Победа,Выдача до 30 минут,ДР 210 
2026-07-16,FLYONE Armenia,Выдача до 30 минут,3F 321 
2026-07-16,Pegasus,Выдача от 30 до 40 минут,PC 1576 
2026-07-16,FLYONE Armenia,Выдача до 30 минут,3F 323 
2026-07-16,Россия,Выдача до 30 минут,ФВ 6189 
2026-07-16,Ютэйр,Выдача до 30 минут,ЮТ 454 
2026-07-16,Turkish Airlines,Выдача до 30 минут,TK 217 
2026-07-16,Nesma Airlines,Выдача до 30 минут,NE 646 
2026-07-16,Победа,Выдача до 30 минут,ДР 1486 
2026-07-16,Nesma Airlines,Выдача до 30 минут,NE 602 
2026-07-16,flydubai,Выдача до 30 минут,FZ 987A
2026-07-16,Turkish Airlines,Выдача до 30 минут,TK 3036 
2026-07-16,Nesma Airlines,Выдача до 30 минут,NE 490 
2026-07-16,Pegasus,Выдача до 30 минут,PC 1456 
2026-07-16,SCAT Airlines,Выдача от 30 до 40 минут,DV 813 
2026-07-16,AJET,Выдача до 30 минут,VF 277 
2026-07-16,Ютэйр,Выдача до 30 минут,ЮТ 364 
2026-07-16,Turkish Airlines,Выдача до 30 минут,TK 3084 
2026-07-16,Pegasus,Выдача до 30 минут,PC 390 
2026-07-16,Белавиа,Выдача до 30 минут,В2 981 
2026-07-16,Turkish Airlines,Некорректно проставлены отметки,TK 3122 
2026-07-16,Победа,Выдача до 30 минут,ДР 408 
2026-07-16,Nesma Airlines,Выдача до 30 минут,NE 644 
2026-07-16,Turkish Airlines,Выдача до 30 минут,TK 3014 
2026-07-16,Red Sea,Выдача до 30 минут,4S 337 
2026-07-16,Ютэйр,Выдача до 30 минут,ЮТ 248 
2026-07-16,Ютэйр,Выдача до 30 минут,ЮТ 560 
2026-07-16,ЮВТ АЭРО,Выдача до 30 минут,ЮВ 301 
2026-07-16,GEORGIAN AIRWAYS,Выдача от 30 до 40 минут,AZO 7072 
2026-07-16,Победа,Выдача до 30 минут,ДР 436 
2026-07-16,Pegasus,Выдача до 30 минут,PC 386 
2026-07-16,AJET,Выдача от 30 до 40 минут,VF 275 
2026-07-16,AJET,Выдача до 30 минут,VF 587 
2026-07-16,Не найдено,Выдача до 30 минут,TC 422 
2026-07-16,AZAL,Выдача от 30 до 40 минут,J2 807 
2026-07-16,Россия,Выдача до 30 минут,ФВ 6013 
2026-07-16,Ютэйр,Выдача до 30 минут,ЮТ 400 
2026-07-16,Turkish Airlines,Выдача до 30 минут,TK 3070 
2026-07-16,GEORGIAN AIRWAYS,Выдача до 30 минут,ЖГ 936 
2026-07-16,Россия,Выдача до 30 минут,ФВ 6005 
2026-07-16,Turkish Airlines,Выдача до 30 минут,TK 3012 
2026-07-16,Россия,Выдача до 30 минут,ФВ 6007 
2026-07-16,Россия,Выдача до 30 минут,ФВ 6009 
2026-07-16,SCAT Airlines,Выдача до 30 минут,DV 809 
2026-07-16,АЗУР эйр,Выдача до 30 минут,AZV 3002 
2026-07-16,Turkish Airlines,Выдача до 30 минут,TK 413 
2026-07-16,Победа,Выдача до 30 минут,ДР 730 
2026-07-16,Победа,Выдача до 30 минут,ДР 434 
2026-07-16,Ютэйр,Выдача до 30 минут,ЮТ 352 
2026-07-16,Россия,Выдача до 30 минут,ФВ 6003 
2026-07-16,Вологодское АП,Не определено,ВГ 2390 
2026-07-16,Азимут,Выдача до 30 минут,А4 7020 
2026-07-16,Turkish Airlines,Выдача до 30 минут,TK 1231 
2026-07-16,Победа,Выдача до 30 минут,ДР 732 
2026-07-16,Ютэйр,Выдача до 30 минут,ЮТ 572 
2026-07-16,Победа,Выдача до 30 минут,ДР 744 
2026-07-16,GEORGIAN AIRWAYS,Выдача до 30 минут,ЖГ 932 
2026-07-16,Победа,Выдача до 30 минут,ДР 714 
2026-07-16,Turkish Airlines,Выдача до 30 минут,TK 419 
2026-07-16,Ютэйр,Выдача до 30 минут,ЮТ 356 
2026-07-16,Ютэйр,Выдача до 30 минут,ЮТ 786 
2026-07-16,Nesma Airlines,Выдача до 30 минут,NE 614 
2026-07-16,Pegasus,Выдача до 30 минут,PC 1458 
2026-07-16,Turkish Airlines,Выдача до 30 минут,TK 3006 
2026-07-16,Победа,Выдача до 30 минут,ДР 414 
2026-07-16,Turkish Airlines,Выдача до 30 минут,TK 3178 
2026-07-16,Aero Nomad,Выдача до 30 минут,КГ 503 
2026-07-16,UZBEKISTAN AIRWAYS,Выдача до 30 минут,ХИ 9607 
2026-07-16,Turkish Airlines,Выдача до 30 минут,TK 3154 
2026-07-16,Россия,Выдача до 30 минут,ФВ 6051 
2026-07-16,Pegasus,Выдача от 30 до 40 минут,PC 1521 
2026-07-16,Победа,Некорректно проставлены отметки,ДР 208 
2026-07-16,GEORGIAN AIRWAYS,Выдача до 30 минут,AZO 7154 
2026-07-17,UZBEKISTAN AIRWAYS,Выдача до 30 минут,ХИ 605 
2026-07-17,Россия,Выдача до 30 минут,ФВ 6187 
2026-07-17,ЮВТ АЭРО,Выдача до 30 минут,ЮВ 204 
2026-07-17,Turkish Airlines,Выдача до 30 минут,TK 211 
2026-07-17,Россия,Выдача до 30 минут,ФВ 6169 
2026-07-17,Red Sea,Выдача до 30 минут,4S 311 
2026-07-17,Россия,Выдача до 30 минут,ФВ 6185 
2026-07-17,Nesma Airlines,Выдача до 30 минут,NE 602 
2026-07-17,Якутия,Выдача до 30 минут,ОП 246 
2026-07-17,Ютэйр,Выдача до 30 минут,ЮТ 400 
2026-07-17,Turkish Airlines,Выдача до 30 минут,TK 415 
2026-07-17,Ютэйр,Выдача до 30 минут,ЮТ 1376 
2026-07-17,Ютэйр,Выдача до 30 минут,ЮТ 276 
2026-07-17,Ютэйр,Выдача до 30 минут,ЮТ 374 
2026-07-17,Ютэйр,Выдача до 30 минут,ЮТ 746 
2026-07-17,Победа,Выдача до 30 минут,PBD 980 
2026-07-17,Ютэйр,Выдача до 30 минут,ЮТ 576 
2026-07-17,UZBEKISTAN AIRWAYS,Выдача до 30 минут,ХИ 9627 
2026-07-17,Победа,Выдача до 30 минут,ДР 114 
2026-07-17,Turkish Airlines,Выдача до 30 минут,TK 417 
2026-07-17,Meraj Air,Выдача до 30 минут,MRJ 4879 
2026-07-17,Алроса,Выдача до 30 минут,ЯМ 543 
2026-07-17,Pegasus,Выдача до 30 минут,PC 388 
2026-07-17,АЗУР эйр,Выдача до 30 минут,AZV 3002 
2026-07-17,Ютэйр,Выдача от 30 до 40 минут,ЮТ 464 
2026-07-17,Россия,Выдача до 30 минут,ФВ 6027 
2026-07-17,Россия,Выдача до 30 минут,ФВ 6009 
2026-07-17,Россия,Выдача до 30 минут,ФВ 6025 
2026-07-17,Turkish Airlines,Выдача до 30 минут,TK 3008 
2026-07-17,Ютэйр,Выдача до 30 минут,ЮТ 596 
2026-07-17,Ютэйр,Выдача до 30 минут,ЮТ 560 
2026-07-17,Россия,Выдача до 30 минут,ФВ 6175 
2026-07-17,АЗУР эйр,Выдача до 30 минут,AZV 3006 
2026-07-17,Россия,Выдача до 30 минут,ФВ 6177 
2026-07-17,Руслайн,Выдача до 30 минут,РГ 194 
2026-07-17,Aero Nomad,Выдача до 30 минут,КГ 503 
2026-07-17,flydubai,Выдача до 30 минут,FZ 989 
2026-07-17,Nesma Airlines,Выдача до 30 минут,NE 646 
2026-07-17,Белавиа,Выдача до 30 минут,В2 979 
2026-07-17,Россия,Выдача до 30 минут,ФВ 6037 
2026-07-17,Победа,Выдача до 30 минут,ДР 994 
2026-07-17,Pegasus,Выдача до 30 минут,PC 1580 
2026-07-17,AZAL,Выдача до 30 минут,J2 805 
2026-07-17,Ютэйр,Выдача до 30 минут,ЮТ 180 
2026-07-17,Победа,Выдача до 30 минут,ДР 194 
2026-07-17,GEORGIAN AIRWAYS,Выдача до 30 минут,ЖГ 926 
2026-07-17,Победа,Выдача до 30 минут,ДР 968 
2026-07-17,Победа,Выдача до 30 минут,ДР 856 
2026-07-17,Ютэйр,Выдача до 30 минут,ЮТ 784 
2026-07-17,Россия,Выдача до 30 минут,ФВ 6031 
2026-07-17,Turkish Airlines,Выдача до 30 минут,TK 411 
2026-07-17,Победа,Выдача до 30 минут,ДР 466 
2026-07-17,AZAL,Выдача от 30 до 40 минут,J2 809 
2026-07-17,Газпром авиа,Выдача до 30 минут,ГЗП 294 
2026-07-17,Turkish Airlines,Выдача от 30 до 40 минут,TK 3060 
2026-07-17,Ютэйр,Выдача до 30 минут,ЮТ 334 
2026-07-17,SCAT Airlines,Выдача до 30 минут,DV 813 
2026-07-17,Победа,Выдача до 30 минут,ДР 160 
2026-07-17,Победа,Выдача до 30 минут,PBD 840 
2026-07-17,Ютэйр,Выдача более 40 минут,ЮТ 802 
2026-07-17,FLYONE Armenia,Выдача до 30 минут,3F 325 
2026-07-17,Россия,Выдача до 30 минут,ФВ 6183 
2026-07-17,Ютэйр,Выдача до 30 минут,УТА 9026 
2026-07-17,Ютэйр,Выдача до 30 минут,ЮТ 398 
2026-07-17,FLYONE Armenia,Выдача до 30 минут,УР 514 
2026-07-17,Россия,Выдача до 30 минут,ФВ 6179 
2026-07-17,Ютэйр,Выдача до 30 минут,ЮТ 296 
2026-07-17,Якутия,Выдача от 30 до 40 минут,ЯК 465 
2026-07-17,GEORGIAN AIRWAYS,Выдача до 30 минут,AZO 7054 
2026-07-17,UZBEKISTAN AIRWAYS,Выдача до 30 минут,ХИ 9619 
2026-07-17,UZBEKISTAN AIRWAYS,Выдача до 30 минут,ХИ 613 
2026-07-17,Победа,Выдача от 30 до 40 минут,ДР 836 
2026-07-17,Вологодское АП,Не определено,ВГ 2392 
2026-07-17,Россия,Выдача до 30 минут,ФВ 6181 
2026-07-17,Победа,Выдача до 30 минут,ДР 158 
2026-07-17,AZAL,Выдача до 30 минут,J2 5830 
2026-07-17,SCAT Airlines,Выдача до 30 минут,DV 815 
2026-07-17,GEORGIAN AIRWAYS,Выдача до 30 минут,AZO 7018 
2026-07-17,Turkish Airlines,Выдача до 30 минут,TK 3164 
2026-07-17,Азимут,Выдача до 30 минут,А4 7010 
2026-07-17,Победа,Выдача до 30 минут,PBD 860 
2026-07-17,Ютэйр,Выдача до 30 минут,ЮТ 786 
2026-07-17,AJET,Выдача до 30 минут,VF 277 
2026-07-17,Turkish Airlines,Выдача до 30 минут,TK 3172 
2026-07-17,Red Sea,Выдача от 30 до 40 минут,4S 325 
2026-07-17,Pegasus,Выдача от 30 до 40 минут,PC 386 
2026-07-17,Nesma Airlines,Выдача до 30 минут,NE 604 
2026-07-17,Победа,Выдача до 30 минут,ДР 170 
2026-07-17,Nesma Airlines,Выдача до 30 минут,NE 600 
2026-07-17,FLYONE Armenia,Выдача от 30 до 40 минут,3F 323 
2026-07-17,Turkish Airlines,Выдача до 30 минут,TK 3006 
2026-07-17,Turkish Airlines,Выдача от 30 до 40 минут,TK 3154 
2026-07-17,Turkish Airlines,Выдача до 30 минут,TK 3060 
2026-07-17,Россия,Выдача до 30 минут,ФВ 6189 
2026-07-17,Turkish Airlines,Выдача до 30 минут,TK 409 
2026-07-17,Pegasus,Выдача от 30 до 40 минут,PC 1576 
2026-07-17,Turkish Airlines,Выдача до 30 минут,TK 1231 
2026-07-17,Shirak Avia,Выдача до 30 минут,ЮБГ 509 
2026-07-17,Азимут,Выдача до 30 минут,А4 7034 
2026-07-17,AZAL,Выдача до 30 минут,J2 809 
2026-07-17,Turkish Airlines,Выдача до 30 минут,TK 3122 
2026-07-17,Россия,Выдача до 30 минут,ФВ 6013 
2026-07-17,Nesma Airlines,Выдача до 30 минут,NE 620 
2026-07-17,Победа,Выдача до 30 минут,ДР 414 
2026-07-17,Ютэйр,Выдача до 30 минут,ЮТ 454 
2026-07-17,Ютэйр,Выдача до 30 минут,ЮТ 790 
2026-07-17,Россия,Выдача до 30 минут,ФВ 6019 
2026-07-17,Белавиа,Выдача до 30 минут,В2 981 
2026-07-17,UZBEKISTAN AIRWAYS,Выдача до 30 минут,ХИ 9607 
2026-07-17,Ютэйр,Выдача до 30 минут,ЮТ 364 
2026-07-17,Nesma Airlines,Выдача от 30 до 40 минут,NE 618 
2026-07-17,Turkish Airlines,Выдача до 30 минут,TK 407 
2026-07-17,Turkish Airlines,Выдача до 30 минут,TK 421 
2026-07-17,GEORGIAN AIRWAYS,Выдача до 30 минут,AZO 7008 
2026-07-17,Turkish Airlines,Выдача до 30 минут,TK 3036 
2026-07-17,Pegasus,Выдача от 30 до 40 минут,PC 1521 
2026-07-17,Turkish Airlines,Выдача от 30 до 40 минут,TK 3084 
2026-07-17,Turkish Airlines,Выдача до 30 минут,TK 3014 
2026-07-17,Turkish Airlines,Выдача от 30 до 40 минут,TK 3002 
2026-07-17,AJET,Выдача от 30 до 40 минут,VF 275 
2026-07-17,Pegasus,Выдача от 30 до 40 минут,PC 390 
2026-07-17,GEORGIAN AIRWAYS,Выдача до 30 минут,ЖГ 932 
2026-07-17,Turkish Airlines,Выдача от 30 до 40 минут,TK 3178 
2026-07-17,FLYONE Armenia,Выдача от 30 до 40 минут,3F 321 
2026-07-17,Ютэйр,Выдача до 30 минут,ЮТ 356 
2026-07-17,Алроса,Выдача до 30 минут,ЯМ 597 
2026-07-17,Россия,Выдача до 30 минут,ФВ 6003 
2026-07-17,Вологодское АП,Не определено,ВГ 2390 
2026-07-17,GEORGIAN AIRWAYS,Некорректно проставлены отметки,AZO 7108 
2026-07-17,Ютэйр,Выдача до 30 минут,ЮТ 352 
2026-07-17,Победа,Выдача до 30 минут,ДР 742 
2026-07-17,SCAT Airlines,Выдача до 30 минут,DV 801 
2026-07-17,Россия,Выдача до 30 минут,ФВ 6005 
2026-07-17,Ютэйр,Выдача до 30 минут,ЮТ 446 
2026-07-17,Turkish Airlines,Выдача от 30 до 40 минут,TK 413 
2026-07-17,GEORGIAN AIRWAYS,Выдача до 30 минут,ЖГ 936 
2026-07-17,AZAL,Выдача до 30 минут,J2 807 
2026-07-17,Россия,Некорректно проставлены отметки,ФВ 6007 
2026-07-17,Победа,Выдача до 30 минут,ДР 734 
2026-07-17,Asia Union Airlines,Выдача до 30 минут,7Q 1777 
2026-07-17,Turkish Airlines,Выдача до 30 минут,TK 3070 
2026-07-17,SCAT Airlines,Выдача до 30 минут,DV 809 
2026-07-17,Победа,Выдача до 30 минут,ДР 188 
2026-07-17,Red Sea,Выдача до 30 минут,4S 315 
2026-07-17,Turkish Airlines,Выдача до 30 минут,TK 217 
2026-07-17,Победа,Выдача до 30 минут,ДР 422 
2026-07-17,Ютэйр,Выдача до 30 минут,ЮТ 572 
2026-07-17,GEORGIAN AIRWAYS,Выдача до 30 минут,AZO 7154 
2026-07-17,Победа,Выдача до 30 минут,ДР 264 
2026-07-17,Победа,Некорректно проставлены отметки,ДР 436 
2026-07-17,Победа,Выдача от 30 до 40 минут,ДР 1994 
2026-07-17,Pegasus,Выдача до 30 минут,PC 1458 
2026-07-17,AJET,Выдача до 30 минут,VF 587 
2026-07-17,Победа,Выдача до 30 минут,ДР 434 
2026-07-17,Turkish Airlines,Выдача до 30 минут,TK 419 
2026-07-17,Ютэйр,Выдача до 30 минут,ЮТ 248 
2026-07-17,Nesma Airlines,Выдача от 30 до 40 минут,NE 642 
2026-07-17,Россия,Выдача до 30 минут,ФВ 6051 
2026-07-17,flydubai,Выдача от 30 до 40 минут,FZ 987A
2026-07-17,UZBEKISTAN AIRWAYS,Выдача до 30 минут,ХИ 9615 
2026-07-17,Pegasus,Выдача до 30 минут,PC 1456 
2026-07-17,ЮВТ АЭРО,Выдача до 30 минут,ЮВ 303 
2026-07-18,Победа,Выдача до 30 минут,ДР 116 
2026-07-18,Россия,Выдача до 30 минут,ФВ 6009 
2026-07-18,Pegasus,Выдача до 30 минут,PC 1580 
2026-07-18,Ютэйр,Выдача до 30 минут,ЮТ 808 
2026-07-18,GEORGIAN AIRWAYS,Выдача до 30 минут,ЖГ 926 
2026-07-18,Газпром авиа,Выдача до 30 минут,ГЗП 212 
2026-07-18,Россия,Выдача до 30 минут,ФВ 6037 
2026-07-18,Азимут,Выдача до 30 минут,А4 7010 
2026-07-18,Победа,Выдача до 30 минут,PBD 840 
2026-07-18,Газпром авиа,Выдача до 30 минут,ГЗП 472 
2026-07-18,Ютэйр,Выдача до 30 минут,ЮТ 374 
2026-07-18,FLYONE Armenia,Выдача до 30 минут,3F 325 
2026-07-18,GEORGIAN AIRWAYS,Выдача до 30 минут,AZO 7054 
2026-07-18,Россия,Выдача до 30 минут,ФВ 6175 
2026-07-18,Победа,Выдача до 30 минут,PBD 736 
2026-07-18,Ютэйр,Выдача до 30 минут,ЮТ 456 
2026-07-18,Россия,Выдача до 30 минут,ФВ 6177 
2026-07-18,Победа,Выдача до 30 минут,PBD 758 
2026-07-18,Red Sea,Выдача до 30 минут,4S 333 
2026-07-18,flydubai,Выдача до 30 минут,FZ 989 
2026-07-18,GEORGIAN AIRWAYS,Выдача до 30 минут,ЖГ 937 
2026-07-18,Ютэйр,Выдача до 30 минут,ЮТ 576 
2026-07-18,Turkish Airlines,Выдача до 30 минут,TK 3046 
2026-07-18,Turkish Airlines,Выдача до 30 минут,TK 3192 
2026-07-18,Победа,Выдача до 30 минут,ДР 466 
2026-07-18,Turkish Airlines,Выдача до 30 минут,TK 417 
2026-07-18,Россия,Выдача до 30 минут,ФВ 6025 
2026-07-18,Победа,Выдача до 30 минут,ДР 114 
2026-07-18,Turkish Airlines,Выдача до 30 минут,TK 3024 
2026-07-18,Газпром авиа,Выдача до 30 минут,ГЗП 252 
2026-07-18,Turkish Airlines,Выдача до 30 минут,TK 409 
2026-07-18,Nesma Airlines,Выдача до 30 минут,NE 640 
2026-07-18,Nesma Airlines,Выдача до 30 минут,NE 644 
2026-07-18,Победа,Выдача до 30 минут,ДР 856 
2026-07-18,Ютэйр,Выдача до 30 минут,ЮТ 744 
2026-07-18,Ютэйр,Выдача до 30 минут,ЮТ 270 
2026-07-18,Победа,Выдача до 30 минут,ДР 194 
2026-07-18,Pegasus,Выдача до 30 минут,PC 388 
2026-07-18,Россия,Выдача до 30 минут,ФВ 6027 
2026-07-18,Белавиа,Выдача до 30 минут,В2 979 
2026-07-18,Turkish Airlines,Выдача до 30 минут,TK 3076 
2026-07-18,FLYONE Armenia,Выдача до 30 минут,УР 512 
2026-07-18,Азимут,Выдача до 30 минут,А4 7030 
2026-07-18,Ютэйр,Выдача до 30 минут,УТА 6132 
2026-07-18,Nesma Airlines,Выдача до 30 минут,NE 638 
2026-07-18,Россия,Выдача до 30 минут,ФВ 6185 
2026-07-18,Победа,Выдача до 30 минут,ДР 158 
2026-07-18,Якутия,Выдача до 30 минут,ЯК 479 
2026-07-18,Азимут,Выдача до 30 минут,А4 7036 
2026-07-18,Turkish Airlines,Выдача от 30 до 40 минут,TK 411 
2026-07-18,Nesma Airlines,Выдача от 30 до 40 минут,NE 490 
2026-07-18,Turkish Airlines,Выдача до 30 минут,TK 1231 
2026-07-18,Победа,Выдача до 30 минут,ДР 486 
2026-07-18,AZAL,Выдача до 30 минут,J2 809 
2026-07-18,Turkish Airlines,Выдача от 30 до 40 минут,TK 211 
2026-07-18,flydubai,Выдача от 30 до 40 минут,FZ 987 
2026-07-18,Победа,Выдача до 30 минут,ДР 422 
2026-07-18,Победа,Выдача до 30 минут,PBD 860 
2026-07-18,Победа,Выдача более 40 минут,ДР 1994 
2026-07-18,Ютэйр,Выдача до 30 минут,ЮТ 398 
2026-07-18,Ютэйр,Выдача от 30 до 40 минут,ЮТ 802 
2026-07-18,Nesma Airlines,Выдача до 30 минут,NE 616 
2026-07-18,Победа,Выдача до 30 минут,ДР 404 
2026-07-18,Ютэйр,Выдача до 30 минут,ЮТ 464 
2026-07-18,SCAT Airlines,Выдача до 30 минут,DV 815 
2026-07-18,UZBEKISTAN AIRWAYS,Выдача до 30 минут,ХИ 613 
2026-07-18,Россия,Выдача до 30 минут,ФВ 6179 
2026-07-18,Ютэйр,Выдача до 30 минут,ЮТ 250 
2026-07-18,Ютэйр,Выдача до 30 минут,ЮТ 296 
2026-07-18,UZBEKISTAN AIRWAYS,Выдача до 30 минут,ХИ 9627 
2026-07-18,UZBEKISTAN AIRWAYS,Выдача до 30 минут,ХИ 9619 
2026-07-18,AZAL,Выдача до 30 минут,J2 803 
2026-07-18,Победа,Выдача до 30 минут,PBD 980 
2026-07-18,Победа,Выдача до 30 минут,ДР 836 
2026-07-18,Nesma Airlines,Выдача до 30 минут,NE 648 
2026-07-18,Россия,Выдача до 30 минут,ФВ 6183 
2026-07-18,ЮВТ АЭРО,Выдача до 30 минут,ЮВ 301 
2026-07-18,Россия,Выдача до 30 минут,ФВ 6181 
2026-07-18,Северо-Запад,Выдача до 30 минут,НВЦ 9152 
2026-07-18,Turkish Airlines,Выдача от 30 до 40 минут,TK 415 
2026-07-18,Ютэйр,Выдача более 40 минут,ЮТ 784 
2026-07-18,Азимут,Выдача до 30 минут,А4 7020 
2026-07-18,Победа,Выдача до 30 минут,ДР 206 
2026-07-18,GEORGIAN AIRWAYS,Выдача до 30 минут,ЖГ 932 
2026-07-18,Turkish Airlines,Выдача до 30 минут,TK 3006 
2026-07-18,FLYONE Armenia,Выдача до 30 минут,3F 323 
2026-07-18,Turkish Airlines,Выдача до 30 минут,TK 3172 
2026-07-18,Победа,Выдача до 30 минут,PBD 736B
2026-07-18,Победа,Выдача до 30 минут,ДР 964 
2026-07-18,Победа,Выдача до 30 минут,ДР 1486 
2026-07-18,Turkish Airlines,Выдача от 30 до 40 минут,TK 3120 
2026-07-18,Pegasus,Выдача от 30 до 40 минут,PC 1576 
2026-07-18,Pegasus,Выдача до 30 минут,PC 1456 
2026-07-18,Ютэйр,Выдача до 30 минут,ЮТ 250B
2026-07-18,AJET,Выдача до 30 минут,VF 587 
2026-07-18,Ютэйр,Выдача до 30 минут,ЮТ 810 
2026-07-18,Turkish Airlines,Выдача до 30 минут,TK 3028 
2026-07-18,Победа,Выдача более 40 минут,ДР 210 
2026-07-18,Победа,Выдача до 30 минут,ДР 208 
2026-07-18,Победа,Выдача до 30 минут,ДР 1422 
2026-07-18,flydubai,Выдача до 30 минут,FZ 987 
2026-07-18,Turkish Airlines,Выдача от 30 до 40 минут,TK 3036 
2026-07-18,Turkish Airlines,Выдача более 40 минут,TK 3084 
2026-07-18,Nesma Airlines,Выдача до 30 минут,NE 492 
2026-07-18,FLYONE Armenia,Выдача до 30 минут,УР 412 
2026-07-18,Россия,Выдача до 30 минут,ФВ 6189 
2026-07-18,Turkish Airlines,Выдача от 30 до 40 минут,TK 217 
2026-07-18,Turkish Airlines,Выдача до 30 минут,TK 3002 
2026-07-18,Nesma Airlines,Выдача до 30 минут,NE 606 
2026-07-18,Turkish Airlines,Выдача от 30 до 40 минут,TK 409 
2026-07-18,Ютэйр,Выдача до 30 минут,ЮТ 358 
2026-07-18,Turkish Airlines,Выдача до 30 минут,TK 3014 
2026-07-18,AJET,Выдача от 30 до 40 минут,VF 275 
2026-07-18,Азимут,Выдача до 30 минут,А4 7036B
2026-07-18,Победа,Выдача до 30 минут,ДР 262 
2026-07-18,Pegasus,Выдача от 30 до 40 минут,PC 1521 
2026-07-18,Turkish Airlines,Выдача до 30 минут,TK 3178 
2026-07-18,Turkish Airlines,Выдача до 30 минут,TK 421 
2026-07-18,Turkish Airlines,Выдача до 30 минут,TK 419 
2026-07-18,Победа,Выдача до 30 минут,ДР 264 
2026-07-18,Pegasus,Выдача от 30 до 40 минут,PC 386 
2026-07-18,Turkish Airlines,Выдача до 30 минут,TK 3154 
2026-07-18,Turkish Airlines,Выдача до 30 минут,TK 3070 
2026-07-18,Nesma Airlines,Выдача от 30 до 40 минут,NE 614 
2026-07-18,Россия,Выдача до 30 минут,ФВ 6003 
2026-07-18,Ютэйр,Выдача до 30 минут,ЮТ 400 
2026-07-18,GEORGIAN AIRWAYS,Выдача до 30 минут,AZO 7208 
2026-07-18,Ютэйр,Выдача до 30 минут,ЮТ 356 
2026-07-18,FLYONE Armenia,Выдача от 30 до 40 минут,3F 321 
2026-07-18,SCAT Airlines,Выдача до 30 минут,DV 809 
2026-07-18,Алроса,Выдача до 30 минут,ЯМ 597 
2026-07-18,AZAL,Выдача до 30 минут,J2 807 
2026-07-18,Вологодское АП,Не определено,ВГ 2390 
2026-07-18,Победа,Выдача до 30 минут,ДР 436 
2026-07-18,Turkish Airlines,Выдача от 30 до 40 минут,TK 413 
2026-07-18,GEORGIAN AIRWAYS,Выдача до 30 минут,ЖГ 936 
2026-07-18,Россия,Выдача до 30 минут,ФВ 6007 
2026-07-18,АЗУР эйр,Выдача до 30 минут,AZV 3010 
2026-07-18,Россия,Выдача до 30 минут,ФВ 6005 
2026-07-18,Red Sea,Выдача до 30 минут,4S 317 
2026-07-18,Pegasus,Выдача до 30 минут,PC 390 
2026-07-18,Ютэйр,Выдача до 30 минут,ЮТ 352 
2026-07-18,Ютэйр,Выдача до 30 минут,ЮТ 786 
2026-07-18,Turkish Airlines,Выдача до 30 минут,TK 3012 
2026-07-18,Победа,Выдача до 30 минут,ДР 434 
2026-07-18,GEORGIAN AIRWAYS,Выдача до 30 минут,AZO 7072 
2026-07-18,Белавиа,Выдача до 30 минут,В2 981 
2026-07-18,Pegasus,Выдача до 30 минут,PC 1458 
2026-07-18,Turkish Airlines,Выдача до 30 минут,TK 407 
2026-07-18,Россия,Выдача до 30 минут,ФВ 6051 
2026-07-18,AJET,Выдача до 30 минут,VF 277 
2026-07-18,Победа,Выдача до 30 минут,ДР 414 
2026-07-18,Победа,Выдача до 30 минут,ДР 408 
2026-07-18,Ютэйр,Выдача до 30 минут,ЮТ 248 
2026-07-18,Ютэйр,Выдача от 30 до 40 минут,ЮТ 364 
2026-07-18,UZBEKISTAN AIRWAYS,Выдача до 30 минут,ХИ 9607 
2026-07-18,UZBEKISTAN AIRWAYS,Выдача до 30 минут,ХИ 9615 
2026-07-18,Ютэйр,Выдача до 30 минут,ЮТ 572 
2026-07-18,Ютэйр,Выдача до 30 минут,ЮТ 454 
2026-07-18,Победа,Выдача до 30 минут,ДР 714 
2026-07-18,Не найдено,Выдача до 30 минут,TC 422 
2026-07-18,Победа,Выдача до 30 минут,ДР 744 
2026-07-19,Ютэйр,Выдача до 30 минут,ЮТ 276 
2026-07-19,Ютэйр,Выдача до 30 минут,ЮТ 596 
2026-07-19,Победа,Выдача до 30 минут,ДР 836 
2026-07-19,Ютэйр,Выдача до 30 минут,ЮТ 374 
2026-07-19,Россия,Выдача до 30 минут,ФВ 6037 
2026-07-19,Победа,Выдача до 30 минут,ДР 964 
2026-07-19,Turkish Airlines,Выдача до 30 минут,TK 3008 
2026-07-19,Победа,Выдача до 30 минут,ДР 744 
2026-07-19,Turkish Airlines,Выдача до 30 минут,TK 6915 
2026-07-19,Россия,Выдача до 30 минут,ФВ 6019 
2026-07-19,Ютэйр,Выдача до 30 минут,ЮТ 454 
2026-07-19,Ютэйр,Выдача до 30 минут,ЮТ 364 
2026-07-19,Shirak Avia,Выдача до 30 минут,ЮБГ 509 
2026-07-19,Белавиа,Выдача до 30 минут,В2 981 
2026-07-19,Россия,Выдача до 30 минут,ФВ 6175 
2026-07-19,GEORGIAN AIRWAYS,Выдача до 30 минут,AZO 7054 
2026-07-19,flydubai,Выдача до 30 минут,FZ 989 
2026-07-19,Ютэйр,Выдача до 30 минут,ЮТ 400 
2026-07-19,Белавиа,Выдача до 30 минут,В2 985 
2026-07-19,Азимут,Выдача до 30 минут,А4 7010 
2026-07-19,Ютэйр,Выдача до 30 минут,ЮТ 334 
2026-07-19,GEORGIAN AIRWAYS,Выдача до 30 минут,ЖГ 937 
2026-07-19,Белавиа,Выдача до 30 минут,В2 983 
2026-07-19,Россия,Выдача до 30 минут,ФВ 6027 
2026-07-19,Победа,Выдача до 30 минут,ДР 262 
2026-07-19,Алроса,Выдача до 30 минут,ЯМ 624 
2026-07-19,Россия,Выдача до 30 минут,ФВ 6177 
2026-07-19,Ютэйр,Выдача до 30 минут,ЮТ 744 
2026-07-19,Якутия,Выдача до 30 минут,ЯК 480 
2026-07-19,Победа,Выдача до 30 минут,ДР 742 
2026-07-19,UZBEKISTAN AIRWAYS,Выдача до 30 минут,ХИ 9607 
2026-07-19,Победа,Выдача до 30 минут,PBD 980 
2026-07-19,Россия,Выдача до 30 минут,ФВ 6009 
2026-07-19,Победа,Выдача от 30 до 40 минут,ДР 190B
2026-07-19,Turkish Airlines,Выдача до 30 минут,TK 407 
2026-07-19,Россия,Выдача до 30 минут,ФВ 6051 
2026-07-19,Ютэйр,Выдача до 30 минут,ЮТ 464 
2026-07-19,Ютэйр,Выдача до 30 минут,ЮТ 250 
2026-07-19,Победа,Выдача до 30 минут,ДР 158 
2026-07-19,Россия,Выдача до 30 минут,ФВ 6169 
2026-07-19,Nesma Airlines,Выдача до 30 минут,NE 620 
2026-07-19,Победа,Выдача до 30 минут,ДР 968 
2026-07-19,Nouvelair Tunisie,Выдача до 30 минут,BJ 814 
2026-07-19,Россия,Выдача до 30 минут,ФВ 6025 
2026-07-19,Turkish Airlines,Выдача до 30 минут,TK 3120 
2026-07-19,Turkish Airlines,Выдача до 30 минут,TK 417 
2026-07-19,Turkish Airlines,Выдача до 30 минут,TK 3066 
2026-07-19,Газпром авиа,Выдача до 30 минут,ГЗП 216 
2026-07-19,Победа,Выдача до 30 минут,PBD 840 
2026-07-19,Turkish Airlines,Выдача до 30 минут,TK 211 
2026-07-19,Pegasus,Выдача до 30 минут,PC 388 
2026-07-19,Победа,Выдача до 30 минут,ДР 856 
2026-07-19,AZAL,Выдача до 30 минут,J2 803 
2026-07-19,Turkish Airlines,Выдача до 30 минут,TK 415 
2026-07-19,Россия,Выдача до 30 минут,ФВ 6031 
2026-07-19,flydubai,Выдача до 30 минут,FZ 987 
2026-07-19,ЮВТ АЭРО,Выдача до 30 минут,ЮВ 301 
2026-07-19,Победа,Выдача до 30 минут,ДР 486 
2026-07-19,Turkish Airlines,Выдача до 30 минут,TK 3024 
2026-07-19,FLYONE Armenia,Выдача до 30 минут,3F 325 
2026-07-19,Газпром авиа,Выдача до 30 минут,ГЗП 554 
2026-07-19,UZBEKISTAN AIRWAYS,Выдача до 30 минут,ХИ 9627 
2026-07-19,Россия,Выдача до 30 минут,ФВ 6179 
2026-07-19,Ютэйр,Выдача до 30 минут,ЮТ 296 
2026-07-19,UZBEKISTAN AIRWAYS,Выдача до 30 минут,ХИ 9619 
2026-07-19,Победа,Выдача до 30 минут,PBD 860 
2026-07-19,Вологодское АП,Не определено,ВГ 2390 
2026-07-19,SCAT Airlines,Выдача до 30 минут,DV 815 
2026-07-19,Победа,Выдача до 30 минут,PBD 736 
2026-07-19,Nesma Airlines,Выдача до 30 минут,NE 646 
2026-07-19,UZBEKISTAN AIRWAYS,Выдача до 30 минут,ХИ 613 
2026-07-19,Ютэйр,Выдача от 30 до 40 минут,ЮТ 784 
2026-07-19,Ютэйр,Выдача до 30 минут,ЮТ 802 
2026-07-19,Победа,Выдача до 30 минут,ДР 422 
2026-07-19,Россия,Выдача до 30 минут,ФВ 6181 
2026-07-19,Победа,Выдача до 30 минут,ДР 994 
2026-07-19,Turkish Airlines,Выдача до 30 минут,TK 3046 
2026-07-19,GEORGIAN AIRWAYS,Выдача до 30 минут,ЖГ 926 
2026-07-19,Turkish Airlines,Выдача до 30 минут,TK 411 
2026-07-19,Ютэйр,Выдача до 30 минут,ЮТ 572 
2026-07-19,Turkish Airlines,Выдача до 30 минут,TK 419 
2026-07-19,Nesma Airlines,Выдача до 30 минут,NE 642 
2026-07-19,Red Sea,Выдача до 30 минут,4S 313 
2026-07-19,FLYONE Armenia,Выдача до 30 минут,3F 323 
2026-07-19,Pegasus,Выдача до 30 минут,PC 1456 
2026-07-19,AJET,Выдача до 30 минут,VF 277 
2026-07-19,Pegasus,Выдача до 30 минут,PC 390 
2026-07-19,Победа,Выдача до 30 минут,ДР 730 
2026-07-19,Ютэйр,Выдача до 30 минут,ЮТ 358 
2026-07-19,Red Sea,Выдача до 30 минут,4S 325 
2026-07-19,Победа,Выдача до 30 минут,ДР 194 
2026-07-19,Россия,Выдача до 30 минут,ФВ 6185 
2026-07-19,Turkish Airlines,Выдача до 30 минут,TK 3036 
2026-07-19,Победа,Выдача до 30 минут,ДР 264 
2026-07-19,Pegasus,Выдача до 30 минут,PC 1458 
2026-07-19,FLYONE Armenia,Выдача до 30 минут,УР 512 
2026-07-19,Turkish Airlines,Выдача до 30 минут,TK 3164 
2026-07-19,Ютэйр,Выдача до 30 минут,ЮТ 398 
2026-07-19,Ютэйр,Выдача до 30 минут,ЮТ 746 
2026-07-19,Turkish Airlines,Выдача до 30 минут,TK 421 
2026-07-19,Turkish Airlines,Выдача до 30 минут,TK 3002 
2026-07-19,Победа,Выдача до 30 минут,ДР 210 
2026-07-19,АЗУР эйр,Выдача более 40 минут,AZV 3014 
2026-07-19,Turkish Airlines,Выдача от 30 до 40 минут,TK 3178 
2026-07-19,Pegasus,Выдача от 30 до 40 минут,PC 1576 
2026-07-19,SCAT Airlines,Выдача до 30 минут,DV 813 
2026-07-19,Победа,Выдача до 30 минут,ДР 170 
2026-07-19,Turkish Airlines,Выдача от 30 до 40 минут,TK 3084 
2026-07-19,Turkish Airlines,Выдача до 30 минут,TK 3060 
2026-07-19,Turkish Airlines,Выдача до 30 минут,TK 217 
2026-07-19,AJET,Выдача от 30 до 40 минут,VF 275 
2026-07-19,Россия,Выдача до 30 минут,ФВ 6183 
2026-07-19,UZBEKISTAN AIRWAYS,Выдача до 30 минут,ХИ 605 
2026-07-19,Россия,Выдача до 30 минут,ФВ 6187 
2026-07-19,Победа,Выдача до 30 минут,ДР 114 
2026-07-19,Ютэйр,Выдача до 30 минут,ЮТ 810 
2026-07-19,Turkish Airlines,Выдача до 30 минут,TK 3014 
2026-07-19,Pegasus,Выдача до 30 минут,PC 1580 
2026-07-19,Nesma Airlines,Выдача от 30 до 40 минут,NE 604 
2026-07-19,Ютэйр,Выдача до 30 минут,ЮТ 786 
2026-07-19,Россия,Выдача до 30 минут,ФВ 6013 
2026-07-19,SCAT Airlines,Выдача до 30 минут,DV 801 
2026-07-19,Ютэйр,Выдача до 30 минут,ЮТ 446 
2026-07-19,Победа,Выдача до 30 минут,ДР 466 
2026-07-19,Россия,Выдача до 30 минут,ФВ 6005 
2026-07-19,GEORGIAN AIRWAYS,Выдача до 30 минут,ЖГ 936 
2026-07-19,Ютэйр,Выдача до 30 минут,ЮТ 356 
2026-07-19,AZAL,Выдача до 30 минут,J2 807 
2026-07-19,Turkish Airlines,Выдача до 30 минут,TK 3076 
2026-07-19,Aero Nomad,Выдача до 30 минут,КГ 555 
2026-07-19,Turkish Airlines,Выдача до 30 минут,TK 3070 
2026-07-19,Turkish Airlines,Выдача до 30 минут,TK 1231 
2026-07-19,Turkish Airlines,Выдача до 30 минут,TK 3012 
2026-07-19,Ютэйр,Выдача до 30 минут,ЮТ 726 
2026-07-19,Ютэйр,Выдача до 30 минут,ЮТ 560 
2026-07-19,Ютэйр,Выдача до 30 минут,ЮТ 248 
2026-07-19,Turkish Airlines,Выдача до 30 минут,TK 413 
2026-07-19,Россия,Выдача до 30 минут,ФВ 6007 
2026-07-19,Pegasus,Выдача до 30 минут,PC 1576 
2026-07-19,AZAL,Выдача от 30 до 40 минут,J2 5830 
2026-07-19,Россия,Выдача до 30 минут,ФВ 6003 
2026-07-19,GEORGIAN AIRWAYS,Выдача до 30 минут,AZO 7008P
2026-07-19,Победа,Выдача до 30 минут,ДР 434 
2026-07-19,Победа,Выдача до 30 минут,ДР 436 
2026-07-19,Pegasus,Выдача до 30 минут,PC 386 
2026-07-19,Nesma Airlines,Выдача от 30 до 40 минут,NE 618 
2026-07-19,GEORGIAN AIRWAYS,Выдача до 30 минут,AZO 7154 
2026-07-19,Turkish Airlines,Выдача до 30 минут,TK 3006 
2026-07-19,Победа,Выдача до 30 минут,ДР 414 
2026-07-19,Turkish Airlines,Выдача до 30 минут,TK 3154 
2026-07-19,Nesma Airlines,Выдача до 30 минут,NE 600 
2026-07-19,Ютэйр,Выдача более 40 минут,ЮТ 764 
2026-07-19,Азимут,Выдача до 30 минут,А4 7036 
2026-07-19,UZBEKISTAN AIRWAYS,Выдача до 30 минут,ХИ 9613 
2026-07-19,AJET,Выдача до 30 минут,VF 587 
2026-07-19,GEORGIAN AIRWAYS,Выдача до 30 минут,ЖГ 932 
2026-07-19,Turkish Airlines,Выдача до 30 минут,TK 3122 
2026-07-19,Pegasus,Выдача до 30 минут,PC 1521 
2026-07-19,FLYONE Armenia,Выдача до 30 минут,3F 321 
2026-07-20,Turkish Airlines,Выдача до 30 минут,TK 419 
2026-07-20,Ютэйр,Выдача до 30 минут,УТА 6134 
2026-07-20,Turkish Airlines,Выдача до 30 минут,TK 3084 
2026-07-20,Nesma Airlines,Выдача до 30 минут,NE 644 
2026-07-20,Turkish Airlines,Выдача до 30 минут,TK 3172 
2026-07-20,Turkish Airlines,Выдача до 30 минут,TK 3036 
2026-07-20,Pegasus,Выдача до 30 минут,PC 390 
2026-07-20,Nesma Airlines,Выдача до 30 минут,NE 610 
2026-07-20,Ютэйр,Выдача до 30 минут,ЮТ 786 
2026-07-20,Turkish Airlines,Выдача до 30 минут,TK 3002 
2026-07-20,Turkish Airlines,Выдача от 30 до 40 минут,TK 421 
2026-07-20,FLYONE Armenia,Выдача до 30 минут,3F 323 
2026-07-20,Turkish Airlines,Выдача до 30 минут,TK 217 
2026-07-20,GEORGIAN AIRWAYS,Выдача до 30 минут,AZO 7008 
2026-07-20,Победа,Выдача до 30 минут,ДР 434 
2026-07-20,Turkish Airlines,Выдача до 30 минут,TK 3014 
2026-07-20,Pegasus,Выдача от 30 до 40 минут,PC 1521 
2026-07-20,Pegasus,Выдача до 30 минут,PC 1458 
2026-07-20,Turkish Airlines,Выдача до 30 минут,TK 3154 
2026-07-20,GEORGIAN AIRWAYS,Выдача до 30 минут,ЖГ 932 
2026-07-20,Turkish Airlines,Выдача до 30 минут,TK 3006 
2026-07-20,Ютэйр,Выдача до 30 минут,ЮТ 376 
2026-07-20,Turkish Airlines,Выдача до 30 минут,TK 3122 
2026-07-20,Победа,Выдача до 30 минут,ДР 262 
2026-07-20,Pegasus,Выдача до 30 минут,PC 386 
2026-07-20,Turkish Airlines,Выдача до 30 минут,TK 3178 
2026-07-20,Россия,Выдача до 30 минут,ФВ 6161 
2026-07-20,Якутия,Выдача до 30 минут,ЯК 473 
2026-07-20,Pegasus,Выдача до 30 минут,PC 1456 
2026-07-20,Turkish Airlines,Выдача до 30 минут,TK 409 
2026-07-20,Nesma Airlines,Выдача до 30 минут,NE 600 
2026-07-20,AZAL,Выдача до 30 минут,J2 809 
2026-07-20,Россия,Выдача до 30 минут,ФВ 6189 
2026-07-20,Asia Union Airlines,Выдача до 30 минут,7Q 1777 
2026-07-20,Якутия,Выдача до 30 минут,ЯК 688 
2026-07-20,AJET,Выдача от 30 до 40 минут,VF 275 
2026-07-20,Уральские Авиалинии,Некорректно проставлены отметки,У6 438 
2026-07-20,AJET,Выдача до 30 минут,VF 277 
2026-07-20,AJET,Выдача до 30 минут,VF 587 
2026-07-20,Победа,Выдача до 30 минут,ДР 190 
2026-07-20,Ютэйр,Выдача до 30 минут,ЮТ 572 
2026-07-20,Ютэйр,Выдача до 30 минут,ЮТ 560 
2026-07-20,Россия,Выдача до 30 минут,ФВ 6007 
2026-07-20,Россия,Выдача до 30 минут,ФВ 6051 
2026-07-20,FLYONE Armenia,Выдача до 30 минут,3F 321 
2026-07-20,Turkish Airlines,Выдача до 30 минут,TK 407 
2026-07-20,Ютэйр,Выдача до 30 минут,ЮТ 352 
2026-07-20,Якутия,Выдача до 30 минут,ЯК 474 
2026-07-20,Aero Nomad,Выдача от 30 до 40 минут,КГ 555 
2026-07-20,Ютэйр,Выдача до 30 минут,ЮТ 364 
2026-07-20,GEORGIAN AIRWAYS,Выдача до 30 минут,ЖГ 936 
2026-07-20,Вологодское АП,Не определено,ВГ 2390 
2026-07-20,Ютэйр,Выдача до 30 минут,ЮТ 248 
2026-07-20,АЗУР эйр,Выдача до 30 минут,AZV 3002 
2026-07-20,Ютэйр,Выдача до 30 минут,ЮТ 446 
2026-07-20,Победа,Выдача до 30 минут,ДР 414 
2026-07-20,Алроса,Выдача до 30 минут,ЯМ 597 
2026-07-20,Ютэйр,Выдача до 30 минут,ЮТ 356 
2026-07-20,Россия,Выдача до 30 минут,ФВ 6009 
2026-07-20,Россия,Выдача до 30 минут,ФВ 6013 
2026-07-20,Победа,Выдача до 30 минут,PBD 980 
2026-07-20,Red Sea,Выдача до 30 минут,4S 311 
2026-07-20,AZAL,Выдача до 30 минут,J2 803 
2026-07-20,AJET,Не определено,VSV 3410 
2026-07-20,Россия,Выдача до 30 минут,ФВ 6185 
2026-07-20,Pegasus,Выдача до 30 минут,PC 1580 
2026-07-20,SCAT Airlines,Выдача до 30 минут,DV 813 
2026-07-20,ЮВТ АЭРО,Выдача до 30 минут,ЮВ 301 
2026-07-20,Победа,Выдача до 30 минут,ДР 968 
2026-07-20,Россия,Выдача до 30 минут,ФВ 6003 
2026-07-20,AZAL,Выдача до 30 минут,J2 5830 
2026-07-20,Белавиа,Выдача до 30 минут,В2 981 
2026-07-20,SCAT Airlines,Выдача от 30 до 40 минут,DV 801 
2026-07-20,Победа,Выдача до 30 минут,ДР 200 
2026-07-20,Азимут,Выдача до 30 минут,А4 7020 
2026-07-20,Россия,Выдача до 30 минут,ФВ 6005 
2026-07-20,Ютэйр,Выдача до 30 минут,УТА 9026 
2026-07-20,Победа,Некорректно проставлены отметки,ДР 714 
2026-07-20,Победа,Выдача до 30 минут,ДР 466 
2026-07-20,Pegasus,Выдача от 30 до 40 минут,PC 1576 
2026-07-20,Северо-Запад,Выдача до 30 минут,НВЦ 9152 
2026-07-20,Руслайн,Выдача до 30 минут,РГ 194 
2026-07-20,Turkish Airlines,Выдача до 30 минут,TK 3026 
2026-07-20,Ютэйр,Выдача до 30 минут,ЮТ 276 
2026-07-20,Победа,Выдача до 30 минут,ДР 114 
2026-07-20,Россия,Выдача до 30 минут,ФВ 6175 
2026-07-20,Turkish Airlines,Выдача до 30 минут,TK 3160 
2026-07-20,Ютэйр,Выдача до 30 минут,ЮТ 374 
2026-07-20,Turkish Airlines,Выдача до 30 минут,TK 417 
2026-07-20,Россия,Выдача до 30 минут,ФВ 6027 
2026-07-20,GEORGIAN AIRWAYS,Выдача до 30 минут,ЖГ 926 
2026-07-20,Turkish Airlines,Выдача до 30 минут,TK 415 
2026-07-20,flydubai,Выдача до 30 минут,FZ 989 
2026-07-20,Азимут,Выдача до 30 минут,А4 7010 
2026-07-20,Победа,Выдача до 30 минут,PBD 860 
2026-07-20,Победа,Выдача до 30 минут,ДР 964 
2026-07-20,Победа,Выдача до 30 минут,ДР 856 
2026-07-20,Red Sea,Выдача до 30 минут,4S 341 
2026-07-20,GEORGIAN AIRWAYS,Не определено,ЖГЖ 9576 
2026-07-20,АЗУР эйр,Выдача от 30 до 40 минут,AZV 3004 
2026-07-20,Победа,Выдача до 30 минут,ДР 996 
2026-07-20,Россия,Выдача до 30 минут,ФВ 6025 
2026-07-20,Газпром авиа,Выдача до 30 минут,ГЗП 252 
2026-07-20,Белавиа,Выдача до 30 минут,В2 979 
2026-07-20,Shirak Avia,Выдача до 30 минут,ЮБГ 509 
2026-07-20,FLYONE Armenia,Выдача до 30 минут,3F 325 
2026-07-20,Россия,Выдача до 30 минут,ФВ 6031 
2026-07-20,Алроса,Выдача до 30 минут,ЯМ 543 
2026-07-20,Ютэйр,Выдача более 40 минут,ЮТ 802 
2026-07-20,Россия,Выдача до 30 минут,ФВ 6037 
2026-07-20,Россия,Выдача до 30 минут,ФВ 6177 
2026-07-20,Победа,Выдача до 30 минут,ДР 116 
2026-07-20,Газпром авиа,Некорректно проставлены отметки,ГЗП 706 
2026-07-20,Ютэйр,Выдача до 30 минут,ЮТ 464 
2026-07-20,Ютэйр,Выдача до 30 минут,ЮТ 456 
2026-07-20,Ютэйр,Выдача до 30 минут,ЮТ 746 
2026-07-20,Ютэйр,Выдача до 30 минут,ЮТ 400 
2026-07-20,Победа,Выдача до 30 минут,PBD 840 
2026-07-20,Pegasus,Выдача до 30 минут,PC 388 
2026-07-20,Победа,Выдача до 30 минут,ДР 836 
2026-07-20,Turkish Airlines,Выдача до 30 минут,TK 211 
2026-07-20,SCAT Airlines,Выдача до 30 минут,DV 809 
2026-07-20,Nesma Airlines,Выдача до 30 минут,NE 618 
2026-07-20,Победа,Выдача до 30 минут,ДР 742 
2026-07-20,Red Sea,Выдача до 30 минут,4S 337 
2026-07-20,Победа,Выдача до 30 минут,ДР 436 
2026-07-20,Россия,Выдача до 30 минут,ФВ 6019 
2026-07-20,UZBEKISTAN AIRWAYS,Выдача до 30 минут,ХИ 9813 
2026-07-20,Ютэйр,Выдача до 30 минут,ЮТ 454 
2026-07-20,UZBEKISTAN AIRWAYS,Выдача до 30 минут,ХИ 9627 
2026-07-20,UZBEKISTAN AIRWAYS,Выдача до 30 минут,ХИ 9607 
2026-07-20,UZBEKISTAN AIRWAYS,Выдача до 30 минут,ХИ 613 
2026-07-20,Turkish Airlines,Выдача до 30 минут,TK 413 
2026-07-20,Северо-Запад,Выдача до 30 минут,НВЦ 9158 
2026-07-20,Ютэйр,Выдача до 30 минут,ЮТ 810 
2026-07-20,Turkish Airlines,Выдача до 30 минут,TK 1231 
2026-07-20,Turkish Airlines,Выдача от 30 до 40 минут,TK 411 
2026-07-20,AZAL,Выдача до 30 минут,J2 807 
2026-07-20,Победа,Выдача до 30 минут,ДР 484 
2026-07-20,Ютэйр,Выдача до 30 минут,ЮТ 296 
2026-07-20,Азимут,Выдача до 30 минут,А4 7030 
2026-07-20,Победа,Выдача до 30 минут,PBD 736 
2026-07-20,Победа,Выдача до 30 минут,ДР 158 
2026-07-20,flydubai,Выдача от 30 до 40 минут,FZ 987 
2026-07-20,FLYONE Armenia,Выдача до 30 минут,УР 514 
2026-07-20,Победа,Выдача до 30 минут,ДР 994 
2026-07-20,Россия,Выдача до 30 минут,ФВ 6183 
2026-07-20,UZBEKISTAN AIRWAYS,Выдача до 30 минут,ХИ 9619 
2026-07-20,Россия,Выдача до 30 минут,ФВ 6181 
2026-07-20,Ютэйр,Выдача до 30 минут,ЮТ 180 
2026-07-20,SCAT Airlines,Выдача до 30 минут,DV 815 
2026-07-20,Ютэйр,Выдача до 30 минут,ЮТ 398 
2026-07-20,Победа,Выдача до 30 минут,ДР 422 
2026-07-20,ЮВТ АЭРО,Выдача до 30 минут,ЮВ 204 
2026-07-20,Ютэйр,Выдача до 30 минут,ЮТ 250 
2026-07-20,Turkish Airlines,Выдача до 30 минут,TK 3060 
2026-07-20,GEORGIAN AIRWAYS,Выдача до 30 минут,AZO 7054 
2026-07-20,Россия,Выдача до 30 минут,ФВ 6179 
2026-07-20,UZBEKISTAN AIRWAYS,Выдача до 30 минут,ХИ 605 
2026-07-21,Победа,Выдача до 30 минут,ДР 466 
2026-07-21,Россия,Выдача до 30 минут,ФВ 6005 
2026-07-21,AZAL,Выдача до 30 минут,J2 807 
2026-07-21,Turkish Airlines,Выдача от 30 до 40 минут,TK 413 
2026-07-21,Red Sea,Выдача до 30 минут,4S 315 
2026-07-21,SCAT Airlines,Выдача до 30 минут,DV 809 
2026-07-21,Ютэйр,Выдача до 30 минут,ЮТ 364 
2026-07-21,AJET,Выдача от 30 до 40 минут,VF 275 
2026-07-21,Победа,Выдача до 30 минут,ДР 486 
2026-07-21,Turkish Airlines,Выдача до 30 минут,TK 3036 
2026-07-21,Азимут,Выдача до 30 минут,А4 7036 
2026-07-21,Россия,Выдача до 30 минут,ФВ 6189 
2026-07-21,Победа,Выдача до 30 минут,ДР 206 
2026-07-21,Turkish Airlines,Выдача до 30 минут,TK 421 
2026-07-21,Turkish Airlines,Выдача до 30 минут,TK 3084 
2026-07-21,Pegasus,Выдача до 30 минут,PC 1521 
2026-07-21,Россия,Выдача до 30 минут,ФВ 6051 
2026-07-21,Якутия,Выдача до 30 минут,ЯК 473 
2026-07-21,Nesma Airlines,Выдача до 30 минут,NE 642 
2026-07-21,Победа,Некорректно проставлены отметки,ДР 208 
2026-07-21,Turkish Airlines,Выдача до 30 минут,TK 3122 
2026-07-21,Pegasus,Выдача до 30 минут,PC 386 
2026-07-21,FLYONE Armenia,Выдача до 30 минут,3F 323 
2026-07-21,АЗУР эйр,Не определено,АЗЖ 6692 
2026-07-21,AJET,Выдача до 30 минут,VF 587 
2026-07-21,Pegasus,Выдача до 30 минут,PC 1456 
2026-07-21,Nesma Airlines,Выдача до 30 минут,NE 602 
2026-07-21,AJET,Выдача до 30 минут,VF 277 
2026-07-21,Turkish Airlines,Выдача до 30 минут,TK 419 
2026-07-21,Pegasus,Выдача до 30 минут,PC 390 
2026-07-21,Turkish Airlines,Выдача до 30 минут,TK 3154 
2026-07-21,Победа,Выдача до 30 минут,ДР 170 
2026-07-21,Nesma Airlines,Выдача до 30 минут,NE 604 
2026-07-21,Победа,Выдача до 30 минут,ДР 210B
2026-07-21,GEORGIAN AIRWAYS,Выдача до 30 минут,AZO 7008 
2026-07-21,GEORGIAN AIRWAYS,Выдача до 30 минут,ЖГ 932 
2026-07-21,Победа,Выдача до 30 минут,ДР 414 
2026-07-21,Turkish Airlines,Выдача до 30 минут,TK 3006 
2026-07-21,FLYONE Armenia,Выдача до 30 минут,3F 321 
2026-07-21,Ютэйр,Выдача до 30 минут,ЮТ 808 
2026-07-21,Pegasus,Выдача до 30 минут,PC 1458 
2026-07-21,Turkish Airlines,Выдача до 30 минут,TK 407 
2026-07-21,Победа,Выдача до 30 минут,ДР 6532 
2026-07-21,Ютэйр,Выдача до 30 минут,ЮТ 786 
2026-07-21,Победа,Выдача до 30 минут,ДР 434 
2026-07-21,Победа,Выдача до 30 минут,ДР 436 
2026-07-21,Победа,Выдача до 30 минут,ДР 730 
2026-07-21,GEORGIAN AIRWAYS,Некорректно проставлены отметки,AZO 7072 
2026-07-21,Turkish Airlines,Выдача до 30 минут,TK 3178 
2026-07-21,FLYONE Armenia,Выдача от 30 до 40 минут,УР 412 
2026-07-21,Turkish Airlines,Выдача до 30 минут,TK 217 
2026-07-21,Россия,Выдача до 30 минут,ФВ 6007 
2026-07-21,Turkish Airlines,Выдача до 30 минут,TK 3014 
2026-07-21,Россия,Выдача до 30 минут,ФВ 6003 
2026-07-21,Nesma Airlines,Выдача до 30 минут,NE 614 
2026-07-21,SCAT Airlines,Выдача до 30 минут,DV 801 
2026-07-21,Ютэйр,Выдача до 30 минут,ЮТ 358 
2026-07-21,Ютэйр,Выдача до 30 минут,ЮТ 572 
2026-07-21,Ютэйр,Выдача до 30 минут,ЮТ 400 
2026-07-21,GEORGIAN AIRWAYS,Выдача до 30 минут,ЖГ 936 
2026-07-21,Nesma Airlines,Выдача до 30 минут,NE 620 
2026-07-21,Ютэйр,Выдача до 30 минут,ЮТ 454 
2026-07-21,UZBEKISTAN AIRWAYS,Выдача до 30 минут,ХИ 9607 
2026-07-21,UZBEKISTAN AIRWAYS,Выдача до 30 минут,ХИ 9615 
2026-07-21,Белавиа,Выдача до 30 минут,В2 981 
2026-07-21,Победа,Некорректно проставлены отметки,ДР 6930 
2026-07-21,Победа,Выдача до 30 минут,ДР 714 
2026-07-21,Победа,Выдача до 30 минут,ДР 264 
2026-07-21,Победа,Выдача до 30 минут,ДР 194 
2026-07-21,Ютэйр,Выдача до 30 минут,ЮТ 560 
2026-07-21,Ютэйр,Выдача до 30 минут,ЮТ 356 
2026-07-21,Ютэйр,Выдача до 30 минут,ЮТ 352 
2026-07-21,Вологодское АП,Не определено,ВГ 2390 
2026-07-21,GEORGIAN AIRWAYS,Выдача до 30 минут,AZO 7108 
2026-07-21,Якутия,Выдача до 30 минут,ЯК 474 
2026-07-21,Turkish Airlines,Выдача до 30 минут,TK 3002 
2026-07-21,Не найдено,Выдача от 30 до 40 минут,TC 422 
2026-07-21,Ютэйр,Выдача до 30 минут,ЮТ 248 
2026-07-21,Ютэйр,Выдача до 30 минут,ЮТ 746 
2026-07-21,UZBEKISTAN AIRWAYS,Выдача до 30 минут,ХИ 9627 
2026-07-21,Turkish Airlines,Выдача до 30 минут,TK 3192 
2026-07-21,Газпром авиа,Выдача до 30 минут,ГЗП 292 
2026-07-21,GEORGIAN AIRWAYS,Выдача до 30 минут,ЖГ 937 
2026-07-21,Алроса,Выдача до 30 минут,ЯМ 543 
2026-07-21,Россия,Выдача до 30 минут,ФВ 6025 
2026-07-21,Turkish Airlines,Выдача до 30 минут,TK 417 
2026-07-21,АЗУР эйр,Выдача до 30 минут,AZV 3006 
2026-07-21,Победа,Выдача от 30 до 40 минут,ДР 856 
2026-07-21,Pegasus,Выдача до 30 минут,PC 388 
2026-07-21,Азимут,Выдача до 30 минут,А4 7030 
2026-07-21,flydubai,Выдача до 30 минут,FZ 989 
2026-07-21,Shirak Avia,Выдача до 30 минут,ЮБГ 509 
2026-07-21,Ютэйр,Выдача до 30 минут,ЮТ 334 
2026-07-21,Северо-Запад,Выдача более 40 минут,НВЦ 9152 
2026-07-21,Ютэйр,Выдача до 30 минут,ЮТ 744 
2026-07-21,Россия,Выдача до 30 минут,ФВ 6177 
2026-07-21,Turkish Airlines,Выдача до 30 минут,TK 3070 
2026-07-21,Россия,Выдача до 30 минут,ФВ 6009 
2026-07-21,Ютэйр,Выдача до 30 минут,ЮТ 464 
2026-07-21,Ютэйр,Выдача до 30 минут,ЮТ 802 
2026-07-21,Ютэйр,Выдача до 30 минут,ЮТ 296 
2026-07-21,UZBEKISTAN AIRWAYS,Выдача до 30 минут,ХИ 9619 
2026-07-21,UZBEKISTAN AIRWAYS,Выдача до 30 минут,ХИ 613 
2026-07-21,Россия,Выдача до 30 минут,ФВ 6181 
2026-07-21,Победа,Выдача до 30 минут,PBD 736 
2026-07-21,Ютэйр,Выдача до 30 минут,ЮТ 250 
2026-07-21,Победа,Выдача до 30 минут,PBD 980 
2026-07-21,Ютэйр,Выдача до 30 минут,ЮТ 374 
2026-07-21,Победа,Выдача до 30 минут,PBD 860 
2026-07-21,Россия,Выдача до 30 минут,ФВ 6037 
2026-07-21,Ютэйр,Выдача до 30 минут,ЮТ 784B
2026-07-21,Россия,Выдача до 30 минут,ФВ 6175 
2026-07-21,Якутия,Выдача до 30 минут,ЯК 688 
2026-07-21,FLYONE Armenia,Выдача до 30 минут,3F 325 
2026-07-21,Turkish Airlines,Выдача до 30 минут,TK 415 
2026-07-21,Якутия,Выдача от 30 до 40 минут,ЯК 736 
2026-07-21,Turkish Airlines,Выдача до 30 минут,TK 1231 
2026-07-21,Turkish Airlines,Выдача до 30 минут,TK 3012 
2026-07-21,Победа,Выдача до 30 минут,ДР 262 
2026-07-21,UZBEKISTAN AIRWAYS,Выдача до 30 минут,ХИ 605 
2026-07-21,AZAL,Выдача до 30 минут,J2 809 
2026-07-21,Turkish Airlines,Выдача до 30 минут,TK 211 
2026-07-21,Turkish Airlines,Выдача до 30 минут,TK 6885 
2026-07-21,AJET,Выдача от 30 до 40 минут,VSV 3414 
2026-07-21,flydubai,Выдача до 30 минут,FZ 987 
2026-07-21,Ютэйр,Выдача до 30 минут,ЮТ 376 
2026-07-21,Turkish Airlines,Некорректно проставлены отметки,TK 409 
2026-07-21,GEORGIAN AIRWAYS,Выдача до 30 минут,ЖГ 926 
2026-07-21,Ютэйр,Выдача до 30 минут,ЮТ 398 
2026-07-21,Победа,Выдача до 30 минут,ДР 404 
2026-07-21,FLYONE Armenia,Выдача до 30 минут,УР 512 
2026-07-21,Ютэйр,Выдача до 30 минут,УТА 9026 
2026-07-21,Ютэйр,Выдача до 30 минут,ЮТ 576 
2026-07-21,SCAT Airlines,Выдача до 30 минут,DV 815 
2026-07-21,Победа,Выдача до 30 минут,ДР 964 
2026-07-21,Победа,Выдача до 30 минут,ДР 158 
2026-07-21,Газпром авиа,Выдача до 30 минут,ГЗП 9642 
2026-07-21,Победа,Выдача до 30 минут,ДР 160 
2026-07-21,Белавиа,Выдача до 30 минут,В2 979 
2026-07-21,Ютэйр,Выдача до 30 минут,ЮТ 784 
2026-07-21,Россия,Выдача до 30 минут,ФВ 6185 
2026-07-21,Nesma Airlines,Выдача до 30 минут,NE 610 
2026-07-21,Победа,Выдача до 30 минут,ДР 190 
2026-07-21,AZAL,Некорректно проставлены отметки,J2 805 
2026-07-21,GEORGIAN AIRWAYS,Выдача до 30 минут,AZO 7054 
2026-07-21,Turkish Airlines,Выдача до 30 минут,TK 411 
2026-07-21,Россия,Выдача до 30 минут,ФВ 6183 
2026-07-21,SCAT Airlines,Выдача до 30 минут,DV 813 
2026-07-21,Россия,Выдача до 30 минут,ФВ 6027 
2026-07-21,Победа,Выдача до 30 минут,ДР 116 
2026-07-21,Руслайн,Выдача до 30 минут,РГ 194 
2026-07-21,Победа,Выдача до 30 минут,ДР 836 
2026-07-21,Россия,Выдача до 30 минут,ФВ 6179 
2026-07-21,Азимут,Выдача до 30 минут,А4 7010 
2026-07-21,Победа,Выдача до 30 минут,PBD 840 
2026-07-21,Победа,Выдача до 30 минут,ДР 114 
2026-07-22,Победа,Выдача до 30 минут,ДР 408 
2026-07-22,Turkish Airlines,Выдача от 30 до 40 минут,TK 407 
2026-07-22,Победа,Выдача до 30 минут,ДР 414 
2026-07-22,Ютэйр,Выдача до 30 минут,ЮТ 810B
2026-07-22,Победа,Выдача до 30 минут,ДР 170 
2026-07-22,Turkish Airlines,Выдача до 30 минут,TK 3084 
2026-07-22,Pegasus,Выдача от 30 до 40 минут,PC 1576 
2026-07-22,Победа,Выдача до 30 минут,ДР 422 
2026-07-22,AZAL,Выдача до 30 минут,J2 805 
2026-07-22,Ютэйр,Выдача до 30 минут,ЮТ 358 
2026-07-22,Nesma Airlines,Выдача до 30 минут,NE 606 
2026-07-22,Россия,Выдача до 30 минут,ФВ 6169 
2026-07-22,Ютэйр,Выдача до 30 минут,ЮТ 464 
2026-07-22,Победа,Выдача до 30 минут,ДР 836 
2026-07-22,Россия,Выдача до 30 минут,ФВ 6037 
2026-07-22,Pegasus,Выдача до 30 минут,PC 1521 
2026-07-22,Победа,Некорректно проставлены отметки,ДР 1994 
2026-07-22,Победа,Выдача до 30 минут,ДР 264 
2026-07-22,GEORGIAN AIRWAYS,Выдача до 30 минут,ЖГ 932 
2026-07-22,Победа,Выдача до 30 минут,ДР 968 
2026-07-22,Turkish Airlines,Выдача от 30 до 40 минут,TK 3002 
2026-07-22,FLYONE Armenia,Выдача до 30 минут,3F 323 
2026-07-22,Red Sea,Выдача до 30 минут,4S 319 
2026-07-22,Nesma Airlines,Выдача до 30 минут,NE 638 
2026-07-22,AJET,Выдача до 30 минут,VF 587 
2026-07-22,Pegasus,Выдача до 30 минут,PC 386 
2026-07-22,Turkish Airlines,Выдача до 30 минут,TK 3036 
2026-07-22,Turkish Airlines,Выдача до 30 минут,TK 3014 
2026-07-22,Turkish Airlines,Выдача до 30 минут,TK 419 
2026-07-22,Победа,Выдача до 30 минут,ДР 1422 
2026-07-22,АЗУР эйр,Выдача от 30 до 40 минут,AZV 3010 
2026-07-22,GEORGIAN AIRWAYS,Выдача до 30 минут,AZO 7054 
2026-07-22,Turkish Airlines,Выдача до 30 минут,TK 3024 
2026-07-22,Азимут,Некорректно проставлены отметки,А4 7036 
2026-07-22,Ютэйр,Выдача до 30 минут,ЮТ 784 
2026-07-22,Pegasus,Выдача до 30 минут,PC 1580 
2026-07-22,Победа,Выдача до 30 минут,ДР 434 
2026-07-22,Победа,Выдача до 30 минут,ДР 734 
2026-07-22,Победа,Выдача до 30 минут,ДР 742 
2026-07-22,Победа,Выдача до 30 минут,ДР 436 
2026-07-22,Pegasus,Выдача до 30 минут,PC 1456 
2026-07-22,GEORGIAN AIRWAYS,Выдача от 30 до 40 минут,AZO 7008 
2026-07-22,AJET,Выдача от 30 до 40 минут,VF 277 
2026-07-22,Ютэйр,Выдача более 40 минут,ЮТ 786 
2026-07-22,UZBEKISTAN AIRWAYS,Выдача до 30 минут,ХИ 9615 
2026-07-22,Ютэйр,Выдача до 30 минут,ЮТ 572 
2026-07-22,Nesma Airlines,Выдача до 30 минут,NE 640 
2026-07-22,Turkish Airlines,Выдача до 30 минут,TK 217 
2026-07-22,Ютэйр,Выдача до 30 минут,ЮТ 454 
2026-07-22,Ютэйр,Выдача до 30 минут,ЮТ 248 
2026-07-22,FLYONE Armenia,Выдача до 30 минут,3F 321 
2026-07-22,Ютэйр,Выдача до 30 минут,ЮТ 560 
2026-07-22,Ютэйр,Выдача до 30 минут,ЮТ 356 
2026-07-22,Aero Nomad,Выдача до 30 минут,КГ 555 
2026-07-22,Алроса,Выдача до 30 минут,ЯМ 597 
2026-07-22,Pegasus,Выдача до 30 минут,PC 390 
2026-07-22,Shirak Avia,Выдача от 30 до 40 минут,SHS 9202 
2026-07-22,Россия,Выдача до 30 минут,ФВ 6009 
2026-07-22,Turkish Airlines,Выдача до 30 минут,TK 6887 
2026-07-22,SCAT Airlines,Выдача до 30 минут,DV 801 
2026-07-22,Ютэйр,Выдача до 30 минут,ЮТ 446 
2026-07-22,Россия,Выдача до 30 минут,ФВ 6005 
2026-07-22,GEORGIAN AIRWAYS,Выдача до 30 минут,ЖГ 936 
2026-07-22,Руслайн,Выдача до 30 минут,РГ 194 
2026-07-22,Turkish Airlines,Выдача до 30 минут,TK 3006A
2026-07-22,GEORGIAN AIRWAYS,Выдача до 30 минут,AZO 7108 
2026-07-22,Nesma Airlines,Выдача до 30 минут,NE 600 
2026-07-22,Turkish Airlines,Выдача до 30 минут,TK 3030 
2026-07-22,Победа,Выдача до 30 минут,ДР 466 
2026-07-22,Turkish Airlines,Выдача от 30 до 40 минут,TK 413 
2026-07-22,Россия,Выдача до 30 минут,ФВ 6007 
2026-07-22,AZAL,Выдача до 30 минут,J2 807 
2026-07-22,Turkish Airlines,Выдача до 30 минут,TK 3070 
2026-07-22,Turkish Airlines,Выдача до 30 минут,TK 1231 
2026-07-22,АЗУР эйр,Выдача до 30 минут,AZV 3002 
2026-07-22,Turkish Airlines,Выдача до 30 минут,TK 3172A
2026-07-22,Победа,Выдача до 30 минут,PBD 980 
2026-07-22,Россия,Выдача до 30 минут,ФВ 6189 
2026-07-22,Россия,Выдача до 30 минут,ФВ 6183 
2026-07-22,Ютэйр,Выдача до 30 минут,ЮТ 374 
2026-07-22,Ютэйр,Некорректно проставлены отметки,УТА 6316 
2026-07-22,Turkish Airlines,Выдача от 30 до 40 минут,TK 417 
2026-07-22,Победа,Выдача до 30 минут,ДР 116 
2026-07-22,Победа,Некорректно проставлены отметки,ДР 160 
2026-07-22,Алроса,Выдача до 30 минут,ЯМ 543 
2026-07-22,Северо-Запад,Выдача до 30 минут,НВЦ 9152 
2026-07-22,Turkish Airlines,Выдача до 30 минут,TK 415 
2026-07-22,Россия,Выдача до 30 минут,ФВ 6025 
2026-07-22,Ютэйр,Выдача от 30 до 40 минут,ЮТ 802 
2026-07-22,Turkish Airlines,Выдача до 30 минут,TK 3008 
2026-07-22,Turkish Airlines,Выдача до 30 минут,TK 3012 
2026-07-22,Победа,Выдача до 30 минут,ДР 188 
2026-07-22,Ютэйр,Выдача до 30 минут,ЮТ 364 
2026-07-22,GEORGIAN AIRWAYS,Выдача до 30 минут,AZO 7072 
2026-07-22,Вологодское АП,Не определено,ВГ 2390 
2026-07-22,Turkish Airlines,Выдача до 30 минут,TK 3082 
2026-07-22,Россия,Выдача до 30 минут,ФВ 6177 
2026-07-22,Азимут,Выдача до 30 минут,А4 7010 
2026-07-22,AJET,Выдача до 30 минут,VF 275 
2026-07-22,flydubai,Выдача до 30 минут,FZ 989 
2026-07-22,Якутия,Выдача до 30 минут,ЯК 778 
2026-07-22,Россия,Выдача до 30 минут,ФВ 6031 
2026-07-22,GEORGIAN AIRWAYS,Выдача до 30 минут,ЖГ 926 
2026-07-22,Ютэйр,Выдача до 30 минут,ЮТ 398 
2026-07-22,Россия,Выдача до 30 минут,ФВ 6175 
2026-07-22,Ютэйр,Выдача до 30 минут,ЮТ 400 
2026-07-22,Белавиа,Выдача до 30 минут,В2 981 
2026-07-22,Ютэйр,Выдача до 30 минут,ЮТ 596 
2026-07-22,UZBEKISTAN AIRWAYS,Выдача до 30 минут,ХИ 9607 
2026-07-22,Pegasus,Выдача до 30 минут,PC 1458 
2026-07-22,Turkish Airlines,Выдача до 30 минут,TK 3042 
2026-07-22,Turkish Airlines,Выдача до 30 минут,TK 3060 
2026-07-22,Turkish Airlines,Выдача до 30 минут,TK 3178 
2026-07-22,Победа,Выдача до 30 минут,ДР 114 
2026-07-22,Победа,Выдача до 30 минут,ДР 744 
2026-07-22,Победа,Выдача до 30 минут,PBD 840 
2026-07-22,Россия,Выдача до 30 минут,ФВ 6027 
2026-07-22,Газпром авиа,Выдача до 30 минут,ГЗП 204 
2026-07-22,Ютэйр,Выдача до 30 минут,УТА 9026 
2026-07-22,FLYONE Armenia,Выдача до 30 минут,УР 514 
2026-07-22,Россия,Выдача до 30 минут,ФВ 6179 
2026-07-22,UZBEKISTAN AIRWAYS,Выдача до 30 минут,ХИ 9627 
2026-07-22,Turkish Airlines,Выдача до 30 минут,TK 409 
2026-07-22,Победа,Выдача до 30 минут,ДР 194 
2026-07-22,Ютэйр,Выдача до 30 минут,ЮТ 296 
2026-07-22,Ютэйр,Некорректно проставлены отметки,ЮТ 180 
2026-07-22,Победа,Выдача до 30 минут,ДР 158 
2026-07-22,Aero Nomad,Выдача до 30 минут,КГ 503 
2026-07-22,Россия,Выдача до 30 минут,ФВ 6181 
2026-07-22,SCAT Airlines,Выдача до 30 минут,DV 815 
2026-07-22,Победа,Выдача до 30 минут,PBD 860 
2026-07-22,Nesma Airlines,Выдача до 30 минут,NE 616 
2026-07-22,Победа,Выдача до 30 минут,PBD 736 
2026-07-22,Nouvelair Tunisie,Выдача от 30 до 40 минут,BJ 804 
2026-07-22,UZBEKISTAN AIRWAYS,Выдача до 30 минут,ХИ 9619 
2026-07-22,Turkish Airlines,Выдача до 30 минут,TK 3164 
2026-07-22,UZBEKISTAN AIRWAYS,Выдача до 30 минут,ХИ 613 
2026-07-22,Ютэйр,Выдача до 30 минут,ЮТ 746 
2026-07-22,Газпром авиа,Выдача до 30 минут,ГЗП 496 
2026-07-22,Pegasus,Выдача до 30 минут,PC 388 
2026-07-22,Победа,Выдача до 30 минут,ДР 856 
2026-07-22,Белавиа,Выдача до 30 минут,В2 979 
2026-07-22,Turkish Airlines,Выдача до 30 минут,TK 6909 
2026-07-22,Победа,Выдача до 30 минут,ДР 206 
2026-07-22,Россия,Выдача до 30 минут,ФВ 6185 
2026-07-22,Ютэйр,Выдача до 30 минут,ЮТ 250 
2026-07-22,Turkish Airlines,Выдача до 30 минут,TK 3128 
2026-07-22,UZBEKISTAN AIRWAYS,Выдача до 30 минут,ХИ 605 
2026-07-22,flydubai,Выдача до 30 минут,FZ 987 
2026-07-22,Победа,Выдача до 30 минут,ДР 262 
2026-07-22,AZAL,Выдача до 30 минут,J2 809 
2026-07-22,Turkish Airlines,Выдача от 30 до 40 минут,TK 411 
2026-07-22,Turkish Airlines,Выдача до 30 минут,TK 211 
2026-07-22,Победа,Некорректно проставлены отметки,ДР 964 
2026-07-22,FLYONE Armenia,Выдача до 30 минут,3F 325 
2026-07-23,Победа,Некорректно проставлены отметки,ДР 408 
2026-07-23,Turkish Airlines,Выдача до 30 минут,TK 3002 
2026-07-23,Turkish Airlines,Выдача от 30 до 40 минут,TK 3060 
2026-07-23,Turkish Airlines,Выдача до 30 минут,TK 217 
2026-07-23,Pegasus,Выдача до 30 минут,PC 1576 
2026-07-23,Россия,Выдача от 30 до 40 минут,ФВ 6189 
2026-07-23,Победа,Выдача до 30 минут,ДР 994 
2026-07-23,AJET,Выдача до 30 минут,VF 275 
2026-07-23,FLYONE Armenia,Выдача до 30 минут,3F 323 
2026-07-23,Pegasus,Выдача до 30 минут,PC 1521 
2026-07-23,Turkish Airlines,Выдача до 30 минут,TK 3178 
2026-07-23,Turkish Airlines,Выдача до 30 минут,TK 3036 
2026-07-23,Turkish Airlines,Выдача до 30 минут,TK 3084 
2026-07-23,Turkish Airlines,Выдача до 30 минут,TK 3014 
2026-07-23,Победа,Выдача до 30 минут,ДР 210 
2026-07-23,Pegasus,Выдача от 30 до 40 минут,PC 1456 
2026-07-23,Red Sea,Выдача до 30 минут,4S 337 
2026-07-23,Turkish Airlines,Выдача до 30 минут,TK 3154A
2026-07-23,Ютэйр,Выдача до 30 минут,ЮТ 356 
2026-07-23,Nesma Airlines,Выдача до 30 минут,NE 490 
2026-07-23,Turkish Airlines,Выдача до 30 минут,TK 407 
2026-07-23,SCAT Airlines,Выдача до 30 минут,DV 813 
2026-07-23,AJET,Выдача до 30 минут,VF 587 
2026-07-23,Pegasus,Выдача до 30 минут,PC 386 
2026-07-23,Pegasus,Выдача до 30 минут,PC 1458 
2026-07-23,Победа,Выдача до 30 минут,ДР 414 
2026-07-23,AJET,Выдача до 30 минут,VF 277 
2026-07-23,Turkish Airlines,Выдача до 30 минут,TK 421A
2026-07-23,Победа,Выдача до 30 минут,ДР 434 
2026-07-23,Победа,Выдача до 30 минут,ДР 264 
2026-07-23,Pegasus,Выдача до 30 минут,PC 390 
2026-07-23,Turkish Airlines,Выдача до 30 минут,TK 3012 
2026-07-23,Ютэйр,Выдача до 30 минут,ЮТ 364 
2026-07-23,Победа,Выдача до 30 минут,ДР 208 
2026-07-23,Turkish Airlines,Выдача до 30 минут,TK 3006A
2026-07-23,GEORGIAN AIRWAYS,Выдача до 30 минут,ЖГ 932 
2026-07-23,Россия,Выдача до 30 минут,ФВ 6051 
2026-07-23,Победа,Выдача до 30 минут,ДР 732 
2026-07-23,ЮВТ АЭРО,Выдача до 30 минут,ЮВ 301 
2026-07-23,UZBEKISTAN AIRWAYS,Выдача до 30 минут,ХИ 9607 
2026-07-23,Победа,Выдача до 30 минут,ДР 730 
2026-07-23,Meraj Air,Выдача от 30 до 40 минут,MRJ 4879 
2026-07-23,Ютэйр,Выдача до 30 минут,ЮТ 454 
2026-07-23,Turkish Airlines,Выдача до 30 минут,TK 3122A
2026-07-23,Ютэйр,Выдача до 30 минут,ЮТ 352 
2026-07-23,Ютэйр,Выдача до 30 минут,ЮТ 248 
2026-07-23,Turkish Airlines,Выдача до 30 минут,TK 6895 
2026-07-23,SCAT Airlines,Выдача до 30 минут,DV 809 
2026-07-23,Победа,Выдача до 30 минут,ДР 744 
2026-07-23,Ютэйр,Выдача более 40 минут,ЮТ 786 
2026-07-23,Не найдено,Выдача до 30 минут,TC 422 
2026-07-23,Победа,Выдача до 30 минут,ДР 436 
2026-07-23,Россия,Не определено,ФВ 6003 
2026-07-23,GEORGIAN AIRWAYS,Выдача до 30 минут,AZO 7154 
2026-07-23,Россия,Выдача до 30 минут,ФВ 6013 
2026-07-23,Nesma Airlines,Выдача до 30 минут,NE 602 
2026-07-23,Turkish Airlines,Выдача до 30 минут,TK 419 
2026-07-23,Белавиа,Выдача до 30 минут,В2 981 
2026-07-23,UZBEKISTAN AIRWAYS,Выдача до 30 минут,ХИ 9615 
2026-07-23,GEORGIAN AIRWAYS,Выдача до 30 минут,AZO 7072 
2026-07-23,Ютэйр,Выдача до 30 минут,ЮТ 808 
2026-07-23,Победа,Выдача до 30 минут,ДР 714 
2026-07-23,Ютэйр,Выдача до 30 минут,ЮТ 560 
2026-07-23,Ютэйр,Некорректно проставлены отметки,ЮТ 572 
2026-07-23,Nesma Airlines,Выдача до 30 минут,NE 644 
2026-07-23,Россия,Выдача до 30 минут,ФВ 6005 
2026-07-23,Вологодское АП,Не определено,ВГ 2390 
2026-07-23,FLYONE Armenia,Выдача до 30 минут,3F 321 
2026-07-23,Turkish Airlines,Выдача до 30 минут,TK 413 
2026-07-23,AZAL,Выдача до 30 минут,J2 807 
2026-07-23,Aero Nomad,Выдача от 30 до 40 минут,КГ 555 
2026-07-23,Россия,Выдача до 30 минут,ФВ 6019 
2026-07-23,Ютэйр,Выдача до 30 минут,ЮТ 400 
2026-07-23,GEORGIAN AIRWAYS,Выдача до 30 минут,ЖГ 936 
2026-07-23,Россия,Выдача до 30 минут,ФВ 6007 
2026-07-23,Nesma Airlines,Выдача до 30 минут,NE 646 
2026-07-23,Turkish Airlines,Выдача до 30 минут,TK 1231 
2026-07-23,Ютэйр,Выдача до 30 минут,ЮТ 576 
2026-07-23,Победа,Выдача до 30 минут,ДР 114 
2026-07-23,Turkish Airlines,Выдача до 30 минут,TK 3066 
2026-07-23,Россия,Выдача до 30 минут,ФВ 6009 
2026-07-23,Победа,Выдача до 30 минут,ДР 404 
2026-07-23,Россия,Выдача до 30 минут,ФВ 6037 
2026-07-23,Алроса,Выдача до 30 минут,ЯМ 543 
2026-07-23,Turkish Airlines,Выдача до 30 минут,TK 417 
2026-07-23,ЮВТ АЭРО,Выдача до 30 минут,ЮВ 204 
2026-07-23,Россия,Выдача до 30 минут,ФВ 6027 
2026-07-23,Якутия,Выдача от 30 до 40 минут,ЯК 465 
2026-07-23,Азимут,Выдача до 30 минут,А4 7030 
2026-07-23,Turkish Airlines,Выдача до 30 минут,TK 411 
2026-07-23,Победа,Выдача до 30 минут,ДР 262 
2026-07-23,Россия,Выдача до 30 минут,ФВ 6025 
2026-07-23,АЗУР эйр,Выдача до 30 минут,AZV 3004 
2026-07-23,flydubai,Выдача до 30 минут,FZ 987 
2026-07-23,АЗУР эйр,Выдача до 30 минут,AZV 3008 
2026-07-23,Pegasus,Выдача до 30 минут,PC 388 
2026-07-23,Ютэйр,Выдача от 30 до 40 минут,ЮТ 802 
2026-07-23,Победа,Выдача до 30 минут,ДР 116 
2026-07-23,Россия,Выдача до 30 минут,ФВ 6031 
2026-07-23,Победа,Выдача до 30 минут,ДР 158 
2026-07-23,GEORGIAN AIRWAYS,Выдача до 30 минут,ЖГ 926 
2026-07-23,Победа,Выдача до 30 минут,ДР 836 
2026-07-23,Азимут,Выдача до 30 минут,А4 7010 
2026-07-23,Ютэйр,Выдача до 30 минут,ЮТ 744 
2026-07-23,Не найдено,Выдача до 30 минут,ЦПК 9803 
2026-07-23,Победа,Выдача до 30 минут,ДР 856 
2026-07-23,Россия,Выдача до 30 минут,ФВ 6175 
2026-07-23,Якутия,Выдача до 30 минут,ЯК 736 
2026-07-23,FLYONE Armenia,Выдача до 30 минут,3F 325 
2026-07-23,Ютэйр,Выдача до 30 минут,ЮТ 746 
2026-07-23,Ютэйр,Выдача до 30 минут,ЮТ 374 
2026-07-23,Газпром авиа,Выдача до 30 минут,ГЗП 262 
2026-07-23,GEORGIAN AIRWAYS,Некорректно проставлены отметки,AZO 7054 
2026-07-23,Ютэйр,Выдача до 30 минут,ЮТ 296 
2026-07-23,Turkish Airlines,Выдача до 30 минут,TK 3026 
2026-07-23,Nesma Airlines,Выдача до 30 минут,NE 614 
2026-07-23,UZBEKISTAN AIRWAYS,Выдача до 30 минут,ХИ 613 
2026-07-23,Ютэйр,Выдача до 30 минут,ЮТ 398 
2026-07-23,Red Sea,Выдача до 30 минут,4S 341 
2026-07-23,Turkish Airlines,Выдача до 30 минут,TK 415 
2026-07-23,Ютэйр,Выдача до 30 минут,ЮТ 376 
2026-07-23,Turkish Airlines,Выдача до 30 минут,TK 3070 
2026-07-23,Ютэйр,Выдача до 30 минут,ЮТ 464 
2026-07-23,AZAL,Выдача до 30 минут,J2 805 
2026-07-23,Победа,Выдача до 30 минут,ДР 996 
2026-07-23,UZBEKISTAN AIRWAYS,Выдача до 30 минут,ХИ 9619 
2026-07-23,UZBEKISTAN AIRWAYS,Выдача от 30 до 40 минут,ХИ 9627 
2026-07-23,Ютэйр,Выдача до 30 минут,ЮТ 726 
2026-07-23,SCAT Airlines,Выдача до 30 минут,DV 815 
2026-07-23,Россия,Выдача до 30 минут,ФВ 6179 
2026-07-23,FLYONE Armenia,Выдача до 30 минут,УР 512 
2026-07-23,Северо-Запад,Выдача до 30 минут,НВЦ 9152 
2026-07-23,Россия,Выдача до 30 минут,ФВ 6183 
2026-07-23,Ютэйр,Выдача до 30 минут,ЮТ 250 
2026-07-23,Россия,Выдача до 30 минут,ФВ 6181 
2026-07-23,Белавиа,Выдача до 30 минут,В2 985 
2026-07-23,Победа,Выдача до 30 минут,ДР 466 
2026-07-23,Азимут,Выдача до 30 минут,А4 7036 
2026-07-23,Белавиа,Выдача до 30 минут,В2 983 
2026-07-23,Pegasus,Выдача до 30 минут,PC 1580 
2026-07-23,Ютэйр,Выдача до 30 минут,ЮТ 784 
2026-07-23,Руслайн,Выдача до 30 минут,РГ 194 
2026-07-23,UZBEKISTAN AIRWAYS,Выдача до 30 минут,ХИ 605 
2026-07-23,GEORGIAN AIRWAYS,Выдача более 40 минут,ЖГ 937 
2026-07-23,Россия,Выдача до 30 минут,ФВ 6177 
2026-07-23,AZAL,Выдача от 30 до 40 минут,J2 809 
2026-07-23,Победа,Выдача до 30 минут,PBD 840 
2026-07-23,Россия,Выдача до 30 минут,ФВ 6169 
2026-07-23,Газпром авиа,Выдача до 30 минут,ГЗП 468 
2026-07-23,flydubai,Выдача до 30 минут,FZ 989 
2026-07-23,Победа,Выдача до 30 минут,PBD 860 
2026-07-23,Россия,Выдача до 30 минут,ФВ 6185 
2026-07-24,Алроса,Выдача до 30 минут,ЯМ 597 
2026-07-24,Победа,Выдача до 30 минут,ДР 486B
2026-07-24,Nesma Airlines,Выдача до 30 минут,NE 620 
2026-07-24,AJET,Выдача от 30 до 40 минут,VF 275 
2026-07-24,Ютэйр,Выдача до 30 минут,ЮТ 364 
2026-07-24,AJET,Выдача до 30 минут,VF 277 
2026-07-24,AZAL,Выдача до 30 минут,J2 807 
2026-07-24,GEORGIAN AIRWAYS,Некорректно проставлены отметки,AZO 7008 
2026-07-24,Победа,Выдача до 30 минут,ДР 194B
2026-07-24,Россия,Выдача до 30 минут,ФВ 6189 
2026-07-24,Pegasus,Выдача до 30 минут,PC 1576 
2026-07-24,Turkish Airlines,Выдача до 30 минут,TK 211 
2026-07-24,Turkish Airlines,Выдача от 30 до 40 минут,TK 3060 
2026-07-24,Turkish Airlines,Выдача до 30 минут,TK 3036 
2026-07-24,AZAL,Выдача более 40 минут,J2 5830 
2026-07-24,Turkish Airlines,Выдача от 30 до 40 минут,TK 421 
2026-07-24,Turkish Airlines,Выдача до 30 минут,TK 3084 
2026-07-24,FLYONE Armenia,Выдача до 30 минут,3F 323 
2026-07-24,Победа,Выдача до 30 минут,ДР 190B
2026-07-24,Победа,Выдача до 30 минут,ДР 206 
2026-07-24,Turkish Airlines,Выдача более 40 минут,TK 217 
2026-07-24,Nesma Airlines,Выдача до 30 минут,NE 640 
2026-07-24,Победа,Выдача до 30 минут,ДР 200 
2026-07-24,Turkish Airlines,Выдача от 30 до 40 минут,TK 3014 
2026-07-24,Turkish Airlines,Выдача до 30 минут,TK 3178 
2026-07-24,Победа,Выдача до 30 минут,ДР 734 
2026-07-24,Nesma Airlines,Выдача до 30 минут,NE 604 
2026-07-24,GEORGIAN AIRWAYS,Выдача до 30 минут,ЖГ 932 
2026-07-24,Red Sea,Выдача от 30 до 40 минут,4S 325 
2026-07-24,Победа,Выдача до 30 минут,ДР 264 
2026-07-24,Победа,Выдача от 30 до 40 минут,PBD 980B
2026-07-24,Pegasus,Выдача до 30 минут,PC 386 
2026-07-24,Turkish Airlines,Некорректно проставлены отметки,THY 3140 
2026-07-24,Россия,Не определено,СДМ 6232 
2026-07-24,Победа,Выдача до 30 минут,ДР 188 
2026-07-24,ЮВТ АЭРО,Выдача до 30 минут,ЮВ 303 
2026-07-24,AJET,Выдача до 30 минут,VF 587 
2026-07-24,Nesma Airlines,Выдача до 30 минут,NE 600 
2026-07-24,Pegasus,Выдача до 30 минут,PC 1456 
2026-07-24,Nesma Airlines,Выдача до 30 минут,NE 642 
2026-07-24,Turkish Airlines,Некорректно проставлены отметки,THY 3118 
2026-07-24,Turkish Airlines,Выдача до 30 минут,TK 419 
2026-07-24,Turkish Airlines,Выдача до 30 минут,TK 3006A
2026-07-24,GEORGIAN AIRWAYS,Выдача до 30 минут,AZO 7154 
2026-07-24,Turkish Airlines,Выдача до 30 минут,TK 3172A
2026-07-24,Nesma Airlines,Выдача до 30 минут,NE 618 
2026-07-24,Turkish Airlines,Выдача до 30 минут,TK 409 
2026-07-24,Победа,Выдача до 30 минут,ДР 170 
2026-07-24,Pegasus,Выдача от 30 до 40 минут,PC 1521 
2026-07-24,Turkish Airlines,Выдача до 30 минут,TK 3002 
2026-07-24,UZBEKISTAN AIRWAYS,Выдача до 30 минут,ХИ 9615 
2026-07-24,Победа,Выдача до 30 минут,ДР 414 
2026-07-24,Ютэйр,Выдача до 30 минут,ЮТ 572 
2026-07-24,Победа,Выдача до 30 минут,ДР 964B
2026-07-24,Ютэйр,Выдача до 30 минут,ЮТ 356 
2026-07-24,Белавиа,Выдача до 30 минут,В2 981 
2026-07-24,Ютэйр,Выдача до 30 минут,ЮТ 352 
2026-07-24,Победа,Выдача до 30 минут,ДР 1994 
2026-07-24,Якутия,Выдача до 30 минут,ЯК 479 
2026-07-24,Ютэйр,Выдача до 30 минут,ЮТ 358 
2026-07-24,Ютэйр,Выдача до 30 минут,ЮТ 454 
2026-07-24,SCAT Airlines,Выдача до 30 минут,DV 801 
2026-07-24,Ютэйр,Выдача до 30 минут,ЮТ 248 
2026-07-24,Pegasus,Выдача до 30 минут,PC 390 
2026-07-24,Победа,Выдача до 30 минут,ДР 434 
2026-07-24,Red Sea,Выдача до 30 минут,4S 315 
2026-07-24,Pegasus,Выдача до 30 минут,PC 1458 
2026-07-24,FLYONE Armenia,Выдача до 30 минут,3F 321 
2026-07-24,UZBEKISTAN AIRWAYS,Выдача до 30 минут,ХИ 9607 
2026-07-24,Aero Nomad,Выдача от 30 до 40 минут,КГ 555 
2026-07-24,Россия,Некорректно проставлены отметки,ФВ 6003 
2026-07-24,Ютэйр,Выдача до 30 минут,ЮТ 446 
2026-07-24,Россия,Выдача до 30 минут,ФВ 6013 
2026-07-24,Shirak Avia,Выдача до 30 минут,ЮБГ 809 
2026-07-24,Победа,Выдача до 30 минут,ДР 742 
2026-07-24,Ютэйр,Выдача до 30 минут,ЮТ 786 
2026-07-24,Turkish Airlines,Выдача до 30 минут,TK 407 
2026-07-24,Turkish Airlines,Выдача до 30 минут,TK 3154A
2026-07-24,Ютэйр,Выдача до 30 минут,ЮТ 790 
2026-07-24,Aero Nomad,Выдача до 30 минут,КГ 503 
2026-07-24,Победа,Выдача до 30 минут,ДР 436 
2026-07-24,Turkish Airlines,Выдача от 30 до 40 минут,TK 413 
2026-07-24,Asia Union Airlines,Выдача до 30 минут,7Q 1777 
2026-07-24,GEORGIAN AIRWAYS,Выдача до 30 минут,ЖГ 936 
2026-07-24,SCAT Airlines,Выдача до 30 минут,DV 809 
2026-07-24,GEORGIAN AIRWAYS,Выдача до 30 минут,AZO 7108 
2026-07-24,Россия,Выдача до 30 минут,ФВ 6005 
2026-07-24,flydubai,Выдача до 30 минут,FZ 987 
2026-07-24,Ютэйр,Выдача до 30 минут,ЮТ 398 
2026-07-24,Вологодское АП,Не определено,ВГ 2390 
2026-07-24,Россия,Выдача до 30 минут,ФВ 6027 
2026-07-24,Turkish Airlines,Выдача до 30 минут,TK 3008 
2026-07-24,Белавиа,Выдача до 30 минут,В2 979 
2026-07-24,АЗУР эйр,Выдача от 30 до 40 минут,AZV 3008 
2026-07-24,Алроса,Выдача до 30 минут,ЯМ 543 
2026-07-24,Победа,Выдача до 30 минут,ДР 160 
2026-07-24,Turkish Airlines,Выдача до 30 минут,TK 3122A
2026-07-24,GEORGIAN AIRWAYS,Выдача до 30 минут,ЖГ 926 
2026-07-24,Россия,Выдача до 30 минут,ФВ 6031 
2026-07-24,Газпром авиа,Выдача до 30 минут,ГЗП 260 
2026-07-24,Победа,Выдача до 30 минут,ДР 466 
2026-07-24,Ютэйр,Выдача до 30 минут,ЮТ 270 
2026-07-24,Ютэйр,Выдача до 30 минут,ЮТ 334 
2026-07-24,АЗУР эйр,Выдача до 30 минут,AZV 3002 
2026-07-24,Turkish Airlines,Выдача до 30 минут,TK 417 
2026-07-24,Победа,Выдача до 30 минут,ДР 856 
2026-07-24,АЗУР эйр,Выдача от 30 до 40 минут,AZV 2502 
2026-07-24,Pegasus,Выдача до 30 минут,PC 388 
2026-07-24,flydubai,Выдача до 30 минут,FZ 989 
2026-07-24,GEORGIAN AIRWAYS,Выдача до 30 минут,AZO 7054 
2026-07-24,Shirak Avia,Выдача от 30 до 40 минут,ЮБГ 509 
2026-07-24,UZBEKISTAN AIRWAYS,Выдача до 30 минут,ХИ 613 
2026-07-24,Turkish Airlines,Выдача до 30 минут,TK 415 
2026-07-24,Якутия,Выдача до 30 минут,ЯК 480 
2026-07-24,Руслайн,Выдача до 30 минут,РГ 194 
2026-07-24,Россия,Выдача до 30 минут,ФВ 6183 
2026-07-24,GEORGIAN AIRWAYS,Выдача до 30 минут,AZO 7018 
2026-07-24,Победа,Выдача до 30 минут,PBD 860 
2026-07-24,Ютэйр,Выдача до 30 минут,ЮТ 596 
2026-07-24,Turkish Airlines,Выдача до 30 минут,TK 1231 
2026-07-24,Победа,Выдача до 30 минут,PBD 840 
2026-07-24,АЗУР эйр,Выдача от 30 до 40 минут,AZV 3006 
2026-07-24,Россия,Выдача до 30 минут,ФВ 6025 
2026-07-24,Россия,Выдача до 30 минут,ФВ 6037 
2026-07-24,Победа,Выдача до 30 минут,ДР 836 
2026-07-24,Победа,Выдача до 30 минут,ДР 114 
2026-07-24,Turkish Airlines,Выдача до 30 минут,TK 3082 
2026-07-24,Россия,Выдача до 30 минут,ФВ 6175 
2026-07-24,Россия,Выдача до 30 минут,ФВ 6009 
2026-07-24,Азимут,Выдача до 30 минут,А4 7010 
2026-07-24,AZAL,Выдача до 30 минут,J2 809 
2026-07-24,Победа,Выдача до 30 минут,ДР 158 
2026-07-24,Россия,Выдача до 30 минут,ФВ 6185 
2026-07-24,Ютэйр,Выдача до 30 минут,УТА 9026 
2026-07-24,Россия,Выдача до 30 минут,ФВ 6177 
2026-07-24,Ютэйр,Выдача от 30 до 40 минут,ЮТ 810 
2026-07-24,Победа,Выдача до 30 минут,PBD 980 
2026-07-24,FLYONE Armenia,Выдача до 30 минут,УР 514 
2026-07-24,Ютэйр,Выдача до 30 минут,ЮТ 802 
2026-07-24,Ютэйр,Выдача до 30 минут,ЮТ 374 
2026-07-24,AZAL,Выдача от 30 до 40 минут,J2 5830 
2026-07-24,Ютэйр,Выдача до 30 минут,ЮТ 784 
2026-07-24,Победа,Выдача от 30 до 40 минут,PBD 736 
2026-07-24,Россия,Выдача до 30 минут,ФВ 6181 
2026-07-24,Россия,Выдача более 40 минут,ФВ 6179 
2026-07-24,Ютэйр,Выдача до 30 минут,ЮТ 296 
2026-07-24,Nesma Airlines,Выдача до 30 минут,NE 646 
2026-07-24,Вологодское АП,Не определено,ВГ 2392 
2026-07-24,Ютэйр,Выдача до 30 минут,ЮТ 180 
2026-07-24,SCAT Airlines,Выдача до 30 минут,DV 815 
2026-07-24,UZBEKISTAN AIRWAYS,Выдача до 30 минут,ХИ 9619 
2026-07-24,AZAL,Выдача до 30 минут,J2 805 
2026-07-24,Россия,Выдача до 30 минут,ФВ 6169 
2026-07-24,UZBEKISTAN AIRWAYS,Выдача от 30 до 40 минут,ХИ 9627 
2026-07-24,Turkish Airlines,Выдача от 30 до 40 минут,TK 6915 
2026-07-24,Pegasus,Выдача от 30 до 40 минут,PC 1580 
2026-07-24,Nesma Airlines,Выдача от 30 до 40 минут,NE 602 
2026-07-24,Ютэйр,Выдача до 30 минут,ЮТ 464 
2026-07-24,FLYONE Armenia,Выдача от 30 до 40 минут,3F 325 
2026-07-24,Ютэйр,Выдача до 30 минут,ЮТ 400 
2026-07-24,Ютэйр,Выдача до 30 минут,ЮТ 746 
2026-07-24,Победа,Выдача до 30 минут,ДР 968 
2026-07-24,Россия,Выдача до 30 минут,ФВ 6007 
2026-07-24,Turkish Airlines,Выдача до 30 минут,TK 3070 
2026-07-24,Red Sea,Выдача до 30 минут,4S 311 
2026-07-24,Азимут,Выдача до 30 минут,А4 7036 
2026-07-24,UZBEKISTAN AIRWAYS,Выдача до 30 минут,ХИ 605 
2026-07-24,ЮВТ АЭРО,Выдача до 30 минут,ЮВ 204 
2026-07-24,Победа,Выдача до 30 минут,ДР 994 
2026-07-24,Ютэйр,Выдача до 30 минут,ЮТ 456 
2026-07-24,Россия,Выдача до 30 минут,ФВ 6187 
2026-07-24,Ютэйр,Выдача до 30 минут,ЮТ 276 
2026-07-24,SCAT Airlines,Выдача до 30 минут,DV 813 
2026-07-24,Ютэйр,Выдача до 30 минут,УТА 6136 
2026-07-25,Победа,Выдача до 30 минут,ДР 194B
2026-07-25,Turkish Airlines,Выдача до 30 минут,TK 421 
2026-07-25,Победа,Выдача до 30 минут,ДР 262 
2026-07-25,Pegasus,Выдача до 30 минут,PC 1576 
2026-07-25,Pegasus,Выдача до 30 минут,PC 1521 
2026-07-25,Ютэйр,Выдача до 30 минут,ЮТ 358 
2026-07-25,Ютэйр,Выдача до 30 минут,ЮТ 1376 
2026-07-25,AJET,Выдача до 30 минут,VF 275 
2026-07-25,Победа,Выдача до 30 минут,ДР 1486 
2026-07-25,Россия,Выдача до 30 минут,ФВ 6189 
2026-07-25,UZBEKISTAN AIRWAYS,Выдача до 30 минут,ХИ 613 
2026-07-25,Победа,Выдача до 30 минут,ДР 206 
2026-07-25,Азимут,Выдача до 30 минут,А4 7036 
2026-07-25,GEORGIAN AIRWAYS,Выдача до 30 минут,AZO 7054 
2026-07-25,Nesma Airlines,Выдача до 30 минут,NE 492 
2026-07-25,Победа,Выдача до 30 минут,ДР 210 
2026-07-25,AZAL,Выдача до 30 минут,J2 803 
2026-07-25,Ютэйр,Выдача до 30 минут,ЮТ 808 
2026-07-25,UZBEKISTAN AIRWAYS,Выдача до 30 минут,ХИ 9615 
2026-07-25,Победа,Выдача до 30 минут,ДР 208 
2026-07-25,Turkish Airlines,Выдача от 30 до 40 минут,TK 3028A
2026-07-25,Turkish Airlines,Выдача до 30 минут,TK 3154A
2026-07-25,Победа,Выдача до 30 минут,ДР 408 
2026-07-25,Азимут,Выдача до 30 минут,А4 7030 
2026-07-25,GEORGIAN AIRWAYS,Выдача до 30 минут,AZO 7072 
2026-07-25,Ютэйр,Выдача до 30 минут,ЮТ 464 
2026-07-25,Победа,Выдача до 30 минут,ДР 264B
2026-07-25,Победа,Выдача до 30 минут,ДР 404 
2026-07-25,Ютэйр,Выдача до 30 минут,ЮТ 398 
2026-07-25,Turkish Airlines,Выдача от 30 до 40 минут,TK 3014A
2026-07-25,Северо-Запад,Выдача до 30 минут,НВЦ 9152 
2026-07-25,Pegasus,Выдача от 30 до 40 минут,PC 1456 
2026-07-25,Ютэйр,Выдача до 30 минут,ЮТ 786 
2026-07-25,Россия,Выдача до 30 минут,ФВ 6183 
2026-07-25,Turkish Airlines,Выдача до 30 минут,TK 3172A
2026-07-25,GEORGIAN AIRWAYS,Выдача до 30 минут,AZO 7208 
2026-07-25,Turkish Airlines,Выдача до 30 минут,TK 3120A
2026-07-25,Nesma Airlines,Выдача от 30 до 40 минут,NE 606 
2026-07-25,АЗУР эйр,Выдача до 30 минут,AZV 3010 
2026-07-25,Ютэйр,Выдача до 30 минут,ЮТ 356 
2026-07-25,Победа,Выдача до 30 минут,ДР 714 
2026-07-25,Nesma Airlines,Выдача от 30 до 40 минут,NE 614 
2026-07-25,Победа,Выдача до 30 минут,ДР 1422 
2026-07-25,Pegasus,Выдача до 30 минут,PC 390 
2026-07-25,Россия,Выдача до 30 минут,ФВ 6003 
2026-07-25,Turkish Airlines,Выдача до 30 минут,TK 407 
2026-07-25,UZBEKISTAN AIRWAYS,Выдача до 30 минут,ХИ 9607 
2026-07-25,Turkish Airlines,Выдача до 30 минут,TK 419 
2026-07-25,Red Sea,Выдача до 30 минут,4S 317 
2026-07-25,Победа,Выдача до 30 минут,ДР 964B
2026-07-25,Победа,Выдача до 30 минут,ДР 434 
2026-07-25,Pegasus,Выдача до 30 минут,PC 386 
2026-07-25,FLYONE Armenia,Выдача до 30 минут,3F 323 
2026-07-25,Pegasus,Выдача до 30 минут,PC 1458 
2026-07-25,GEORGIAN AIRWAYS,Выдача до 30 минут,ЖГ 932 
2026-07-25,Победа,Выдача до 30 минут,ДР 206B
2026-07-25,Turkish Airlines,Выдача до 30 минут,TK 3036A
2026-07-25,SCAT Airlines,Выдача до 30 минут,DV 809 
2026-07-25,Turkish Airlines,Выдача до 30 минут,TK 217A
2026-07-25,Азимут,Выдача до 30 минут,А4 7020 
2026-07-25,GEORGIAN AIRWAYS,Выдача до 30 минут,ЖГ 936 
2026-07-25,Turkish Airlines,Выдача до 30 минут,TK 3060A
2026-07-25,Ютэйр,Выдача до 30 минут,ЮТ 400 
2026-07-25,Turkish Airlines,Выдача от 30 до 40 минут,TK 413 
2026-07-25,Вологодское АП,Не определено,ВГ 2390 
2026-07-25,Shirak Avia,Выдача до 30 минут,ЮБГ 809 
2026-07-25,Не найдено,Выдача до 30 минут,TC 422 
2026-07-25,Россия,Выдача до 30 минут,ФВ 6005 
2026-07-25,Turkish Airlines,Выдача от 30 до 40 минут,TK 3002A
2026-07-25,AJET,Выдача более 40 минут,VF 587 
2026-07-25,Россия,Выдача до 30 минут,ФВ 6051 
2026-07-25,FLYONE Armenia,Выдача до 30 минут,3F 321 
2026-07-25,Якутия,Выдача до 30 минут,ЯК 473 
2026-07-25,Ютэйр,Выдача до 30 минут,ЮТ 560 
2026-07-25,AZAL,Выдача до 30 минут,J2 807 
2026-07-25,Ютэйр,Выдача до 30 минут,ЮТ 352 
2026-07-25,AJET,Выдача более 40 минут,VF 277 
2026-07-25,Белавиа,Выдача до 30 минут,В2 981 
2026-07-25,Победа,Выдача до 30 минут,ДР 114 
2026-07-25,Nesma Airlines,Выдача до 30 минут,NE 616 
2026-07-25,Turkish Airlines,Выдача до 30 минут,TK 1231 
2026-07-25,Якутия,Выдача до 30 минут,ЯК 788 
2026-07-25,Победа,Выдача до 30 минут,ДР 466 
2026-07-25,Россия,Выдача до 30 минут,ФВ 6179 
2026-07-25,Ютэйр,Выдача от 30 до 40 минут,ЮТ 364 
2026-07-25,Алроса,Выдача от 30 до 40 минут,ЯМ 597 
2026-07-25,flydubai,Выдача до 30 минут,FZ 989 
2026-07-25,FLYONE Armenia,Выдача от 30 до 40 минут,УР 412 
2026-07-25,Россия,Некорректно проставлены отметки,ФВ 6025 
2026-07-25,Turkish Airlines,Выдача от 30 до 40 минут,TK 3178A
2026-07-25,Turkish Airlines,Выдача более 40 минут,TK 211A
2026-07-25,Turkish Airlines,Выдача до 30 минут,TK 3070 
2026-07-25,Победа,Выдача до 30 минут,ДР 194 
2026-07-25,Turkish Airlines,Выдача до 30 минут,TK 3164 
2026-07-25,Россия,Выдача до 30 минут,ФВ 6027 
2026-07-25,Nesma Airlines,Выдача до 30 минут,NE 640 
2026-07-25,Победа,Выдача до 30 минут,ДР 414 
2026-07-25,Turkish Airlines,Выдача до 30 минут,TK 3084A
2026-07-25,Победа,Выдача до 30 минут,ДР 856 
2026-07-25,Белавиа,Выдача до 30 минут,В2 979 
2026-07-25,Turkish Airlines,Выдача от 30 до 40 минут,TK 3006A
2026-07-25,Ютэйр,Выдача до 30 минут,ЮТ 248 
2026-07-25,Победа,Выдача до 30 минут,PBD 840 
2026-07-25,GEORGIAN AIRWAYS,Выдача до 30 минут,AZO 9174 
2026-07-25,Ютэйр,Выдача до 30 минут,ЮТ 374 
2026-07-25,Turkish Airlines,Выдача до 30 минут,TK 3012 
2026-07-25,Россия,Выдача до 30 минут,ФВ 6037 
2026-07-25,FLYONE Armenia,Выдача до 30 минут,3F 325 
2026-07-25,Nesma Airlines,Выдача до 30 минут,NE 644 
2026-07-25,Победа,Выдача до 30 минут,ДР 436 
2026-07-25,Победа,Выдача до 30 минут,PBD 736 
2026-07-25,Россия,Выдача до 30 минут,ФВ 6177 
2026-07-25,Россия,Выдача до 30 минут,ФВ 6007 
2026-07-25,Победа,Выдача до 30 минут,ДР 744 
2026-07-25,Ютэйр,Выдача от 30 до 40 минут,ЮТ 454 
2026-07-25,Ютэйр,Выдача до 30 минут,ЮТ 572 
2026-07-25,Победа,Выдача до 30 минут,ДР 116 
2026-07-25,Россия,Выдача до 30 минут,ФВ 6175 
2026-07-25,Якутия,Выдача до 30 минут,ЯК 474 
2026-07-25,Победа,Выдача до 30 минут,ДР 190 
2026-07-25,FLYONE Armenia,Выдача до 30 минут,УР 512 
2026-07-25,AZAL,Выдача до 30 минут,J2 809 
2026-07-25,Россия,Выдача до 30 минут,ФВ 6181 
2026-07-25,Победа,Выдача до 30 минут,PBD 980 
2026-07-25,Turkish Airlines,Выдача от 30 до 40 минут,TK 415 
2026-07-25,Ютэйр,Выдача до 30 минут,ЮТ 296 
2026-07-25,Turkish Airlines,Выдача до 30 минут,TK 3082 
2026-07-25,UZBEKISTAN AIRWAYS,Выдача до 30 минут,ХИ 9627 
2026-07-25,Nesma Airlines,Выдача до 30 минут,NE 648 
2026-07-25,SCAT Airlines,Выдача до 30 минут,DV 815 
2026-07-25,UZBEKISTAN AIRWAYS,Выдача до 30 минут,ХИ 9619 
2026-07-25,Ютэйр,Выдача до 30 минут,ЮТ 250 
2026-07-25,Победа,Выдача до 30 минут,PBD 860 
2026-07-25,Turkish Airlines,Выдача до 30 минут,TK 411 
2026-07-25,Turkish Airlines,Выдача до 30 минут,TK 3076 
2026-07-25,Победа,Выдача до 30 минут,ДР 158 
2026-07-25,Nesma Airlines,Выдача до 30 минут,NE 638 
2026-07-25,Nesma Airlines,Выдача до 30 минут,NE 490 
2026-07-25,SCAT Airlines,Выдача до 30 минут,DV 813 
2026-07-25,Россия,Выдача до 30 минут,ФВ 6185 
2026-07-25,Ютэйр,Выдача до 30 минут,ЮТ 810 
2026-07-25,Победа,Выдача от 30 до 40 минут,ДР 836 
2026-07-25,Ютэйр,Выдача от 30 до 40 минут,ЮТ 784 
2026-07-25,Turkish Airlines,Выдача до 30 минут,TK 3024 
2026-07-25,flydubai,Выдача от 30 до 40 минут,FZ 987 
2026-07-25,GEORGIAN AIRWAYS,Выдача до 30 минут,ЖГ 937 
2026-07-25,Ютэйр,Выдача до 30 минут,ЮТ 376 
2026-07-25,Turkish Airlines,Выдача до 30 минут,TK 417 
2026-07-25,Россия,Выдача до 30 минут,ФВ 6009 
2026-07-25,Pegasus,Выдача до 30 минут,PC 388 
2026-07-25,ЮВТ АЭРО,Выдача до 30 минут,ЮВ 301 
2026-07-25,Ютэйр,Выдача до 30 минут,ЮТ 270 
2026-07-25,GEORGIAN AIRWAYS,Выдача до 30 минут,ЖГ 926 
2026-07-25,Ютэйр,Выдача до 30 минут,ЮТ 576 
2026-07-25,Ютэйр,Выдача более 40 минут,ЮТ 744 
2026-07-25,Ютэйр,Выдача до 30 минут,ЮТ 746 
2026-07-25,Turkish Airlines,Выдача до 30 минут,TK 3192 
2026-07-25,Red Sea,Выдача до 30 минут,4S 333 
2026-07-25,Ютэйр,Выдача до 30 минут,ЮТ 456 
2026-07-26,Ютэйр,Выдача до 30 минут,ЮТ 454 
2026-07-26,Turkish Airlines,Выдача до 30 минут,TK 3060 
2026-07-26,Turkish Airlines,Выдача до 30 минут,TK 3014 
2026-07-26,Победа,Выдача до 30 минут,ДР 262 
2026-07-26,AJET,Выдача от 30 до 40 минут,VF 275 
2026-07-26,Pegasus,Выдача более 40 минут,PC 1576 
2026-07-26,Победа,Выдача от 30 до 40 минут,ДР 1994 
2026-07-26,UZBEKISTAN AIRWAYS,Выдача до 30 минут,ХИ 9613 
2026-07-26,Ютэйр,Выдача от 30 до 40 минут,ЮТ 764 
2026-07-26,Ютэйр,Выдача до 30 минут,ЮТ 726 
2026-07-26,Turkish Airlines,Выдача до 30 минут,TK 211 
2026-07-26,Россия,Выдача от 30 до 40 минут,ФВ 6019 
2026-07-26,Pegasus,Выдача до 30 минут,PC 1580 
2026-07-26,Победа,Выдача до 30 минут,ДР 436 
2026-07-26,Turkish Airlines,Выдача до 30 минут,TK 409 
2026-07-26,GEORGIAN AIRWAYS,Выдача до 30 минут,AZO 7154 
2026-07-26,AZAL,Выдача от 30 до 40 минут,J2 5830 
2026-07-26,GEORGIAN AIRWAYS,Выдача до 30 минут,AZO 7108 
2026-07-26,Pegasus,Выдача от 30 до 40 минут,PC 1456 
2026-07-26,Turkish Airlines,Выдача до 30 минут,TK 3154 
2026-07-26,Pegasus,Выдача до 30 минут,PC 1458 
2026-07-26,GEORGIAN AIRWAYS,Выдача до 30 минут,ЖГ 932 
2026-07-26,Победа,Выдача от 30 до 40 минут,ДР 964B
2026-07-26,FLYONE Armenia,Выдача до 30 минут,3F 323 
2026-07-26,Turkish Airlines,Выдача более 40 минут,TK 421 
2026-07-26,Победа,Выдача до 30 минут,ДР 264 
2026-07-26,Turkish Airlines,Выдача до 30 минут,TK 3036 
2026-07-26,Nesma Airlines,Выдача до 30 минут,NE 600 
2026-07-26,Победа,Выдача до 30 минут,ДР 466 
2026-07-26,Победа,Выдача до 30 минут,ДР 434 
2026-07-26,Nesma Airlines,Выдача до 30 минут,NE 604 
2026-07-26,Red Sea,Выдача более 40 минут,4S 313 
2026-07-26,AJET,Выдача более 40 минут,VF 277 
2026-07-26,Pegasus,Выдача до 30 минут,PC 390 
2026-07-26,Turkish Airlines,Выдача от 30 до 40 минут,TK 3178 
2026-07-26,GEORGIAN AIRWAYS,Выдача от 30 до 40 минут,AZO 7008 
2026-07-26,Turkish Airlines,Выдача от 30 до 40 минут,TK 217 
2026-07-26,Россия,Выдача до 30 минут,ФВ 6051 
2026-07-26,Ютэйр,Выдача до 30 минут,ЮТ 364 
2026-07-26,Turkish Airlines,Выдача до 30 минут,TK 3006A
2026-07-26,Ютэйр,Выдача до 30 минут,ЮТ 248 
2026-07-26,Turkish Airlines,Выдача от 30 до 40 минут,TK 3178A
2026-07-26,Россия,Выдача до 30 минут,ФВ 6005 
2026-07-26,Nesma Airlines,Выдача до 30 минут,NE 642 
2026-07-26,SCAT Airlines,Выдача от 30 до 40 минут,DV 801 
2026-07-26,Азимут,Выдача до 30 минут,А4 7036 
2026-07-26,Turkish Airlines,Выдача более 40 минут,TK 413 
2026-07-26,Ютэйр,Выдача до 30 минут,ЮТ 358 
2026-07-26,Ютэйр,Выдача до 30 минут,ЮТ 356 
2026-07-26,Россия,Выдача до 30 минут,ФВ 6007 
2026-07-26,Turkish Airlines,Выдача до 30 минут,TK 3002 
2026-07-26,GEORGIAN AIRWAYS,Выдача до 30 минут,ЖГ 936 
2026-07-26,Победа,Выдача до 30 минут,ДР 730 
2026-07-26,Turkish Airlines,Выдача от 30 до 40 минут,TK 419 
2026-07-26,Газпром авиа,Выдача до 30 минут,ГЗП 260 
2026-07-26,Победа,Выдача до 30 минут,ДР 744 
2026-07-26,Pegasus,Выдача от 30 до 40 минут,PC 1521 
2026-07-26,Turkish Airlines,Выдача от 30 до 40 минут,TK 3076 
2026-07-26,Россия,Выдача до 30 минут,ФВ 6013 
2026-07-26,Aero Nomad,Выдача от 30 до 40 минут,КГ 555 
2026-07-26,Ютэйр,Выдача до 30 минут,ЮТ 560 
2026-07-26,Turkish Airlines,Выдача до 30 минут,TK 3084A
2026-07-26,Ютэйр,Выдача до 30 минут,ЮТ 572 
2026-07-26,Ютэйр,Выдача до 30 минут,ЮТ 446 
2026-07-26,Победа,Выдача до 30 минут,ДР 170 
2026-07-26,Россия,Выдача до 30 минут,ФВ 6003 
2026-07-26,Pegasus,Выдача до 30 минут,PC 386 
2026-07-26,Ютэйр,Выдача до 30 минут,ЮТ 786 
2026-07-26,Nesma Airlines,Выдача до 30 минут,NE 618 
2026-07-26,Turkish Airlines,Выдача до 30 минут,TK 3122 
2026-07-26,UZBEKISTAN AIRWAYS,Выдача до 30 минут,ХИ 9607 
2026-07-26,FLYONE Armenia,Выдача от 30 до 40 минут,3F 321 
2026-07-26,Победа,Выдача до 30 минут,ДР 422B
2026-07-26,Белавиа,Выдача до 30 минут,В2 981 
2026-07-26,Победа,Выдача до 30 минут,ДР 742 
2026-07-26,Red Sea,Выдача до 30 минут,4S 325 
2026-07-26,Победа,Выдача до 30 минут,ДР 414 
2026-07-26,AZAL,Выдача до 30 минут,J2 807 
2026-07-26,AJET,Выдача до 30 минут,VF 587 
2026-07-26,АЗУР эйр,Выдача от 30 до 40 минут,AZV 3014 
2026-07-26,Turkish Airlines,Выдача до 30 минут,TK 407 
2026-07-26,Ютэйр,Выдача от 30 до 40 минут,ЮТ 802B
2026-07-26,Ютэйр,Выдача до 30 минут,ЮТ 746 
2026-07-26,GEORGIAN AIRWAYS,Выдача до 30 минут,ЖГ 937 
2026-07-26,Россия,Выдача до 30 минут,ФВ 6177 
2026-07-26,Россия,Выдача до 30 минут,ФВ 6025 
2026-07-26,Ютэйр,Выдача до 30 минут,ЮТ 464 
2026-07-26,Turkish Airlines,Выдача более 40 минут,TK 3066 
2026-07-26,Победа,Выдача до 30 минут,ДР 836 
2026-07-26,Nesma Airlines,Выдача до 30 минут,NE 620 
2026-07-26,Turkish Airlines,Выдача до 30 минут,TK 411 
2026-07-26,Turkish Airlines,Выдача до 30 минут,TK 3070 
2026-07-26,Turkish Airlines,Выдача до 30 минут,TK 3024 
2026-07-26,Россия,Выдача до 30 минут,ФВ 6027 
2026-07-26,Победа,Выдача до 30 минут,ДР 856 
2026-07-26,Turkish Airlines,Выдача до 30 минут,TK 3082 
2026-07-26,Газпром авиа,Выдача до 30 минут,ГЗП 252 
2026-07-26,UZBEKISTAN AIRWAYS,Выдача до 30 минут,ХИ 605 
2026-07-26,Turkish Airlines,Выдача до 30 минут,TK 3164 
2026-07-26,Победа,Выдача от 30 до 40 минут,ДР 964 
2026-07-26,flydubai,Выдача до 30 минут,FZ 989 
2026-07-26,Победа,Выдача до 30 минут,ДР 968 
2026-07-26,Turkish Airlines,Выдача до 30 минут,TK 3120 
2026-07-26,Алроса,Выдача до 30 минут,ЯМ 624 
2026-07-26,Ютэйр,Выдача до 30 минут,ЮТ 596 
2026-07-26,Россия,Выдача до 30 минут,ФВ 6037 
2026-07-26,Ютэйр,Выдача до 30 минут,ЮТ 374 
2026-07-26,Россия,Выдача до 30 минут,ФВ 6175 
2026-07-26,GEORGIAN AIRWAYS,Выдача до 30 минут,AZO 9176 
2026-07-26,Россия,Выдача до 30 минут,ФВ 6187 
2026-07-26,Turkish Airlines,Выдача от 30 до 40 минут,TK 415 
2026-07-26,Победа,Выдача до 30 минут,ДР 994 
2026-07-26,GEORGIAN AIRWAYS,Выдача от 30 до 40 минут,ЖГ 926 
2026-07-26,Россия,Выдача до 30 минут,ФВ 6169 
2026-07-26,Победа,Выдача до 30 минут,ДР 114 
2026-07-26,Победа,Выдача до 30 минут,PBD 736 
2026-07-26,FLYONE Armenia,Выдача до 30 минут,3F 325 
2026-07-26,SCAT Airlines,Выдача до 30 минут,DV 813 
2026-07-26,Якутия,Выдача до 30 минут,ЯК 475 
2026-07-26,ЮВТ АЭРО,Выдача до 30 минут,ЮВ 301 
2026-07-26,Победа,Выдача до 30 минут,ДР 158 
2026-07-26,Nouvelair Tunisie,Выдача от 30 до 40 минут,BJ 814 
2026-07-26,Pegasus,Выдача от 30 до 40 минут,PC 388 
2026-07-26,Ютэйр,Выдача до 30 минут,ЮТ 744 
2026-07-26,Ютэйр,Выдача более 40 минут,ЮТ 802 
2026-07-26,Россия,Выдача до 30 минут,ФВ 6185 
2026-07-26,Shirak Avia,Выдача от 30 до 40 минут,ЮБГ 509 
2026-07-26,Россия,Выдача до 30 минут,ФВ 6009 
2026-07-26,Россия,Выдача до 30 минут,ФВ 6183 
2026-07-26,Газпром авиа,Выдача до 30 минут,ГЗП 292 
2026-07-26,Северо-Запад,Выдача до 30 минут,НВЦ 9152 
2026-07-26,Вологодское АП,Не определено,ВГ 2390 
2026-07-26,Turkish Airlines,Выдача до 30 минут,TK 3012 
2026-07-26,Победа,Выдача до 30 минут,ДР 194 
2026-07-26,Ютэйр,Выдача до 30 минут,ЮТ 296 
2026-07-26,Turkish Airlines,Выдача до 30 минут,TK 417 
2026-07-26,Ютэйр,Выдача до 30 минут,ЮТ 250 
2026-07-26,FLYONE Armenia,Выдача до 30 минут,УР 512 
2026-07-26,Белавиа,Выдача до 30 минут,В2 983 
2026-07-26,flydubai,Выдача до 30 минут,FZ 987 
2026-07-26,UZBEKISTAN AIRWAYS,Выдача до 30 минут,ХИ 9619 
2026-07-26,Россия,Выдача до 30 минут,ФВ 6179 
2026-07-26,UZBEKISTAN AIRWAYS,Выдача до 30 минут,ХИ 9627 
2026-07-26,UZBEKISTAN AIRWAYS,Выдача до 30 минут,ХИ 613 
2026-07-26,AZAL,Выдача от 30 до 40 минут,J2 803 
2026-07-26,Turkish Airlines,Выдача до 30 минут,TK 3008 
2026-07-26,SCAT Airlines,Выдача до 30 минут,DV 815 
2026-07-26,Белавиа,Выдача до 30 минут,В2 985 
2026-07-26,Ютэйр,Выдача до 30 минут,ЮТ 810 
2026-07-26,Turkish Airlines,Выдача до 30 минут,TK 1231 
2026-07-26,Газпром авиа,Выдача до 30 минут,ГЗП 262 
2026-07-26,Россия,Выдача до 30 минут,ФВ 6031 
2026-07-26,Победа,Выдача до 30 минут,PBD 860 
2026-07-26,GEORGIAN AIRWAYS,Выдача до 30 минут,AZO 7054 
2026-07-26,Ютэйр,Выдача до 30 минут,ЮТ 400 
2026-07-26,Россия,Выдача до 30 минут,ФВ 6181 
2026-07-26,Ютэйр,Выдача до 30 минут,ЮТ 576 
2026-07-26,Азимут,Выдача до 30 минут,А4 7010 
2026-07-26,Ютэйр,Выдача до 30 минут,ЮТ 398 
2026-07-26,Победа,Выдача до 30 минут,PBD 980 
2026-07-26,Nesma Airlines,Выдача до 30 минут,NE 646 
2026-07-27,Победа,Выдача до 30 минут,ДР 836 
2026-07-27,Ютэйр,Выдача до 30 минут,ЮТ 400 
2026-07-27,Азимут,Выдача до 30 минут,А4 7010 
2026-07-27,Ютэйр,Выдача до 30 минут,ЮТ 276 
2026-07-27,Россия,Выдача до 30 минут,ФВ 6175 
2026-07-27,Red Sea,Выдача до 30 минут,4S 341 
2026-07-27,Победа,Выдача до 30 минут,PBD 840 
2026-07-27,Ютэйр,Выдача до 30 минут,ЮТ 374 
2026-07-27,Turkish Airlines,Выдача до 30 минут,TK 415 
2026-07-27,Руслайн,Выдача до 30 минут,РГ 194 
2026-07-27,Ютэйр,Выдача до 30 минут,ЮТ 746 
2026-07-27,GEORGIAN AIRWAYS,Выдача до 30 минут,AZO 7054 
2026-07-27,Россия,Выдача до 30 минут,ФВ 6177 
2026-07-27,FLYONE Armenia,Выдача до 30 минут,3F 325 
2026-07-27,Якутия,Выдача до 30 минут,ЯК 474 
2026-07-27,Ютэйр,Выдача до 30 минут,ЮТ 456 
2026-07-27,Россия,Выдача до 30 минут,ФВ 6037 
2026-07-27,Победа,Выдача до 30 минут,ДР 964 
2026-07-27,Россия,Выдача до 30 минут,ФВ 6161 
2026-07-27,Turkish Airlines,Выдача более 40 минут,TK 421 
2026-07-27,Победа,Выдача до 30 минут,ДР 116 
2026-07-27,Ютэйр,Выдача до 30 минут,ЮТ 560 
2026-07-27,Россия,Выдача до 30 минут,ФВ 6005 
2026-07-27,Победа,Выдача до 30 минут,ДР 262 
2026-07-27,Россия,Некорректно проставлены отметки,ФВ 6025 
2026-07-27,Алроса,Выдача до 30 минут,ЯМ 543 
2026-07-27,Turkish Airlines,Выдача до 30 минут,TK 417 
2026-07-27,Turkish Airlines,Выдача до 30 минут,TK 3026 
2026-07-27,Pegasus,Выдача до 30 минут,PC 388 
2026-07-27,flydubai,Выдача от 30 до 40 минут,FZ 989 
2026-07-27,Turkish Airlines,Выдача до 30 минут,TK 3160 
2026-07-27,Победа,Выдача до 30 минут,ДР 742 
2026-07-27,Победа,Выдача до 30 минут,ДР 114 
2026-07-27,GEORGIAN AIRWAYS,Не определено,ЖГЖ 9576 
2026-07-27,Россия,Выдача до 30 минут,ФВ 6027 
2026-07-27,Россия,Выдача до 30 минут,ФВ 6031 
2026-07-27,Победа,Выдача до 30 минут,ДР 856 
2026-07-27,GEORGIAN AIRWAYS,Выдача до 30 минут,ЖГ 926 
2026-07-27,Победа,Выдача до 30 минут,ДР 484 
2026-07-27,Ютэйр,Выдача до 30 минут,ЮТ 398 
2026-07-27,Nesma Airlines,Выдача от 30 до 40 минут,NE 600 
2026-07-27,FLYONE Armenia,Выдача до 30 минут,УР 514 
2026-07-27,Red Sea,Выдача до 30 минут,4S 311 
2026-07-27,ЮВТ АЭРО,Выдача до 30 минут,ЮВ 204 
2026-07-27,Азимут,Некорректно проставлены отметки,А4 7030 
2026-07-27,Россия,Выдача до 30 минут,ФВ 6185 
2026-07-27,Азимут,Выдача до 30 минут,А4 7036 
2026-07-27,Turkish Airlines,Выдача до 30 минут,TK 411 
2026-07-27,Победа,Выдача до 30 минут,ДР 200 
2026-07-27,AZAL,Выдача до 30 минут,J2 803 
2026-07-27,Ютэйр,Выдача до 30 минут,ЮТ 784 
2026-07-27,Ютэйр,Выдача до 30 минут,ЮТ 454 
2026-07-27,Россия,Выдача до 30 минут,ФВ 6051 
2026-07-27,UZBEKISTAN AIRWAYS,Выдача до 30 минут,ХИ 9607 
2026-07-27,Азимут,Выдача до 30 минут,А4 7020 
2026-07-27,Ютэйр,Выдача до 30 минут,ЮТ 248 
2026-07-27,Победа,Выдача до 30 минут,ДР 416 
2026-07-27,Ютэйр,Выдача до 30 минут,ЮТ 364 
2026-07-27,UZBEKISTAN AIRWAYS,Выдача до 30 минут,ХИ 9813 
2026-07-27,Победа,Выдача до 30 минут,PBD 736 
2026-07-27,Россия,Выдача до 30 минут,ФВ 6009 
2026-07-27,Ютэйр,Выдача до 30 минут,ЮТ 572 
2026-07-27,Северо-Запад,Выдача до 30 минут,НВЦ 9152 
2026-07-27,Победа,Выдача до 30 минут,ДР 996 
2026-07-27,Ютэйр,Выдача более 40 минут,ЮТ 250 
2026-07-27,Россия,Выдача до 30 минут,ФВ 6179 
2026-07-27,Ютэйр,Выдача до 30 минут,ЮТ 296 
2026-07-27,Победа,Выдача до 30 минут,PBD 860 
2026-07-27,UZBEKISTAN AIRWAYS,Выдача до 30 минут,ХИ 613 
2026-07-27,Ютэйр,Выдача до 30 минут,ЮТ 576 
2026-07-27,Победа,Выдача до 30 минут,ДР 158 
2026-07-27,UZBEKISTAN AIRWAYS,Выдача до 30 минут,ХИ 9627 
2026-07-27,АЗУР эйр,Выдача до 30 минут,AZV 3014 
2026-07-27,Победа,Выдача до 30 минут,ДР 466 
2026-07-27,AZAL,Выдача до 30 минут,J2 5830 
2026-07-27,UZBEKISTAN AIRWAYS,Выдача до 30 минут,ХИ 9619 
2026-07-27,Россия,Выдача до 30 минут,ФВ 6181 
2026-07-27,Победа,Выдача до 30 минут,ДР 192 
2026-07-27,SCAT Airlines,Выдача до 30 минут,DV 815 
2026-07-27,SCAT Airlines,Выдача до 30 минут,DV 801 
2026-07-27,AZAL,Выдача до 30 минут,J2 807 
2026-07-27,Россия,Выдача до 30 минут,ФВ 6007 
2026-07-27,Ютэйр,Выдача более 40 минут,ЮТ 334B
2026-07-27,Turkish Airlines,Выдача до 30 минут,TK 1231 
2026-07-27,Белавиа,Выдача до 30 минут,В2 979 
2026-07-27,GEORGIAN AIRWAYS,Выдача до 30 минут,ЖГ 932 
2026-07-27,Nesma Airlines,Выдача от 30 до 40 минут,NE 610 
2026-07-27,FLYONE Armenia,Выдача до 30 минут,3F 323 
2026-07-27,Turkish Airlines,Выдача от 30 до 40 минут,TK 3172 
2026-07-27,Turkish Airlines,Выдача более 40 минут,TK 3122 
2026-07-27,Pegasus,Выдача до 30 минут,PC 386 
2026-07-27,Turkish Airlines,Выдача более 40 минут,TK 3006 
2026-07-27,GEORGIAN AIRWAYS,Выдача до 30 минут,AZO 7018 
2026-07-27,Nesma Airlines,Выдача до 30 минут,NE 644 
2026-07-27,AJET,Выдача от 30 до 40 минут,VF 587 
2026-07-27,Pegasus,Выдача до 30 минут,PC 1456 
2026-07-27,AJET,Выдача до 30 минут,VF 277 
2026-07-27,Ютэйр,Выдача до 30 минут,ЮТ 376B
2026-07-27,Turkish Airlines,Выдача до 30 минут,TK 419 
2026-07-27,Pegasus,Выдача до 30 минут,PC 390 
2026-07-27,Победа,Выдача до 30 минут,ДР 422B
2026-07-27,Turkish Airlines,Выдача до 30 минут,TK 3154 
2026-07-27,Ютэйр,Выдача до 30 минут,ЮТ 786 
2026-07-27,Ютэйр,Выдача до 30 минут,ЮТ 802 
2026-07-27,Turkish Airlines,Выдача до 30 минут,TK 217 
2026-07-27,Turkish Airlines,Выдача от 30 до 40 минут,TK 409 
2026-07-27,Turkish Airlines,Выдача от 30 до 40 минут,TK 3060 
2026-07-27,Pegasus,Выдача более 40 минут,PC 1576 
2026-07-27,Turkish Airlines,Выдача более 40 минут,TK 3084 
2026-07-27,Ютэйр,Выдача от 30 до 40 минут,ЮТ 784B
2026-07-27,Turkish Airlines,Выдача более 40 минут,TK 3002 
2026-07-27,Победа,Некорректно проставлены отметки,ДР 206B
2026-07-27,Ютэйр,Выдача до 30 минут,ЮТ 358 
2026-07-27,Победа,Выдача до 30 минут,ДР 264 
2026-07-27,Победа,Выдача до 30 минут,ДР 486 
2026-07-27,Turkish Airlines,Выдача более 40 минут,TK 3014 
2026-07-27,AZAL,Выдача более 40 минут,J2 809 
2026-07-27,Россия,Выдача до 30 минут,ФВ 6189 
2026-07-27,Победа,Выдача до 30 минут,ДР 210 
2026-07-27,AJET,Выдача от 30 до 40 минут,VF 275 
2026-07-27,Turkish Airlines,Выдача до 30 минут,TK 3036 
2026-07-27,Pegasus,Выдача до 30 минут,PC 1521 
2026-07-27,Ютэйр,Выдача до 30 минут,ЮТ 464 
2026-07-27,Nesma Airlines,Выдача от 30 до 40 минут,NE 618 
2026-07-27,Азимут,Выдача до 30 минут,А4 7034 
2026-07-27,Turkish Airlines,Выдача до 30 минут,TK 407 
2026-07-27,FLYONE Armenia,Выдача до 30 минут,3F 321 
2026-07-27,Якутия,Выдача до 30 минут,ЯК 473 
2026-07-27,Россия,Выдача до 30 минут,ФВ 6003 
2026-07-27,Алроса,Выдача до 30 минут,ЯМ 597 
2026-07-27,SCAT Airlines,Выдача до 30 минут,DV 809 
2026-07-27,Aero Nomad,Выдача до 30 минут,КГ 555 
2026-07-27,Вологодское АП,Не определено,ВГ 2390 
2026-07-27,Россия,Выдача до 30 минут,ФВ 6013 
2026-07-27,АЗУР эйр,Выдача от 30 до 40 минут,AZV 3004 
2026-07-27,Ютэйр,Выдача до 30 минут,ЮТ 356 
2026-07-27,Победа,Выдача до 30 минут,ДР 714 
2026-07-27,Shirak Avia,Выдача до 30 минут,ЮБГ 809 
2026-07-27,АЗУР эйр,Выдача от 30 до 40 минут,AZV 3002 
2026-07-27,Ютэйр,Выдача до 30 минут,ЮТ 446 
2026-07-27,GEORGIAN AIRWAYS,Выдача до 30 минут,ЖГ 936 
2026-07-27,Turkish Airlines,Выдача до 30 минут,TK 413 
2026-07-27,Победа,Выдача от 30 до 40 минут,ДР 994 
2026-07-27,Ютэйр,Выдача до 30 минут,ЮТ 352 
2026-07-27,Ютэйр,Выдача до 30 минут,ЮТ 180 
2026-07-27,Россия,Выдача до 30 минут,ФВ 6183 
2026-07-27,Ютэйр,Выдача до 30 минут,ЮТ 276B
2026-07-27,Pegasus,Выдача до 30 минут,PC 1458 
2026-07-27,Победа,Выдача до 30 минут,ДР 414 
2026-07-27,Победа,Выдача до 30 минут,ДР 436 
2026-07-27,Россия,Выдача до 30 минут,ФВ 6019 
2026-07-27,Белавиа,Выдача до 30 минут,В2 981 
2026-07-27,ЮВТ АЭРО,Выдача до 30 минут,ЮВ 301 
2026-07-27,Asia Union Airlines,Выдача до 30 минут,7Q 1777 
2026-07-27,Победа,Выдача до 30 минут,ДР 434 
2026-07-27,Red Sea,Выдача до 30 минут,4S 337 
2026-07-27,UZBEKISTAN AIRWAYS,Выдача до 30 минут,ХИ 605 
2026-07-27,Победа,Выдача до 30 минут,ДР 194 
2026-07-27,Победа,Выдача до 30 минут,ДР 190 
2026-07-27,flydubai,Выдача до 30 минут,FZ 987 
2026-07-27,Pegasus,Выдача от 30 до 40 минут,PC 1580 
2026-07-27,SCAT Airlines,Выдача до 30 минут,DV 813 
2026-07-27,Победа,Некорректно проставлены отметки,ДР 206 
2026-07-27,AZAL,Выдача от 30 до 40 минут,J2 809 
2026-07-28,Победа,Выдача до 30 минут,ДР 116 
2026-07-28,Победа,Выдача до 30 минут,ДР 158 
2026-07-28,Nesma Airlines,Выдача до 30 минут,NE 602 
2026-07-28,Pegasus,Выдача от 30 до 40 минут,PC 390 
2026-07-28,Turkish Airlines,Выдача от 30 до 40 минут,TK 419 
2026-07-28,Turkish Airlines,Выдача до 30 минут,TK 3122 
2026-07-28,Pegasus,Выдача до 30 минут,PC 386 
2026-07-28,Победа,Выдача до 30 минут,PBD 840 
2026-07-28,Якутия,Выдача до 30 минут,ЯК 480 
2026-07-28,AJET,Выдача до 30 минут,VF 277 
2026-07-28,Ютэйр,Выдача до 30 минут,ЮТ 786 
2026-07-28,Red Sea,Выдача до 30 минут,4S 315 
2026-07-28,Ютэйр,Выдача до 30 минут,ЮТ 374 
2026-07-28,AJET,Выдача до 30 минут,VF 587 
2026-07-28,Ютэйр,Выдача до 30 минут,ЮТ 576 
2026-07-28,Pegasus,Выдача до 30 минут,PC 1458 
2026-07-28,Pegasus,Выдача до 30 минут,PC 1456 
2026-07-28,Победа,Некорректно проставлены отметки,ДР 486 
2026-07-28,Turkish Airlines,Выдача до 30 минут,TK 3192 
2026-07-28,Россия,Выдача до 30 минут,ФВ 6175 
2026-07-28,Белавиа,Выдача до 30 минут,В2 979 
2026-07-28,Азимут,Выдача до 30 минут,А4 7010 
2026-07-28,Победа,Выдача до 30 минут,ДР 836 
2026-07-28,Ютэйр,Выдача до 30 минут,ЮТ 276 
2026-07-28,FLYONE Armenia,Выдача до 30 минут,3F 325 
2026-07-28,Россия,Выдача до 30 минут,ФВ 6037 
2026-07-28,Ютэйр,Выдача до 30 минут,ЮТ 746 
2026-07-28,Ютэйр,Выдача до 30 минут,ЮТ 352 
2026-07-28,Turkish Airlines,Выдача до 30 минут,TK 3012 
2026-07-28,GEORGIAN AIRWAYS,Выдача до 30 минут,ЖГ 926 
2026-07-28,GEORGIAN AIRWAYS,Выдача до 30 минут,ЖГ 937 
2026-07-28,Turkish Airlines,Выдача до 30 минут,TK 3070 
2026-07-28,Ютэйр,Выдача до 30 минут,ЮТ 334 
2026-07-28,Turkish Airlines,Выдача до 30 минут,TK 1231 
2026-07-28,Ютэйр,Выдача до 30 минут,ЮТ 464 
2026-07-28,Россия,Выдача до 30 минут,ФВ 6009 
2026-07-28,Россия,Выдача до 30 минут,ФВ 6025 
2026-07-28,Ютэйр,Выдача до 30 минут,ЮТ 802 
2026-07-28,Победа,Выдача до 30 минут,ДР 160 
2026-07-28,Азимут,Выдача до 30 минут,А4 7036 
2026-07-28,Победа,Выдача до 30 минут,PBD 980 
2026-07-28,Победа,Выдача до 30 минут,PBD 736 
2026-07-28,Ютэйр,Выдача до 30 минут,ЮТ 250 
2026-07-28,Победа,Выдача до 30 минут,ДР 404 
2026-07-28,Россия,Выдача до 30 минут,ФВ 6181 
2026-07-28,UZBEKISTAN AIRWAYS,Выдача до 30 минут,ХИ 9627 
2026-07-28,Победа,Выдача до 30 минут,ДР 964 
2026-07-28,Победа,Выдача до 30 минут,ДР 188 
2026-07-28,UZBEKISTAN AIRWAYS,Выдача до 30 минут,ХИ 9619 
2026-07-28,flydubai,Выдача до 30 минут,FZ 987 
2026-07-28,SCAT Airlines,Выдача до 30 минут,DV 813 
2026-07-28,Победа,Выдача до 30 минут,ДР 190 
2026-07-28,UZBEKISTAN AIRWAYS,Выдача до 30 минут,ХИ 605 
2026-07-28,Победа,Выдача до 30 минут,ДР 1486 
2026-07-28,AZAL,Выдача до 30 минут,J2 809 
2026-07-28,Ютэйр,Выдача до 30 минут,ЮТ 376 
2026-07-28,Turkish Airlines,Выдача от 30 до 40 минут,TK 411 
2026-07-28,Россия,Выдача до 30 минут,ФВ 6185 
2026-07-28,Ютэйр,Выдача до 30 минут,УТА 6316 
2026-07-28,Победа,Выдача до 30 минут,ДР 194 
2026-07-28,Россия,Некорректно проставлены отметки,ФВ 6183 
2026-07-28,Ютэйр,Выдача до 30 минут,ЮТ 810 
2026-07-28,Победа,Выдача до 30 минут,ДР 206 
2026-07-28,Северо-Запад,Выдача до 30 минут,НВЦ 9152 
2026-07-28,Россия,Выдача до 30 минут,ФВ 6179 
2026-07-28,Победа,Выдача до 30 минут,ДР 262 
2026-07-28,Ютэйр,Выдача до 30 минут,ЮТ 296 
2026-07-28,UZBEKISTAN AIRWAYS,Выдача до 30 минут,ХИ 613 
2026-07-28,SCAT Airlines,Выдача до 30 минут,DV 815 
2026-07-28,GEORGIAN AIRWAYS,Некорректно проставлены отметки,AZO 7054 
2026-07-28,Nesma Airlines,Выдача до 30 минут,NE 610 
2026-07-28,Ютэйр,Выдача до 30 минут,ЮТ 398 
2026-07-28,Ютэйр,Некорректно проставлены отметки,ЮТ 784 
2026-07-28,AZAL,Выдача до 30 минут,J2 805 
2026-07-28,FLYONE Armenia,Выдача до 30 минут,УР 512 
2026-07-28,Pegasus,Выдача до 30 минут,PC 1580 
2026-07-28,Якутия,Выдача от 30 до 40 минут,ЯК 736 
2026-07-28,Turkish Airlines,Выдача до 30 минут,TK 415 
2026-07-28,Сибирь,Выдача более 40 минут,С7 3034 
2026-07-28,Победа,Выдача до 30 минут,ДР 170 
2026-07-28,Shirak Avia,Выдача от 30 до 40 минут,ЮБГ 509 
2026-07-28,Turkish Airlines,Выдача до 30 минут,TK 3036 
2026-07-28,Pegasus,Выдача от 30 до 40 минут,PC 1521 
2026-07-28,Turkish Airlines,Выдача до 30 минут,TK 421 
2026-07-28,Победа,Выдача до 30 минут,ДР 422 
2026-07-28,Россия,Выдача до 30 минут,ФВ 6189 
2026-07-28,Turkish Airlines,Выдача до 30 минут,TK 409 
2026-07-28,Ютэйр,Выдача до 30 минут,ЮТ 358 
2026-07-28,Turkish Airlines,Выдача от 30 до 40 минут,TK 217 
2026-07-28,Turkish Airlines,Выдача до 30 минут,TK 3154 
2026-07-28,Turkish Airlines,Выдача от 30 до 40 минут,TK 3014 
2026-07-28,FLYONE Armenia,Выдача до 30 минут,3F 323 
2026-07-28,AJET,Выдача от 30 до 40 минут,VF 275 
2026-07-28,GEORGIAN AIRWAYS,Выдача от 30 до 40 минут,ЖГ 932 
2026-07-28,Победа,Выдача до 30 минут,ДР 730 
2026-07-28,Nesma Airlines,Выдача от 30 до 40 минут,NE 642 
2026-07-28,Turkish Airlines,Выдача до 30 минут,TK 3060 
2026-07-28,Победа,Выдача до 30 минут,ДР 208 
2026-07-28,Turkish Airlines,Выдача до 30 минут,TK 211 
2026-07-28,Turkish Airlines,Выдача до 30 минут,TK 3006 
2026-07-28,Ютэйр,Выдача до 30 минут,ЮТ 744 
2026-07-28,Meraj Air,Выдача до 30 минут,MRJ 4879 
2026-07-28,Pegasus,Выдача от 30 до 40 минут,PC 1576 
2026-07-28,Руслайн,Выдача до 30 минут,РГ 194 
2026-07-28,flydubai,Выдача до 30 минут,FZ 989 
2026-07-28,Победа,Выдача до 30 минут,ДР 856 
2026-07-28,Pegasus,Выдача до 30 минут,PC 388 
2026-07-28,Алроса,Некорректно проставлены отметки,ЯМ 543 
2026-07-28,Россия,Выдача до 30 минут,ФВ 6027 
2026-07-28,Turkish Airlines,Выдача от 30 до 40 минут,TK 3178 
2026-07-28,АЗУР эйр,Выдача до 30 минут,AZV 3006 
2026-07-28,Победа,Выдача до 30 минут,ДР 114 
2026-07-28,Азимут,Выдача до 30 минут,А4 7030 
2026-07-28,GEORGIAN AIRWAYS,Выдача до 30 минут,AZO 7008 
2026-07-28,Turkish Airlines,Выдача до 30 минут,TK 417 
2026-07-28,Turkish Airlines,Выдача до 30 минут,TK 3002 
2026-07-28,Россия,Выдача до 30 минут,ФВ 6177 
2026-07-28,Turkish Airlines,Выдача до 30 минут,TK 3084 
2026-07-28,Победа,Выдача до 30 минут,ДР 968 
2026-07-28,Победа,Выдача до 30 минут,ДР 264 
2026-07-28,Shirak Avia,Выдача до 30 минут,ЮБГ 809 
2026-07-28,UZBEKISTAN AIRWAYS,Выдача до 30 минут,ХИ 9607 
2026-07-28,Россия,Выдача до 30 минут,ФВ 6005 
2026-07-28,Вологодское АП,Не определено,ВГ 2390 
2026-07-28,UZBEKISTAN AIRWAYS,Выдача до 30 минут,ХИ 9615 
2026-07-28,GEORGIAN AIRWAYS,Выдача до 30 минут,ЖГ 936 
2026-07-28,SCAT Airlines,Выдача до 30 минут,DV 801 
2026-07-28,Turkish Airlines,Выдача до 30 минут,TK 413 
2026-07-28,Ютэйр,Выдача до 30 минут,ЮТ 400 
2026-07-28,Россия,Выдача до 30 минут,ФВ 6007 
2026-07-28,Сибирь,Выдача более 40 минут,С7 3006 
2026-07-28,Якутия,Выдача до 30 минут,ЯК 479 
2026-07-28,Победа,Выдача до 30 минут,ДР 434 
2026-07-28,Победа,Выдача до 30 минут,ДР 436 
2026-07-28,GEORGIAN AIRWAYS,Выдача до 30 минут,AZO 7072 
2026-07-28,Ютэйр,Выдача до 30 минут,ЮТ 356 
2026-07-28,Nesma Airlines,Выдача до 30 минут,NE 604 
2026-07-28,GEORGIAN AIRWAYS,Выдача до 30 минут,AZO 7108 
2026-07-28,Россия,Выдача до 30 минут,ФВ 6051 
2026-07-28,Ютэйр,Выдача до 30 минут,ЮТ 1248 
2026-07-28,Якутия,Выдача до 30 минут,ЯК 688 
2026-07-28,FLYONE Armenia,Выдача до 30 минут,3F 321 
2026-07-28,Не найдено,Выдача до 30 минут,TC 422 
2026-07-28,Nesma Airlines,Выдача до 30 минут,NE 614 
2026-07-28,Победа,Выдача до 30 минут,ДР 466 
2026-07-28,SCAT Airlines,Выдача до 30 минут,DV 809 
2026-07-28,AZAL,Выдача до 30 минут,J2 807 
2026-07-28,Россия,Некорректно проставлены отметки,ФВ 6003 
2026-07-28,Победа,Выдача до 30 минут,ДР 734 
2026-07-28,FLYONE Armenia,Выдача до 30 минут,УР 412 
2026-07-28,Nesma Airlines,Выдача до 30 минут,NE 620 
2026-07-28,Белавиа,Выдача до 30 минут,В2 981 
2026-07-28,Ютэйр,Выдача до 30 минут,ЮТ 454 
2026-07-28,Ютэйр,Выдача до 30 минут,ЮТ 572 
2026-07-28,Ютэйр,Выдача до 30 минут,ЮТ 248 
2026-07-28,Победа,Выдача до 30 минут,ДР 714 
2026-07-28,Ютэйр,Выдача до 30 минут,ЮТ 364 
2026-07-28,Ютэйр,Выдача до 30 минут,ЮТ 808 
2026-07-28,Turkish Airlines,Выдача до 30 минут,TK 407 
2026-07-29,Ютэйр,Выдача до 30 минут,ЮТ 746 
2026-07-29,GEORGIAN AIRWAYS,Выдача до 30 минут,AZO 7054 
2026-07-29,Ютэйр,Некорректно проставлены отметки,ЮТ 802 
2026-07-29,Ютэйр,Некорректно проставлены отметки,ЮТ 398 
2026-07-29,Якутия,Выдача до 30 минут,ОП 914 
2026-07-29,АЗУР эйр,Выдача от 30 до 40 минут,AZV 3010 
2026-07-29,Победа,Выдача до 30 минут,ДР 836 
2026-07-29,Победа,Выдача до 30 минут,PBD 840 
2026-07-29,Ютэйр,Выдача до 30 минут,ЮТ 810 
2026-07-29,FLYONE Armenia,Выдача до 30 минут,3F 325 
2026-07-29,Ютэйр,Выдача до 30 минут,ЮТ 596 
2026-07-29,Ютэйр,Выдача до 30 минут,ЮТ 250 
2026-07-29,Россия,Выдача до 30 минут,ФВ 6175 
2026-07-29,Победа,Выдача до 30 минут,PBD 860 
2026-07-29,Победа,Выдача до 30 минут,ДР 160 
2026-07-29,Turkish Airlines,Выдача до 30 минут,TK 417 
2026-07-29,Ютэйр,Выдача от 30 до 40 минут,ЮТ 464 
2026-07-29,Россия,Выдача до 30 минут,ФВ 6037 
2026-07-29,Россия,Выдача до 30 минут,ФВ 6031 
2026-07-29,Победа,Выдача до 30 минут,ДР 422 
2026-07-29,Россия,Выдача до 30 минут,ФВ 6169 
2026-07-29,Белавиа,Выдача до 30 минут,В2 979 
2026-07-29,Россия,Выдача до 30 минут,ФВ 6185 
2026-07-29,GEORGIAN AIRWAYS,Не определено,ЖГЖ 9576 
2026-07-29,Азимут,Выдача до 30 минут,А4 7036 
2026-07-29,Turkish Airlines,Выдача до 30 минут,TK 3012 
2026-07-29,Ютэйр,Выдача до 30 минут,ЮТ 400 
2026-07-29,flydubai,Выдача до 30 минут,FZ 987 
2026-07-29,Алроса,Выдача до 30 минут,ЯМ 543 
2026-07-29,FLYONE Armenia,Выдача до 30 минут,УР 514 
2026-07-29,Turkish Airlines,Выдача до 30 минут,TK 415 
2026-07-29,Азимут,Выдача до 30 минут,А4 7010 
2026-07-29,AZAL,Некорректно проставлены отметки,J2 805 
2026-07-29,Ютэйр,Выдача до 30 минут,УТА 9026 
2026-07-29,flydubai,Выдача до 30 минут,FZ 989 
2026-07-29,Россия,Выдача до 30 минут,ФВ 6027 
2026-07-29,Turkish Airlines,Выдача от 30 до 40 минут,TK 411 
2026-07-29,Победа,Выдача до 30 минут,ДР 994 
2026-07-29,Победа,Выдача до 30 минут,ДР 116 
2026-07-29,Победа,Выдача до 30 минут,ДР 262 
2026-07-29,GEORGIAN AIRWAYS,Выдача до 30 минут,ЖГ 926 
2026-07-29,Pegasus,Выдача до 30 минут,PC 388 
2026-07-29,AZAL,Выдача до 30 минут,J2 809 
2026-07-29,Россия,Выдача до 30 минут,ФВ 6177 
2026-07-29,Победа,Выдача до 30 минут,ДР 206 
2026-07-29,Turkish Airlines,Выдача до 30 минут,TK 3008 
2026-07-29,Nesma Airlines,Выдача до 30 минут,NE 616 
2026-07-29,Победа,Выдача до 30 минут,ДР 964 
2026-07-29,Победа,Выдача до 30 минут,PBD 736 
2026-07-29,Turkish Airlines,Выдача до 30 минут,TK 3082 
2026-07-29,Turkish Airlines,Выдача до 30 минут,TK 3164 
2026-07-29,Победа,Выдача до 30 минут,ДР 114 
2026-07-29,Ютэйр,Выдача до 30 минут,ЮТ 180 
2026-07-29,Победа,Выдача от 30 до 40 минут,ДР 856 
2026-07-29,Россия,Выдача до 30 минут,ФВ 6025 
2026-07-29,Ютэйр,Выдача до 30 минут,ЮТ 784 
2026-07-29,Nouvelair Tunisie,Выдача до 30 минут,BJ 804 
2026-07-29,Россия,Выдача до 30 минут,ФВ 6183 
2026-07-29,Ютэйр,Выдача до 30 минут,УТА 6136 
2026-07-29,UZBEKISTAN AIRWAYS,Выдача до 30 минут,ХИ 9627 
2026-07-29,Россия,Выдача до 30 минут,ФВ 6179 
2026-07-29,Победа,Выдача до 30 минут,ДР 158 
2026-07-29,Руслайн,Выдача более 40 минут,РГ 194 
2026-07-29,UZBEKISTAN AIRWAYS,Выдача до 30 минут,ХИ 605 
2026-07-29,Ютэйр,Выдача до 30 минут,ЮТ 296 
2026-07-29,UZBEKISTAN AIRWAYS,Выдача до 30 минут,ХИ 9619 
2026-07-29,Победа,Выдача до 30 минут,ДР 194 
2026-07-29,UZBEKISTAN AIRWAYS,Выдача до 30 минут,ХИ 613 
2026-07-29,GEORGIAN AIRWAYS,Выдача до 30 минут,AZO 7018 
2026-07-29,Nesma Airlines,Выдача до 30 минут,NE 606 
2026-07-29,Россия,Выдача до 30 минут,ФВ 6181 
2026-07-29,SCAT Airlines,Выдача до 30 минут,DV 815 
2026-07-29,Pegasus,Выдача до 30 минут,PC 1580 
2026-07-29,Россия,Выдача до 30 минут,ФВ 6009 
2026-07-29,Turkish Airlines,Выдача до 30 минут,TK 3024 
2026-07-29,Turkish Airlines,Выдача до 30 минут,TK 1231 
2026-07-29,АЗУР эйр,Выдача до 30 минут,AZV 3002 
2026-07-29,AJET,Выдача до 30 минут,VF 277 
2026-07-29,GEORGIAN AIRWAYS,Выдача до 30 минут,AZO 7072 
2026-07-29,Ютэйр,Выдача до 30 минут,ЮТ 786 
2026-07-29,Победа,Выдача до 30 минут,ДР 436 
2026-07-29,GEORGIAN AIRWAYS,Выдача до 30 минут,ЖГ 932 
2026-07-29,UZBEKISTAN AIRWAYS,Выдача до 30 минут,ХИ 9615 
2026-07-29,Ютэйр,Выдача до 30 минут,ЮТ 248 
2026-07-29,Победа,Выдача до 30 минут,ДР 264B
2026-07-29,Ютэйр,Выдача до 30 минут,ЮТ 364 
2026-07-29,Turkish Airlines,Выдача до 30 минут,TK 3084 
2026-07-29,Pegasus,Выдача до 30 минут,PC 1456 
2026-07-29,Turkish Airlines,Выдача до 30 минут,TK 407 
2026-07-29,Pegasus,Выдача от 30 до 40 минут,PC 1521 
2026-07-29,Pegasus,Выдача до 30 минут,PC 390 
2026-07-29,Победа,Выдача до 30 минут,ДР 434 
2026-07-29,Turkish Airlines,Выдача до 30 минут,TK 3036 
2026-07-29,Победа,Выдача до 30 минут,ДР 170 
2026-07-29,FLYONE Armenia,Выдача до 30 минут,3F 323 
2026-07-29,Pegasus,Выдача от 30 до 40 минут,PC 1576 
2026-07-29,Победа,Выдача до 30 минут,ДР 1994 
2026-07-29,Nesma Airlines,Выдача до 30 минут,NE 640 
2026-07-29,AJET,Выдача до 30 минут,VF 275 
2026-07-29,Turkish Airlines,Выдача до 30 минут,TK 3002 
2026-07-29,GEORGIAN AIRWAYS,Выдача до 30 минут,AZO 7008 
2026-07-29,Turkish Airlines,Выдача до 30 минут,TK 211 
2026-07-29,Turkish Airlines,Выдача до 30 минут,TK 3028 
2026-07-29,Turkish Airlines,Выдача до 30 минут,TK 217 
2026-07-29,Turkish Airlines,Выдача до 30 минут,TK 421 
2026-07-29,Turkish Airlines,Выдача до 30 минут,TK 3060 
2026-07-29,Россия,Выдача до 30 минут,ФВ 6189 
2026-07-29,Turkish Airlines,Выдача до 30 минут,TK 409 
2026-07-29,Turkish Airlines,Выдача до 30 минут,TK 3178 
2026-07-29,Turkish Airlines,Выдача до 30 минут,TK 3006 
2026-07-29,Turkish Airlines,Выдача до 30 минут,TK 3014 
2026-07-29,Победа,Выдача до 30 минут,ДР 742 
2026-07-29,AJET,Выдача до 30 минут,VF 587 
2026-07-29,Nesma Airlines,Выдача от 30 до 40 минут,NE 638 
2026-07-29,Победа,Выдача до 30 минут,ДР 414 
2026-07-29,GEORGIAN AIRWAYS,Выдача до 30 минут,AZO 7108 
2026-07-29,Россия,Выдача до 30 минут,ФВ 6003 
2026-07-29,Вологодское АП,Не определено,ВГ 2390 
2026-07-29,SCAT Airlines,Выдача до 30 минут,DV 801 
2026-07-29,GEORGIAN AIRWAYS,Выдача до 30 минут,ЖГ 936 
2026-07-29,Ютэйр,Выдача до 30 минут,ЮТ 446 
2026-07-29,FLYONE Armenia,Выдача до 30 минут,3F 321 
2026-07-29,Победа,Выдача до 30 минут,ДР 744 
2026-07-29,Россия,Некорректно проставлены отметки,ФВ 6005 
2026-07-29,Nesma Airlines,Выдача от 30 до 40 минут,NE 600 
2026-07-29,Победа,Выдача до 30 минут,ДР 466 
2026-07-29,Turkish Airlines,Выдача до 30 минут,TK 413 
2026-07-29,Победа,Выдача до 30 минут,ДР 408 
2026-07-29,Россия,Выдача до 30 минут,ФВ 6007 
2026-07-29,Turkish Airlines,Выдача до 30 минут,TK 3070 
2026-07-29,Aero Nomad,Выдача до 30 минут,КГ 555 
2026-07-29,Ютэйр,Выдача до 30 минут,ЮТ 572 
2026-07-29,Белавиа,Выдача до 30 минут,В2 981 
2026-07-29,Ютэйр,Выдача до 30 минут,ЮТ 560 
2026-07-29,Turkish Airlines,Выдача до 30 минут,TK 419 
2026-07-29,Red Sea,Выдача до 30 минут,4S 319 
2026-07-29,Россия,Выдача до 30 минут,ФВ 6051 
2026-07-29,Turkish Airlines,Выдача до 30 минут,TK 3154 
2026-07-29,Pegasus,Выдача более 40 минут,PC 386 
2026-07-29,Ютэйр,Выдача до 30 минут,ЮТ 454 
2026-07-29,Pegasus,Выдача до 30 минут,PC 1458 
2026-07-29,UZBEKISTAN AIRWAYS,Выдача до 30 минут,ХИ 9607 
2026-07-29,Turkish Airlines,Выдача до 30 минут,TK 3172 
2026-07-29,Ютэйр,Выдача до 30 минут,ЮТ 356 
2026-07-29,Aero Nomad,Выдача до 30 минут,КГ 503 
2026-07-29,Алроса,Выдача до 30 минут,ЯМ 597 
2026-07-29,Turkish Airlines,Выдача до 30 минут,TK 3120 
2026-07-29,Победа,Выдача до 30 минут,ДР 1422 
2026-07-29,AZAL,Выдача от 30 до 40 минут,J2 807 
2026-07-30,Северо-Запад,Выдача до 30 минут,НВЦ 9152 
2026-07-30,Победа,Выдача до 30 минут,PBD 840 
2026-07-30,Россия,Выдача до 30 минут,ФВ 6181 
2026-07-30,Россия,Выдача до 30 минут,ФВ 6037 
2026-07-30,SCAT Airlines,Выдача до 30 минут,DV 815 
2026-07-30,Ютэйр,Выдача до 30 минут,ЮТ 746 
2026-07-30,UZBEKISTAN AIRWAYS,Выдача до 30 минут,ХИ 613 
2026-07-30,Pegasus,Выдача до 30 минут,PC 1576 
2026-07-30,Ютэйр,Выдача до 30 минут,ЮТ 784 
2026-07-30,Победа,Выдача до 30 минут,ДР 404 
2026-07-30,Победа,Выдача до 30 минут,ДР 968 
2026-07-30,Ютэйр,Выдача до 30 минут,УТА 9026 
2026-07-30,Россия,Выдача до 30 минут,ФВ 6169 
2026-07-30,Россия,Выдача до 30 минут,ФВ 6183 
2026-07-30,AZAL,Выдача более 40 минут,J2 805 
2026-07-30,GEORGIAN AIRWAYS,Выдача до 30 минут,ЖГ 926 
2026-07-30,Red Sea,Выдача до 30 минут,4S 341 
2026-07-30,Россия,Выдача до 30 минут,ФВ 6031 
2026-07-30,Победа,Выдача до 30 минут,ДР 856 
2026-07-30,Якутия,Выдача до 30 минут,ЯК 465 
2026-07-30,Победа,Выдача до 30 минут,ДР 262 
2026-07-30,GEORGIAN AIRWAYS,Выдача до 30 минут,ЖГ 937 
2026-07-30,Газпром авиа,Выдача до 30 минут,ГЗП 292 
2026-07-30,Turkish Airlines,Выдача более 40 минут,TK 417 
2026-07-30,Алроса,Выдача до 30 минут,ЯМ 543 
2026-07-30,Россия,Выдача до 30 минут,ФВ 6025 
2026-07-30,Nesma Airlines,Выдача до 30 минут,NE 614 
2026-07-30,Победа,Выдача до 30 минут,ДР 158 
2026-07-30,Turkish Airlines,Выдача до 30 минут,TK 3026 
2026-07-30,Победа,Выдача до 30 минут,ДР 466 
2026-07-30,Белавиа,Выдача до 30 минут,В2 983 
2026-07-30,flydubai,Выдача до 30 минут,FZ 989 
2026-07-30,Pegasus,Выдача до 30 минут,PC 388 
2026-07-30,Россия,Выдача до 30 минут,ФВ 6027 
2026-07-30,Ютэйр,Выдача до 30 минут,ЮТ 744 
2026-07-30,Азимут,Выдача до 30 минут,А4 7030 
2026-07-30,Turkish Airlines,Выдача до 30 минут,TK 3066 
2026-07-30,GEORGIAN AIRWAYS,Выдача до 30 минут,AZO 7054 
2026-07-30,Ютэйр,Выдача до 30 минут,ЮТ 374 
2026-07-30,Азимут,Выдача до 30 минут,А4 7010 
2026-07-30,Победа,Выдача до 30 минут,ДР 964 
2026-07-30,FLYONE Armenia,Выдача до 30 минут,УР 512 
2026-07-30,Победа,Выдача до 30 минут,ДР 206 
2026-07-30,Nesma Airlines,Выдача до 30 минут,NE 640 
2026-07-30,Азимут,Выдача до 30 минут,А4 7036 
2026-07-30,Россия,Выдача до 30 минут,ФВ 6185 
2026-07-30,Pegasus,Выдача до 30 минут,PC 1580 
2026-07-30,Победа,Выдача до 30 минут,ДР 190 
2026-07-30,Ютэйр,Выдача до 30 минут,ЮТ 376 
2026-07-30,Победа,Выдача до 30 минут,ДР 194 
2026-07-30,flydubai,Выдача до 30 минут,FZ 987 
2026-07-30,Победа,Выдача до 30 минут,ДР 114 
2026-07-30,Победа,Выдача до 30 минут,ДР 486 
2026-07-30,Ютэйр,Выдача до 30 минут,ЮТ 398 
2026-07-30,Turkish Airlines,Некорректно проставлены отметки,TK 411 
2026-07-30,Белавиа,Выдача до 30 минут,В2 985 
2026-07-30,Ютэйр,Выдача до 30 минут,ЮТ 358B
2026-07-30,Россия,Выдача до 30 минут,ФВ 6177 
2026-07-30,UZBEKISTAN AIRWAYS,Выдача до 30 минут,ХИ 9619 
2026-07-30,AZAL,Выдача до 30 минут,J2 5830 
2026-07-30,Россия,Выдача до 30 минут,ФВ 6175 
2026-07-30,Победа,Выдача до 30 минут,ДР 200 
2026-07-30,Ютэйр,Выдача до 30 минут,ЮТ 296 
2026-07-30,Россия,Выдача до 30 минут,ФВ 6179 
2026-07-30,Руслайн,Выдача до 30 минут,РГ 194 
2026-07-30,Ютэйр,Выдача до 30 минут,ЮТ 464 
2026-07-30,АЗУР эйр,Не определено,АЗЖ 6690 
2026-07-30,FLYONE Armenia,Выдача до 30 минут,3F 325 
2026-07-30,Победа,Выдача до 30 минут,ДР 836 
2026-07-30,Ютэйр,Выдача до 30 минут,ЮТ 726 
2026-07-30,UZBEKISTAN AIRWAYS,Выдача до 30 минут,ХИ 9627 
2026-07-30,Победа,Выдача до 30 минут,PBD 980 
2026-07-30,Ютэйр,Выдача до 30 минут,ЮТ 786 
2026-07-30,Ютэйр,Выдача до 30 минут,ЮТ 250 
2026-07-30,Победа,Выдача до 30 минут,ДР 996 
2026-07-30,Turkish Airlines,Выдача до 30 минут,TK 415 
2026-07-30,ЮВТ АЭРО,Выдача до 30 минут,ЮВ 204 
2026-07-30,Ютэйр,Выдача до 30 минут,ЮТ 576 
2026-07-30,UZBEKISTAN AIRWAYS,Выдача от 30 до 40 минут,ХИ 605 
2026-07-30,Россия,Выдача до 30 минут,ФВ 6051 
2026-07-30,Победа,Выдача до 30 минут,ДР 730 
2026-07-30,Россия,Выдача до 30 минут,ФВ 6009 
2026-07-30,Победа,Выдача до 30 минут,ДР 208 
2026-07-30,Победа,Выдача до 30 минут,ДР 210 
2026-07-30,Turkish Airlines,Выдача до 30 минут,TK 3122 
2026-07-30,Pegasus,Выдача от 30 до 40 минут,PC 386 
2026-07-30,Nesma Airlines,Выдача до 30 минут,NE 646 
2026-07-30,Nesma Airlines,Выдача до 30 минут,NE 602 
2026-07-30,Red Sea,Выдача до 30 минут,4S 337 
2026-07-30,FLYONE Armenia,Выдача до 30 минут,3F 323 
2026-07-30,Nesma Airlines,Выдача до 30 минут,NE 490 
2026-07-30,ЮВТ АЭРО,Выдача до 30 минут,ЮВ 301 
2026-07-30,AJET,Выдача до 30 минут,VF 587 
2026-07-30,Nesma Airlines,Выдача от 30 до 40 минут,NE 644 
2026-07-30,Pegasus,Выдача от 30 до 40 минут,PC 1456 
2026-07-30,AJET,Выдача до 30 минут,VF 277 
2026-07-30,Pegasus,Выдача до 30 минут,PC 390 
2026-07-30,Turkish Airlines,Выдача от 30 до 40 минут,TK 3006 
2026-07-30,Turkish Airlines,Выдача до 30 минут,TK 419 
2026-07-30,Turkish Airlines,Выдача до 30 минут,TK 3036 
2026-07-30,Pegasus,Выдача до 30 минут,PC 1521 
2026-07-30,GEORGIAN AIRWAYS,Выдача до 30 минут,AZO 7072 
2026-07-30,Turkish Airlines,Выдача до 30 минут,TK 3070 
2026-07-30,Turkish Airlines,Выдача до 30 минут,TK 3060 
2026-07-30,Россия,Выдача до 30 минут,ФВ 6007 
2026-07-30,Turkish Airlines,Выдача до 30 минут,TK 409 
2026-07-30,Turkish Airlines,Выдача до 30 минут,TK 413 
2026-07-30,AJET,Выдача от 30 до 40 минут,VF 275 
2026-07-30,Белавиа,Выдача до 30 минут,В2 981 
2026-07-30,AZAL,Выдача до 30 минут,J2 807 
2026-07-30,Ютэйр,Выдача до 30 минут,ЮТ 352 
2026-07-30,GEORGIAN AIRWAYS,Выдача до 30 минут,ЖГ 936 
2026-07-30,Turkish Airlines,Выдача от 30 до 40 минут,TK 407 
2026-07-30,Shirak Avia,Выдача до 30 минут,ЮБГ 809 
2026-07-30,Pegasus,Выдача до 30 минут,PC 1458 
2026-07-30,FLYONE Armenia,Выдача до 30 минут,3F 321 
2026-07-30,Победа,Выдача до 30 минут,ДР 436 
2026-07-30,Turkish Airlines,Выдача от 30 до 40 минут,TK 3178 
2026-07-30,Победа,Некорректно проставлены отметки,ДР 968B
2026-07-30,Turkish Airlines,Выдача до 30 минут,TK 211 
2026-07-30,SCAT Airlines,Выдача до 30 минут,DV 813 
2026-07-30,Ютэйр,Выдача до 30 минут,ЮТ 560 
2026-07-30,Aero Nomad,Выдача до 30 минут,КГ 555 
2026-07-30,Россия,Выдача до 30 минут,ФВ 6003 
2026-07-30,Вологодское АП,Не определено,ВГ 2390 
2026-07-30,Не найдено,Выдача до 30 минут,TC 422 
2026-07-30,Победа,Выдача до 30 минут,ДР 264 
2026-07-30,Победа,Выдача до 30 минут,ДР 1486 
2026-07-30,Pegasus,Выдача от 30 до 40 минут,PC 1576 
2026-07-30,Россия,Выдача до 30 минут,ФВ 6005 
2026-07-30,Победа,Выдача до 30 минут,ДР 414 
2026-07-30,Turkish Airlines,Выдача до 30 минут,TK 3154 
2026-07-30,GEORGIAN AIRWAYS,Выдача до 30 минут,ЖГ 932 
2026-07-30,Turkish Airlines,Выдача до 30 минут,TK 3084 
2026-07-30,Turkish Airlines,Выдача более 40 минут,TK 217 
2026-07-30,Turkish Airlines,Выдача от 30 до 40 минут,TK 3002 
2026-07-30,Turkish Airlines,Выдача до 30 минут,TK 1231 
2026-07-30,SCAT Airlines,Выдача до 30 минут,DV 809 
2026-07-30,Победа,Выдача до 30 минут,ДР 732 
2026-07-30,Россия,Выдача до 30 минут,ФВ 6189 
2026-07-30,UZBEKISTAN AIRWAYS,Выдача до 30 минут,ХИ 9615 
2026-07-30,Ютэйр,Выдача до 30 минут,ЮТ 356 
2026-07-30,Ютэйр,Выдача до 30 минут,ЮТ 400 
2026-07-30,Победа,Выдача до 30 минут,ДР 408 
2026-07-30,UZBEKISTAN AIRWAYS,Выдача до 30 минут,ХИ 9607 
2026-07-30,Россия,Выдача до 30 минут,ФВ 6019 
2026-07-30,Победа,Выдача до 30 минут,ДР 434 
2026-07-30,Победа,Выдача до 30 минут,ДР 744 
2026-07-30,Ютэйр,Выдача до 30 минут,ЮТ 808 
2026-07-30,Ютэйр,Выдача до 30 минут,ЮТ 454 
2026-07-30,Ютэйр,Выдача до 30 минут,ЮТ 364 
2026-07-30,Ютэйр,Выдача от 30 до 40 минут,ЮТ 572 
2026-07-30,Turkish Airlines,Выдача до 30 минут,TK 3012 
2026-07-30,Ютэйр,Выдача до 30 минут,ЮТ 248 
2026-07-30,Turkish Airlines,Выдача от 30 до 40 минут,TK 421 
2026-07-30,GEORGIAN AIRWAYS,Некорректно проставлены отметки,AZO 7154 
2026-07-30,Turkish Airlines,Выдача до 30 минут,TK 3014 
2026-07-30,Победа,Выдача до 30 минут,ДР 714 
2026-07-31,Ютэйр,Выдача до 30 минут,ЮТ 374 
2026-07-31,Turkish Airlines,Выдача от 30 до 40 минут,TK 3178 
2026-07-31,Россия,Выдача до 30 минут,ФВ 6175 
2026-07-31,Pegasus,Выдача от 30 до 40 минут,PC 1521 
2026-07-31,Победа,Выдача до 30 минут,ДР 836 
2026-07-31,Северсталь,Выдача до 30 минут,ССФ 9500 
2026-07-31,Ютэйр,Выдача до 30 минут,ЮТ 358 
2026-07-31,AJET,Выдача от 30 до 40 минут,VF 275 
2026-07-31,Turkish Airlines,Выдача до 30 минут,TK 415 
2026-07-31,FLYONE Armenia,Выдача до 30 минут,3F 325 
2026-07-31,GEORGIAN AIRWAYS,Выдача до 30 минут,AZO 7054 
2026-07-31,Победа,Некорректно проставлены отметки,PBD 860 
2026-07-31,Ютэйр,Выдача до 30 минут,ЮТ 464 
2026-07-31,Ютэйр,Выдача до 30 минут,ЮТ 456 
2026-07-31,Победа,Выдача до 30 минут,PBD 980 
2026-07-31,Turkish Airlines,Выдача до 30 минут,TK 3178 
2026-07-31,Turkish Airlines,Выдача от 30 до 40 минут,TK 3084 
2026-07-31,GEORGIAN AIRWAYS,Выдача до 30 минут,AZO 7008 
2026-07-31,flydubai,Выдача до 30 минут,FZ 989 
2026-07-31,Россия,Выдача до 30 минут,ФВ 6031 
2026-07-31,Победа,Выдача до 30 минут,ДР 170 
2026-07-31,Алроса,Выдача до 30 минут,ЯМ 543 
2026-07-31,Белавиа,Выдача до 30 минут,В2 979 
2026-07-31,GEORGIAN AIRWAYS,Выдача до 30 минут,ЖГ 926 
2026-07-31,ЮВТ АЭРО,Выдача до 30 минут,ЮВ 303 
2026-07-31,Азимут,Выдача до 30 минут,А4 7010 
2026-07-31,Руслайн,Выдача до 30 минут,РГ 194 
2026-07-31,AZAL,Выдача до 30 минут,J2 809A
2026-07-31,Россия,Выдача до 30 минут,ФВ 6025 
2026-07-31,АЗУР эйр,Выдача до 30 минут,AZV 3008 
2026-07-31,Pegasus,Выдача до 30 минут,PC 388 
2026-07-31,Turkish Airlines,Выдача до 30 минут,TK 3008 
2026-07-31,Turkish Airlines,Выдача до 30 минут,TK 3082 
2026-07-31,Россия,Выдача до 30 минут,ФВ 6027 
2026-07-31,Ютэйр,Выдача до 30 минут,ЮТ 560 
2026-07-31,Ютэйр,Выдача до 30 минут,ЮТ 334 
2026-07-31,Победа,Выдача до 30 минут,ДР 856 
2026-07-31,Победа,Выдача до 30 минут,ДР 160 
2026-07-31,Россия,Выдача до 30 минут,ФВ 6177 
2026-07-31,Ютэйр,Выдача до 30 минут,ЮТ 250 
2026-07-31,Россия,Выдача до 30 минут,ФВ 6179 
2026-07-31,AZAL,Выдача до 30 минут,J2 805 
2026-07-31,SCAT Airlines,Выдача более 40 минут,DV 813 
2026-07-31,Азимут,Выдача до 30 минут,А4 7036 
2026-07-31,Белавиа,Выдача до 30 минут,В2 981 
2026-07-31,Nesma Airlines,Выдача до 30 минут,NE 602 
2026-07-31,Ютэйр,Выдача до 30 минут,ЮТ 364 
2026-07-31,Ютэйр,Выдача до 30 минут,ЮТ 398 
2026-07-31,Победа,Выдача до 30 минут,ДР 968 
2026-07-31,Turkish Airlines,Выдача до 30 минут,TK 411 
2026-07-31,Ютэйр,Выдача до 30 минут,ЮТ 576 
2026-07-31,Ютэйр,Выдача до 30 минут,ЮТ 248 
2026-07-31,Red Sea,Выдача до 30 минут,4S 311 
2026-07-31,SCAT Airlines,Выдача до 30 минут,DV 809 
2026-07-31,AZAL,Выдача до 30 минут,J2 809 
2026-07-31,Победа,Выдача до 30 минут,ДР 422 
2026-07-31,Россия,Выдача до 30 минут,ФВ 6169 
2026-07-31,Победа,Выдача до 30 минут,PBD 736 
2026-07-31,Россия,Выдача до 30 минут,ФВ 6185 
2026-07-31,Ютэйр,Выдача до 30 минут,ЮТ 784 
2026-07-31,FLYONE Armenia,Выдача до 30 минут,УР 514 
2026-07-31,АЗУР эйр,Выдача до 30 минут,AZV 3014 
2026-07-31,Россия,Выдача до 30 минут,ФВ 6181 
2026-07-31,Россия,Выдача до 30 минут,ФВ 6183 
2026-07-31,Вологодское АП,Не определено,ВГ 2392 
2026-07-31,Победа,Выдача до 30 минут,ДР 194 
2026-07-31,Ютэйр,Выдача до 30 минут,ЮТ 296 
2026-07-31,UZBEKISTAN AIRWAYS,Выдача от 30 до 40 минут,ХИ 9627 
2026-07-31,Россия,Выдача до 30 минут,ФВ 6187 
2026-07-31,AZAL,Выдача до 30 минут,J2 5830 
2026-07-31,Победа,Выдача до 30 минут,ДР 262 
2026-07-31,UZBEKISTAN AIRWAYS,Выдача до 30 минут,ХИ 9619 
2026-07-31,SCAT Airlines,Выдача до 30 минут,DV 815 
2026-07-31,Turkish Airlines,Выдача до 30 минут,TK 3120 
2026-07-31,GEORGIAN AIRWAYS,Выдача до 30 минут,AZO 7018 
2026-07-31,Победа,Выдача до 30 минут,ДР 158 
2026-07-31,Северо-Запад,Выдача до 30 минут,НВЦ 9152 
2026-07-31,Победа,Выдача до 30 минут,ДР 964 
2026-07-31,Ютэйр,Выдача от 30 до 40 минут,ЮТ 180 
2026-07-31,Aero Nomad,Выдача до 30 минут,КГ 503 
2026-07-31,Nesma Airlines,Выдача до 30 минут,NE 646 
2026-07-31,Победа,Выдача до 30 минут,ДР 436 
2026-07-31,UZBEKISTAN AIRWAYS,Выдача до 30 минут,ХИ 613 
2026-07-31,Ютэйр,Выдача до 30 минут,ЮТ 786B
2026-07-31,Ютэйр,Выдача до 30 минут,ЮТ 276 
2026-07-31,Победа,Выдача до 30 минут,ДР 264 
2026-07-31,Turkish Airlines,Выдача более 40 минут,TK 419 
2026-07-31,Pegasus,Выдача до 30 минут,PC 390 
2026-07-31,Red Sea,Выдача до 30 минут,4S 315 
2026-07-31,GEORGIAN AIRWAYS,Выдача до 30 минут,ЖГ 932 
2026-07-31,Nesma Airlines,Выдача до 30 минут,NE 600 
2026-07-31,Turkish Airlines,Выдача до 30 минут,TK 3154 
2026-07-31,Turkish Airlines,Выдача до 30 минут,TK 3006 
2026-07-31,Ютэйр,Выдача от 30 до 40 минут,ЮТ 802B
2026-07-31,Turkish Airlines,Выдача до 30 минут,TK 3122 
2026-07-31,FLYONE Armenia,Выдача до 30 минут,3F 323 
2026-07-31,Turkish Airlines,Выдача более 40 минут,TK 3172 
2026-07-31,Pegasus,Выдача до 30 минут,PC 386 
2026-07-31,Red Sea,Выдача от 30 до 40 минут,4S 325 
2026-07-31,Nesma Airlines,Выдача до 30 минут,NE 642 
2026-07-31,Nesma Airlines,Выдача до 30 минут,NE 604 
2026-07-31,AJET,Выдача до 30 минут,VF 587 
2026-07-31,Pegasus,Выдача от 30 до 40 минут,PC 1456 
2026-07-31,AJET,Выдача до 30 минут,VF 277 
2026-07-31,Ютэйр,Выдача до 30 минут,ЮТ 400 
2026-07-31,Ютэйр,Выдача до 30 минут,ЮТ 572 
2026-07-31,Turkish Airlines,Выдача от 30 до 40 минут,TK 409 
2026-07-31,Ютэйр,Выдача до 30 минут,ЮТ 596 
2026-07-31,Turkish Airlines,Выдача от 30 до 40 минут,TK 3002 
2026-07-31,UZBEKISTAN AIRWAYS,Выдача до 30 минут,ХИ 9613 
2026-07-31,Turkish Airlines,Выдача до 30 минут,TK 217 
2026-07-31,Россия,Выдача до 30 минут,ФВ 6189 
2026-07-31,Meraj Air,Выдача от 30 до 40 минут,MRJ 4879 
2026-07-31,Ютэйр,Выдача от 30 до 40 минут,ЮТ 746 
2026-07-31,Победа,Выдача до 30 минут,ДР 1994 
2026-07-31,Turkish Airlines,Некорректно проставлены отметки,TK 6921 
2026-07-31,Turkish Airlines,Выдача от 30 до 40 минут,TK 421 
2026-07-31,Победа,Выдача до 30 минут,ДР 116 
2026-07-31,Turkish Airlines,Выдача до 30 минут,TK 3036 
2026-07-31,Победа,Выдача до 30 минут,ДР 188 
2026-07-31,Turkish Airlines,Выдача до 30 минут,TK 3014 
2026-07-31,АЗУР эйр,Выдача от 30 до 40 минут,AZV 3004 
2026-07-31,Россия,Выдача до 30 минут,ФВ 6037 
2026-07-31,Asia Union Airlines,Выдача до 30 минут,7Q 1777 
2026-07-31,Aero Nomad,Выдача до 30 минут,КГ 555 
2026-07-31,Turkish Airlines,Выдача до 30 минут,TK 407 
2026-07-31,SCAT Airlines,Выдача до 30 минут,DV 801 
2026-07-31,Россия,Выдача до 30 минут,ФВ 6009 
2026-07-31,Shirak Avia,Выдача до 30 минут,ЮБГ 809 
2026-07-31,GEORGIAN AIRWAYS,Выдача до 30 минут,AZO 7108 
2026-07-31,Pegasus,Выдача до 30 минут,PC 1458 
2026-07-31,Россия,Выдача до 30 минут,ФВ 6013 
2026-07-31,FLYONE Armenia,Выдача до 30 минут,3F 321 
2026-07-31,Россия,Выдача до 30 минут,ФВ 6005 
2026-07-31,Ютэйр,Выдача до 30 минут,ЮТ 446 
2026-07-31,Победа,Выдача до 30 минут,ДР 466 
2026-07-31,Turkish Airlines,Выдача до 30 минут,TK 413 
2026-07-31,Turkish Airlines,Выдача до 30 минут,TK 3164 
2026-07-31,AZAL,Выдача до 30 минут,J2 807 
2026-07-31,Россия,Выдача до 30 минут,ФВ 6007 
2026-07-31,GEORGIAN AIRWAYS,Выдача до 30 минут,ЖГ 936 
2026-07-31,Turkish Airlines,Выдача до 30 минут,TK 3070 
2026-07-31,Shirak Avia,Выдача от 30 до 40 минут,ЮБГ 509 
2026-07-31,Turkish Airlines,Выдача до 30 минут,TK 1231 
2026-07-31,Ютэйр,Выдача до 30 минут,ЮТ 356 
2026-07-31,Победа,Выдача до 30 минут,ДР 734 
2026-07-31,Победа,Выдача до 30 минут,ДР 742 
2026-07-31,Победа,Выдача до 30 минут,ДР 434 
2026-07-31,UZBEKISTAN AIRWAYS,Выдача до 30 минут,ХИ 9607 
2026-07-31,UZBEKISTAN AIRWAYS,Выдача до 30 минут,ХИ 9615 
2026-07-31,GEORGIAN AIRWAYS,Выдача до 30 минут,AZO 7154 
2026-07-31,Pegasus,Выдача до 30 минут,PC 1580 
2026-07-31,Ютэйр,Выдача до 30 минут,ЮТ 454 
2026-07-31,Россия,Выдача до 30 минут,ФВ 6019 
2026-07-31,Победа,Выдача до 30 минут,ДР 414 
2026-07-31,Nesma Airlines,Выдача до 30 минут,NE 620 
2026-07-31,Ютэйр,Выдача до 30 минут,ЮТ 352 
2026-07-31,Ютэйр,Выдача от 30 до 40 минут,ЮТ 790 
2026-07-31,UZBEKISTAN AIRWAYS,Выдача до 30 минут,ХИ 605 
2026-07-31,Россия,Выдача до 30 минут,ФВ 6051 
2026-07-31,Turkish Airlines,Выдача от 30 до 40 минут,TK 417 
2026-07-31,Алроса,Выдача до 30 минут,ЯМ 597 
2026-07-31,Россия,Выдача до 30 минут,ФВ 6003 
2026-07-31,Nesma Airlines,Выдача от 30 до 40 минут,NE 618 
2026-07-31,Вологодское АП,Не определено,ВГ 2390 
2026-07-31,Turkish Airlines,Выдача до 30 минут,TK 6911 
2026-07-31,Turkish Airlines,Выдача до 30 минут,TK 211 
