date,company,bag_status,flight
2026-06-08,Turkish Airlines,Выдача до 30 минут,TK 3002 
2026-06-08,Turkish Airlines,Выдача до 30 минут,TK 3060 
2026-06-08,Победа,Выдача до 30 минут,ДР 486 
2026-06-08,Turkish Airlines,Выдача до 30 минут,TK 217 
2026-06-08,Turkish Airlines,Выдача до 30 минут,TK 3178 
2026-06-08,Россия,Выдача до 30 минут,ФВ 6189 
2026-06-08,Ютэйр,Выдача до 30 минут,ЮТ 358 
2026-06-08,Turkish Airlines,Выдача до 30 минут,TK 3014 
2026-06-08,AJET,Выдача до 30 минут,VF 275 
2026-06-08,Turkish Airlines,Выдача до 30 минут,TK 3036 
2026-06-08,Победа,Выдача до 30 минут,ДР 198 
2026-06-08,Turkish Airlines,Выдача до 30 минут,TK 421 
2026-06-08,flydubai,Выдача до 30 минут,FZ 987 
2026-06-08,Победа,Некорректно проставлены отметки,ДР 1264 
2026-06-08,Ютэйр,Выдача до 30 минут,ЮТ 376 
2026-06-08,GEORGIAN AIRWAYS,Выдача до 30 минут,AZO 7008 
2026-06-08,GEORGIAN AIRWAYS,Выдача до 30 минут,ЖГ 932 
2026-06-08,Россия,Выдача до 30 минут,ФВ 6161 
2026-06-08,Turkish Airlines,Выдача до 30 минут,TK 3154 
2026-06-08,Pegasus,Выдача до 30 минут,PC 1521 
2026-06-08,Turkish Airlines,Выдача до 30 минут,TK 3084 
2026-06-08,Победа,Выдача до 30 минут,ДР 476 
2026-06-08,Победа,Некорректно проставлены отметки,ДР 422D
2026-06-08,Nesma Airlines,Выдача до 30 минут,NE 644 
2026-06-08,Pegasus,Выдача от 30 до 40 минут,PC 386 
2026-06-08,Победа,Выдача до 30 минут,ДР 6950 
2026-06-08,AJET,Выдача до 30 минут,VF 587 
2026-06-08,FLYONE Armenia,Выдача до 30 минут,3F 323 
2026-06-08,Pegasus,Выдача до 30 минут,PC 1456 
2026-06-08,Turkish Airlines,Выдача до 30 минут,TK 419 
2026-06-08,AJET,Выдача до 30 минут,VF 277 
2026-06-08,Pegasus,Выдача до 30 минут,PC 390 
2026-06-08,Победа,Выдача до 30 минут,ДР 116D
2026-06-08,Победа,Выдача до 30 минут,ДР 408 
2026-06-08,Nesma Airlines,Выдача до 30 минут,NE 600 
2026-06-08,Победа,Выдача до 30 минут,ДР 436 
2026-06-08,Asia Union Airlines,Выдача до 30 минут,7Q 1777 
2026-06-08,Turkish Airlines,Выдача до 30 минут,TK 407 
2026-06-08,Pegasus,Выдача до 30 минут,PC 1458 
2026-06-08,ЮВТ АЭРО,Выдача до 30 минут,ЮВ 301 
2026-06-08,Победа,Выдача до 30 минут,ДР 434 
2026-06-08,Nesma Airlines,Выдача до 30 минут,NE 618 
2026-06-08,Ютэйр,Выдача до 30 минут,ЮТ 786 
2026-06-08,Победа,Выдача до 30 минут,ДР 414 
2026-06-08,Red Sea,Выдача до 30 минут,4S 337 
2026-06-08,Россия,Выдача до 30 минут,ФВ 6019 
2026-06-08,Азимут,Некорректно проставлены отметки,А4 7062 
2026-06-08,UZBEKISTAN AIRWAYS,Выдача до 30 минут,ХИ 9607 
2026-06-08,UZBEKISTAN AIRWAYS,Выдача до 30 минут,ХИ 9813 
2026-06-08,UZBEKISTAN AIRWAYS,Выдача до 30 минут,ХИ 9615 
2026-06-08,Белавиа,Выдача до 30 минут,В2 981 
2026-06-08,Nesma Airlines,Выдача до 30 минут,NE 610 
2026-06-08,Ютэйр,Выдача до 30 минут,ЮТ 572 
2026-06-08,Победа,Некорректно проставлены отметки,ДР 744 
2026-06-08,Ютэйр,Выдача до 30 минут,ЮТ 454 
2026-06-08,Ютэйр,Выдача до 30 минут,ЮТ 248 
2026-06-08,Россия,Выдача до 30 минут,ФВ 6051 
2026-06-08,Якутия,Выдача до 30 минут,ЯК 473 
2026-06-08,Азимут,Выдача до 30 минут,А4 7020 
2026-06-08,Ютэйр,Выдача до 30 минут,ЮТ 352 
2026-06-08,SCAT Airlines,Выдача до 30 минут,DV 809 
2026-06-08,FLYONE Armenia,Выдача до 30 минут,3F 321 
2026-06-08,Ютэйр,Выдача до 30 минут,ЮТ 356 
2026-06-08,Ютэйр,Выдача от 30 до 40 минут,ЮТ 560 
2026-06-08,Алроса,Выдача до 30 минут,ЯМ 597 
2026-06-08,Россия,Выдача до 30 минут,ФВ 6003 
2026-06-08,Aero Nomad,Выдача от 30 до 40 минут,КГ 555 
2026-06-08,Вологодское АП,Некорректно проставлены отметки,ВГ 2390 
2026-06-08,АЗУР эйр,Выдача до 30 минут,AZV 3004 
2026-06-08,Ютэйр,Выдача до 30 минут,ЮТ 276F
2026-06-08,АЗУР эйр,Выдача до 30 минут,AZV 3002 
2026-06-08,SCAT Airlines,Выдача до 30 минут,DV 801 
2026-06-08,Ютэйр,Выдача до 30 минут,ЮТ 446 
2026-06-08,Россия,Выдача до 30 минут,ФВ 6005 
2026-06-08,Победа,Выдача до 30 минут,ДР 424 
2026-06-08,Turkish Airlines,Выдача до 30 минут,TK 413 
2026-06-08,AZAL,Выдача до 30 минут,J2 807 
2026-06-08,Россия,Выдача до 30 минут,ФВ 6007 
2026-06-08,Азимут,Выдача до 30 минут,А4 7034 
2026-06-08,Ютэйр,Выдача от 30 до 40 минут,ЮТ 364 
2026-06-08,Россия,Выдача до 30 минут,ФВ 6009 
2026-06-08,Turkish Airlines,Выдача до 30 минут,TK 1231 
2026-06-08,АЗУР эйр,Выдача до 30 минут,AZV 3014 
2026-06-08,Россия,Выдача до 30 минут,ФВ 6025 
2026-06-08,Алроса,Выдача до 30 минут,ЯМ 543 
2026-06-08,Turkish Airlines,Выдача до 30 минут,TK 417 
2026-06-08,Газпром авиа,Выдача до 30 минут,ГЗП 260 
2026-06-08,Pegasus,Выдача до 30 минут,PC 388 
2026-06-08,Победа,Выдача до 30 минут,ДР 856 
2026-06-08,Победа,Выдача до 30 минут,ДР 262 
2026-06-08,Северо-Запад,Выдача до 30 минут,НВЦ 9152 
2026-06-08,Россия,Выдача до 30 минут,ФВ 6031 
2026-06-08,flydubai,Выдача до 30 минут,FZ 989 
2026-06-08,Россия,Выдача до 30 минут,ФВ 6037 
2026-06-08,GEORGIAN AIRWAYS,Выдача до 30 минут,ЖГ 926 
2026-06-08,Азимут,Выдача до 30 минут,А4 7010 
2026-06-08,Ютэйр,Выдача до 30 минут,ЮТ 276 
2026-06-08,Победа,Выдача до 30 минут,ДР 114 
2026-06-08,Россия,Выдача до 30 минут,ФВ 6175 
2026-06-08,Ютэйр,Выдача до 30 минут,ЮТ 596 
2026-06-08,Руслайн,Выдача до 30 минут,РГ 194 
2026-06-08,Red Sea,Выдача от 30 до 40 минут,4S 341 
2026-06-08,Победа,Выдача до 30 минут,ДР 466 
2026-06-08,FLYONE Armenia,Выдача до 30 минут,3F 325 
2026-06-08,Победа,Выдача до 30 минут,ДР 836 
2026-06-08,Ютэйр,Выдача до 30 минут,ЮТ 400 
2026-06-08,Ютэйр,Выдача до 30 минут,ЮТ 746 
2026-06-08,Якутия,Выдача до 30 минут,ЯК 474 
2026-06-08,Ютэйр,Выдача до 30 минут,ЮТ 456 
2026-06-08,Россия,Выдача до 30 минут,ФВ 6177 
2026-06-08,Победа,Выдача до 30 минут,ДР 194 
2026-06-08,Turkish Airlines,Выдача до 30 минут,TK 415 
2026-06-08,Ютэйр,Выдача до 30 минут,ЮТ 464 
2026-06-08,UZBEKISTAN AIRWAYS,Выдача до 30 минут,ХИ 9625 
2026-06-08,Победа,Выдача до 30 минут,PBD 736 
2026-06-08,Ютэйр,Выдача до 30 минут,ЮТ 374 
2026-06-08,Газпром авиа,Выдача до 30 минут,ГЗП 252 
2026-06-08,UZBEKISTAN AIRWAYS,Выдача до 30 минут,ХИ 9627 
2026-06-08,Победа,Выдача от 30 до 40 минут,PBD 840 
2026-06-08,Ютэйр,Выдача до 30 минут,ЮТ 296 
2026-06-08,Победа,Выдача до 30 минут,ДР 206 
2026-06-08,Ютэйр,Выдача от 30 до 40 минут,ЮТ 810 
2026-06-08,Ютэйр,Некорректно проставлены отметки,ЮТ 576 
2026-06-08,Ютэйр,Выдача до 30 минут,ЮТ 398 
2026-06-08,FLYONE Armenia,Выдача до 30 минут,УР 514 
2026-06-08,Россия,Выдача до 30 минут,ФВ 6179 
2026-06-08,UZBEKISTAN AIRWAYS,Выдача до 30 минут,ХИ 613 
2026-06-08,UZBEKISTAN AIRWAYS,Выдача более 40 минут,ХИ 9619 
2026-06-08,Россия,Выдача до 30 минут,ФВ 6181 
2026-06-08,GEORGIAN AIRWAYS,Выдача до 30 минут,AZO 7054 
2026-06-08,AZAL,Выдача до 30 минут,J2 5830 
2026-06-08,Победа,Выдача до 30 минут,ДР 158 
2026-06-08,SCAT Airlines,Выдача до 30 минут,DV 815 
2026-06-08,Победа,Выдача до 30 минут,ДР 994 
2026-06-08,Ютэйр,Выдача до 30 минут,ЮТ 180 
2026-06-08,ЮВТ АЭРО,Выдача до 30 минут,ЮВ 204 
2026-06-08,Азимут,Выдача до 30 минут,А4 7030 
2026-06-08,Россия,Выдача до 30 минут,ФВ 6183 
2026-06-08,Ютэйр,Выдача до 30 минут,ЮТ 784 
2026-06-08,Победа,Выдача до 30 минут,ДР 190 
2026-06-08,AZAL,Выдача до 30 минут,J2 803 
2026-06-08,Россия,Выдача до 30 минут,ФВ 6185 
2026-06-08,Победа,Некорректно проставлены отметки,ДР 170 
2026-06-08,SCAT Airlines,Выдача до 30 минут,DV 813 
2026-06-08,Pegasus,Выдача от 30 до 40 минут,PC 1580 
2026-06-08,Red Sea,Выдача до 30 минут,4S 311 
2026-06-08,Азимут,Выдача до 30 минут,А4 7036 
2026-06-08,Победа,Выдача до 30 минут,ДР 210 
2026-06-08,Turkish Airlines,Выдача до 30 минут,TK 411 
2026-06-08,Победа,Выдача до 30 минут,ДР 968 
2026-06-08,UZBEKISTAN AIRWAYS,Выдача до 30 минут,ХИ 605 
2026-06-08,Победа,Выдача до 30 минут,ДР 116 
2026-06-08,Победа,Выдача до 30 минут,ДР 422 
2026-06-08,Turkish Airlines,Выдача до 30 минут,TK 211 
2026-06-08,Победа,Выдача до 30 минут,ДР 168 
2026-06-08,Победа,Выдача до 30 минут,ДР 264 
2026-06-08,Ютэйр,Выдача до 30 минут,ЮТ 1376 
2026-06-08,Turkish Airlines,Выдача до 30 минут,TK 409 
2026-06-09,Pegasus,Выдача до 30 минут,PC 1576 
2026-06-09,Turkish Airlines,Выдача до 30 минут,TK 3060 
2026-06-09,Turkish Airlines,Выдача до 30 минут,TK 217 
2026-06-09,flydubai,Выдача до 30 минут,FZ 987 
2026-06-09,Россия,Выдача до 30 минут,ФВ 6189 
2026-06-09,Turkish Airlines,Выдача до 30 минут,TK 3002 
2026-06-09,Turkish Airlines,Выдача до 30 минут,TK 3178 
2026-06-09,Turkish Airlines,Выдача до 30 минут,TK 3014 
2026-06-09,Победа,Выдача до 30 минут,ДР 208 
2026-06-09,Turkish Airlines,Выдача до 30 минут,TK 3084 
2026-06-09,AZAL,Выдача до 30 минут,J2 809 
2026-06-09,Pegasus,Выдача от 30 до 40 минут,PC 1521 
2026-06-09,Ютэйр,Некорректно проставлены отметки,ЮТ 802 
2026-06-09,Turkish Airlines,Выдача до 30 минут,TK 421 
2026-06-09,AJET,Выдача до 30 минут,VF 275 
2026-06-09,Победа,Выдача до 30 минут,ДР 476 
2026-06-09,Turkish Airlines,Выдача до 30 минут,TK 3036 
2026-06-09,FLYONE Armenia,Выдача более 40 минут,3F 323 
2026-06-09,Победа,Выдача до 30 минут,ДР 198 
2026-06-09,Turkish Airlines,Выдача до 30 минут,TK 3154 
2026-06-09,Победа,Некорректно проставлены отметки,ДР 486 
2026-06-09,Ютэйр,Выдача до 30 минут,ЮТ 358 
2026-06-09,GEORGIAN AIRWAYS,Выдача до 30 минут,ЖГ 932 
2026-06-09,Nesma Airlines,Выдача до 30 минут,NE 642 
2026-06-09,Pegasus,Выдача от 30 до 40 минут,PC 386 
2026-06-09,AJET,Выдача до 30 минут,VF 587 
2026-06-09,Pegasus,Выдача до 30 минут,PC 1456 
2026-06-09,AJET,Выдача до 30 минут,VF 277 
2026-06-09,Nesma Airlines,Выдача до 30 минут,NE 602 
2026-06-09,GEORGIAN AIRWAYS,Выдача до 30 минут,AZO 7008B
2026-06-09,Pegasus,Выдача от 30 до 40 минут,PC 390 
2026-06-09,Ютэйр,Выдача более 40 минут,ЮТ 786 
2026-06-09,GEORGIAN AIRWAYS,Некорректно проставлены отметки,AZO 7072 
2026-06-09,Победа,Выдача до 30 минут,ДР 408 
2026-06-09,Turkish Airlines,Выдача до 30 минут,TK 419 
2026-06-09,Red Sea,Выдача от 30 до 40 минут,4S 315 
2026-06-09,Nesma Airlines,Выдача от 30 до 40 минут,NE 604 
2026-06-09,Победа,Выдача до 30 минут,ДР 730 
2026-06-09,Победа,Выдача от 30 до 40 минут,ДР 436 
2026-06-09,Победа,Выдача до 30 минут,ДР 414 
2026-06-09,Победа,Выдача до 30 минут,ДР 438 
2026-06-09,Победа,Выдача до 30 минут,ДР 434 
2026-06-09,Nesma Airlines,Выдача до 30 минут,NE 620 
2026-06-09,Turkish Airlines,Выдача до 30 минут,TK 407 
2026-06-09,Pegasus,Выдача до 30 минут,PC 1458 
2026-06-09,Победа,Выдача до 30 минут,ДР 742 
2026-06-09,UZBEKISTAN AIRWAYS,Выдача до 30 минут,ХИ 9607 
2026-06-09,Россия,Выдача до 30 минут,ФВ 6019 
2026-06-09,UZBEKISTAN AIRWAYS,Выдача до 30 минут,ХИ 9615 
2026-06-09,UZBEKISTAN AIRWAYS,Выдача до 30 минут,ХИ 9613 
2026-06-09,Ютэйр,Выдача до 30 минут,ЮТ 808 
2026-06-09,Ютэйр,Выдача до 30 минут,ЮТ 454 
2026-06-09,Белавиа,Выдача до 30 минут,В2 981 
2026-06-09,Якутия,Выдача до 30 минут,ЯК 479 
2026-06-09,Победа,Выдача до 30 минут,ДР 714 
2026-06-09,Ютэйр,Выдача от 30 до 40 минут,ЮТ 572 
2026-06-09,Ютэйр,Выдача до 30 минут,ЮТ 352 
2026-06-09,Ютэйр,Выдача до 30 минут,ЮТ 248 
2026-06-09,SCAT Airlines,Выдача до 30 минут,DV 809 
2026-06-09,Россия,Выдача до 30 минут,ФВ 6051 
2026-06-09,FLYONE Armenia,Выдача от 30 до 40 минут,3F 321 
2026-06-09,Вологодское АП,Не определено,ВГ 2390 
2026-06-09,Россия,Выдача до 30 минут,ФВ 6003 
2026-06-09,Победа,Выдача до 30 минут,ДР 466 
2026-06-09,Ютэйр,Выдача до 30 минут,ЮТ 560 
2026-06-09,SCAT Airlines,Выдача до 30 минут,DV 801 
2026-06-09,Россия,Выдача до 30 минут,ФВ 6005 
2026-06-09,Ютэйр,Выдача до 30 минут,ЮТ 356 
2026-06-09,Ютэйр,Выдача до 30 минут,ЮТ 400 
2026-06-09,Победа,Выдача до 30 минут,ДР 424 
2026-06-09,AZAL,Выдача до 30 минут,J2 807 
2026-06-09,Turkish Airlines,Выдача до 30 минут,TK 413 
2026-06-09,Ютэйр,Выдача до 30 минут,ЮТ 364 
2026-06-09,GEORGIAN AIRWAYS,Выдача до 30 минут,ЖГ 936 
2026-06-09,Россия,Выдача до 30 минут,ФВ 6007 
2026-06-09,АЗУР эйр,Выдача до 30 минут,AZV 3012 
2026-06-09,Shirak Avia,Выдача от 30 до 40 минут,ЮБГ 509 
2026-06-09,Turkish Airlines,Выдача до 30 минут,TK 3070 
2026-06-09,Россия,Выдача до 30 минут,ФВ 6009 
2026-06-09,Руслайн,Некорректно проставлены отметки,РГ 279 
2026-06-09,Руслайн,Некорректно проставлены отметки,РГ 194 
2026-06-09,Turkish Airlines,Выдача до 30 минут,TK 1231 
2026-06-09,Ютэйр,Выдача до 30 минут,ЮТ 1250 
2026-06-09,Turkish Airlines,Выдача до 30 минут,TK 3012 
2026-06-09,Алроса,Выдача до 30 минут,ЯМ 543 
2026-06-09,Россия,Выдача до 30 минут,ФВ 6025 
2026-06-09,Turkish Airlines,Выдача до 30 минут,TK 417 
2026-06-09,Ютэйр,Некорректно проставлены отметки,ЮТ 334 
2026-06-09,Pegasus,Выдача от 30 до 40 минут,PC 388 
2026-06-09,Россия,Выдача до 30 минут,ФВ 6027 
2026-06-09,Газпром авиа,Некорректно проставлены отметки,ГЗП 262 
2026-06-09,АЗУР эйр,Выдача до 30 минут,AZV 3006 
2026-06-09,Азимут,Выдача до 30 минут,А4 7030 
2026-06-09,Победа,Некорректно проставлены отметки,ДР 114 
2026-06-09,Победа,Выдача до 30 минут,ДР 262 
2026-06-09,flydubai,Выдача до 30 минут,FZ 989 
2026-06-09,GEORGIAN AIRWAYS,Выдача до 30 минут,ЖГ 926 
2026-06-09,Россия,Выдача до 30 минут,ФВ 6031 
2026-06-09,Победа,Выдача до 30 минут,ДР 194 
2026-06-09,Азимут,Выдача до 30 минут,А4 7010 
2026-06-09,FLYONE Armenia,Выдача до 30 минут,3F 325 
2026-06-09,Якутия,Выдача до 30 минут,ЯК 480 
2026-06-09,Северо-Запад,Выдача до 30 минут,НВЦ 9152 
2026-06-09,Ютэйр,Выдача до 30 минут,ЮТ 374 
2026-06-09,АЗУР эйр,Выдача до 30 минут,AZV 3014 
2026-06-09,Россия,Выдача до 30 минут,ФВ 6175 
2026-06-09,Победа,Выдача до 30 минут,ДР 836 
2026-06-09,Ютэйр,Выдача до 30 минут,ЮТ 270 
2026-06-09,Turkish Airlines,Выдача до 30 минут,TK 415 
2026-06-09,Ютэйр,Выдача до 30 минут,ЮТ 464 
2026-06-09,Ютэйр,Выдача до 30 минут,ЮТ 276 
2026-06-09,Россия,Выдача до 30 минут,ФВ 6177 
2026-06-09,Победа,Выдача до 30 минут,ДР 856 
2026-06-09,GEORGIAN AIRWAYS,Выдача до 30 минут,AZO 7054 
2026-06-09,FLYONE Armenia,Выдача до 30 минут,УР 512 
2026-06-09,Россия,Выдача до 30 минут,ФВ 6179 
2026-06-09,UZBEKISTAN AIRWAYS,Выдача до 30 минут,ХИ 9627 
2026-06-09,UZBEKISTAN AIRWAYS,Выдача до 30 минут,ХИ 9621 
2026-06-09,Победа,Выдача до 30 минут,ДР 206 
2026-06-09,UZBEKISTAN AIRWAYS,Выдача до 30 минут,ХИ 613 
2026-06-09,Ютэйр,Выдача до 30 минут,ЮТ 296 
2026-06-09,Ютэйр,Выдача до 30 минут,ЮТ 250 
2026-06-09,Победа,Выдача до 30 минут,PBD 840 
2026-06-09,Победа,Выдача до 30 минут,ДР 964 
2026-06-09,Ютэйр,Выдача до 30 минут,ЮТ 810 
2026-06-09,Победа,Выдача до 30 минут,ДР 158 
2026-06-09,Ютэйр,Выдача до 30 минут,ЮТ 746 
2026-06-09,UZBEKISTAN AIRWAYS,Выдача более 40 минут,ХИ 9619 
2026-06-09,Ютэйр,Выдача до 30 минут,ЮТ 576 
2026-06-09,Россия,Выдача до 30 минут,ФВ 6181 
2026-06-09,SCAT Airlines,Выдача до 30 минут,DV 815 
2026-06-09,Победа,Некорректно проставлены отметки,ДР 994 
2026-06-09,Nesma Airlines,Выдача до 30 минут,NE 640 
2026-06-09,Россия,Выдача до 30 минут,ФВ 6183 
2026-06-09,Якутия,Выдача от 30 до 40 минут,ЯК 736 
2026-06-09,Ютэйр,Выдача до 30 минут,ЮТ 784 
2026-06-09,Nesma Airlines,Выдача до 30 минут,NE 610 
2026-06-09,Победа,Выдача до 30 минут,PBD 860 
2026-06-09,АЗУР эйр,Выдача до 30 минут,AZV 3002 
2026-06-09,Ютэйр,Выдача до 30 минут,ЮТ 398 
2026-06-09,Победа,Выдача до 30 минут,ДР 190 
2026-06-09,Россия,Выдача до 30 минут,ФВ 6185 
2026-06-09,AZAL,Выдача до 30 минут,J2 805 
2026-06-09,Азимут,Выдача до 30 минут,А4 7036 
2026-06-09,Pegasus,Выдача до 30 минут,PC 1580 
2026-06-09,Turkish Airlines,Выдача до 30 минут,TK 411 
2026-06-09,SCAT Airlines,Выдача до 30 минут,DV 813 
2026-06-09,Победа,Выдача до 30 минут,ДР 422 
2026-06-09,Ютэйр,Выдача до 30 минут,ЮТ 376 
2026-06-09,UZBEKISTAN AIRWAYS,Выдача до 30 минут,ХИ 605 
2026-06-09,Победа,Выдача до 30 минут,ДР 168 
2026-06-10,Победа,Выдача до 30 минут,ДР 210 
2026-06-10,Pegasus,Выдача до 30 минут,PC 1576 
2026-06-10,Turkish Airlines,Выдача до 30 минут,TK 409 
2026-06-10,Turkish Airlines,Выдача до 30 минут,TK 3060 
2026-06-10,Turkish Airlines,Выдача до 30 минут,TK 3178 
2026-06-10,Россия,Выдача до 30 минут,ФВ 6189 
2026-06-10,Turkish Airlines,Выдача до 30 минут,TK 3084 
2026-06-10,Победа,Некорректно проставлены отметки,ДР 486 
2026-06-10,AZAL,Выдача более 40 минут,J2 809 
2026-06-10,Победа,Выдача до 30 минут,ДР 264 
2026-06-10,Turkish Airlines,Выдача до 30 минут,TK 3014 
2026-06-10,Turkish Airlines,Выдача до 30 минут,TK 217 
2026-06-10,Turkish Airlines,Выдача до 30 минут,TK 211 
2026-06-10,AJET,Выдача до 30 минут,VF 275 
2026-06-10,Turkish Airlines,Некорректно проставлены отметки,TK 421 
2026-06-10,Pegasus,Выдача до 30 минут,PC 1521 
2026-06-10,Turkish Airlines,Выдача от 30 до 40 минут,TK 3036 
2026-06-10,Россия,Выдача до 30 минут,ФВ 6161 
2026-06-10,Ютэйр,Выдача до 30 минут,ЮТ 358 
2026-06-10,GEORGIAN AIRWAYS,Выдача до 30 минут,AZO 7008 
2026-06-10,Turkish Airlines,Выдача до 30 минут,TK 3002 
2026-06-10,FLYONE Armenia,Выдача до 30 минут,3F 323 
2026-06-10,Turkish Airlines,Некорректно проставлены отметки,TK 3154 
2026-06-10,flydubai,Выдача до 30 минут,FZ 987 
2026-06-10,Pegasus,Выдача более 40 минут,PC 386 
2026-06-10,Победа,Выдача до 30 минут,ДР 198 
2026-06-10,Red Sea,Выдача до 30 минут,4S 319 
2026-06-10,Победа,Выдача до 30 минут,ДР 116B
2026-06-10,GEORGIAN AIRWAYS,Выдача от 30 до 40 минут,ЖГ 932 
2026-06-10,AJET,Выдача до 30 минут,VF 587 
2026-06-10,Pegasus,Выдача до 30 минут,PC 1456 
2026-06-10,Nesma Airlines,Выдача до 30 минут,NE 600 
2026-06-10,AJET,Выдача до 30 минут,VF 277 
2026-06-10,Pegasus,Выдача от 30 до 40 минут,PC 390 
2026-06-10,Turkish Airlines,Выдача до 30 минут,TK 419 
2026-06-10,Pegasus,Выдача до 30 минут,PC 1458 
2026-06-10,Turkish Airlines,Выдача до 30 минут,TK 407 
2026-06-10,Ютэйр,Выдача до 30 минут,ЮТ 744 
2026-06-10,Победа,Выдача до 30 минут,ДР 1188 
2026-06-10,Победа,Выдача до 30 минут,ДР 434 
2026-06-10,Победа,Выдача до 30 минут,ДР 436 
2026-06-10,Ютэйр,Выдача до 30 минут,ЮТ 786 
2026-06-10,Ютэйр,Выдача до 30 минут,ЮТ 454 
2026-06-10,Победа,Выдача до 30 минут,ДР 408 
2026-06-10,Якутия,Выдача до 30 минут,ЯК 475 
2026-06-10,Победа,Выдача до 30 минут,ДР 744 
2026-06-10,UZBEKISTAN AIRWAYS,Выдача до 30 минут,ХИ 9617 
2026-06-10,UZBEKISTAN AIRWAYS,Выдача до 30 минут,ХИ 9607 
2026-06-10,Россия,Выдача до 30 минут,ФВ 6051 
2026-06-10,Ютэйр,Выдача до 30 минут,ЮТ 248 
2026-06-10,Ютэйр,Выдача до 30 минут,ЮТ 560 
2026-06-10,Ютэйр,Выдача до 30 минут,ЮТ 364 
2026-06-10,Алроса,Выдача до 30 минут,ЯМ 597 
2026-06-10,Вологодское АП,Не определено,ВГ 2390 
2026-06-10,Россия,Выдача до 30 минут,ФВ 6003 
2026-06-10,Ютэйр,Выдача до 30 минут,ЮТ 572 
2026-06-10,Россия,Выдача до 30 минут,ФВ 6005 
2026-06-10,Ютэйр,Выдача до 30 минут,ЮТ 446 
2026-06-10,Победа,Выдача до 30 минут,ДР 732 
2026-06-10,Ютэйр,Выдача от 30 до 40 минут,ЮТ 356 
2026-06-10,Победа,Выдача до 30 минут,ДР 714 
2026-06-10,SCAT Airlines,Выдача до 30 минут,DV 801 
2026-06-10,FLYONE Armenia,Выдача до 30 минут,3F 321 
2026-06-10,Победа,Выдача до 30 минут,ДР 414 
2026-06-10,GEORGIAN AIRWAYS,Выдача до 30 минут,ЖГ 936 
2026-06-10,Turkish Airlines,Выдача до 30 минут,TK 413 
2026-06-10,Россия,Выдача до 30 минут,ФВ 6007 
2026-06-10,UZBEKISTAN AIRWAYS,Выдача до 30 минут,ХИ 9615 
2026-06-10,Руслайн,Выдача до 30 минут,РГ 194 
2026-06-10,AZAL,Выдача от 30 до 40 минут,J2 807 
2026-06-10,GEORGIAN AIRWAYS,Выдача до 30 минут,AZO 7108 
2026-06-10,FLYONE Armenia,Выдача до 30 минут,УР 412 
2026-06-10,Победа,Выдача до 30 минут,ДР 114 
2026-06-10,Turkish Airlines,Выдача до 30 минут,TK 3070 
2026-06-10,Turkish Airlines,Выдача до 30 минут,TK 1231 
2026-06-10,Россия,Выдача до 30 минут,ФВ 6009 
2026-06-10,Северо-Запад,Выдача до 30 минут,НВЦ 9158 
2026-06-10,Азимут,Выдача до 30 минут,А4 7034 
2026-06-10,Победа,Выдача до 30 минут,ДР 1476 
2026-06-10,Nesma Airlines,Выдача до 30 минут,NE 602 
2026-06-10,Победа,Выдача до 30 минут,ДР 160 
2026-06-10,Turkish Airlines,Выдача до 30 минут,TK 3024 
2026-06-10,Алроса,Выдача до 30 минут,ЯМ 543 
2026-06-10,Россия,Выдача до 30 минут,ФВ 6025 
2026-06-10,Северо-Запад,Выдача до 30 минут,НВЦ 9152 
2026-06-10,Turkish Airlines,Выдача более 40 минут,TK 417 
2026-06-10,Turkish Airlines,Выдача до 30 минут,TK 3046 
2026-06-10,Turkish Airlines,Выдача до 30 минут,TK 3164 
2026-06-10,Turkish Airlines,Выдача до 30 минут,TK 3012 
2026-06-10,Газпром авиа,Выдача до 30 минут,ГЗП 242 
2026-06-10,Pegasus,Выдача до 30 минут,PC 388 
2026-06-10,Россия,Выдача до 30 минут,ФВ 6027 
2026-06-10,Ютэйр,Выдача до 30 минут,ЮТ 334 
2026-06-10,Россия,Некорректно проставлены отметки,ФВ 6031 
2026-06-10,flydubai,Выдача от 30 до 40 минут,FZ 989 
2026-06-10,Aero Nomad,Выдача до 30 минут,КГ 503 
2026-06-10,Победа,Выдача до 30 минут,ДР 170 
2026-06-10,Ютэйр,Выдача до 30 минут,УТА 6316 
2026-06-10,Россия,Выдача до 30 минут,ФВ 6037 
2026-06-10,Азимут,Выдача до 30 минут,А4 7010 
2026-06-10,Победа,Выдача до 30 минут,ДР 466 
2026-06-10,FLYONE Armenia,Выдача до 30 минут,3F 325 
2026-06-10,Победа,Выдача до 30 минут,ДР 262 
2026-06-10,Россия,Выдача до 30 минут,ФВ 6175 
2026-06-10,Победа,Выдача до 30 минут,ДР 210 
2026-06-10,Ютэйр,Выдача до 30 минут,ЮТ 400 
2026-06-10,Россия,Выдача до 30 минут,ФВ 6177 
2026-06-10,Ютэйр,Выдача до 30 минут,ЮТ 374 
2026-06-10,Ютэйр,Выдача до 30 минут,ЮТ 464 
2026-06-10,Turkish Airlines,Выдача до 30 минут,TK 415 
2026-06-10,Ютэйр,Выдача до 30 минут,ЮТ 746 
2026-06-10,Победа,Выдача до 30 минут,PBD 840 
2026-06-10,Победа,Некорректно проставлены отметки,ДР 836 
2026-06-10,Ютэйр,Выдача до 30 минут,УТА 6136 
2026-06-10,Россия,Выдача до 30 минут,ФВ 6179 
2026-06-10,Победа,Выдача до 30 минут,ДР 856 
2026-06-10,Победа,Выдача до 30 минут,PBD 736 
2026-06-10,Ютэйр,Выдача более 40 минут,ЮТ 802 
2026-06-10,FLYONE Armenia,Выдача до 30 минут,УР 514 
2026-06-10,Ютэйр,Выдача до 30 минут,ЮТ 276 
2026-06-10,Ютэйр,Выдача до 30 минут,ЮТ 296 
2026-06-10,UZBEKISTAN AIRWAYS,Выдача до 30 минут,ХИ 9621 
2026-06-10,Победа,Выдача до 30 минут,ДР 158 
2026-06-10,Россия,Выдача до 30 минут,ФВ 6181 
2026-06-10,UZBEKISTAN AIRWAYS,Выдача до 30 минут,ХИ 613 
2026-06-10,Ютэйр,Выдача до 30 минут,ЮТ 810 
2026-06-10,UZBEKISTAN AIRWAYS,Выдача до 30 минут,ХИ 9627 
2026-06-10,Победа,Выдача до 30 минут,ДР 994 
2026-06-10,Ютэйр,Выдача до 30 минут,ЮТ 180 
2026-06-10,SCAT Airlines,Выдача до 30 минут,DV 815 
2026-06-10,GEORGIAN AIRWAYS,Некорректно проставлены отметки,AZO 7054 
2026-06-10,Россия,Выдача до 30 минут,ФВ 6183 
2026-06-10,Nouvelair Tunisie,Выдача до 30 минут,BJ 804 
2026-06-10,Ютэйр,Выдача от 30 до 40 минут,ЮТ 784 
2026-06-10,Nesma Airlines,Выдача до 30 минут,NE 606 
2026-06-10,Победа,Выдача до 30 минут,ДР 968 
2026-06-10,Россия,Выдача до 30 минут,ФВ 6185 
2026-06-10,Pegasus,Выдача до 30 минут,PC 1580 
2026-06-10,Ютэйр,Выдача до 30 минут,ЮТ 398 
2026-06-10,Победа,Выдача до 30 минут,PBD 980 
2026-06-10,GEORGIAN AIRWAYS,Выдача до 30 минут,AZO 7018 
2026-06-10,AZAL,Выдача до 30 минут,J2 805 
2026-06-10,Азимут,Выдача до 30 минут,А4 7036 
2026-06-10,UZBEKISTAN AIRWAYS,Выдача до 30 минут,ХИ 9619 
2026-06-10,Turkish Airlines,Выдача до 30 минут,TK 411 
2026-06-10,Россия,Выдача до 30 минут,ФВ 6187 
2026-06-10,SCAT Airlines,Выдача до 30 минут,DV 813 
2026-06-11,Победа,Выдача до 30 минут,ДР 116 
2026-06-11,Победа,Выдача до 30 минут,ДР 194 
2026-06-11,Ютэйр,Выдача до 30 минут,ЮТ 376 
2026-06-11,Turkish Airlines,Выдача от 30 до 40 минут,TK 211 
2026-06-11,AZAL,Выдача от 30 до 40 минут,J2 809 
2026-06-11,UZBEKISTAN AIRWAYS,Выдача от 30 до 40 минут,ХИ 605 
2026-06-11,Pegasus,Выдача до 30 минут,PC 1576 
2026-06-11,Победа,Выдача до 30 минут,ДР 208 
2026-06-11,Turkish Airlines,Выдача от 30 до 40 минут,TK 409 
2026-06-11,Победа,Выдача до 30 минут,ДР 424 
2026-06-11,Turkish Airlines,Выдача до 30 минут,TK 3060 
2026-06-11,Turkish Airlines,Выдача до 30 минут,TK 3178 
2026-06-11,Победа,Выдача до 30 минут,ДР 206 
2026-06-11,AJET,Выдача до 30 минут,VF 275 
2026-06-11,Turkish Airlines,Некорректно проставлены отметки,TK 3084 
2026-06-11,Ютэйр,Некорректно проставлены отметки,ЮТ 358 
2026-06-11,Turkish Airlines,Выдача до 30 минут,TK 3002 
2026-06-11,Turkish Airlines,Выдача до 30 минут,TK 421 
2026-06-11,Turkish Airlines,Выдача до 30 минут,TK 3014 
2026-06-11,АЗУР эйр,Выдача до 30 минут,AZV 3010 
2026-06-11,Turkish Airlines,Некорректно проставлены отметки,TK 3036 
2026-06-11,Turkish Airlines,Некорректно проставлены отметки,TK 217 
2026-06-11,Red Sea,Выдача до 30 минут,4S 337 
2026-06-11,Pegasus,Выдача до 30 минут,PC 1521 
2026-06-11,Россия,Выдача до 30 минут,ФВ 6161 
2026-06-11,GEORGIAN AIRWAYS,Некорректно проставлены отметки,ЖГ 932 
2026-06-11,FLYONE Armenia,Выдача до 30 минут,3F 323 
2026-06-11,Победа,Выдача до 30 минут,ДР 168B
2026-06-11,Победа,Выдача до 30 минут,ДР 264B
2026-06-11,Nesma Airlines,Выдача от 30 до 40 минут,NE 616 
2026-06-11,Turkish Airlines,Выдача до 30 минут,TK 3122 
2026-06-11,Ютэйр,Выдача до 30 минут,ЮТ 352B
2026-06-11,Nesma Airlines,Выдача до 30 минут,NE 644 
2026-06-11,Победа,Выдача до 30 минут,ДР 122B
2026-06-11,Pegasus,Выдача до 30 минут,PC 386 
2026-06-11,flydubai,Выдача до 30 минут,FZ 987 
2026-06-11,Nesma Airlines,Выдача от 30 до 40 минут,NE 630 
2026-06-11,Nesma Airlines,Выдача до 30 минут,NE 646 
2026-06-11,Победа,Выдача до 30 минут,ДР 198 
2026-06-11,Turkish Airlines,Выдача до 30 минут,TK 3154A
2026-06-11,Победа,Выдача до 30 минут,ДР 486B
2026-06-11,ЮВТ АЭРО,Выдача до 30 минут,ЮВ 301 
2026-06-11,AJET,Выдача от 30 до 40 минут,VF 587 
2026-06-11,Pegasus,Выдача более 40 минут,PC 1456 
2026-06-11,AJET,Выдача от 30 до 40 минут,VF 277 
2026-06-11,Pegasus,Выдача до 30 минут,PC 390 
2026-06-11,Победа,Выдача до 30 минут,ДР 476D
2026-06-11,Победа,Выдача до 30 минут,ДР 408 
2026-06-11,Turkish Airlines,Выдача до 30 минут,TK 419 
2026-06-11,Pegasus,Выдача до 30 минут,PC 1458 
2026-06-11,GEORGIAN AIRWAYS,Выдача до 30 минут,AZO 7072 
2026-06-11,Победа,Выдача до 30 минут,ДР 414 
2026-06-11,Turkish Airlines,Некорректно проставлены отметки,TK 407 
2026-06-11,Победа,Некорректно проставлены отметки,ДР 422B
2026-06-11,Победа,Выдача до 30 минут,ДР 730 
2026-06-11,Ютэйр,Выдача до 30 минут,ЮТ 1250 
2026-06-11,Россия,Выдача до 30 минут,ФВ 6019 
2026-06-11,Победа,Некорректно проставлены отметки,ДР 742 
2026-06-11,Ютэйр,Выдача до 30 минут,ЮТ 808 
2026-06-11,UZBEKISTAN AIRWAYS,Выдача до 30 минут,ХИ 9609 
2026-06-11,Ютэйр,Выдача до 30 минут,ЮТ 454 
2026-06-11,Ютэйр,Выдача до 30 минут,ЮТ 364 
2026-06-11,Белавиа,Выдача до 30 минут,В2 981 
2026-06-11,UZBEKISTAN AIRWAYS,Выдача до 30 минут,ХИ 9607 
2026-06-11,Ютэйр,Некорректно проставлены отметки,ЮТ 248 
2026-06-11,Ютэйр,Выдача до 30 минут,ЮТ 786B
2026-06-11,Ютэйр,Выдача до 30 минут,ЮТ 572 
2026-06-11,Россия,Выдача до 30 минут,ФВ 6051 
2026-06-11,Ютэйр,Выдача до 30 минут,ЮТ 352 
2026-06-11,Победа,Выдача до 30 минут,ДР 434 
2026-06-11,FLYONE Armenia,Выдача от 30 до 40 минут,3F 321 
2026-06-11,Ютэйр,Выдача до 30 минут,ЮТ 560 
2026-06-11,GEORGIAN AIRWAYS,Выдача до 30 минут,AZO 7154 
2026-06-11,Россия,Выдача до 30 минут,ФВ 6003 
2026-06-11,SCAT Airlines,Выдача до 30 минут,DV 809 
2026-06-11,Aero Nomad,Выдача до 30 минут,КГ 555 
2026-06-11,Ютэйр,Выдача до 30 минут,ЮТ 400 
2026-06-11,Ютэйр,Выдача до 30 минут,ЮТ 446 
2026-06-11,Победа,Выдача до 30 минут,ДР 744 
2026-06-11,Россия,Выдача до 30 минут,ФВ 6005 
2026-06-11,АЗУР эйр,Выдача до 30 минут,AZV 3002 
2026-06-11,UZBEKISTAN AIRWAYS,Выдача до 30 минут,ХИ 9615 
2026-06-11,GEORGIAN AIRWAYS,Выдача до 30 минут,ЖГ 936 
2026-06-11,AZAL,Выдача до 30 минут,J2 807 
2026-06-11,Turkish Airlines,Выдача от 30 до 40 минут,TK 413 
2026-06-11,Якутия,Выдача до 30 минут,ЯК 465 
2026-06-11,Россия,Выдача до 30 минут,ФВ 6007 
2026-06-11,Победа,Выдача до 30 минут,ДР 424 
2026-06-11,Turkish Airlines,Выдача до 30 минут,TK 3070 
2026-06-11,Россия,Выдача до 30 минут,ФВ 6009 
2026-06-11,Азимут,Выдача до 30 минут,А4 7020 
2026-06-11,АЗУР эйр,Выдача до 30 минут,AZV 3008 
2026-06-11,Nesma Airlines,Выдача до 30 минут,NE 604 
2026-06-11,Газпром авиа,Выдача до 30 минут,ГЗП 292 
2026-06-11,Turkish Airlines,Выдача до 30 минут,TK 1231 
2026-06-11,Алроса,Выдача до 30 минут,ЯМ 543 
2026-06-11,Россия,Выдача до 30 минут,ФВ 6025 
2026-06-11,Turkish Airlines,Выдача до 30 минут,TK 3012 
2026-06-11,Turkish Airlines,Выдача до 30 минут,TK 417 
2026-06-11,Ютэйр,Выдача до 30 минут,ЮТ 356 
2026-06-11,Pegasus,Выдача до 30 минут,PC 388 
2026-06-11,Ютэйр,Выдача до 30 минут,ЮТ 744 
2026-06-11,Россия,Выдача до 30 минут,ФВ 6027 
2026-06-11,flydubai,Выдача до 30 минут,FZ 989 
2026-06-11,Белавиа,Выдача до 30 минут,В2 983 
2026-06-11,Россия,Выдача до 30 минут,ФВ 6031 
2026-06-11,Победа,Выдача до 30 минут,ДР 262 
2026-06-11,Победа,Выдача до 30 минут,ДР 170 
2026-06-11,Руслайн,Некорректно проставлены отметки,РГ 178 
2026-06-11,Россия,Выдача до 30 минут,ФВ 6037 
2026-06-11,Азимут,Выдача до 30 минут,А4 7030 
2026-06-11,Северо-Запад,Выдача до 30 минут,НВЦ 9152 
2026-06-11,GEORGIAN AIRWAYS,Выдача до 30 минут,ЖГ 926 
2026-06-11,Победа,Выдача до 30 минут,ДР 856 
2026-06-11,Азимут,Некорректно проставлены отметки,А4 7010 
2026-06-11,Победа,Выдача до 30 минут,ДР 466 
2026-06-11,Ютэйр,Выдача до 30 минут,ЮТ 596 
2026-06-11,Россия,Выдача до 30 минут,ФВ 6175 
2026-06-11,Россия,Выдача до 30 минут,ФВ 6011 
2026-06-11,Россия,Выдача до 30 минут,ФВ 6177 
2026-06-11,Turkish Airlines,Выдача до 30 минут,TK 415 
2026-06-11,Россия,Выдача до 30 минут,ФВ 6015 
2026-06-11,Ютэйр,Выдача от 30 до 40 минут,ЮТ 464 
2026-06-11,Якутия,Выдача до 30 минут,ОП 914 
2026-06-11,Победа,Выдача до 30 минут,PBD 840 
2026-06-11,FLYONE Armenia,Выдача до 30 минут,3F 325 
2026-06-11,Ютэйр,Выдача до 30 минут,ЮТ 296 
2026-06-11,Россия,Выдача до 30 минут,ФВ 6179 
2026-06-11,Ютэйр,Выдача до 30 минут,ЮТ 746 
2026-06-11,Победа,Выдача до 30 минут,PBD 860 
2026-06-11,Белавиа,Выдача до 30 минут,В2 985 
2026-06-11,Россия,Выдача до 30 минут,ФВ 6017 
2026-06-11,FLYONE Armenia,Выдача до 30 минут,УР 512 
2026-06-11,GEORGIAN AIRWAYS,Выдача до 30 минут,AZO 7054 
2026-06-11,UZBEKISTAN AIRWAYS,Выдача до 30 минут,ХИ 9621 
2026-06-11,Победа,Некорректно проставлены отметки,ДР 964 
2026-06-11,Россия,Выдача до 30 минут,ФВ 6181 
2026-06-11,Победа,Выдача до 30 минут,ДР 836 
2026-06-11,ЮВТ АЭРО,Выдача до 30 минут,ЮВ 204 
2026-06-11,UZBEKISTAN AIRWAYS,Выдача до 30 минут,ХИ 613 
2026-06-11,Ютэйр,Выдача до 30 минут,ЮТ 576 
2026-06-11,Россия,Выдача до 30 минут,ФВ 6183 
2026-06-11,SCAT Airlines,Выдача до 30 минут,DV 815 
2026-06-11,UZBEKISTAN AIRWAYS,Выдача до 30 минут,ХИ 9627 
2026-06-11,AZAL,Выдача до 30 минут,J2 5830 
2026-06-11,Ютэйр,Выдача до 30 минут,ЮТ 802 
2026-06-11,Россия,Выдача до 30 минут,ФВ 6185 
2026-06-11,Победа,Выдача до 30 минут,ДР 158 
2026-06-11,SCAT Airlines,Выдача до 30 минут,DV 813 
2026-06-11,Nesma Airlines,Выдача до 30 минут,NE 640 
2026-06-11,Pegasus,Выдача до 30 минут,PC 1580 
2026-06-11,Ютэйр,Выдача до 30 минут,ЮТ 784 
2026-06-11,UZBEKISTAN AIRWAYS,Выдача до 30 минут,ХИ 9619 
2026-06-11,Red Sea,Выдача до 30 минут,4S 341 
2026-06-11,Россия,Выдача до 30 минут,ФВ 6187 
2026-06-11,Ютэйр,Выдача до 30 минут,ЮТ 376 
2026-06-11,Turkish Airlines,Выдача до 30 минут,TK 411 
2026-06-11,AZAL,Выдача до 30 минут,J2 805 
2026-06-11,Turkish Airlines,Выдача до 30 минут,TK 211 
2026-06-11,Победа,Выдача до 30 минут,ДР 190 
2026-06-11,Победа,Выдача до 30 минут,ДР 968 
2026-06-11,Ютэйр,Некорректно проставлены отметки,ЮТ 250 
2026-06-11,Ютэйр,Выдача от 30 до 40 минут,ЮТ 276 
2026-06-11,Азимут,Выдача до 30 минут,А4 7036 
2026-06-11,Победа,Выдача до 30 минут,ДР 994 
2026-06-12,Turkish Airlines,Выдача от 30 до 40 минут,TK 409 
2026-06-12,Turkish Airlines,Выдача от 30 до 40 минут,TK 3060 
2026-06-12,Якутия,Выдача до 30 минут,ЯК 688 
2026-06-12,Turkish Airlines,Выдача до 30 минут,TK 3178 
2026-06-12,AZAL,Выдача от 30 до 40 минут,J2 809 
2026-06-12,Turkish Airlines,Выдача до 30 минут,TK 3084 
2026-06-12,AJET,Выдача от 30 до 40 минут,VF 275 
2026-06-12,Победа,Выдача до 30 минут,ДР 168 
2026-06-12,Победа,Выдача до 30 минут,ДР 264 
2026-06-12,Pegasus,Выдача более 40 минут,PC 1576 
2026-06-12,Turkish Airlines,Выдача до 30 минут,TK 217 
2026-06-12,Победа,Выдача до 30 минут,ДР 486 
2026-06-12,Turkish Airlines,Некорректно проставлены отметки,TK 3002 
2026-06-12,Победа,Выдача до 30 минут,ДР 114D
2026-06-12,UZBEKISTAN AIRWAYS,Выдача от 30 до 40 минут,ХИ 605 
2026-06-12,Pegasus,Выдача от 30 до 40 минут,PC 1521 
2026-06-12,Turkish Airlines,Выдача до 30 минут,TK 3014 
2026-06-12,Россия,Выдача до 30 минут,ФВ 6189 
2026-06-12,GEORGIAN AIRWAYS,Выдача до 30 минут,AZO 7008 
2026-06-12,Победа,Выдача до 30 минут,ДР 198 
2026-06-12,Turkish Airlines,Выдача до 30 минут,TK 421 
2026-06-12,Ютэйр,Выдача до 30 минут,ЮТ 358 
2026-06-12,Turkish Airlines,Выдача до 30 минут,TK 3036 
2026-06-12,Ютэйр,Выдача до 30 минут,ЮТ 810 
2026-06-12,Победа,Выдача до 30 минут,ДР 210 
2026-06-12,FLYONE Armenia,Выдача до 30 минут,3F 323 
2026-06-12,GEORGIAN AIRWAYS,Выдача более 40 минут,ЖГ 932 
2026-06-12,Россия,Некорректно проставлены отметки,ФВ 6161 
2026-06-12,Turkish Airlines,Некорректно проставлены отметки,TK 3154 
2026-06-12,Победа,Некорректно проставлены отметки,ДР 475 
2026-06-12,Red Sea,Выдача более 40 минут,4S 325 
2026-06-12,Победа,Выдача до 30 минут,ДР 116D
2026-06-12,Pegasus,Выдача от 30 до 40 минут,PC 386 
2026-06-12,flydubai,Выдача более 40 минут,FZ 987 
2026-06-12,Nesma Airlines,Выдача до 30 минут,NE 634 
2026-06-12,Победа,Выдача до 30 минут,ДР 1422 
2026-06-12,Turkish Airlines,Выдача до 30 минут,TK 3122 
2026-06-12,ЮВТ АЭРО,Некорректно проставлены отметки,ЮВ 303 
2026-06-12,AJET,Выдача до 30 минут,VF 587 
2026-06-12,Nesma Airlines,Выдача до 30 минут,NE 600 
2026-06-12,Pegasus,Выдача до 30 минут,PC 1456 
2026-06-12,AJET,Выдача до 30 минут,VF 277 
2026-06-12,Pegasus,Выдача от 30 до 40 минут,PC 390 
2026-06-12,Turkish Airlines,Выдача до 30 минут,TK 419 
2026-06-12,Победа,Выдача до 30 минут,ДР 1188 
2026-06-12,Pegasus,Выдача до 30 минут,PC 1458 
2026-06-12,Nesma Airlines,Выдача до 30 минут,NE 620 
2026-06-12,Asia Union Airlines,Выдача до 30 минут,7Q 1777 
2026-06-12,Turkish Airlines,Выдача до 30 минут,TK 407 
2026-06-12,GEORGIAN AIRWAYS,Выдача до 30 минут,AZO 7154 
2026-06-12,Победа,Выдача до 30 минут,ДР 436 
2026-06-12,Россия,Выдача до 30 минут,ФВ 6019 
2026-06-12,Победа,Выдача до 30 минут,ДР 730 
2026-06-12,Ютэйр,Выдача до 30 минут,ЮТ 454 
2026-06-12,UZBEKISTAN AIRWAYS,Выдача до 30 минут,ХИ 9623 
2026-06-12,FLYONE Armenia,Выдача до 30 минут,3F 321 
2026-06-12,UZBEKISTAN AIRWAYS,Выдача до 30 минут,ХИ 9607 
2026-06-12,Победа,Выдача до 30 минут,ДР 408 
2026-06-12,Якутия,Выдача до 30 минут,ЯК 479 
2026-06-12,Nesma Airlines,Выдача до 30 минут,NE 618 
2026-06-12,Ютэйр,Выдача до 30 минут,ЮТ 352 
2026-06-12,Россия,Выдача до 30 минут,ФВ 6051 
2026-06-12,Алроса,Выдача до 30 минут,ЯМ 597 
2026-06-12,SCAT Airlines,Выдача до 30 минут,DV 809 
2026-06-12,Ютэйр,Выдача до 30 минут,ЮТ 248 
2026-06-12,Россия,Выдача до 30 минут,ФВ 6011 
2026-06-12,Ютэйр,Некорректно проставлены отметки,ЮТ 356 
2026-06-12,Победа,Выдача до 30 минут,ДР 414 
2026-06-12,Победа,Выдача до 30 минут,ДР 742 
2026-06-12,UZBEKISTAN AIRWAYS,Выдача до 30 минут,ХИ 9615 
2026-06-12,Ютэйр,Выдача до 30 минут,ЮТ 364 
2026-06-12,Aero Nomad,Выдача от 30 до 40 минут,КГ 555 
2026-06-12,Победа,Выдача до 30 минут,ДР 434 
2026-06-12,Вологодское АП,Не определено,ВГ 2390 
2026-06-12,Россия,Некорректно проставлены отметки,ФВ 6003 
2026-06-12,Ютэйр,Выдача до 30 минут,ЮТ 560 
2026-06-12,GEORGIAN AIRWAYS,Выдача до 30 минут,AZO 7108 
2026-06-12,Ютэйр,Выдача от 30 до 40 минут,ЮТ 572 
2026-06-12,Ютэйр,Выдача до 30 минут,ЮТ 446 
2026-06-12,Россия,Выдача до 30 минут,ФВ 6013 
2026-06-12,Победа,Выдача до 30 минут,ДР 714 
2026-06-12,SCAT Airlines,Выдача до 30 минут,DV 801 
2026-06-12,Россия,Выдача до 30 минут,ФВ 6005 
2026-06-12,Aero Nomad,Выдача от 30 до 40 минут,КГ 503 
2026-06-12,Ютэйр,Выдача от 30 до 40 минут,ЮТ 790 
2026-06-12,GEORGIAN AIRWAYS,Выдача до 30 минут,ЖГ 936 
2026-06-12,AZAL,Выдача до 30 минут,J2 807 
2026-06-12,Победа,Выдача до 30 минут,ДР 734 
2026-06-12,Победа,Выдача до 30 минут,ДР 476B
2026-06-12,Ютэйр,Выдача от 30 до 40 минут,ЮТ 786 
2026-06-12,Turkish Airlines,Выдача до 30 минут,TK 413 
2026-06-12,АЗУР эйр,Выдача до 30 минут,AZV 3014 
2026-06-12,Россия,Выдача до 30 минут,ФВ 6007 
2026-06-12,Азимут,Выдача до 30 минут,А4 7034 
2026-06-12,Turkish Airlines,Выдача до 30 минут,TK 1231 
2026-06-12,Shirak Avia,Выдача до 30 минут,ЮБГ 509 
2026-06-12,Turkish Airlines,Выдача до 30 минут,TK 3070 
2026-06-12,Россия,Выдача до 30 минут,ФВ 6009 
2026-06-12,Meraj Air,Выдача до 30 минут,MRJ 4879 
2026-06-12,Алроса,Выдача до 30 минут,ЯМ 543 
2026-06-12,АЗУР эйр,Выдача от 30 до 40 минут,AZV 3008 
2026-06-12,Turkish Airlines,Выдача до 30 минут,TK 3024 
2026-06-12,Turkish Airlines,Выдача до 30 минут,TK 417 
2026-06-12,Россия,Выдача до 30 минут,ФВ 6025 
2026-06-12,Pegasus,Выдача от 30 до 40 минут,PC 388 
2026-06-12,АЗУР эйр,Выдача до 30 минут,AZV 3002 
2026-06-12,Победа,Выдача до 30 минут,ДР 114 
2026-06-12,Газпром авиа,Выдача до 30 минут,ГЗП 262 
2026-06-12,Победа,Выдача до 30 минут,ДР 856 
2026-06-12,Россия,Выдача до 30 минут,ФВ 6027 
2026-06-12,Ютэйр,Выдача до 30 минут,ЮТ 270 
2026-06-12,Победа,Выдача до 30 минут,ДР 160 
2026-06-12,Северо-Запад,Выдача от 30 до 40 минут,НВЦ 9152 
2026-06-12,Turkish Airlines,Выдача до 30 минут,TK 3164 
2026-06-12,Россия,Выдача до 30 минут,ФВ 6031 
2026-06-12,GEORGIAN AIRWAYS,Выдача до 30 минут,ЖГ 926 
2026-06-12,Победа,Выдача до 30 минут,ДР 262 
2026-06-12,Победа,Выдача до 30 минут,ДР 170 
2026-06-12,Ютэйр,Выдача до 30 минут,ЮТ 276 
2026-06-12,flydubai,Выдача до 30 минут,FZ 989 
2026-06-12,Россия,Выдача до 30 минут,ФВ 6037 
2026-06-12,Ютэйр,Выдача до 30 минут,ЮТ 596 
2026-06-12,Азимут,Выдача до 30 минут,А4 7010 
2026-06-12,Якутия,Выдача до 30 минут,ЯК 480 
2026-06-12,FLYONE Armenia,Выдача до 30 минут,3F 325 
2026-06-12,Победа,Выдача до 30 минут,ДР 836 
2026-06-12,Ютэйр,Выдача от 30 до 40 минут,ЮТ 746 
2026-06-12,Россия,Выдача до 30 минут,ФВ 6175 
2026-06-12,Ютэйр,Выдача до 30 минут,ЮТ 374 
2026-06-12,Победа,Выдача до 30 минут,ДР 210 
2026-06-12,Ютэйр,Выдача до 30 минут,ЮТ 464 
2026-06-12,Ютэйр,Выдача до 30 минут,ЮТ 456 
2026-06-12,UZBEKISTAN AIRWAYS,Выдача до 30 минут,ХИ 9625 
2026-06-12,Turkish Airlines,Выдача до 30 минут,TK 415 
2026-06-12,Победа,Выдача до 30 минут,ДР 424 
2026-06-12,Россия,Выдача до 30 минут,ФВ 6177 
2026-06-12,Победа,Выдача до 30 минут,ДР 964 
2026-06-12,GEORGIAN AIRWAYS,Выдача до 30 минут,AZO 7054 
2026-06-12,Ютэйр,Выдача до 30 минут,ЮТ 398 
2026-06-12,Ютэйр,Выдача до 30 минут,ЮТ 296 
2026-06-12,FLYONE Armenia,Выдача до 30 минут,УР 514 
2026-06-12,Победа,Выдача до 30 минут,PBD 736 
2026-06-12,UZBEKISTAN AIRWAYS,Выдача до 30 минут,ХИ 9627 
2026-06-12,ЮВТ АЭРО,Выдача до 30 минут,ЮВ 204 
2026-06-12,Россия,Выдача до 30 минут,ФВ 6179 
2026-06-12,Ютэйр,Выдача до 30 минут,ЮТ 576 
2026-06-12,Ютэйр,Некорректно проставлены отметки,ЮТ 374F
2026-06-12,Вологодское АП,Не определено,ВГ 2392 
2026-06-12,AZAL,Выдача до 30 минут,J2 5830 
2026-06-12,Победа,Выдача до 30 минут,ДР 994 
2026-06-12,Победа,Выдача до 30 минут,PBD 840 
2026-06-12,АЗУР эйр,Выдача более 40 минут,AZV 3006 
2026-06-12,UZBEKISTAN AIRWAYS,Выдача до 30 минут,ХИ 9619 
2026-06-12,GEORGIAN AIRWAYS,Выдача до 30 минут,AZO 7018 
2026-06-12,SCAT Airlines,Выдача до 30 минут,DV 815 
2026-06-12,Победа,Некорректно проставлены отметки,ДР 466 
2026-06-12,UZBEKISTAN AIRWAYS,Выдача более 40 минут,ХИ 613 
2026-06-12,Победа,Выдача до 30 минут,ДР 738 
2026-06-12,Nesma Airlines,Выдача до 30 минут,NE 646 
2026-06-12,Победа,Выдача до 30 минут,ДР 768 
2026-06-12,Ютэйр,Выдача до 30 минут,ЮТ 810 
2026-06-12,Россия,Выдача до 30 минут,ФВ 6181 
2026-06-12,Победа,Выдача до 30 минут,PBD 860 
2026-06-12,Якутия,Выдача до 30 минут,ЯК 686 
2026-06-12,Ютэйр,Выдача до 30 минут,ЮТ 784 
2026-06-12,Победа,Некорректно проставлены отметки,ДР 190 
2026-06-12,Победа,Выдача до 30 минут,ДР 194 
2026-06-12,Россия,Выдача до 30 минут,ФВ 6185 
2026-06-12,Nesma Airlines,Выдача до 30 минут,NE 602 
2026-06-12,AZAL,Выдача до 30 минут,J2 805 
2026-06-12,Turkish Airlines,Выдача от 30 до 40 минут,TK 411 
2026-06-12,SCAT Airlines,Выдача до 30 минут,DV 813 
2026-06-12,Pegasus,Выдача более 40 минут,PC 1580 
2026-06-12,Red Sea,Выдача от 30 до 40 минут,4S 311 
2026-06-12,Ютэйр,Выдача до 30 минут,ЮТ 358 
2026-06-12,Ютэйр,Выдача от 30 до 40 минут,ЮТ 802 
2026-06-12,Победа,Выдача до 30 минут,ДР 168 
2026-06-13,Turkish Airlines,Выдача более 40 минут,TK 409 
2026-06-13,Победа,Выдача до 30 минут,ДР 968 
2026-06-13,Победа,Некорректно проставлены отметки,ДР 206 
2026-06-13,UZBEKISTAN AIRWAYS,Выдача до 30 минут,ХИ 605 
2026-06-13,AZAL,Выдача до 30 минут,J2 809 
2026-06-13,Turkish Airlines,Выдача от 30 до 40 минут,TK 3178 
2026-06-13,Pegasus,Выдача до 30 минут,PC 1576 
2026-06-13,Ютэйр,Выдача до 30 минут,ЮТ 1376 
2026-06-13,Turkish Airlines,Выдача до 30 минут,TK 3002 
2026-06-13,AJET,Выдача от 30 до 40 минут,VF 275 
2026-06-13,Turkish Airlines,Выдача до 30 минут,TK 211 
2026-06-13,Turkish Airlines,Выдача от 30 до 40 минут,TK 421 
2026-06-13,Россия,Выдача до 30 минут,ФВ 6189 
2026-06-13,Pegasus,Выдача от 30 до 40 минут,PC 1521 
2026-06-13,Победа,Выдача до 30 минут,ДР 476 
2026-06-13,Turkish Airlines,Выдача до 30 минут,TK 217 
2026-06-13,Turkish Airlines,Выдача до 30 минут,TK 3014 
2026-06-13,Победа,Выдача до 30 минут,ДР 198 
2026-06-13,Turkish Airlines,Выдача до 30 минут,TK 3060 
2026-06-13,GEORGIAN AIRWAYS,Выдача от 30 до 40 минут,ЖГ 932 
2026-06-13,Победа,Выдача до 30 минут,ДР 264 
2026-06-13,FLYONE Armenia,Выдача до 30 минут,3F 323 
2026-06-13,Победа,Выдача до 30 минут,ДР 208 
2026-06-13,Победа,Некорректно проставлены отметки,ДР 422D
2026-06-13,Turkish Airlines,Выдача от 30 до 40 минут,TK 3036 
2026-06-13,Turkish Airlines,Выдача до 30 минут,TK 3084 
2026-06-13,flydubai,Выдача до 30 минут,FZ 987 
2026-06-13,Turkish Airlines,Выдача до 30 минут,TK 3154 
2026-06-13,Победа,Выдача до 30 минут,ДР 1486B
2026-06-13,Pegasus,Выдача до 30 минут,PC 386 
2026-06-13,Ютэйр,Выдача до 30 минут,ЮТ 400B
2026-06-13,AJET,Выдача до 30 минут,VF 587 
2026-06-13,Pegasus,Выдача от 30 до 40 минут,PC 1456 
2026-06-13,Nesma Airlines,Выдача до 30 минут,NE 606 
2026-06-13,AJET,Выдача до 30 минут,VF 277 
2026-06-13,Pegasus,Выдача до 30 минут,PC 390 
2026-06-13,Turkish Airlines,Выдача от 30 до 40 минут,TK 419 
2026-06-13,Победа,Некорректно проставлены отметки,ДР 408 
2026-06-13,Red Sea,Выдача до 30 минут,4S 317 
2026-06-13,Turkish Airlines,Выдача до 30 минут,TK 407 
2026-06-13,Pegasus,Выдача до 30 минут,PC 1458 
2026-06-13,Победа,Выдача до 30 минут,ДР 434 
2026-06-13,GEORGIAN AIRWAYS,Выдача до 30 минут,AZO 7072 
2026-06-13,UZBEKISTAN AIRWAYS,Выдача до 30 минут,ХИ 9607 
2026-06-13,UZBEKISTAN AIRWAYS,Выдача до 30 минут,ХИ 9615 
2026-06-13,UZBEKISTAN AIRWAYS,Выдача до 30 минут,ХИ 9621 
2026-06-13,Победа,Выдача до 30 минут,ДР 730 
2026-06-13,Ютэйр,Выдача до 30 минут,ЮТ 454 
2026-06-13,GEORGIAN AIRWAYS,Выдача до 30 минут,AZO 7208 
2026-06-13,Победа,Выдача до 30 минут,ДР 744 
2026-06-13,Ютэйр,Выдача до 30 минут,ЮТ 786F
2026-06-13,Ютэйр,Выдача до 30 минут,ЮТ 364 
2026-06-13,Ютэйр,Выдача до 30 минут,ЮТ 356 
2026-06-13,Ютэйр,Выдача до 30 минут,ЮТ 572 
2026-06-13,Ютэйр,Выдача до 30 минут,ЮТ 560 
2026-06-13,Азимут,Выдача до 30 минут,А4 7020 
2026-06-13,Ютэйр,Выдача до 30 минут,ЮТ 352 
2026-06-13,Якутия,Выдача до 30 минут,ЯК 473 
2026-06-13,Алроса,Выдача до 30 минут,ЯМ 597 
2026-06-13,Ютэйр,Выдача до 30 минут,ЮТ 248 
2026-06-13,SCAT Airlines,Выдача до 30 минут,DV 809 
2026-06-13,AZAL,Выдача до 30 минут,J2 807 
2026-06-13,Победа,Выдача до 30 минут,ДР 436 
2026-06-13,Россия,Выдача до 30 минут,ФВ 6003 
2026-06-13,Победа,Выдача до 30 минут,ДР 414 
2026-06-13,FLYONE Armenia,Выдача до 30 минут,3F 321 
2026-06-13,Победа,Выдача до 30 минут,ДР 732 
2026-06-13,Вологодское АП,Некорректно проставлены отметки,ВГ 2390 
2026-06-13,Ютэйр,Выдача до 30 минут,ЮТ 808 
2026-06-13,GEORGIAN AIRWAYS,Выдача до 30 минут,ЖГ 936 
2026-06-13,Победа,Выдача до 30 минут,ДР 424 
2026-06-13,Turkish Airlines,Выдача до 30 минут,TK 413 
2026-06-13,Победа,Выдача до 30 минут,ДР 466 
2026-06-13,Ютэйр,Выдача до 30 минут,УТА 6316 
2026-06-13,Россия,Выдача до 30 минут,ФВ 6007 
2026-06-13,FLYONE Armenia,Выдача до 30 минут,УР 412 
2026-06-13,Turkish Airlines,Выдача до 30 минут,TK 3076 
2026-06-13,Turkish Airlines,Выдача до 30 минут,TK 3070 
2026-06-13,Ютэйр,Выдача до 30 минут,ЮТ 250F
2026-06-13,Turkish Airlines,Выдача до 30 минут,TK 1231 
2026-06-13,Turkish Airlines,Выдача до 30 минут,TK 3012 
2026-06-13,Россия,Выдача до 30 минут,ФВ 6009 
2026-06-13,Ютэйр,Выдача до 30 минут,ЮТ 400 
2026-06-13,Turkish Airlines,Выдача до 30 минут,TK 3024 
2026-06-13,Turkish Airlines,Выдача до 30 минут,TK 3046 
2026-06-13,Nesma Airlines,Выдача до 30 минут,NE 644 
2026-06-13,Turkish Airlines,Выдача до 30 минут,TK 417 
2026-06-13,Белавиа,Выдача до 30 минут,В2 981 
2026-06-13,Pegasus,Выдача до 30 минут,PC 388 
2026-06-13,Ютэйр,Выдача до 30 минут,ЮТ 744 
2026-06-13,Nesma Airlines,Выдача до 30 минут,NE 640 
2026-06-13,Россия,Выдача до 30 минут,ФВ 6027 
2026-06-13,Red Sea,Выдача до 30 минут,4S 333 
2026-06-13,Победа,Выдача до 30 минут,ДР 262 
2026-06-13,Газпром авиа,Выдача до 30 минут,ГЗП 252 
2026-06-13,АЗУР эйр,Выдача до 30 минут,AZV 3010 
2026-06-13,Северо-Запад,Выдача до 30 минут,НВЦ 9152 
2026-06-13,Россия,Выдача до 30 минут,ФВ 6031 
2026-06-13,Победа,Выдача до 30 минут,ДР 170 
2026-06-13,Победа,Выдача до 30 минут,ДР 160 
2026-06-13,GEORGIAN AIRWAYS,Выдача до 30 минут,ЖГ 926 
2026-06-13,Белавиа,Выдача до 30 минут,В2 979 
2026-06-13,flydubai,Выдача до 30 минут,FZ 989 
2026-06-13,Победа,Выдача до 30 минут,PBD 840 
2026-06-13,Азимут,Выдача до 30 минут,А4 7010 
2026-06-13,Россия,Выдача до 30 минут,ФВ 6175 
2026-06-13,Ютэйр,Выдача до 30 минут,ЮТ 270 
2026-06-13,Ютэйр,Выдача до 30 минут,ЮТ 746 
2026-06-13,Ютэйр,Выдача до 30 минут,ЮТ 374 
2026-06-13,GEORGIAN AIRWAYS,Выдача до 30 минут,AZO 7054 
2026-06-13,Turkish Airlines,Выдача до 30 минут,TK 415 
2026-06-13,Россия,Выдача до 30 минут,ФВ 6177 
2026-06-13,Победа,Выдача до 30 минут,ДР 836 
2026-06-13,Якутия,Выдача до 30 минут,ЯК 474 
2026-06-13,Ютэйр,Выдача до 30 минут,ЮТ 464 
2026-06-13,Ютэйр,Выдача до 30 минут,ЮТ 456 
2026-06-13,Победа,Выдача до 30 минут,ДР 114 
2026-06-13,Якутия,Выдача до 30 минут,ЯК 788 
2026-06-13,FLYONE Armenia,Выдача до 30 минут,3F 325 
2026-06-13,Руслайн,Выдача до 30 минут,РГ 178 
2026-06-13,Аэрофлот,Некорректно проставлены отметки,СУ 1235 
2026-06-13,Россия,Некорректно проставлены отметки,ФВ 6856 
2026-06-13,Ютэйр,Выдача до 30 минут,ЮТ 576 
2026-06-13,FLYONE Armenia,Выдача до 30 минут,УР 512 
2026-06-13,Победа,Выдача от 30 до 40 минут,ДР 856 
2026-06-13,UZBEKISTAN AIRWAYS,Выдача до 30 минут,ХИ 9609 
2026-06-13,UZBEKISTAN AIRWAYS,Выдача до 30 минут,ХИ 9627 
2026-06-13,UZBEKISTAN AIRWAYS,Выдача до 30 минут,ХИ 613 
2026-06-13,Победа,Некорректно проставлены отметки,ДР 6970 
2026-06-13,UZBEKISTAN AIRWAYS,Выдача от 30 до 40 минут,ХИ 9619 
2026-06-13,Победа,Выдача до 30 минут,ДР 158 
2026-06-13,Россия,Выдача до 30 минут,ФВ 6179 
2026-06-13,Россия,Выдача до 30 минут,ФВ 6181 
2026-06-13,Победа,Выдача до 30 минут,PBD 860 
2026-06-13,SCAT Airlines,Выдача до 30 минут,DV 815 
2026-06-13,Ютэйр,Выдача до 30 минут,ЮТ 810 
2026-06-13,Ютэйр,Выдача до 30 минут,ЮТ 802 
2026-06-13,Победа,Выдача до 30 минут,ДР 206 
2026-06-13,Россия,Выдача до 30 минут,ФВ 6183 
2026-06-13,Победа,Выдача до 30 минут,ДР 190 
2026-06-13,AZAL,Выдача до 30 минут,J2 803 
2026-06-13,Ютэйр,Выдача до 30 минут,ЮТ 784 
2026-06-13,Россия,Выдача до 30 минут,ФВ 6185 
2026-06-13,Ютэйр,Выдача более 40 минут,ЮТ 296 
2026-06-13,Nesma Airlines,Выдача до 30 минут,NE 616 
2026-06-13,Азимут,Выдача до 30 минут,А4 7030 
2026-06-13,Pegasus,Выдача от 30 до 40 минут,PC 1580 
2026-06-13,Ютэйр,Выдача до 30 минут,ЮТ 398 
2026-06-13,Turkish Airlines,Выдача до 30 минут,TK 411 
2026-06-13,Азимут,Некорректно проставлены отметки,А4 7036 
2026-06-13,ЮВТ АЭРО,Выдача до 30 минут,ЮВ 301 
2026-06-13,Победа,Выдача до 30 минут,ДР 994 
2026-06-13,Россия,Выдача до 30 минут,ФВ 6187 
2026-06-13,Победа,Выдача до 30 минут,ДР 210 
2026-06-13,Победа,Выдача до 30 минут,ДР 168 
2026-06-13,Победа,Некорректно проставлены отметки,ДР 194 
2026-06-13,Победа,Некорректно проставлены отметки,ДР 116 
2026-06-13,Победа,Выдача до 30 минут,ДР 422 
2026-06-13,Turkish Airlines,Выдача до 30 минут,TK 409 
2026-06-13,Победа,Выдача до 30 минут,ДР 486 
2026-06-13,Turkish Airlines,Выдача до 30 минут,TK 3060 
2026-06-14,Победа,Выдача до 30 минут,ДР 264 
2026-06-14,Pegasus,Выдача до 30 минут,PC 1576 
2026-06-14,Turkish Airlines,Выдача до 30 минут,TK 3002 
2026-06-14,AJET,Выдача от 30 до 40 минут,VF 275 
2026-06-14,AZAL,Выдача до 30 минут,J2 809 
2026-06-14,Turkish Airlines,Выдача до 30 минут,TK 217 
2026-06-14,Turkish Airlines,Выдача до 30 минут,TK 421 
2026-06-14,Turkish Airlines,Выдача до 30 минут,TK 3178 
2026-06-14,Россия,Выдача до 30 минут,ФВ 6189 
2026-06-14,Turkish Airlines,Выдача от 30 до 40 минут,TK 3084 
2026-06-14,Turkish Airlines,Выдача до 30 минут,TK 3014 
2026-06-14,Победа,Выдача до 30 минут,ДР 476 
2026-06-14,Pegasus,Выдача от 30 до 40 минут,PC 1521 
2026-06-14,Ютэйр,Выдача до 30 минут,ЮТ 376 
2026-06-14,Turkish Airlines,Выдача до 30 минут,TK 3036 
2026-06-14,Ютэйр,Выдача до 30 минут,ЮТ 358 
2026-06-14,GEORGIAN AIRWAYS,Выдача от 30 до 40 минут,ЖГ 932 
2026-06-14,Turkish Airlines,Выдача до 30 минут,TK 3154 
2026-06-14,SCAT Airlines,Выдача до 30 минут,DV 813 
2026-06-14,flydubai,Выдача до 30 минут,FZ 987 
2026-06-14,FLYONE Armenia,Выдача до 30 минут,3F 323 
2026-06-14,Turkish Airlines,Выдача до 30 минут,TK 3122 
2026-06-14,Победа,Выдача до 30 минут,ДР 198 
2026-06-14,Red Sea,Выдача до 30 минут,4S 315 
2026-06-14,Pegasus,Выдача от 30 до 40 минут,PC 386 
2026-06-14,GEORGIAN AIRWAYS,Выдача от 30 до 40 минут,AZO 7008B
2026-06-14,Победа,Выдача до 30 минут,ДР 1188 
2026-06-14,Red Sea,Выдача от 30 до 40 минут,4S 325 
2026-06-14,Nesma Airlines,Выдача до 30 минут,NE 600 
2026-06-14,AJET,Выдача до 30 минут,VF 587 
2026-06-14,АЗУР эйр,Выдача до 30 минут,AZV 3014 
2026-06-14,Pegasus,Выдача от 30 до 40 минут,PC 1456 
2026-06-14,Nesma Airlines,Выдача от 30 до 40 минут,NE 604 
2026-06-14,AJET,Выдача до 30 минут,VF 277 
2026-06-14,Nesma Airlines,Выдача от 30 до 40 минут,NE 642 
2026-06-14,Turkish Airlines,Выдача от 30 до 40 минут,TK 419 
2026-06-14,Pegasus,Выдача до 30 минут,PC 390 
2026-06-14,AZAL,Выдача до 30 минут,J2 5830 
2026-06-14,Red Sea,Выдача до 30 минут,4S 313 
2026-06-14,Turkish Airlines,Выдача до 30 минут,TK 407 
2026-06-14,Победа,Выдача до 30 минут,ДР 408 
2026-06-14,Nesma Airlines,Выдача до 30 минут,NE 618 
2026-06-14,Победа,Выдача до 30 минут,ДР 414 
2026-06-14,Pegasus,Выдача до 30 минут,PC 1458 
2026-06-14,Ютэйр,Выдача до 30 минут,ЮТ 250 
2026-06-14,Победа,Выдача до 30 минут,ДР 434 
2026-06-14,UZBEKISTAN AIRWAYS,Выдача до 30 минут,ХИ 9607 
2026-06-14,Ютэйр,Выдача до 30 минут,ЮТ 764 
2026-06-14,Россия,Выдача до 30 минут,ФВ 6019 
2026-06-14,Победа,Выдача до 30 минут,ДР 742 
2026-06-14,GEORGIAN AIRWAYS,Выдача до 30 минут,AZO 7154 
2026-06-14,UZBEKISTAN AIRWAYS,Выдача до 30 минут,ХИ 9615 
2026-06-14,Ютэйр,Выдача до 30 минут,ЮТ 454 
2026-06-14,Ютэйр,Выдача до 30 минут,ЮТ 364 
2026-06-14,Ютэйр,Выдача до 30 минут,ЮТ 786 
2026-06-14,UZBEKISTAN AIRWAYS,Выдача до 30 минут,ХИ 9613 
2026-06-14,Ютэйр,Выдача до 30 минут,ЮТ 248 
2026-06-14,Якутия,Выдача до 30 минут,ЯК 475 
2026-06-14,Ютэйр,Выдача до 30 минут,ЮТ 808 
2026-06-14,Россия,Выдача до 30 минут,ФВ 6051 
2026-06-14,Ютэйр,Выдача до 30 минут,ЮТ 560 
2026-06-14,Россия,Выдача до 30 минут,ФВ 6003 
2026-06-14,Ютэйр,Выдача до 30 минут,ЮТ 572 
2026-06-14,FLYONE Armenia,Выдача до 30 минут,3F 321 
2026-06-14,Aero Nomad,Выдача до 30 минут,КГ 555 
2026-06-14,Ютэйр,Выдача до 30 минут,ЮТ 356 
2026-06-14,SCAT Airlines,Выдача до 30 минут,DV 801 
2026-06-14,Россия,Выдача до 30 минут,ФВ 6005 
2026-06-14,Ютэйр,Выдача до 30 минут,ЮТ 446 
2026-06-14,Turkish Airlines,Выдача до 30 минут,TK 413 
2026-06-14,Россия,Выдача до 30 минут,ФВ 6007 
2026-06-14,GEORGIAN AIRWAYS,Выдача до 30 минут,ЖГ 936 
2026-06-14,AZAL,Выдача до 30 минут,J2 807 
2026-06-14,Россия,Выдача до 30 минут,ФВ 6013 
2026-06-14,Turkish Airlines,Выдача до 30 минут,TK 3070 
2026-06-14,Turkish Airlines,Выдача до 30 минут,TK 3076 
2026-06-14,Turkish Airlines,Выдача до 30 минут,TK 1231 
2026-06-14,Turkish Airlines,Выдача до 30 минут,TK 3012 
2026-06-14,Turkish Airlines,Выдача до 30 минут,TK 3024 
2026-06-14,Россия,Выдача до 30 минут,ФВ 6009 
2026-06-14,Turkish Airlines,Выдача от 30 до 40 минут,TK 3046 
2026-06-14,Turkish Airlines,Выдача до 30 минут,TK 3164 
2026-06-14,Победа,Выдача до 30 минут,ДР 424 
2026-06-14,Победа,Выдача до 30 минут,ДР 714 
2026-06-14,Turkish Airlines,Выдача до 30 минут,TK 417 
2026-06-14,Победа,Выдача до 30 минут,ДР 114 
2026-06-14,Россия,Выдача до 30 минут,ФВ 6025 
2026-06-14,Pegasus,Выдача до 30 минут,PC 388 
2026-06-14,Nesma Airlines,Выдача до 30 минут,NE 620 
2026-06-14,Ютэйр,Выдача до 30 минут,ЮТ 334 
2026-06-14,Победа,Некорректно проставлены отметки,ДР 262 
2026-06-14,Shirak Avia,Выдача до 30 минут,ЮБГ 509 
2026-06-14,Ютэйр,Выдача до 30 минут,ЮТ 744 
2026-06-14,Победа,Выдача до 30 минут,ДР 170 
2026-06-14,Россия,Выдача до 30 минут,ФВ 6027 
2026-06-14,Россия,Выдача до 30 минут,ФВ 6031 
2026-06-14,GEORGIAN AIRWAYS,Выдача до 30 минут,ЖГ 926 
2026-06-14,Ютэйр,Выдача до 30 минут,ЮТ 276 
2026-06-14,Ютэйр,Выдача до 30 минут,ЮТ 596 
2026-06-14,Россия,Выдача до 30 минут,ФВ 6037 
2026-06-14,Россия,Выдача до 30 минут,ФВ 6175 
2026-06-14,Turkish Airlines,Выдача до 30 минут,TK 415 
2026-06-14,Россия,Выдача до 30 минут,ФВ 6011 
2026-06-14,Алроса,Выдача до 30 минут,ЯМ 624 
2026-06-14,Победа,Выдача до 30 минут,PBD 980 
2026-06-14,Азимут,Выдача до 30 минут,А4 7010 
2026-06-14,FLYONE Armenia,Выдача до 30 минут,3F 325 
2026-06-14,Якутия,Некорректно проставлены отметки,ОП 914 
2026-06-14,Победа,Выдача до 30 минут,ДР 836 
2026-06-14,Ютэйр,Выдача до 30 минут,ЮТ 464 
2026-06-14,flydubai,Выдача от 30 до 40 минут,FZ 989 
2026-06-14,Белавиа,Выдача до 30 минут,В2 983 
2026-06-14,Победа,Выдача более 40 минут,ДР 856 
2026-06-14,Россия,Выдача до 30 минут,ФВ 6177 
2026-06-14,Победа,Выдача до 30 минут,ДР 466 
2026-06-14,Победа,Выдача от 30 до 40 минут,ДР 964 
2026-06-14,Россия,Выдача до 30 минут,ФВ 6015 
2026-06-14,Ютэйр,Выдача до 30 минут,ЮТ 296 
2026-06-14,Ютэйр,Выдача до 30 минут,ЮТ 400 
2026-06-14,Вологодское АП,Не определено,ВГ 2390 
2026-06-14,UZBEKISTAN AIRWAYS,Выдача до 30 минут,ХИ 9627 
2026-06-14,FLYONE Armenia,Выдача до 30 минут,УР 512 
2026-06-14,Победа,Выдача до 30 минут,PBD 840 
2026-06-14,Россия,Выдача до 30 минут,ФВ 6179 
2026-06-14,Россия,Выдача до 30 минут,ФВ 6017 
2026-06-14,UZBEKISTAN AIRWAYS,Выдача до 30 минут,ХИ 9609 
2026-06-14,UZBEKISTAN AIRWAYS,Выдача до 30 минут,ХИ 9619 
2026-06-14,Nesma Airlines,Выдача до 30 минут,NE 646 
2026-06-14,Ютэйр,Выдача до 30 минут,ЮТ 180 
2026-06-14,Россия,Выдача до 30 минут,ФВ 6021 
2026-06-14,Победа,Выдача до 30 минут,ДР 206 
2026-06-14,SCAT Airlines,Выдача до 30 минут,DV 815 
2026-06-14,UZBEKISTAN AIRWAYS,Выдача от 30 до 40 минут,ХИ 613 
2026-06-14,GEORGIAN AIRWAYS,Не определено,ЖГЖ 9576 
2026-06-14,ЮВТ АЭРО,Выдача до 30 минут,ЮВ 301 
2026-06-14,Россия,Выдача до 30 минут,ФВ 6183 
2026-06-14,Россия,Выдача до 30 минут,ФВ 6181 
2026-06-14,Nouvelair Tunisie,Выдача до 30 минут,BJ 814 
2026-06-14,Turkish Airlines,Выдача до 30 минут,TK 411 
2026-06-14,Ютэйр,Выдача до 30 минут,ЮТ 746 
2026-06-14,Россия,Выдача до 30 минут,ФВ 6185 
2026-06-14,Победа,Выдача до 30 минут,ДР 158 
2026-06-14,Белавиа,Выдача до 30 минут,В2 985 
2026-06-14,AZAL,Выдача до 30 минут,J2 803 
2026-06-14,SCAT Airlines,Выдача до 30 минут,DV 813 
2026-06-14,Pegasus,Выдача до 30 минут,PC 1580 
2026-06-14,Ютэйр,Выдача до 30 минут,ЮТ 784 
2026-06-14,Победа,Выдача до 30 минут,ДР 738 
2026-06-14,UZBEKISTAN AIRWAYS,Выдача до 30 минут,ХИ 605 
2026-06-14,Ютэйр,Выдача до 30 минут,ЮТ 376 
2026-06-14,Turkish Airlines,Выдача до 30 минут,TK 211 
2026-06-14,Азимут,Выдача до 30 минут,А4 7036 
2026-06-14,AZAL,Выдача до 30 минут,J2 809 
2026-06-14,Turkish Airlines,Выдача до 30 минут,TK 3178 
2026-06-15,Turkish Airlines,Выдача от 30 до 40 минут,TK 3060 
2026-06-15,Ютэйр,Выдача до 30 минут,ЮТ 374 
2026-06-15,Победа,Выдача до 30 минут,ДР 486 
2026-06-15,Россия,Выдача до 30 минут,ФВ 6187 
2026-06-15,Turkish Airlines,Выдача до 30 минут,TK 3084 
2026-06-15,Turkish Airlines,Выдача до 30 минут,TK 409 
2026-06-15,Победа,Выдача до 30 минут,ДР 968 
2026-06-15,Pegasus,Выдача от 30 до 40 минут,PC 1576 
2026-06-15,Turkish Airlines,Выдача от 30 до 40 минут,TK 3002 
2026-06-15,AJET,Выдача от 30 до 40 минут,VF 275 
2026-06-15,Turkish Airlines,Выдача от 30 до 40 минут,TK 217 
2026-06-15,Turkish Airlines,Выдача от 30 до 40 минут,TK 3014 
2026-06-15,Победа,Выдача до 30 минут,ДР 190 
2026-06-15,Победа,Выдача до 30 минут,ДР 476 
2026-06-15,Ютэйр,Выдача до 30 минут,ЮТ 358 
2026-06-15,Россия,Выдача до 30 минут,ФВ 6189 
2026-06-15,Turkish Airlines,Выдача до 30 минут,TK 421 
2026-06-15,Pegasus,Выдача до 30 минут,PC 1521 
2026-06-15,Turkish Airlines,Выдача до 30 минут,TK 3036 
2026-06-15,Россия,Некорректно проставлены отметки,ФВ 6161 
2026-06-15,Победа,Выдача до 30 минут,ДР 264 
2026-06-15,Turkish Airlines,Выдача до 30 минут,TK 3154 
2026-06-15,Победа,Выдача до 30 минут,ДР 194B
2026-06-15,Nesma Airlines,Выдача до 30 минут,NE 644 
2026-06-15,FLYONE Armenia,Выдача до 30 минут,3F 323 
2026-06-15,Turkish Airlines,Выдача до 30 минут,TK 3122 
2026-06-15,Ютэйр,Не определено,ЮТ 809F
2026-06-15,Победа,Выдача до 30 минут,ДР 1422 
2026-06-15,flydubai,Выдача до 30 минут,FZ 987 
2026-06-15,Pegasus,Выдача до 30 минут,PC 386 
2026-06-15,Nesma Airlines,Выдача от 30 до 40 минут,NE 610 
2026-06-15,Победа,Выдача до 30 минут,ДР 168B
2026-06-15,GEORGIAN AIRWAYS,Выдача до 30 минут,AZO 7008 
2026-06-15,GEORGIAN AIRWAYS,Выдача от 30 до 40 минут,ЖГ 932 
2026-06-15,Победа,Выдача до 30 минут,ДР 198 
2026-06-15,Победа,Выдача от 30 до 40 минут,PBD 736B
2026-06-15,GEORGIAN AIRWAYS,Некорректно проставлены отметки,AZO 7054B
2026-06-15,AJET,Выдача до 30 минут,VF 587 
2026-06-15,Pegasus,Выдача от 30 до 40 минут,PC 1456 
2026-06-15,Победа,Выдача до 30 минут,ДР 210B
2026-06-15,Nesma Airlines,Выдача до 30 минут,NE 600 
2026-06-15,AJET,Выдача до 30 минут,VF 277 
2026-06-15,Pegasus,Выдача от 30 до 40 минут,PC 390 
2026-06-15,Turkish Airlines,Выдача до 30 минут,TK 419 
2026-06-15,Nesma Airlines,Выдача до 30 минут,NE 618 
2026-06-15,Pegasus,Выдача до 30 минут,PC 1458 
2026-06-15,Asia Union Airlines,Выдача до 30 минут,7Q 1777 
2026-06-15,ЮВТ АЭРО,Выдача до 30 минут,ЮВ 301 
2026-06-15,Turkish Airlines,Выдача до 30 минут,TK 407 
2026-06-15,Победа,Выдача до 30 минут,ДР 408 
2026-06-15,Red Sea,Выдача до 30 минут,4S 337 
2026-06-15,Россия,Выдача до 30 минут,ФВ 6019 
2026-06-15,Победа,Выдача до 30 минут,ДР 414 
2026-06-15,Ютэйр,Выдача до 30 минут,ЮТ 454 
2026-06-15,UZBEKISTAN AIRWAYS,Выдача до 30 минут,ХИ 9607 
2026-06-15,UZBEKISTAN AIRWAYS,Выдача до 30 минут,ХИ 9615 
2026-06-15,Ютэйр,Выдача до 30 минут,ЮТ 248 
2026-06-15,Ютэйр,Выдача до 30 минут,ЮТ 572 
2026-06-15,Ютэйр,Выдача до 30 минут,ЮТ 364 
2026-06-15,Россия,Выдача до 30 минут,ФВ 6051 
2026-06-15,Белавиа,Выдача до 30 минут,В2 981 
2026-06-15,Ютэйр,Выдача до 30 минут,ЮТ 352 
2026-06-15,Победа,Выдача до 30 минут,ДР 436 
2026-06-15,Алроса,Выдача до 30 минут,ЯМ 597 
2026-06-15,Якутия,Выдача до 30 минут,ЯК 473 
2026-06-15,SCAT Airlines,Выдача до 30 минут,DV 809 
2026-06-15,АЗУР эйр,Выдача от 30 до 40 минут,AZV 3004 
2026-06-15,Россия,Выдача до 30 минут,ФВ 6003 
2026-06-15,Вологодское АП,Не определено,ВГ 2390 
2026-06-15,UZBEKISTAN AIRWAYS,Выдача до 30 минут,ХИ 9813 
2026-06-15,Ютэйр,Выдача до 30 минут,ЮТ 446 
2026-06-15,Ютэйр,Выдача до 30 минут,ЮТ 356 
2026-06-15,Россия,Выдача до 30 минут,ФВ 6013 
2026-06-15,FLYONE Armenia,Выдача до 30 минут,3F 321 
2026-06-15,Ютэйр,Выдача до 30 минут,ЮТ 400 
2026-06-15,АЗУР эйр,Выдача от 30 до 40 минут,AZV 3002 
2026-06-15,Россия,Выдача до 30 минут,ФВ 6005 
2026-06-15,SCAT Airlines,Выдача до 30 минут,DV 801 
2026-06-15,Победа,Выдача до 30 минут,ДР 438 
2026-06-15,Aero Nomad,Выдача до 30 минут,КГ 555 
2026-06-15,AZAL,Выдача до 30 минут,J2 807 
2026-06-15,Газпром авиа,Выдача до 30 минут,ГЗП 260 
2026-06-15,GEORGIAN AIRWAYS,Выдача до 30 минут,ЖГ 936 
2026-06-15,Азимут,Выдача до 30 минут,А4 7020 
2026-06-15,Победа,Выдача до 30 минут,ДР 744 
2026-06-15,Россия,Выдача до 30 минут,ФВ 6007 
2026-06-15,Turkish Airlines,Выдача до 30 минут,TK 413 
2026-06-15,Победа,Выдача до 30 минут,ДР 424 
2026-06-15,Ютэйр,Выдача до 30 минут,ЮТ 250B
2026-06-15,Азимут,Выдача до 30 минут,А4 7034 
2026-06-15,Turkish Airlines,Выдача до 30 минут,TK 1231 
2026-06-15,Россия,Выдача до 30 минут,ФВ 6009 
2026-06-15,Ютэйр,Выдача до 30 минут,ЮТ 398F
2026-06-15,АЗУР эйр,Выдача более 40 минут,AZV 3014 
2026-06-15,Алроса,Выдача до 30 минут,ЯМ 543 
2026-06-15,Ютэйр,Выдача до 30 минут,ЮТ 786B
2026-06-15,Россия,Выдача до 30 минут,ФВ 6025 
2026-06-15,Победа,Выдача до 30 минут,ДР 434 
2026-06-15,Turkish Airlines,Выдача до 30 минут,TK 417 
2026-06-15,Победа,Некорректно проставлены отметки,ДР 116B
2026-06-15,Победа,Выдача от 30 до 40 минут,ДР 856 
2026-06-15,Ютэйр,Выдача до 30 минут,УТА 6190 
2026-06-15,Россия,Выдача до 30 минут,ФВ 6027 
2026-06-15,Якутия,Выдача до 30 минут,ЯК 688 
2026-06-15,Pegasus,Выдача до 30 минут,PC 388 
2026-06-15,Россия,Выдача до 30 минут,ФВ 6031 
2026-06-15,Азимут,Выдача до 30 минут,А4 7010 
2026-06-15,Россия,Выдача до 30 минут,ФВ 6037 
2026-06-15,Северо-Запад,Выдача до 30 минут,НВЦ 9152 
2026-06-15,Red Sea,Выдача до 30 минут,4S 341 
2026-06-15,Россия,Выдача до 30 минут,ФВ 6175 
2026-06-15,Ютэйр,Выдача от 30 до 40 минут,ЮТ 802F
2026-06-15,Победа,Выдача до 30 минут,PBD 980 
2026-06-15,Ютэйр,Выдача до 30 минут,ЮТ 596 
2026-06-15,Белавиа,Выдача до 30 минут,В2 979 
2026-06-15,flydubai,Выдача до 30 минут,FZ 989 
2026-06-15,Победа,Выдача до 30 минут,ДР 836 
2026-06-15,Руслайн,Некорректно проставлены отметки,РГ 194 
2026-06-15,Ютэйр,Выдача до 30 минут,ЮТ 374 
2026-06-15,Ютэйр,Выдача до 30 минут,ЮТ 746 
2026-06-15,Россия,Выдача до 30 минут,ФВ 6177 
2026-06-15,Turkish Airlines,Выдача до 30 минут,TK 415 
2026-06-15,UZBEKISTAN AIRWAYS,Выдача до 30 минут,ХИ 9625 
2026-06-15,Ютэйр,Выдача до 30 минут,ЮТ 464 
2026-06-15,Якутия,Выдача до 30 минут,ЯК 474 
2026-06-15,Ютэйр,Выдача до 30 минут,ЮТ 296 
2026-06-15,FLYONE Armenia,Выдача до 30 минут,УР 514 
2026-06-15,FLYONE Armenia,Выдача до 30 минут,3F 325 
2026-06-15,Россия,Выдача до 30 минут,ФВ 6179 
2026-06-15,Победа,Выдача до 30 минут,PBD 840 
2026-06-15,Ютэйр,Выдача до 30 минут,ЮТ 398 
2026-06-15,Ютэйр,Выдача до 30 минут,ЮТ 576 
2026-06-15,Победа,Выдача до 30 минут,ДР 114 
2026-06-15,Победа,Выдача до 30 минут,ДР 158 
2026-06-15,UZBEKISTAN AIRWAYS,Выдача до 30 минут,ХИ 613 
2026-06-15,UZBEKISTAN AIRWAYS,Выдача до 30 минут,ХИ 9619 
2026-06-15,Россия,Выдача до 30 минут,ФВ 6181 
2026-06-15,AZAL,Выдача до 30 минут,J2 5830 
2026-06-15,Победа,Выдача до 30 минут,ДР 190 
2026-06-15,UZBEKISTAN AIRWAYS,Выдача до 30 минут,ХИ 9627 
2026-06-15,Азимут,Некорректно проставлены отметки,А4 7030 
2026-06-15,Россия,Выдача до 30 минут,ФВ 6183 
2026-06-15,GEORGIAN AIRWAYS,Выдача до 30 минут,AZO 7054 
2026-06-15,Победа,Выдача до 30 минут,ДР 194 
2026-06-15,ЮВТ АЭРО,Выдача до 30 минут,ЮВ 204 
2026-06-15,Ютэйр,Выдача до 30 минут,ЮТ 180 
2026-06-15,Победа,Выдача до 30 минут,ДР 210 
2026-06-15,AJET,Не определено,VSV 3410 
2026-06-15,Ютэйр,Выдача до 30 минут,ЮТ 784 
2026-06-15,AZAL,Выдача до 30 минут,J2 803 
2026-06-15,Победа,Выдача до 30 минут,ДР 206 
2026-06-15,Red Sea,Выдача до 30 минут,4S 311 
2026-06-15,SCAT Airlines,Выдача до 30 минут,DV 815 
2026-06-15,Ютэйр,Некорректно проставлены отметки,ЮТ 576F
2026-06-15,Россия,Выдача до 30 минут,ФВ 6185 
2026-06-15,Pegasus,Выдача до 30 минут,PC 1580 
2026-06-15,Победа,Выдача до 30 минут,ДР 116 
2026-06-15,SCAT Airlines,Выдача до 30 минут,DV 813 
2026-06-15,Победа,Выдача до 30 минут,ДР 738 
2026-06-15,UZBEKISTAN AIRWAYS,Выдача до 30 минут,ХИ 605 
2026-06-15,Turkish Airlines,Выдача до 30 минут,TK 411 
2026-06-15,Победа,Выдача до 30 минут,ДР 264 
2026-06-15,AZAL,Выдача до 30 минут,J2 809 
2026-06-15,Ютэйр,Выдача до 30 минут,ЮТ 358 
2026-06-15,Победа,Выдача до 30 минут,ДР 994 
2026-06-16,Pegasus,Выдача от 30 до 40 минут,PC 1576 
2026-06-16,Turkish Airlines,Выдача до 30 минут,TK 211 
2026-06-16,Turkish Airlines,Выдача от 30 до 40 минут,TK 3060 
2026-06-16,Turkish Airlines,Выдача до 30 минут,TK 3178 
2026-06-16,Turkish Airlines,Выдача до 30 минут,TK 409 
2026-06-16,Победа,Выдача до 30 минут,ДР 968B
2026-06-16,Turkish Airlines,Выдача до 30 минут,TK 217 
2026-06-16,Pegasus,Выдача до 30 минут,PC 1521 
2026-06-16,Turkish Airlines,Выдача до 30 минут,TK 3002 
2026-06-16,Россия,Выдача до 30 минут,ФВ 6189 
2026-06-16,Ютэйр,Выдача до 30 минут,ЮТ 1376 
2026-06-16,Turkish Airlines,Выдача до 30 минут,TK 3084 
2026-06-16,AJET,Выдача от 30 до 40 минут,VF 275 
2026-06-16,Turkish Airlines,Выдача от 30 до 40 минут,TK 3014 
2026-06-16,Победа,Выдача до 30 минут,PBD 736 
2026-06-16,GEORGIAN AIRWAYS,Некорректно проставлены отметки,AZO 7008 
2026-06-16,Победа,Выдача до 30 минут,ДР 422 
2026-06-16,Ютэйр,Выдача от 30 до 40 минут,ЮТ 802B
2026-06-16,Turkish Airlines,Выдача до 30 минут,TK 421 
2026-06-16,Победа,Выдача до 30 минут,ДР 1168 
2026-06-16,Россия,Выдача до 30 минут,ФВ 6161 
2026-06-16,Turkish Airlines,Выдача от 30 до 40 минут,TK 3036 
2026-06-16,GEORGIAN AIRWAYS,Выдача до 30 минут,ЖГ 932 
2026-06-16,Turkish Airlines,Выдача до 30 минут,TK 3154 
2026-06-16,Nesma Airlines,Выдача до 30 минут,NE 642 
2026-06-16,Победа,Выдача более 40 минут,ДР 476 
2026-06-16,Turkish Airlines,Выдача до 30 минут,TK 3122 
2026-06-16,flydubai,Выдача до 30 минут,FZ 987 
2026-06-16,Pegasus,Выдача до 30 минут,PC 386 
2026-06-16,FLYONE Armenia,Выдача более 40 минут,3F 323 
2026-06-16,Победа,Выдача до 30 минут,ДР 486D
2026-06-16,Ютэйр,Выдача от 30 до 40 минут,ЮТ 400F
2026-06-16,Победа,Выдача до 30 минут,ДР 198 
2026-06-16,AJET,Выдача до 30 минут,VF 587 
2026-06-16,Pegasus,Выдача от 30 до 40 минут,PC 1456 
2026-06-16,Nesma Airlines,Выдача до 30 минут,NE 602 
2026-06-16,AJET,Выдача от 30 до 40 минут,VF 277 
2026-06-16,Pegasus,Выдача от 30 до 40 минут,PC 390 
2026-06-16,Turkish Airlines,Выдача от 30 до 40 минут,TK 419 
2026-06-16,Ютэйр,Выдача до 30 минут,ЮТ 810F
2026-06-16,Nesma Airlines,Выдача до 30 минут,NE 604 
2026-06-16,Победа,Выдача до 30 минут,ДР 208 
2026-06-16,Победа,Выдача до 30 минут,ДР 408 
2026-06-16,Nesma Airlines,Выдача до 30 минут,NE 620 
2026-06-16,Победа,Выдача до 30 минут,ДР 438 
2026-06-16,Red Sea,Выдача до 30 минут,4S 315 
2026-06-16,Pegasus,Выдача до 30 минут,PC 1458 
2026-06-16,Победа,Некорректно проставлены отметки,ДР 434 
2026-06-16,Победа,Выдача до 30 минут,ДР 436 
2026-06-16,Ютэйр,Выдача до 30 минут,ЮТ 352 
2026-06-16,SCAT Airlines,Выдача до 30 минут,DV 801 
2026-06-16,SCAT Airlines,Выдача до 30 минут,DV 809 
2026-06-16,Ютэйр,Выдача до 30 минут,ЮТ 786 
2026-06-16,Победа,Выдача до 30 минут,ДР 742 
2026-06-16,Вологодское АП,Не определено,ВГ 2390 
2026-06-16,GEORGIAN AIRWAYS,Выдача до 30 минут,AZO 7108 
2026-06-16,Ютэйр,Выдача до 30 минут,ЮТ 356 
2026-06-16,Победа,Выдача до 30 минут,ДР 734 
2026-06-16,Победа,Выдача до 30 минут,ДР 714 
2026-06-16,Якутия,Выдача до 30 минут,ЯК 479 
2026-06-16,Россия,Выдача до 30 минут,ФВ 6003 
2026-06-16,Turkish Airlines,Выдача от 30 до 40 минут,TK 407 
2026-06-16,Ютэйр,Выдача до 30 минут,ЮТ 560 
2026-06-16,Ютэйр,Выдача от 30 до 40 минут,ЮТ 572 
2026-06-16,Россия,Выдача до 30 минут,ФВ 6007 
2026-06-16,FLYONE Armenia,Выдача до 30 минут,3F 321 
2026-06-16,UZBEKISTAN AIRWAYS,Выдача до 30 минут,ХИ 9615 
2026-06-16,Россия,Выдача до 30 минут,ФВ 6019 
2026-06-16,Shirak Avia,Выдача более 40 минут,ЮБГ 509 
2026-06-16,GEORGIAN AIRWAYS,Выдача до 30 минут,ЖГ 936 
2026-06-16,UZBEKISTAN AIRWAYS,Выдача до 30 минут,ХИ 9607 
2026-06-16,AZAL,Выдача до 30 минут,J2 807 
2026-06-16,Газпром авиа,Выдача до 30 минут,ГЗП 292 
2026-06-16,Ютэйр,Выдача до 30 минут,ЮТ 248 
2026-06-16,Ютэйр,Выдача до 30 минут,ЮТ 454 
2026-06-16,Алроса,Выдача до 30 минут,ЯМ 543 
2026-06-16,Meraj Air,Выдача до 30 минут,MRJ 4879 
2026-06-16,Ютэйр,Выдача от 30 до 40 минут,ЮТ 250 
2026-06-16,Turkish Airlines,Выдача от 30 до 40 минут,TK 3070 
2026-06-16,Turkish Airlines,Выдача от 30 до 40 минут,TK 413 
2026-06-16,Руслайн,Выдача до 30 минут,РГ 194 
2026-06-16,Россия,Выдача до 30 минут,ФВ 6009 
2026-06-16,Turkish Airlines,Выдача до 30 минут,TK 417 
2026-06-16,Turkish Airlines,Выдача от 30 до 40 минут,TK 3012 
2026-06-16,Turkish Airlines,Выдача до 30 минут,TK 3058 
2026-06-16,Ютэйр,Некорректно проставлены отметки,ЮТ 364 
2026-06-16,Победа,Выдача до 30 минут,ДР 114 
2026-06-16,FLYONE Armenia,Выдача до 30 минут,УР 412 
2026-06-16,Turkish Airlines,Выдача от 30 до 40 минут,TK 1231 
2026-06-16,Газпром авиа,Выдача до 30 минут,ГЗП 262 
2026-06-16,Газпром авиа,Выдача до 30 минут,ГЗП 250 
2026-06-16,Pegasus,Выдача до 30 минут,PC 388 
2026-06-16,Россия,Выдача до 30 минут,ФВ 6005 
2026-06-16,Победа,Выдача до 30 минут,ДР 424 
2026-06-16,Россия,Выдача до 30 минут,ФВ 6051 
2026-06-16,Северо-Запад,Выдача до 30 минут,НВЦ 9152 
2026-06-16,АЗУР эйр,Выдача до 30 минут,AZV 3014 
2026-06-16,GEORGIAN AIRWAYS,Выдача от 30 до 40 минут,ЖГ 926 
2026-06-16,Белавиа,Выдача до 30 минут,В2 979 
2026-06-16,АЗУР эйр,Выдача от 30 до 40 минут,AZV 3006 
2026-06-16,Россия,Выдача до 30 минут,ФВ 6037 
2026-06-16,Победа,Не определено,ДРУ 9804 
2026-06-16,Победа,Выдача до 30 минут,ДР 262 
2026-06-16,Победа,Некорректно проставлены отметки,ДР 466 
2026-06-16,Россия,Выдача до 30 минут,ФВ 6027 
2026-06-16,Ютэйр,Выдача до 30 минут,ЮТ 334 
2026-06-16,flydubai,Выдача до 30 минут,FZ 989 
2026-06-16,Россия,Выдача до 30 минут,ФВ 6175 
2026-06-16,Якутия,Выдача до 30 минут,ЯК 736 
2026-06-16,FLYONE Armenia,Выдача до 30 минут,3F 325 
2026-06-16,Россия,Выдача до 30 минут,ФВ 6177 
2026-06-16,Turkish Airlines,Выдача более 40 минут,TK 415 
2026-06-16,Ютэйр,Некорректно проставлены отметки,ЮТ 464 
2026-06-16,Ютэйр,Выдача до 30 минут,ЮТ 456 
2026-06-16,Ютэйр,Выдача до 30 минут,ЮТ 746 
2026-06-16,Азимут,Некорректно проставлены отметки,А4 7030 
2026-06-16,Победа,Выдача до 30 минут,ДР 194 
2026-06-16,UZBEKISTAN AIRWAYS,Выдача до 30 минут,ХИ 613 
2026-06-16,Ютэйр,Выдача до 30 минут,ЮТ 270 
2026-06-16,Победа,Выдача до 30 минут,ДР 836 
2026-06-16,Россия,Выдача до 30 минут,ФВ 6179 
2026-06-16,Азимут,Выдача до 30 минут,А4 7010 
2026-06-16,Ютэйр,Выдача до 30 минут,ЮТ 398 
2026-06-16,Россия,Выдача до 30 минут,ФВ 6181 
2026-06-16,Якутия,Выдача до 30 минут,ЯК 480 
2026-06-16,Победа,Выдача до 30 минут,PBD 840 
2026-06-16,SCAT Airlines,Выдача до 30 минут,DV 815 
2026-06-16,FLYONE Armenia,Выдача до 30 минут,УР 512 
2026-06-16,Победа,Выдача до 30 минут,ДР 964 
2026-06-16,Россия,Выдача до 30 минут,ФВ 6183 
2026-06-16,Победа,Выдача до 30 минут,ДР 856 
2026-06-16,Ютэйр,Выдача до 30 минут,ЮТ 296 
2026-06-16,Nesma Airlines,Выдача до 30 минут,NE 640 
2026-06-16,Nesma Airlines,Выдача до 30 минут,NE 610 
2026-06-16,Россия,Выдача до 30 минут,ФВ 6185 
2026-06-16,Pegasus,Выдача до 30 минут,PC 1580 
2026-06-16,SCAT Airlines,Выдача до 30 минут,DV 813 
2026-06-16,Ютэйр,Выдача от 30 до 40 минут,ЮТ 374 
2026-06-16,Азимут,Выдача до 30 минут,А4 7036 
2026-06-16,AZAL,Выдача до 30 минут,J2 805 
2026-06-16,Turkish Airlines,Выдача до 30 минут,TK 411 
2026-06-16,Победа,Выдача от 30 до 40 минут,ДР 730 
2026-06-16,Ютэйр,Выдача до 30 минут,ЮТ 810 
2026-06-16,Россия,Выдача до 30 минут,ФВ 6187 
2026-06-16,GEORGIAN AIRWAYS,Выдача до 30 минут,AZO 7054 
2026-06-16,Победа,Выдача до 30 минут,ДР 160 
2026-06-16,UZBEKISTAN AIRWAYS,Выдача до 30 минут,ХИ 605 
2026-06-16,Ютэйр,Выдача до 30 минут,ЮТ 744 
2026-06-16,Turkish Airlines,Выдача до 30 минут,TK 211 
2026-06-16,AZAL,Выдача до 30 минут,J2 809 
2026-06-17,Turkish Airlines,Выдача до 30 минут,TK 3060 
2026-06-17,Turkish Airlines,Выдача до 30 минут,TK 3002 
2026-06-17,Победа,Выдача до 30 минут,ДР 210 
2026-06-17,Pegasus,Выдача до 30 минут,PC 1576 
2026-06-17,Turkish Airlines,Выдача до 30 минут,TK 409 
2026-06-17,AJET,Выдача более 40 минут,VSV 3414 
2026-06-17,Победа,Выдача до 30 минут,ДР 190 
2026-06-17,Turkish Airlines,Выдача до 30 минут,TK 3178 
2026-06-17,Turkish Airlines,Выдача от 30 до 40 минут,TK 217 
2026-06-17,Turkish Airlines,Выдача от 30 до 40 минут,TK 3084 
2026-06-17,AJET,Выдача от 30 до 40 минут,VF 275 
2026-06-17,Россия,Выдача до 30 минут,ФВ 6189 
2026-06-17,Turkish Airlines,Выдача от 30 до 40 минут,TK 421 
2026-06-17,Pegasus,Выдача более 40 минут,PC 1521 
2026-06-17,Ютэйр,Выдача от 30 до 40 минут,ЮТ 784 
2026-06-17,Turkish Airlines,Выдача от 30 до 40 минут,TK 3014 
2026-06-17,UZBEKISTAN AIRWAYS,Выдача от 30 до 40 минут,ХИ 9619 
2026-06-17,Turkish Airlines,Выдача от 30 до 40 минут,TK 3036 
2026-06-17,Россия,Выдача до 30 минут,ФВ 6161 
2026-06-17,Ютэйр,Выдача от 30 до 40 минут,ЮТ 802 
2026-06-17,UZBEKISTAN AIRWAYS,Выдача более 40 минут,ХИ 9627A
2026-06-17,Turkish Airlines,Выдача от 30 до 40 минут,TK 3154 
2026-06-17,FLYONE Armenia,Выдача до 30 минут,3F 323 
2026-06-17,Победа,Выдача до 30 минут,ДР 422B
2026-06-17,flydubai,Выдача до 30 минут,FZ 987 
2026-06-17,Победа,Выдача до 30 минут,ДР 264B
2026-06-17,Pegasus,Выдача от 30 до 40 минут,PC 386 
2026-06-17,Red Sea,Выдача до 30 минут,4S 319 
2026-06-17,Победа,Выдача до 30 минут,PBD 860B
2026-06-17,Победа,Выдача от 30 до 40 минут,ДР 994B
2026-06-17,Победа,Выдача до 30 минут,ДР 168B
2026-06-17,AJET,Выдача от 30 до 40 минут,VF 587 
2026-06-17,Победа,Выдача до 30 минут,ДР 198B
2026-06-17,Pegasus,Выдача до 30 минут,PC 1456 
2026-06-17,Победа,Выдача до 30 минут,ДР 486B
2026-06-17,GEORGIAN AIRWAYS,Выдача от 30 до 40 минут,ЖГ 932 
2026-06-17,Nesma Airlines,Выдача до 30 минут,NE 600 
2026-06-17,Победа,Выдача до 30 минут,ДР 1188 
2026-06-17,GEORGIAN AIRWAYS,Выдача от 30 до 40 минут,AZO 7008 
2026-06-17,AJET,Выдача до 30 минут,VF 277 
2026-06-17,Ютэйр,Выдача до 30 минут,ЮТ 786 
2026-06-17,Победа,Выдача до 30 минут,ДР 1476 
2026-06-17,Pegasus,Выдача до 30 минут,PC 390 
2026-06-17,Turkish Airlines,Выдача до 30 минут,TK 419 
2026-06-17,Ютэйр,Выдача до 30 минут,ЮТ 276B
2026-06-17,Ютэйр,Некорректно проставлены отметки,ЮТ 376 
2026-06-17,Pegasus,Выдача до 30 минут,PC 1458 
2026-06-17,Победа,Выдача до 30 минут,ДР 408 
2026-06-17,Turkish Airlines,Выдача до 30 минут,TK 407 
2026-06-17,Россия,Выдача до 30 минут,ФВ 6019 
2026-06-17,Победа,Выдача до 30 минут,ДР 744 
2026-06-17,GEORGIAN AIRWAYS,Выдача до 30 минут,AZO 7072 
2026-06-17,Ютэйр,Выдача до 30 минут,ЮТ 454 
2026-06-17,Ютэйр,Выдача до 30 минут,ЮТ 572 
2026-06-17,FLYONE Armenia,Выдача до 30 минут,3F 321 
2026-06-17,Ютэйр,Выдача до 30 минут,ЮТ 248 
2026-06-17,Якутия,Выдача от 30 до 40 минут,ЯК 475 
2026-06-17,Ютэйр,Выдача до 30 минут,ЮТ 356 
2026-06-17,Россия,Выдача до 30 минут,ФВ 6051 
2026-06-17,Белавиа,Выдача до 30 минут,В2 981 
2026-06-17,Aero Nomad,Выдача до 30 минут,КГ 555 
2026-06-17,Алроса,Выдача до 30 минут,ЯМ 597 
2026-06-17,GEORGIAN AIRWAYS,Выдача до 30 минут,AZO 7108 
2026-06-17,Россия,Выдача до 30 минут,ФВ 6003 
2026-06-17,Победа,Выдача до 30 минут,ДР 414 
2026-06-17,Вологодское АП,Некорректно проставлены отметки,ВГ 2390 
2026-06-17,Ютэйр,Выдача до 30 минут,ЮТ 352 
2026-06-17,Победа,Выдача до 30 минут,ДР 714 
2026-06-17,SCAT Airlines,Выдача до 30 минут,DV 801 
2026-06-17,GEORGIAN AIRWAYS,Выдача до 30 минут,ЖГ 936 
2026-06-17,Ютэйр,Выдача до 30 минут,ЮТ 446 
2026-06-17,Победа,Выдача до 30 минут,ДР 732 
2026-06-17,Ютэйр,Выдача до 30 минут,ЮТ 560 
2026-06-17,Победа,Выдача до 30 минут,ДР 466 
2026-06-17,AZAL,Выдача до 30 минут,J2 807 
2026-06-17,Turkish Airlines,Выдача до 30 минут,TK 413 
2026-06-17,Россия,Выдача до 30 минут,ФВ 6007 
2026-06-17,Ютэйр,Выдача до 30 минут,ЮТ 358B
2026-06-17,Turkish Airlines,Выдача до 30 минут,TK 3070 
2026-06-17,Turkish Airlines,Выдача до 30 минут,TK 1231 
2026-06-17,Turkish Airlines,Выдача до 30 минут,TK 3012 
2026-06-17,Turkish Airlines,Выдача от 30 до 40 минут,TK 3024 
2026-06-17,Turkish Airlines,Выдача до 30 минут,TK 3046 
2026-06-17,Turkish Airlines,Выдача до 30 минут,TK 3164 
2026-06-17,Turkish Airlines,Выдача до 30 минут,TK 417 
2026-06-17,UZBEKISTAN AIRWAYS,Выдача до 30 минут,ХИ 9607 
2026-06-17,Азимут,Выдача до 30 минут,А4 7034 
2026-06-17,Nesma Airlines,Выдача до 30 минут,NE 602 
2026-06-17,Северо-Запад,Выдача до 30 минут,НВЦ 9152 
2026-06-17,UZBEKISTAN AIRWAYS,Выдача от 30 до 40 минут,ХИ 9615 
2026-06-17,Ютэйр,Выдача от 30 до 40 минут,ЮТ 364 
2026-06-17,Aero Nomad,Выдача от 30 до 40 минут,КГ 503 
2026-06-17,Pegasus,Выдача от 30 до 40 минут,PC 388 
2026-06-17,Ютэйр,Выдача до 30 минут,УТА 6316 
2026-06-17,АЗУР эйр,Выдача от 30 до 40 минут,AZV 3002 
2026-06-17,Алроса,Выдача до 30 минут,ЯМ 543 
2026-06-17,Руслайн,Некорректно проставлены отметки,РГ 194 
2026-06-17,Газпром авиа,Выдача более 40 минут,ГЗП 294 
2026-06-17,Победа,Выдача до 30 минут,ДР 262 
2026-06-17,GEORGIAN AIRWAYS,Выдача до 30 минут,ЖГ 926 
2026-06-17,Россия,Выдача до 30 минут,ФВ 6027 
2026-06-17,Россия,Выдача до 30 минут,ФВ 6031 
2026-06-17,Победа,Выдача до 30 минут,ДР 170 
2026-06-17,Белавиа,Выдача до 30 минут,В2 979 
2026-06-17,Азимут,Выдача до 30 минут,А4 7010 
2026-06-17,Ютэйр,Выдача до 30 минут,ЮТ 576B
2026-06-17,Россия,Выдача до 30 минут,ФВ 6025 
2026-06-17,flydubai,Выдача до 30 минут,FZ 989 
2026-06-17,Победа,Выдача до 30 минут,ДР 210 
2026-06-17,Победа,Выдача до 30 минут,PBD 840 
2026-06-17,Россия,Выдача до 30 минут,ФВ 6037 
2026-06-17,Россия,Выдача до 30 минут,ФВ 6175 
2026-06-17,Победа,Выдача до 30 минут,ДР 836 
2026-06-17,FLYONE Armenia,Выдача до 30 минут,3F 325 
2026-06-17,Победа,Выдача до 30 минут,ДР 158B
2026-06-17,Якутия,Выдача до 30 минут,ОП 246 
2026-06-17,Turkish Airlines,Выдача до 30 минут,TK 415 
2026-06-17,Победа,Выдача до 30 минут,ДР 208 
2026-06-17,FLYONE Armenia,Выдача до 30 минут,УР 514 
2026-06-17,Победа,Выдача до 30 минут,PBD 736 
2026-06-17,Россия,Выдача до 30 минут,ФВ 6179 
2026-06-17,Россия,Выдача до 30 минут,ФВ 6177 
2026-06-17,Победа,Выдача до 30 минут,ДР 424 
2026-06-17,Якутия,Выдача до 30 минут,ЯК 788 
2026-06-17,Победа,Выдача до 30 минут,ДР 856 
2026-06-17,Ютэйр,Выдача от 30 до 40 минут,ЮТ 596 
2026-06-17,Победа,Выдача до 30 минут,ДР 206 
2026-06-17,Россия,Выдача до 30 минут,ФВ 6181 
2026-06-17,UZBEKISTAN AIRWAYS,Выдача до 30 минут,ХИ 613 
2026-06-17,Ютэйр,Выдача до 30 минут,ЮТ 296 
2026-06-17,GEORGIAN AIRWAYS,Выдача до 30 минут,AZO 7054 
2026-06-17,Победа,Выдача до 30 минут,ДР 158 
2026-06-17,SCAT Airlines,Выдача до 30 минут,DV 815 
2026-06-17,Ютэйр,Выдача до 30 минут,ЮТ 464 
2026-06-17,Ютэйр,Выдача до 30 минут,ЮТ 180 
2026-06-17,Россия,Некорректно проставлены отметки,ФВ 6169 
2026-06-17,Россия,Выдача до 30 минут,ФВ 6183 
2026-06-17,Nouvelair Tunisie,Выдача до 30 минут,BJ 804 
2026-06-17,Победа,Выдача до 30 минут,ДР 160 
2026-06-17,Победа,Выдача до 30 минут,ДР 738 
2026-06-17,Россия,Выдача до 30 минут,ФВ 6185 
2026-06-17,Победа,Выдача до 30 минут,ДР 194 
2026-06-17,AZAL,Выдача до 30 минут,J2 805 
2026-06-17,АЗУР эйр,Выдача до 30 минут,AZV 3010 
2026-06-17,Nesma Airlines,Выдача до 30 минут,NE 606 
2026-06-17,Победа,Выдача до 30 минут,ДР 968 
2026-06-17,Turkish Airlines,Выдача до 30 минут,TK 411 
2026-06-17,SCAT Airlines,Выдача до 30 минут,DV 813 
2026-06-17,Pegasus,Выдача до 30 минут,PC 1580 
2026-06-17,Россия,Выдача до 30 минут,ФВ 6187 
2026-06-17,Победа,Выдача до 30 минут,ДР 1738 
2026-06-17,Победа,Выдача до 30 минут,ДР 486 
2026-06-17,AZAL,Выдача до 30 минут,J2 809 
2026-06-17,Turkish Airlines,Выдача до 30 минут,TK 211 
2026-06-18,Победа,Выдача до 30 минут,ДР 190 
2026-06-18,Turkish Airlines,Выдача до 30 минут,TK 3060 
2026-06-18,Turkish Airlines,Выдача до 30 минут,TK 3178 
2026-06-18,Ютэйр,Выдача до 30 минут,ЮТ 374 
2026-06-18,Turkish Airlines,Выдача до 30 минут,TK 409 
2026-06-18,Pegasus,Выдача от 30 до 40 минут,PC 1576 
2026-06-18,Turkish Airlines,Выдача до 30 минут,TK 3002 
2026-06-18,Победа,Выдача до 30 минут,ДР 264 
2026-06-18,Победа,Выдача до 30 минут,ДР 1168 
2026-06-18,Ютэйр,Некорректно проставлены отметки,ЮТ 784 
2026-06-18,Turkish Airlines,Выдача до 30 минут,TK 217 
2026-06-18,Turkish Airlines,Выдача до 30 минут,TK 3084 
2026-06-18,AJET,Выдача до 30 минут,VF 275 
2026-06-18,Turkish Airlines,Выдача от 30 до 40 минут,TK 3014 
2026-06-18,Ютэйр,Выдача до 30 минут,ЮТ 746B
2026-06-18,Ютэйр,Выдача до 30 минут,ЮТ 810B
2026-06-18,Ютэйр,Выдача до 30 минут,ЮТ 576 
2026-06-18,Turkish Airlines,Выдача до 30 минут,TK 3036 
2026-06-18,Pegasus,Выдача от 30 до 40 минут,PC 1521 
2026-06-18,UZBEKISTAN AIRWAYS,Выдача до 30 минут,ХИ 605 
2026-06-18,Россия,Выдача до 30 минут,ФВ 6161 
2026-06-18,UZBEKISTAN AIRWAYS,Выдача до 30 минут,ХИ 9627A
2026-06-18,Turkish Airlines,Выдача до 30 минут,TK 3154 
2026-06-18,Turkish Airlines,Выдача от 30 до 40 минут,TK 421 
2026-06-18,Red Sea,Выдача до 30 минут,4S 337 
2026-06-18,GEORGIAN AIRWAYS,Некорректно проставлены отметки,AZO 7018 
2026-06-18,UZBEKISTAN AIRWAYS,Выдача до 30 минут,ХИ 9619A
2026-06-18,GEORGIAN AIRWAYS,Выдача от 30 до 40 минут,ЖГ 932 
2026-06-18,FLYONE Armenia,Выдача до 30 минут,3F 323 
2026-06-18,Победа,Выдача до 30 минут,ДР 476D
2026-06-18,Nesma Airlines,Выдача до 30 минут,NE 644 
2026-06-18,flydubai,Выдача от 30 до 40 минут,FZ 987 
2026-06-18,Nesma Airlines,Выдача до 30 минут,NE 616 
2026-06-18,Pegasus,Выдача от 30 до 40 минут,PC 386 
2026-06-18,Победа,Выдача от 30 до 40 минут,ДР 198D
2026-06-18,Nesma Airlines,Выдача до 30 минут,NE 646 
2026-06-18,Turkish Airlines,Выдача до 30 минут,TK 3122 
2026-06-18,Nesma Airlines,Выдача до 30 минут,NE 630 
2026-06-18,Ютэйр,Выдача до 30 минут,ЮТ 400 
2026-06-18,ЮВТ АЭРО,Выдача до 30 минут,ЮВ 301 
2026-06-18,Аэрофлот,Выдача более 40 минут,СУ 1891 
2026-06-18,Победа,Выдача до 30 минут,ДР 408 
2026-06-18,Белавиа,Выдача до 30 минут,В2 981 
2026-06-18,SCAT Airlines,Выдача до 30 минут,DV 809 
2026-06-18,Аэрофлот,Выдача от 30 до 40 минут,СУ 1639 
2026-06-18,Turkish Airlines,Выдача до 30 минут,TK 413 
2026-06-18,GEORGIAN AIRWAYS,Выдача до 30 минут,ЖГ 936 
2026-06-18,Ютэйр,Выдача до 30 минут,ЮТ 786B
2026-06-18,Turkish Airlines,Выдача до 30 минут,TK 3012 
2026-06-18,Вологодское АП,Не определено,ВГ 2390 
2026-06-18,Ютэйр,Выдача до 30 минут,ЮТ 808 
2026-06-18,Turkish Airlines,Выдача до 30 минут,TK 1231 
2026-06-18,Аэрофлот,Выдача более 40 минут,СУ 5807 
2026-06-18,Turkish Airlines,Выдача от 30 до 40 минут,TK 3070 
2026-06-18,АЗУР эйр,Выдача до 30 минут,AZV 3008 
2026-06-18,АЗУР эйр,Выдача от 30 до 40 минут,AZV 3002 
2026-06-18,Ютэйр,Выдача до 30 минут,ЮТ 572 
2026-06-18,Россия,Выдача до 30 минут,ФВ 6025 
2026-06-18,FLYONE Armenia,Выдача до 30 минут,3F 321 
2026-06-18,Nesma Airlines,Выдача до 30 минут,NE 604 
2026-06-18,Белавиа,Выдача до 30 минут,В2 983 
2026-06-18,Ютэйр,Выдача до 30 минут,ЮТ 454 
2026-06-18,Aero Nomad,Некорректно проставлены отметки,КГ 555 
2026-06-18,AZAL,Выдача до 30 минут,J2 807 
2026-06-18,Победа,Выдача до 30 минут,ДР 434 
2026-06-18,UZBEKISTAN AIRWAYS,Выдача до 30 минут,ХИ 9615 
2026-06-18,Ютэйр,Выдача до 30 минут,ЮТ 352 
2026-06-18,Россия,Выдача до 30 минут,ФВ 6031 
2026-06-18,Газпром авиа,Выдача более 40 минут,ГЗП 252 
2026-06-18,Ютэйр,Выдача до 30 минут,ЮТ 364 
2026-06-18,Алроса,Выдача до 30 минут,ЯМ 543 
2026-06-18,Победа,Выдача до 30 минут,ДР 436 
2026-06-18,Turkish Airlines,Выдача от 30 до 40 минут,TK 417 
2026-06-18,Ютэйр,Выдача до 30 минут,ЮТ 1250 
2026-06-18,UZBEKISTAN AIRWAYS,Выдача от 30 до 40 минут,ХИ 9607 
2026-06-18,GEORGIAN AIRWAYS,Выдача до 30 минут,ЖГ 926 
2026-06-18,Победа,Выдача до 30 минут,ДР 438 
2026-06-18,Северо-Запад,Выдача до 30 минут,НВЦ 9152 
2026-06-18,Россия,Выдача до 30 минут,ФВ 6037 
2026-06-18,Руслайн,Выдача от 30 до 40 минут,РГ 178 
2026-06-18,Победа,Выдача до 30 минут,ДР 422 
2026-06-18,Ютэйр,Выдача до 30 минут,ЮТ 356 
2026-06-18,Ютэйр,Выдача до 30 минут,ЮТ 248 
2026-06-18,Ютэйр,Выдача до 30 минут,ЮТ 276 
2026-06-18,Ютэйр,Выдача до 30 минут,ЮТ 276B
2026-06-18,Победа,Не определено,ДР 744 
2026-06-18,АЗУР эйр,Выдача от 30 до 40 минут,AZV 2502 
2026-06-18,flydubai,Выдача от 30 до 40 минут,FZ 989 
2026-06-18,Победа,Выдача до 30 минут,ДР 114 
2026-06-18,Газпром авиа,Выдача до 30 минут,ГЗП 472 
2026-06-18,Газпром авиа,Выдача от 30 до 40 минут,ГЗП 400 
2026-06-18,Turkish Airlines,Выдача от 30 до 40 минут,TK 415 
2026-06-18,Победа,Не определено,ДР 730 
2026-06-18,Россия,Выдача до 30 минут,ФВ 6177 
2026-06-18,Pegasus,Некорректно проставлены отметки,PC 1456 
2026-06-18,Победа,Выдача до 30 минут,ДР 424 
2026-06-18,Россия,Выдача до 30 минут,ФВ 6175 
2026-06-18,Азимут,Выдача до 30 минут,А4 7020 
2026-06-18,Pegasus,Некорректно проставлены отметки,PC 390 
2026-06-18,Якутия,Выдача до 30 минут,ЯК 465 
2026-06-18,Ютэйр,Выдача до 30 минут,ЮТ 464 
2026-06-18,Россия,Выдача до 30 минут,ФВ 6179 
2026-06-18,Ютэйр,Выдача до 30 минут,ЮТ 596 
2026-06-18,FLYONE Armenia,Выдача до 30 минут,3F 325 
2026-06-18,FLYONE Armenia,Выдача более 40 минут,УР 512 
2026-06-18,UZBEKISTAN AIRWAYS,Выдача до 30 минут,ХИ 613 
2026-06-18,Белавиа,Выдача до 30 минут,В2 985 
2026-06-18,SCAT Airlines,Выдача до 30 минут,DV 815 
2026-06-18,Руслайн,Выдача до 30 минут,РГ 194 
2026-06-18,Россия,Выдача до 30 минут,ФВ 6181 
2026-06-18,AJET,Некорректно проставлены отметки,VF 277 
2026-06-18,Россия,Выдача до 30 минут,ФВ 6183 
2026-06-18,Якутия,Выдача до 30 минут,ЯК 794 
2026-06-18,Азимут,Выдача до 30 минут,А4 7030 
2026-06-18,Россия,Выдача до 30 минут,ФВ 6169 
2026-06-18,Победа,Выдача до 30 минут,ДР 414 
2026-06-18,Nesma Airlines,Выдача от 30 до 40 минут,NE 640 
2026-06-18,Ютэйр,Выдача до 30 минут,ЮТ 576 
2026-06-18,Россия,Выдача до 30 минут,ФВ 6185 
2026-06-18,Победа,Выдача до 30 минут,ДР 466 
2026-06-18,SCAT Airlines,Выдача до 30 минут,DV 813 
2026-06-18,AZAL,Выдача до 30 минут,J2 805 
2026-06-18,Pegasus,Выдача до 30 минут,PC 1580 
2026-06-18,Победа,Выдача до 30 минут,ДР 964 
2026-06-18,Ютэйр,Выдача до 30 минут,ЮТ 296 
2026-06-18,Turkish Airlines,Выдача до 30 минут,TK 411 
2026-06-18,Победа,Выдача до 30 минут,ДР 968 
2026-06-18,Победа,Не определено,ДР 742 
2026-06-18,Победа,Некорректно проставлены отметки,ДР 170 
2026-06-18,Победа,Выдача до 30 минут,ДР 836 
2026-06-18,Победа,Выдача до 30 минут,ДР 262 
2026-06-19,Азимут,Выдача до 30 минут,А4 7036 
2026-06-19,Победа,Выдача до 30 минут,PBD 860 
2026-06-19,Red Sea,Выдача до 30 минут,4S 341 
2026-06-19,AZAL,Выдача до 30 минут,J2 809 
2026-06-19,Turkish Airlines,Выдача до 30 минут,TK 211 
2026-06-19,Победа,Выдача до 30 минут,PBD 840 
2026-06-19,Turkish Airlines,Выдача до 30 минут,TK 3060 
2026-06-19,Turkish Airlines,Выдача до 30 минут,TK 409 
2026-06-19,Ютэйр,Выдача до 30 минут,ЮТ 358 
2026-06-19,Turkish Airlines,Выдача до 30 минут,TK 3084 
2026-06-19,Turkish Airlines,Выдача до 30 минут,TK 3178 
2026-06-19,Ютэйр,Выдача до 30 минут,ЮТ 746 
2026-06-19,Россия,Выдача до 30 минут,ФВ 6189 
2026-06-19,Победа,Выдача до 30 минут,ДР 190B
2026-06-19,Turkish Airlines,Выдача до 30 минут,TK 3002 
2026-06-19,UZBEKISTAN AIRWAYS,Выдача до 30 минут,ХИ 605 
2026-06-19,FLYONE Armenia,Выдача до 30 минут,3F 323 
2026-06-19,Россия,Выдача до 30 минут,ФВ 6161 
2026-06-19,Азимут,Не определено,АЗО 7154D
2026-06-19,Pegasus,Выдача от 30 до 40 минут,PC 1576 
2026-06-19,Победа,Выдача до 30 минут,ДР 194D
2026-06-19,Turkish Airlines,Выдача до 30 минут,TK 3154 
2026-06-19,Turkish Airlines,Выдача до 30 минут,TK 3036 
2026-06-19,AJET,Выдача до 30 минут,VF 275 
2026-06-19,Ютэйр,Выдача до 30 минут,ЮТ 810B
2026-06-19,Pegasus,Выдача до 30 минут,PC 1521 
2026-06-19,flydubai,Выдача до 30 минут,FZ 987 
2026-06-19,Ютэйр,Выдача до 30 минут,ЮТ 768 
2026-06-19,AZAL,Выдача от 30 до 40 минут,J2 5830A
2026-06-19,Turkish Airlines,Выдача до 30 минут,TK 421 
2026-06-19,Ютэйр,Выдача до 30 минут,ЮТ 374B
2026-06-19,Nesma Airlines,Выдача от 30 до 40 минут,NE 490 
2026-06-19,Pegasus,Выдача от 30 до 40 минут,PC 386 
2026-06-19,Turkish Airlines,Выдача до 30 минут,TK 3122 
2026-06-19,Red Sea,Выдача от 30 до 40 минут,4S 325 
2026-06-19,Nesma Airlines,Выдача до 30 минут,NE 600 
2026-06-19,GEORGIAN AIRWAYS,Выдача более 40 минут,ЖГ 932 
2026-06-19,Ютэйр,Выдача до 30 минут,ЮТ 784B
2026-06-19,Nesma Airlines,Выдача до 30 минут,NE 634 
2026-06-19,Turkish Airlines,Выдача до 30 минут,TK 217 
2026-06-19,AJET,Выдача до 30 минут,VF 587 
2026-06-19,Pegasus,Выдача до 30 минут,PC 1456 
2026-06-19,Победа,Выдача до 30 минут,ДР 994B
2026-06-19,AJET,Выдача от 30 до 40 минут,VF 277 
2026-06-19,UZBEKISTAN AIRWAYS,Выдача до 30 минут,ХИ 9619A
2026-06-19,Turkish Airlines,Выдача до 30 минут,TK 419 
2026-06-19,Red Sea,Выдача до 30 минут,4S 315 
2026-06-19,Ютэйр,Не определено,ЮТ 802B
2026-06-19,UZBEKISTAN AIRWAYS,Выдача до 30 минут,ХИ 9627A
2026-06-19,Ютэйр,Выдача до 30 минут,ЮТ 250B
2026-06-19,Победа,Выдача до 30 минут,ДР 1422B
2026-06-19,Победа,Выдача до 30 минут,ДР 168B
2026-06-19,Pegasus,Выдача до 30 минут,PC 390 
2026-06-19,ЮВТ АЭРО,Выдача до 30 минут,ЮВ 303 
2026-06-19,Asia Union Airlines,Выдача до 30 минут,7Q 1777 
2026-06-19,Победа,Выдача до 30 минут,ДР 198B
2026-06-19,Ютэйр,Выдача до 30 минут,ЮТ 802F
2026-06-19,Pegasus,Выдача до 30 минут,PC 1458 
2026-06-19,Turkish Airlines,Выдача до 30 минут,TK 407 
2026-06-19,Turkish Airlines,Не определено,TK 3014 
2026-06-19,Победа,Выдача до 30 минут,ДР 476 
2026-06-19,Nesma Airlines,Выдача до 30 минут,NE 618 
2026-06-19,Россия,Выдача до 30 минут,ФВ 6019 
2026-06-19,Ютэйр,Выдача до 30 минут,ЮТ 454 
2026-06-19,Ютэйр,Выдача до 30 минут,ЮТ 572 
2026-06-19,Ютэйр,Выдача до 30 минут,ЮТ 248 
2026-06-19,Ютэйр,Выдача до 30 минут,ЮТ 364 
2026-06-19,Россия,Выдача до 30 минут,ФВ 6051 
2026-06-19,Ютэйр,Выдача до 30 минут,ЮТ 560 
2026-06-19,Ютэйр,Выдача до 30 минут,ЮТ 352 
2026-06-19,SCAT Airlines,Выдача до 30 минут,DV 809 
2026-06-19,GEORGIAN AIRWAYS,Выдача до 30 минут,AZO 7154 
2026-06-19,FLYONE Armenia,Выдача до 30 минут,3F 321 
2026-06-19,Алроса,Выдача до 30 минут,ЯМ 597 
2026-06-19,Россия,Выдача до 30 минут,ФВ 6003 
2026-06-19,Вологодское АП,Не определено,ВГ 2390 
2026-06-19,Россия,Выдача до 30 минут,ФВ 6013 
2026-06-19,SCAT Airlines,Выдача от 30 до 40 минут,DV 801 
2026-06-19,Победа,Выдача до 30 минут,ДР 1188 
2026-06-19,Сибирь,Выдача до 30 минут,С7 3032 
2026-06-19,Победа,Выдача до 30 минут,ДР 742 
2026-06-19,GEORGIAN AIRWAYS,Выдача до 30 минут,ЖГ 936 
2026-06-19,Победа,Выдача до 30 минут,ДР 714 
2026-06-19,Pegasus,Выдача до 30 минут,PC 7458 
2026-06-19,Победа,Выдача до 30 минут,ДР 730 
2026-06-19,AZAL,Выдача до 30 минут,J2 807 
2026-06-19,Ютэйр,Выдача до 30 минут,ЮТ 446 
2026-06-19,Россия,Выдача до 30 минут,ФВ 6005 
2026-06-19,Turkish Airlines,Выдача до 30 минут,TK 413 
2026-06-19,Pegasus,Выдача до 30 минут,PC 7388 
2026-06-19,GEORGIAN AIRWAYS,Выдача до 30 минут,AZO 7108 
2026-06-19,Shirak Avia,Выдача до 30 минут,ЮБГ 509 
2026-06-19,Nesma Airlines,Выдача до 30 минут,NE 608 
2026-06-19,Turkish Airlines,Выдача до 30 минут,TK 3058 
2026-06-19,Уральские Авиалинии,Выдача до 30 минут,У6 274 
2026-06-19,ЮВТ АЭРО,Выдача до 30 минут,ЮВ 206 
2026-06-19,Якутия,Выдача до 30 минут,ЯК 479 
2026-06-19,Алроса,Выдача до 30 минут,ЯМ 543 
2026-06-19,Turkish Airlines,Выдача до 30 минут,TK 417 
2026-06-19,Turkish Airlines,Выдача до 30 минут,TK 3164 
2026-06-19,Meraj Air,Выдача до 30 минут,MRJ 4879 
2026-06-19,Ютэйр,Выдача до 30 минут,ЮТ 334 
2026-06-19,Ютэйр,Выдача до 30 минут,ЮТ 786 
2026-06-19,Pegasus,Выдача до 30 минут,PC 388 
2026-06-19,Северо-Запад,Выдача до 30 минут,НВЦ 9152 
2026-06-19,UZBEKISTAN AIRWAYS,Выдача до 30 минут,ХИ 9615 
2026-06-19,Победа,Выдача до 30 минут,ДР 160 
2026-06-19,flydubai,Выдача до 30 минут,FZ 989 
2026-06-19,Белавиа,Выдача до 30 минут,В2 979 
2026-06-19,GEORGIAN AIRWAYS,Выдача от 30 до 40 минут,ЖГ 926 
2026-06-19,Turkish Airlines,Выдача до 30 минут,TK 3070 
2026-06-19,Turkish Airlines,Выдача до 30 минут,TK 1231 
2026-06-19,Aero Nomad,Выдача до 30 минут,КГ 555 
2026-06-19,Азимут,Выдача до 30 минут,А4 7010 
2026-06-19,Победа,Выдача до 30 минут,ДР 856 
2026-06-19,Россия,Выдача до 30 минут,ФВ 6037 
2026-06-19,Победа,Выдача до 30 минут,PBD 980 
2026-06-19,Победа,Выдача до 30 минут,ДР 424 
2026-06-19,Ютэйр,Выдача до 30 минут,ЮТ 746 
2026-06-19,Газпром авиа,Выдача до 30 минут,ГЗП 398 
2026-06-19,FLYONE Armenia,Не определено,УР 513 
2026-06-19,UZBEKISTAN AIRWAYS,Выдача до 30 минут,ХИ 9607 
2026-06-19,АЗУР эйр,Выдача от 30 до 40 минут,AZV 3002 
2026-06-19,Россия,Выдача до 30 минут,ФВ 6175 
2026-06-19,FLYONE Armenia,Выдача до 30 минут,3F 325 
2026-06-19,Nesma Airlines,Выдача до 30 минут,NE 620 
2026-06-19,Turkish Airlines,Выдача до 30 минут,TK 415 
2026-06-19,Ютэйр,Выдача до 30 минут,ЮТ 576 
2026-06-19,Ютэйр,Выдача от 30 до 40 минут,ЮТ 456 
2026-06-19,Ютэйр,Выдача от 30 до 40 минут,ЮТ 464 
2026-06-19,Ютэйр,Выдача до 30 минут,ЮТ 374 
2026-06-19,Победа,Выдача до 30 минут,ДР 836 
2026-06-19,Победа,Выдача до 30 минут,ДР 466 
2026-06-19,Победа,Выдача до 30 минут,ДР 170 
2026-06-19,Победа,Выдача до 30 минут,ДР 964 
2026-06-19,Ютэйр,Выдача до 30 минут,ЮТ 296 
2026-06-19,GEORGIAN AIRWAYS,Выдача до 30 минут,AZO 7054 
2026-06-19,Россия,Выдача до 30 минут,ФВ 6179 
2026-06-19,Газпром авиа,Выдача до 30 минут,ГЗП 554 
2026-06-19,Ютэйр,Выдача до 30 минут,ЮТ 790 
2026-06-19,Победа,Выдача до 30 минут,ДР 158 
2026-06-19,Ютэйр,Выдача до 30 минут,ЮТ 802 
2026-06-19,Nesma Airlines,Выдача до 30 минут,NE 646 
2026-06-19,Вологодское АП,Не определено,ВГ 2392 
2026-06-19,Ютэйр,Выдача до 30 минут,ЮТ 356 
2026-06-19,АЗУР эйр,Выдача до 30 минут,AZV 3014 
2026-06-19,SCAT Airlines,Выдача до 30 минут,DV 815 
2026-06-19,АЗУР эйр,Выдача от 30 до 40 минут,AZV 3006 
2026-06-19,Ютэйр,Выдача до 30 минут,ЮТ 276 
2026-06-19,UZBEKISTAN AIRWAYS,Выдача от 30 до 40 минут,ХИ 613 
2026-06-19,AZAL,Выдача до 30 минут,J2 5830 
2026-06-19,Ютэйр,Выдача до 30 минут,ЮТ 180 
2026-06-19,Ютэйр,Выдача до 30 минут,ЮТ 398 
2026-06-19,Nesma Airlines,Выдача до 30 минут,NE 602 
2026-06-19,GEORGIAN AIRWAYS,Выдача до 30 минут,AZO 7018 
2026-06-19,Россия,Выдача до 30 минут,ФВ 6183 
2026-06-19,Россия,Выдача до 30 минут,ФВ 6181 
2026-06-19,Россия,Выдача до 30 минут,ФВ 6177 
2026-06-19,Победа,Выдача до 30 минут,ДР 738 
2026-06-19,AZAL,Выдача до 30 минут,J2 805 
2026-06-19,Победа,Выдача до 30 минут,PBD 840 
2026-06-19,Руслайн,Выдача до 30 минут,РГ 194 
2026-06-19,Россия,Выдача до 30 минут,ФВ 6185 
2026-06-19,SCAT Airlines,Выдача до 30 минут,DV 813 
2026-06-19,Turkish Airlines,Выдача до 30 минут,TK 411 
2026-06-19,ЮВТ АЭРО,Выдача до 30 минут,ЮВ 204 
2026-06-19,Pegasus,Выдача до 30 минут,PC 1580 
2026-06-19,Red Sea,Выдача от 30 до 40 минут,4S 311 
2026-06-19,Победа,Выдача до 30 минут,ДР 968 
2026-06-19,Победа,Выдача до 30 минут,ДР 994 
2026-06-19,Turkish Airlines,Выдача от 30 до 40 минут,TK 3060 
2026-06-19,Победа,Выдача до 30 минут,ДР 264 
2026-06-20,Pegasus,Выдача более 40 минут,PC 1576 
2026-06-20,Россия,Выдача до 30 минут,ФВ 6169 
2026-06-20,Turkish Airlines,Выдача до 30 минут,TK 3002 
2026-06-20,Якутия,Выдача до 30 минут,ЯК 480 
2026-06-20,Turkish Airlines,Выдача от 30 до 40 минут,TK 409 
2026-06-20,AZAL,Выдача до 30 минут,J2 809 
2026-06-20,Turkish Airlines,Выдача до 30 минут,TK 217 
2026-06-20,Turkish Airlines,Выдача до 30 минут,TK 3178 
2026-06-20,Turkish Airlines,Выдача до 30 минут,TK 3084 
2026-06-20,Turkish Airlines,Выдача до 30 минут,TK 421 
2026-06-20,AJET,Выдача от 30 до 40 минут,VF 275 
2026-06-20,Ютэйр,Выдача до 30 минут,ЮТ 358 
2026-06-20,UZBEKISTAN AIRWAYS,Выдача до 30 минут,ХИ 605 
2026-06-20,Turkish Airlines,Выдача до 30 минут,TK 3014 
2026-06-20,Pegasus,Выдача до 30 минут,PC 1521 
2026-06-20,Turkish Airlines,Выдача от 30 до 40 минут,TK 3036 
2026-06-20,Победа,Выдача до 30 минут,ДР 168 
2026-06-20,FLYONE Armenia,Выдача от 30 до 40 минут,3F 323 
2026-06-20,Победа,Выдача до 30 минут,ДР 262D
2026-06-20,Turkish Airlines,Выдача до 30 минут,TK 3154 
2026-06-20,Россия,Выдача до 30 минут,ФВ 6187 
2026-06-20,Победа,Выдача до 30 минут,ДР 210D
2026-06-20,Победа,Выдача до 30 минут,ДР 194B
2026-06-20,GEORGIAN AIRWAYS,Выдача до 30 минут,ЖГ 932 
2026-06-20,flydubai,Выдача до 30 минут,FZ 987 
2026-06-20,UZBEKISTAN AIRWAYS,Выдача до 30 минут,ХИ 9619B
2026-06-20,Pegasus,Выдача до 30 минут,PC 386 
2026-06-20,Победа,Выдача до 30 минут,ДР 486B
2026-06-20,Победа,Выдача до 30 минут,ДР 208 
2026-06-20,Россия,Выдача до 30 минут,ФВ 6161 
2026-06-20,Nesma Airlines,Выдача до 30 минут,NE 492 
2026-06-20,Победа,Выдача до 30 минут,ДР 198D
2026-06-20,АЗУР эйр,Выдача от 30 до 40 минут,AZV 3004 
2026-06-20,Победа,Выдача до 30 минут,ДР 1476 
2026-06-20,Pegasus,Выдача от 30 до 40 минут,PC 1456 
2026-06-20,AJET,Выдача до 30 минут,VF 587 
2026-06-20,AJET,Выдача до 30 минут,VF 277 
2026-06-20,Nesma Airlines,Выдача до 30 минут,NE 606 
2026-06-20,Pegasus,Выдача до 30 минут,PC 390 
2026-06-20,Turkish Airlines,Выдача до 30 минут,TK 419 
2026-06-20,Победа,Выдача до 30 минут,ДР 1422 
2026-06-20,UZBEKISTAN AIRWAYS,Выдача до 30 минут,ХИ 9627B
2026-06-20,Победа,Выдача до 30 минут,ДР 408 
2026-06-20,Pegasus,Выдача от 30 до 40 минут,PC 1458 
2026-06-20,Ютэйр,Выдача до 30 минут,ЮТ 784F
2026-06-20,Победа,Выдача до 30 минут,ДР 730 
2026-06-20,Red Sea,Выдача до 30 минут,4S 317 
2026-06-20,Turkish Airlines,Выдача до 30 минут,TK 407 
2026-06-20,Ютэйр,Выдача до 30 минут,ЮТ 786 
2026-06-20,Победа,Выдача до 30 минут,ДР 414 
2026-06-20,GEORGIAN AIRWAYS,Выдача до 30 минут,AZO 7072 
2026-06-20,GEORGIAN AIRWAYS,Выдача до 30 минут,AZO 7208 
2026-06-20,Белавиа,Выдача до 30 минут,В2 981 
2026-06-20,Ютэйр,Выдача до 30 минут,ЮТ 454 
2026-06-20,FLYONE Armenia,Выдача до 30 минут,3F 321 
2026-06-20,Россия,Выдача до 30 минут,ФВ 6051 
2026-06-20,Ютэйр,Выдача до 30 минут,ЮТ 352 
2026-06-20,Ютэйр,Выдача до 30 минут,ЮТ 572 
2026-06-20,AZAL,Выдача до 30 минут,J2 807 
2026-06-20,Ютэйр,Выдача до 30 минут,ЮТ 356 
2026-06-20,Победа,Выдача до 30 минут,ДР 744 
2026-06-20,Алроса,Выдача до 30 минут,ЯМ 597 
2026-06-20,Победа,Выдача до 30 минут,ДР 436 
2026-06-20,Ютэйр,Выдача до 30 минут,ЮТ 248 
2026-06-20,АЗУР эйр,Выдача от 30 до 40 минут,AZV 3010 
2026-06-20,Азимут,Выдача до 30 минут,А4 7020 
2026-06-20,SCAT Airlines,Выдача до 30 минут,DV 809 
2026-06-20,Россия,Выдача до 30 минут,ФВ 6003 
2026-06-20,Ютэйр,Выдача до 30 минут,ЮТ 400 
2026-06-20,FLYONE Armenia,Выдача до 30 минут,УР 514 
2026-06-20,Победа,Выдача до 30 минут,ДР 438 
2026-06-20,Якутия,Выдача до 30 минут,ЯК 473 
2026-06-20,Россия,Выдача до 30 минут,ФВ 6005 
2026-06-20,Вологодское АП,Не определено,ВГ 2390 
2026-06-20,GEORGIAN AIRWAYS,Выдача до 30 минут,ЖГ 936 
2026-06-20,Turkish Airlines,Выдача до 30 минут,TK 413 
2026-06-20,FLYONE Armenia,Выдача до 30 минут,УР 412 
2026-06-20,Победа,Выдача до 30 минут,ДР 732 
2026-06-20,Turkish Airlines,Выдача от 30 до 40 минут,TK 3076 
2026-06-20,Nesma Airlines,Выдача до 30 минут,NE 608 
2026-06-20,Ютэйр,Выдача до 30 минут,ЮТ 400F
2026-06-20,Turkish Airlines,Выдача до 30 минут,TK 1231 
2026-06-20,Turkish Airlines,Выдача до 30 минут,TK 3070 
2026-06-20,Turkish Airlines,Выдача до 30 минут,TK 3012 
2026-06-20,Россия,Выдача до 30 минут,ФВ 6009 
2026-06-20,Nesma Airlines,Выдача до 30 минут,NE 644 
2026-06-20,Ютэйр,Выдача до 30 минут,ЮТ 250F
2026-06-20,Turkish Airlines,Выдача до 30 минут,TK 3046 
2026-06-20,Победа,Выдача до 30 минут,ДР 160 
2026-06-20,Победа,Выдача до 30 минут,ДР 114 
2026-06-20,Победа,Выдача до 30 минут,ДР 466 
2026-06-20,UZBEKISTAN AIRWAYS,Выдача до 30 минут,ХИ 9615 
2026-06-20,Россия,Выдача до 30 минут,ФВ 6025 
2026-06-20,Turkish Airlines,Выдача до 30 минут,TK 417 
2026-06-20,Nesma Airlines,Выдача до 30 минут,NE 640 
2026-06-20,Turkish Airlines,Выдача до 30 минут,TK 3024 
2026-06-20,Газпром авиа,Выдача до 30 минут,ГЗП 706 
2026-06-20,Россия,Выдача до 30 минут,ФВ 6027 
2026-06-20,Red Sea,Выдача до 30 минут,4S 333 
2026-06-20,Pegasus,Выдача до 30 минут,PC 388 
2026-06-20,Ютэйр,Выдача до 30 минут,ЮТ 744 
2026-06-20,Ютэйр,Выдача до 30 минут,ЮТ 560 
2026-06-20,Белавиа,Выдача до 30 минут,В2 979 
2026-06-20,UZBEKISTAN AIRWAYS,Выдача до 30 минут,ХИ 9607 
2026-06-20,Россия,Выдача до 30 минут,ФВ 6037 
2026-06-20,GEORGIAN AIRWAYS,Выдача до 30 минут,ЖГ 926 
2026-06-20,Победа,Выдача до 30 минут,ДР 434 
2026-06-20,Азимут,Выдача до 30 минут,А4 7010 
2026-06-20,Победа,Выдача до 30 минут,ДР 968 
2026-06-20,Победа,Выдача до 30 минут,ДР 170 
2026-06-20,Северо-Запад,Выдача до 30 минут,НВЦ 9152 
2026-06-20,Россия,Выдача до 30 минут,ФВ 6175 
2026-06-20,Победа,Выдача до 30 минут,PBD 840 
2026-06-20,Победа,Выдача до 30 минут,ДР 836 
2026-06-20,flydubai,Выдача до 30 минут,FZ 989 
2026-06-20,FLYONE Armenia,Выдача до 30 минут,3F 325 
2026-06-20,GEORGIAN AIRWAYS,Выдача до 30 минут,AZO 7054 
2026-06-20,Победа,Выдача от 30 до 40 минут,ДР 856 
2026-06-20,Ютэйр,Выдача до 30 минут,УТА 6134 
2026-06-20,Победа,Выдача до 30 минут,ДР 262 
2026-06-20,Ютэйр,Выдача до 30 минут,ЮТ 746 
2026-06-20,Победа,Выдача до 30 минут,ДР 738 
2026-06-20,Россия,Выдача до 30 минут,ФВ 6177 
2026-06-20,Turkish Airlines,Выдача от 30 до 40 минут,TK 415 
2026-06-20,Руслайн,Выдача до 30 минут,РГ 178 
2026-06-20,Ютэйр,Выдача до 30 минут,ЮТ 576 
2026-06-20,Россия,Выдача до 30 минут,ФВ 6179 
2026-06-20,Ютэйр,Выдача до 30 минут,ЮТ 296 
2026-06-20,Победа,Выдача до 30 минут,ДР 206 
2026-06-20,Ютэйр,Выдача до 30 минут,ЮТ 250 
2026-06-20,Якутия,Выдача до 30 минут,ЯК 474 
2026-06-20,Победа,Выдача до 30 минут,ДР 158 
2026-06-20,SCAT Airlines,Выдача до 30 минут,DV 815 
2026-06-20,Ютэйр,Выдача до 30 минут,ЮТ 374 
2026-06-20,UZBEKISTAN AIRWAYS,Выдача до 30 минут,ХИ 613 
2026-06-20,Победа,Выдача до 30 минут,ДР 994 
2026-06-20,Nesma Airlines,Выдача до 30 минут,NE 648 
2026-06-20,Россия,Выдача до 30 минут,ФВ 6183 
2026-06-20,Ютэйр,Выдача более 40 минут,ЮТ 784 
2026-06-20,Ютэйр,Выдача до 30 минут,УТА 6132 
2026-06-20,AZAL,Выдача от 30 до 40 минут,J2 803 
2026-06-20,Nesma Airlines,Выдача до 30 минут,NE 616 
2026-06-20,Ютэйр,Выдача до 30 минут,ЮТ 464 
2026-06-20,ЮВТ АЭРО,Выдача до 30 минут,ЮВ 301 
2026-06-20,Nesma Airlines,Выдача до 30 минут,NE 490 
2026-06-20,Азимут,Выдача до 30 минут,А4 7036 
2026-06-20,SCAT Airlines,Выдача до 30 минут,DV 813 
2026-06-20,Газпром авиа,Выдача до 30 минут,ГЗП 252 
2026-06-20,Pegasus,Выдача от 30 до 40 минут,PC 1580 
2026-06-20,Победа,Выдача до 30 минут,ДР 422 
2026-06-20,Turkish Airlines,Выдача до 30 минут,TK 411 
2026-06-20,Россия,Выдача до 30 минут,ФВ 6187 
2026-06-20,Азимут,Выдача до 30 минут,А4 7030 
2026-06-20,Turkish Airlines,Выдача до 30 минут,TK 211 
2026-06-20,Победа,Выдача до 30 минут,ДР 194 
2026-06-20,UZBEKISTAN AIRWAYS,Выдача до 30 минут,ХИ 9619 
2026-06-21,АЗУР эйр,Выдача от 30 до 40 минут,AZV 3014 
2026-06-21,Победа,Выдача до 30 минут,ДР 476 
2026-06-21,FLYONE Armenia,Выдача до 30 минут,УР 512D
2026-06-21,Ютэйр,Выдача до 30 минут,ЮТ 358 
2026-06-21,Turkish Airlines,Выдача до 30 минут,TK 3060 
2026-06-21,Победа,Выдача от 30 до 40 минут,PBD 860 
2026-06-21,Turkish Airlines,Выдача до 30 минут,TK 409 
2026-06-21,Turkish Airlines,Выдача до 30 минут,TK 3178 
2026-06-21,Победа,Выдача от 30 до 40 минут,ДР 168 
2026-06-21,Pegasus,Выдача от 30 до 40 минут,PC 1576 
2026-06-21,AJET,Выдача от 30 до 40 минут,VF 275 
2026-06-21,Turkish Airlines,Выдача от 30 до 40 минут,TK 3014 
2026-06-21,Turkish Airlines,Выдача от 30 до 40 минут,TK 3084 
2026-06-21,Turkish Airlines,Выдача от 30 до 40 минут,TK 3002 
2026-06-21,Turkish Airlines,Выдача более 40 минут,TK 421 
2026-06-21,Turkish Airlines,Выдача до 30 минут,TK 217 
2026-06-21,Turkish Airlines,Выдача до 30 минут,TK 3036 
2026-06-21,Pegasus,Выдача от 30 до 40 минут,PC 1521 
2026-06-21,Россия,Выдача до 30 минут,ФВ 6161 
2026-06-21,GEORGIAN AIRWAYS,Выдача до 30 минут,AZO 7008 
2026-06-21,Ютэйр,Выдача до 30 минут,ЮТ 1376 
2026-06-21,Победа,Выдача до 30 минут,ДР 190 
2026-06-21,Победа,Выдача до 30 минут,ДР 198 
2026-06-21,Turkish Airlines,Выдача до 30 минут,TK 3154 
2026-06-21,Ютэйр,Выдача до 30 минут,ЮТ 810B
2026-06-21,GEORGIAN AIRWAYS,Выдача от 30 до 40 минут,ЖГ 932 
2026-06-21,FLYONE Armenia,Выдача от 30 до 40 минут,3F 323 
2026-06-21,Ютэйр,Выдача до 30 минут,ЮТ 764 
2026-06-21,Red Sea,Выдача от 30 до 40 минут,4S 315 
2026-06-21,Nesma Airlines,Выдача до 30 минут,NE 642 
2026-06-21,Turkish Airlines,Выдача до 30 минут,TK 3122 
2026-06-21,flydubai,Выдача до 30 минут,FZ 987 
2026-06-21,Победа,Выдача до 30 минут,ДР 486B
2026-06-21,Nesma Airlines,Выдача до 30 минут,NE 600 
2026-06-21,Ютэйр,Выдача до 30 минут,ЮТ 364F
2026-06-21,Победа,Выдача до 30 минут,ДР 116B
2026-06-21,Pegasus,Выдача от 30 до 40 минут,PC 386 
2026-06-21,Red Sea,Выдача более 40 минут,4S 325 
2026-06-21,Победа,Выдача до 30 минут,ДР 1188 
2026-06-21,UZBEKISTAN AIRWAYS,Выдача до 30 минут,ХИ 9627A
2026-06-21,Победа,Выдача до 30 минут,ДР 424B
2026-06-21,Ютэйр,Выдача до 30 минут,ЮТ 270 
2026-06-21,AJET,Выдача до 30 минут,VF 587 
2026-06-21,Nesma Airlines,Выдача до 30 минут,NE 604 
2026-06-21,Pegasus,Выдача от 30 до 40 минут,PC 1456 
2026-06-21,AJET,Выдача до 30 минут,VF 277 
2026-06-21,Pegasus,Выдача от 30 до 40 минут,PC 390 
2026-06-21,Turkish Airlines,Выдача до 30 минут,TK 419 
2026-06-21,Nesma Airlines,Выдача до 30 минут,NE 618 
2026-06-21,Ютэйр,Выдача до 30 минут,ЮТ 786 
2026-06-21,AZAL,Выдача до 30 минут,J2 5830 
2026-06-21,Pegasus,Выдача до 30 минут,PC 1458 
2026-06-21,Red Sea,Выдача от 30 до 40 минут,4S 313 
2026-06-21,Turkish Airlines,Выдача до 30 минут,TK 407 
2026-06-21,Победа,Выдача до 30 минут,ДР 414 
2026-06-21,Победа,Выдача до 30 минут,ДР 436 
2026-06-21,Победа,Выдача до 30 минут,ДР 742 
2026-06-21,Россия,Выдача до 30 минут,ФВ 6019 
2026-06-21,Победа,Выдача до 30 минут,ДР 408 
2026-06-21,Белавиа,Выдача до 30 минут,В2 981 
2026-06-21,Ютэйр,Выдача до 30 минут,ЮТ 572 
2026-06-21,Ютэйр,Выдача до 30 минут,ЮТ 454 
2026-06-21,Ютэйр,Выдача до 30 минут,ЮТ 808 
2026-06-21,FLYONE Armenia,Выдача до 30 минут,3F 321 
2026-06-21,Россия,Выдача до 30 минут,ФВ 6051 
2026-06-21,Ютэйр,Выдача до 30 минут,ЮТ 356 
2026-06-21,UZBEKISTAN AIRWAYS,Выдача до 30 минут,ХИ 9613 
2026-06-21,Победа,Выдача до 30 минут,ДР 714 
2026-06-21,Ютэйр,Выдача до 30 минут,ЮТ 364 
2026-06-21,GEORGIAN AIRWAYS,Выдача до 30 минут,AZO 7154 
2026-06-21,Aero Nomad,Выдача до 30 минут,КГ 555 
2026-06-21,Ютэйр,Выдача до 30 минут,ЮТ 248 
2026-06-21,Россия,Выдача до 30 минут,ФВ 6003 
2026-06-21,SCAT Airlines,Выдача до 30 минут,DV 801 
2026-06-21,Россия,Выдача до 30 минут,ФВ 6013 
2026-06-21,Победа,Выдача до 30 минут,ДР 734 
2026-06-21,Россия,Выдача до 30 минут,ФВ 6005 
2026-06-21,Ютэйр,Выдача до 30 минут,ЮТ 446 
2026-06-21,Ютэйр,Выдача до 30 минут,ЮТ 560 
2026-06-21,GEORGIAN AIRWAYS,Выдача до 30 минут,ЖГ 936 
2026-06-21,AZAL,Выдача до 30 минут,J2 807 
2026-06-21,Turkish Airlines,Выдача до 30 минут,TK 413 
2026-06-21,Якутия,Выдача до 30 минут,ЯК 475 
2026-06-21,Россия,Выдача до 30 минут,ФВ 6007 
2026-06-21,Shirak Avia,Выдача до 30 минут,ЮБГ 509 
2026-06-21,Россия,Выдача до 30 минут,ФВ 6009 
2026-06-21,Победа,Выдача до 30 минут,ДР 114 
2026-06-21,Turkish Airlines,Выдача от 30 до 40 минут,TK 3070 
2026-06-21,Turkish Airlines,Выдача от 30 до 40 минут,TK 3012 
2026-06-21,Turkish Airlines,Выдача до 30 минут,TK 3076 
2026-06-21,Turkish Airlines,Выдача до 30 минут,TK 1231 
2026-06-21,Turkish Airlines,Выдача до 30 минут,TK 3024 
2026-06-21,Turkish Airlines,Выдача до 30 минут,TK 3164 
2026-06-21,Nesma Airlines,Выдача до 30 минут,NE 620 
2026-06-21,Turkish Airlines,Выдача до 30 минут,TK 3046 
2026-06-21,Газпром авиа,Выдача до 30 минут,ГЗП 292 
2026-06-21,Россия,Выдача до 30 минут,ФВ 6025 
2026-06-21,Turkish Airlines,Выдача до 30 минут,TK 417 
2026-06-21,UZBEKISTAN AIRWAYS,Выдача до 30 минут,ХИ 9607 
2026-06-21,Pegasus,Выдача до 30 минут,PC 388 
2026-06-21,Ютэйр,Выдача до 30 минут,ЮТ 802B
2026-06-21,Белавиа,Выдача до 30 минут,В2 983 
2026-06-21,Россия,Выдача до 30 минут,ФВ 6027 
2026-06-21,Ютэйр,Выдача до 30 минут,ЮТ 334 
2026-06-21,Победа,Выдача до 30 минут,ДР 170 
2026-06-21,GEORGIAN AIRWAYS,Не определено,ЖГЖ 9576 
2026-06-21,Россия,Выдача до 30 минут,ФВ 6031 
2026-06-21,GEORGIAN AIRWAYS,Выдача до 30 минут,ЖГ 926 
2026-06-21,Победа,Выдача до 30 минут,ДР 262 
2026-06-21,Победа,Выдача до 30 минут,ДР 466 
2026-06-21,Азимут,Выдача до 30 минут,А4 7010 
2026-06-21,Россия,Выдача до 30 минут,ФВ 6037 
2026-06-21,Победа,Выдача до 30 минут,PBD 980 
2026-06-21,Россия,Выдача до 30 минут,ФВ 6175 
2026-06-21,Ютэйр,Выдача до 30 минут,ЮТ 746 
2026-06-21,FLYONE Armenia,Выдача от 30 до 40 минут,3F 325 
2026-06-21,Победа,Выдача до 30 минут,ДР 836 
2026-06-21,flydubai,Выдача до 30 минут,FZ 989 
2026-06-21,Алроса,Выдача до 30 минут,ЯМ 624 
2026-06-21,Победа,Выдача до 30 минут,ДР 210 
2026-06-21,Победа,Выдача до 30 минут,ДР 856 
2026-06-21,Победа,Выдача до 30 минут,ДР 964 
2026-06-21,Россия,Выдача до 30 минут,ФВ 6177 
2026-06-21,Turkish Airlines,Выдача до 30 минут,TK 415 
2026-06-21,Ютэйр,Выдача до 30 минут,ЮТ 744 
2026-06-21,Ютэйр,Выдача до 30 минут,ЮТ 464 
2026-06-21,Ютэйр,Выдача до 30 минут,ЮТ 802 
2026-06-21,Ютэйр,Выдача до 30 минут,ЮТ 400 
2026-06-21,Белавиа,Выдача до 30 минут,В2 985 
2026-06-21,Ютэйр,Выдача до 30 минут,ЮТ 398 
2026-06-21,Победа,Выдача до 30 минут,ДР 738 
2026-06-21,GEORGIAN AIRWAYS,Выдача до 30 минут,AZO 7054 
2026-06-21,FLYONE Armenia,Выдача до 30 минут,УР 512 
2026-06-21,Ютэйр,Выдача до 30 минут,ЮТ 810 
2026-06-21,Победа,Выдача до 30 минут,PBD 840 
2026-06-21,Россия,Выдача до 30 минут,ФВ 6179 
2026-06-21,Газпром авиа,Выдача до 30 минут,ГЗП 9642 
2026-06-21,Вологодское АП,Некорректно проставлены отметки,ВГ 2390 
2026-06-21,Ютэйр,Выдача до 30 минут,ЮТ 296 
2026-06-21,UZBEKISTAN AIRWAYS,Выдача до 30 минут,ХИ 613 
2026-06-21,Победа,Выдача до 30 минут,ДР 158 
2026-06-21,UZBEKISTAN AIRWAYS,Выдача до 30 минут,ХИ 9619 
2026-06-21,Ютэйр,Выдача до 30 минут,ЮТ 276 
2026-06-21,SCAT Airlines,Выдача до 30 минут,DV 815 
2026-06-21,Nesma Airlines,Выдача до 30 минут,NE 646 
2026-06-21,Победа,Выдача до 30 минут,ДР 994 
2026-06-21,Россия,Выдача до 30 минут,ФВ 6181 
2026-06-21,ЮВТ АЭРО,Выдача до 30 минут,ЮВ 301 
2026-06-21,Победа,Выдача до 30 минут,ДР 206 
2026-06-21,Россия,Выдача до 30 минут,ФВ 6183 
2026-06-21,Победа,Выдача до 30 минут,ДР 768 
2026-06-21,Ютэйр,Выдача более 40 минут,ЮТ 784 
2026-06-21,AZAL,Выдача до 30 минут,J2 803 
2026-06-21,Россия,Выдача до 30 минут,ФВ 6169 
2026-06-21,SCAT Airlines,Выдача до 30 минут,DV 813 
2026-06-21,Ютэйр,Выдача до 30 минут,ЮТ 374 
2026-06-21,Россия,Выдача до 30 минут,ФВ 6185 
2026-06-21,Азимут,Выдача до 30 минут,А4 7036 
2026-06-21,Nouvelair Tunisie,Выдача до 30 минут,BJ 814 
2026-06-21,Pegasus,Выдача до 30 минут,PC 1580 
2026-06-21,Победа,Выдача до 30 минут,ДР 190 
2026-06-21,Победа,Выдача до 30 минут,ДР 194 
2026-06-21,Победа,Выдача до 30 минут,ДР 968 
2026-06-21,UZBEKISTAN AIRWAYS,Выдача до 30 минут,ХИ 605 
2026-06-21,Россия,Выдача до 30 минут,ФВ 6187 
2026-06-21,Turkish Airlines,Выдача до 30 минут,TK 411 
2026-06-21,Победа,Выдача от 30 до 40 минут,PBD 736 
2026-06-21,Победа,Выдача до 30 минут,ДР 264 
