date,flight,type,route,mc,lent_num,arrive_runway,bag_waight,mc_arrive,hatch_open,err_hatch_open,beg_unload_spo,end_unload_spo,beg_unload_sobgp,end_unload_sobgp,end_unload_tgo,err_end_unload,violation_standart,time_beg_lenta,time_end_lenta,violation_first_bag,violation_last_bag,deliver_1_beg,deliver_1_end,deliver_2_beg,deliver_2_end,deliver_3_beg,deliver_3_end,senior_loader,company,bag_status
2026-06-08,TK 3002 ,321,АНТАЛЬЯ,20,Y(А11),00:01,2464,2026-06-08 00:07:00,2026-06-08 00:08:00,,2026-06-08 00:16:00,2026-06-08 00:22:00,2026-06-08 00:16:00,2026-06-08 00:22:00,2026-06-08 00:27:00,,,2026-06-08 00:25:00,2026-06-08 00:30:00,,0.0,2026-06-08 00:17:00,2026-06-08 00:25:00,2026-06-08 00:07:00,2026-06-08 00:30:00,,,Екимов С. С.,Turkish Airlines,Выдача до 30 минут
2026-06-08,TK 3060 ,32Б,АНТАЛЬЯ,27,Y(А10),00:03,2619,2026-06-08 00:17:00,2026-06-08 00:19:00,,2026-06-08 00:20:00,2026-06-08 00:33:00,2026-06-08 00:20:00,2026-06-08 00:33:00,2026-06-08 00:38:00,,,2026-06-08 00:34:00,2026-06-08 00:38:00,,0.0,2026-06-08 00:18:00,2026-06-08 00:34:00,2026-06-08 00:18:00,2026-06-08 00:40:00,,,Харитонов- Тихонов И. А.,Turkish Airlines,Выдача до 30 минут
2026-06-08,ДР 486 ,73Х,УЛЬЯНОВСК(БАРАТАЕВКА),50,Y(А07),00:06,347,2026-06-08 00:10:00,2026-06-08 00:15:00,2.0,2026-06-08 00:14:00,2026-06-08 00:19:00,2026-06-08 00:14:00,2026-06-08 00:19:00,2026-06-08 00:16:00,3.0,3.0,2026-06-08 00:26:00,2026-06-08 00:27:00,,0.0,2026-06-08 00:20:00,2026-06-08 00:26:00,,,,,Кейта А. С.,Победа,Выдача до 30 минут
2026-06-08,TK 217 ,321,АНТАЛЬЯ,26,Y(А12),00:11,1373,2026-06-08 00:24:00,2026-06-08 00:26:00,,2026-06-08 00:31:00,2026-06-08 00:40:00,2026-06-08 00:31:00,2026-06-08 00:40:00,2026-06-08 00:37:00,3.0,,2026-06-08 00:46:00,2026-06-08 00:47:00,2.0,0.0,2026-06-08 00:20:00,2026-06-08 00:45:00,,,,,Попов А. И.,Turkish Airlines,Выдача до 30 минут
2026-06-08,TK 3178 ,321,ДАЛАМАН,25,Y(А09),00:15,1845,2026-06-08 00:26:00,2026-06-08 00:31:00,2.0,2026-06-08 00:31:00,2026-06-08 00:43:00,2026-06-08 00:31:00,2026-06-08 00:43:00,2026-06-08 00:42:00,1.0,,2026-06-08 00:42:00,2026-06-08 00:49:00,,0.0,2026-06-08 00:31:00,2026-06-08 00:50:00,,,,,Чеканов В. А.,Turkish Airlines,Выдача до 30 минут
2026-06-08,ФВ 6189 ,СУ9,САНКТ-ПЕТЕРБУРГ(ПУЛКОВО),8,Y(А04),00:16,173,2026-06-08 00:30:00,2026-06-08 00:32:00,,2026-06-08 00:34:00,2026-06-08 00:38:00,2026-06-08 00:34:00,2026-06-08 00:38:00,2026-06-08 00:35:00,3.0,3.0,2026-06-08 00:40:00,2026-06-08 00:41:00,,0.0,2026-06-08 00:36:00,2026-06-08 00:40:00,,,,,Иванов В. А.,Россия,Выдача до 30 минут
2026-06-08,ЮТ 358 ,73Х,САМАРА(КУРУМОЧ),15,Y(А05),00:18,452,2026-06-08 00:26:00,2026-06-08 00:27:00,,2026-06-08 00:28:00,2026-06-08 00:32:00,2026-06-08 00:28:00,2026-06-08 00:32:00,2026-06-08 00:33:00,,1.0,2026-06-08 00:41:00,2026-06-08 00:43:00,,0.0,2026-06-08 00:34:00,2026-06-08 00:38:00,,,,,Шамсов Б. С.,Ютэйр,Выдача до 30 минут
2026-06-08,TK 3014 ,321,АНТАЛЬЯ,21,Y(А10),00:23,2791,2026-06-08 00:34:00,2026-06-08 00:38:00,1.0,2026-06-08 00:39:00,2026-06-08 00:48:00,2026-06-08 00:39:00,2026-06-08 00:48:00,2026-06-08 00:57:00,,,2026-06-08 00:51:00,2026-06-08 00:54:00,,0.0,2026-06-08 00:25:00,2026-06-08 00:51:00,2026-06-08 00:47:00,2026-06-08 00:55:00,,,Рябчевский В. О.,Turkish Airlines,Выдача до 30 минут
2026-06-08,VF 275 ,73Х,СТАМБУЛ(САБИХА ГОКЦЕН),37,Y(А13),00:26,1103,2026-06-08 00:38:00,2026-06-08 00:42:00,1.0,2026-06-08 00:40:00,2026-06-08 00:51:00,2026-06-08 00:40:00,2026-06-08 00:51:00,2026-06-08 00:49:00,2.0,4.0,2026-06-08 01:00:00,2026-06-08 01:01:00,,0.0,2026-06-08 00:53:00,2026-06-08 00:58:00,,,,,"Андреев А. М., Гаврилов В. А.",AJET,Выдача до 30 минут
2026-06-08,TK 3036 ,321,АНТАЛЬЯ,23,Y(А10),00:33,2962,2026-06-08 00:48:00,2026-06-08 00:51:00,,2026-06-08 00:54:00,2026-06-08 01:03:00,2026-06-08 00:54:00,2026-06-08 01:03:00,2026-06-08 01:12:00,,,2026-06-08 01:07:00,2026-06-08 01:12:00,,0.0,2026-06-08 01:02:00,2026-06-08 01:07:00,2026-06-08 00:35:00,2026-06-08 01:11:00,,,Хушвактов П. З.,Turkish Airlines,Выдача до 30 минут
2026-06-08,ДР 198 ,73Х,ВЛАДИКАВКАЗ(БЕСЛАН),47,Y(А05),00:36,331,2026-06-08 00:47:00,2026-06-08 00:50:00,,2026-06-08 00:50:00,2026-06-08 00:54:00,2026-06-08 00:50:00,2026-06-08 00:54:00,2026-06-08 00:53:00,1.0,2.0,2026-06-08 01:03:00,2026-06-08 01:05:00,,0.0,2026-06-08 00:57:00,2026-06-08 01:02:00,,,,,Барабанов А. М.,Победа,Выдача до 30 минут
2026-06-08,TK 421 ,333,СТАМБУЛ(СТАМБУЛ НЬЮ),22,Y(А09),00:39,3401,2026-06-08 00:55:00,2026-06-08 00:59:00,1.0,2026-06-08 00:58:00,2026-06-08 01:09:00,2026-06-08 00:58:00,2026-06-08 01:09:00,2026-06-08 01:22:00,,,2026-06-08 01:12:00,2026-06-08 01:17:00,,0.0,2026-06-08 00:58:00,2026-06-08 02:21:00,2026-06-08 00:46:00,2026-06-08 01:16:00,,,Литвин И. С.,Turkish Airlines,Выдача до 30 минут
2026-06-08,FZ 987 ,7М8,ДУБАЙ(ДУБАЙ ИНТЛ.),29,Y(А13),00:42,1120,2026-06-08 01:09:00,2026-06-08 01:11:00,,2026-06-08 01:14:00,2026-06-08 01:30:00,2026-06-08 01:29:00,2026-06-08 01:30:00,2026-06-08 01:20:00,10.0,,2026-06-08 01:24:00,2026-06-08 01:30:00,,0.0,2026-06-08 01:20:00,2026-06-08 01:23:00,,,,,"Аристархов Н. В., Иванов В. А.",flydubai,Выдача до 30 минут
2026-06-08,ДР 1264 ,7С8,КАЛИНИНГРАД(ХРАБРОВО),48,Y(А07),00:50,349,-1,,,2026-06-08 01:06:00,2026-06-08 01:12:00,2026-06-08 01:06:00,2026-06-08 01:12:00,,,4.0,2026-06-08 01:16:00,2026-06-08 01:17:00,,0.0,2026-06-08 01:11:00,2026-06-08 01:18:00,,,,,Тришкин А. В.,Победа,Некорректно проставлены отметки
2026-06-08,ЮТ 376 ,73Е,СЫКТЫВКАР,10,Y(А04),00:52,337,2026-06-08 01:01:00,2026-06-08 01:03:00,,2026-06-08 01:04:00,2026-06-08 01:08:00,2026-06-08 01:04:00,2026-06-08 01:08:00,2026-06-08 01:07:00,1.0,2.0,2026-06-08 01:11:00,2026-06-08 01:13:00,,0.0,2026-06-08 01:08:00,2026-06-08 01:10:00,,,,,Екимов С. С.,Ютэйр,Выдача до 30 минут
2026-06-08,AZO 7008 ,СУ9,ТБИЛИСИ(ТБИЛИСИ ИНТЛ.),28,Y(А11),00:58,911,2026-06-08 01:08:00,2026-06-08 01:09:00,,2026-06-08 01:12:00,2026-06-08 01:22:00,2026-06-08 01:12:00,2026-06-08 01:22:00,2026-06-08 01:18:00,4.0,4.0,2026-06-08 01:26:00,2026-06-08 01:27:00,,0.0,2026-06-08 00:56:00,2026-06-08 01:27:00,,,,,Кейта А. С.,GEORGIAN AIRWAYS,Выдача до 30 минут
2026-06-08,ЖГ 932 ,73Х,ТБИЛИСИ(ТБИЛИСИ ИНТЛ.),30,Y(А12),01:06,2260,2026-06-08 01:14:00,2026-06-08 01:17:00,,2026-06-08 01:17:00,2026-06-08 01:32:00,2026-06-08 01:17:00,2026-06-08 01:32:00,2026-06-08 01:33:00,,,2026-06-08 01:26:00,2026-06-08 01:38:00,,0.0,2026-06-08 01:22:00,2026-06-08 01:26:00,2026-06-08 01:33:00,2026-06-08 01:38:00,,,Вазиров Т. В.,GEORGIAN AIRWAYS,Выдача до 30 минут
2026-06-08,ФВ 6161 ,СУ9,САНКТ-ПЕТЕРБУРГ(ПУЛКОВО),9,Y(А04),01:10,107,2026-06-08 01:23:00,2026-06-08 01:25:00,,2026-06-08 01:28:00,2026-06-08 01:30:00,2026-06-08 01:28:00,2026-06-08 01:30:00,2026-06-08 01:28:00,2.0,1.0,2026-06-08 01:33:00,2026-06-08 01:34:00,,0.0,2026-06-08 01:30:00,2026-06-08 01:32:00,,,,,Соколов И. С.,Россия,Выдача до 30 минут
2026-06-08,TK 3154 ,321,БОДРУМ(МИЛАС),18,Y(А09),01:13,2098,2026-06-08 01:25:00,2026-06-08 01:29:00,1.0,2026-06-08 01:33:00,2026-06-08 01:48:00,2026-06-08 01:33:00,2026-06-08 01:48:00,2026-06-08 01:43:00,5.0,1.0,2026-06-08 01:47:00,2026-06-08 01:54:00,2.0,0.0,2026-06-08 01:42:00,2026-06-08 01:53:00,,,,,Барабанов А. М.,Turkish Airlines,Выдача до 30 минут
2026-06-08,PC 1521 ,320,ИЗМИР(АДНАН МЕНДЕРЕС),19,Y(А13),01:16,1946,2026-06-08 01:25:00,2026-06-08 01:26:00,,2026-06-08 01:28:00,2026-06-08 01:45:00,2026-06-08 01:28:00,2026-06-08 01:45:00,2026-06-08 01:42:00,3.0,4.0,2026-06-08 01:40:00,2026-06-08 01:52:00,,0.0,2026-06-08 01:36:00,2026-06-08 01:41:00,2026-06-08 01:47:00,2026-06-08 01:52:00,,,Коляскин А. Г.,Pegasus,Выдача до 30 минут
2026-06-08,TK 3084 ,321,ДАЛАМАН,24,Y(А11),01:22,1066,2026-06-08 01:32:00,2026-06-08 01:34:00,,2026-06-08 01:35:00,2026-06-08 01:38:00,2026-06-08 01:35:00,2026-06-08 01:38:00,2026-06-08 01:43:00,,,2026-06-08 01:44:00,2026-06-08 01:45:00,,0.0,2026-06-08 01:38:00,2026-06-08 01:52:00,,,,,Демчук Д. П.,Turkish Airlines,Выдача до 30 минут
2026-06-08,ДР 476 ,7С8,САРАТОВ(ГАГАРИН),44,Y(А07),01:53,276,2026-06-08 02:02:00,2026-06-08 02:04:00,,2026-06-08 02:04:00,2026-06-08 02:07:00,2026-06-08 02:04:00,2026-06-08 02:07:00,2026-06-08 02:08:00,,1.0,2026-06-08 02:17:00,2026-06-08 02:18:00,,0.0,2026-06-08 02:10:00,2026-06-08 02:16:00,,,,,Кейта А. С.,Победа,Выдача до 30 минут
2026-06-08,ДР 422D,73Х,САМАРА(КУРУМОЧ),57,Y(А04),02:00,271,-1,,,2026-06-08 02:18:00,2026-06-08 02:21:00,2026-06-08 02:18:00,2026-06-08 02:21:00,,,1.0,2026-06-08 02:35:00,2026-06-08 02:36:00,,0.0,2026-06-08 02:25:00,2026-06-08 02:34:00,,,,,Аристархов Н. В.,Победа,Некорректно проставлены отметки
2026-06-08,NE 644 ,320,ШАРМ ЭЛЬ ШЕЙХ(ШАРМ ЭЛЬ ШЕЙХ ИНТЛ.),20,Y(А09),02:35,1364,2026-06-08 02:46:00,2026-06-08 02:48:00,,2026-06-08 03:01:00,2026-06-08 03:02:00,2026-06-08 03:01:00,2026-06-08 03:02:00,2026-06-08 02:59:00,3.0,,2026-06-08 02:58:00,2026-06-08 03:06:00,,0.0,2026-06-08 02:54:00,2026-06-08 02:59:00,2026-06-08 03:01:00,2026-06-08 03:05:00,,,Екимов С. С.,Nesma Airlines,Выдача до 30 минут
2026-06-08,PC 386 ,32Щ,СТАМБУЛ(САБИХА ГОКЦЕН),19,Y(А10),02:39,2872,2026-06-08 02:48:00,2026-06-08 02:49:00,,2026-06-08 02:53:00,2026-06-08 03:09:00,2026-06-08 02:53:00,2026-06-08 03:09:00,2026-06-08 03:11:00,,,2026-06-08 03:05:00,2026-06-08 03:23:00,,5.0,2026-06-08 02:59:00,2026-06-08 03:05:00,2026-06-08 03:14:00,2026-06-08 03:18:00,,,"Кейта А. С., Тришкин А. В.",Pegasus,Выдача от 30 до 40 минут
2026-06-08,ДР 6950 ,73Х,СОЧИ,62,Y(А04),03:32,486,2026-06-08 03:41:00,2026-06-08 03:45:00,1.0,2026-06-08 03:46:00,2026-06-08 03:51:00,2026-06-08 03:46:00,2026-06-08 03:51:00,2026-06-08 03:48:00,3.0,2.0,2026-06-08 03:59:00,2026-06-08 04:00:00,,0.0,2026-06-08 03:52:00,2026-06-08 03:58:00,,,,,Соколов И. С.,Победа,Выдача до 30 минут
2026-06-08,VF 587 ,73Х,АНКАРА(ЕСЕНБОГА),25,Y(А12),03:56,1955,2026-06-08 04:06:00,2026-06-08 04:10:00,1.0,2026-06-08 04:11:00,2026-06-08 04:23:00,2026-06-08 04:17:00,2026-06-08 04:23:00,2026-06-08 04:23:00,,,2026-06-08 04:20:00,2026-06-08 04:30:00,,0.0,2026-06-08 04:25:00,2026-06-08 04:28:00,2026-06-08 04:17:00,2026-06-08 04:20:00,,,"Андреев А. М., Коляскин А. Г.",AJET,Выдача до 30 минут
2026-06-08,3F 323 ,320,ЕРЕВАН(ЗВАРТНОЦ ИНТЛ),27,Y(А13),04:05,673,2026-06-08 04:13:00,2026-06-08 04:15:00,,2026-06-08 04:18:00,2026-06-08 04:22:00,2026-06-08 04:18:00,2026-06-08 04:22:00,2026-06-08 04:21:00,1.0,,2026-06-08 04:26:00,2026-06-08 04:27:00,,0.0,2026-06-08 04:22:00,2026-06-08 04:26:00,,,,,Чеканов В. А.,FLYONE Armenia,Выдача до 30 минут
2026-06-08,PC 1456 ,32Щ,БОДРУМ(МИЛАС),21,Y(А09),04:31,1611,2026-06-08 04:41:00,2026-06-08 04:42:00,,2026-06-08 04:45:00,2026-06-08 04:54:00,2026-06-08 04:45:00,2026-06-08 04:54:00,2026-06-08 04:56:00,,,2026-06-08 04:53:00,2026-06-08 05:02:00,,0.0,2026-06-08 04:49:00,2026-06-08 04:53:00,2026-06-08 04:54:00,2026-06-08 04:58:00,,,"Барабанов А. М., Соколов И. С.",Pegasus,Выдача до 30 минут
2026-06-08,TK 419 ,332,СТАМБУЛ(СТАМБУЛ НЬЮ),23,Y(А10),04:36,3136,2026-06-08 04:50:00,2026-06-08 04:55:00,2.0,2026-06-08 04:52:00,2026-06-08 05:06:00,2026-06-08 04:52:00,2026-06-08 05:06:00,2026-06-08 05:15:00,,,2026-06-08 05:02:00,2026-06-08 05:12:00,,0.0,2026-06-08 04:56:00,2026-06-08 05:13:00,2026-06-08 05:08:00,2026-06-08 05:29:00,,,"Демчук Д. П., Иванов В. А.",Turkish Airlines,Выдача до 30 минут
2026-06-08,VF 277 ,73Х,СТАМБУЛ(САБИХА ГОКЦЕН),24,Y(А11),04:40,1619,2026-06-08 04:51:00,2026-06-08 04:55:00,1.0,2026-06-08 04:56:00,2026-06-08 05:10:00,2026-06-08 04:56:00,2026-06-08 05:10:00,2026-06-08 05:06:00,4.0,3.0,2026-06-08 05:08:00,2026-06-08 05:18:00,,0.0,2026-06-08 05:03:00,2026-06-08 05:09:00,2026-06-08 05:12:00,2026-06-08 05:16:00,,,Тришкин А. В.,AJET,Выдача до 30 минут
2026-06-08,PC 390 ,32Щ,СТАМБУЛ(САБИХА ГОКЦЕН),20,Y(А09),04:43,1709,2026-06-08 04:52:00,2026-06-08 04:56:00,1.0,2026-06-08 04:56:00,2026-06-08 05:10:00,2026-06-08 04:56:00,2026-06-08 05:10:00,2026-06-08 05:07:00,3.0,3.0,2026-06-08 05:07:00,2026-06-08 05:16:00,,0.0,2026-06-08 05:03:00,2026-06-08 05:07:00,2026-06-08 05:11:00,2026-06-08 05:16:00,,,Екимов С. С.,Pegasus,Выдача до 30 минут
2026-06-08,ДР 116D,73Х,СОЧИ,49,Y(А05),04:49,471,2026-06-08 04:56:00,2026-06-08 04:57:00,,2026-06-08 05:02:00,2026-06-08 05:06:00,2026-06-08 05:02:00,2026-06-08 05:06:00,2026-06-08 05:03:00,3.0,1.0,2026-06-08 05:14:00,2026-06-08 05:15:00,,0.0,2026-06-08 05:07:00,2026-06-08 05:12:00,,,,,Кейта А. С.,Победа,Выдача до 30 минут
2026-06-08,ДР 408 ,73Х,ЕКАТЕРИНБУРГ(КОЛЬЦОВО),50,Y(А04),04:53,362,2026-06-08 05:04:00,2026-06-08 05:05:00,,2026-06-08 05:05:00,2026-06-08 05:09:00,2026-06-08 05:05:00,2026-06-08 05:09:00,2026-06-08 05:10:00,,2.0,2026-06-08 05:15:00,2026-06-08 05:17:00,,0.0,2026-06-08 05:10:00,2026-06-08 05:16:00,,,,,Коляскин А. Г.,Победа,Выдача до 30 минут
2026-06-08,NE 600 ,320,ХУРГАДА(ХУРГАДА ИНТЛ.),26,Y(А11),05:20,1857,2026-06-08 05:35:00,2026-06-08 05:39:00,1.0,2026-06-08 05:39:00,2026-06-08 05:52:00,2026-06-08 05:39:00,2026-06-08 05:52:00,2026-06-08 05:51:00,1.0,1.0,2026-06-08 05:51:00,2026-06-08 06:01:00,,0.0,2026-06-08 05:47:00,2026-06-08 05:52:00,2026-06-08 05:57:00,2026-06-08 06:00:00,,,Харитонов- Тихонов И. А.,Nesma Airlines,Выдача до 30 минут
2026-06-08,ДР 436 ,73Х,УФА,36,Y(А04),05:26,248,2026-06-08 05:32:00,2026-06-08 05:33:00,,2026-06-08 05:36:00,2026-06-08 05:39:00,2026-06-08 05:36:00,2026-06-08 05:39:00,2026-06-08 05:38:00,1.0,1.0,2026-06-08 05:45:00,2026-06-08 05:47:00,,0.0,2026-06-08 05:40:00,2026-06-08 05:46:00,,,,,Андреев А. М.,Победа,Выдача до 30 минут
2026-06-08,7Q 1777 ,320,ТАШКЕНТ(ТАШКЕНТ ИНТЛ.),29,Y(А09),05:32,1548,2026-06-08 05:44:00,2026-06-08 05:45:00,,2026-06-08 05:47:00,2026-06-08 05:57:00,2026-06-08 05:47:00,2026-06-08 05:57:00,2026-06-08 05:58:00,,,2026-06-08 05:54:00,2026-06-08 06:02:00,,0.0,2026-06-08 05:52:00,2026-06-08 05:54:00,2026-06-08 05:59:00,2026-06-08 06:03:00,,,Кейта А. С.,Asia Union Airlines,Выдача до 30 минут
2026-06-08,TK 407 ,333,СТАМБУЛ(СТАМБУЛ НЬЮ),22,Y(А10),05:40,2964,2026-06-08 05:54:00,2026-06-08 05:57:00,,2026-06-08 05:57:00,2026-06-08 06:07:00,2026-06-08 05:57:00,2026-06-08 06:07:00,2026-06-08 06:18:00,,,2026-06-08 06:10:00,2026-06-08 06:17:00,,0.0,2026-06-08 05:57:00,2026-06-08 06:25:00,2026-06-08 05:51:00,2026-06-08 06:16:00,,,Чеканов В. А.,Turkish Airlines,Выдача до 30 минут
2026-06-08,PC 1458 ,32Щ,ДАЛАМАН,21,Y(А12),05:47,1120,2026-06-08 06:01:00,2026-06-08 06:03:00,,2026-06-08 06:06:00,2026-06-08 06:13:00,2026-06-08 06:06:00,2026-06-08 06:13:00,2026-06-08 06:12:00,1.0,,2026-06-08 06:20:00,2026-06-08 06:22:00,,0.0,2026-06-08 06:14:00,2026-06-08 06:21:00,,,,,Коляскин А. Г.,Pegasus,Выдача до 30 минут
2026-06-08,ЮВ 301 ,ЦР2,БУГУЛЬМА,45,Y(А07),05:50,289,2026-06-08 05:56:00,2026-06-08 05:56:00,,2026-06-08 05:57:00,2026-06-08 06:00:00,2026-06-08 05:57:00,2026-06-08 06:00:00,2026-06-08 06:02:00,,1.0,2026-06-08 06:05:00,2026-06-08 06:06:00,,0.0,2026-06-08 06:00:00,2026-06-08 06:05:00,,,,,Иванов В. А.,ЮВТ АЭРО,Выдача до 30 минут
2026-06-08,ДР 434 ,73Х,ПЕРМЬ(БОЛЬШОЕ САВИНО),42,Y(А05),05:54,424,2026-06-08 06:00:00,2026-06-08 06:02:00,,2026-06-08 06:05:00,2026-06-08 06:12:00,2026-06-08 06:05:00,2026-06-08 06:12:00,2026-06-08 06:07:00,5.0,4.0,2026-06-08 06:17:00,2026-06-08 06:19:00,,0.0,2026-06-08 06:12:00,2026-06-08 06:17:00,,,,,Вазиров Т. В.,Победа,Выдача до 30 минут
2026-06-08,NE 618 ,320,ХУРГАДА(ХУРГАДА ИНТЛ.),25,Y(А11),05:58,1605,2026-06-08 06:09:00,2026-06-08 06:11:00,,2026-06-08 06:14:00,2026-06-08 06:32:00,2026-06-08 06:14:00,2026-06-08 06:32:00,2026-06-08 06:24:00,8.0,7.0,2026-06-08 06:24:00,2026-06-08 06:36:00,,0.0,2026-06-08 06:21:00,2026-06-08 06:25:00,2026-06-08 06:32:00,2026-06-08 06:36:00,,,Аристархов Н. В.,Nesma Airlines,Выдача до 30 минут
2026-06-08,ЮТ 786 ,73Х,ЕРЕВАН(ЗВАРТНОЦ ИНТЛ),16,Y(А13),06:02,945,2026-06-08 06:13:00,2026-06-08 06:16:00,,2026-06-08 06:21:00,2026-06-08 06:28:00,2026-06-08 06:21:00,2026-06-08 06:28:00,2026-06-08 06:23:00,5.0,1.0,2026-06-08 06:35:00,2026-06-08 06:38:00,,0.0,2026-06-08 06:30:00,2026-06-08 06:36:00,,,,,Соколов И. С.,Ютэйр,Выдача до 30 минут
2026-06-08,ДР 414 ,7С8,ЧЕЛЯБИНСК(БАЛАНДИНО),37,Y(А04),06:52,479,2026-06-08 07:01:00,2026-06-08 07:04:00,,2026-06-08 07:04:00,2026-06-08 07:09:00,2026-06-08 07:04:00,2026-06-08 07:09:00,2026-06-08 07:08:00,1.0,2.0,2026-06-08 07:15:00,2026-06-08 07:17:00,,0.0,2026-06-08 07:10:00,2026-06-08 07:15:00,,,,,Демчук Д. П.,Победа,Выдача до 30 минут
2026-06-08,4S 337 ,7С8,ШАРМ ЭЛЬ ШЕЙХ(ШАРМ ЭЛЬ ШЕЙХ ИНТЛ.),20,Y(А11),06:56,1822,2026-06-08 07:09:00,2026-06-08 07:10:00,,2026-06-08 07:11:00,2026-06-08 07:24:00,2026-06-08 07:11:00,2026-06-08 07:24:00,2026-06-08 07:25:00,,1.0,2026-06-08 07:22:00,2026-06-08 07:29:00,,0.0,2026-06-08 07:17:00,2026-06-08 07:23:00,2026-06-08 07:24:00,2026-06-08 07:30:00,,,Екимов С. С.,Red Sea,Выдача до 30 минут
2026-06-08,ФВ 6019 ,СУ9,САНКТ-ПЕТЕРБУРГ(ПУЛКОВО),8,Y(А05),07:05,12,2026-06-08 07:16:00,2026-06-08 07:17:00,,2026-06-08 07:18:00,2026-06-08 07:19:00,2026-06-08 07:18:00,2026-06-08 07:19:00,2026-06-08 07:20:00,,1.0,2026-06-08 07:21:00,2026-06-08 07:22:00,,0.0,2026-06-08 07:19:00,2026-06-08 07:21:00,,,,,Шамсов Б. С.,Россия,Выдача до 30 минут
2026-06-08,А4 7062 ,СУ9,МАГНИТОГОРСК,49,Y(А07),07:11,156,-1,,,2026-06-08 07:20:00,2026-06-08 07:23:00,2026-06-08 07:20:00,2026-06-08 07:23:00,,,2.0,2026-06-08 07:36:00,2026-06-08 07:37:00,,0.0,2026-06-08 07:25:00,2026-06-08 07:31:00,,,,,Соболь М. Ф.,Азимут,Некорректно проставлены отметки
2026-06-08,ХИ 9607 ,32Н,БУХАРА(БУХАРА ИНТЛ.),23,Y(А10),07:29,1557,2026-06-08 07:39:00,2026-06-08 07:41:00,,2026-06-08 07:42:00,2026-06-08 07:56:00,2026-06-08 07:42:00,2026-06-08 07:56:00,2026-06-08 07:53:00,3.0,4.0,2026-06-08 07:51:00,2026-06-08 07:56:00,,0.0,2026-06-08 07:47:00,2026-06-08 07:51:00,2026-06-08 07:52:00,2026-06-08 07:57:00,,,Потапов Е. А.,UZBEKISTAN AIRWAYS,Выдача до 30 минут
2026-06-08,ХИ 9813 ,32Н,ТАШКЕНТ(ТАШКЕНТ ИНТЛ.),27,Y(А09),07:31,1906,2026-06-08 07:40:00,2026-06-08 07:42:00,,2026-06-08 07:42:00,2026-06-08 07:56:00,2026-06-08 07:42:00,2026-06-08 07:56:00,2026-06-08 07:57:00,,1.0,2026-06-08 07:52:00,2026-06-08 07:59:00,,0.0,2026-06-08 07:49:00,2026-06-08 07:52:00,2026-06-08 07:56:00,2026-06-08 07:59:00,,,"Галушко В., Ушаков М. В.",UZBEKISTAN AIRWAYS,Выдача до 30 минут
2026-06-08,ХИ 9615 ,320,УРГЕНЧ(УРГЕНЧ ИНТЛ.),26,Y(А12),07:42,1369,2026-06-08 07:56:00,2026-06-08 07:58:00,,2026-06-08 08:01:00,2026-06-08 08:10:00,2026-06-08 08:01:00,2026-06-08 08:10:00,2026-06-08 08:09:00,1.0,,2026-06-08 08:11:00,2026-06-08 08:16:00,,0.0,2026-06-08 08:06:00,2026-06-08 08:10:00,2026-06-08 08:12:00,2026-06-08 08:16:00,,,Андреев А. М.,UZBEKISTAN AIRWAYS,Выдача до 30 минут
2026-06-08,В2 981 ,Е75,МИНСК(МИНСК ИНТЛ.),29,Y(А13),07:46,752,2026-06-08 07:56:00,2026-06-08 07:56:00,,2026-06-08 07:59:00,2026-06-08 08:05:00,2026-06-08 07:59:00,2026-06-08 08:05:00,2026-06-08 08:05:00,,1.0,2026-06-08 08:10:00,2026-06-08 08:12:00,,0.0,2026-06-08 08:06:00,2026-06-08 08:10:00,,,,,Шамсов Б. С.,Белавиа,Выдача до 30 минут
2026-06-08,NE 610 ,320,ХУРГАДА(ХУРГАДА ИНТЛ.),30,Y(А11),07:48,1904,2026-06-08 08:02:00,2026-06-08 08:05:00,,2026-06-08 08:07:00,2026-06-08 08:19:00,2026-06-08 08:07:00,2026-06-08 08:19:00,2026-06-08 08:19:00,,,2026-06-08 08:16:00,2026-06-08 08:28:00,,0.0,2026-06-08 08:13:00,2026-06-08 08:16:00,2026-06-08 08:24:00,2026-06-08 08:28:00,,,Лесной Д. А.,Nesma Airlines,Выдача до 30 минут
2026-06-08,ЮТ 572 ,73Х,КРАСНОЯРСК,25,Y(А08),07:52,678,2026-06-08 08:01:00,2026-06-08 08:02:00,,2026-06-08 08:04:00,2026-06-08 08:10:00,2026-06-08 08:04:00,2026-06-08 08:10:00,2026-06-08 08:10:00,,1.0,2026-06-08 08:14:00,2026-06-08 08:18:00,,0.0,2026-06-08 08:12:00,2026-06-08 08:14:00,,,,,Скулов Е. С.,Ютэйр,Выдача до 30 минут
2026-06-08,ДР 744 ,7С8,ОШ,61,Y(А13),07:54,420,-1,,,2026-06-08 08:09:00,2026-06-08 08:12:00,2026-06-08 08:09:00,2026-06-08 08:12:00,,,,2026-06-08 08:23:00,2026-06-08 08:24:00,,0.0,2026-06-08 08:15:00,2026-06-08 08:23:00,,,,,Кутейников А. В.,Победа,Некорректно проставлены отметки
2026-06-08,ЮТ 454 ,73Х,ТЮМЕНЬ(РОЩИНО),15,Y(А06),08:02,764,2026-06-08 08:09:00,2026-06-08 08:11:00,,2026-06-08 08:15:00,2026-06-08 08:25:00,2026-06-08 08:15:00,2026-06-08 08:25:00,2026-06-08 08:18:00,7.0,5.0,2026-06-08 08:33:00,2026-06-08 08:35:00,4.0,0.0,2026-06-08 08:28:00,2026-06-08 08:31:00,,,,,Соболь М. Ф.,Ютэйр,Выдача до 30 минут
2026-06-08,ЮТ 248 ,73Х,СУРГУТ,24,Y(А05),08:11,522,2026-06-08 08:21:00,2026-06-08 08:23:00,,2026-06-08 08:23:00,2026-06-08 08:30:00,2026-06-08 08:23:00,2026-06-08 08:30:00,2026-06-08 08:28:00,2.0,4.0,2026-06-08 08:35:00,2026-06-08 08:37:00,,0.0,2026-06-08 08:31:00,2026-06-08 08:34:00,,,,,Федоров Н. В.,Ютэйр,Выдача до 30 минут
2026-06-08,ФВ 6051 ,СУ9,САНКТ-ПЕТЕРБУРГ(ПУЛКОВО),9,Y(А04),08:14,41,2026-06-08 08:27:00,2026-06-08 08:29:00,,2026-06-08 08:30:00,2026-06-08 08:31:00,2026-06-08 08:30:00,2026-06-08 08:31:00,2026-06-08 08:31:00,,1.0,2026-06-08 08:34:00,2026-06-08 08:35:00,,0.0,2026-06-08 08:31:00,2026-06-08 08:34:00,,,,,Галушко В.,Россия,Выдача до 30 минут
2026-06-08,ЯК 473 ,7С8,ЯКУТСК,14,Y(А07),08:18,1172,2026-06-08 08:29:00,2026-06-08 08:29:00,,2026-06-08 08:30:00,2026-06-08 08:50:00,2026-06-08 08:30:00,2026-06-08 08:50:00,2026-06-08 08:37:00,13.0,16.0,2026-06-08 08:54:00,2026-06-08 08:56:00,5.0,0.0,2026-06-08 08:50:00,2026-06-08 08:55:00,,,,,Баташан В. Ю.,Якутия,Выдача до 30 минут
2026-06-08,А4 7020 ,СУ9,САНКТ-ПЕТЕРБУРГ(ПУЛКОВО),51A,Y(А04),08:22,19,2026-06-08 08:39:00,2026-06-08 08:42:00,,2026-06-08 08:41:00,2026-06-08 08:42:00,2026-06-08 08:41:00,2026-06-08 08:42:00,2026-06-08 08:43:00,,1.0,2026-06-08 08:47:00,2026-06-08 08:48:00,,0.0,2026-06-08 08:41:00,2026-06-08 08:47:00,,,,,Королев А. А.,Азимут,Выдача до 30 минут
2026-06-08,ЮТ 352 ,73Е,ХАНТЫ-МАНСИЙСК,12,Y(А04),08:27,137,2026-06-08 08:36:00,2026-06-08 08:37:00,,2026-06-08 08:40:00,2026-06-08 08:42:00,2026-06-08 08:40:00,2026-06-08 08:42:00,2026-06-08 08:41:00,1.0,1.0,2026-06-08 08:45:00,2026-06-08 08:46:00,,0.0,2026-06-08 08:43:00,2026-06-08 08:46:00,,,,,Лаптев В. В.,Ютэйр,Выдача до 30 минут
2026-06-08,DV 809 ,738,АЛМАТЫ(АЛМАТЫ ИНТЛ.),19,Y(А13),08:35,465,2026-06-08 08:46:00,2026-06-08 08:46:00,,2026-06-08 08:48:00,2026-06-08 08:51:00,2026-06-08 08:48:00,2026-06-08 08:51:00,2026-06-08 08:53:00,,,2026-06-08 08:59:00,2026-06-08 09:00:00,,0.0,2026-06-08 08:51:00,2026-06-08 08:59:00,,,,,"Минченко А. И., Поляков К. Н.",SCAT Airlines,Выдача до 30 минут
2026-06-08,3F 321 ,321,ЕРЕВАН(ЗВАРТНОЦ ИНТЛ),18,Y(А13),08:50,1041,2026-06-08 09:02:00,2026-06-08 09:03:00,,2026-06-08 09:05:00,2026-06-08 09:12:00,2026-06-08 09:05:00,2026-06-08 09:12:00,2026-06-08 09:13:00,,,2026-06-08 09:21:00,2026-06-08 09:22:00,,0.0,2026-06-08 09:14:00,2026-06-08 09:21:00,,,,,Соболь М. Ф.,FLYONE Armenia,Выдача до 30 минут
2026-06-08,ЮТ 356 ,73Х,ГРОЗНЫЙ(СЕВЕРНЫЙ),11,Y(А05),09:00,254,2026-06-08 09:09:00,2026-06-08 09:09:00,,2026-06-08 09:12:00,2026-06-08 09:18:00,2026-06-08 09:12:00,2026-06-08 09:18:00,2026-06-08 09:15:00,3.0,4.0,2026-06-08 09:21:00,2026-06-08 09:23:00,,0.0,2026-06-08 09:18:00,2026-06-08 09:21:00,,,,,Лаптев В. В.,Ютэйр,Выдача до 30 минут
2026-06-08,ЮТ 560 ,73Х,МАХАЧКАЛА,21,Y(А07),09:05,578,2026-06-08 09:12:00,2026-06-08 09:16:00,1.0,2026-06-08 09:17:00,2026-06-08 09:28:00,2026-06-08 09:17:00,2026-06-08 09:28:00,2026-06-08 09:20:00,8.0,7.0,2026-06-08 09:44:00,2026-06-08 09:47:00,2.0,5.0,2026-06-08 09:29:00,2026-06-08 09:32:00,,,,,Попов Д. В.,Ютэйр,Выдача от 30 до 40 минут
2026-06-08,ЯМ 597 ,73Х,МИРНЫЙ,3,Y(А06),09:09,1205,2026-06-08 09:16:00,2026-06-08 09:20:00,1.0,2026-06-08 09:20:00,2026-06-08 09:29:00,2026-06-08 09:20:00,2026-06-08 09:29:00,2026-06-08 09:28:00,1.0,1.0,2026-06-08 09:30:00,2026-06-08 09:35:00,,0.0,2026-06-08 09:27:00,2026-06-08 09:30:00,2026-06-08 09:31:00,2026-06-08 09:36:00,,,Лесной Д. А.,Алроса,Выдача до 30 минут
2026-06-08,ФВ 6003 ,СУ9,САНКТ-ПЕТЕРБУРГ(ПУЛКОВО),8,Y(А04),09:16,101,2026-06-08 09:26:00,2026-06-08 09:27:00,,2026-06-08 09:28:00,2026-06-08 09:30:00,2026-06-08 09:28:00,2026-06-08 09:30:00,2026-06-08 09:31:00,,1.0,2026-06-08 09:33:00,2026-06-08 09:34:00,,0.0,2026-06-08 09:30:00,2026-06-08 09:41:00,,,,,Ушаков Г. А.,Россия,Выдача до 30 минут
2026-06-08,КГ 555 ,320,ОШ,22,Y(А13),09:19,2899,2026-06-08 09:31:00,2026-06-08 09:34:00,,2026-06-08 09:35:00,2026-06-08 09:56:00,2026-06-08 09:35:00,2026-06-08 09:56:00,2026-06-08 09:54:00,2.0,2.0,2026-06-08 09:51:00,2026-06-08 10:03:00,,2.0,2026-06-08 09:59:00,2026-06-08 10:04:00,2026-06-08 09:45:00,2026-06-08 09:51:00,,,"Поляков К. Н., Скулов Е. С.",Aero Nomad,Выдача от 30 до 40 минут
2026-06-08,ВГ 2390 ,ЯК4,ВОЛОГДА,45,Y(А04),09:25,73,2026-06-08 09:31:00,2026-06-08 09:32:00,,2026-06-08 09:33:00,2026-06-08 09:35:00,2026-06-08 09:33:00,2026-06-08 09:35:00,2026-06-08 09:35:00,,2.0,,-1,,0.0,,,,,,,Андреев А. М.,Вологодское АП,Некорректно проставлены отметки
2026-06-08,AZV 3004 ,763,АНТАЛЬЯ,2,Y(А09),09:51,2666,2026-06-08 10:13:00,2026-06-08 10:14:00,,2026-06-08 10:17:00,2026-06-08 10:30:00,2026-06-08 10:17:00,2026-06-08 10:30:00,2026-06-08 10:35:00,,,2026-06-08 10:30:00,2026-06-08 10:34:00,,0.0,2026-06-08 10:25:00,2026-06-08 10:30:00,2026-06-08 10:26:00,2026-06-08 10:36:00,,,Лесной Д. А.,АЗУР эйр,Выдача до 30 минут
2026-06-08,ЮТ 276F,734,СОЧИ,9,Y(А06),09:56,844,2026-06-08 10:13:00,2026-06-08 10:15:00,,2026-06-08 10:18:00,2026-06-08 10:22:00,2026-06-08 10:18:00,2026-06-08 10:22:00,2026-06-08 10:23:00,,,2026-06-08 10:26:00,2026-06-08 10:30:00,,0.0,2026-06-08 10:24:00,2026-06-08 10:26:00,,,,,Никишин А. В.,Ютэйр,Выдача до 30 минут
2026-06-08,AZV 3002 ,763,АНТАЛЬЯ,19,Y(А11),10:01,895,2026-06-08 10:12:00,2026-06-08 10:16:00,1.0,2026-06-08 10:15:00,2026-06-08 10:22:00,2026-06-08 10:15:00,2026-06-08 10:22:00,2026-06-08 10:22:00,,1.0,2026-06-08 10:32:00,2026-06-08 10:36:00,,0.0,2026-06-08 10:24:00,2026-06-08 10:34:00,,,,,Федоров Н. В.,АЗУР эйр,Выдача до 30 минут
2026-06-08,DV 801 ,7М8,ШЫМКЕНТ(ШЫМКЕНТ ИНТЛ.),20,Y(А13),10:04,900,2026-06-08 10:13:00,2026-06-08 10:13:00,,2026-06-08 10:16:00,2026-06-08 10:24:00,2026-06-08 10:16:00,2026-06-08 10:24:00,2026-06-08 10:23:00,1.0,2.0,2026-06-08 10:32:00,2026-06-08 10:35:00,,0.0,2026-06-08 10:26:00,2026-06-08 10:32:00,,,,,Галушко В.,SCAT Airlines,Выдача до 30 минут
2026-06-08,ЮТ 446 ,73Е,КОГАЛЫМ,13,Y(А05),10:08,465,2026-06-08 10:18:00,2026-06-08 10:18:00,,2026-06-08 10:24:00,2026-06-08 10:28:00,2026-06-08 10:24:00,2026-06-08 10:28:00,2026-06-08 10:25:00,3.0,1.0,2026-06-08 10:33:00,2026-06-08 10:36:00,,0.0,2026-06-08 10:30:00,2026-06-08 10:35:00,,,,,Потапов Е. А.,Ютэйр,Выдача до 30 минут
2026-06-08,ФВ 6005 ,СУ9,САНКТ-ПЕТЕРБУРГ(ПУЛКОВО),10,Y(А04),10:13,120,2026-06-08 10:22:00,2026-06-08 10:26:00,1.0,2026-06-08 10:28:00,2026-06-08 10:30:00,2026-06-08 10:28:00,2026-06-08 10:30:00,2026-06-08 10:27:00,3.0,1.0,2026-06-08 10:35:00,2026-06-08 10:36:00,,0.0,2026-06-08 10:32:00,2026-06-08 10:35:00,,,,,Ушаков М. В.,Россия,Выдача до 30 минут
2026-06-08,ДР 424 ,73Х,САМАРА(КУРУМОЧ),48,Y(А04),10:44,241,2026-06-08 10:56:00,2026-06-08 10:57:00,,2026-06-08 10:57:00,2026-06-08 11:03:00,2026-06-08 10:57:00,2026-06-08 11:03:00,2026-06-08 11:02:00,1.0,4.0,2026-06-08 11:10:00,2026-06-08 11:11:00,,0.0,2026-06-08 11:04:00,2026-06-08 11:11:00,,,,,Соболь М. Ф.,Победа,Выдача до 30 минут
2026-06-08,TK 413 ,333,СТАМБУЛ(СТАМБУЛ НЬЮ),23,Y(А10),10:46,2154,2026-06-08 10:58:00,2026-06-08 11:01:00,,2026-06-08 11:01:00,2026-06-08 11:10:00,2026-06-08 11:01:00,2026-06-08 11:10:00,2026-06-08 11:16:00,,,2026-06-08 11:13:00,2026-06-08 11:19:00,,0.0,2026-06-08 11:25:00,2026-06-08 11:26:00,,,,,"Лаптев В. В., Ушаков Г. А.",Turkish Airlines,Выдача до 30 минут
2026-06-08,J2 807 ,320,БАКУ(ИМ. ГЕЙДАРА АЛИЕВА),24,Y(А12),10:55,1010,2026-06-08 11:07:00,2026-06-08 11:09:00,,2026-06-08 11:09:00,2026-06-08 11:17:00,2026-06-08 11:10:00,2026-06-08 11:17:00,2026-06-08 11:18:00,,,2026-06-08 11:22:00,2026-06-08 11:26:00,,0.0,2026-06-08 11:20:00,2026-06-08 11:26:00,,,,,"Кутейников А. В., Федоров Н. В.",AZAL,Выдача до 30 минут
2026-06-08,ФВ 6007 ,СУ9,САНКТ-ПЕТЕРБУРГ(ПУЛКОВО),8,Y(А04),11:12,37,2026-06-08 11:22:00,2026-06-08 11:23:00,,2026-06-08 11:24:00,2026-06-08 11:26:00,2026-06-08 11:24:00,2026-06-08 11:26:00,2026-06-08 11:26:00,,2.0,2026-06-08 11:28:00,2026-06-08 11:29:00,,0.0,2026-06-08 11:26:00,2026-06-08 11:28:00,,,,,Минченко А. И.,Россия,Выдача до 30 минут
2026-06-08,А4 7034 ,СУ9,ПСКОВ(КРЕСТЫ),26,Y(А05),11:32,268,2026-06-08 11:42:00,2026-06-08 11:46:00,1.0,2026-06-08 11:44:00,2026-06-08 11:47:00,2026-06-08 11:44:00,2026-06-08 11:47:00,2026-06-08 11:48:00,,1.0,2026-06-08 11:52:00,2026-06-08 11:54:00,,0.0,2026-06-08 11:49:00,2026-06-08 11:53:00,,,,,Шамсов Б. С.,Азимут,Выдача до 30 минут
2026-06-08,ЮТ 364 ,73Х,УФА,21,Y(А05),11:56,504,2026-06-08 12:03:00,2026-06-08 12:05:00,,2026-06-08 12:21:00,2026-06-08 12:27:00,2026-06-08 12:21:00,2026-06-08 12:27:00,2026-06-08 12:10:00,17.0,3.0,2026-06-08 12:31:00,2026-06-08 12:34:00,,1.0,2026-06-08 12:28:00,2026-06-08 12:31:00,,,,,Попов Д. В.,Ютэйр,Выдача от 30 до 40 минут
2026-06-08,ФВ 6009 ,СУ9,САНКТ-ПЕТЕРБУРГ(ПУЛКОВО),9,Y(А04),12:04,55,2026-06-08 12:14:00,2026-06-08 12:16:00,,2026-06-08 12:17:00,2026-06-08 12:18:00,2026-06-08 12:17:00,2026-06-08 12:18:00,2026-06-08 12:18:00,,1.0,2026-06-08 12:20:00,2026-06-08 12:21:00,,0.0,2026-06-08 12:18:00,2026-06-08 12:21:00,,,,,Скулов Е. С.,Россия,Выдача до 30 минут
2026-06-08,TK 1231 ,321,АНТАЛЬЯ,22,Y(А11),12:08,1034,2026-06-08 12:20:00,2026-06-08 12:24:00,1.0,2026-06-08 12:27:00,2026-06-08 12:36:00,2026-06-08 12:27:00,2026-06-08 12:36:00,2026-06-08 12:31:00,5.0,2.0,2026-06-08 12:42:00,2026-06-08 12:46:00,2.0,0.0,2026-06-08 12:27:00,2026-06-08 12:45:00,,,,,Табаров М.,Turkish Airlines,Выдача до 30 минут
2026-06-08,AZV 3014 ,75В,АНТАЛЬЯ,33,Y(А12),13:00,1445,2026-06-08 13:08:00,2026-06-08 13:09:00,,2026-06-08 13:11:00,2026-06-08 13:20:00,2026-06-08 13:11:00,2026-06-08 13:20:00,2026-06-08 13:22:00,,,2026-06-08 13:26:00,2026-06-08 13:30:00,,0.0,2026-06-08 13:24:00,2026-06-08 13:26:00,,,,,Минченко А. И.,АЗУР эйр,Выдача до 30 минут
2026-06-08,ФВ 6025 ,СУ9,САНКТ-ПЕТЕРБУРГ(ПУЛКОВО),8,Y(А04),13:04,192,2026-06-08 13:12:00,2026-06-08 13:15:00,,2026-06-08 13:15:00,2026-06-08 13:16:00,2026-06-08 13:15:00,2026-06-08 13:16:00,2026-06-08 13:17:00,,,2026-06-08 13:20:00,2026-06-08 13:22:00,,0.0,2026-06-08 13:17:00,2026-06-08 13:19:00,,,,,Шамсов Б. С.,Россия,Выдача до 30 минут
2026-06-08,ЯМ 543 ,73Х,НОВОСИБИРСК(ТОЛМАЧЕВО),11,Y(А06),13:12,1026,2026-06-08 13:23:00,2026-06-08 13:24:00,,2026-06-08 13:26:00,2026-06-08 13:36:00,2026-06-08 13:26:00,2026-06-08 13:36:00,2026-06-08 13:34:00,2.0,3.0,2026-06-08 13:40:00,2026-06-08 13:42:00,,0.0,2026-06-08 13:37:00,2026-06-08 13:40:00,,,,,Соболь М. Ф.,Алроса,Выдача до 30 минут
2026-06-08,TK 417 ,32Б,СТАМБУЛ(СТАМБУЛ НЬЮ),23,Y(А10),13:16,1758,2026-06-08 13:29:00,2026-06-08 13:30:00,,2026-06-08 13:31:00,2026-06-08 13:44:00,2026-06-08 13:31:00,2026-06-08 13:44:00,2026-06-08 13:45:00,,1.0,2026-06-08 13:46:00,2026-06-08 13:49:00,,0.0,2026-06-08 13:47:00,2026-06-08 13:52:00,,,,,Ушаков М. В.,Turkish Airlines,Выдача до 30 минут
2026-06-08,ГЗП 260 ,СУ9,НОВЫЙ УРЕНГОЙ,Б52,Y(А05),14:01,417,2026-06-08 14:07:00,2026-06-08 14:09:00,,2026-06-08 14:11:00,2026-06-08 14:15:00,2026-06-08 14:11:00,2026-06-08 14:15:00,2026-06-08 14:14:00,1.0,1.0,2026-06-08 14:28:00,2026-06-08 14:30:00,,0.0,2026-06-08 14:16:00,2026-06-08 14:31:00,,,,,Минченко А. И.,Газпром авиа,Выдача до 30 минут
2026-06-08,PC 388 ,32Щ,СТАМБУЛ(САБИХА ГОКЦЕН),20,Y(А09),14:11,5000,2026-06-08 14:22:00,2026-06-08 14:25:00,,2026-06-08 14:24:00,2026-06-08 14:45:00,2026-06-08 14:25:00,2026-06-08 14:45:00,2026-06-08 14:59:00,,,2026-06-08 14:34:00,2026-06-08 14:50:00,,0.0,2026-06-08 14:30:00,2026-06-08 14:34:00,2026-06-08 14:45:00,2026-06-08 14:51:00,2026-06-08 14:38:00,2026-06-08 14:43:00,"Поляков К. Н., Шамсов Б. С.",Pegasus,Выдача до 30 минут
2026-06-08,ДР 856 ,73Х,ГЮМРИ(ШИРАК),47,Y(А13),14:28,875,2026-06-08 14:40:00,2026-06-08 14:40:00,,2026-06-08 14:43:00,2026-06-08 14:46:00,2026-06-08 14:43:00,2026-06-08 14:46:00,2026-06-08 14:50:00,,,2026-06-08 14:56:00,2026-06-08 14:59:00,,0.0,2026-06-08 14:49:00,2026-06-08 14:56:00,,,,,Никишин А. В.,Победа,Выдача до 30 минут
2026-06-08,ДР 262 ,7С8,КАЛИНИНГРАД(ХРАБРОВО),48,Y(А04),14:37,403,2026-06-08 14:48:00,2026-06-08 14:48:00,,2026-06-08 14:50:00,2026-06-08 14:52:00,2026-06-08 14:50:00,2026-06-08 14:52:00,2026-06-08 14:55:00,,,2026-06-08 14:59:00,2026-06-08 15:02:00,,0.0,2026-06-08 14:53:00,2026-06-08 14:59:00,,,,,Скулов Е. С.,Победа,Выдача до 30 минут
2026-06-08,НВЦ 9152 ,32Щ,САБЕТТА,14,Y(А06),14:59,2331,2026-06-08 15:11:00,2026-06-08 15:12:00,,2026-06-08 15:14:00,2026-06-08 15:36:00,2026-06-08 15:14:00,2026-06-08 15:36:00,2026-06-08 15:31:00,5.0,6.0,2026-06-08 15:24:00,2026-06-08 15:41:00,,0.0,2026-06-08 15:19:00,2026-06-08 15:25:00,2026-06-08 15:37:00,2026-06-08 15:41:00,,,Минченко А. И.,Северо-Запад,Выдача до 30 минут
2026-06-08,ФВ 6031 ,СУ9,САНКТ-ПЕТЕРБУРГ(ПУЛКОВО),8,Y(А04),15:14,313,2026-06-08 15:24:00,2026-06-08 15:24:00,,2026-06-08 15:26:00,2026-06-08 15:29:00,2026-06-08 15:26:00,2026-06-08 15:29:00,2026-06-08 15:30:00,,1.0,2026-06-08 15:32:00,2026-06-08 15:33:00,,0.0,2026-06-08 15:30:00,2026-06-08 15:32:00,,,,,Соболь М. Ф.,Россия,Выдача до 30 минут
2026-06-08,FZ 989 ,7М8,ДУБАЙ(ДУБАЙ ИНТЛ.),29,Y(А10),15:39,2717,2026-06-08 15:50:00,2026-06-08 15:54:00,1.0,2026-06-08 15:52:00,2026-06-08 16:16:00,2026-06-08 15:53:00,2026-06-08 16:16:00,2026-06-08 16:12:00,4.0,5.0,2026-06-08 16:03:00,2026-06-08 16:20:00,,0.0,2026-06-08 16:17:00,2026-06-08 16:21:00,2026-06-08 16:00:00,2026-06-08 16:03:00,,,"Поляков К. Н., Федоров Н. В.",flydubai,Выдача до 30 минут
2026-06-08,ФВ 6037 ,СУ9,САНКТ-ПЕТЕРБУРГ(ПУЛКОВО),9,Y(А04),16:09,220,2026-06-08 16:21:00,2026-06-08 16:24:00,,2026-06-08 16:25:00,2026-06-08 16:29:00,2026-06-08 16:25:00,2026-06-08 16:29:00,2026-06-08 16:26:00,3.0,3.0,2026-06-08 16:31:00,2026-06-08 16:32:00,,0.0,2026-06-08 16:29:00,2026-06-08 16:31:00,,,,,Скулов Е. С.,Россия,Выдача до 30 минут
2026-06-08,ЖГ 926 ,73Х,ТБИЛИСИ(ТБИЛИСИ ИНТЛ.),30,Y(А12),16:14,1537,2026-06-08 16:20:00,2026-06-08 16:21:00,,2026-06-08 16:22:00,2026-06-08 16:30:00,2026-06-08 16:23:00,2026-06-08 16:30:00,2026-06-08 16:34:00,,,2026-06-08 16:31:00,2026-06-08 16:34:00,,0.0,2026-06-08 16:27:00,2026-06-08 16:32:00,2026-06-08 16:30:00,2026-06-08 16:34:00,,,"Кутейников А. В., Минченко А. И.",GEORGIAN AIRWAYS,Выдача до 30 минут
2026-06-08,А4 7010 ,СУ9,ТБИЛИСИ(ТБИЛИСИ ИНТЛ.),43,Y(А11),16:29,1062,2026-06-08 16:37:00,2026-06-08 16:38:00,,2026-06-08 16:39:00,2026-06-08 16:56:00,2026-06-08 16:39:00,2026-06-08 16:56:00,2026-06-08 16:48:00,8.0,10.0,2026-06-08 17:02:00,2026-06-08 17:06:00,,0.0,2026-06-08 16:58:00,2026-06-08 17:02:00,,,,,Шамсов Б. С.,Азимут,Выдача до 30 минут
2026-06-08,ЮТ 276 ,73Х,СОЧИ,11,Y(А06),16:33,848,2026-06-08 16:43:00,2026-06-08 16:43:00,,2026-06-08 16:47:00,2026-06-08 16:55:00,2026-06-08 16:47:00,2026-06-08 16:55:00,2026-06-08 16:53:00,2.0,2.0,2026-06-08 17:00:00,2026-06-08 17:02:00,,0.0,2026-06-08 16:57:00,2026-06-08 17:01:00,,,,,Ушаков Г. А.,Ютэйр,Выдача до 30 минут
2026-06-08,ДР 114 ,7С8,СОЧИ,46,Y(А05),16:48,499,2026-06-08 16:55:00,2026-06-08 16:55:00,,2026-06-08 16:57:00,2026-06-08 17:01:00,2026-06-08 16:57:00,2026-06-08 17:01:00,2026-06-08 17:02:00,,1.0,2026-06-08 17:08:00,2026-06-08 17:10:00,,0.0,2026-06-08 17:01:00,2026-06-08 17:09:00,,,,,Лаптев В. В.,Победа,Выдача до 30 минут
2026-06-08,ФВ 6175 ,СУ9,САНКТ-ПЕТЕРБУРГ(ПУЛКОВО),8,Y(А04),17:08,142,2026-06-08 17:22:00,2026-06-08 17:24:00,,2026-06-08 17:28:00,2026-06-08 17:30:00,2026-06-08 17:28:00,2026-06-08 17:30:00,2026-06-08 17:27:00,3.0,1.0,2026-06-08 17:33:00,2026-06-08 17:34:00,,0.0,2026-06-08 17:31:00,2026-06-08 17:33:00,,,,,Поляков К. Н.,Россия,Выдача до 30 минут
2026-06-08,ЮТ 596 ,735,УСИНСК,15,Y(А07),17:16,375,2026-06-08 17:25:00,2026-06-08 17:26:00,,2026-06-08 17:27:00,2026-06-08 17:31:00,2026-06-08 17:27:00,2026-06-08 17:31:00,2026-06-08 17:32:00,,1.0,2026-06-08 17:36:00,2026-06-08 17:38:00,,0.0,2026-06-08 17:32:00,2026-06-08 17:36:00,,,,,Шамсов Б. С.,Ютэйр,Выдача до 30 минут
2026-06-08,РГ 194 ,ЦР1,ТАМБОВ,55,Y(А05),17:20,148,2026-06-08 17:31:00,2026-06-08 17:32:00,,2026-06-08 17:34:00,2026-06-08 17:36:00,2026-06-08 17:34:00,2026-06-08 17:36:00,2026-06-08 17:36:00,,1.0,2026-06-08 17:43:00,2026-06-08 17:44:00,,0.0,2026-06-08 17:36:00,2026-06-08 17:42:00,,,,,Никишин А. В.,Руслайн,Выдача до 30 минут
2026-06-08,4S 341 ,73Х,ХУРГАДА(ХУРГАДА ИНТЛ.),24,Y(А09),17:24,2051,2026-06-08 17:35:00,2026-06-08 17:40:00,2.0,2026-06-08 17:40:00,2026-06-08 17:59:00,2026-06-08 17:40:00,2026-06-08 17:59:00,2026-06-08 17:53:00,6.0,5.0,2026-06-08 17:51:00,2026-06-08 18:06:00,,1.0,2026-06-08 17:47:00,2026-06-08 17:51:00,2026-06-08 18:00:00,2026-06-08 18:04:00,,,Соболь М. Ф.,Red Sea,Выдача от 30 до 40 минут
2026-06-08,ДР 466 ,73Х,УЛЬЯНОВСК(БАРАТАЕВКА),50,Y(А08),17:27,287,2026-06-08 17:36:00,2026-06-08 17:38:00,,2026-06-08 17:41:00,2026-06-08 17:46:00,2026-06-08 17:41:00,2026-06-08 17:46:00,2026-06-08 17:42:00,4.0,3.0,2026-06-08 17:49:00,2026-06-08 17:51:00,,0.0,2026-06-08 17:45:00,2026-06-08 17:49:00,,,,,Ушаков Г. А.,Победа,Выдача до 30 минут
2026-06-08,3F 325 ,320,ЕРЕВАН(ЗВАРТНОЦ ИНТЛ),23,Y(А13),17:36,1406,2026-06-08 17:44:00,2026-06-08 17:45:00,,2026-06-08 17:48:00,2026-06-08 17:58:00,2026-06-08 17:48:00,2026-06-08 17:58:00,2026-06-08 17:57:00,1.0,1.0,2026-06-08 18:00:00,2026-06-08 18:05:00,,0.0,2026-06-08 17:55:00,2026-06-08 18:01:00,2026-06-08 17:59:00,2026-06-08 18:05:00,,,Скулов Е. С.,FLYONE Armenia,Выдача до 30 минут
2026-06-08,ДР 836 ,73Х,ГАЗИПАША,47,Y(А11),17:52,1626,2026-06-08 17:59:00,2026-06-08 18:02:00,,2026-06-08 18:03:00,2026-06-08 18:14:00,2026-06-08 18:03:00,2026-06-08 18:14:00,2026-06-08 18:14:00,,,2026-06-08 18:14:00,2026-06-08 18:23:00,,0.0,2026-06-08 18:08:00,2026-06-08 18:14:00,2026-06-08 18:14:00,2026-06-08 18:23:00,,,Гафуров О. Ф.,Победа,Выдача до 30 минут
2026-06-08,ЮТ 400 ,73Х,ГРОЗНЫЙ(СЕВЕРНЫЙ),17,Y(А04),17:59,212,2026-06-08 18:11:00,2026-06-08 18:12:00,,2026-06-08 18:16:00,2026-06-08 18:18:00,2026-06-08 18:16:00,2026-06-08 18:18:00,2026-06-08 18:16:00,2.0,1.0,2026-06-08 18:24:00,2026-06-08 18:26:00,,0.0,2026-06-08 18:20:00,2026-06-08 18:24:00,,,,,Минченко А. И.,Ютэйр,Выдача до 30 минут
2026-06-08,ЮТ 746 ,73Х,БАКУ(ИМ. ГЕЙДАРА АЛИЕВА),16,Y(А12),18:02,1264,2026-06-08 18:13:00,2026-06-08 18:15:00,,2026-06-08 18:16:00,2026-06-08 18:23:00,2026-06-08 18:16:00,2026-06-08 18:23:00,2026-06-08 18:25:00,,,2026-06-08 18:26:00,2026-06-08 18:33:00,,0.0,2026-06-08 18:23:00,2026-06-08 18:26:00,2026-06-08 18:30:00,2026-06-08 18:35:00,,,Андреев А. М.,Ютэйр,Выдача до 30 минут
2026-06-08,ЯК 474 ,7С8,СОЧИ,62,Y(А05),18:05,736,2026-06-08 18:16:00,2026-06-08 18:19:00,,2026-06-08 18:19:00,2026-06-08 18:26:00,2026-06-08 18:19:00,2026-06-08 18:26:00,2026-06-08 18:22:00,4.0,5.0,2026-06-08 18:28:00,2026-06-08 18:32:00,,0.0,2026-06-08 18:25:00,2026-06-08 18:31:00,,,,,Лаптев В. В.,Якутия,Выдача до 30 минут
2026-06-08,ЮТ 456 ,73Е,НОЯБРЬСК,12,Y(А06),18:08,1017,2026-06-08 18:17:00,2026-06-08 18:17:00,,2026-06-08 18:23:00,2026-06-08 18:34:00,2026-06-08 18:23:00,2026-06-08 18:34:00,2026-06-08 18:28:00,6.0,4.0,2026-06-08 18:39:00,2026-06-08 18:43:00,2.0,0.0,2026-06-08 18:36:00,2026-06-08 18:39:00,,,,,Галушко В.,Ютэйр,Выдача до 30 минут
2026-06-08,ФВ 6177 ,СУ9,САНКТ-ПЕТЕРБУРГ(ПУЛКОВО),9,Y(А04),18:11,211,2026-06-08 18:20:00,2026-06-08 18:20:00,,2026-06-08 18:23:00,2026-06-08 18:25:00,2026-06-08 18:23:00,2026-06-08 18:25:00,2026-06-08 18:25:00,,1.0,2026-06-08 18:28:00,2026-06-08 18:30:00,,0.0,2026-06-08 18:26:00,2026-06-08 18:28:00,,,,,Шамсов Б. С.,Россия,Выдача до 30 минут
2026-06-08,ДР 194 ,73Х,НАЛЬЧИК,48,Y(А07),18:15,608,2026-06-08 18:21:00,2026-06-08 18:21:00,,2026-06-08 18:24:00,2026-06-08 18:28:00,2026-06-08 18:24:00,2026-06-08 18:28:00,2026-06-08 18:29:00,,,2026-06-08 18:35:00,2026-06-08 18:37:00,,0.0,2026-06-08 18:29:00,2026-06-08 18:34:00,,,,,Гафуров О. Ф.,Победа,Выдача до 30 минут
2026-06-08,TK 415 ,32Б,СТАМБУЛ(СТАМБУЛ НЬЮ),22,Y(А10),18:17,2831,2026-06-08 18:30:00,2026-06-08 18:33:00,,2026-06-08 18:35:00,2026-06-08 18:53:00,2026-06-08 18:35:00,2026-06-08 18:53:00,2026-06-08 18:53:00,,,2026-06-08 18:42:00,2026-06-08 18:53:00,,0.0,2026-06-08 18:53:00,2026-06-08 18:57:00,2026-06-08 18:45:00,2026-06-08 18:51:00,,,Ушаков М. В.,Turkish Airlines,Выдача до 30 минут
2026-06-08,ЮТ 464 ,73Х,ТЮМЕНЬ(РОЩИНО),14,Y(А05),18:31,881,2026-06-08 18:39:00,2026-06-08 18:41:00,,2026-06-08 18:42:00,2026-06-08 18:54:00,2026-06-08 18:42:00,2026-06-08 18:54:00,2026-06-08 18:49:00,5.0,6.0,2026-06-08 19:01:00,2026-06-08 19:05:00,2.0,0.0,2026-06-08 18:57:00,2026-06-08 19:01:00,,,,,Поляков К. Н.,Ютэйр,Выдача до 30 минут
2026-06-08,ХИ 9625 ,320,НУКУС,26,Y(А09),18:38,1847,2026-06-08 18:49:00,2026-06-08 18:51:00,,2026-06-08 18:52:00,2026-06-08 19:03:00,2026-06-08 18:52:00,2026-06-08 19:03:00,2026-06-08 19:05:00,,,2026-06-08 18:59:00,2026-06-08 19:07:00,,0.0,2026-06-08 18:57:00,2026-06-08 18:59:00,2026-06-08 19:05:00,2026-06-08 19:08:00,,,Минченко А. И.,UZBEKISTAN AIRWAYS,Выдача до 30 минут
2026-06-08,PBD 736 ,73Х,ГАЗИПАША,44,Y(А13),18:43,1178,2026-06-08 18:51:00,2026-06-08 18:53:00,,2026-06-08 18:56:00,2026-06-08 19:06:00,2026-06-08 18:56:00,2026-06-08 19:06:00,2026-06-08 19:03:00,3.0,2.0,2026-06-08 19:15:00,2026-06-08 19:19:00,,0.0,2026-06-08 19:08:00,2026-06-08 19:16:00,,,,,Андреев А. М.,Победа,Выдача до 30 минут
2026-06-08,ЮТ 374 ,734,МИНЕРАЛЬНЫЕ ВОДЫ,36,Y(А06),19:00,733,2026-06-08 19:12:00,2026-06-08 19:12:00,,2026-06-08 19:12:00,2026-06-08 19:17:00,2026-06-08 19:12:00,2026-06-08 19:17:00,2026-06-08 19:21:00,,,2026-06-08 19:24:00,2026-06-08 19:26:00,,0.0,2026-06-08 19:20:00,2026-06-08 19:23:00,,,,,Галушко В.,Ютэйр,Выдача до 30 минут
2026-06-08,ГЗП 252 ,СУ9,ЯМБУРГ,Б36,Y(А07),19:07,411,2026-06-08 19:15:00,2026-06-08 19:16:00,,2026-06-08 19:18:00,2026-06-08 19:22:00,2026-06-08 19:18:00,2026-06-08 19:22:00,2026-06-08 19:22:00,,1.0,2026-06-08 19:40:00,2026-06-08 19:42:00,,0.0,2026-06-08 19:23:00,2026-06-08 19:40:00,,,,,Федоров Н. В.,Газпром авиа,Выдача до 30 минут
2026-06-08,ХИ 9627 ,32Н,ФЕРГАНА(ФЕРГАНА ИНТЛ.),25,Y(А10),19:10,1927,2026-06-08 19:22:00,2026-06-08 19:24:00,,2026-06-08 19:24:00,2026-06-08 19:37:00,2026-06-08 19:24:00,2026-06-08 19:37:00,2026-06-08 19:39:00,,,2026-06-08 19:37:00,2026-06-08 19:46:00,,0.0,2026-06-08 19:31:00,2026-06-08 19:35:00,2026-06-08 19:40:00,2026-06-08 19:44:00,,,Тано Б. А.,UZBEKISTAN AIRWAYS,Выдача до 30 минут
2026-06-08,PBD 840 ,7С8,АНТАЛЬЯ,49,Y(А13),19:14,1717,2026-06-08 19:22:00,2026-06-08 19:23:00,,2026-06-08 19:25:00,2026-06-08 19:40:00,2026-06-08 19:25:00,2026-06-08 19:40:00,2026-06-08 19:37:00,3.0,4.0,2026-06-08 19:38:00,2026-06-08 19:53:00,,1.0,2026-06-08 19:32:00,2026-06-08 19:38:00,2026-06-08 19:42:00,2026-06-08 19:53:00,,,Каламбеков У. О.,Победа,Выдача от 30 до 40 минут
2026-06-08,ЮТ 296 ,73Х,СУРГУТ,12,Y(А06),19:18,543,2026-06-08 19:27:00,2026-06-08 19:27:00,,2026-06-08 19:32:00,2026-06-08 19:42:00,2026-06-08 19:32:00,2026-06-08 19:42:00,2026-06-08 19:35:00,7.0,6.0,2026-06-08 19:47:00,2026-06-08 19:49:00,,0.0,2026-06-08 19:43:00,2026-06-08 19:46:00,,,,,Рябчевский В. О.,Ютэйр,Выдача до 30 минут
2026-06-08,ДР 206 ,73Х,САНКТ-ПЕТЕРБУРГ(ПУЛКОВО),46,Y(А04),19:21,145,2026-06-08 19:31:00,2026-06-08 19:34:00,,2026-06-08 19:33:00,2026-06-08 19:36:00,2026-06-08 19:33:00,2026-06-08 19:36:00,2026-06-08 19:36:00,,2.0,2026-06-08 19:42:00,2026-06-08 19:44:00,,0.0,2026-06-08 19:37:00,2026-06-08 19:43:00,,,,,Потапов Е. А.,Победа,Выдача до 30 минут
2026-06-08,ЮТ 810 ,73Х,САМАРКАНД(САМАРКАНД ИНТЛ.),21,Y(А10),19:28,650,2026-06-08 19:38:00,2026-06-08 19:41:00,,2026-06-08 19:59:00,2026-06-08 20:03:00,2026-06-08 19:59:00,2026-06-08 20:03:00,2026-06-08 19:46:00,17.0,,2026-06-08 20:09:00,2026-06-08 20:12:00,11.0,4.0,2026-06-08 19:42:00,2026-06-08 20:09:00,,,,,"Музафаров А. С., Ушаков М. В.",Ютэйр,Выдача от 30 до 40 минут
2026-06-08,ЮТ 576 ,734,КРАСНОДАР(ПАШКОВСКИЙ),10,Y(А08),19:33,555,-1,,,2026-06-08 19:53:00,2026-06-08 19:58:00,2026-06-08 19:53:00,2026-06-08 19:58:00,,,1.0,2026-06-08 20:02:00,2026-06-08 20:04:00,,0.0,2026-06-08 20:00:00,2026-06-08 20:02:00,,,,,Гаврилов В. А.,Ютэйр,Некорректно проставлены отметки
2026-06-08,ЮТ 398 ,73Х,ГЕЛЕНДЖИК,11,Y(А05),19:39,638,2026-06-08 19:52:00,2026-06-08 19:54:00,,2026-06-08 19:55:00,2026-06-08 20:01:00,2026-06-08 19:55:00,2026-06-08 20:01:00,2026-06-08 20:00:00,1.0,2.0,2026-06-08 20:06:00,2026-06-08 20:10:00,,0.0,2026-06-08 19:59:00,2026-06-08 20:06:00,,,,,Шарипов Д. А.,Ютэйр,Выдача до 30 минут
2026-06-08,УР 514 ,75В,БОДРУМ(МИЛАС),18,Y(А11),19:43,1115,2026-06-08 19:56:00,2026-06-08 19:57:00,,2026-06-08 20:00:00,2026-06-08 20:05:00,2026-06-08 20:00:00,2026-06-08 20:05:00,2026-06-08 20:07:00,,,2026-06-08 20:12:00,2026-06-08 20:15:00,,0.0,2026-06-08 20:06:00,2026-06-08 20:12:00,,,,,Дубинский В. Д.,FLYONE Armenia,Выдача до 30 минут
2026-06-08,ФВ 6179 ,СУ9,САНКТ-ПЕТЕРБУРГ(ПУЛКОВО),8,Y(А04),19:49,102,2026-06-08 20:02:00,2026-06-08 20:02:00,,2026-06-08 20:07:00,2026-06-08 20:08:00,2026-06-08 20:07:00,2026-06-08 20:08:00,2026-06-08 20:07:00,1.0,,2026-06-08 20:06:00,2026-06-08 20:07:00,,0.0,2026-06-08 20:10:00,2026-06-08 20:11:00,,,,,Гаджиев Н. Т.,Россия,Выдача до 30 минут
2026-06-08,ХИ 613 ,763,ТАШКЕНТ(ТАШКЕНТ ИНТЛ.),23,Y(А09),19:58,3289,2026-06-08 20:14:00,2026-06-08 20:16:00,,2026-06-08 20:21:00,2026-06-08 20:28:00,2026-06-08 20:21:00,2026-06-08 20:28:00,2026-06-08 20:40:00,,,2026-06-08 20:31:00,2026-06-08 20:32:00,,0.0,2026-06-08 20:21:00,2026-06-08 20:28:00,2026-06-08 20:07:00,2026-06-08 20:33:00,,,Попов А. И.,UZBEKISTAN AIRWAYS,Выдача до 30 минут
2026-06-08,ХИ 9619 ,32Н,НАМАНГАН,24,Y(А10),20:11,2025,2026-06-08 20:23:00,2026-06-08 20:25:00,,2026-06-08 20:59:00,2026-06-08 21:06:00,2026-06-08 20:59:00,2026-06-08 21:06:00,2026-06-08 20:41:00,25.0,,2026-06-08 20:34:00,2026-06-08 21:13:00,,20.0,2026-06-08 20:30:00,2026-06-08 20:33:00,2026-06-08 21:06:00,2026-06-08 21:13:00,,,"Каламбеков У. О., Потапов Е. А.",UZBEKISTAN AIRWAYS,Выдача более 40 минут
2026-06-08,ФВ 6181 ,СУ9,САНКТ-ПЕТЕРБУРГ(ПУЛКОВО),9,Y(А04),20:15,190,2026-06-08 20:27:00,2026-06-08 20:28:00,,2026-06-08 20:31:00,2026-06-08 20:33:00,2026-06-08 20:31:00,2026-06-08 20:33:00,2026-06-08 20:32:00,1.0,1.0,2026-06-08 20:37:00,2026-06-08 20:39:00,,0.0,2026-06-08 20:34:00,2026-06-08 20:38:00,,,,,Рябчевский В. О.,Россия,Выдача до 30 минут
2026-06-08,AZO 7054 ,СУ9,БАТУМИ,28,Y(А11),20:23,998,2026-06-08 20:36:00,2026-06-08 20:37:00,,2026-06-08 20:40:00,2026-06-08 20:49:00,2026-06-08 20:40:00,2026-06-08 20:49:00,2026-06-08 20:47:00,2.0,2.0,2026-06-08 20:53:00,2026-06-08 20:55:00,,0.0,2026-06-08 20:50:00,2026-06-08 20:53:00,,,,,Федоров Н. В.,GEORGIAN AIRWAYS,Выдача до 30 минут
2026-06-08,J2 5830 ,320,ГЯНДЖА,22,Y(А10),20:35,1993,2026-06-08 20:44:00,2026-06-08 20:44:00,,2026-06-08 20:46:00,2026-06-08 21:02:00,2026-06-08 20:46:00,2026-06-08 21:02:00,2026-06-08 21:01:00,1.0,3.0,2026-06-08 21:01:00,2026-06-08 21:08:00,,0.0,2026-06-08 20:55:00,2026-06-08 20:59:00,2026-06-08 21:04:00,2026-06-08 21:08:00,,,Тано Б. А.,AZAL,Выдача до 30 минут
2026-06-08,ДР 158 ,73Х,КРАСНОДАР(ПАШКОВСКИЙ),47,Y(А05),20:40,438,2026-06-08 20:45:00,2026-06-08 20:47:00,,2026-06-08 20:50:00,2026-06-08 20:54:00,2026-06-08 20:50:00,2026-06-08 20:54:00,2026-06-08 20:52:00,2.0,1.0,2026-06-08 21:02:00,2026-06-08 21:07:00,,0.0,2026-06-08 20:58:00,2026-06-08 21:02:00,,,,,Дубинский В. Д.,Победа,Выдача до 30 минут
2026-06-08,DV 815 ,7М8,АЛМАТЫ(АЛМАТЫ ИНТЛ.),19,Y(А13),20:44,651,2026-06-08 20:51:00,2026-06-08 21:01:00,7.0,2026-06-08 20:53:00,2026-06-08 20:57:00,2026-06-08 20:53:00,2026-06-08 20:57:00,2026-06-08 20:59:00,,,2026-06-08 21:03:00,2026-06-08 21:04:00,,0.0,2026-06-08 20:59:00,2026-06-08 21:03:00,,,,,"Гафуров О. Ф., Литвин И. С.",SCAT Airlines,Выдача до 30 минут
2026-06-08,ДР 994 ,7С8,СТАМБУЛ(СТАМБУЛ НЬЮ),44,Y(А09),20:47,849,2026-06-08 20:52:00,2026-06-08 20:55:00,,2026-06-08 20:55:00,2026-06-08 21:00:00,2026-06-08 20:55:00,2026-06-08 21:00:00,2026-06-08 21:02:00,,,2026-06-08 21:07:00,2026-06-08 21:10:00,,0.0,2026-06-08 21:02:00,2026-06-08 21:07:00,,,,,Демчук Д. П.,Победа,Выдача до 30 минут
2026-06-08,ЮТ 180 ,73Е,УХТА,13,Y(А07),20:55,305,2026-06-08 21:05:00,2026-06-08 21:08:00,,2026-06-08 21:14:00,2026-06-08 21:21:00,2026-06-08 21:14:00,2026-06-08 21:21:00,2026-06-08 21:11:00,10.0,5.0,2026-06-08 21:20:00,2026-06-08 21:21:00,,0.0,2026-06-08 21:16:00,2026-06-08 21:20:00,,,,,Скулов Е. С.,Ютэйр,Выдача до 30 минут
2026-06-08,ЮВ 204 ,ЦР2,ТОБОЛЬСК(РЕМЕЗОВ),45,Y(А05),21:02,261,2026-06-08 21:10:00,2026-06-08 21:10:00,,2026-06-08 21:12:00,2026-06-08 21:15:00,2026-06-08 21:12:00,2026-06-08 21:15:00,2026-06-08 21:16:00,,1.0,2026-06-08 21:21:00,2026-06-08 21:22:00,,0.0,2026-06-08 21:16:00,2026-06-08 21:20:00,,,,,Гаджиев Н. Т.,ЮВТ АЭРО,Выдача до 30 минут
2026-06-08,А4 7030 ,СУ9,ЕРЕВАН(ЗВАРТНОЦ ИНТЛ),27,Y(А13),21:08,514,2026-06-08 21:14:00,2026-06-08 21:16:00,,2026-06-08 21:19:00,2026-06-08 21:27:00,2026-06-08 21:19:00,2026-06-08 21:27:00,2026-06-08 21:21:00,6.0,5.0,2026-06-08 21:31:00,2026-06-08 21:32:00,,0.0,2026-06-08 21:29:00,2026-06-08 21:33:00,,,,,Гаврилов В. А.,Азимут,Выдача до 30 минут
2026-06-08,ФВ 6183 ,СУ9,САНКТ-ПЕТЕРБУРГ(ПУЛКОВО),8,Y(А04),21:16,217,2026-06-08 21:25:00,2026-06-08 21:27:00,,2026-06-08 21:28:00,2026-06-08 21:31:00,2026-06-08 21:28:00,2026-06-08 21:31:00,2026-06-08 21:30:00,1.0,2.0,2026-06-08 21:35:00,2026-06-08 21:36:00,,0.0,2026-06-08 21:35:00,2026-06-08 21:36:00,,,,,Ушаков М. В.,Россия,Выдача до 30 минут
2026-06-08,ЮТ 784 ,73Х,АНТАЛЬЯ,20,Y(А09),21:26,1696,2026-06-08 21:32:00,2026-06-08 21:33:00,,2026-06-08 21:35:00,2026-06-08 21:52:00,2026-06-08 21:35:00,2026-06-08 21:52:00,2026-06-08 21:47:00,5.0,6.0,2026-06-08 21:52:00,2026-06-08 22:01:00,,0.0,2026-06-08 21:45:00,2026-06-08 21:50:00,2026-06-08 21:55:00,2026-06-08 22:00:00,,,Музафаров А. С.,Ютэйр,Выдача до 30 минут
2026-06-08,ДР 190 ,73Х,МАХАЧКАЛА,50,Y(А08),21:34,467,2026-06-08 21:41:00,2026-06-08 21:42:00,,2026-06-08 21:43:00,2026-06-08 21:48:00,2026-06-08 21:43:00,2026-06-08 21:48:00,2026-06-08 21:48:00,,2.0,2026-06-08 21:54:00,2026-06-08 21:55:00,,0.0,2026-06-08 21:49:00,2026-06-08 21:54:00,,,,,Демчук Д. П.,Победа,Выдача до 30 минут
2026-06-08,J2 803 ,320,БАКУ(ИМ. ГЕЙДАРА АЛИЕВА),18,Y(А11),21:57,1152,2026-06-08 22:04:00,2026-06-08 22:05:00,,2026-06-08 22:08:00,2026-06-08 22:19:00,2026-06-08 22:08:00,2026-06-08 22:19:00,2026-06-08 22:16:00,3.0,3.0,2026-06-08 22:25:00,2026-06-08 22:29:00,1.0,0.0,2026-06-08 22:20:00,2026-06-08 22:24:00,,,,,Хушвактов П. З.,AZAL,Выдача до 30 минут
2026-06-08,ФВ 6185 ,СУ9,САНКТ-ПЕТЕРБУРГ(ПУЛКОВО),9,Y(А04),22:02,237,2026-06-08 22:09:00,2026-06-08 22:12:00,,2026-06-08 22:12:00,2026-06-08 22:16:00,2026-06-08 22:12:00,2026-06-08 22:16:00,2026-06-08 22:15:00,1.0,2.0,2026-06-08 22:18:00,2026-06-08 22:20:00,,0.0,2026-06-08 22:17:00,2026-06-08 22:18:00,,,,,Литвин И. С.,Россия,Выдача до 30 минут
2026-06-08,ДР 170 ,7С8,МИНЕРАЛЬНЫЕ ВОДЫ,48,Y(А05),22:07,511,-1,,,2026-06-08 22:17:00,2026-06-08 22:21:00,2026-06-08 22:17:00,2026-06-08 22:21:00,,,1.0,2026-06-08 22:28:00,2026-06-08 22:31:00,,0.0,2026-06-08 22:21:00,2026-06-08 22:29:00,,,,,Попов А. И.,Победа,Некорректно проставлены отметки
2026-06-08,DV 813 ,73Х,АСТАНА(НУРСУЛТАН НАЗАРБАЕВ),19,Y(А13),22:15,539,2026-06-08 22:20:00,2026-06-08 22:22:00,,2026-06-08 22:24:00,2026-06-08 22:27:00,2026-06-08 22:24:00,2026-06-08 22:27:00,2026-06-08 22:28:00,,,2026-06-08 22:35:00,2026-06-08 22:37:00,,0.0,2026-06-08 22:29:00,2026-06-08 22:38:00,,,,,Потапов Е. А.,SCAT Airlines,Выдача до 30 минут
2026-06-08,PC 1580 ,32Н,АНТАЛЬЯ,21,Y(А10),22:21,2316,2026-06-08 22:28:00,2026-06-08 22:34:00,3.0,2026-06-08 22:32:00,2026-06-08 22:51:00,2026-06-08 22:32:00,2026-06-08 22:51:00,2026-06-08 22:47:00,4.0,4.0,2026-06-08 22:46:00,2026-06-08 23:01:00,,3.0,2026-06-08 22:41:00,2026-06-08 22:45:00,2026-06-08 22:53:00,2026-06-08 22:58:00,,,Гаврилов В. А.,Pegasus,Выдача от 30 до 40 минут
2026-06-08,4S 311 ,7С8,ШАРМ ЭЛЬ ШЕЙХ(ШАРМ ЭЛЬ ШЕЙХ ИНТЛ.),29,Y(А09),22:24,2247,2026-06-08 22:34:00,2026-06-08 22:38:00,1.0,2026-06-08 22:38:00,2026-06-08 22:55:00,2026-06-08 22:38:00,2026-06-08 22:55:00,2026-06-08 22:53:00,2.0,2.0,2026-06-08 22:48:00,2026-06-08 23:00:00,,0.0,2026-06-08 22:45:00,2026-06-08 22:48:00,2026-06-08 22:56:00,2026-06-08 23:00:00,,,Каламбеков У. О.,Red Sea,Выдача до 30 минут
2026-06-08,А4 7036 ,СУ9,ПСКОВ(КРЕСТЫ),45,Y(А07),22:29,249,2026-06-08 22:36:00,2026-06-08 22:38:00,,2026-06-08 22:41:00,2026-06-08 22:43:00,2026-06-08 22:41:00,2026-06-08 22:43:00,2026-06-08 22:42:00,1.0,,2026-06-08 22:48:00,2026-06-08 22:50:00,,0.0,2026-06-08 22:43:00,2026-06-08 22:48:00,,,,,Попов А. И.,Азимут,Выдача до 30 минут
2026-06-08,ДР 210 ,73Х,САНКТ-ПЕТЕРБУРГ(ПУЛКОВО),50,Y(А04),22:37,196,2026-06-08 22:41:00,2026-06-08 22:41:00,,2026-06-08 22:45:00,2026-06-08 22:47:00,2026-06-08 22:45:00,2026-06-08 22:47:00,2026-06-08 22:46:00,1.0,1.0,2026-06-08 22:53:00,2026-06-08 22:55:00,,0.0,2026-06-08 22:48:00,2026-06-08 22:52:00,,,,,Галушко В.,Победа,Выдача до 30 минут
2026-06-08,TK 411 ,333,СТАМБУЛ(СТАМБУЛ НЬЮ),22,Y(А10),22:49,4105,2026-06-08 22:58:00,2026-06-08 23:01:00,,2026-06-08 23:01:00,2026-06-08 23:12:00,2026-06-08 23:01:00,2026-06-08 23:12:00,2026-06-08 23:29:00,,,2026-06-08 23:15:00,2026-06-08 23:26:00,,0.0,2026-06-08 23:12:00,2026-06-08 23:19:00,2026-06-08 23:15:00,2026-06-08 23:20:00,,,Скулов Е. С.,Turkish Airlines,Выдача до 30 минут
2026-06-08,ДР 968 ,73Х,МИНСК(МИНСК ИНТЛ.),44,Y(А13),22:59,611,2026-06-08 23:05:00,2026-06-08 23:09:00,1.0,2026-06-08 23:08:00,2026-06-08 23:14:00,2026-06-08 23:08:00,2026-06-08 23:14:00,2026-06-08 23:13:00,1.0,2.0,2026-06-08 23:22:00,2026-06-08 23:24:00,,0.0,2026-06-08 23:16:00,2026-06-08 23:22:00,,,,,Дубинский В. Д.,Победа,Выдача до 30 минут
2026-06-08,ХИ 605 ,320,САМАРКАНД(САМАРКАНД ИНТЛ.),26,Y(А12),23:03,1232,2026-06-08 23:12:00,2026-06-08 23:13:00,,2026-06-08 23:15:00,2026-06-08 23:22:00,2026-06-08 23:15:00,2026-06-08 23:22:00,2026-06-08 23:24:00,,,2026-06-08 23:25:00,2026-06-08 23:28:00,,0.0,2026-06-08 23:20:00,2026-06-08 23:25:00,2026-06-08 23:23:00,2026-06-08 23:27:00,,,Андреев А. М.,UZBEKISTAN AIRWAYS,Выдача до 30 минут
2026-06-08,ДР 116 ,7С8,СОЧИ,46,Y(А05),23:20,575,2026-06-08 23:25:00,2026-06-08 23:28:00,,2026-06-08 23:27:00,2026-06-08 23:30:00,2026-06-08 23:27:00,2026-06-08 23:30:00,2026-06-08 23:33:00,,,2026-06-08 23:36:00,2026-06-08 23:38:00,,0.0,2026-06-08 23:31:00,2026-06-08 23:36:00,,,,,Ушаков М. В.,Победа,Выдача до 30 минут
2026-06-08,ДР 422 ,73Х,САМАРА(КУРУМОЧ),47,Y(А07),23:34,214,2026-06-08 23:40:00,2026-06-08 23:40:00,,2026-06-08 23:43:00,2026-06-08 23:45:00,2026-06-08 23:43:00,2026-06-08 23:45:00,2026-06-08 23:45:00,,1.0,2026-06-08 23:52:00,2026-06-08 23:53:00,,0.0,2026-06-08 23:47:00,2026-06-08 23:54:00,,,,,Гаджиев Н. Т.,Победа,Выдача до 30 минут
2026-06-08,TK 211 ,321,АНТАЛЬЯ,30,Y(А11),23:40,1635,2026-06-08 23:49:00,2026-06-08 23:51:00,,2026-06-08 23:52:00,2026-06-08 23:58:00,2026-06-08 23:52:00,2026-06-08 23:58:00,2026-06-09 00:04:00,,,2026-06-09 00:02:00,2026-06-09 00:06:00,,0.0,2026-06-09 00:11:00,2026-06-09 00:14:00,,,,,Демчук Д. П.,Turkish Airlines,Выдача до 30 минут
2026-06-08,ДР 168 ,73Х,МИНЕРАЛЬНЫЕ ВОДЫ,49,Y(А08),23:43,494,2026-06-08 23:51:00,2026-06-08 23:53:00,,2026-06-08 23:53:00,2026-06-08 23:56:00,2026-06-08 23:53:00,2026-06-08 23:56:00,2026-06-08 23:58:00,,,2026-06-09 00:04:00,2026-06-09 00:06:00,,0.0,2026-06-08 23:58:00,2026-06-09 00:04:00,,,,,Хушвактов П. З.,Победа,Выдача до 30 минут
2026-06-08,ДР 264 ,73Х,КАЛИНИНГРАД(ХРАБРОВО),50,Y(А05),23:48,351,2026-06-08 23:55:00,2026-06-08 23:55:00,,2026-06-08 23:57:00,2026-06-09 00:00:00,2026-06-08 23:57:00,2026-06-09 00:00:00,2026-06-09 00:01:00,,1.0,2026-06-09 00:08:00,2026-06-09 00:10:00,,0.0,2026-06-09 00:03:00,2026-06-09 00:07:00,,,,,Андреев А. М.,Победа,Выдача до 30 минут
2026-06-08,ЮТ 1376 ,73Е,СЫКТЫВКАР,14,Y(А04),23:52,326,2026-06-09 00:01:00,2026-06-09 00:04:00,,2026-06-09 00:02:00,2026-06-09 00:06:00,2026-06-09 00:02:00,2026-06-09 00:06:00,2026-06-09 00:07:00,,2.0,2026-06-09 00:12:00,2026-06-09 00:14:00,,0.0,2026-06-09 00:07:00,2026-06-09 00:13:00,,,,,Галушко В.,Ютэйр,Выдача до 30 минут
2026-06-08,TK 409 ,321,СТАМБУЛ(СТАМБУЛ НЬЮ),24,Y(А10),23:59,2335,2026-06-09 00:08:00,2026-06-09 00:10:00,,2026-06-09 00:20:00,2026-06-09 00:30:00,2026-06-09 00:20:00,2026-06-09 00:30:00,2026-06-09 00:28:00,2.0,,2026-06-09 00:21:00,2026-06-09 00:28:00,,0.0,2026-06-09 00:10:00,2026-06-09 00:43:00,,,,,Рябчевский В. О.,Turkish Airlines,Выдача до 30 минут
2026-06-09,PC 1576 ,32Щ,АНТАЛЬЯ,36,Y(А09),00:02,2707,2026-06-09 00:13:00,2026-06-09 00:18:00,2.0,2026-06-09 00:13:00,2026-06-09 00:33:00,2026-06-09 00:13:00,2026-06-09 00:33:00,2026-06-09 00:35:00,,2.0,2026-06-09 00:25:00,2026-06-09 00:42:00,,0.0,2026-06-09 00:21:00,2026-06-09 00:25:00,2026-06-09 00:29:00,2026-06-09 00:42:00,,,Литвин И. С.,Pegasus,Выдача до 30 минут
2026-06-09,TK 3060 ,32Б,АНТАЛЬЯ,25,Y(А13),00:04,2317,2026-06-09 00:19:00,2026-06-09 00:20:00,,2026-06-09 00:22:00,2026-06-09 00:30:00,2026-06-09 00:22:00,2026-06-09 00:30:00,2026-06-09 00:38:00,,,2026-06-09 00:37:00,2026-06-09 00:45:00,,0.0,2026-06-09 00:24:00,2026-06-09 00:43:00,,,,,Шарипов Д. А.,Turkish Airlines,Выдача до 30 минут
2026-06-09,TK 217 ,32Б,АНТАЛЬЯ,18,Y(А11),00:07,1392,2026-06-09 00:14:00,2026-06-09 00:19:00,2.0,2026-06-09 00:16:00,2026-06-09 00:26:00,2026-06-09 00:16:00,2026-06-09 00:26:00,2026-06-09 00:27:00,,1.0,2026-06-09 00:31:00,2026-06-09 00:38:00,,0.0,2026-06-09 00:25:00,2026-06-09 00:33:00,,,,,Дубинский В. Д.,Turkish Airlines,Выдача до 30 минут
2026-06-09,FZ 987 ,7М8,ДУБАЙ(ДУБАЙ ИНТЛ.),29,Y(А11),00:11,1557,2026-06-09 00:20:00,2026-06-09 00:22:00,,2026-06-09 00:21:00,2026-06-09 00:29:00,2026-06-09 00:27:00,2026-06-09 00:29:00,2026-06-09 00:34:00,,,2026-06-09 00:32:00,2026-06-09 00:44:00,,0.0,2026-06-09 00:25:00,2026-06-09 00:29:00,2026-06-09 00:30:00,2026-06-09 00:37:00,,,"Гаврилов В. А., Гафуров О. Ф.",flydubai,Выдача до 30 минут
2026-06-09,ФВ 6189 ,СУ9,САНКТ-ПЕТЕРБУРГ(ПУЛКОВО),8,Y(А04),00:16,175,2026-06-09 00:26:00,2026-06-09 00:31:00,2.0,2026-06-09 00:27:00,2026-06-09 00:29:00,2026-06-09 00:27:00,2026-06-09 00:29:00,2026-06-09 00:31:00,,1.0,2026-06-09 00:33:00,2026-06-09 00:34:00,,0.0,2026-06-09 00:30:00,2026-06-09 00:37:00,,,,,Каламбеков У. О.,Россия,Выдача до 30 минут
2026-06-09,TK 3002 ,321,АНТАЛЬЯ,20,Y(А10),00:19,2929,2026-06-09 00:26:00,2026-06-09 00:27:00,,2026-06-09 00:28:00,2026-06-09 00:43:00,2026-06-09 00:28:00,2026-06-09 00:43:00,2026-06-09 00:50:00,,,2026-06-09 00:45:00,2026-06-09 00:50:00,,0.0,2026-06-09 00:23:00,2026-06-09 00:45:00,2026-06-09 00:34:00,2026-06-09 00:54:00,,,Гаджиев Н. Т.,Turkish Airlines,Выдача до 30 минут
2026-06-09,TK 3178 ,321,ДАЛАМАН,19,Y(А12),00:23,1969,2026-06-09 00:29:00,2026-06-09 00:30:00,,2026-06-09 00:34:00,2026-06-09 00:44:00,2026-06-09 00:34:00,2026-06-09 00:44:00,2026-06-09 00:46:00,,,2026-06-09 00:48:00,2026-06-09 00:51:00,,0.0,2026-06-09 00:23:00,2026-06-09 00:59:00,,,,,Федоров Н. В.,Turkish Airlines,Выдача до 30 минут
2026-06-09,TK 3014 ,321,АНТАЛЬЯ,21,Y(А10),00:25,2793,2026-06-09 00:31:00,2026-06-09 00:35:00,1.0,2026-06-09 00:37:00,2026-06-09 00:51:00,2026-06-09 00:37:00,2026-06-09 00:51:00,2026-06-09 00:54:00,,,2026-06-09 00:56:00,2026-06-09 00:58:00,5.0,0.0,2026-06-09 00:36:00,2026-06-09 00:55:00,2026-06-09 00:35:00,2026-06-09 01:02:00,,,Попов А. И.,Turkish Airlines,Выдача до 30 минут
2026-06-09,ДР 208 ,73Х,САНКТ-ПЕТЕРБУРГ(ПУЛКОВО),44,Y(А07),00:28,140,2026-06-09 00:35:00,2026-06-09 00:38:00,,2026-06-09 00:37:00,2026-06-09 00:39:00,2026-06-09 00:37:00,2026-06-09 00:39:00,2026-06-09 00:40:00,,1.0,2026-06-09 00:46:00,2026-06-09 00:47:00,,0.0,2026-06-09 00:41:00,2026-06-09 00:47:00,,,,,Ушаков М. В.,Победа,Выдача до 30 минут
2026-06-09,TK 3084 ,321,ДАЛАМАН,27,Y(А13),00:31,857,2026-06-09 00:42:00,2026-06-09 00:46:00,1.0,2026-06-09 00:47:00,2026-06-09 00:51:00,2026-06-09 00:47:00,2026-06-09 00:51:00,2026-06-09 00:52:00,,,2026-06-09 01:00:00,2026-06-09 01:05:00,,0.0,2026-06-09 00:41:00,2026-06-09 01:01:00,,,,,Потапов Е. А.,Turkish Airlines,Выдача до 30 минут
2026-06-09,J2 809 ,320,БАКУ(ИМ. ГЕЙДАРА АЛИЕВА),31,Y(А12),00:34,1110,2026-06-09 00:45:00,2026-06-09 00:47:00,,2026-06-09 00:49:00,2026-06-09 00:57:00,2026-06-09 00:49:00,2026-06-09 00:57:00,2026-06-09 00:56:00,1.0,1.0,2026-06-09 01:04:00,2026-06-09 01:08:00,,0.0,2026-06-09 00:57:00,2026-06-09 01:02:00,,,,,Музафаров А. С.,AZAL,Выдача до 30 минут
2026-06-09,PC 1521 ,320,ИЗМИР(АДНАН МЕНДЕРЕС),37,Y(А12),00:37,1858,2026-06-09 00:49:00,2026-06-09 00:53:00,1.0,2026-06-09 00:53:00,2026-06-09 01:09:00,2026-06-09 00:53:00,2026-06-09 01:09:00,2026-06-09 01:05:00,4.0,4.0,2026-06-09 01:08:00,2026-06-09 01:20:00,,1.0,2026-06-09 00:58:00,2026-06-09 01:06:00,2026-06-09 00:52:00,2026-06-09 01:22:00,,,Андреев А. М.,Pegasus,Выдача от 30 до 40 минут
2026-06-09,ЮТ 802 ,73Х,ДУШАНБЕ(ДУШАНБЕ ИНТЛ.),16,Y(А09),00:40,2407,-1,,,2026-06-09 00:51:00,2026-06-09 01:13:00,2026-06-09 00:51:00,2026-06-09 01:13:00,,,6.0,2026-06-09 01:06:00,2026-06-09 01:21:00,,0.0,2026-06-09 00:57:00,2026-06-09 01:04:00,2026-06-09 01:07:00,2026-06-09 01:23:00,,,Галушко В.,Ютэйр,Некорректно проставлены отметки
2026-06-09,TK 421 ,333,СТАМБУЛ(СТАМБУЛ НЬЮ),22,Y(А10),00:45,3137,2026-06-09 00:55:00,2026-06-09 00:58:00,,2026-06-09 00:58:00,2026-06-09 01:08:00,2026-06-09 00:58:00,2026-06-09 01:08:00,2026-06-09 01:20:00,,,2026-06-09 01:12:00,2026-06-09 01:24:00,,0.0,2026-06-09 01:02:00,2026-06-09 01:27:00,2026-06-09 01:04:00,2026-06-09 01:23:00,,,Скулов Е. С.,Turkish Airlines,Выдача до 30 минут
2026-06-09,VF 275 ,73Х,СТАМБУЛ(САБИХА ГОКЦЕН),37A,Y(А10),00:48,1633,2026-06-09 01:00:00,2026-06-09 01:02:00,,2026-06-09 01:03:00,2026-06-09 01:16:00,2026-06-09 01:03:00,2026-06-09 01:16:00,2026-06-09 01:15:00,1.0,2.0,2026-06-09 01:22:00,2026-06-09 01:28:00,,0.0,2026-06-09 00:57:00,2026-06-09 01:17:00,2026-06-09 01:21:00,2026-06-09 01:29:00,,,Хушвактов П. З.,AJET,Выдача до 30 минут
2026-06-09,ДР 476 ,73Х,САРАТОВ(ГАГАРИН),49,Y(А05),00:51,314,2026-06-09 01:01:00,2026-06-09 01:01:00,,2026-06-09 00:59:00,2026-06-09 01:01:00,2026-06-09 00:59:00,2026-06-09 01:01:00,2026-06-09 01:07:00,,,2026-06-09 01:07:00,2026-06-09 01:09:00,,0.0,2026-06-09 01:02:00,2026-06-09 01:08:00,,,,,Дубинский В. Д.,Победа,Выдача до 30 минут
2026-06-09,TK 3036 ,321,АНТАЛЬЯ,23,Y(А11),00:53,3022,2026-06-09 01:00:00,2026-06-09 01:04:00,1.0,2026-06-09 01:04:00,2026-06-09 01:19:00,2026-06-09 01:04:00,2026-06-09 01:19:00,2026-06-09 01:24:00,,,2026-06-09 01:21:00,2026-06-09 01:27:00,1.0,0.0,2026-06-09 01:00:00,2026-06-09 01:24:00,2026-06-09 01:06:00,2026-06-09 01:32:00,,,Каламбеков У. О.,Turkish Airlines,Выдача до 30 минут
2026-06-09,3F 323 ,320,ЕРЕВАН(ЗВАРТНОЦ ИНТЛ),26,Y(А13),01:13,681,2026-06-09 01:24:00,2026-06-09 01:58:00,31.0,2026-06-09 02:17:00,2026-06-09 02:21:00,2026-06-09 02:17:00,2026-06-09 02:21:00,2026-06-09 01:33:00,48.0,,2026-06-09 02:26:00,2026-06-09 02:28:00,42.0,34.0,2026-06-09 02:23:00,2026-06-09 02:27:00,,,,,Тано Б. А.,FLYONE Armenia,Выдача более 40 минут
2026-06-09,ДР 198 ,7С8,ВЛАДИКАВКАЗ(БЕСЛАН),62,Y(А07),01:16,550,2026-06-09 01:22:00,2026-06-09 01:22:00,,2026-06-09 01:28:00,2026-06-09 01:31:00,2026-06-09 01:28:00,2026-06-09 01:31:00,2026-06-09 01:30:00,1.0,,2026-06-09 01:39:00,2026-06-09 01:41:00,,0.0,2026-06-09 01:33:00,2026-06-09 01:40:00,,,,,Демчук Д. П.,Победа,Выдача до 30 минут
2026-06-09,TK 3154 ,321,БОДРУМ(МИЛАС),24,Y(А10),01:19,2029,2026-06-09 01:31:00,2026-06-09 01:34:00,,2026-06-09 01:35:00,2026-06-09 01:40:00,2026-06-09 01:35:00,2026-06-09 01:40:00,2026-06-09 01:49:00,,,2026-06-09 01:42:00,2026-06-09 01:51:00,,0.0,2026-06-09 01:27:00,2026-06-09 01:53:00,,,,,Рябчевский В. О.,Turkish Airlines,Выдача до 30 минут
2026-06-09,ДР 486 ,73Х,УЛЬЯНОВСК(БАРАТАЕВКА),46,Y(А04),01:25,148,-1,,,2026-06-09 01:32:00,2026-06-09 01:33:00,2026-06-09 01:32:00,2026-06-09 01:33:00,,,,2026-06-09 01:41:00,2026-06-09 01:42:00,,0.0,2026-06-09 01:35:00,2026-06-09 01:43:00,,,,,Галушко В.,Победа,Некорректно проставлены отметки
2026-06-09,ЮТ 358 ,734,САМАРА(КУРУМОЧ),15,Y(А05),01:27,393,2026-06-09 01:35:00,2026-06-09 01:37:00,,2026-06-09 01:40:00,2026-06-09 01:42:00,2026-06-09 01:40:00,2026-06-09 01:42:00,2026-06-09 01:42:00,,,2026-06-09 01:48:00,2026-06-09 01:52:00,,0.0,2026-06-09 01:44:00,2026-06-09 01:47:00,,,,,Литвин И. С.,Ютэйр,Выдача до 30 минут
2026-06-09,ЖГ 932 ,73Й,ТБИЛИСИ(ТБИЛИСИ ИНТЛ.),30,Y(А09),01:39,1750,2026-06-09 01:49:00,2026-06-09 01:50:00,,2026-06-09 01:59:00,2026-06-09 02:06:00,2026-06-09 01:59:00,2026-06-09 02:06:00,2026-06-09 02:05:00,1.0,,2026-06-09 02:07:00,2026-06-09 02:11:00,,0.0,2026-06-09 02:04:00,2026-06-09 02:07:00,2026-06-09 02:08:00,2026-06-09 02:11:00,,,Андреев А. М.,GEORGIAN AIRWAYS,Выдача до 30 минут
2026-06-09,NE 642 ,320,ШАРМ ЭЛЬ ШЕЙХ(ШАРМ ЭЛЬ ШЕЙХ ИНТЛ.),25,Y(А10),02:16,1562,2026-06-09 02:25:00,2026-06-09 02:34:00,6.0,2026-06-09 02:29:00,2026-06-09 02:41:00,2026-06-09 02:29:00,2026-06-09 02:41:00,2026-06-09 02:39:00,2.0,2.0,2026-06-09 02:42:00,2026-06-09 02:46:00,,0.0,2026-06-09 02:38:00,2026-06-09 02:42:00,2026-06-09 02:43:00,2026-06-09 02:47:00,,,Потапов Е. А.,Nesma Airlines,Выдача до 30 минут
2026-06-09,PC 386 ,32Щ,СТАМБУЛ(САБИХА ГОКЦЕН),20,Y(А09),02:34,4994,2026-06-09 02:41:00,2026-06-09 02:48:00,4.0,2026-06-09 02:46:00,2026-06-09 03:10:00,2026-06-09 02:46:00,2026-06-09 03:10:00,2026-06-09 03:18:00,,,2026-06-09 02:57:00,2026-06-09 03:19:00,,8.0,,,2026-06-09 03:14:00,2026-06-09 03:19:00,2026-06-09 02:53:00,2026-06-09 02:58:00,"Гаврилов В. А., Музафаров А. С.",Pegasus,Выдача от 30 до 40 минут
2026-06-09,VF 587 ,73Х,АНКАРА(ЕСЕНБОГА),22,Y(А09),03:53,2015,2026-06-09 03:59:00,2026-06-09 04:01:00,,2026-06-09 04:02:00,2026-06-09 04:18:00,2026-06-09 04:02:00,2026-06-09 04:18:00,2026-06-09 04:16:00,2.0,3.0,2026-06-09 04:11:00,2026-06-09 04:26:00,,0.0,2026-06-09 04:08:00,2026-06-09 04:11:00,2026-06-09 04:22:00,2026-06-09 04:25:00,,,Хушвактов П. З.,AJET,Выдача до 30 минут
2026-06-09,PC 1456 ,32Щ,БОДРУМ(МИЛАС),21,Y(А10),04:01,1997,2026-06-09 04:06:00,2026-06-09 04:11:00,2.0,2026-06-09 04:12:00,2026-06-09 04:26:00,2026-06-09 04:12:00,2026-06-09 04:26:00,2026-06-09 04:23:00,3.0,1.0,2026-06-09 04:23:00,2026-06-09 04:34:00,,0.0,2026-06-09 04:17:00,2026-06-09 04:23:00,2026-06-09 04:28:00,2026-06-09 04:35:00,,,Дубинский В. Д.,Pegasus,Выдача до 30 минут
2026-06-09,VF 277 ,73Х,СТАМБУЛ(САБИХА ГОКЦЕН),25,Y(А11),04:33,1356,2026-06-09 04:42:00,2026-06-09 04:44:00,,2026-06-09 04:45:00,2026-06-09 04:58:00,2026-06-09 04:45:00,2026-06-09 04:58:00,2026-06-09 04:55:00,3.0,4.0,2026-06-09 04:56:00,2026-06-09 05:05:00,,0.0,2026-06-09 04:51:00,2026-06-09 04:55:00,2026-06-09 04:59:00,2026-06-09 05:06:00,,,"Каламбеков У. О., Тано Б. А.",AJET,Выдача до 30 минут
2026-06-09,NE 602 ,320,ХУРГАДА(ХУРГАДА ИНТЛ.),19,Y(А10),04:43,1676,2026-06-09 04:50:00,2026-06-09 04:51:00,,2026-06-09 04:55:00,2026-06-09 05:11:00,2026-06-09 04:55:00,2026-06-09 05:11:00,2026-06-09 05:05:00,6.0,5.0,2026-06-09 05:11:00,2026-06-09 05:19:00,1.0,0.0,2026-06-09 05:06:00,2026-06-09 05:09:00,2026-06-09 05:13:00,2026-06-09 05:17:00,,,Федоров Н. В.,Nesma Airlines,Выдача до 30 минут
2026-06-09,AZO 7008B,СУ9,ТБИЛИСИ(ТБИЛИСИ ИНТЛ.),28,Y(А12),04:46,768,2026-06-09 04:52:00,2026-06-09 04:54:00,,2026-06-09 04:57:00,2026-06-09 05:03:00,2026-06-09 04:57:00,2026-06-09 05:03:00,2026-06-09 05:01:00,2.0,1.0,2026-06-09 05:07:00,2026-06-09 05:10:00,,0.0,2026-06-09 05:04:00,2026-06-09 05:07:00,,,,,Потапов Е. А.,GEORGIAN AIRWAYS,Выдача до 30 минут
2026-06-09,PC 390 ,32Щ,СТАМБУЛ(САБИХА ГОКЦЕН),20,Y(А09),04:51,2300,2026-06-09 04:57:00,2026-06-09 05:02:00,2.0,2026-06-09 05:01:00,2026-06-09 05:25:00,2026-06-09 05:01:00,2026-06-09 05:25:00,2026-06-09 05:16:00,9.0,9.0,2026-06-09 05:13:00,2026-06-09 05:32:00,,5.0,2026-06-09 05:09:00,2026-06-09 05:13:00,2026-06-09 05:26:00,2026-06-09 05:30:00,,,Андреев А. М.,Pegasus,Выдача от 30 до 40 минут
2026-06-09,ЮТ 786 ,73Х,ЕРЕВАН(ЗВАРТНОЦ ИНТЛ),27,Y(А13),05:09,1297,2026-06-09 05:16:00,2026-06-09 05:17:00,,2026-06-09 05:18:00,2026-06-09 06:06:00,2026-06-09 05:18:00,2026-06-09 06:06:00,2026-06-09 05:29:00,37.0,39.0,2026-06-09 05:30:00,2026-06-09 06:01:00,,15.0,2026-06-09 05:52:00,2026-06-09 06:12:00,2026-06-09 05:26:00,2026-06-09 05:30:00,,,Хушвактов П. З.,Ютэйр,Выдача более 40 минут
2026-06-09,AZO 7072 ,СУ9,КУТАИСИ(КУТАИСИ ИНТЛ.),57,Y(А11),05:20,426,-1,,,2026-06-09 05:33:00,2026-06-09 05:37:00,2026-06-09 05:33:00,2026-06-09 05:37:00,,,1.0,2026-06-09 05:50:00,2026-06-09 05:51:00,,0.0,2026-06-09 05:42:00,2026-06-09 05:50:00,,,,,Гаврилов В. А.,GEORGIAN AIRWAYS,Некорректно проставлены отметки
2026-06-09,ДР 408 ,73Х,ЕКАТЕРИНБУРГ(КОЛЬЦОВО),58,Y(А05),05:24,386,2026-06-09 05:34:00,2026-06-09 05:38:00,1.0,2026-06-09 05:36:00,2026-06-09 05:40:00,2026-06-09 05:36:00,2026-06-09 05:40:00,2026-06-09 05:41:00,,1.0,2026-06-09 05:47:00,2026-06-09 05:53:00,,0.0,2026-06-09 05:41:00,2026-06-09 05:46:00,,,,,Тано Б. А.,Победа,Выдача до 30 минут
2026-06-09,TK 419 ,32Б,СТАМБУЛ(СТАМБУЛ НЬЮ),23,Y(А10),05:31,2997,2026-06-09 05:43:00,2026-06-09 05:46:00,,2026-06-09 05:47:00,2026-06-09 06:03:00,2026-06-09 05:47:00,2026-06-09 06:03:00,2026-06-09 06:07:00,,,2026-06-09 06:03:00,2026-06-09 06:09:00,,0.0,2026-06-09 05:49:00,2026-06-09 06:03:00,2026-06-09 05:47:00,2026-06-09 06:13:00,,,Демчук Д. П.,Turkish Airlines,Выдача до 30 минут
2026-06-09,4S 315 ,73Х,ШАРМ ЭЛЬ ШЕЙХ(ШАРМ ЭЛЬ ШЕЙХ ИНТЛ.),29,Y(А09),05:35,2161,2026-06-09 05:46:00,2026-06-09 05:49:00,,2026-06-09 05:49:00,2026-06-09 06:07:00,2026-06-09 05:49:00,2026-06-09 06:07:00,2026-06-09 06:04:00,3.0,4.0,2026-06-09 05:58:00,2026-06-09 06:20:00,,4.0,2026-06-09 05:56:00,2026-06-09 05:58:00,2026-06-09 06:02:00,2026-06-09 06:19:00,,,Рябчевский В. О.,Red Sea,Выдача от 30 до 40 минут
2026-06-09,NE 604 ,320,ХУРГАДА(ХУРГАДА ИНТЛ.),24,Y(А12),05:37,1798,2026-06-09 05:45:00,2026-06-09 05:53:00,5.0,2026-06-09 05:55:00,2026-06-09 06:08:00,2026-06-09 05:55:00,2026-06-09 06:08:00,2026-06-09 06:01:00,7.0,1.0,2026-06-09 06:05:00,2026-06-09 06:21:00,,6.0,2026-06-09 06:00:00,2026-06-09 06:04:00,2026-06-09 06:00:00,2026-06-09 06:15:00,,,Потапов Е. А.,Nesma Airlines,Выдача от 30 до 40 минут
2026-06-09,ДР 730 ,73Х,ФЕРГАНА(ФЕРГАНА ИНТЛ.),42,Y(А11),05:55,480,2026-06-09 06:08:00,2026-06-09 06:11:00,,2026-06-09 06:12:00,2026-06-09 06:17:00,2026-06-09 06:12:00,2026-06-09 06:17:00,2026-06-09 06:15:00,2.0,2.0,2026-06-09 06:25:00,2026-06-09 06:27:00,,0.0,2026-06-09 06:20:00,2026-06-09 06:24:00,,,,,Попов А. И.,Победа,Выдача до 30 минут
2026-06-09,ДР 436 ,7С8,УФА,61,Y(А04),05:59,202,2026-06-09 06:10:00,2026-06-09 06:13:00,,2026-06-09 06:13:00,2026-06-09 06:14:00,2026-06-09 06:13:00,2026-06-09 06:14:00,2026-06-09 06:15:00,,,2026-06-09 06:41:00,2026-06-09 06:42:00,1.0,2.0,2026-06-09 06:15:00,2026-06-09 06:21:00,,,,,Гаврилов В. А.,Победа,Выдача от 30 до 40 минут
2026-06-09,ДР 414 ,73Х,ЧЕЛЯБИНСК(БАЛАНДИНО),51,Y(А08),06:02,397,2026-06-09 06:15:00,2026-06-09 06:18:00,,2026-06-09 06:19:00,2026-06-09 06:24:00,2026-06-09 06:19:00,2026-06-09 06:24:00,2026-06-09 06:22:00,2.0,2.0,2026-06-09 06:29:00,2026-06-09 06:32:00,,0.0,2026-06-09 06:26:00,2026-06-09 06:29:00,,,,,Тано Б. А.,Победа,Выдача до 30 минут
2026-06-09,ДР 438 ,73Х,УФА,50,Y(А07),06:05,276,2026-06-09 06:13:00,2026-06-09 06:15:00,,2026-06-09 06:16:00,2026-06-09 06:21:00,2026-06-09 06:16:00,2026-06-09 06:21:00,2026-06-09 06:19:00,2.0,3.0,2026-06-09 06:27:00,2026-06-09 06:28:00,,0.0,2026-06-09 06:21:00,2026-06-09 06:38:00,,,,,Музафаров А. С.,Победа,Выдача до 30 минут
2026-06-09,ДР 434 ,73Х,ПЕРМЬ(БОЛЬШОЕ САВИНО),43,Y(А05),06:07,355,2026-06-09 06:18:00,2026-06-09 06:25:00,4.0,2026-06-09 06:24:00,2026-06-09 06:27:00,2026-06-09 06:24:00,2026-06-09 06:27:00,2026-06-09 06:24:00,3.0,1.0,2026-06-09 06:35:00,2026-06-09 06:41:00,,0.0,2026-06-09 06:29:00,2026-06-09 06:35:00,,,,,Гаврилов В. А.,Победа,Выдача до 30 минут
2026-06-09,NE 620 ,320,ХУРГАДА(ХУРГАДА ИНТЛ.),26,Y(А09),06:09,1248,2026-06-09 06:22:00,2026-06-09 06:24:00,,2026-06-09 06:25:00,2026-06-09 06:34:00,2026-06-09 06:25:00,2026-06-09 06:34:00,2026-06-09 06:34:00,,1.0,2026-06-09 06:34:00,2026-06-09 06:42:00,,0.0,2026-06-09 06:31:00,2026-06-09 06:35:00,2026-06-09 06:37:00,2026-06-09 06:40:00,,,Каламбеков У. О.,Nesma Airlines,Выдача до 30 минут
2026-06-09,TK 407 ,333,СТАМБУЛ(СТАМБУЛ НЬЮ),22,Y(А10),06:13,4275,2026-06-09 06:30:00,2026-06-09 06:43:00,10.0,2026-06-09 06:32:00,2026-06-09 06:50:00,2026-06-09 06:32:00,2026-06-09 06:50:00,2026-06-09 07:03:00,,,2026-06-09 06:46:00,2026-06-09 06:57:00,,0.0,2026-06-09 06:32:00,2026-06-09 06:56:00,2026-06-09 06:47:00,2026-06-09 06:52:00,,,Давлатов Б. Ч.,Turkish Airlines,Выдача до 30 минут
2026-06-09,PC 1458 ,32Щ,ДАЛАМАН,21,Y(А13),06:16,1524,2026-06-09 06:27:00,2026-06-09 06:33:00,3.0,2026-06-09 06:33:00,2026-06-09 06:42:00,2026-06-09 06:33:00,2026-06-09 06:42:00,2026-06-09 06:41:00,1.0,,2026-06-09 06:44:00,2026-06-09 06:49:00,,0.0,2026-06-09 06:38:00,2026-06-09 06:43:00,2026-06-09 06:45:00,2026-06-09 06:49:00,,,Музафаров А. С.,Pegasus,Выдача до 30 минут
2026-06-09,ДР 742 ,7С8,ТАШКЕНТ(ТАШКЕНТ ИНТЛ.),49,Y(А11),06:29,260,2026-06-09 06:40:00,2026-06-09 06:43:00,,2026-06-09 06:43:00,2026-06-09 06:46:00,2026-06-09 06:43:00,2026-06-09 06:46:00,2026-06-09 06:46:00,,1.0,2026-06-09 06:55:00,2026-06-09 06:56:00,,0.0,2026-06-09 06:48:00,2026-06-09 06:54:00,,,,,Дубинский В. Д.,Победа,Выдача до 30 минут
2026-06-09,ХИ 9607 ,32Н,БУХАРА(БУХАРА ИНТЛ.),25,Y(А09),07:08,1601,2026-06-09 07:20:00,2026-06-09 07:20:00,,2026-06-09 07:23:00,2026-06-09 07:36:00,2026-06-09 07:23:00,2026-06-09 07:36:00,2026-06-09 07:35:00,1.0,2.0,2026-06-09 07:32:00,2026-06-09 07:39:00,,0.0,2026-06-09 07:30:00,2026-06-09 07:32:00,2026-06-09 07:37:00,2026-06-09 07:40:00,,,Саидов А. С.,UZBEKISTAN AIRWAYS,Выдача до 30 минут
2026-06-09,ФВ 6019 ,СУ9,САНКТ-ПЕТЕРБУРГ(ПУЛКОВО),8,Y(А04),07:12,61,2026-06-09 07:23:00,2026-06-09 07:25:00,,2026-06-09 07:24:00,2026-06-09 07:26:00,2026-06-09 07:24:00,2026-06-09 07:26:00,2026-06-09 07:27:00,,2.0,2026-06-09 07:28:00,2026-06-09 07:29:00,,0.0,2026-06-09 07:25:00,2026-06-09 07:28:00,,,,,Екимов С. С.,Россия,Выдача до 30 минут
2026-06-09,ХИ 9615 ,32Н,УРГЕНЧ(УРГЕНЧ ИНТЛ.),23,Y(А10),07:16,1728,2026-06-09 07:35:00,2026-06-09 07:42:00,4.0,2026-06-09 07:37:00,2026-06-09 07:50:00,2026-06-09 07:37:00,2026-06-09 07:50:00,2026-06-09 07:51:00,,1.0,2026-06-09 07:46:00,2026-06-09 07:56:00,,0.0,2026-06-09 07:42:00,2026-06-09 07:45:00,2026-06-09 07:51:00,2026-06-09 07:55:00,,,Коваленко О. И.,UZBEKISTAN AIRWAYS,Выдача до 30 минут
2026-06-09,ХИ 9613 ,320,ТАШКЕНТ(ТАШКЕНТ ИНТЛ.),26,Y(А09),07:39,1816,2026-06-09 07:53:00,2026-06-09 07:56:00,,2026-06-09 07:58:00,2026-06-09 08:08:00,2026-06-09 07:58:00,2026-06-09 08:08:00,2026-06-09 08:09:00,,,2026-06-09 08:05:00,2026-06-09 08:12:00,,0.0,2026-06-09 08:03:00,2026-06-09 08:06:00,2026-06-09 08:09:00,2026-06-09 08:12:00,,,"Бородин А. В., Шамсов Б. С.",UZBEKISTAN AIRWAYS,Выдача до 30 минут
2026-06-09,ЮТ 808 ,73Х,БУХАРА(БУХАРА ИНТЛ.),20,Y(А12),07:45,874,2026-06-09 07:54:00,2026-06-09 07:56:00,,2026-06-09 07:56:00,2026-06-09 08:06:00,2026-06-09 07:56:00,2026-06-09 08:06:00,2026-06-09 08:04:00,2.0,4.0,2026-06-09 08:07:00,2026-06-09 08:09:00,,0.0,2026-06-09 08:05:00,2026-06-09 08:12:00,,,,,Лаптев В. В.,Ютэйр,Выдача до 30 минут
2026-06-09,ЮТ 454 ,73Х,ТЮМЕНЬ(РОЩИНО),24,Y(А05),08:02,543,2026-06-09 08:12:00,2026-06-09 08:18:00,3.0,2026-06-09 08:16:00,2026-06-09 08:22:00,2026-06-09 08:16:00,2026-06-09 08:22:00,2026-06-09 08:20:00,2.0,2.0,2026-06-09 08:26:00,2026-06-09 08:28:00,,0.0,2026-06-09 08:23:00,2026-06-09 08:26:00,,,,,Королев А. А.,Ютэйр,Выдача до 30 минут
2026-06-09,В2 981 ,Е75,МИНСК(МИНСК ИНТЛ.),29,Y(А13),08:08,166,2026-06-09 08:16:00,2026-06-09 08:19:00,,2026-06-09 08:20:00,2026-06-09 08:22:00,2026-06-09 08:20:00,2026-06-09 08:22:00,2026-06-09 08:21:00,1.0,1.0,2026-06-09 08:27:00,2026-06-09 08:28:00,,0.0,2026-06-09 08:23:00,2026-06-09 08:27:00,,,,,Фартушный А. И.,Белавиа,Выдача до 30 минут
2026-06-09,ЯК 479 ,73В,ЯКУТСК,15,Y(А07),08:11,820,2026-06-09 08:21:00,2026-06-09 08:24:00,,2026-06-09 08:24:00,2026-06-09 08:29:00,2026-06-09 08:24:00,2026-06-09 08:29:00,2026-06-09 08:28:00,1.0,2.0,2026-06-09 08:35:00,2026-06-09 08:37:00,,0.0,2026-06-09 08:32:00,2026-06-09 08:36:00,,,,,Острых В. А.,Якутия,Выдача до 30 минут
2026-06-09,ДР 714 ,73Х,САМАРКАНД(САМАРКАНД ИНТЛ.),47,Y(А11),08:15,224,2026-06-09 08:26:00,2026-06-09 08:28:00,,2026-06-09 08:28:00,2026-06-09 08:31:00,2026-06-09 08:28:00,2026-06-09 08:31:00,2026-06-09 08:31:00,,2.0,2026-06-09 08:38:00,2026-06-09 08:40:00,,0.0,2026-06-09 08:31:00,2026-06-09 08:41:00,,,,,"Коваленко О. И., Лаптев В. В.",Победа,Выдача до 30 минут
2026-06-09,ЮТ 572 ,73Х,КРАСНОЯРСК,12,Y(А06),08:18,622,2026-06-09 08:28:00,2026-06-09 08:28:00,,2026-06-09 08:49:00,2026-06-09 08:53:00,2026-06-09 08:49:00,2026-06-09 08:53:00,2026-06-09 08:36:00,17.0,,2026-06-09 08:57:00,2026-06-09 09:00:00,9.0,2.0,2026-06-09 08:55:00,2026-06-09 08:58:00,,,,,Прохачев И. А.,Ютэйр,Выдача от 30 до 40 минут
2026-06-09,ЮТ 352 ,735,ХАНТЫ-МАНСИЙСК,14,Y(А05),08:45,502,2026-06-09 08:57:00,2026-06-09 08:58:00,,2026-06-09 09:02:00,2026-06-09 09:08:00,2026-06-09 09:02:00,2026-06-09 09:08:00,2026-06-09 09:04:00,4.0,3.0,2026-06-09 08:11:00,2026-06-09 09:11:00,,0.0,2026-06-09 09:10:00,2026-06-09 09:13:00,,,,,Бородин А. В.,Ютэйр,Выдача до 30 минут
2026-06-09,ЮТ 248 ,73Х,СУРГУТ,11,Y(А07),08:48,743,2026-06-09 09:01:00,2026-06-09 09:01:00,,2026-06-09 09:00:00,2026-06-09 09:07:00,2026-06-09 09:00:00,2026-06-09 09:07:00,2026-06-09 09:10:00,,2.0,2026-06-09 09:11:00,2026-06-09 09:12:00,,0.0,2026-06-09 09:10:00,2026-06-09 09:12:00,,,,,Виноградов А. А.,Ютэйр,Выдача до 30 минут
2026-06-09,DV 809 ,738,АЛМАТЫ(АЛМАТЫ ИНТЛ.),22,Y(А13),08:52,678,2026-06-09 09:02:00,2026-06-09 09:02:00,,2026-06-09 09:03:00,2026-06-09 09:08:00,2026-06-09 09:03:00,2026-06-09 09:08:00,2026-06-09 09:11:00,,,2026-06-09 09:13:00,2026-06-09 09:15:00,,0.0,2026-06-09 09:09:00,2026-06-09 09:14:00,,,,,"Баташан В. Ю., Острых В. А.",SCAT Airlines,Выдача до 30 минут
2026-06-09,ФВ 6051 ,СУ9,САНКТ-ПЕТЕРБУРГ(ПУЛКОВО),9,Y(А04),08:55,79,2026-06-09 09:05:00,2026-06-09 09:06:00,,2026-06-09 09:08:00,2026-06-09 09:09:00,2026-06-09 09:08:00,2026-06-09 09:09:00,2026-06-09 09:10:00,,,2026-06-09 09:12:00,2026-06-09 09:13:00,,0.0,2026-06-09 09:10:00,2026-06-09 09:12:00,,,,,Чеканов В. А.,Россия,Выдача до 30 минут
2026-06-09,3F 321 ,321,ЕРЕВАН(ЗВАРТНОЦ ИНТЛ),19,Y(А13),08:59,315,2026-06-09 09:09:00,2026-06-09 09:10:00,,2026-06-09 09:32:00,2026-06-09 09:33:00,2026-06-09 09:32:00,2026-06-09 09:33:00,2026-06-09 09:15:00,18.0,,2026-06-09 09:39:00,2026-06-09 09:40:00,10.0,1.0,2026-06-09 09:34:00,2026-06-09 09:40:00,,,,,"Лаптев В. В., Табаров М.",FLYONE Armenia,Выдача от 30 до 40 минут
2026-06-09,ВГ 2390 ,ЯК4,ВОЛОГДА,45,0,09:37,90,2026-06-09 09:43:00,2026-06-09 09:43:00,,2026-06-09 09:46:00,2026-06-09 09:51:00,2026-06-09 09:46:00,2026-06-09 09:51:00,2026-06-09 09:48:00,3.0,4.0,,-1,,0.0,,,,,,,Коваленко О. И.,Вологодское АП,Не определено
2026-06-09,ФВ 6003 ,СУ9,САНКТ-ПЕТЕРБУРГ(ПУЛКОВО),8,Y(А04),09:41,40,2026-06-09 09:53:00,2026-06-09 09:54:00,,2026-06-09 09:56:00,2026-06-09 09:57:00,2026-06-09 09:56:00,2026-06-09 09:57:00,2026-06-09 09:57:00,,1.0,2026-06-09 10:00:00,2026-06-09 10:01:00,,0.0,2026-06-09 09:58:00,2026-06-09 10:01:00,,,,,Шамсов Б. С.,Россия,Выдача до 30 минут
2026-06-09,ДР 466 ,73Х,УЛЬЯНОВСК(БАРАТАЕВКА),46,Y(А07),09:45,276,2026-06-09 09:50:00,2026-06-09 09:52:00,,2026-06-09 09:53:00,2026-06-09 09:57:00,2026-06-09 09:53:00,2026-06-09 09:57:00,2026-06-09 09:56:00,1.0,2.0,2026-06-09 10:04:00,2026-06-09 10:06:00,,0.0,2026-06-09 09:59:00,2026-06-09 10:05:00,,,,,Фартушный А. И.,Победа,Выдача до 30 минут
2026-06-09,ЮТ 560 ,73Х,МАХАЧКАЛА,17,Y(А05),09:50,447,2026-06-09 10:05:00,2026-06-09 10:07:00,,2026-06-09 10:08:00,2026-06-09 10:10:00,2026-06-09 10:08:00,2026-06-09 10:10:00,2026-06-09 10:12:00,,,2026-06-09 10:17:00,2026-06-09 10:18:00,,0.0,2026-06-09 10:12:00,2026-06-09 10:19:00,,,,,Чеканов В. А.,Ютэйр,Выдача до 30 минут
2026-06-09,DV 801 ,7М8,ШЫМКЕНТ(ШЫМКЕНТ ИНТЛ.),18,Y(А13),10:32,1223,2026-06-09 10:41:00,2026-06-09 10:43:00,,2026-06-09 10:44:00,2026-06-09 10:55:00,2026-06-09 10:44:00,2026-06-09 10:55:00,2026-06-09 10:53:00,2.0,3.0,2026-06-09 11:00:00,2026-06-09 11:02:00,,0.0,2026-06-09 10:54:00,2026-06-09 11:00:00,,,,,Лаптев В. В.,SCAT Airlines,Выдача до 30 минут
2026-06-09,ФВ 6005 ,СУ9,САНКТ-ПЕТЕРБУРГ(ПУЛКОВО),9,Y(А04),10:36,50,2026-06-09 10:46:00,2026-06-09 10:48:00,,2026-06-09 10:48:00,2026-06-09 10:50:00,2026-06-09 10:48:00,2026-06-09 10:50:00,2026-06-09 10:50:00,,2.0,2026-06-09 10:51:00,2026-06-09 10:53:00,,0.0,2026-06-09 10:50:00,2026-06-09 10:52:00,,,,,Екимов С. С.,Россия,Выдача до 30 минут
2026-06-09,ЮТ 356 ,734,ГРОЗНЫЙ(СЕВЕРНЫЙ),13,Y(А04),10:43,211,2026-06-09 10:57:00,2026-06-09 11:01:00,1.0,2026-06-09 11:10:00,2026-06-09 11:11:00,2026-06-09 11:10:00,2026-06-09 11:11:00,2026-06-09 11:02:00,9.0,,2026-06-09 11:16:00,2026-06-09 11:17:00,,0.0,2026-06-09 11:12:00,2026-06-09 11:16:00,,,,,Саидов А. С.,Ютэйр,Выдача до 30 минут
2026-06-09,ЮТ 400 ,73Х,ГРОЗНЫЙ(СЕВЕРНЫЙ),25,Y(А05),10:45,301,2026-06-09 11:09:00,2026-06-09 11:11:00,,2026-06-09 11:11:00,2026-06-09 11:15:00,2026-06-09 11:11:00,2026-06-09 11:15:00,2026-06-09 11:15:00,,2.0,2026-06-09 11:19:00,2026-06-09 11:25:00,,0.0,2026-06-09 11:17:00,2026-06-09 11:19:00,,,,,Рустамов М. А.,Ютэйр,Выдача до 30 минут
2026-06-09,ДР 424 ,73Х,САМАРА(КУРУМОЧ),49,Y(А07),11:19,292,2026-06-09 11:30:00,2026-06-09 11:30:00,,2026-06-09 11:31:00,2026-06-09 11:34:00,2026-06-09 11:31:00,2026-06-09 11:34:00,2026-06-09 11:36:00,,1.0,2026-06-09 11:40:00,2026-06-09 11:43:00,,0.0,2026-06-09 11:36:00,2026-06-09 11:41:00,,,,,Королев А. А.,Победа,Выдача до 30 минут
2026-06-09,J2 807 ,320,БАКУ(ИМ. ГЕЙДАРА АЛИЕВА),26,Y(А11),11:28,999,2026-06-09 11:39:00,2026-06-09 11:41:00,,2026-06-09 11:42:00,2026-06-09 11:48:00,2026-06-09 11:42:00,2026-06-09 11:48:00,2026-06-09 11:50:00,,,2026-06-09 11:54:00,2026-06-09 11:55:00,,0.0,2026-06-09 11:52:00,2026-06-09 11:54:00,,,,,"Баташан В. Ю., Острых В. А.",AZAL,Выдача до 30 минут
2026-06-09,TK 413 ,333,СТАМБУЛ(СТАМБУЛ НЬЮ),23,Y(А10),11:33,3716,2026-06-09 11:46:00,2026-06-09 11:52:00,3.0,2026-06-09 11:48:00,2026-06-09 12:05:00,2026-06-09 11:51:00,2026-06-09 12:05:00,2026-06-09 12:15:00,,,2026-06-09 12:02:00,2026-06-09 12:07:00,,0.0,2026-06-09 11:51:00,2026-06-09 12:05:00,2026-06-09 11:57:00,2026-06-09 12:27:00,,,"Корнилов Н. А., Фартушный А. И.",Turkish Airlines,Выдача до 30 минут
2026-06-09,ЮТ 364 ,734,УФА,12,Y(А05),11:37,444,2026-06-09 11:50:00,2026-06-09 11:50:00,,2026-06-09 11:52:00,2026-06-09 11:57:00,2026-06-09 11:52:00,2026-06-09 11:57:00,2026-06-09 11:57:00,,2.0,2026-06-09 12:01:00,2026-06-09 12:04:00,,0.0,2026-06-09 11:58:00,2026-06-09 12:00:00,,,,,Коваленко О. И.,Ютэйр,Выдача до 30 минут
2026-06-09,ЖГ 936 ,73Х,ТБИЛИСИ(ТБИЛИСИ ИНТЛ.),30,Y(А12),11:39,1154,2026-06-09 11:48:00,2026-06-09 11:50:00,,2026-06-09 11:51:00,2026-06-09 12:00:00,2026-06-09 11:52:00,2026-06-09 12:00:00,2026-06-09 12:00:00,,,2026-06-09 12:01:00,2026-06-09 12:04:00,,0.0,2026-06-09 11:58:00,2026-06-09 12:02:00,,,,,"Бородин А. В., Прохачев И. А.",GEORGIAN AIRWAYS,Выдача до 30 минут
2026-06-09,ФВ 6007 ,СУ9,САНКТ-ПЕТЕРБУРГ(ПУЛКОВО),8,Y(А04),11:42,27,2026-06-09 12:01:00,2026-06-09 12:03:00,,2026-06-09 12:05:00,2026-06-09 12:06:00,2026-06-09 12:05:00,2026-06-09 12:06:00,2026-06-09 12:05:00,1.0,1.0,2026-06-09 12:08:00,2026-06-09 12:09:00,,0.0,2026-06-09 12:05:00,2026-06-09 12:09:00,,,,,Давлатов Б. Ч.,Россия,Выдача до 30 минут
2026-06-09,AZV 3012 ,75В,БОДРУМ(МИЛАС),18,Y(А12),12:06,1797,2026-06-09 12:19:00,2026-06-09 12:19:00,,2026-06-09 12:23:00,2026-06-09 12:39:00,2026-06-09 12:23:00,2026-06-09 12:39:00,2026-06-09 12:35:00,4.0,4.0,2026-06-09 12:33:00,2026-06-09 12:43:00,,0.0,2026-06-09 12:29:00,2026-06-09 12:34:00,2026-06-09 12:38:00,2026-06-09 12:43:00,,,Лаптев В. В.,АЗУР эйр,Выдача до 30 минут
2026-06-09,ЮБГ 509 ,738,ЕРЕВАН(ЗВАРТНОЦ ИНТЛ),29,Y(А13),12:16,2074,2026-06-09 12:26:00,2026-06-09 12:29:00,,2026-06-09 12:31:00,2026-06-09 12:54:00,2026-06-09 12:47:00,2026-06-09 12:54:00,2026-06-09 12:44:00,10.0,,2026-06-09 12:41:00,2026-06-09 12:58:00,,2.0,2026-06-09 12:36:00,2026-06-09 12:39:00,2026-06-09 12:50:00,2026-06-09 13:02:00,,,"Рустамов М. А., Саидов А. С.",Shirak Avia,Выдача от 30 до 40 минут
2026-06-09,TK 3070 ,321,АНТАЛЬЯ,24,Y(А09),12:33,2098,2026-06-09 12:45:00,2026-06-09 12:45:00,,2026-06-09 12:48:00,2026-06-09 13:00:00,2026-06-09 12:48:00,2026-06-09 13:00:00,2026-06-09 13:03:00,,,2026-06-09 12:57:00,2026-06-09 13:04:00,,0.0,2026-06-09 12:49:00,2026-06-09 13:05:00,,,,,Королев А. А.,Turkish Airlines,Выдача до 30 минут
2026-06-09,ФВ 6009 ,СУ9,САНКТ-ПЕТЕРБУРГ(ПУЛКОВО),9,Y(А04),12:36,100,2026-06-09 12:46:00,2026-06-09 12:47:00,,2026-06-09 12:49:00,2026-06-09 12:51:00,2026-06-09 12:49:00,2026-06-09 12:51:00,2026-06-09 12:51:00,,1.0,2026-06-09 12:53:00,2026-06-09 12:54:00,,0.0,2026-06-09 12:51:00,2026-06-09 12:54:00,,,,,Бородин А. В.,Россия,Выдача до 30 минут
2026-06-09,РГ 279 ,ЦР2,НАРЬЯН-МАР,41A,Y(А05),12:43,485,2026-06-09 12:54:00,2026-06-09 12:54:00,,2026-06-09 12:53:00,2026-06-09 13:03:00,2026-06-09 12:53:00,2026-06-09 13:03:00,2026-06-09 13:01:00,2.0,7.0,,-1,,0.0,2026-06-09 13:05:00,2026-06-09 13:10:00,,,,,Виноградов А. А.,Руслайн,Некорректно проставлены отметки
2026-06-09,РГ 194 ,ЦР2,ТАМБОВ,49,Y(А04),12:47,46,-1,,,2026-06-09 12:55:00,2026-06-09 12:57:00,2026-06-09 12:55:00,2026-06-09 12:57:00,,,2.0,2026-06-09 14:01:00,2026-06-09 14:02:00,,0.0,2026-06-09 12:58:00,2026-06-09 13:03:00,,,,,Лаптев В. В.,Руслайн,Некорректно проставлены отметки
2026-06-09,TK 1231 ,32Б,АНТАЛЬЯ,27,Y(А11),12:50,1266,2026-06-09 13:04:00,2026-06-09 13:08:00,1.0,2026-06-09 13:07:00,2026-06-09 13:20:00,2026-06-09 13:07:00,2026-06-09 13:20:00,2026-06-09 13:16:00,4.0,5.0,2026-06-09 13:10:00,2026-06-09 13:16:00,,0.0,2026-06-09 12:59:00,2026-06-09 13:27:00,,,,,Баташан В. Ю.,Turkish Airlines,Выдача до 30 минут
2026-06-09,ЮТ 1250 ,73Е,СОЧИ,54,Y(А05),13:20,300,2026-06-09 13:36:00,2026-06-09 13:39:00,,2026-06-09 13:39:00,2026-06-09 13:44:00,2026-06-09 13:39:00,2026-06-09 13:44:00,2026-06-09 13:42:00,2.0,3.0,2026-06-09 13:36:00,2026-06-09 13:38:00,,0.0,2026-06-09 13:43:00,2026-06-09 13:48:00,,,,,Саидов А. С.,Ютэйр,Выдача до 30 минут
2026-06-09,TK 3012 ,321,АНТАЛЬЯ,25,Y(А09),13:23,1945,2026-06-09 13:41:00,2026-06-09 13:43:00,,2026-06-09 13:44:00,2026-06-09 13:59:00,2026-06-09 13:44:00,2026-06-09 13:59:00,2026-06-09 13:58:00,1.0,2.0,2026-06-09 13:42:00,2026-06-09 13:53:00,,0.0,2026-06-09 14:00:00,2026-06-09 14:09:00,,,,,Давлатов Б. Ч.,Turkish Airlines,Выдача до 30 минут
2026-06-09,ЯМ 543 ,73Х,НОВОСИБИРСК(ТОЛМАЧЕВО),11,Y(А06),13:25,835,2026-06-09 13:41:00,2026-06-09 13:42:00,,2026-06-09 13:44:00,2026-06-09 13:51:00,2026-06-09 13:44:00,2026-06-09 13:51:00,2026-06-09 13:51:00,,1.0,2026-06-09 13:44:00,2026-06-09 13:48:00,,0.0,2026-06-09 13:53:00,2026-06-09 13:55:00,,,,,Бородин А. В.,Алроса,Выдача до 30 минут
2026-06-09,ФВ 6025 ,СУ9,САНКТ-ПЕТЕРБУРГ(ПУЛКОВО),8,Y(А04),13:38,188,2026-06-09 13:57:00,2026-06-09 13:58:00,,2026-06-09 13:59:00,2026-06-09 14:04:00,2026-06-09 13:59:00,2026-06-09 14:04:00,2026-06-09 14:02:00,2.0,4.0,2026-06-09 14:01:00,2026-06-09 14:02:00,,0.0,2026-06-09 14:09:00,2026-06-09 14:13:00,,,,,Рустамов М. А.,Россия,Выдача до 30 минут
2026-06-09,TK 417 ,321,СТАМБУЛ(СТАМБУЛ НЬЮ),21,Y(А09),13:58,2477,2026-06-09 14:15:00,2026-06-09 14:18:00,,2026-06-09 14:21:00,2026-06-09 14:38:00,2026-06-09 14:21:00,2026-06-09 14:38:00,2026-06-09 14:36:00,2.0,,2026-06-09 14:33:00,2026-06-09 14:42:00,,0.0,2026-06-09 14:21:00,2026-06-09 14:33:00,2026-06-09 14:30:00,2026-06-09 14:49:00,,,Виноградов А. А.,Turkish Airlines,Выдача до 30 минут
2026-06-09,ЮТ 334 ,73Е,НАРЬЯН-МАР,59,Y(А05),14:07,507,-1,,,2026-06-09 14:38:00,2026-06-09 14:44:00,2026-06-09 14:38:00,2026-06-09 14:44:00,,,3.0,2026-06-09 14:51:00,2026-06-09 14:54:00,,0.0,2026-06-09 14:50:00,2026-06-09 14:58:00,,,,,Шамсов Б. С.,Ютэйр,Некорректно проставлены отметки
2026-06-09,PC 388 ,32Щ,СТАМБУЛ(САБИХА ГОКЦЕН),20,Y(А10),14:31,4948,2026-06-09 14:42:00,2026-06-09 14:44:00,,2026-06-09 14:45:00,2026-06-09 15:11:00,2026-06-09 14:47:00,2026-06-09 15:11:00,2026-06-09 15:19:00,,,2026-06-09 14:56:00,2026-06-09 15:15:00,,3.0,2026-06-09 15:06:00,2026-06-09 15:11:00,2026-06-09 14:51:00,2026-06-09 14:56:00,2026-06-09 15:10:00,2026-06-09 15:19:00,"Бородин А. В., Фартушный А. И.",Pegasus,Выдача от 30 до 40 минут
2026-06-09,ФВ 6027 ,СУ9,САНКТ-ПЕТЕРБУРГ(ПУЛКОВО),9,Y(А04),14:33,96,2026-06-09 14:43:00,2026-06-09 14:46:00,,2026-06-09 14:47:00,2026-06-09 14:49:00,2026-06-09 14:47:00,2026-06-09 14:49:00,2026-06-09 14:48:00,1.0,1.0,2026-06-09 14:51:00,2026-06-09 14:52:00,,0.0,2026-06-09 14:49:00,2026-06-09 14:51:00,,,,,Прохачев И. А.,Россия,Выдача до 30 минут
2026-06-09,ГЗП 262 ,СУ9,ЯМБУРГ,Б52,Y(А05),14:36,393,2026-06-09 14:41:00,2026-06-09 14:42:00,,2026-06-09 14:44:00,2026-06-09 14:47:00,2026-06-09 14:44:00,2026-06-09 14:47:00,2026-06-09 14:48:00,,,,-1,,0.0,2026-06-09 14:49:00,2026-06-09 15:09:00,,,,,Баташан В. Ю.,Газпром авиа,Некорректно проставлены отметки
2026-06-09,AZV 3006 ,763,АНТАЛЬЯ,19,Y(А09),14:38,3155,2026-06-09 14:51:00,2026-06-09 14:53:00,,2026-06-09 14:53:00,2026-06-09 15:13:00,2026-06-09 14:53:00,2026-06-09 15:13:00,2026-06-09 15:16:00,,,2026-06-09 15:12:00,2026-06-09 15:20:00,1.0,0.0,2026-06-09 14:54:00,2026-06-09 15:13:00,2026-06-09 14:54:00,2026-06-09 15:19:00,,,Лаптев В. В.,АЗУР эйр,Выдача до 30 минут
2026-06-09,А4 7030 ,СУ9,ЕРЕВАН(ЗВАРТНОЦ ИНТЛ),26,Y(А13),14:41,507,2026-06-09 14:49:00,2026-06-09 14:50:00,,2026-06-09 14:54:00,2026-06-09 15:02:00,2026-06-09 14:54:00,2026-06-09 15:02:00,2026-06-09 14:56:00,6.0,5.0,2026-06-09 15:08:00,2026-06-09 15:11:00,,0.0,2026-06-09 15:04:00,2026-06-09 15:09:00,,,,,Корнилов Н. А.,Азимут,Выдача до 30 минут
2026-06-09,ДР 114 ,7С8,СОЧИ,50,Y(А07),14:44,514,-1,,,2026-06-09 14:54:00,2026-06-09 14:58:00,2026-06-09 14:54:00,2026-06-09 14:58:00,,,1.0,2026-06-09 15:04:00,2026-06-09 15:07:00,,0.0,2026-06-09 14:59:00,2026-06-09 15:05:00,,,,,Острых В. А.,Победа,Некорректно проставлены отметки
2026-06-09,ДР 262 ,7С8,КАЛИНИНГРАД(ХРАБРОВО),47,Y(А05),15:19,367,2026-06-09 15:30:00,2026-06-09 15:34:00,1.0,2026-06-09 15:29:00,2026-06-09 15:32:00,2026-06-09 15:29:00,2026-06-09 15:32:00,2026-06-09 15:36:00,,1.0,2026-06-09 15:40:00,2026-06-09 15:42:00,,0.0,2026-06-09 15:37:00,2026-06-09 15:42:00,,,,,Баташан В. Ю.,Победа,Выдача до 30 минут
2026-06-09,FZ 989 ,7М8,ДУБАЙ(ДУБАЙ ИНТЛ.),29,Y(А11),15:23,1133,2026-06-09 15:33:00,2026-06-09 15:39:00,3.0,2026-06-09 15:36:00,2026-06-09 15:50:00,2026-06-09 15:37:00,2026-06-09 15:50:00,2026-06-09 15:45:00,5.0,5.0,2026-06-09 15:46:00,2026-06-09 15:54:00,,0.0,2026-06-09 15:50:00,2026-06-09 16:00:00,,,,,"Виноградов А. А., Корнилов Н. А.",flydubai,Выдача до 30 минут
2026-06-09,ЖГ 926 ,73Й,ТБИЛИСИ(ТБИЛИСИ ИНТЛ.),30,Y(А09),15:53,1861,2026-06-09 15:58:00,2026-06-09 16:01:00,,2026-06-09 16:00:00,2026-06-09 16:16:00,2026-06-09 16:00:00,2026-06-09 16:16:00,2026-06-09 16:14:00,2.0,4.0,2026-06-09 16:05:00,2026-06-09 16:18:00,,0.0,2026-06-09 16:03:00,2026-06-09 16:05:00,2026-06-09 16:16:00,2026-06-09 16:18:00,,,"Коваленко О. И., Прохачев И. А.",GEORGIAN AIRWAYS,Выдача до 30 минут
2026-06-09,ФВ 6031 ,СУ9,САНКТ-ПЕТЕРБУРГ(ПУЛКОВО),8,Y(А04),16:02,93,2026-06-09 16:13:00,2026-06-09 16:15:00,,2026-06-09 16:17:00,2026-06-09 16:18:00,2026-06-09 16:17:00,2026-06-09 16:18:00,2026-06-09 16:18:00,,,2026-06-09 16:20:00,2026-06-09 16:21:00,,0.0,2026-06-09 16:18:00,2026-06-09 16:22:00,,,,,Лаптев В. В.,Россия,Выдача до 30 минут
2026-06-09,ДР 194 ,73Х,НАЛЬЧИК,46,Y(А05),16:06,618,2026-06-09 16:12:00,2026-06-09 16:14:00,,2026-06-09 16:15:00,2026-06-09 16:20:00,2026-06-09 16:15:00,2026-06-09 16:20:00,2026-06-09 16:20:00,,1.0,2026-06-09 16:25:00,2026-06-09 16:27:00,,0.0,2026-06-09 16:22:00,2026-06-09 16:26:00,,,,,Острых В. А.,Победа,Выдача до 30 минут
2026-06-09,А4 7010 ,СУ9,ТБИЛИСИ(ТБИЛИСИ ИНТЛ.),24,Y(А11),16:21,745,2026-06-09 16:30:00,2026-06-09 16:30:00,,2026-06-09 16:31:00,2026-06-09 16:38:00,2026-06-09 16:31:00,2026-06-09 16:38:00,2026-06-09 16:39:00,,2.0,2026-06-09 16:43:00,2026-06-09 16:45:00,,0.0,2026-06-09 16:39:00,2026-06-09 16:43:00,,,,,Рустамов М. А.,Азимут,Выдача до 30 минут
2026-06-09,3F 325 ,320,ЕРЕВАН(ЗВАРТНОЦ ИНТЛ),25,Y(А13),17:20,1420,2026-06-09 17:26:00,2026-06-09 17:29:00,,2026-06-09 17:30:00,2026-06-09 17:39:00,2026-06-09 17:30:00,2026-06-09 17:39:00,2026-06-09 17:39:00,,,2026-06-09 17:44:00,2026-06-09 17:47:00,,0.0,2026-06-09 17:36:00,2026-06-09 17:40:00,2026-06-09 17:40:00,2026-06-09 17:45:00,,,Попов Д. В.,FLYONE Armenia,Выдача до 30 минут
2026-06-09,ЯК 480 ,73В,МИНЕРАЛЬНЫЕ ВОДЫ,8,Y(А05),17:41,377,2026-06-09 17:53:00,2026-06-09 17:55:00,,2026-06-09 17:58:00,2026-06-09 18:04:00,2026-06-09 17:58:00,2026-06-09 18:04:00,2026-06-09 17:59:00,5.0,4.0,2026-06-09 18:06:00,2026-06-09 18:07:00,,0.0,2026-06-09 18:04:00,2026-06-09 18:07:00,,,,,Баташан В. Ю.,Якутия,Выдача до 30 минут
2026-06-09,НВЦ 9152 ,32Щ,САБЕТТА,13,Y(А06),17:47,2007,2026-06-09 18:02:00,2026-06-09 18:04:00,,2026-06-09 18:05:00,2026-06-09 18:19:00,2026-06-09 18:05:00,2026-06-09 18:19:00,2026-06-09 18:19:00,,1.0,2026-06-09 18:12:00,2026-06-09 18:20:00,,0.0,2026-06-09 18:10:00,2026-06-09 18:12:00,2026-06-09 18:17:00,2026-06-09 18:20:00,,,Прохачев И. А.,Северо-Запад,Выдача до 30 минут
2026-06-09,ЮТ 374 ,73Х,МИНЕРАЛЬНЫЕ ВОДЫ,15,Y(А08),17:50,974,2026-06-09 18:01:00,2026-06-09 18:02:00,,2026-06-09 18:05:00,2026-06-09 18:16:00,2026-06-09 18:05:00,2026-06-09 18:16:00,2026-06-09 18:11:00,5.0,5.0,2026-06-09 18:22:00,2026-06-09 18:25:00,1.0,0.0,2026-06-09 18:19:00,2026-06-09 18:23:00,,,,,Острых В. А.,Ютэйр,Выдача до 30 минут
2026-06-09,AZV 3014 ,75В,АНТАЛЬЯ,20,Y(А09),17:54,1904,2026-06-09 18:05:00,2026-06-09 18:08:00,,2026-06-09 18:07:00,2026-06-09 18:24:00,2026-06-09 18:07:00,2026-06-09 18:24:00,2026-06-09 18:22:00,2.0,4.0,2026-06-09 18:20:00,2026-06-09 18:31:00,,0.0,2026-06-09 18:16:00,2026-06-09 18:19:00,2026-06-09 18:27:00,2026-06-09 18:32:00,,,Ушаков Г. А.,АЗУР эйр,Выдача до 30 минут
2026-06-09,ФВ 6175 ,СУ9,САНКТ-ПЕТЕРБУРГ(ПУЛКОВО),10,Y(А04),18:09,208,2026-06-09 18:23:00,2026-06-09 18:24:00,,2026-06-09 18:25:00,2026-06-09 18:27:00,2026-06-09 18:25:00,2026-06-09 18:27:00,2026-06-09 18:28:00,,1.0,2026-06-09 18:31:00,2026-06-09 18:32:00,,0.0,2026-06-09 18:28:00,2026-06-09 18:31:00,,,,,Виноградов А. А.,Россия,Выдача до 30 минут
2026-06-09,ДР 836 ,73Х,ГАЗИПАША,47,Y(А12),18:12,1699,2026-06-09 18:24:00,2026-06-09 18:24:00,,2026-06-09 18:24:00,2026-06-09 18:38:00,2026-06-09 18:24:00,2026-06-09 18:38:00,2026-06-09 18:39:00,,3.0,2026-06-09 18:37:00,2026-06-09 18:46:00,,0.0,2026-06-09 18:31:00,2026-06-09 18:37:00,2026-06-09 18:40:00,2026-06-09 18:46:00,,,Бородин А. В.,Победа,Выдача до 30 минут
2026-06-09,ЮТ 270 ,73Х,СОЧИ,12,Y(А07),18:17,714,2026-06-09 18:27:00,2026-06-09 18:27:00,,2026-06-09 18:29:00,2026-06-09 18:34:00,2026-06-09 18:29:00,2026-06-09 18:34:00,2026-06-09 18:36:00,,,2026-06-09 18:40:00,2026-06-09 18:42:00,,0.0,2026-06-09 18:36:00,2026-06-09 18:37:00,,,,,Фартушный А. И.,Ютэйр,Выдача до 30 минут
2026-06-09,TK 415 ,32Б,СТАМБУЛ(СТАМБУЛ НЬЮ),22,Y(А10),18:30,3556,2026-06-09 18:46:00,2026-06-09 18:48:00,,2026-06-09 18:49:00,2026-06-09 19:04:00,2026-06-09 18:49:00,2026-06-09 19:04:00,2026-06-09 19:14:00,,,2026-06-09 19:00:00,2026-06-09 19:02:00,,0.0,2026-06-09 18:50:00,2026-06-09 19:00:00,2026-06-09 19:07:00,2026-06-09 19:13:00,,,Королев А. А.,Turkish Airlines,Выдача до 30 минут
2026-06-09,ЮТ 464 ,73Х,ТЮМЕНЬ(РОЩИНО),11,Y(А05),18:37,817,2026-06-09 18:46:00,2026-06-09 18:48:00,,2026-06-09 18:48:00,2026-06-09 18:52:00,2026-06-09 18:48:00,2026-06-09 18:52:00,2026-06-09 18:55:00,,,2026-06-09 18:59:00,2026-06-09 19:01:00,,0.0,2026-06-09 18:56:00,2026-06-09 19:00:00,,,,,Шамсов Б. С.,Ютэйр,Выдача до 30 минут
2026-06-09,ЮТ 276 ,73Х,СОЧИ,17,Y(А07),19:00,687,2026-06-09 19:13:00,2026-06-09 19:14:00,,2026-06-09 19:15:00,2026-06-09 19:21:00,2026-06-09 19:15:00,2026-06-09 19:21:00,2026-06-09 19:22:00,,1.0,2026-06-09 19:28:00,2026-06-09 19:30:00,,0.0,2026-06-09 19:24:00,2026-06-09 19:28:00,,,,,Аганин А. А.,Ютэйр,Выдача до 30 минут
2026-06-09,ФВ 6177 ,СУ9,САНКТ-ПЕТЕРБУРГ(ПУЛКОВО),9,Y(А04),19:17,34,2026-06-09 19:30:00,2026-06-09 19:33:00,,2026-06-09 19:34:00,2026-06-09 19:35:00,2026-06-09 19:34:00,2026-06-09 19:35:00,2026-06-09 19:34:00,1.0,1.0,2026-06-09 19:37:00,2026-06-09 19:38:00,,0.0,2026-06-09 19:37:00,2026-06-09 19:38:00,,,,,Баташан В. Ю.,Россия,Выдача до 30 минут
2026-06-09,ДР 856 ,73Х,ГЮМРИ(ШИРАК),46,Y(А13),19:20,999,2026-06-09 19:30:00,2026-06-09 19:31:00,,2026-06-09 19:33:00,2026-06-09 19:41:00,2026-06-09 19:33:00,2026-06-09 19:41:00,2026-06-09 19:41:00,,1.0,2026-06-09 19:48:00,2026-06-09 19:50:00,,0.0,2026-06-09 19:43:00,2026-06-09 19:49:00,,,,,Соболь М. Ф.,Победа,Выдача до 30 минут
2026-06-09,AZO 7054 ,СУ9,БАТУМИ,51A,Y(А12),19:23,861,2026-06-09 19:37:00,2026-06-09 19:41:00,1.0,2026-06-09 19:40:00,2026-06-09 19:48:00,2026-06-09 19:40:00,2026-06-09 19:48:00,2026-06-09 19:47:00,1.0,2.0,2026-06-09 19:53:00,2026-06-09 19:54:00,,0.0,2026-06-09 19:48:00,2026-06-09 19:54:00,,,,,Скулов Е. С.,GEORGIAN AIRWAYS,Выдача до 30 минут
2026-06-09,УР 512 ,75В,БОДРУМ(МИЛАС),18,Y(А11),19:27,1070,2026-06-09 19:44:00,2026-06-09 19:46:00,,2026-06-09 19:48:00,2026-06-09 19:57:00,2026-06-09 19:48:00,2026-06-09 19:57:00,2026-06-09 19:55:00,2.0,2.0,2026-06-09 20:00:00,2026-06-09 20:02:00,,0.0,2026-06-09 19:55:00,2026-06-09 19:59:00,,,,,Поляков К. Н.,FLYONE Armenia,Выдача до 30 минут
2026-06-09,ФВ 6179 ,СУ9,САНКТ-ПЕТЕРБУРГ(ПУЛКОВО),8,Y(А04),19:29,113,2026-06-09 19:37:00,2026-06-09 19:38:00,,2026-06-09 19:42:00,2026-06-09 19:43:00,2026-06-09 19:42:00,2026-06-09 19:43:00,2026-06-09 19:42:00,1.0,,2026-06-09 19:46:00,2026-06-09 19:48:00,,0.0,2026-06-09 19:44:00,2026-06-09 19:47:00,,,,,Чеканов В. А.,Россия,Выдача до 30 минут
2026-06-09,ХИ 9627 ,32Н,ФЕРГАНА(ФЕРГАНА ИНТЛ.),24,Y(А10),19:47,1982,2026-06-09 19:55:00,2026-06-09 19:57:00,,2026-06-09 19:58:00,2026-06-09 20:12:00,2026-06-09 19:58:00,2026-06-09 20:12:00,2026-06-09 20:12:00,,1.0,2026-06-09 20:07:00,2026-06-09 20:19:00,,0.0,2026-06-09 20:06:00,2026-06-09 20:08:00,2026-06-09 20:18:00,2026-06-09 20:19:00,,,Ушаков М. В.,UZBEKISTAN AIRWAYS,Выдача до 30 минут
2026-06-09,ХИ 9621 ,320,АНДИЖАН,26,Y(А10),19:52,2060,2026-06-09 20:04:00,2026-06-09 20:04:00,,2026-06-09 20:07:00,2026-06-09 20:19:00,2026-06-09 20:07:00,2026-06-09 20:19:00,2026-06-09 20:22:00,,,2026-06-09 20:16:00,2026-06-09 20:26:00,,0.0,2026-06-09 20:13:00,2026-06-09 20:14:00,2026-06-09 20:24:00,2026-06-09 20:26:00,,,Галушко В.,UZBEKISTAN AIRWAYS,Выдача до 30 минут
2026-06-09,ДР 206 ,73Х,САНКТ-ПЕТЕРБУРГ(ПУЛКОВО),50,Y(А05),19:58,405,2026-06-09 20:12:00,2026-06-09 20:14:00,,2026-06-09 20:15:00,2026-06-09 20:18:00,2026-06-09 20:15:00,2026-06-09 20:18:00,2026-06-09 20:19:00,,,2026-06-09 20:24:00,2026-06-09 20:27:00,,0.0,2026-06-09 20:19:00,2026-06-09 20:25:00,,,,,Лаптев В. В.,Победа,Выдача до 30 минут
2026-06-09,ХИ 613 ,788,ТАШКЕНТ(ТАШКЕНТ ИНТЛ.),23,Y(А13),20:01,3076,2026-06-09 20:16:00,2026-06-09 20:17:00,,2026-06-09 20:18:00,2026-06-09 20:37:00,2026-06-09 20:19:00,2026-06-09 20:37:00,2026-06-09 20:41:00,,,2026-06-09 20:35:00,2026-06-09 20:42:00,,0.0,2026-06-09 20:19:00,2026-06-09 20:37:00,2026-06-09 20:34:00,2026-06-09 20:43:00,,,"Поляков К. Н., Ушаков Г. А.",UZBEKISTAN AIRWAYS,Выдача до 30 минут
2026-06-09,ЮТ 296 ,734,СУРГУТ,21,Y(А07),20:09,509,2026-06-09 20:21:00,2026-06-09 20:23:00,,2026-06-09 20:23:00,2026-06-09 20:27:00,2026-06-09 20:23:00,2026-06-09 20:27:00,2026-06-09 20:28:00,,1.0,2026-06-09 20:32:00,2026-06-09 20:33:00,,0.0,2026-06-09 20:28:00,2026-06-09 20:31:00,,,,,Саидов А. С.,Ютэйр,Выдача до 30 минут
2026-06-09,ЮТ 250 ,73Х,СОЧИ,14,Y(А08),20:11,1036,2026-06-09 20:19:00,2026-06-09 20:21:00,,2026-06-09 20:22:00,2026-06-09 20:32:00,2026-06-09 20:22:00,2026-06-09 20:32:00,2026-06-09 20:30:00,2.0,3.0,2026-06-09 20:35:00,2026-06-09 20:36:00,,0.0,2026-06-09 20:31:00,2026-06-09 20:36:00,,,,,Федоров Н. В.,Ютэйр,Выдача до 30 минут
2026-06-09,PBD 840 ,7С8,АНТАЛЬЯ,47,Y(А11),20:14,1543,2026-06-09 20:25:00,2026-06-09 20:41:00,13.0,2026-06-09 20:27:00,2026-06-09 20:40:00,2026-06-09 20:27:00,2026-06-09 20:40:00,2026-06-09 20:39:00,1.0,3.0,2026-06-09 20:39:00,2026-06-09 20:51:00,,0.0,2026-06-09 20:34:00,2026-06-09 20:39:00,2026-06-09 20:49:00,2026-06-09 20:53:00,,,Аганин А. А.,Победа,Выдача до 30 минут
2026-06-09,ДР 964 ,73Х,ДАЛАМАН,44,Y(А09),20:21,985,2026-06-09 20:34:00,2026-06-09 20:36:00,,2026-06-09 20:36:00,2026-06-09 20:42:00,2026-06-09 20:36:00,2026-06-09 20:42:00,2026-06-09 20:45:00,,,2026-06-09 20:49:00,2026-06-09 20:51:00,,0.0,2026-06-09 20:44:00,2026-06-09 20:50:00,,,,,Шамсов Б. С.,Победа,Выдача до 30 минут
2026-06-09,ЮТ 810 ,73Х,САМАРКАНД(САМАРКАНД ИНТЛ.),19,Y(А12),20:23,748,2026-06-09 20:36:00,2026-06-09 20:38:00,,2026-06-09 20:41:00,2026-06-09 20:46:00,2026-06-09 20:41:00,2026-06-09 20:46:00,2026-06-09 20:45:00,1.0,,2026-06-09 20:52:00,2026-06-09 20:53:00,,0.0,2026-06-09 20:47:00,2026-06-09 20:52:00,,,,,"Скулов Е. С., Чеканов В. А.",Ютэйр,Выдача до 30 минут
2026-06-09,ДР 158 ,73Х,КРАСНОДАР(ПАШКОВСКИЙ),48,Y(А05),20:25,445,2026-06-09 20:41:00,2026-06-09 20:42:00,,2026-06-09 20:43:00,2026-06-09 20:46:00,2026-06-09 20:43:00,2026-06-09 20:46:00,2026-06-09 20:48:00,,,2026-06-09 20:55:00,2026-06-09 20:58:00,,0.0,2026-06-09 20:48:00,2026-06-09 20:55:00,,,,,Ушаков М. В.,Победа,Выдача до 30 минут
2026-06-09,ЮТ 746 ,73Х,БАКУ(ИМ. ГЕЙДАРА АЛИЕВА),11,Y(А11),20:39,772,2026-06-09 20:49:00,2026-06-09 20:49:00,,2026-06-09 20:51:00,2026-06-09 20:56:00,2026-06-09 20:52:00,2026-06-09 20:56:00,2026-06-09 20:58:00,,,2026-06-09 21:01:00,2026-06-09 21:02:00,,0.0,2026-06-09 21:01:00,2026-06-09 21:02:00,,,,,"Соболь М. Ф., Федоров Н. В.",Ютэйр,Выдача до 30 минут
2026-06-09,ХИ 9619 ,32Н,НАМАНГАН,25,Y(А09),20:42,2020,2026-06-09 20:53:00,2026-06-09 20:55:00,,2026-06-09 20:57:00,2026-06-09 21:48:00,2026-06-09 20:57:00,2026-06-09 21:48:00,2026-06-09 21:10:00,38.0,38.0,2026-06-09 21:05:00,2026-06-09 21:53:00,,30.0,2026-06-09 21:01:00,2026-06-09 21:05:00,2026-06-09 21:14:00,2026-06-09 21:53:00,,,Кутейников А. В.,UZBEKISTAN AIRWAYS,Выдача более 40 минут
2026-06-09,ЮТ 576 ,734,КРАСНОДАР(ПАШКОВСКИЙ),12,Y(А07),20:43,847,2026-06-09 20:55:00,2026-06-09 20:55:00,,2026-06-09 20:58:00,2026-06-09 21:05:00,2026-06-09 20:58:00,2026-06-09 21:05:00,2026-06-09 21:05:00,,1.0,2026-06-09 21:13:00,2026-06-09 21:15:00,,0.0,2026-06-09 21:07:00,2026-06-09 21:13:00,,,,,Галушко В.,Ютэйр,Выдача до 30 минут
2026-06-09,ФВ 6181 ,СУ9,САНКТ-ПЕТЕРБУРГ(ПУЛКОВО),10,Y(А04),20:50,143,2026-06-09 20:58:00,2026-06-09 20:58:00,,2026-06-09 21:01:00,2026-06-09 21:04:00,2026-06-09 21:01:00,2026-06-09 21:04:00,2026-06-09 21:03:00,1.0,2.0,2026-06-09 21:07:00,2026-06-09 21:08:00,,0.0,2026-06-09 21:08:00,2026-06-09 21:11:00,,,,,Королев А. А.,Россия,Выдача до 30 минут
2026-06-09,DV 815 ,7М8,АЛМАТЫ(АЛМАТЫ ИНТЛ.),20,Y(А13),21:21,1196,2026-06-09 21:27:00,2026-06-09 21:30:00,,2026-06-09 21:30:00,2026-06-09 21:43:00,2026-06-09 21:30:00,2026-06-09 21:43:00,2026-06-09 21:39:00,4.0,5.0,2026-06-09 21:49:00,2026-06-09 21:52:00,2.0,0.0,2026-06-09 21:44:00,2026-06-09 21:50:00,,,,,Аганин А. А.,SCAT Airlines,Выдача до 30 минут
2026-06-09,ДР 994 ,7С8,СТАМБУЛ(СТАМБУЛ НЬЮ),50,Y(А12),21:23,1462,-1,,,2026-06-09 21:40:00,2026-06-09 21:51:00,2026-06-09 21:40:00,2026-06-09 21:51:00,,,1.0,2026-06-09 21:54:00,2026-06-09 22:05:00,,0.0,2026-06-09 21:48:00,2026-06-09 21:54:00,2026-06-09 22:03:00,2026-06-09 22:05:00,,,Ушаков М. В.,Победа,Некорректно проставлены отметки
2026-06-09,NE 640 ,321,ШАРМ ЭЛЬ ШЕЙХ(ШАРМ ЭЛЬ ШЕЙХ ИНТЛ.),29,Y(А11),21:36,1684,2026-06-09 21:48:00,2026-06-09 21:50:00,,2026-06-09 21:51:00,2026-06-09 22:14:00,2026-06-09 21:51:00,2026-06-09 22:14:00,2026-06-09 22:03:00,11.0,12.0,2026-06-09 21:59:00,2026-06-09 22:14:00,,0.0,2026-06-09 21:56:00,2026-06-09 21:59:00,2026-06-09 22:12:00,2026-06-09 22:14:00,,,Табаров М.,Nesma Airlines,Выдача до 30 минут
2026-06-09,ФВ 6183 ,СУ9,САНКТ-ПЕТЕРБУРГ(ПУЛКОВО),8,Y(А04),21:38,136,2026-06-09 21:48:00,2026-06-09 21:49:00,,2026-06-09 21:52:00,2026-06-09 21:53:00,2026-06-09 21:52:00,2026-06-09 21:53:00,2026-06-09 21:53:00,,,2026-06-09 21:56:00,2026-06-09 21:57:00,,0.0,2026-06-09 21:54:00,2026-06-09 21:55:00,,,,,Саидов А. С.,Россия,Выдача до 30 минут
2026-06-09,ЯК 736 ,73Х,ПЕВЕК,15,Y(А06),21:44,1815,2026-06-09 21:55:00,2026-06-09 21:57:00,,2026-06-09 21:58:00,2026-06-09 22:26:00,2026-06-09 21:58:00,2026-06-09 22:26:00,2026-06-09 22:11:00,15.0,16.0,2026-06-09 22:12:00,2026-06-09 22:31:00,,6.0,2026-06-09 22:07:00,2026-06-09 22:18:00,2026-06-09 22:27:00,2026-06-09 22:32:00,,,Попов Д. В.,Якутия,Выдача от 30 до 40 минут
2026-06-09,ЮТ 784 ,73Х,АНТАЛЬЯ,16,Y(А10),21:58,1643,2026-06-09 22:08:00,2026-06-09 22:11:00,,2026-06-09 22:12:00,2026-06-09 22:24:00,2026-06-09 22:12:00,2026-06-09 22:24:00,2026-06-09 22:23:00,1.0,1.0,2026-06-09 22:23:00,2026-06-09 22:30:00,,0.0,2026-06-09 22:19:00,2026-06-09 22:23:00,2026-06-09 22:27:00,2026-06-09 22:30:00,,,Фартушный А. И.,Ютэйр,Выдача до 30 минут
2026-06-09,NE 610 ,320,ХУРГАДА(ХУРГАДА ИНТЛ.),24,Y(А09),22:02,1770,2026-06-09 22:20:00,2026-06-09 22:23:00,,2026-06-09 22:23:00,2026-06-09 22:37:00,2026-06-09 22:23:00,2026-06-09 22:37:00,2026-06-09 22:36:00,1.0,2.0,2026-06-09 22:33:00,2026-06-09 22:42:00,,0.0,2026-06-09 22:30:00,2026-06-09 22:35:00,2026-06-09 22:39:00,2026-06-09 22:43:00,,,Кутейников А. В.,Nesma Airlines,Выдача до 30 минут
2026-06-09,PBD 860 ,73Х,АНТАЛЬЯ,48,Y(А12),22:05,1471,2026-06-09 22:22:00,2026-06-09 22:23:00,,2026-06-09 22:24:00,2026-06-09 22:33:00,2026-06-09 22:24:00,2026-06-09 22:33:00,2026-06-09 22:36:00,,,2026-06-09 22:36:00,2026-06-09 22:52:00,,0.0,2026-06-09 22:29:00,2026-06-09 22:36:00,2026-06-09 22:43:00,2026-06-09 22:55:00,,,Шамсов Б. С.,Победа,Выдача до 30 минут
2026-06-09,AZV 3002 ,763,АНТАЛЬЯ,19,Y(А09),22:26,3144,2026-06-09 22:40:00,2026-06-09 22:44:00,1.0,2026-06-09 22:45:00,2026-06-09 22:58:00,2026-06-09 22:45:00,2026-06-09 22:58:00,2026-06-09 23:05:00,,,2026-06-09 22:57:00,2026-06-09 23:05:00,,0.0,2026-06-09 22:49:00,2026-06-09 22:58:00,2026-06-09 22:58:00,2026-06-09 23:06:00,,,Лаптев В. В.,АЗУР эйр,Выдача до 30 минут
2026-06-09,ЮТ 398 ,734,ГЕЛЕНДЖИК,12,Y(А05),22:30,326,2026-06-09 22:48:00,2026-06-09 22:50:00,,2026-06-09 22:50:00,2026-06-09 22:52:00,2026-06-09 22:50:00,2026-06-09 22:52:00,2026-06-09 22:54:00,,,2026-06-09 22:58:00,2026-06-09 22:59:00,,0.0,2026-06-09 22:54:00,2026-06-09 23:03:00,,,,,Поляков К. Н.,Ютэйр,Выдача до 30 минут
2026-06-09,ДР 190 ,7С8,МАХАЧКАЛА,46,Y(А07),22:35,449,2026-06-09 22:46:00,2026-06-09 22:49:00,,2026-06-09 22:47:00,2026-06-09 22:51:00,2026-06-09 22:47:00,2026-06-09 22:51:00,2026-06-09 22:53:00,,1.0,2026-06-09 23:00:00,2026-06-09 23:01:00,,0.0,,,,,,,Соболь М. Ф.,Победа,Выдача до 30 минут
2026-06-09,ФВ 6185 ,СУ9,САНКТ-ПЕТЕРБУРГ(ПУЛКОВО),9,Y(А04),22:39,104,2026-06-09 22:54:00,2026-06-09 22:58:00,1.0,2026-06-09 22:59:00,2026-06-09 23:03:00,2026-06-09 22:59:00,2026-06-09 23:03:00,2026-06-09 22:59:00,4.0,3.0,2026-06-09 23:03:00,2026-06-09 23:04:00,,0.0,2026-06-09 23:01:00,2026-06-09 23:05:00,,,,,Галушко В.,Россия,Выдача до 30 минут
2026-06-09,J2 805 ,320,БАКУ(ИМ. ГЕЙДАРА АЛИЕВА),22,Y(А11),22:42,2009,2026-06-09 22:55:00,2026-06-09 22:56:00,,2026-06-09 22:58:00,2026-06-09 23:07:00,2026-06-09 22:59:00,2026-06-09 23:07:00,2026-06-09 23:12:00,,,2026-06-09 23:09:00,2026-06-09 23:19:00,,0.0,2026-06-09 23:03:00,2026-06-09 23:09:00,2026-06-09 23:14:00,2026-06-09 23:21:00,,,"Ушаков М. В., Фартушный А. И.",AZAL,Выдача до 30 минут
2026-06-09,А4 7036 ,СУ9,ПСКОВ(КРЕСТЫ),45,Y(А04),23:16,244,2026-06-09 23:26:00,2026-06-09 23:29:00,,2026-06-09 23:31:00,2026-06-09 23:34:00,2026-06-09 23:31:00,2026-06-09 23:34:00,2026-06-09 23:32:00,2.0,1.0,2026-06-09 23:41:00,2026-06-09 23:42:00,,0.0,2026-06-09 23:34:00,2026-06-09 23:39:00,,,,,Саидов А. С.,Азимут,Выдача до 30 минут
2026-06-09,PC 1580 ,32Н,АНТАЛЬЯ,21,Y(А10),23:19,2306,2026-06-09 23:30:00,2026-06-09 23:31:00,,2026-06-09 23:33:00,2026-06-09 23:47:00,2026-06-09 23:33:00,2026-06-09 23:47:00,2026-06-09 23:49:00,,,2026-06-09 23:43:00,2026-06-09 23:53:00,,0.0,2026-06-09 23:42:00,2026-06-09 23:44:00,2026-06-09 23:50:00,2026-06-09 23:59:00,,,"Ушаков Г. А., Чеканов В. А.",Pegasus,Выдача до 30 минут
2026-06-09,TK 411 ,333,СТАМБУЛ(СТАМБУЛ НЬЮ),23,Y(А09),23:29,4731,2026-06-09 23:42:00,2026-06-09 23:46:00,1.0,2026-06-09 23:47:00,2026-06-10 00:02:00,2026-06-09 23:47:00,2026-06-10 00:02:00,2026-06-10 00:18:00,,,2026-06-10 00:02:00,2026-06-10 00:07:00,,0.0,2026-06-09 23:59:00,2026-06-10 00:02:00,2026-06-10 00:02:00,2026-06-10 00:11:00,,,Скулов Е. С.,Turkish Airlines,Выдача до 30 минут
2026-06-09,DV 813 ,738,АСТАНА(НУРСУЛТАН НАЗАРБАЕВ),36,Y(А13),23:33,786,2026-06-09 23:45:00,2026-06-09 23:46:00,,2026-06-09 23:47:00,2026-06-09 23:55:00,2026-06-09 23:47:00,2026-06-09 23:55:00,2026-06-09 23:54:00,1.0,3.0,2026-06-10 00:03:00,2026-06-10 00:05:00,,0.0,2026-06-09 23:56:00,2026-06-10 00:03:00,,,,,Попов Д. В.,SCAT Airlines,Выдача до 30 минут
2026-06-09,ДР 422 ,73Х,САМАРА(КУРУМОЧ),47,Y(А05),23:36,247,2026-06-09 23:46:00,2026-06-09 23:47:00,,2026-06-09 23:48:00,2026-06-09 23:49:00,2026-06-09 23:48:00,2026-06-09 23:49:00,2026-06-09 23:52:00,,,2026-06-09 23:55:00,2026-06-09 23:57:00,,0.0,2026-06-09 23:50:00,2026-06-09 23:55:00,,,,,Соболь М. Ф.,Победа,Выдача до 30 минут
2026-06-09,ЮТ 376 ,735,СЫКТЫВКАР,10,Y(А04),23:39,164,2026-06-09 23:52:00,2026-06-09 23:52:00,,2026-06-09 23:54:00,2026-06-09 23:58:00,2026-06-09 23:54:00,2026-06-09 23:58:00,2026-06-09 23:57:00,1.0,3.0,2026-06-10 00:02:00,2026-06-10 00:04:00,,0.0,2026-06-10 00:02:00,2026-06-10 00:03:00,,,,,Кутейников А. В.,Ютэйр,Выдача до 30 минут
2026-06-09,ХИ 605 ,320,САМАРКАНД(САМАРКАНД ИНТЛ.),26,Y(А12),23:41,1133,2026-06-10 00:11:00,2026-06-10 00:13:00,,2026-06-10 00:14:00,2026-06-10 00:21:00,2026-06-10 00:14:00,2026-06-10 00:21:00,2026-06-10 00:23:00,,,2026-06-10 00:30:00,2026-06-10 00:31:00,,0.0,2026-06-10 00:22:00,2026-06-10 00:28:00,,,,,"Галушко В., Табаров М.",UZBEKISTAN AIRWAYS,Выдача до 30 минут
2026-06-09,ДР 168 ,73Х,МИНЕРАЛЬНЫЕ ВОДЫ,48,Y(А06),23:43,588,2026-06-10 00:20:00,2026-06-10 00:14:00,-6.0,2026-06-10 00:14:00,2026-06-10 00:18:00,2026-06-10 00:14:00,2026-06-10 00:18:00,2026-06-10 00:28:00,,,2026-06-10 00:24:00,2026-06-10 00:27:00,,0.0,2026-06-10 00:19:00,2026-06-10 00:25:00,,,,,Баташан В. Ю.,Победа,Выдача до 30 минут
2026-06-10,ДР 210 ,7С8,САНКТ-ПЕТЕРБУРГ(ПУЛКОВО),46,Y(А05),00:13,129,2026-06-10 00:20:00,2026-06-10 00:21:00,,2026-06-10 00:23:00,2026-06-10 00:24:00,2026-06-10 00:23:00,2026-06-10 00:24:00,2026-06-10 00:25:00,,,2026-06-10 00:31:00,2026-06-10 00:33:00,,0.0,2026-06-10 00:25:00,2026-06-10 00:33:00,,,,,Саидов А. С.,Победа,Выдача до 30 минут
2026-06-10,PC 1576 ,32Щ,АНТАЛЬЯ,27,Y(А10),00:16,2737,2026-06-10 00:26:00,2026-06-10 00:28:00,,2026-06-10 00:29:00,2026-06-10 00:52:00,2026-06-10 00:29:00,2026-06-10 00:52:00,2026-06-10 00:48:00,4.0,5.0,2026-06-10 00:37:00,2026-06-10 00:44:00,,0.0,2026-06-10 00:34:00,2026-06-10 00:37:00,2026-06-10 00:54:00,2026-06-10 00:57:00,,,"Аганин А. А., Поляков К. Н.",Pegasus,Выдача до 30 минут
2026-06-10,TK 409 ,32Б,СТАМБУЛ(СТАМБУЛ НЬЮ),29,Y(А10),00:18,3271,2026-06-10 00:31:00,2026-06-10 00:32:00,,2026-06-10 00:34:00,2026-06-10 00:54:00,2026-06-10 00:34:00,2026-06-10 00:54:00,2026-06-10 00:57:00,,,2026-06-10 00:45:00,2026-06-10 01:00:00,,0.0,2026-06-10 00:36:00,2026-06-10 00:39:00,2026-06-10 00:56:00,2026-06-10 01:02:00,,,Королев А. А.,Turkish Airlines,Выдача до 30 минут
2026-06-10,TK 3060 ,321,АНТАЛЬЯ,24,Y(А09),00:21,2526,2026-06-10 00:34:00,2026-06-10 00:37:00,,2026-06-10 00:37:00,2026-06-10 00:50:00,2026-06-10 00:37:00,2026-06-10 00:50:00,2026-06-10 00:55:00,,,2026-06-10 00:46:00,2026-06-10 00:57:00,,0.0,2026-06-10 00:39:00,2026-06-10 00:46:00,2026-06-10 00:44:00,2026-06-10 00:58:00,,,Шамсов Б. С.,Turkish Airlines,Выдача до 30 минут
2026-06-10,TK 3178 ,321,ДАЛАМАН,20,Y(А09),00:23,1862,2026-06-10 00:37:00,2026-06-10 00:38:00,,2026-06-10 00:38:00,2026-06-10 00:47:00,2026-06-10 00:38:00,2026-06-10 00:47:00,2026-06-10 00:53:00,,,2026-06-10 00:51:00,2026-06-10 00:54:00,,0.0,2026-06-10 00:58:00,2026-06-10 00:59:00,,,,,Фартушный А. И.,Turkish Airlines,Выдача до 30 минут
2026-06-10,ФВ 6189 ,СУ9,САНКТ-ПЕТЕРБУРГ(ПУЛКОВО),8,Y(А04),00:28,125,2026-06-10 00:42:00,2026-06-10 00:44:00,,2026-06-10 00:45:00,2026-06-10 00:48:00,2026-06-10 00:45:00,2026-06-10 00:48:00,2026-06-10 00:47:00,1.0,2.0,2026-06-10 00:49:00,2026-06-10 00:50:00,,0.0,2026-06-10 00:48:00,2026-06-10 00:50:00,,,,,Кутейников А. В.,Россия,Выдача до 30 минут
2026-06-10,TK 3084 ,321,ДАЛАМАН,18,Y(А11),00:33,1025,2026-06-10 00:45:00,2026-06-10 00:48:00,,2026-06-10 00:50:00,2026-06-10 01:01:00,2026-06-10 00:50:00,2026-06-10 01:01:00,2026-06-10 00:56:00,5.0,4.0,2026-06-10 01:02:00,2026-06-10 01:03:00,,0.0,2026-06-10 01:08:00,2026-06-10 01:14:00,,,,,Ушаков Г. А.,Turkish Airlines,Выдача до 30 минут
2026-06-10,ДР 486 ,73Х,УЛЬЯНОВСК(БАРАТАЕВКА),50,Y(А04),00:38,175,-1,,,2026-06-10 00:48:00,2026-06-10 00:50:00,2026-06-10 00:48:00,2026-06-10 00:50:00,,,1.0,2026-06-10 00:57:00,2026-06-10 00:58:00,,0.0,2026-06-10 00:56:00,2026-06-10 00:58:00,,,,,Лаптев В. В.,Победа,Некорректно проставлены отметки
2026-06-10,J2 809 ,320,БАКУ(ИМ. ГЕЙДАРА АЛИЕВА),37,Y(А12),00:41,1294,2026-06-10 00:49:00,2026-06-10 00:51:00,,2026-06-10 00:54:00,2026-06-10 01:01:00,2026-06-10 00:55:00,2026-06-10 01:01:00,2026-06-10 01:02:00,,,2026-06-10 01:08:00,2026-06-10 01:35:00,,16.0,2026-06-10 01:03:00,2026-06-10 01:09:00,,,,,"Попов Д. В., Федоров Н. В.",AZAL,Выдача более 40 минут
2026-06-10,ДР 264 ,7С8,КАЛИНИНГРАД(ХРАБРОВО),44,Y(А05),01:12,454,2026-06-10 01:19:00,2026-06-10 01:20:00,,2026-06-10 01:23:00,2026-06-10 01:27:00,2026-06-10 01:23:00,2026-06-10 01:27:00,2026-06-10 01:26:00,1.0,1.0,2026-06-10 01:38:00,2026-06-10 01:40:00,,0.0,2026-06-10 01:28:00,2026-06-10 01:38:00,,,,,Лаптев В. В.,Победа,Выдача до 30 минут
2026-06-10,TK 3014 ,321,АНТАЛЬЯ,19,Y(А09),01:15,2758,2026-06-10 01:27:00,2026-06-10 01:28:00,,2026-06-10 01:32:00,2026-06-10 01:51:00,2026-06-10 01:32:00,2026-06-10 01:51:00,2026-06-10 01:49:00,2.0,1.0,2026-06-10 01:44:00,2026-06-10 01:57:00,,0.0,2026-06-10 01:40:00,2026-06-10 01:44:00,2026-06-10 01:52:00,2026-06-10 02:00:00,,,Баташан В. Ю.,Turkish Airlines,Выдача до 30 минут
2026-06-10,TK 217 ,321,АНТАЛЬЯ,25,Y(А11),01:18,1604,2026-06-10 01:30:00,2026-06-10 01:30:00,,2026-06-10 01:32:00,2026-06-10 01:45:00,2026-06-10 01:32:00,2026-06-10 01:45:00,2026-06-10 01:45:00,,2.0,2026-06-10 01:38:00,2026-06-10 01:52:00,,0.0,2026-06-10 01:47:00,2026-06-10 01:52:00,,,,,Скулов Е. С.,Turkish Airlines,Выдача до 30 минут
2026-06-10,TK 211 ,321,АНТАЛЬЯ,30,Y(А10),01:21,1817,2026-06-10 01:32:00,2026-06-10 01:38:00,3.0,2026-06-10 01:39:00,2026-06-10 01:45:00,2026-06-10 01:39:00,2026-06-10 01:45:00,2026-06-10 01:48:00,,,2026-06-10 01:41:00,2026-06-10 01:50:00,,0.0,2026-06-10 01:40:00,2026-06-10 01:55:00,,,,,Ушаков М. В.,Turkish Airlines,Выдача до 30 минут
2026-06-10,VF 275 ,73Х,СТАМБУЛ(САБИХА ГОКЦЕН),31,Y(А10),01:24,1836,2026-06-10 01:35:00,2026-06-10 01:40:00,2.0,2026-06-10 01:39:00,2026-06-10 01:51:00,2026-06-10 01:41:00,2026-06-10 01:51:00,2026-06-10 01:51:00,,,2026-06-10 01:47:00,2026-06-10 01:56:00,,0.0,2026-06-10 01:44:00,2026-06-10 01:47:00,2026-06-10 01:52:00,2026-06-10 01:56:00,,,"Саидов А. С., Табаров М.",AJET,Выдача до 30 минут
2026-06-10,TK 421 ,333,СТАМБУЛ(СТАМБУЛ НЬЮ),22,Y(А09),01:27,3427,-1,,,2026-06-10 01:47:00,2026-06-10 02:00:00,2026-06-10 01:47:00,2026-06-10 02:00:00,,,,2026-06-10 01:59:00,2026-06-10 02:06:00,,0.0,2026-06-10 01:55:00,2026-06-10 02:00:00,2026-06-10 02:17:00,2026-06-10 02:22:00,,,Галушко В.,Turkish Airlines,Некорректно проставлены отметки
2026-06-10,PC 1521 ,320,ИЗМИР(АДНАН МЕНДЕРЕС),26,Y(А13),01:30,2031,2026-06-10 01:41:00,2026-06-10 01:41:00,,2026-06-10 01:43:00,2026-06-10 02:02:00,2026-06-10 01:43:00,2026-06-10 02:02:00,2026-06-10 01:59:00,3.0,5.0,2026-06-10 01:55:00,2026-06-10 02:08:00,,0.0,2026-06-10 01:52:00,2026-06-10 01:55:00,2026-06-10 02:04:00,2026-06-10 02:11:00,,,Аганин А. А.,Pegasus,Выдача до 30 минут
2026-06-10,TK 3036 ,321,АНТАЛЬЯ,21,Y(А09),01:32,2817,2026-06-10 01:47:00,2026-06-10 01:52:00,2.0,2026-06-10 01:55:00,2026-06-10 02:07:00,2026-06-10 01:55:00,2026-06-10 02:07:00,2026-06-10 02:10:00,,,2026-06-10 02:08:00,2026-06-10 02:19:00,1.0,2.0,2026-06-10 02:02:00,2026-06-10 02:07:00,2026-06-10 02:04:00,2026-06-10 02:22:00,,,Шамсов Б. С.,Turkish Airlines,Выдача от 30 до 40 минут
2026-06-10,ФВ 6161 ,СУ9,САНКТ-ПЕТЕРБУРГ(ПУЛКОВО),9,Y(А04),01:35,94,2026-06-10 01:48:00,2026-06-10 01:51:00,,2026-06-10 01:53:00,2026-06-10 01:54:00,2026-06-10 01:53:00,2026-06-10 01:54:00,2026-06-10 01:53:00,1.0,,2026-06-10 01:57:00,2026-06-10 01:58:00,,0.0,2026-06-10 01:53:00,2026-06-10 01:58:00,,,,,Чеканов В. А.,Россия,Выдача до 30 минут
2026-06-10,ЮТ 358 ,73Х,САМАРА(КУРУМОЧ),11,Y(А06),01:37,526,2026-06-10 01:50:00,2026-06-10 01:50:00,,2026-06-10 02:03:00,2026-06-10 02:06:00,2026-06-10 02:03:00,2026-06-10 02:06:00,2026-06-10 01:58:00,8.0,,2026-06-10 02:17:00,2026-06-10 02:18:00,7.0,0.0,2026-06-10 02:14:00,2026-06-10 02:19:00,,,,,Поляков К. Н.,Ютэйр,Выдача до 30 минут
2026-06-10,AZO 7008 ,СУ9,ТБИЛИСИ(ТБИЛИСИ ИНТЛ.),28,Y(А11),01:41,465,2026-06-10 01:54:00,2026-06-10 01:56:00,,2026-06-10 02:01:00,2026-06-10 02:06:00,2026-06-10 02:01:00,2026-06-10 02:06:00,2026-06-10 02:01:00,5.0,2.0,2026-06-10 02:10:00,2026-06-10 02:11:00,,0.0,2026-06-10 02:06:00,2026-06-10 02:09:00,,,,,Королев А. А.,GEORGIAN AIRWAYS,Выдача до 30 минут
2026-06-10,TK 3002 ,321,АНТАЛЬЯ,24,Y(А10),01:44,2442,2026-06-10 02:02:00,2026-06-10 02:03:00,,2026-06-10 02:03:00,2026-06-10 02:19:00,2026-06-10 02:03:00,2026-06-10 02:19:00,2026-06-10 02:22:00,,,2026-06-10 02:16:00,2026-06-10 02:24:00,,0.0,2026-06-10 02:10:00,2026-06-10 02:16:00,2026-06-10 02:13:00,2026-06-10 02:26:00,,,Кутейников А. В.,Turkish Airlines,Выдача до 30 минут
2026-06-10,3F 323 ,320,ЕРЕВАН(ЗВАРТНОЦ ИНТЛ),27,Y(А13),01:48,779,2026-06-10 02:03:00,2026-06-10 02:05:00,,2026-06-10 02:09:00,2026-06-10 02:15:00,2026-06-10 02:09:00,2026-06-10 02:15:00,2026-06-10 02:12:00,3.0,1.0,2026-06-10 02:20:00,2026-06-10 02:23:00,,0.0,2026-06-10 02:16:00,2026-06-10 02:20:00,,,,,Скулов Е. С.,FLYONE Armenia,Выдача до 30 минут
2026-06-10,TK 3154 ,321,БОДРУМ(МИЛАС),23,Y(А09),02:22,1997,-1,,,2026-06-10 02:37:00,2026-06-10 02:45:00,2026-06-10 02:37:00,2026-06-10 02:45:00,,,,2026-06-10 02:46:00,2026-06-10 02:52:00,,0.0,2026-06-10 02:48:00,2026-06-10 02:58:00,,,,,Королев А. А.,Turkish Airlines,Некорректно проставлены отметки
2026-06-10,FZ 987 ,7М8,ДУБАЙ(ДУБАЙ ИНТЛ.),20,Y(А12),02:30,1695,2026-06-10 02:42:00,2026-06-10 02:42:00,,2026-06-10 02:45:00,2026-06-10 02:53:00,2026-06-10 02:45:00,2026-06-10 02:53:00,2026-06-10 02:57:00,,,2026-06-10 02:57:00,2026-06-10 02:58:00,,0.0,2026-06-10 02:52:00,2026-06-10 02:56:00,2026-06-10 03:08:00,2026-06-10 03:09:00,,,Ушаков М. В.,flydubai,Выдача до 30 минут
2026-06-10,PC 386 ,32Щ,СТАМБУЛ(САБИХА ГОКЦЕН),18,Y(А10),02:33,3266,2026-06-10 02:44:00,2026-06-10 02:45:00,,2026-06-10 02:47:00,2026-06-10 03:18:00,2026-06-10 02:47:00,2026-06-10 03:18:00,2026-06-10 03:10:00,8.0,9.0,2026-06-10 03:01:00,2026-06-10 03:27:00,,13.0,2026-06-10 03:26:00,2026-06-10 03:28:00,2026-06-10 02:54:00,2026-06-10 03:01:00,2026-06-10 03:23:00,2026-06-10 03:28:00,Федоров Н. В.,Pegasus,Выдача более 40 минут
2026-06-10,ДР 198 ,73Х,ВЛАДИКАВКАЗ(БЕСЛАН),48,Y(А05),03:01,562,2026-06-10 03:09:00,2026-06-10 03:11:00,,2026-06-10 03:12:00,2026-06-10 03:16:00,2026-06-10 03:12:00,2026-06-10 03:16:00,2026-06-10 03:17:00,,,2026-06-10 03:24:00,2026-06-10 03:27:00,,0.0,2026-06-10 03:23:00,2026-06-10 03:24:00,,,,,Шамсов Б. С.,Победа,Выдача до 30 минут
2026-06-10,4S 319 ,73Х,ХУРГАДА(ХУРГАДА ИНТЛ.),25,Y(А09),03:04,1985,2026-06-10 03:15:00,2026-06-10 03:20:00,2.0,2026-06-10 03:20:00,2026-06-10 03:35:00,2026-06-10 03:20:00,2026-06-10 03:35:00,2026-06-10 03:32:00,3.0,2.0,2026-06-10 03:30:00,2026-06-10 03:41:00,,0.0,2026-06-10 03:26:00,2026-06-10 03:30:00,2026-06-10 03:38:00,2026-06-10 03:41:00,,,Баташан В. Ю.,Red Sea,Выдача до 30 минут
2026-06-10,ДР 116B,7С8,СОЧИ,43,Y(А06),03:09,596,2026-06-10 03:17:00,2026-06-10 03:17:00,,2026-06-10 03:21:00,2026-06-10 03:29:00,2026-06-10 03:21:00,2026-06-10 03:29:00,2026-06-10 03:25:00,4.0,4.0,2026-06-10 03:36:00,2026-06-10 03:40:00,,0.0,2026-06-10 03:34:00,2026-06-10 03:35:00,,,,,Табаров М.,Победа,Выдача до 30 минут
2026-06-10,ЖГ 932 ,73Й,ТБИЛИСИ(ТБИЛИСИ ИНТЛ.),30,Y(А10),03:12,2285,2026-06-10 03:22:00,2026-06-10 03:25:00,,2026-06-10 03:25:00,2026-06-10 03:47:00,2026-06-10 03:25:00,2026-06-10 03:47:00,2026-06-10 03:41:00,6.0,7.0,2026-06-10 03:35:00,2026-06-10 03:54:00,,2.0,2026-06-10 03:31:00,2026-06-10 03:35:00,2026-06-10 03:51:00,2026-06-10 03:57:00,,,Скулов Е. С.,GEORGIAN AIRWAYS,Выдача от 30 до 40 минут
2026-06-10,VF 587 ,73Х,АНКАРА(ЕСЕНБОГА),22,Y(А09),04:16,1930,2026-06-10 04:29:00,2026-06-10 04:30:00,,2026-06-10 04:31:00,2026-06-10 04:43:00,2026-06-10 04:31:00,2026-06-10 04:43:00,2026-06-10 04:46:00,,,2026-06-10 04:41:00,2026-06-10 04:48:00,,0.0,2026-06-10 04:38:00,2026-06-10 04:42:00,2026-06-10 04:48:00,2026-06-10 04:49:00,,,Соболь М. Ф.,AJET,Выдача до 30 минут
2026-06-10,PC 1456 ,32Щ,БОДРУМ(МИЛАС),20,Y(А13),04:20,2101,2026-06-10 04:28:00,2026-06-10 04:31:00,,2026-06-10 04:33:00,2026-06-10 04:46:00,2026-06-10 04:33:00,2026-06-10 04:46:00,2026-06-10 04:46:00,,,2026-06-10 04:42:00,2026-06-10 04:53:00,,0.0,2026-06-10 04:37:00,2026-06-10 04:43:00,2026-06-10 04:47:00,2026-06-10 04:53:00,,,Скулов Е. С.,Pegasus,Выдача до 30 минут
2026-06-10,NE 600 ,320,ХУРГАДА(ХУРГАДА ИНТЛ.),19,Y(А11),04:43,1830,2026-06-10 04:52:00,2026-06-10 04:53:00,,2026-06-10 04:55:00,2026-06-10 05:08:00,2026-06-10 04:55:00,2026-06-10 05:08:00,2026-06-10 05:08:00,,1.0,2026-06-10 05:07:00,2026-06-10 05:20:00,,0.0,2026-06-10 05:03:00,2026-06-10 05:10:00,2026-06-10 05:15:00,2026-06-10 05:21:00,,,Ушаков М. В.,Nesma Airlines,Выдача до 30 минут
2026-06-10,VF 277 ,73Х,СТАМБУЛ(САБИХА ГОКЦЕН),24,Y(А12),04:48,1364,2026-06-10 05:01:00,2026-06-10 05:03:00,,2026-06-10 05:04:00,2026-06-10 05:24:00,2026-06-10 05:05:00,2026-06-10 05:24:00,2026-06-10 05:14:00,10.0,10.0,2026-06-10 05:13:00,2026-06-10 05:28:00,,0.0,2026-06-10 05:09:00,2026-06-10 05:13:00,2026-06-10 05:27:00,2026-06-10 05:28:00,,,"Аганин А. А., Кутейников А. В.",AJET,Выдача до 30 минут
2026-06-10,PC 390 ,32Щ,СТАМБУЛ(САБИХА ГОКЦЕН),25,Y(А10),05:06,2692,2026-06-10 05:15:00,2026-06-10 05:16:00,,2026-06-10 05:19:00,2026-06-10 05:45:00,2026-06-10 05:19:00,2026-06-10 05:45:00,2026-06-10 05:37:00,8.0,8.0,2026-06-10 05:50:00,2026-06-10 05:51:00,15.0,6.0,2026-06-10 05:25:00,2026-06-10 05:29:00,2026-06-10 05:45:00,2026-06-10 05:52:00,,,"Баташан В. Ю., Табаров М.",Pegasus,Выдача от 30 до 40 минут
2026-06-10,TK 419 ,332,СТАМБУЛ(СТАМБУЛ НЬЮ),23,Y(А09),05:09,3706,2026-06-10 05:28:00,2026-06-10 05:30:00,,2026-06-10 05:30:00,2026-06-10 05:42:00,2026-06-10 05:30:00,2026-06-10 05:42:00,2026-06-10 05:57:00,,,2026-06-10 05:40:00,2026-06-10 05:45:00,,0.0,2026-06-10 05:34:00,2026-06-10 05:42:00,2026-06-10 05:52:00,2026-06-10 05:59:00,,,Лаптев В. В.,Turkish Airlines,Выдача до 30 минут
2026-06-10,PC 1458 ,32Щ,ДАЛАМАН,20,Y(А11),05:56,2055,2026-06-10 06:09:00,2026-06-10 06:10:00,,2026-06-10 06:11:00,2026-06-10 06:24:00,2026-06-10 06:11:00,2026-06-10 06:24:00,2026-06-10 06:27:00,,,2026-06-10 06:21:00,2026-06-10 06:30:00,,0.0,2026-06-10 06:17:00,2026-06-10 06:21:00,2026-06-10 06:25:00,2026-06-10 06:30:00,,,Галушко В.,Pegasus,Выдача до 30 минут
2026-06-10,TK 407 ,333,СТАМБУЛ(СТАМБУЛ НЬЮ),22,Y(А10),06:00,3356,2026-06-10 06:12:00,2026-06-10 06:15:00,,2026-06-10 06:14:00,2026-06-10 06:27:00,2026-06-10 06:15:00,2026-06-10 06:27:00,2026-06-10 06:38:00,,,2026-06-10 06:27:00,2026-06-10 06:31:00,,0.0,2026-06-10 06:15:05,2026-06-10 06:28:00,2026-06-10 06:46:00,2026-06-10 06:49:00,,,"Аганин А. А., Соболь М. Ф.",Turkish Airlines,Выдача до 30 минут
2026-06-10,ЮТ 744 ,734,ГЯНДЖА,16,Y(А12),06:10,888,2026-06-10 06:17:00,2026-06-10 06:25:00,5.0,2026-06-10 06:26:00,2026-06-10 06:34:00,2026-06-10 06:26:00,2026-06-10 06:34:00,2026-06-10 06:27:00,7.0,2.0,2026-06-10 06:39:00,2026-06-10 06:41:00,,0.0,2026-06-10 06:36:00,2026-06-10 06:43:00,,,,,Поляков К. Н.,Ютэйр,Выдача до 30 минут
2026-06-10,ДР 1188 ,73Х,МАХАЧКАЛА,47,Y(А04),06:21,291,2026-06-10 06:31:00,2026-06-10 06:31:00,,2026-06-10 06:35:00,2026-06-10 06:39:00,2026-06-10 06:35:00,2026-06-10 06:39:00,2026-06-10 06:37:00,2.0,2.0,2026-06-10 06:49:00,2026-06-10 06:51:00,,0.0,2026-06-10 06:43:00,2026-06-10 06:50:00,,,,,Скулов Е. С.,Победа,Выдача до 30 минут
2026-06-10,ДР 434 ,73Х,ПЕРМЬ(БОЛЬШОЕ САВИНО),46,Y(А05),06:47,330,2026-06-10 07:00:00,2026-06-10 07:02:00,,2026-06-10 07:03:00,2026-06-10 07:07:00,2026-06-10 07:03:00,2026-06-10 07:07:00,2026-06-10 07:06:00,1.0,2.0,2026-06-10 07:13:00,2026-06-10 07:14:00,,0.0,2026-06-10 07:07:00,2026-06-10 07:13:00,,,,,Поляков К. Н.,Победа,Выдача до 30 минут
2026-06-10,ДР 436 ,7С8,УФА,48,Y(А05),06:52,224,2026-06-10 07:00:00,2026-06-10 07:01:00,,2026-06-10 07:03:00,2026-06-10 07:05:00,2026-06-10 07:03:00,2026-06-10 07:05:00,2026-06-10 07:05:00,,1.0,2026-06-10 07:11:00,2026-06-10 07:12:00,,0.0,2026-06-10 07:07:00,2026-06-10 07:12:00,,,,,Кутейников А. В.,Победа,Выдача до 30 минут
2026-06-10,ЮТ 786 ,73Х,ЕРЕВАН(ЗВАРТНОЦ ИНТЛ),21,Y(А13),07:17,1425,2026-06-10 07:25:00,2026-06-10 07:26:00,,2026-06-10 07:30:00,2026-06-10 07:40:00,2026-06-10 07:39:00,2026-06-10 07:40:00,2026-06-10 07:39:00,1.0,,2026-06-10 07:39:00,2026-06-10 07:46:00,,0.0,2026-06-10 07:35:00,2026-06-10 07:40:00,2026-06-10 07:40:00,2026-06-10 07:47:00,,,"Иванов В. А., Коляскин А. Г.",Ютэйр,Выдача до 30 минут
2026-06-10,ЮТ 454 ,73Х,ТЮМЕНЬ(РОЩИНО),13,Y(А06),07:56,577,2026-06-10 08:08:00,2026-06-10 08:10:00,,2026-06-10 08:11:00,2026-06-10 08:16:00,2026-06-10 08:11:00,2026-06-10 08:16:00,2026-06-10 08:16:00,,1.0,2026-06-10 08:23:00,2026-06-10 08:26:00,,0.0,2026-06-10 08:20:00,2026-06-10 08:24:00,,,,,Фанин - Богданов Анатолий Н. О.,Ютэйр,Выдача до 30 минут
2026-06-10,ДР 408 ,73Х,ЕКАТЕРИНБУРГ(КОЛЬЦОВО),62,Y(А05),08:05,405,2026-06-10 08:13:00,2026-06-10 08:17:00,1.0,2026-06-10 08:17:00,2026-06-10 08:18:00,2026-06-10 08:17:00,2026-06-10 08:18:00,2026-06-10 08:20:00,,,2026-06-10 08:24:00,2026-06-10 08:25:00,,0.0,2026-06-10 08:17:00,2026-06-10 08:24:00,,,,,Кузин К. С.,Победа,Выдача до 30 минут
2026-06-10,ЯК 475 ,7С8,ЯКУТСК,14,Y(А06),08:11,1009,2026-06-10 08:31:00,2026-06-10 08:32:00,,2026-06-10 08:36:00,2026-06-10 08:43:00,2026-06-10 08:36:00,2026-06-10 08:43:00,2026-06-10 08:42:00,1.0,,2026-06-10 08:37:00,2026-06-10 08:38:00,,0.0,2026-06-10 08:46:00,2026-06-10 08:50:00,,,,,Тришкин А. В.,Якутия,Выдача до 30 минут
2026-06-10,ДР 744 ,73Х,ОШ,50,Y(А13),08:33,627,2026-06-10 08:42:00,2026-06-10 08:45:00,,2026-06-10 08:44:00,2026-06-10 08:49:00,2026-06-10 08:45:00,2026-06-10 08:49:00,2026-06-10 08:50:00,,,2026-06-10 08:54:00,2026-06-10 08:57:00,,0.0,2026-06-10 08:48:00,2026-06-10 08:54:00,,,,,"Аганин А. А., Вазиров Т. В.",Победа,Выдача до 30 минут
2026-06-10,ХИ 9617 ,320,НАВОИ(НАВОИ ИНТЛ.),26,Y(А11),08:36,1637,2026-06-10 08:48:00,2026-06-10 08:50:00,,2026-06-10 08:51:00,2026-06-10 09:02:00,2026-06-10 08:51:00,2026-06-10 09:02:00,2026-06-10 09:03:00,,,2026-06-10 09:00:00,2026-06-10 09:08:00,,0.0,2026-06-10 08:56:00,2026-06-10 09:00:00,2026-06-10 09:03:00,2026-06-10 09:07:00,,,"Давлатов Б. Ч., Фанин - Богданов Анатолий Н. О.",UZBEKISTAN AIRWAYS,Выдача до 30 минут
2026-06-10,ХИ 9607 ,32Н,БУХАРА(БУХАРА ИНТЛ.),23,Y(А09),08:45,1959,2026-06-10 09:00:00,2026-06-10 09:02:00,,2026-06-10 09:05:00,2026-06-10 09:21:00,2026-06-10 09:05:00,2026-06-10 09:21:00,2026-06-10 09:17:00,4.0,3.0,2026-06-10 09:16:00,2026-06-10 09:28:00,,0.0,2026-06-10 09:12:00,2026-06-10 09:16:00,2026-06-10 09:24:00,2026-06-10 09:28:00,,,Кейта А. С.,UZBEKISTAN AIRWAYS,Выдача до 30 минут
2026-06-10,ФВ 6051 ,СУ9,САНКТ-ПЕТЕРБУРГ(ПУЛКОВО),8,Y(А04),08:48,73,2026-06-10 09:01:00,2026-06-10 09:01:00,,2026-06-10 09:04:00,2026-06-10 09:05:00,2026-06-10 09:04:00,2026-06-10 09:05:00,2026-06-10 09:05:00,,1.0,2026-06-10 09:08:00,2026-06-10 09:09:00,,0.0,2026-06-10 09:06:00,2026-06-10 09:08:00,,,,,Королёв Е. А.,Россия,Выдача до 30 минут
2026-06-10,ЮТ 248 ,734,СУРГУТ,12,Y(А07),09:00,463,2026-06-10 09:09:00,2026-06-10 09:09:00,,2026-06-10 09:12:00,2026-06-10 09:17:00,2026-06-10 09:12:00,2026-06-10 09:17:00,2026-06-10 09:16:00,1.0,2.0,2026-06-10 09:24:00,2026-06-10 09:25:00,,0.0,2026-06-10 09:20:00,2026-06-10 09:23:00,,,,,Виноградов А. А.,Ютэйр,Выдача до 30 минут
2026-06-10,ЮТ 560 ,73Х,МАХАЧКАЛА,24,Y(А05),09:03,539,2026-06-10 09:12:00,2026-06-10 09:16:00,1.0,2026-06-10 09:15:00,2026-06-10 09:16:00,2026-06-10 09:15:00,2026-06-10 09:16:00,2026-06-10 09:20:00,,,2026-06-10 09:20:00,2026-06-10 09:22:00,,0.0,2026-06-10 09:17:00,2026-06-10 09:22:00,,,,,Харитонов- Тихонов И. А.,Ютэйр,Выдача до 30 минут
2026-06-10,ЮТ 364 ,73Х,УФА,25,Y(А05),09:05,481,2026-06-10 09:15:00,2026-06-10 09:19:00,1.0,2026-06-10 09:31:00,2026-06-10 09:37:00,2026-06-10 09:32:00,2026-06-10 09:37:00,2026-06-10 09:22:00,15.0,2.0,2026-06-10 09:39:00,2026-06-10 09:41:00,,0.0,2026-06-10 09:37:00,2026-06-10 09:39:00,,,,,"Аристархов Н. В., Чеканов В. А.",Ютэйр,Выдача до 30 минут
2026-06-10,ЯМ 597 ,73Х,МИРНЫЙ,4,Y(А06),09:21,1337,2026-06-10 09:28:00,2026-06-10 09:31:00,,2026-06-10 09:32:00,2026-06-10 09:48:00,2026-06-10 09:32:00,2026-06-10 09:48:00,2026-06-10 09:41:00,7.0,7.0,2026-06-10 09:44:00,2026-06-10 09:54:00,,0.0,2026-06-10 09:40:00,2026-06-10 09:44:00,2026-06-10 09:50:00,2026-06-10 09:54:00,,,Иванов В. А.,Алроса,Выдача до 30 минут
2026-06-10,ВГ 2390 ,ЯК4,ВОЛОГДА,45,0,09:25,94,2026-06-10 09:31:00,2026-06-10 09:32:00,,2026-06-10 09:32:00,2026-06-10 09:33:00,2026-06-10 09:32:00,2026-06-10 09:33:00,2026-06-10 09:36:00,,,,-1,,0.0,,,,,,,Коляскин А. Г.,Вологодское АП,Не определено
2026-06-10,ФВ 6003 ,СУ9,САНКТ-ПЕТЕРБУРГ(ПУЛКОВО),9,Y(А04),09:33,26,2026-06-10 09:41:00,2026-06-10 09:42:00,,2026-06-10 09:45:00,2026-06-10 09:46:00,2026-06-10 09:45:00,2026-06-10 09:46:00,2026-06-10 09:45:00,1.0,1.0,2026-06-10 09:49:00,2026-06-10 09:50:00,,0.0,2026-06-10 09:46:00,2026-06-10 09:50:00,,,,,Кузин К. С.,Россия,Выдача до 30 минут
2026-06-10,ЮТ 572 ,73Х,КРАСНОЯРСК,21,Y(А07),09:35,910,2026-06-10 09:46:00,2026-06-10 09:47:00,,2026-06-10 09:49:00,2026-06-10 09:59:00,2026-06-10 09:51:00,2026-06-10 09:59:00,2026-06-10 09:56:00,3.0,2.0,2026-06-10 10:03:00,2026-06-10 10:04:00,,0.0,2026-06-10 09:59:00,2026-06-10 10:03:00,,,,,"Барабанов А. М., Лесной Д. А.",Ютэйр,Выдача до 30 минут
2026-06-10,ФВ 6005 ,СУ9,САНКТ-ПЕТЕРБУРГ(ПУЛКОВО),8,Y(А04),10:16,27,2026-06-10 10:27:00,2026-06-10 10:29:00,,2026-06-10 10:34:00,2026-06-10 10:35:00,2026-06-10 10:34:00,2026-06-10 10:35:00,2026-06-10 10:31:00,4.0,1.0,2026-06-10 10:37:00,2026-06-10 10:38:00,,0.0,2026-06-10 10:34:00,2026-06-10 10:37:00,,,,,Иванов В. А.,Россия,Выдача до 30 минут
2026-06-10,ЮТ 446 ,73Е,КОГАЛЫМ,10,Y(А07),10:18,493,2026-06-10 10:30:00,2026-06-10 10:31:00,,2026-06-10 10:34:00,2026-06-10 10:38:00,2026-06-10 10:34:00,2026-06-10 10:38:00,2026-06-10 10:37:00,1.0,1.0,2026-06-10 10:43:00,2026-06-10 10:45:00,,0.0,2026-06-10 10:41:00,2026-06-10 10:44:00,,,,,Кузин К. С.,Ютэйр,Выдача до 30 минут
2026-06-10,ДР 732 ,7С8,НУКУС,48,Y(А12),10:21,744,2026-06-10 10:29:00,2026-06-10 10:38:00,6.0,2026-06-10 10:32:00,2026-06-10 10:38:00,2026-06-10 10:32:00,2026-06-10 10:38:00,2026-06-10 10:38:00,,1.0,2026-06-10 10:46:00,2026-06-10 10:48:00,,0.0,2026-06-10 10:47:00,2026-06-10 10:48:00,,,,,Коляскин А. Г.,Победа,Выдача до 30 минут
2026-06-10,ЮТ 356 ,73Х,ГРОЗНЫЙ(СЕВЕРНЫЙ),11,Y(А05),10:36,281,2026-06-10 10:44:00,2026-06-10 10:45:00,,2026-06-10 11:07:00,2026-06-10 11:10:00,2026-06-10 11:07:00,2026-06-10 11:10:00,2026-06-10 10:50:00,20.0,1.0,2026-06-10 11:14:00,2026-06-10 11:20:00,10.0,6.0,2026-06-10 11:11:00,2026-06-10 11:13:00,,,,,Виноградов А. А.,Ютэйр,Выдача от 30 до 40 минут
2026-06-10,ДР 714 ,7С8,САМАРКАНД(САМАРКАНД ИНТЛ.),47,Y(А12),10:38,275,2026-06-10 10:45:00,2026-06-10 10:48:00,,2026-06-10 10:47:00,2026-06-10 10:51:00,2026-06-10 10:47:00,2026-06-10 10:51:00,2026-06-10 10:51:00,,2.0,2026-06-10 10:57:00,2026-06-10 10:58:00,,0.0,2026-06-10 10:51:00,2026-06-10 10:57:00,,,,,"Вазиров Т. В., Королёв Е. А.",Победа,Выдача до 30 минут
2026-06-10,DV 801 ,7М8,ШЫМКЕНТ(ШЫМКЕНТ ИНТЛ.),18,Y(А13),10:42,1644,2026-06-10 11:01:00,2026-06-10 11:02:00,,2026-06-10 11:01:00,2026-06-10 11:15:00,2026-06-10 11:01:00,2026-06-10 11:15:00,2026-06-10 11:16:00,,3.0,2026-06-10 11:12:00,2026-06-10 11:28:00,,0.0,2026-06-10 11:08:00,2026-06-10 11:13:00,2026-06-10 11:18:00,2026-06-10 11:28:00,,,Тришкин А. В.,SCAT Airlines,Выдача до 30 минут
2026-06-10,3F 321 ,321,ЕРЕВАН(ЗВАРТНОЦ ИНТЛ),29,Y(А13),10:45,1620,2026-06-10 11:02:00,2026-06-10 11:04:00,,2026-06-10 11:05:00,2026-06-10 11:20:00,2026-06-10 11:08:00,2026-06-10 11:20:00,2026-06-10 11:17:00,3.0,1.0,2026-06-10 11:14:00,2026-06-10 11:29:00,,0.0,2026-06-10 11:11:00,2026-06-10 11:14:00,2026-06-10 11:18:00,2026-06-10 11:26:00,,,"Иванов В. А., Кейта А. С.",FLYONE Armenia,Выдача до 30 минут
2026-06-10,ДР 414 ,73Х,ЧЕЛЯБИНСК(БАЛАНДИНО),49,Y(А07),10:58,357,2026-06-10 11:06:00,2026-06-10 11:11:00,2.0,2026-06-10 11:09:00,2026-06-10 11:11:00,2026-06-10 11:09:00,2026-06-10 11:11:00,2026-06-10 11:12:00,,,2026-06-10 11:20:00,2026-06-10 11:22:00,,0.0,2026-06-10 11:12:00,2026-06-10 11:20:00,,,,,Фанин - Богданов Анатолий Н. О.,Победа,Выдача до 30 минут
2026-06-10,ЖГ 936 ,73Х,ТБИЛИСИ(ТБИЛИСИ ИНТЛ.),30,Y(А11),11:04,1164,2026-06-10 11:10:00,2026-06-10 11:13:00,,2026-06-10 11:13:00,2026-06-10 11:21:00,2026-06-10 11:13:00,2026-06-10 11:21:00,2026-06-10 11:22:00,,,2026-06-10 11:27:00,2026-06-10 11:30:00,,0.0,2026-06-10 11:21:00,2026-06-10 11:27:00,,,,,Аристархов Н. В.,GEORGIAN AIRWAYS,Выдача до 30 минут
2026-06-10,TK 413 ,333,СТАМБУЛ(СТАМБУЛ НЬЮ),22,Y(А09),11:07,2647,2026-06-10 11:19:00,2026-06-10 11:22:00,,2026-06-10 11:22:00,2026-06-10 11:34:00,2026-06-10 11:22:00,2026-06-10 11:34:00,2026-06-10 11:41:00,,,2026-06-10 11:40:00,2026-06-10 11:46:00,1.0,0.0,2026-06-10 11:40:00,2026-06-10 11:46:00,2026-06-10 11:49:00,2026-06-10 11:52:00,,,Чеканов В. А.,Turkish Airlines,Выдача до 30 минут
2026-06-10,ФВ 6007 ,СУ9,САНКТ-ПЕТЕРБУРГ(ПУЛКОВО),9,Y(А04),11:15,49,2026-06-10 11:31:00,2026-06-10 11:32:00,,2026-06-10 11:33:00,2026-06-10 11:34:00,2026-06-10 11:33:00,2026-06-10 11:34:00,2026-06-10 11:35:00,,1.0,2026-06-10 11:36:00,2026-06-10 11:37:00,,0.0,2026-06-10 11:34:00,2026-06-10 11:37:00,,,,,Коляскин А. Г.,Россия,Выдача до 30 минут
2026-06-10,ХИ 9615 ,32Н,УРГЕНЧ(УРГЕНЧ ИНТЛ.),25,Y(А10),11:25,1846,2026-06-10 11:39:00,2026-06-10 11:39:00,,2026-06-10 11:44:00,2026-06-10 11:59:00,2026-06-10 11:44:00,2026-06-10 11:59:00,2026-06-10 11:55:00,4.0,3.0,2026-06-10 11:54:00,2026-06-10 12:04:00,,0.0,2026-06-10 11:50:00,2026-06-10 11:53:00,2026-06-10 12:00:00,2026-06-10 12:04:00,,,Барабанов А. М.,UZBEKISTAN AIRWAYS,Выдача до 30 минут
2026-06-10,РГ 194 ,ЦР2,ТАМБОВ,44,Y(А04),11:35,127,2026-06-10 11:43:00,2026-06-10 11:43:00,,2026-06-10 11:44:00,2026-06-10 11:45:00,2026-06-10 11:44:00,2026-06-10 11:45:00,2026-06-10 11:48:00,,,2026-06-10 11:53:00,2026-06-10 11:54:00,,0.0,2026-06-10 11:46:00,2026-06-10 11:53:00,,,,,Фанин - Богданов Анатолий Н. О.,Руслайн,Выдача до 30 минут
2026-06-10,J2 807 ,76В,БАКУ(ИМ. ГЕЙДАРА АЛИЕВА),23,Y(А12),11:39,1530,2026-06-10 11:51:00,2026-06-10 11:53:00,,2026-06-10 11:54:00,2026-06-10 12:03:00,2026-06-10 11:54:00,2026-06-10 12:03:00,2026-06-10 12:05:00,,,2026-06-10 12:06:00,2026-06-10 12:23:00,,2.0,2026-06-10 11:56:00,2026-06-10 12:07:00,,,,,Королёв Е. А.,AZAL,Выдача от 30 до 40 минут
2026-06-10,AZO 7108 ,СУ9,ТБИЛИСИ(ТБИЛИСИ ИНТЛ.),28,Y(А11),11:45,478,2026-06-10 11:56:00,2026-06-10 11:58:00,,2026-06-10 11:58:00,2026-06-10 12:02:00,2026-06-10 11:58:00,2026-06-10 12:02:00,2026-06-10 12:03:00,,1.0,2026-06-10 12:06:00,2026-06-10 12:07:00,,0.0,2026-06-10 12:03:00,2026-06-10 12:06:00,,,,,Вазиров Т. В.,GEORGIAN AIRWAYS,Выдача до 30 минут
2026-06-10,УР 412 ,763,ДАЛАМАН,19,Y(А10),11:48,3044,2026-06-10 11:57:00,2026-06-10 11:59:00,,2026-06-10 12:06:00,2026-06-10 12:16:00,2026-06-10 12:06:00,2026-06-10 12:16:00,2026-06-10 12:21:00,,,2026-06-10 12:17:00,2026-06-10 12:21:00,,0.0,2026-06-10 12:06:00,2026-06-10 12:16:00,2026-06-10 12:28:00,2026-06-10 12:36:00,,,Давлатов Б. Ч.,FLYONE Armenia,Выдача до 30 минут
2026-06-10,ДР 114 ,73Х,СОЧИ,50,Y(А05),11:57,597,2026-06-10 12:04:00,2026-06-10 12:07:00,,2026-06-10 12:08:00,2026-06-10 12:12:00,2026-06-10 12:08:00,2026-06-10 12:12:00,2026-06-10 12:12:00,,,2026-06-10 12:17:00,2026-06-10 12:18:00,,0.0,2026-06-10 12:12:00,2026-06-10 12:18:00,,,,,Иванов В. А.,Победа,Выдача до 30 минут
2026-06-10,TK 3070 ,321,АНТАЛЬЯ,21,Y(А09),11:59,1940,2026-06-10 12:08:00,2026-06-10 12:11:00,,2026-06-10 12:15:00,2026-06-10 12:24:00,2026-06-10 12:15:00,2026-06-10 12:24:00,2026-06-10 12:25:00,,,2026-06-10 12:28:00,2026-06-10 12:31:00,,0.0,2026-06-10 12:24:00,2026-06-10 12:31:00,,,,,Коляскин А. Г.,Turkish Airlines,Выдача до 30 минут
2026-06-10,TK 1231 ,32Б,АНТАЛЬЯ,20,Y(А09),12:04,1918,2026-06-10 12:15:00,2026-06-10 12:17:00,,2026-06-10 12:17:00,2026-06-10 12:28:00,2026-06-10 12:17:00,2026-06-10 12:28:00,2026-06-10 12:32:00,,,2026-06-10 12:32:00,2026-06-10 12:36:00,,0.0,2026-06-10 12:26:00,2026-06-10 12:36:00,,,,,Харитонов- Тихонов И. А.,Turkish Airlines,Выдача до 30 минут
2026-06-10,ФВ 6009 ,СУ9,САНКТ-ПЕТЕРБУРГ(ПУЛКОВО),8,Y(А04),12:17,356,2026-06-10 12:30:00,2026-06-10 12:32:00,,2026-06-10 12:37:00,2026-06-10 12:41:00,2026-06-10 12:37:00,2026-06-10 12:41:00,2026-06-10 12:36:00,5.0,2.0,2026-06-10 12:43:00,2026-06-10 12:44:00,,0.0,2026-06-10 12:41:00,2026-06-10 12:43:00,,,,,Тришкин А. В.,Россия,Выдача до 30 минут
2026-06-10,НВЦ 9158 ,32Щ,САБЕТТА,12,Y(А06),12:21,1712,2026-06-10 12:35:00,2026-06-10 12:37:00,,2026-06-10 12:40:00,2026-06-10 12:52:00,2026-06-10 12:40:00,2026-06-10 12:52:00,2026-06-10 12:50:00,2.0,1.0,2026-06-10 12:48:00,2026-06-10 12:59:00,,0.0,2026-06-10 12:45:00,2026-06-10 12:48:00,2026-06-10 12:54:00,2026-06-10 12:58:00,,,Кузин К. С.,Северо-Запад,Выдача до 30 минут
2026-06-10,А4 7034 ,СУ9,ПСКОВ(КРЕСТЫ),43,Y(А07),12:28,221,2026-06-10 12:36:00,2026-06-10 12:39:00,,2026-06-10 12:41:00,2026-06-10 12:44:00,2026-06-10 12:41:00,2026-06-10 12:44:00,2026-06-10 12:41:00,3.0,2.0,2026-06-10 12:50:00,2026-06-10 12:51:00,,0.0,2026-06-10 12:45:00,2026-06-10 12:50:00,,,,,Фанин - Богданов Анатолий Н. О.,Азимут,Выдача до 30 минут
2026-06-10,ДР 1476 ,73Х,САРАТОВ(ГАГАРИН),49,Y(А08),12:35,405,2026-06-10 12:42:00,2026-06-10 12:45:00,,2026-06-10 12:45:00,2026-06-10 12:49:00,2026-06-10 12:45:00,2026-06-10 12:49:00,2026-06-10 12:49:00,,1.0,2026-06-10 12:55:00,2026-06-10 12:56:00,,0.0,2026-06-10 12:50:00,2026-06-10 12:55:00,,,,,Давлатов Б. Ч.,Победа,Выдача до 30 минут
2026-06-10,NE 602 ,320,ХУРГАДА(ХУРГАДА ИНТЛ.),29,Y(А11),12:40,1666,2026-06-10 12:54:00,2026-06-10 12:57:00,,2026-06-10 12:58:00,2026-06-10 13:13:00,2026-06-10 12:58:00,2026-06-10 13:13:00,2026-06-10 13:09:00,4.0,4.0,2026-06-10 13:07:00,2026-06-10 13:17:00,,0.0,2026-06-10 13:04:00,2026-06-10 13:07:00,2026-06-10 13:13:00,2026-06-10 13:16:00,,,Аристархов Н. В.,Nesma Airlines,Выдача до 30 минут
2026-06-10,ДР 160 ,73Х,КРАСНОДАР(ПАШКОВСКИЙ),50,Y(А05),13:01,648,2026-06-10 13:14:00,2026-06-10 13:15:00,,2026-06-10 13:18:00,2026-06-10 13:25:00,2026-06-10 13:18:00,2026-06-10 13:25:00,2026-06-10 13:22:00,3.0,3.0,2026-06-10 13:30:00,2026-06-10 13:32:00,,0.0,2026-06-10 13:25:00,2026-06-10 13:31:00,,,,,Тришкин А. В.,Победа,Выдача до 30 минут
2026-06-10,TK 3024 ,321,АНТАЛЬЯ,26,Y(А12),13:14,1413,2026-06-10 13:27:00,2026-06-10 13:27:00,,2026-06-10 13:31:00,2026-06-10 13:36:00,2026-06-10 13:31:00,2026-06-10 13:36:00,2026-06-10 13:40:00,,,2026-06-10 13:41:00,2026-06-10 13:43:00,,0.0,2026-06-10 13:32:00,2026-06-10 13:42:00,,,,,Чеканов В. А.,Turkish Airlines,Выдача до 30 минут
2026-06-10,ЯМ 543 ,73Х,НОВОСИБИРСК(ТОЛМАЧЕВО),11,Y(А06),13:16,1484,2026-06-10 13:29:00,2026-06-10 13:31:00,,2026-06-10 13:31:00,2026-06-10 13:46:00,2026-06-10 13:31:00,2026-06-10 13:46:00,2026-06-10 13:43:00,3.0,5.0,2026-06-10 13:44:00,2026-06-10 13:52:00,,0.0,2026-06-10 13:35:00,2026-06-10 13:39:00,2026-06-10 13:49:00,2026-06-10 13:51:00,,,Вазиров Т. В.,Алроса,Выдача до 30 минут
2026-06-10,ФВ 6025 ,СУ9,САНКТ-ПЕТЕРБУРГ(ПУЛКОВО),9,Y(А04),13:31,133,2026-06-10 13:45:00,2026-06-10 13:47:00,,2026-06-10 13:47:00,2026-06-10 13:49:00,2026-06-10 13:47:00,2026-06-10 13:49:00,2026-06-10 13:50:00,,1.0,2026-06-10 13:51:00,2026-06-10 13:52:00,,0.0,2026-06-10 13:49:00,2026-06-10 13:51:00,,,,,Харитонов- Тихонов И. А.,Россия,Выдача до 30 минут
2026-06-10,НВЦ 9152 ,32Щ,САБЕТТА,13,Y(А07),13:33,869,2026-06-10 13:51:00,2026-06-10 13:51:00,,2026-06-10 13:55:00,2026-06-10 14:03:00,2026-06-10 13:55:00,2026-06-10 14:03:00,2026-06-10 14:01:00,2.0,2.0,2026-06-10 14:10:00,2026-06-10 14:16:00,,0.0,2026-06-10 14:04:00,2026-06-10 14:11:00,,,,,Коляскин А. Г.,Северо-Запад,Выдача до 30 минут
2026-06-10,TK 417 ,32Б,СТАМБУЛ(СТАМБУЛ НЬЮ),30,Y(А09),13:36,2441,2026-06-10 13:48:00,2026-06-10 13:49:00,,2026-06-10 13:55:00,2026-06-10 14:06:00,2026-06-10 13:55:00,2026-06-10 14:06:00,2026-06-10 14:08:00,,,2026-06-10 14:10:00,2026-06-10 14:30:00,2.0,12.0,2026-06-10 13:48:00,2026-06-10 14:07:00,2026-06-10 14:06:00,2026-06-10 14:16:00,,,Барабанов А. М.,Turkish Airlines,Выдача более 40 минут
2026-06-10,TK 3046 ,321,АНТАЛЬЯ,24,Y(А10),13:38,2481,2026-06-10 13:51:00,2026-06-10 13:52:00,,2026-06-10 13:52:00,2026-06-10 14:04:00,2026-06-10 13:52:00,2026-06-10 14:04:00,2026-06-10 14:12:00,,,2026-06-10 14:04:00,2026-06-10 14:20:00,,0.0,2026-06-10 13:56:00,2026-06-10 14:04:00,2026-06-10 14:04:00,2026-06-10 14:12:00,,,Давлатов Б. Ч.,Turkish Airlines,Выдача до 30 минут
2026-06-10,TK 3164 ,321,БОДРУМ(МИЛАС),25,Y(А11),13:41,937,2026-06-10 13:50:00,2026-06-10 13:53:00,,2026-06-10 13:55:00,2026-06-10 14:01:00,2026-06-10 13:55:00,2026-06-10 14:01:00,2026-06-10 14:00:00,1.0,,2026-06-10 14:11:00,2026-06-10 14:12:00,1.0,0.0,2026-06-10 14:05:00,2026-06-10 14:09:00,,,,,Виноградов А. А.,Turkish Airlines,Выдача до 30 минут
2026-06-10,TK 3012 ,321,АНТАЛЬЯ,22,Y(А13),13:43,2051,2026-06-10 13:54:00,2026-06-10 14:02:00,5.0,2026-06-10 13:56:00,2026-06-10 14:09:00,2026-06-10 13:56:00,2026-06-10 14:09:00,2026-06-10 14:12:00,,,2026-06-10 14:14:00,2026-06-10 14:17:00,,0.0,2026-06-10 14:06:00,2026-06-10 14:14:00,,,,,Харитонов- Тихонов И. А.,Turkish Airlines,Выдача до 30 минут
2026-06-10,ГЗП 242 ,СУ9,УФА,Б36,Y(А05),14:05,862,2026-06-10 14:11:00,2026-06-10 14:11:00,,2026-06-10 14:16:00,2026-06-10 14:25:00,2026-06-10 14:16:00,2026-06-10 14:25:00,2026-06-10 14:21:00,4.0,3.0,2026-06-10 14:47:00,2026-06-10 14:48:00,6.0,0.0,2026-06-10 14:27:00,2026-06-10 14:46:00,,,,,Кузин К. С.,Газпром авиа,Выдача до 30 минут
2026-06-10,PC 388 ,32Щ,СТАМБУЛ(САБИХА ГОКЦЕН),23,Y(А10),14:08,4310,2026-06-10 14:24:00,2026-06-10 14:27:00,,2026-06-10 14:29:00,2026-06-10 14:44:00,2026-06-10 14:31:00,2026-06-10 14:44:00,2026-06-10 14:57:00,,,2026-06-10 14:39:00,2026-06-10 14:52:00,,0.0,2026-06-10 14:39:00,2026-06-10 14:43:00,2026-06-10 14:34:00,2026-06-10 14:39:00,2026-06-10 14:48:00,2026-06-10 14:53:00,"Кейта А. С., Фанин - Богданов Анатолий Н. О.",Pegasus,Выдача до 30 минут
2026-06-10,ФВ 6027 ,СУ9,САНКТ-ПЕТЕРБУРГ(ПУЛКОВО),8,Y(А04),14:25,56,2026-06-10 14:34:00,2026-06-10 14:37:00,,2026-06-10 14:37:00,2026-06-10 14:40:00,2026-06-10 14:37:00,2026-06-10 14:40:00,2026-06-10 14:38:00,2.0,3.0,2026-06-10 14:42:00,2026-06-10 14:43:00,,0.0,2026-06-10 14:40:00,2026-06-10 14:42:00,,,,,Иванов В. А.,Россия,Выдача до 30 минут
2026-06-10,ЮТ 334 ,735,НАРЬЯН-МАР,15,Y(А06),14:28,840,2026-06-10 14:35:00,2026-06-10 14:37:00,,2026-06-10 14:38:00,2026-06-10 14:57:00,2026-06-10 14:56:00,2026-06-10 14:57:00,2026-06-10 14:45:00,12.0,,2026-06-10 15:03:00,2026-06-10 15:04:00,8.0,0.0,2026-06-10 14:54:00,2026-06-10 14:58:00,,,,,"Иванов В. А., Королёв Е. А.",Ютэйр,Выдача до 30 минут
2026-06-10,ФВ 6031 ,СУ9,САНКТ-ПЕТЕРБУРГ(ПУЛКОВО),9,Y(А04),15:21,174,2026-06-16 05:51:00,2026-06-16 05:51:00,,2026-06-10 15:37:00,2026-06-10 15:39:00,2026-06-10 15:37:00,2026-06-10 15:39:00,2026-06-16 05:56:00,,1.0,2026-06-10 15:42:00,2026-06-10 15:43:00,,0.0,2026-06-10 15:40:00,2026-06-10 15:43:00,,,,,Фанин - Богданов Анатолий Н. О.,Россия,Некорректно проставлены отметки
2026-06-10,FZ 989 ,7М8,ДУБАЙ(ДУБАЙ ИНТЛ.),29,Y(А11),15:28,1463,2026-06-10 15:39:00,2026-06-10 15:41:00,,2026-06-10 15:45:00,2026-06-10 15:55:00,2026-06-10 15:45:00,2026-06-10 15:55:00,2026-06-10 15:53:00,2.0,,2026-06-10 15:55:00,2026-06-10 16:14:00,,5.0,2026-06-10 15:58:00,2026-06-10 16:03:00,2026-06-10 15:53:00,2026-06-10 15:54:00,,,Кейта А. С.,flydubai,Выдача от 30 до 40 минут
2026-06-10,КГ 503 ,320,БИШКЕК(МАНАС ИНТЛ),21,Y(А13),15:31,2310,2026-06-10 15:50:00,2026-06-10 15:53:00,,2026-06-10 15:53:00,2026-06-10 16:11:00,2026-06-10 15:57:00,2026-06-10 16:11:00,2026-06-10 16:09:00,2.0,,2026-06-10 16:04:00,2026-06-10 16:16:00,,0.0,2026-06-10 16:10:00,2026-06-10 16:15:00,2026-06-10 15:58:00,2026-06-10 16:04:00,,,"Вазиров Т. В., Королёв Е. А.",Aero Nomad,Выдача до 30 минут
2026-06-10,ДР 170 ,7С8,МИНЕРАЛЬНЫЕ ВОДЫ,49,Y(А05),16:12,606,2026-06-10 16:22:00,2026-06-10 16:24:00,,2026-06-10 16:25:00,2026-06-10 16:31:00,2026-06-10 16:25:00,2026-06-10 16:31:00,2026-06-10 16:30:00,1.0,2.0,2026-06-10 16:37:00,2026-06-10 16:39:00,,0.0,2026-06-10 16:32:00,2026-06-10 16:38:00,,,,,Чеканов В. А.,Победа,Выдача до 30 минут
2026-06-10,УТА 6316 ,734,БОВАНЕНКОВО,17,Y(А06),16:30,953,2026-06-10 16:37:00,2026-06-10 16:38:00,,2026-06-10 16:41:00,2026-06-10 16:46:00,2026-06-10 16:41:00,2026-06-10 16:46:00,2026-06-10 16:47:00,,,2026-06-10 16:54:00,2026-06-10 16:57:00,,0.0,2026-06-10 16:48:00,2026-06-10 16:53:00,,,,,Харитонов- Тихонов И. А.,Ютэйр,Выдача до 30 минут
2026-06-10,ФВ 6037 ,СУ9,САНКТ-ПЕТЕРБУРГ(ПУЛКОВО),8,Y(А04),16:35,89,2026-06-10 16:47:00,2026-06-10 16:49:00,,2026-06-10 16:50:00,2026-06-10 16:52:00,2026-06-10 16:50:00,2026-06-10 16:52:00,2026-06-10 16:52:00,,1.0,2026-06-10 16:55:00,2026-06-10 16:56:00,,0.0,2026-06-10 16:52:00,2026-06-10 16:56:00,,,,,Коляскин А. Г.,Россия,Выдача до 30 минут
2026-06-10,А4 7010 ,СУ9,ТБИЛИСИ(ТБИЛИСИ ИНТЛ.),11,Y(А12),16:43,883,2026-06-10 16:54:00,2026-06-10 16:56:00,,2026-06-10 16:58:00,2026-06-10 17:05:00,2026-06-10 16:58:00,2026-06-10 17:05:00,2026-06-10 17:04:00,1.0,1.0,2026-06-10 17:10:00,2026-06-10 17:11:00,,0.0,2026-06-10 17:06:00,2026-06-10 17:09:00,,,,,Аристархов Н. В.,Азимут,Выдача до 30 минут
2026-06-10,ДР 466 ,73Х,УЛЬЯНОВСК(БАРАТАЕВКА),50,Y(А05),17:07,267,2026-06-10 17:18:00,2026-06-10 17:21:00,,2026-06-10 17:20:00,2026-06-10 17:22:00,2026-06-10 17:20:00,2026-06-10 17:22:00,2026-06-10 17:24:00,,,2026-06-10 17:29:00,2026-06-10 17:30:00,,0.0,2026-06-10 17:24:00,2026-06-10 17:31:00,,,,,Кузин К. С.,Победа,Выдача до 30 минут
2026-06-10,3F 325 ,320,ЕРЕВАН(ЗВАРТНОЦ ИНТЛ),23,Y(А13),17:18,2000,2026-06-10 17:30:00,2026-06-10 17:33:00,,2026-06-10 17:34:00,2026-06-10 17:49:00,2026-06-10 17:35:00,2026-06-10 17:49:00,2026-06-10 17:47:00,2.0,1.0,2026-06-10 17:45:00,2026-06-10 17:52:00,,0.0,2026-06-10 17:46:00,2026-06-10 17:51:00,2026-06-10 17:40:00,2026-06-10 17:45:00,,,"Ушаков Г. А., Харитонов- Тихонов И. А.",FLYONE Armenia,Выдача до 30 минут
2026-06-10,ДР 262 ,7С8,КАЛИНИНГРАД(ХРАБРОВО),49,Y(А05),17:37,539,2026-06-10 17:48:00,2026-06-10 17:50:00,,2026-06-10 17:51:00,2026-06-10 17:56:00,2026-06-10 17:51:00,2026-06-10 17:56:00,2026-06-10 17:56:00,,1.0,2026-06-10 18:01:00,2026-06-10 18:04:00,,0.0,2026-06-10 17:56:00,2026-06-10 18:04:00,,,,,Иванов В. А.,Победа,Выдача до 30 минут
2026-06-10,ФВ 6175 ,СУ9,САНКТ-ПЕТЕРБУРГ(ПУЛКОВО),10,Y(А04),17:39,205,2026-06-10 17:50:00,2026-06-10 17:51:00,,2026-06-10 17:53:00,2026-06-10 17:56:00,2026-06-10 17:53:00,2026-06-10 17:56:00,2026-06-10 17:55:00,1.0,2.0,2026-06-10 18:00:00,2026-06-10 18:01:00,,0.0,2026-06-10 17:58:00,2026-06-10 18:00:00,,,,,Коляскин А. Г.,Россия,Выдача до 30 минут
2026-06-10,ДР 210 ,73Х,САНКТ-ПЕТЕРБУРГ(ПУЛКОВО),48,Y(А05),18:09,278,2026-06-10 18:17:00,2026-06-10 18:18:00,,2026-06-10 18:18:00,2026-06-10 18:21:00,2026-06-10 18:18:00,2026-06-10 18:21:00,2026-06-10 18:23:00,,1.0,2026-06-10 18:28:00,2026-06-10 18:30:00,,0.0,2026-06-10 18:22:00,2026-06-10 18:29:00,,,,,Кейта А. С.,Победа,Выдача до 30 минут
2026-06-10,ЮТ 400 ,73Х,ГРОЗНЫЙ(СЕВЕРНЫЙ),14,Y(А07),18:13,368,2026-06-10 18:27:00,2026-06-10 18:31:00,1.0,2026-06-10 18:26:00,2026-06-10 18:32:00,2026-06-10 18:26:00,2026-06-10 18:32:00,2026-06-10 18:33:00,,4.0,2026-06-10 18:37:00,2026-06-10 18:38:00,,0.0,2026-06-10 18:33:00,2026-06-10 18:36:00,,,,,Попов Д. В.,Ютэйр,Выдача до 30 минут
2026-06-10,ФВ 6177 ,СУ9,САНКТ-ПЕТЕРБУРГ(ПУЛКОВО),8,Y(А04),18:16,70,2026-06-10 18:32:00,2026-06-10 18:34:00,,2026-06-10 18:34:00,2026-06-10 18:36:00,2026-06-10 18:34:00,2026-06-10 18:36:00,2026-06-10 18:36:00,,2.0,2026-06-10 18:39:00,2026-06-10 18:40:00,,0.0,2026-06-10 18:36:00,2026-06-10 18:38:00,,,,,Харитонов- Тихонов И. А.,Россия,Выдача до 30 минут
2026-06-10,ЮТ 374 ,73Х,МИНЕРАЛЬНЫЕ ВОДЫ,13,Y(А06),18:26,1083,2026-06-10 18:38:00,2026-06-10 18:39:00,,2026-06-10 18:40:00,2026-06-10 18:47:00,2026-06-10 18:40:00,2026-06-10 18:47:00,2026-06-10 18:49:00,,,2026-06-10 18:52:00,2026-06-10 18:55:00,,0.0,2026-06-10 18:49:00,2026-06-10 18:52:00,,,,,Барабанов А. М.,Ютэйр,Выдача до 30 минут
2026-06-10,ЮТ 464 ,734,ТЮМЕНЬ(РОЩИНО),12,Y(А07),18:34,631,2026-06-10 18:43:00,2026-06-10 18:44:00,,2026-06-10 18:50:00,2026-06-10 18:58:00,2026-06-10 18:50:00,2026-06-10 18:58:00,2026-06-10 18:51:00,7.0,4.0,2026-06-10 19:01:00,2026-06-10 19:03:00,,0.0,2026-06-10 18:58:00,2026-06-10 19:01:00,,,,,Королёв Е. А.,Ютэйр,Выдача до 30 минут
2026-06-10,TK 415 ,321,СТАМБУЛ(СТАМБУЛ НЬЮ),22,Y(А10),18:37,2786,2026-06-10 18:47:00,2026-06-10 18:49:00,,2026-06-10 18:54:00,2026-06-10 19:10:00,2026-06-10 18:54:00,2026-06-10 19:10:00,2026-06-10 19:10:00,,,2026-06-10 19:04:00,2026-06-10 19:14:00,,0.0,2026-06-10 18:54:00,2026-06-10 19:05:00,2026-06-10 19:01:00,2026-06-10 19:20:00,,,Виноградов А. А.,Turkish Airlines,Выдача до 30 минут
2026-06-10,ЮТ 746 ,73Х,БАКУ(ИМ. ГЕЙДАРА АЛИЕВА),16,Y(А12),18:39,1184,2026-06-10 18:51:00,2026-06-10 18:51:00,,2026-06-10 18:55:00,2026-06-10 19:06:00,2026-06-10 18:55:00,2026-06-10 19:06:00,2026-06-10 19:03:00,3.0,3.0,2026-06-10 19:17:00,2026-06-10 19:19:00,,0.0,2026-06-10 19:07:00,2026-06-10 19:14:00,,,,,Аристархов Н. В.,Ютэйр,Выдача до 30 минут
2026-06-10,PBD 840 ,7С8,АНТАЛЬЯ,50,Y(А11),18:46,1476,2026-06-10 19:04:00,2026-06-10 19:05:00,,2026-06-10 19:09:00,2026-06-10 19:19:00,2026-06-10 19:09:00,2026-06-10 19:19:00,2026-06-10 19:18:00,1.0,,2026-06-10 19:19:00,2026-06-10 19:27:00,,0.0,2026-06-10 19:13:00,2026-06-10 19:18:00,2026-06-10 19:22:00,2026-06-10 19:28:00,,,Кузин К. С.,Победа,Выдача до 30 минут
2026-06-10,ДР 836 ,73Х,ГАЗИПАША,47,Y(А10),19:15,1919,2026-06-10 20:07:00,2026-06-10 19:23:00,-44.0,2026-06-10 19:24:00,2026-06-10 19:39:00,2026-06-10 19:24:00,2026-06-10 19:39:00,2026-06-10 20:24:00,,2.0,2026-06-10 19:41:00,2026-06-10 19:45:00,,0.0,2026-06-10 19:30:00,2026-06-10 19:35:00,2026-06-10 19:41:00,2026-06-10 19:48:00,,,Ушаков Г. А.,Победа,Некорректно проставлены отметки
2026-06-10,УТА 6136 ,73Х,ИГАРКА,15,Y(А06),19:17,1138,2026-06-10 19:25:00,2026-06-10 19:26:00,,2026-06-10 19:27:00,2026-06-10 19:38:00,2026-06-10 19:27:00,2026-06-10 19:38:00,2026-06-10 19:37:00,1.0,3.0,2026-06-10 19:42:00,2026-06-10 19:46:00,,0.0,2026-06-10 19:39:00,2026-06-10 19:44:00,,,,,Баташан В. Ю.,Ютэйр,Выдача до 30 минут
2026-06-10,ФВ 6179 ,СУ9,САНКТ-ПЕТЕРБУРГ(ПУЛКОВО),9,Y(А04),19:21,146,2026-06-10 19:35:00,2026-06-10 19:36:00,,2026-06-10 19:38:00,2026-06-10 19:41:00,2026-06-10 19:38:00,2026-06-10 19:41:00,2026-06-10 19:40:00,1.0,2.0,2026-06-10 19:43:00,2026-06-10 19:44:00,,0.0,2026-06-10 19:40:00,2026-06-10 19:44:00,,,,,Прохачев И. А.,Россия,Выдача до 30 минут
2026-06-10,ДР 856 ,73Х,ГЮМРИ(ШИРАК),48,Y(А13),19:24,1093,2026-06-10 19:32:00,2026-06-10 19:34:00,,2026-06-10 19:33:00,2026-06-10 19:41:00,2026-06-10 19:33:00,2026-06-10 19:41:00,2026-06-10 19:43:00,,1.0,2026-06-10 19:51:00,2026-06-10 19:53:00,,0.0,2026-06-10 19:45:00,2026-06-10 19:50:00,,,,,Тришкин А. В.,Победа,Выдача до 30 минут
2026-06-10,PBD 736 ,73Х,ГАЗИПАША,49,Y(А12),19:32,1665,2026-06-10 19:39:00,2026-06-10 19:42:00,,2026-06-10 19:43:00,2026-06-10 19:54:00,2026-06-10 19:43:00,2026-06-10 19:54:00,2026-06-10 19:54:00,,,2026-06-10 19:53:00,2026-06-10 20:03:00,,0.0,2026-06-10 19:48:00,2026-06-10 19:53:00,2026-06-10 19:57:00,2026-06-10 20:02:00,,,Королев А. А.,Победа,Выдача до 30 минут
2026-06-10,ЮТ 802 ,73Х,ДУШАНБЕ(ДУШАНБЕ ИНТЛ.),20,Y(А09),19:35,2543,2026-06-10 19:43:00,2026-06-10 19:43:00,,2026-06-10 19:49:00,2026-06-10 20:00:00,2026-06-10 19:50:00,2026-06-10 20:00:00,2026-06-10 20:04:00,,,2026-06-10 19:55:00,2026-06-10 20:37:00,,24.0,2026-06-10 19:50:00,2026-06-10 19:56:00,2026-06-10 20:02:00,2026-06-10 20:07:00,,,"Андреев А. М., Скулов Е. С.",Ютэйр,Выдача более 40 минут
2026-06-10,УР 514 ,75В,БОДРУМ(МИЛАС),18,Y(А11),19:37,1219,2026-06-10 19:49:00,2026-06-10 19:49:00,,2026-06-10 19:53:00,2026-06-10 20:00:00,2026-06-10 19:53:00,2026-06-10 20:00:00,2026-06-10 20:01:00,,,2026-06-10 20:03:00,2026-06-10 20:05:00,,0.0,2026-06-10 19:58:00,2026-06-10 20:03:00,2026-06-10 20:02:00,2026-06-10 20:06:00,,,Саидов А. С.,FLYONE Armenia,Выдача до 30 минут
2026-06-10,ЮТ 276 ,73Х,СОЧИ,17,Y(А06),19:40,1027,2026-06-10 19:47:00,2026-06-10 19:48:00,,2026-06-10 19:52:00,2026-06-10 20:06:00,2026-06-10 19:52:00,2026-06-10 20:06:00,2026-06-10 19:58:00,8.0,7.0,2026-06-10 20:13:00,2026-06-10 20:16:00,6.0,0.0,2026-06-10 20:07:00,2026-06-10 20:14:00,,,,,Науну М.,Ютэйр,Выдача до 30 минут
2026-06-10,ЮТ 296 ,73Х,СУРГУТ,13,Y(А05),19:48,844,2026-06-10 20:13:00,2026-06-10 20:14:00,,2026-06-10 20:13:00,2026-06-10 20:19:00,2026-06-10 20:16:00,2026-06-10 20:19:00,2026-06-10 20:23:00,,,2026-06-10 20:25:00,2026-06-10 20:26:00,,0.0,2026-06-10 20:21:00,2026-06-10 20:24:00,,,,,"Прохачев И. А., Соколов И. С.",Ютэйр,Выдача до 30 минут
2026-06-10,ХИ 9621 ,320,АНДИЖАН,25,Y(А10),20:14,1808,2026-06-10 20:24:00,2026-06-10 20:27:00,,2026-06-10 20:28:00,2026-06-10 20:42:00,2026-06-10 20:28:00,2026-06-10 20:42:00,2026-06-10 20:40:00,2.0,2.0,2026-06-10 20:38:00,2026-06-10 20:47:00,,0.0,2026-06-10 20:34:00,2026-06-10 20:37:00,2026-06-10 20:44:00,2026-06-10 20:47:00,,,Кейта А. С.,UZBEKISTAN AIRWAYS,Выдача до 30 минут
2026-06-10,ДР 158 ,73Х,КРАСНОДАР(ПАШКОВСКИЙ),50,Y(А07),20:21,477,2026-06-10 20:33:00,2026-06-10 20:35:00,,2026-06-10 20:36:00,2026-06-10 20:40:00,2026-06-10 20:36:00,2026-06-10 20:40:00,2026-06-10 20:40:00,,1.0,2026-06-10 20:45:00,2026-06-10 20:47:00,,0.0,2026-06-10 20:41:00,2026-06-10 20:45:00,,,,,Королев А. А.,Победа,Выдача до 30 минут
2026-06-10,ФВ 6181 ,СУ9,САНКТ-ПЕТЕРБУРГ(ПУЛКОВО),8,Y(А04),20:31,80,2026-06-10 20:48:00,2026-06-10 20:50:00,,2026-06-10 20:52:00,2026-06-10 20:56:00,2026-06-10 20:52:00,2026-06-10 20:56:00,2026-06-10 20:53:00,3.0,3.0,2026-06-10 20:56:00,2026-06-10 20:57:00,,0.0,2026-06-10 20:53:00,2026-06-10 20:56:00,,,,,Лизенко Е. В.,Россия,Выдача до 30 минут
2026-06-10,ХИ 613 ,32Щ,ТАШКЕНТ(ТАШКЕНТ ИНТЛ.),23,Y(А10),20:34,2414,2026-06-10 20:46:00,2026-06-10 20:48:00,,2026-06-10 20:48:00,2026-06-10 21:04:00,2026-06-10 20:49:00,2026-06-10 21:04:00,2026-06-10 21:06:00,,,2026-06-10 20:58:00,2026-06-10 21:09:00,,0.0,2026-06-10 20:55:00,2026-06-10 20:57:00,2026-06-10 21:04:00,2026-06-10 21:09:00,,,"Ушаков Г. А., Фартушный А. И.",UZBEKISTAN AIRWAYS,Выдача до 30 минут
2026-06-10,ЮТ 810 ,73Х,САМАРКАНД(САМАРКАНД ИНТЛ.),21,Y(А12),20:38,0,2026-06-10 20:49:00,2026-06-10 20:49:00,,2026-06-10 20:58:00,2026-06-10 21:22:00,2026-06-10 21:21:00,2026-06-10 21:22:00,,,1.0,2026-06-10 21:13:00,2026-06-10 21:15:00,4.0,0.0,2026-06-10 21:08:00,2026-06-10 21:13:00,,,,,"Корнилов Н. А., Рустамов М. А.",Ютэйр,Выдача до 30 минут
2026-06-10,ХИ 9627 ,32Н,ФЕРГАНА(ФЕРГАНА ИНТЛ.),24,Y(А11),20:48,1746,2026-06-10 21:03:00,2026-06-10 21:05:00,,2026-06-10 21:06:00,2026-06-10 21:19:00,2026-06-10 21:06:00,2026-06-10 21:19:00,2026-06-10 21:19:00,,1.0,2026-06-10 21:15:00,2026-06-10 21:24:00,,0.0,2026-06-10 21:11:00,2026-06-10 21:15:00,2026-06-10 21:20:00,2026-06-10 21:23:00,,,Чеканов В. А.,UZBEKISTAN AIRWAYS,Выдача до 30 минут
2026-06-10,ДР 994 ,73Х,СТАМБУЛ(СТАМБУЛ НЬЮ),47,Y(А12),21:10,889,2026-06-10 21:16:00,2026-06-10 21:18:00,,2026-06-10 21:18:00,2026-06-10 21:23:00,2026-06-10 21:19:00,2026-06-10 21:23:00,2026-06-10 21:26:00,,,2026-06-10 21:31:00,2026-06-10 21:33:00,,0.0,2026-06-10 21:25:00,2026-06-10 21:31:00,,,,,"Баташан В. Ю., Королев А. А.",Победа,Выдача до 30 минут
2026-06-10,ЮТ 180 ,735,УХТА,12,Y(А05),21:25,346,2026-06-10 21:33:00,2026-06-10 21:35:00,,2026-06-10 21:48:00,2026-06-10 21:51:00,2026-06-10 21:48:00,2026-06-10 21:51:00,2026-06-10 21:39:00,12.0,1.0,2026-06-10 21:55:00,2026-06-10 21:56:00,2.0,0.0,2026-06-10 21:52:00,2026-06-10 21:54:00,,,,,Королёв Е. А.,Ютэйр,Выдача до 30 минут
2026-06-10,DV 815 ,7М8,АЛМАТЫ(АЛМАТЫ ИНТЛ.),19,Y(А13),21:28,1158,2026-06-10 21:40:00,2026-06-10 21:42:00,,2026-06-10 21:43:00,2026-06-10 21:51:00,2026-06-10 21:50:00,2026-06-10 21:51:00,2026-06-10 21:52:00,,,2026-06-10 21:55:00,2026-06-10 21:57:00,,0.0,2026-06-10 21:50:00,2026-06-10 21:56:00,,,,,"Науну М., Саидов А. С.",SCAT Airlines,Выдача до 30 минут
2026-06-10,AZO 7054 ,СУ9,БАТУМИ,45,Y(А10),21:30,989,-1,,,2026-06-10 21:43:00,2026-06-10 21:56:00,2026-06-10 21:43:00,2026-06-10 21:56:00,,,6.0,2026-06-10 22:03:00,2026-06-10 22:04:00,,0.0,2026-06-10 21:57:00,2026-06-10 22:03:00,,,,,Прохачев И. А.,GEORGIAN AIRWAYS,Некорректно проставлены отметки
2026-06-10,ФВ 6183 ,СУ9,САНКТ-ПЕТЕРБУРГ(ПУЛКОВО),9,Y(А04),21:36,193,2026-06-10 21:48:00,2026-06-10 21:49:00,,2026-06-10 21:51:00,2026-06-10 21:55:00,2026-06-10 21:51:00,2026-06-10 21:55:00,2026-06-10 21:53:00,2.0,3.0,2026-06-10 22:00:00,2026-06-10 22:01:00,,0.0,2026-06-10 21:58:00,2026-06-10 22:00:00,,,,,Попов Д. В.,Россия,Выдача до 30 минут
2026-06-10,BJ 804 ,320,МОНАСТИР(ХАБИБ БУРДЖИБА ИНТ),18,Y(А09),21:42,2265,2026-06-10 22:05:00,2026-06-10 22:08:00,,2026-06-10 22:07:00,2026-06-10 22:22:00,2026-06-10 22:08:00,2026-06-10 22:22:00,2026-06-10 22:24:00,,,2026-06-10 22:18:00,2026-06-10 22:28:00,,0.0,2026-06-10 22:13:00,2026-06-10 22:20:00,2026-06-10 22:24:00,2026-06-10 22:28:00,,,"Бородин А. В., Лизенко Е. В.",Nouvelair Tunisie,Выдача до 30 минут
2026-06-10,ЮТ 784 ,73Х,АНТАЛЬЯ,16,Y(А09),22:23,2115,2026-06-10 22:33:00,2026-06-10 22:34:00,,2026-06-10 22:35:00,2026-06-10 22:57:00,2026-06-10 22:35:00,2026-06-10 22:57:00,2026-06-10 22:51:00,6.0,8.0,2026-06-10 22:49:00,2026-06-10 23:05:00,,2.0,2026-06-10 22:44:00,2026-06-10 22:50:00,2026-06-10 22:59:00,2026-06-10 23:05:00,,,Фартушный А. И.,Ютэйр,Выдача от 30 до 40 минут
2026-06-10,NE 606 ,320,ХУРГАДА(ХУРГАДА ИНТЛ.),23,Y(А11),22:26,1932,2026-06-10 22:39:00,2026-06-10 22:42:00,,2026-06-10 22:42:00,2026-06-10 23:01:00,2026-06-10 22:42:00,2026-06-10 23:01:00,2026-06-10 22:56:00,5.0,6.0,2026-06-10 22:54:00,2026-06-10 23:07:00,,0.0,2026-06-10 23:02:00,2026-06-10 23:06:00,2026-06-10 22:50:00,2026-06-10 22:54:00,,,Корнилов Н. А.,Nesma Airlines,Выдача до 30 минут
2026-06-10,ДР 968 ,7С8,МИНСК(МИНСК ИНТЛ.),48,Y(А13),22:28,388,2026-06-10 22:36:00,2026-06-10 22:37:00,,2026-06-10 22:38:00,2026-06-10 22:40:00,2026-06-10 22:38:00,2026-06-10 22:40:00,2026-06-10 22:43:00,,,2026-06-10 22:47:00,2026-06-10 22:52:00,,0.0,2026-06-10 22:41:00,2026-06-10 22:47:00,,,,,Баташан В. Ю.,Победа,Выдача до 30 минут
2026-06-10,ФВ 6185 ,СУ9,САНКТ-ПЕТЕРБУРГ(ПУЛКОВО),10,Y(А04),22:31,125,2026-06-10 22:43:00,2026-06-10 22:45:00,,2026-06-10 22:46:00,2026-06-10 22:49:00,2026-06-10 22:46:00,2026-06-10 22:49:00,2026-06-10 22:48:00,1.0,2.0,2026-06-10 22:53:00,2026-06-10 22:54:00,,0.0,2026-06-10 22:50:00,2026-06-10 22:55:00,,,,,Рустамов М. А.,Россия,Выдача до 30 минут
2026-06-10,PC 1580 ,32Н,АНТАЛЬЯ,20,Y(А10),22:34,2153,2026-06-10 22:42:00,2026-06-10 22:44:00,,2026-06-10 22:48:00,2026-06-10 23:05:00,2026-06-10 22:48:00,2026-06-10 23:05:00,2026-06-10 23:00:00,5.0,3.0,2026-06-10 23:01:00,2026-06-10 23:12:00,,0.0,2026-06-10 22:55:00,2026-06-10 23:00:00,2026-06-10 23:06:00,2026-06-10 23:12:00,,,Тришкин А. В.,Pegasus,Выдача до 30 минут
2026-06-10,ЮТ 398 ,73Е,ГЕЛЕНДЖИК,15,Y(А05),22:43,416,2026-06-10 22:54:00,2026-06-10 22:55:00,,2026-06-10 22:58:00,2026-06-10 23:03:00,2026-06-10 22:58:00,2026-06-10 23:03:00,2026-06-10 23:01:00,2.0,2.0,2026-06-10 23:09:00,2026-06-10 23:11:00,,0.0,2026-06-10 23:04:00,2026-06-10 23:09:00,,,,,Королёв Е. А.,Ютэйр,Выдача до 30 минут
2026-06-10,PBD 980 ,7С8,АНТАЛЬЯ,50,Y(А12),22:49,1300,2026-06-10 23:01:00,2026-06-10 23:02:00,,2026-06-10 23:04:00,2026-06-10 23:13:00,2026-06-10 23:04:00,2026-06-10 23:13:00,2026-06-10 23:14:00,,,2026-06-10 23:17:00,2026-06-10 23:20:00,,0.0,2026-06-10 23:09:00,2026-06-10 23:15:00,2026-06-10 23:14:00,2026-06-10 23:20:00,,,Саидов А. С.,Победа,Выдача до 30 минут
2026-06-10,AZO 7018 ,СУ9,ТБИЛИСИ(ТБИЛИСИ ИНТЛ.),28,Y(А13),23:22,1111,2026-06-10 23:32:00,2026-06-10 23:35:00,,2026-06-10 23:36:00,2026-06-10 23:45:00,2026-06-10 23:36:00,2026-06-10 23:45:00,2026-06-10 23:43:00,2.0,2.0,2026-06-10 23:51:00,2026-06-10 23:53:00,,0.0,2026-06-10 23:47:00,2026-06-10 23:51:00,,,,,Чеканов В. А.,GEORGIAN AIRWAYS,Выдача до 30 минут
2026-06-10,J2 805 ,320,БАКУ(ИМ. ГЕЙДАРА АЛИЕВА),21,Y(А12),23:29,1674,2026-06-10 23:44:00,2026-06-10 23:47:00,,2026-06-10 23:49:00,2026-06-11 00:02:00,2026-06-10 23:49:00,2026-06-11 00:02:00,2026-06-10 23:59:00,3.0,2.0,2026-06-11 00:02:00,2026-06-11 00:12:00,,0.0,2026-06-10 23:58:00,2026-06-11 00:02:00,2026-06-11 00:07:00,2026-06-11 00:12:00,,,Ушаков Г. А.,AZAL,Выдача до 30 минут
2026-06-10,А4 7036 ,СУ9,ПСКОВ(КРЕСТЫ),51A,Y(А05),23:32,226,2026-06-10 23:44:00,2026-06-10 23:47:00,,2026-06-10 23:49:00,2026-06-10 23:53:00,2026-06-10 23:49:00,2026-06-10 23:53:00,2026-06-10 23:50:00,3.0,2.0,2026-06-10 23:59:00,2026-06-11 00:01:00,,0.0,2026-06-10 23:54:00,2026-06-10 23:59:00,,,,,Бородин А. В.,Азимут,Выдача до 30 минут
2026-06-10,ХИ 9619 ,32Н,НАМАНГАН,25,Y(А11),23:35,1925,2026-06-10 23:47:00,2026-06-10 23:50:00,,2026-06-10 23:51:00,2026-06-11 00:05:00,2026-06-10 23:51:00,2026-06-11 00:05:00,2026-06-11 00:04:00,1.0,1.0,2026-06-11 00:02:00,2026-06-11 00:11:00,,0.0,2026-06-10 23:58:00,2026-06-11 00:02:00,2026-06-11 00:07:00,2026-06-11 00:11:00,,,Андреев А. М.,UZBEKISTAN AIRWAYS,Выдача до 30 минут
2026-06-10,TK 411 ,333,СТАМБУЛ(СТАМБУЛ НЬЮ),22,Y(А09),23:37,4801,2026-06-10 23:51:00,2026-06-10 23:54:00,,2026-06-10 23:53:00,2026-06-11 00:04:00,2026-06-10 23:54:00,2026-06-11 00:04:00,2026-06-11 00:27:00,,,2026-06-11 00:04:00,2026-06-11 00:12:00,,0.0,2026-06-10 23:59:00,2026-06-11 00:04:00,2026-06-11 00:00:00,2026-06-11 00:11:00,2026-06-11 00:01:00,2026-06-11 00:24:00,"Королев А. А., Прохачев И. А.",Turkish Airlines,Выдача до 30 минут
2026-06-10,ФВ 6187 ,СУ9,САНКТ-ПЕТЕРБУРГ(ПУЛКОВО),9,Y(А04),23:41,127,2026-06-10 23:54:00,2026-06-10 23:55:00,,2026-06-10 23:57:00,2026-06-10 23:59:00,2026-06-10 23:57:00,2026-06-10 23:59:00,2026-06-10 23:59:00,,1.0,2026-06-11 00:03:00,2026-06-11 00:04:00,,0.0,2026-06-11 00:00:00,2026-06-11 00:02:00,,,,,Рустамов М. А.,Россия,Выдача до 30 минут
2026-06-10,DV 813 ,738,АСТАНА(НУРСУЛТАН НАЗАРБАЕВ),44,Y(А13),23:45,776,2026-06-11 00:06:00,2026-06-11 00:08:00,,2026-06-11 00:08:00,2026-06-11 00:14:00,2026-06-11 00:08:00,2026-06-11 00:14:00,2026-06-11 00:15:00,,1.0,2026-06-11 00:20:00,2026-06-11 00:22:00,,0.0,2026-06-11 00:13:00,2026-06-11 00:19:00,,,,,Скулов Е. С.,SCAT Airlines,Выдача до 30 минут
2026-06-11,ДР 116 ,73Х,СОЧИ,8,Y(А07),00:08,541,2026-06-11 00:21:00,2026-06-11 00:22:00,,2026-06-11 00:23:00,2026-06-11 00:28:00,2026-06-11 00:23:00,2026-06-11 00:28:00,2026-06-11 00:29:00,,1.0,2026-06-11 00:31:00,2026-06-11 00:33:00,,0.0,2026-06-11 00:29:00,2026-06-11 00:30:00,,,,,Баташан В. Ю.,Победа,Выдача до 30 минут
2026-06-11,ДР 194 ,7С8,НАЛЬЧИК,47,Y(А05),00:11,530,2026-06-11 00:17:00,2026-06-11 00:19:00,,2026-06-11 00:19:00,2026-06-11 00:24:00,2026-06-11 00:19:00,2026-06-11 00:24:00,2026-06-11 00:25:00,,1.0,2026-06-11 00:31:00,2026-06-11 00:34:00,,0.0,2026-06-11 00:25:00,2026-06-11 00:31:00,,,,,Попов Д. В.,Победа,Выдача до 30 минут
2026-06-11,ЮТ 376 ,734,СЫКТЫВКАР,11,Y(А04),00:14,362,2026-06-11 00:24:00,2026-06-11 00:26:00,,2026-06-11 00:26:00,2026-06-11 00:32:00,2026-06-11 00:26:00,2026-06-11 00:32:00,2026-06-11 00:30:00,2.0,4.0,2026-06-11 00:37:00,2026-06-11 00:39:00,,0.0,2026-06-11 00:34:00,2026-06-11 00:37:00,,,,,Бородин А. В.,Ютэйр,Выдача до 30 минут
2026-06-11,TK 211 ,321,АНТАЛЬЯ,30,Y(А09),00:16,2405,2026-06-11 00:28:00,2026-06-11 00:28:00,,2026-06-11 00:33:00,2026-06-11 00:53:00,2026-06-11 00:33:00,2026-06-11 00:53:00,2026-06-11 00:48:00,5.0,4.0,2026-06-11 00:49:00,2026-06-11 01:01:00,1.0,3.0,2026-06-11 00:32:00,2026-06-11 00:49:00,2026-06-11 00:30:00,2026-06-11 01:00:00,,,Лизенко Е. В.,Turkish Airlines,Выдача от 30 до 40 минут
2026-06-11,J2 809 ,76В,БАКУ(ИМ. ГЕЙДАРА АЛИЕВА),63,Y(А10),00:20,1751,2026-06-11 00:38:00,2026-06-11 00:40:00,,2026-06-11 00:41:00,2026-06-11 00:57:00,2026-06-11 00:41:00,2026-06-11 00:57:00,2026-06-11 00:54:00,3.0,4.0,2026-06-11 01:00:00,2026-06-11 01:09:00,,1.0,2026-06-11 00:53:00,2026-06-11 01:09:00,,,,,Тришкин А. В.,AZAL,Выдача от 30 до 40 минут
2026-06-11,ХИ 605 ,320,САМАРКАНД(САМАРКАНД ИНТЛ.),26,Y(А12),00:24,1566,2026-06-11 00:38:00,2026-06-11 00:38:00,,2026-06-11 00:43:00,2026-06-11 01:06:00,2026-06-11 00:43:00,2026-06-11 01:06:00,2026-06-11 00:52:00,14.0,13.0,2026-06-11 00:49:00,2026-06-11 01:12:00,,4.0,2026-06-11 00:45:00,2026-06-11 00:49:00,2026-06-11 01:07:00,2026-06-11 01:12:00,,,"Корнилов Н. А., Фартушный А. И.",UZBEKISTAN AIRWAYS,Выдача от 30 до 40 минут
2026-06-11,PC 1576 ,32Щ,АНТАЛЬЯ,36,Y(А11),00:27,2590,2026-06-11 00:35:00,2026-06-11 00:38:00,,2026-06-11 00:40:00,2026-06-11 00:59:00,2026-06-11 00:40:00,2026-06-11 00:59:00,2026-06-11 00:56:00,3.0,2.0,2026-06-11 00:51:00,2026-06-11 01:05:00,,0.0,2026-06-11 00:47:00,2026-06-11 00:51:00,2026-06-11 00:54:00,2026-06-11 01:04:00,,,Науну М.,Pegasus,Выдача до 30 минут
2026-06-11,ДР 208 ,7С8,САНКТ-ПЕТЕРБУРГ(ПУЛКОВО),14,Y(А04),00:40,88,2026-06-11 00:55:00,2026-06-11 00:56:00,,2026-06-11 00:58:00,2026-06-11 01:00:00,2026-06-11 00:58:00,2026-06-11 01:00:00,2026-06-11 01:00:00,,1.0,2026-06-11 01:04:00,2026-06-11 01:05:00,,0.0,2026-06-11 01:00:00,2026-06-11 01:04:00,,,,,Кейта А. С.,Победа,Выдача до 30 минут
2026-06-11,TK 409 ,32Б,СТАМБУЛ(СТАМБУЛ НЬЮ),19,Y(А10),00:42,3157,2026-06-11 00:55:00,2026-06-11 00:57:00,,2026-06-11 01:00:00,2026-06-11 01:17:00,2026-06-11 01:00:00,2026-06-11 01:17:00,2026-06-11 01:20:00,,,2026-06-11 01:09:00,2026-06-11 01:31:00,,6.0,2026-06-11 00:53:00,2026-06-11 01:09:00,2026-06-11 01:04:00,2026-06-11 01:26:00,,,"Барабанов А. М., Прохачев И. А.",Turkish Airlines,Выдача от 30 до 40 минут
2026-06-11,ДР 424 ,73Х,САМАРА(КУРУМОЧ),49,Y(А05),00:45,341,2026-06-11 00:56:00,2026-06-11 00:58:00,,2026-06-11 00:59:00,2026-06-11 01:02:00,2026-06-11 00:59:00,2026-06-11 01:02:00,2026-06-11 01:02:00,,1.0,2026-06-11 01:09:00,2026-06-11 01:11:00,,0.0,2026-06-11 01:04:00,2026-06-11 01:11:00,,,,,Саидов А. С.,Победа,Выдача до 30 минут
2026-06-11,TK 3060 ,321,АНТАЛЬЯ,24,Y(А13),00:48,2358,2026-06-11 01:01:00,2026-06-11 01:04:00,,2026-06-11 01:06:00,2026-06-11 01:23:00,2026-06-11 01:06:00,2026-06-11 01:23:00,2026-06-11 01:21:00,2.0,1.0,2026-06-11 01:15:00,2026-06-11 01:21:00,,0.0,2026-06-11 01:19:00,2026-06-11 01:31:00,,,,,Бородин А. В.,Turkish Airlines,Выдача до 30 минут
2026-06-11,TK 3178 ,321,ДАЛАМАН,20,Y(А09),00:50,2136,2026-06-11 01:04:00,2026-06-11 01:07:00,,2026-06-11 01:08:00,2026-06-11 01:19:00,2026-06-11 01:08:00,2026-06-11 01:19:00,2026-06-11 01:22:00,,,2026-06-11 01:21:00,2026-06-11 01:27:00,,0.0,2026-06-11 01:12:00,2026-06-11 01:28:00,,,,,Королёв Е. А.,Turkish Airlines,Выдача до 30 минут
2026-06-11,ДР 206 ,7С8,САНКТ-ПЕТЕРБУРГ(ПУЛКОВО),48,Y(А04),00:53,152,2026-06-11 01:00:00,2026-06-11 01:02:00,,2026-06-11 01:03:00,2026-06-11 01:05:00,2026-06-11 01:03:00,2026-06-11 01:05:00,2026-06-11 01:05:00,,1.0,2026-06-11 01:13:00,2026-06-11 01:14:00,,0.0,2026-06-11 01:06:00,2026-06-11 01:12:00,,,,,Рустамов М. А.,Победа,Выдача до 30 минут
2026-06-11,VF 275 ,73Х,СТАМБУЛ(САБИХА ГОКЦЕН),43,Y(А12),00:55,1990,2026-06-11 01:08:00,2026-06-11 01:11:00,,2026-06-11 01:09:00,2026-06-11 01:21:00,2026-06-11 01:09:00,2026-06-11 01:21:00,2026-06-11 01:25:00,,,2026-06-11 01:25:00,2026-06-11 01:35:00,,0.0,2026-06-11 01:16:00,2026-06-11 01:24:00,2026-06-11 01:24:00,2026-06-11 01:33:00,,,"Попов Д. В., Скулов Е. С.",AJET,Выдача до 30 минут
2026-06-11,TK 3084 ,321,ДАЛАМАН,27,Y(А11),00:58,837,2026-06-11 01:11:00,2026-06-11 01:12:00,,2026-06-11 01:16:00,2026-06-11 01:23:00,2026-06-11 01:16:00,2026-06-11 01:23:00,2026-06-11 01:21:00,2.0,1.0,,-1,,0.0,2026-06-11 01:26:00,2026-06-11 01:35:00,,,,,Соколов И. С.,Turkish Airlines,Некорректно проставлены отметки
2026-06-11,ЮТ 358 ,73Х,САМАРА(КУРУМОЧ),13,Y(А06),01:00,636,-1,,,2026-06-11 01:22:00,2026-06-11 01:26:00,2026-06-11 01:22:00,2026-06-11 01:26:00,,,,2026-06-11 01:31:00,2026-06-11 01:34:00,,0.0,2026-06-11 01:27:00,2026-06-11 01:32:00,,,,,Кейта А. С.,Ютэйр,Некорректно проставлены отметки
2026-06-11,TK 3002 ,321,АНТАЛЬЯ,29,Y(А10),01:08,2463,2026-06-11 01:23:00,2026-06-11 01:27:00,1.0,2026-06-11 01:27:00,2026-06-11 01:38:00,2026-06-11 01:27:00,2026-06-11 01:38:00,2026-06-11 01:43:00,,,2026-06-11 01:36:00,2026-06-11 01:44:00,,0.0,2026-06-11 01:37:00,2026-06-11 01:38:00,2026-06-11 01:39:00,2026-06-11 01:44:00,,,Андреев А. М.,Turkish Airlines,Выдача до 30 минут
2026-06-11,TK 421 ,333,СТАМБУЛ(СТАМБУЛ НЬЮ),23,Y(А09),01:10,3490,2026-06-11 01:26:00,2026-06-11 01:28:00,,2026-06-11 01:33:00,2026-06-11 01:46:00,2026-06-11 01:33:00,2026-06-11 01:46:00,2026-06-11 01:53:00,,,2026-06-11 01:43:00,2026-06-11 01:53:00,,0.0,2026-06-11 01:33:00,2026-06-11 01:46:00,2026-06-11 01:48:00,2026-06-11 01:52:00,,,Ушаков Г. А.,Turkish Airlines,Выдача до 30 минут
2026-06-11,TK 3014 ,321,АНТАЛЬЯ,18,Y(А13),01:16,2679,2026-06-11 01:27:00,2026-06-11 01:29:00,,2026-06-11 01:29:00,2026-06-11 01:44:00,2026-06-11 01:29:00,2026-06-11 01:44:00,2026-06-11 01:49:00,,,2026-06-11 01:45:00,2026-06-11 01:53:00,,0.0,2026-06-11 01:38:00,2026-06-11 01:45:00,2026-06-11 01:40:00,2026-06-11 01:53:00,,,Королев А. А.,Turkish Airlines,Выдача до 30 минут
2026-06-11,AZV 3010 ,75В,АНТАЛЬЯ,3,Y(А11),01:35,2094,2026-06-11 01:54:00,2026-06-11 01:55:00,,2026-06-11 01:58:00,2026-06-11 02:13:00,2026-06-11 01:58:00,2026-06-11 02:13:00,2026-06-11 02:12:00,1.0,1.0,2026-06-11 02:10:00,2026-06-11 02:21:00,,0.0,2026-06-11 02:12:00,2026-06-11 02:22:00,2026-06-11 02:03:00,2026-06-11 02:08:00,,,Баташан В. Ю.,АЗУР эйр,Выдача до 30 минут
2026-06-11,TK 3036 ,321,АНТАЛЬЯ,25,Y(А10),01:48,2920,-1,,,2026-06-11 02:08:00,2026-06-11 02:31:00,2026-06-11 02:08:00,2026-06-11 02:31:00,,,4.0,2026-06-11 02:25:00,2026-06-11 02:26:00,,0.0,2026-06-11 02:05:00,2026-06-11 02:25:00,2026-06-11 02:32:00,2026-06-11 02:39:00,,,Корнилов Н. А.,Turkish Airlines,Некорректно проставлены отметки
2026-06-11,TK 217 ,32Б,АНТАЛЬЯ,21,Y(А09),01:53,1905,-1,,,2026-06-11 02:18:00,2026-06-11 02:22:00,2026-06-11 02:18:00,2026-06-11 02:22:00,,,,2026-06-11 02:28:00,2026-06-11 02:55:00,,0.0,2026-06-11 02:30:00,2026-06-11 02:37:00,,,,,Фартушный А. И.,Turkish Airlines,Некорректно проставлены отметки
2026-06-11,4S 337 ,7С8,ШАРМ ЭЛЬ ШЕЙХ(ШАРМ ЭЛЬ ШЕЙХ ИНТЛ.),22,Y(А12),01:59,2188,2026-06-11 02:38:00,2026-06-11 02:40:00,,2026-06-11 02:40:00,2026-06-11 02:55:00,2026-06-11 02:40:00,2026-06-11 02:55:00,2026-06-11 02:57:00,,,2026-06-11 02:51:00,2026-06-11 03:01:00,,0.0,2026-06-11 02:45:00,2026-06-11 02:51:00,2026-06-11 02:55:00,2026-06-11 03:00:00,,,Рустамов М. А.,Red Sea,Выдача до 30 минут
2026-06-11,PC 1521 ,320,ИЗМИР(АДНАН МЕНДЕРЕС),26,Y(А10),02:02,1929,2026-06-11 02:23:00,2026-06-11 02:25:00,,2026-06-11 02:29:00,2026-06-11 02:44:00,2026-06-11 02:29:00,2026-06-11 02:44:00,2026-06-11 02:40:00,4.0,2.0,2026-06-11 02:41:00,2026-06-11 02:42:00,,0.0,2026-06-11 02:38:00,2026-06-11 02:40:00,2026-06-11 02:45:00,2026-06-11 02:48:00,,,Прохачев И. А.,Pegasus,Выдача до 30 минут
2026-06-11,ФВ 6161 ,СУ9,САНКТ-ПЕТЕРБУРГ(ПУЛКОВО),9,Y(А04),02:04,87,2026-06-11 02:29:00,2026-06-11 02:31:00,,2026-06-11 02:33:00,2026-06-11 02:34:00,2026-06-11 02:33:00,2026-06-11 02:34:00,2026-06-11 02:34:00,,,2026-06-11 02:37:00,2026-06-11 02:38:00,,0.0,2026-06-11 02:34:00,2026-06-11 02:38:00,,,,,Саидов А. С.,Россия,Выдача до 30 минут
2026-06-11,ЖГ 932 ,73Й,ТБИЛИСИ(ТБИЛИСИ ИНТЛ.),30,Y(А09),02:07,1250,2026-06-11 02:26:00,2026-06-11 02:26:00,,2026-06-11 02:37:00,2026-06-11 02:44:00,2026-06-11 02:37:00,2026-06-11 02:44:00,2026-06-11 02:38:00,6.0,,,-1,,0.0,2026-06-11 02:42:00,2026-06-11 02:49:00,2026-06-11 02:50:00,2026-06-11 02:52:00,,,Лизенко Е. В.,GEORGIAN AIRWAYS,Некорректно проставлены отметки
2026-06-11,3F 323 ,320,ЕРЕВАН(ЗВАРТНОЦ ИНТЛ),19,Y(А13),02:10,860,2026-06-11 02:35:00,2026-06-11 02:37:00,,2026-06-11 02:39:00,2026-06-11 02:47:00,2026-06-11 02:40:00,2026-06-11 02:47:00,2026-06-11 02:45:00,2.0,1.0,2026-06-11 02:54:00,2026-06-11 02:56:00,,0.0,2026-06-11 02:47:00,2026-06-11 02:53:00,,,,,"Бородин А. В., Королёв Е. А.",FLYONE Armenia,Выдача до 30 минут
2026-06-11,ДР 168B,73Х,МИНЕРАЛЬНЫЕ ВОДЫ,46,Y(А05),02:12,430,2026-06-11 02:23:00,2026-06-11 02:23:00,,2026-06-11 02:27:00,2026-06-11 02:31:00,2026-06-11 02:27:00,2026-06-11 02:31:00,2026-06-11 02:30:00,1.0,1.0,2026-06-11 02:38:00,2026-06-11 02:42:00,,0.0,2026-06-11 02:32:00,2026-06-11 02:39:00,,,,,Тришкин А. В.,Победа,Выдача до 30 минут
2026-06-11,ДР 264B,73Х,КАЛИНИНГРАД(ХРАБРОВО),44,Y(А04),02:48,465,2026-06-11 02:58:00,2026-06-11 03:01:00,,2026-06-11 03:02:00,2026-06-11 03:10:00,2026-06-11 03:02:00,2026-06-11 03:10:00,2026-06-11 03:05:00,5.0,5.0,2026-06-11 03:16:00,2026-06-11 03:20:00,,0.0,2026-06-11 03:11:00,2026-06-11 03:17:00,,,,,Королев А. А.,Победа,Выдача до 30 минут
2026-06-11,NE 616 ,320,ХУРГАДА(ХУРГАДА ИНТЛ.),20,Y(А11),02:51,1863,2026-06-11 03:04:00,2026-06-11 03:10:00,3.0,2026-06-11 03:12:00,2026-06-11 03:27:00,2026-06-11 03:12:00,2026-06-11 03:27:00,2026-06-11 03:20:00,7.0,3.0,2026-06-11 03:25:00,2026-06-11 03:37:00,1.0,3.0,2026-06-11 03:18:00,2026-06-11 03:23:00,2026-06-11 03:31:00,2026-06-11 03:36:00,,,Саидов А. С.,Nesma Airlines,Выдача от 30 до 40 минут
2026-06-11,TK 3122 ,32Б,БОДРУМ(МИЛАС),27,Y(А12),02:54,891,2026-06-11 03:09:00,2026-06-11 03:10:00,,2026-06-11 03:14:00,2026-06-11 03:17:00,2026-06-11 03:14:00,2026-06-11 03:17:00,2026-06-11 03:19:00,,,2026-06-11 03:30:00,2026-06-11 03:31:00,1.0,0.0,2026-06-11 03:05:00,2026-06-11 03:27:00,,,,,Лизенко Е. В.,Turkish Airlines,Выдача до 30 минут
2026-06-11,ЮТ 352B,73Е,ХАНТЫ-МАНСИЙСК,10,Y(А07),02:56,539,2026-06-11 03:08:00,2026-06-11 03:09:00,,2026-06-11 03:10:00,2026-06-11 03:16:00,2026-06-11 03:10:00,2026-06-11 03:16:00,2026-06-11 03:16:00,,2.0,2026-06-11 03:22:00,2026-06-11 03:23:00,,0.0,2026-06-11 03:18:00,2026-06-11 03:20:00,,,,,Науну М.,Ютэйр,Выдача до 30 минут
2026-06-11,NE 644 ,320,ШАРМ ЭЛЬ ШЕЙХ(ШАРМ ЭЛЬ ШЕЙХ ИНТЛ.),24,Y(А13),03:00,1466,2026-06-11 03:28:00,2026-06-11 03:30:00,,2026-06-11 03:33:00,2026-06-11 03:47:00,2026-06-11 03:33:00,2026-06-11 03:47:00,2026-06-11 03:42:00,5.0,4.0,2026-06-11 03:45:00,2026-06-11 03:57:00,,0.0,2026-06-11 03:40:00,2026-06-11 03:44:00,2026-06-11 03:53:00,2026-06-11 03:56:00,,,Тришкин А. В.,Nesma Airlines,Выдача до 30 минут
2026-06-11,ДР 122B,7С8,СОЧИ,43,Y(А05),03:04,589,2026-06-11 03:15:00,2026-06-11 03:18:00,,2026-06-11 03:18:00,2026-06-11 03:23:00,2026-06-11 03:18:00,2026-06-11 03:23:00,2026-06-11 03:23:00,,1.0,2026-06-11 03:32:00,2026-06-11 03:33:00,,0.0,2026-06-11 03:23:00,2026-06-11 03:33:00,,,,,Ушаков Г. А.,Победа,Выдача до 30 минут
2026-06-11,PC 386 ,32Щ,СТАМБУЛ(САБИХА ГОКЦЕН),23,Y(А10),03:28,2490,2026-06-11 03:44:00,2026-06-11 03:46:00,,2026-06-11 03:48:00,2026-06-11 04:07:00,2026-06-11 03:48:00,2026-06-11 04:07:00,2026-06-11 04:05:00,2.0,2.0,2026-06-11 03:57:00,2026-06-11 04:14:00,,0.0,2026-06-11 03:54:00,2026-06-11 03:57:00,2026-06-11 04:09:00,2026-06-11 04:13:00,,,Прохачев И. А.,Pegasus,Выдача до 30 минут
2026-06-11,FZ 987 ,7М8,ДУБАЙ(ДУБАЙ ИНТЛ.),29,Y(А09),03:34,2045,2026-06-11 03:45:00,2026-06-11 03:48:00,,2026-06-11 03:48:00,2026-06-11 04:08:00,2026-06-11 03:49:00,2026-06-11 04:08:00,2026-06-11 04:03:00,5.0,5.0,2026-06-11 03:58:00,2026-06-11 04:14:00,,0.0,2026-06-11 03:53:00,2026-06-11 03:58:00,2026-06-11 04:09:00,2026-06-11 04:14:00,,,"Науну М., Ушаков Г. А.",flydubai,Выдача до 30 минут
2026-06-11,NE 630 ,320,ШАРМ ЭЛЬ ШЕЙХ(ШАРМ ЭЛЬ ШЕЙХ ИНТЛ.),21,Y(А12),03:42,1713,2026-06-11 03:54:00,2026-06-11 03:59:00,2.0,2026-06-11 04:04:00,2026-06-11 04:21:00,2026-06-11 04:04:00,2026-06-11 04:21:00,2026-06-11 04:09:00,12.0,6.0,2026-06-11 04:15:00,2026-06-11 04:33:00,1.0,9.0,2026-06-11 04:10:00,2026-06-11 04:15:00,2026-06-11 04:24:00,2026-06-11 04:30:00,,,Фартушный А. И.,Nesma Airlines,Выдача от 30 до 40 минут
2026-06-11,NE 646 ,320,ШАРМ ЭЛЬ ШЕЙХ(ШАРМ ЭЛЬ ШЕЙХ ИНТЛ.),18,Y(А11),03:44,1388,2026-06-11 03:56:00,2026-06-11 03:57:00,,2026-06-11 04:00:00,2026-06-11 04:20:00,2026-06-11 04:00:00,2026-06-11 04:20:00,2026-06-11 04:09:00,11.0,11.0,2026-06-11 04:15:00,2026-06-11 04:26:00,,0.0,2026-06-11 04:06:00,2026-06-11 04:11:00,2026-06-11 04:21:00,2026-06-11 04:25:00,,,Королев А. А.,Nesma Airlines,Выдача до 30 минут
2026-06-11,ДР 198 ,73Х,ВЛАДИКАВКАЗ(БЕСЛАН),47,Y(А05),03:50,380,2026-06-11 03:58:00,2026-06-11 03:58:00,,2026-06-11 04:02:00,2026-06-11 04:09:00,2026-06-11 04:02:00,2026-06-11 04:09:00,2026-06-11 04:05:00,4.0,4.0,2026-06-11 04:13:00,2026-06-11 04:14:00,,0.0,2026-06-11 04:08:00,2026-06-11 04:14:00,,,,,Бородин А. В.,Победа,Выдача до 30 минут
2026-06-11,TK 3154A,321,БОДРУМ(МИЛАС),26,Y(А09),03:52,2300,2026-06-11 04:04:00,2026-06-11 04:07:00,,2026-06-11 04:07:00,2026-06-11 04:24:00,2026-06-11 04:07:00,2026-06-11 04:24:00,2026-06-11 04:23:00,1.0,2.0,2026-06-11 04:22:00,2026-06-11 04:29:00,,0.0,2026-06-11 04:15:00,2026-06-11 04:33:00,,,,,Рустамов М. А.,Turkish Airlines,Выдача до 30 минут
2026-06-11,ДР 486B,7С8,УЛЬЯНОВСК(БАРАТАЕВКА),49,Y(А04),03:58,175,2026-06-11 04:08:00,2026-06-11 04:10:00,,2026-06-11 04:13:00,2026-06-11 04:15:00,2026-06-11 04:13:00,2026-06-11 04:15:00,2026-06-11 04:13:00,2.0,1.0,2026-06-11 04:22:00,2026-06-11 04:23:00,,0.0,2026-06-11 04:16:00,2026-06-11 04:24:00,,,,,Королёв Е. А.,Победа,Выдача до 30 минут
2026-06-11,ЮВ 301 ,ЦР2,БУГУЛЬМА,45,Y(А07),04:05,200,2026-06-11 04:10:00,2026-06-11 04:14:00,1.0,2026-06-11 04:16:00,2026-06-11 04:18:00,2026-06-11 04:16:00,2026-06-11 04:18:00,2026-06-11 04:15:00,3.0,1.0,2026-06-11 04:26:00,2026-06-11 04:27:00,,0.0,2026-06-11 04:19:00,2026-06-11 04:26:00,,,,,Лизенко Е. В.,ЮВТ АЭРО,Выдача до 30 минут
2026-06-11,VF 587 ,73Х,АНКАРА(ЕСЕНБОГА),25,Y(А13),04:11,1529,2026-06-11 04:32:00,2026-06-11 04:32:00,,2026-06-11 04:32:00,2026-06-11 04:45:00,2026-06-11 04:32:00,2026-06-11 04:45:00,2026-06-11 04:46:00,,3.0,2026-06-11 04:43:00,2026-06-11 05:04:00,,2.0,2026-06-11 04:58:00,2026-06-11 05:03:00,2026-06-11 04:39:00,2026-06-11 04:42:00,,,Саидов А. С.,AJET,Выдача от 30 до 40 минут
2026-06-11,PC 1456 ,32Щ,БОДРУМ(МИЛАС),19,Y(А12),04:16,1744,2026-06-11 04:23:00,2026-06-11 04:24:00,,2026-06-11 04:29:00,2026-06-11 04:44:00,2026-06-11 04:29:00,2026-06-11 04:44:00,2026-06-11 04:39:00,5.0,3.0,2026-06-11 05:03:00,2026-06-11 05:04:00,20.0,11.0,2026-06-11 04:35:00,2026-06-11 04:41:00,2026-06-11 04:45:00,2026-06-11 04:49:00,,,Бородин А. В.,Pegasus,Выдача более 40 минут
2026-06-11,VF 277 ,73Х,СТАМБУЛ(САБИХА ГОКЦЕН),24,Y(А11),04:52,1698,2026-06-11 05:04:00,2026-06-11 05:12:00,5.0,2026-06-11 05:06:00,2026-06-11 05:32:00,2026-06-11 05:06:00,2026-06-11 05:32:00,2026-06-11 05:19:00,13.0,15.0,2026-06-11 05:17:00,2026-06-11 05:40:00,,6.0,2026-06-11 05:14:00,2026-06-11 05:18:00,2026-06-11 05:34:00,2026-06-11 05:38:00,,,Прохачев И. А.,AJET,Выдача от 30 до 40 минут
2026-06-11,PC 390 ,32Щ,СТАМБУЛ(САБИХА ГОКЦЕН),20,Y(А10),04:56,2168,2026-06-11 05:04:00,2026-06-11 05:07:00,,2026-06-11 05:10:00,2026-06-11 05:26:00,2026-06-11 05:10:00,2026-06-11 05:26:00,2026-06-11 05:22:00,4.0,2.0,2026-06-11 05:20:00,2026-06-11 05:31:00,,0.0,2026-06-11 05:15:00,2026-06-11 05:20:00,2026-06-11 05:28:00,2026-06-11 05:31:00,,,Науну М.,Pegasus,Выдача до 30 минут
2026-06-11,ДР 476D,73Х,САРАТОВ(ГАГАРИН),48,Y(А04),04:59,222,2026-06-11 05:11:00,2026-06-11 05:14:00,,2026-06-11 05:16:00,2026-06-11 05:18:00,2026-06-11 05:16:00,2026-06-11 05:18:00,2026-06-11 05:16:00,2.0,1.0,2026-06-11 05:28:00,2026-06-11 05:29:00,,0.0,2026-06-11 05:22:00,2026-06-11 05:29:00,,,,,Тришкин А. В.,Победа,Выдача до 30 минут
2026-06-11,ДР 408 ,73Х,ЕКАТЕРИНБУРГ(КОЛЬЦОВО),62,Y(А04),05:21,330,2026-06-11 05:33:00,2026-06-11 05:38:00,2.0,2026-06-11 05:35:00,2026-06-11 05:38:00,2026-06-11 05:35:00,2026-06-11 05:38:00,2026-06-11 05:39:00,,1.0,2026-06-11 05:51:00,2026-06-11 05:53:00,,0.0,2026-06-11 05:45:00,2026-06-11 05:53:00,,,,,Фартушный А. И.,Победа,Выдача до 30 минут
2026-06-11,TK 419 ,32Б,СТАМБУЛ(СТАМБУЛ НЬЮ),23,Y(А09),05:39,3348,2026-06-11 05:55:00,2026-06-11 05:55:00,,2026-06-11 06:02:00,2026-06-11 06:22:00,2026-06-11 06:02:00,2026-06-11 06:22:00,2026-06-11 06:21:00,1.0,,2026-06-11 06:12:00,2026-06-11 06:24:00,,0.0,2026-06-11 06:06:00,2026-06-11 06:11:00,2026-06-11 06:09:00,2026-06-11 06:28:00,,,Ушаков Г. А.,Turkish Airlines,Выдача до 30 минут
2026-06-11,PC 1458 ,32Щ,ДАЛАМАН,19,Y(А13),05:54,2102,2026-06-11 06:03:00,2026-06-11 06:05:00,,2026-06-11 06:11:00,2026-06-11 06:24:00,2026-06-11 06:11:00,2026-06-11 06:24:00,2026-06-11 06:21:00,3.0,,2026-06-11 06:22:00,2026-06-11 06:31:00,,0.0,2026-06-11 06:17:00,2026-06-11 06:23:00,2026-06-11 06:25:00,2026-06-11 06:32:00,,,Баташан В. Ю.,Pegasus,Выдача до 30 минут
2026-06-11,AZO 7072 ,СУ9,КУТАИСИ(КУТАИСИ ИНТЛ.),28,Y(А12),05:58,866,2026-06-11 06:17:00,2026-06-11 06:21:00,1.0,2026-06-11 06:21:00,2026-06-11 06:33:00,2026-06-11 06:21:00,2026-06-11 06:33:00,2026-06-11 06:27:00,6.0,6.0,2026-06-11 06:38:00,2026-06-11 06:39:00,1.0,0.0,2026-06-11 06:34:00,2026-06-11 06:38:00,,,,,Корнилов Н. А.,GEORGIAN AIRWAYS,Выдача до 30 минут
2026-06-11,ДР 414 ,7С8,ЧЕЛЯБИНСК(БАЛАНДИНО),37,Y(А04),06:15,281,2026-06-11 06:22:00,2026-06-11 06:26:00,1.0,2026-06-11 06:25:00,2026-06-11 06:28:00,2026-06-11 06:25:00,2026-06-11 06:28:00,2026-06-11 06:28:00,,1.0,2026-06-11 06:39:00,2026-06-11 06:40:00,,0.0,2026-06-11 06:28:00,2026-06-11 06:34:00,,,,,Науну М.,Победа,Выдача до 30 минут
2026-06-11,TK 407 ,333,СТАМБУЛ(СТАМБУЛ НЬЮ),22,Y(А10),06:20,3790,2026-06-11 06:34:00,2026-06-11 06:38:00,1.0,2026-06-11 06:39:00,2026-06-11 06:50:00,2026-06-11 06:39:00,2026-06-11 06:50:00,2026-06-11 07:03:00,,,,-1,,0.0,2026-06-11 06:42:00,2026-06-11 06:53:00,2026-06-11 06:51:00,2026-06-11 07:22:00,,,Давлатов Б. Ч.,Turkish Airlines,Некорректно проставлены отметки
2026-06-11,ДР 422B,73Х,САМАРА(КУРУМОЧ),36,Y(А05),06:32,114,2026-06-11 06:40:00,2026-06-11 06:42:00,,2026-06-11 06:48:00,2026-06-11 06:49:00,2026-06-11 06:48:00,2026-06-11 06:49:00,2026-06-11 06:45:00,4.0,,,-1,,0.0,2026-06-11 06:50:00,2026-06-11 06:57:00,,,,,Науну М.,Победа,Некорректно проставлены отметки
2026-06-11,ДР 730 ,73Х,ФЕРГАНА(ФЕРГАНА ИНТЛ.),50,Y(А11),07:02,381,2026-06-11 07:10:00,2026-06-11 07:12:00,,2026-06-11 07:13:00,2026-06-11 07:15:00,2026-06-11 07:13:00,2026-06-11 07:15:00,2026-06-11 07:17:00,,,2026-06-11 07:29:00,2026-06-11 07:30:00,,0.0,2026-06-11 07:16:00,2026-06-11 07:23:00,,,,,Лизенко Е. В.,Победа,Выдача до 30 минут
2026-06-11,ЮТ 1250 ,735,СОЧИ,12,Y(А05),07:13,296,2026-06-11 07:24:00,2026-06-11 07:23:00,-1.0,2026-06-11 07:26:00,2026-06-11 07:29:00,2026-06-11 07:26:00,2026-06-11 07:29:00,2026-06-11 07:30:00,,1.0,2026-06-11 07:33:00,2026-06-11 07:34:00,,0.0,2026-06-11 07:30:00,2026-06-11 07:32:00,,,,,Рябчевский В. О.,Ютэйр,Выдача до 30 минут
2026-06-11,ФВ 6019 ,СУ9,САНКТ-ПЕТЕРБУРГ(ПУЛКОВО),8,Y(А04),07:17,61,2026-06-11 07:25:00,2026-06-11 07:27:00,,2026-06-11 07:28:00,2026-06-11 07:31:00,2026-06-11 07:28:00,2026-06-11 07:31:00,2026-06-11 07:29:00,2.0,3.0,2026-06-11 07:32:00,2026-06-11 07:33:00,,0.0,2026-06-11 07:30:00,2026-06-11 07:33:00,,,,,Потапов Е. А.,Россия,Выдача до 30 минут
2026-06-11,ДР 742 ,73Х,ТАШКЕНТ(ТАШКЕНТ ИНТЛ.),63,Y(А12),07:37,249,-1,,,2026-06-11 07:51:00,2026-06-11 07:54:00,2026-06-11 07:51:00,2026-06-11 07:54:00,,,1.0,2026-06-11 08:02:00,2026-06-11 08:03:00,,0.0,2026-06-11 07:55:00,2026-06-11 08:02:00,,,,,Екимов С. С.,Победа,Некорректно проставлены отметки
2026-06-11,ЮТ 808 ,73Х,БУХАРА(БУХАРА ИНТЛ.),19,Y(А11),07:40,742,2026-06-11 07:49:00,2026-06-11 07:50:00,,2026-06-11 07:52:00,2026-06-11 07:58:00,2026-06-11 07:52:00,2026-06-11 07:58:00,2026-06-11 07:58:00,,1.0,2026-06-11 08:04:00,2026-06-11 08:07:00,,0.0,2026-06-11 07:58:00,2026-06-11 08:05:00,,,,,Омурбе У. Б.,Ютэйр,Выдача до 30 минут
2026-06-11,ХИ 9609 ,320,ТЕРМЕЗ,26,Y(А09),07:45,1678,2026-06-11 07:57:00,2026-06-11 08:02:00,2.0,2026-06-11 08:12:00,2026-06-11 08:14:00,2026-06-11 08:12:00,2026-06-11 08:14:00,2026-06-11 08:12:00,2.0,,2026-06-11 08:09:00,2026-06-11 08:18:00,,0.0,2026-06-11 08:06:00,2026-06-11 08:10:00,2026-06-11 08:15:00,2026-06-11 08:18:00,,,Рябчевский В. О.,UZBEKISTAN AIRWAYS,Выдача до 30 минут
2026-06-11,ЮТ 454 ,73Х,ТЮМЕНЬ(РОЩИНО),14,Y(А07),07:46,753,2026-06-11 08:00:00,2026-06-11 08:02:00,,2026-06-11 08:03:00,2026-06-11 08:08:00,2026-06-11 08:03:00,2026-06-11 08:08:00,2026-06-11 08:09:00,,,2026-06-11 08:14:00,2026-06-11 08:15:00,,0.0,2026-06-11 08:10:00,2026-06-11 08:14:00,,,,,Дубинский В. Д.,Ютэйр,Выдача до 30 минут
2026-06-11,ЮТ 364 ,734,УФА,15,Y(А05),08:00,470,2026-06-11 08:14:00,2026-06-11 08:18:00,1.0,2026-06-11 08:17:00,2026-06-11 08:22:00,2026-06-11 08:17:00,2026-06-11 08:22:00,2026-06-11 08:21:00,1.0,2.0,2026-06-11 08:26:00,2026-06-11 08:28:00,,0.0,2026-06-11 08:22:00,2026-06-11 08:26:00,,,,,Аганин А. А.,Ютэйр,Выдача до 30 минут
2026-06-11,В2 981 ,Е75,МИНСК(МИНСК ИНТЛ.),29,Y(А13),08:23,206,2026-06-11 08:36:00,2026-06-11 08:44:00,5.0,2026-06-11 08:40:00,2026-06-11 08:42:00,2026-06-11 08:40:00,2026-06-11 08:42:00,2026-06-11 08:41:00,1.0,1.0,2026-06-11 08:45:00,2026-06-11 08:46:00,,0.0,2026-06-11 08:42:00,2026-06-11 08:45:00,,,,,Демчук Д. П.,Белавиа,Выдача до 30 минут
2026-06-11,ХИ 9607 ,32Н,БУХАРА(БУХАРА ИНТЛ.),25,Y(А10),08:26,1781,2026-06-11 08:39:00,2026-06-11 08:40:00,,2026-06-11 08:44:00,2026-06-11 08:59:00,2026-06-11 08:44:00,2026-06-11 08:59:00,2026-06-11 08:55:00,4.0,3.0,2026-06-11 08:53:00,2026-06-11 09:07:00,,0.0,2026-06-11 08:49:00,2026-06-11 08:53:00,2026-06-11 09:03:00,2026-06-11 09:06:00,,,Музафаров А. С.,UZBEKISTAN AIRWAYS,Выдача до 30 минут
2026-06-11,ЮТ 248 ,734,СУРГУТ,13,Y(А07),08:40,526,-1,,,2026-06-11 08:52:00,2026-06-11 08:55:00,2026-06-11 08:52:00,2026-06-11 08:55:00,,,,2026-06-11 09:01:00,2026-06-11 09:02:00,,0.0,2026-06-11 08:57:00,2026-06-11 09:01:00,,,,,Иванов В. А.,Ютэйр,Некорректно проставлены отметки
2026-06-11,ЮТ 786B,73Х,ЕРЕВАН(ЗВАРТНОЦ ИНТЛ),24,Y(А13),08:42,1331,2026-06-11 08:59:00,2026-06-11 09:00:00,,2026-06-11 08:54:00,2026-06-11 09:03:00,2026-06-11 08:55:00,2026-06-11 09:03:00,2026-06-11 09:12:00,,,2026-06-11 09:05:00,2026-06-11 09:12:00,,0.0,2026-06-11 08:59:00,2026-06-11 09:06:00,2026-06-11 09:05:00,2026-06-11 09:11:00,,,"Андреев А. М., Каламбеков У. О.",Ютэйр,Выдача до 30 минут
2026-06-11,ЮТ 572 ,73Х,КРАСНОЯРСК,21,Y(А06),08:45,952,2026-06-11 08:57:00,2026-06-11 08:58:00,,2026-06-11 09:03:00,2026-06-11 09:30:00,2026-06-11 09:03:00,2026-06-11 09:30:00,2026-06-11 09:07:00,23.0,21.0,2026-06-11 09:13:00,2026-06-11 09:17:00,,0.0,2026-06-11 09:33:00,2026-06-11 09:37:00,,,,,Воробьев Т. А.,Ютэйр,Выдача до 30 минут
2026-06-11,ФВ 6051 ,СУ9,САНКТ-ПЕТЕРБУРГ(ПУЛКОВО),9,Y(А04),08:47,46,2026-06-11 08:57:00,2026-06-11 08:59:00,,2026-06-11 08:59:00,2026-06-11 09:00:00,2026-06-11 08:59:00,2026-06-11 09:00:00,2026-06-11 09:01:00,,1.0,2026-06-11 09:02:00,2026-06-11 09:03:00,,0.0,2026-06-11 09:00:00,2026-06-11 09:02:00,,,,,Омурбе У. Б.,Россия,Выдача до 30 минут
2026-06-11,ЮТ 352 ,73Е,ХАНТЫ-МАНСИЙСК,16,Y(А05),08:49,484,2026-06-11 09:02:00,2026-06-11 09:02:00,,2026-06-11 09:05:00,2026-06-11 09:08:00,2026-06-11 09:05:00,2026-06-11 09:08:00,2026-06-11 09:09:00,,,2026-06-11 09:14:00,2026-06-11 09:15:00,,0.0,2026-06-11 09:09:00,2026-06-11 09:13:00,,,,,Дубинский В. Д.,Ютэйр,Выдача до 30 минут
2026-06-11,ДР 434 ,7С8,ПЕРМЬ(БОЛЬШОЕ САВИНО),47,Y(А04),08:52,253,2026-06-11 09:00:00,2026-06-11 09:03:00,,2026-06-11 09:06:00,2026-06-11 09:10:00,2026-06-11 09:06:00,2026-06-11 09:10:00,2026-06-11 09:06:00,4.0,2.0,2026-06-11 09:18:00,2026-06-11 09:20:00,,0.0,2026-06-11 09:11:00,2026-06-11 09:19:00,,,,,Хушвактов П. З.,Победа,Выдача до 30 минут
2026-06-11,3F 321 ,321,ЕРЕВАН(ЗВАРТНОЦ ИНТЛ),18,Y(А13),09:00,1327,2026-06-11 09:12:00,2026-06-11 09:12:00,,2026-06-11 09:13:00,2026-06-11 09:34:00,2026-06-11 09:13:00,2026-06-11 09:34:00,2026-06-11 09:25:00,9.0,12.0,2026-06-11 09:24:00,2026-06-11 09:43:00,,1.0,2026-06-11 09:17:00,2026-06-11 09:24:00,2026-06-11 09:36:00,2026-06-11 09:40:00,,,Гаврилов В. А.,FLYONE Armenia,Выдача от 30 до 40 минут
2026-06-11,ЮТ 560 ,73Х,МАХАЧКАЛА,17,Y(А08),09:09,274,2026-06-11 09:21:00,2026-06-11 09:21:00,,2026-06-11 09:24:00,2026-06-11 09:30:00,2026-06-11 09:24:00,2026-06-11 09:30:00,2026-06-11 09:27:00,3.0,4.0,2026-06-11 09:35:00,2026-06-11 09:37:00,,0.0,2026-06-11 09:31:00,2026-06-11 09:35:00,,,,,Аганин А. А.,Ютэйр,Выдача до 30 минут
2026-06-11,AZO 7154 ,СУ9,БАТУМИ,30,Y(А12),09:16,486,2026-06-11 09:28:00,2026-06-11 09:31:00,,2026-06-11 09:34:00,2026-06-11 09:43:00,2026-06-11 09:34:00,2026-06-11 09:43:00,2026-06-11 09:35:00,8.0,6.0,2026-06-11 09:48:00,2026-06-11 09:49:00,,0.0,2026-06-11 09:44:00,2026-06-11 09:48:00,,,,,Потапов Е. А.,GEORGIAN AIRWAYS,Выдача до 30 минут
2026-06-11,ФВ 6003 ,СУ9,САНКТ-ПЕТЕРБУРГ(ПУЛКОВО),8,Y(А04),09:19,48,2026-06-11 09:28:00,2026-06-11 09:30:00,,2026-06-11 09:32:00,2026-06-11 09:33:00,2026-06-11 09:32:00,2026-06-11 09:33:00,2026-06-11 09:32:00,1.0,1.0,2026-06-11 09:36:00,2026-06-11 09:37:00,,0.0,2026-06-11 09:33:00,2026-06-11 09:36:00,,,,,Давлатов Б. Ч.,Россия,Выдача до 30 минут
2026-06-11,DV 809 ,738,АЛМАТЫ(АЛМАТЫ ИНТЛ.),20,Y(А13),09:25,980,2026-06-11 09:35:00,2026-06-11 09:43:00,5.0,2026-06-11 09:38:00,2026-06-11 09:44:00,2026-06-11 09:43:00,2026-06-11 09:44:00,2026-06-11 09:46:00,,,2026-06-11 09:51:00,2026-06-11 09:53:00,,0.0,2026-06-11 09:48:00,2026-06-11 09:51:00,,,,,"Демчук Д. П., Тано Б. А.",SCAT Airlines,Выдача до 30 минут
2026-06-11,КГ 555 ,320,ОШ,23,Y(А13),09:47,2922,2026-06-11 10:00:00,2026-06-11 10:01:00,,2026-06-11 10:03:00,2026-06-11 10:17:00,2026-06-11 10:03:00,2026-06-11 10:17:00,2026-06-11 10:23:00,,,2026-06-11 10:11:00,2026-06-11 10:27:00,,0.0,2026-06-11 10:07:00,2026-06-11 10:11:00,2026-06-11 10:19:00,2026-06-11 10:23:00,,,"Давлатов Б. Ч., Екимов С. С.",Aero Nomad,Выдача до 30 минут
2026-06-11,ЮТ 400 ,73Х,ГРОЗНЫЙ(СЕВЕРНЫЙ),11,Y(А05),10:10,375,2026-06-11 10:25:00,2026-06-11 10:26:00,,2026-06-11 10:30:00,2026-06-11 10:35:00,2026-06-11 10:30:00,2026-06-11 10:35:00,2026-06-11 10:32:00,3.0,2.0,2026-06-11 10:39:00,2026-06-11 10:41:00,,0.0,2026-06-11 10:35:00,2026-06-11 10:38:00,,,,,Попов А. И.,Ютэйр,Выдача до 30 минут
2026-06-11,ЮТ 446 ,73Е,КОГАЛЫМ,15,Y(А06),10:16,1341,2026-06-11 10:32:00,2026-06-11 10:33:00,,2026-06-11 10:37:00,2026-06-11 10:49:00,2026-06-11 10:37:00,2026-06-11 10:49:00,2026-06-11 10:45:00,4.0,3.0,2026-06-11 10:50:00,2026-06-11 10:53:00,,0.0,2026-06-11 10:52:00,2026-06-11 10:58:00,2026-06-11 10:46:00,2026-06-11 10:50:00,,,Дубинский В. Д.,Ютэйр,Выдача до 30 минут
2026-06-11,ДР 744 ,7С8,ОШ,49,Y(А13),10:32,582,2026-06-11 10:50:00,2026-06-11 10:53:00,,2026-06-11 10:54:00,2026-06-11 10:59:00,2026-06-11 10:54:00,2026-06-11 10:59:00,2026-06-11 10:58:00,1.0,1.0,2026-06-11 11:07:00,2026-06-11 11:08:00,,0.0,2026-06-11 11:00:00,2026-06-11 11:07:00,,,,,Аганин А. А.,Победа,Выдача до 30 минут
2026-06-11,ФВ 6005 ,СУ9,САНКТ-ПЕТЕРБУРГ(ПУЛКОВО),9,Y(А04),10:34,120,2026-06-11 10:48:00,2026-06-11 10:50:00,,2026-06-11 10:50:00,2026-06-11 10:52:00,2026-06-11 10:50:00,2026-06-11 10:52:00,2026-06-11 10:53:00,,1.0,2026-06-11 10:54:00,2026-06-11 10:55:00,,0.0,2026-06-11 10:52:00,2026-06-11 10:54:00,,,,,Андреев А. М.,Россия,Выдача до 30 минут
2026-06-11,AZV 3002 ,763,АНТАЛЬЯ,18,Y(А09),10:55,2995,2026-06-11 11:09:00,2026-06-11 11:12:00,,2026-06-11 11:12:00,2026-06-11 11:25:00,2026-06-11 11:12:00,2026-06-11 11:25:00,2026-06-11 11:33:00,,,2026-06-11 11:28:00,2026-06-11 11:36:00,,0.0,2026-06-11 11:12:00,2026-06-11 11:27:00,2026-06-11 11:04:00,2026-06-11 11:36:00,,,Демчук Д. П.,АЗУР эйр,Выдача до 30 минут
2026-06-11,ХИ 9615 ,32Н,УРГЕНЧ(УРГЕНЧ ИНТЛ.),24,Y(А12),10:59,1550,2026-06-11 11:15:00,2026-06-11 11:17:00,,2026-06-11 11:19:00,2026-06-11 11:30:00,2026-06-11 11:19:00,2026-06-11 11:30:00,2026-06-11 11:29:00,1.0,1.0,2026-06-11 11:28:00,2026-06-11 11:37:00,,0.0,2026-06-11 11:23:00,2026-06-11 11:26:00,2026-06-11 11:32:00,2026-06-11 11:36:00,,,Музафаров А. С.,UZBEKISTAN AIRWAYS,Выдача до 30 минут
2026-06-11,ЖГ 936 ,73Х,ТБИЛИСИ(ТБИЛИСИ ИНТЛ.),29,Y(А11),11:03,1252,2026-06-11 11:15:00,2026-06-11 11:18:00,,2026-06-11 11:19:00,2026-06-11 11:29:00,2026-06-11 11:19:00,2026-06-11 11:29:00,2026-06-11 11:27:00,2.0,2.0,2026-06-11 11:35:00,2026-06-11 11:41:00,,0.0,2026-06-11 11:31:00,2026-06-11 11:34:00,,,,,Потапов Е. А.,GEORGIAN AIRWAYS,Выдача до 30 минут
2026-06-11,J2 807 ,320,БАКУ(ИМ. ГЕЙДАРА АЛИЕВА),26,Y(А11),11:07,981,2026-06-11 11:41:00,2026-06-11 11:43:00,,2026-06-11 11:44:00,2026-06-11 11:55:00,2026-06-11 11:44:00,2026-06-11 11:55:00,2026-06-11 11:52:00,3.0,4.0,2026-06-11 12:01:00,2026-06-11 12:04:00,,0.0,2026-06-11 11:52:00,2026-06-11 12:01:00,,,,,Тано Б. А.,AZAL,Выдача до 30 минут
2026-06-11,TK 413 ,333,СТАМБУЛ(СТАМБУЛ НЬЮ),22,Y(А10),11:10,2736,2026-06-11 11:26:00,2026-06-11 11:28:00,,2026-06-11 11:28:00,2026-06-11 11:39:00,2026-06-11 11:28:00,2026-06-11 11:39:00,2026-06-11 11:48:00,,,2026-06-11 11:44:00,2026-06-11 12:03:00,,7.0,2026-06-11 11:34:00,2026-06-11 11:52:00,2026-06-11 11:31:00,2026-06-11 11:45:00,,,Гаврилов В. А.,Turkish Airlines,Выдача от 30 до 40 минут
2026-06-11,ЯК 465 ,73В,ЯКУТСК,16,Y(А05),11:14,698,2026-06-11 11:25:00,2026-06-11 11:25:00,,2026-06-11 11:26:00,2026-06-11 11:33:00,2026-06-11 11:26:00,2026-06-11 11:33:00,2026-06-11 11:34:00,,2.0,2026-06-11 11:45:00,2026-06-11 11:46:00,,0.0,2026-06-11 11:39:00,2026-06-11 11:43:00,,,,,Давлатов Б. Ч.,Якутия,Выдача до 30 минут
2026-06-11,ФВ 6007 ,СУ9,САНКТ-ПЕТЕРБУРГ(ПУЛКОВО),10,Y(А04),11:45,51,2026-06-11 11:55:00,2026-06-11 11:56:00,,2026-06-11 11:59:00,2026-06-11 12:03:00,2026-06-11 11:59:00,2026-06-11 12:03:00,2026-06-11 11:59:00,4.0,4.0,2026-06-11 12:08:00,2026-06-11 12:09:00,,0.0,2026-06-11 12:02:00,2026-06-11 12:04:00,,,,,Рябчевский В. О.,Россия,Выдача до 30 минут
2026-06-11,ДР 424 ,73Х,САМАРА(КУРУМОЧ),47,Y(А05),12:03,489,2026-06-11 12:17:00,2026-06-11 12:19:00,,2026-06-11 12:19:00,2026-06-11 12:23:00,2026-06-11 12:19:00,2026-06-11 12:23:00,2026-06-11 12:24:00,,1.0,2026-06-11 12:31:00,2026-06-11 12:33:00,,0.0,2026-06-11 12:24:00,2026-06-11 12:31:00,,,,,Омурбе У. Б.,Победа,Выдача до 30 минут
2026-06-11,TK 3070 ,321,АНТАЛЬЯ,20,Y(А09),12:15,2241,2026-06-11 12:28:00,2026-06-11 12:30:00,,2026-06-11 12:36:00,2026-06-11 12:52:00,2026-06-11 12:36:00,2026-06-11 12:52:00,2026-06-11 12:47:00,5.0,1.0,2026-06-11 12:47:00,2026-06-11 12:55:00,,0.0,2026-06-11 12:49:00,2026-06-11 12:58:00,,,,,Попов А. И.,Turkish Airlines,Выдача до 30 минут
2026-06-11,ФВ 6009 ,СУ9,САНКТ-ПЕТЕРБУРГ(ПУЛКОВО),9,Y(А04),12:19,128,2026-06-11 12:27:00,2026-06-11 12:30:00,,2026-06-11 12:34:00,2026-06-11 12:36:00,2026-06-11 12:34:00,2026-06-11 12:36:00,2026-06-11 12:32:00,4.0,1.0,2026-06-11 12:37:00,2026-06-11 12:38:00,,0.0,2026-06-11 12:35:00,2026-06-11 12:37:00,,,,,Рябчевский В. О.,Россия,Выдача до 30 минут
2026-06-11,А4 7020 ,СУ9,САНКТ-ПЕТЕРБУРГ(ПУЛКОВО),50,Y(А07),12:27,56,2026-06-11 12:38:00,2026-06-11 12:40:00,,2026-06-11 12:41:00,2026-06-11 12:42:00,2026-06-11 12:41:00,2026-06-11 12:42:00,2026-06-11 12:42:00,,1.0,2026-06-11 12:48:00,2026-06-11 12:49:00,,0.0,2026-06-11 12:43:00,2026-06-11 12:47:00,,,,,Каламбеков У. О.,Азимут,Выдача до 30 минут
2026-06-11,AZV 3008 ,75В,АНТАЛЬЯ,19,Y(А10),12:30,2085,2026-06-11 12:50:00,2026-06-11 12:51:00,,2026-06-11 12:53:00,2026-06-11 13:15:00,2026-06-11 12:53:00,2026-06-11 13:15:00,2026-06-11 13:08:00,7.0,8.0,2026-06-11 13:06:00,2026-06-11 13:20:00,,0.0,2026-06-11 12:58:00,2026-06-11 13:05:00,2026-06-11 13:13:00,2026-06-11 13:18:00,,,Дубинский В. Д.,АЗУР эйр,Выдача до 30 минут
2026-06-11,NE 604 ,320,ХУРГАДА(ХУРГАДА ИНТЛ.),25,Y(А09),12:43,1964,2026-06-11 12:54:00,2026-06-11 12:55:00,,2026-06-11 12:57:00,2026-06-11 13:13:00,2026-06-11 12:57:00,2026-06-11 13:13:00,2026-06-11 13:11:00,2.0,3.0,2026-06-11 13:07:00,2026-06-11 13:19:00,,0.0,2026-06-11 13:04:00,2026-06-11 13:07:00,2026-06-11 13:14:00,2026-06-11 13:19:00,,,Иванов В. А.,Nesma Airlines,Выдача до 30 минут
2026-06-11,ГЗП 292 ,СУ9,ТАЛАКАН,Б36,Y(А05),12:47,200,2026-06-11 12:52:00,2026-06-11 12:53:00,,2026-06-11 12:55:00,2026-06-11 12:57:00,2026-06-11 12:55:00,2026-06-11 12:57:00,2026-06-11 12:57:00,,1.0,2026-06-11 13:14:00,2026-06-11 13:15:00,,0.0,2026-06-11 12:41:00,2026-06-11 13:16:00,,,,,Хушвактов П. З.,Газпром авиа,Выдача до 30 минут
2026-06-11,TK 1231 ,321,АНТАЛЬЯ,23,Y(А12),12:50,1442,2026-06-11 13:02:00,2026-06-11 13:04:00,,2026-06-11 13:07:00,2026-06-11 13:11:00,2026-06-11 13:07:00,2026-06-11 13:11:00,2026-06-11 13:16:00,,,2026-06-11 13:17:00,2026-06-11 13:29:00,,0.0,2026-06-11 13:23:00,2026-06-11 13:37:00,,,,,Рябчевский В. О.,Turkish Airlines,Выдача до 30 минут
2026-06-11,ЯМ 543 ,73Х,НОВОСИБИРСК(ТОЛМАЧЕВО),12,Y(А06),13:08,1327,2026-06-11 13:21:00,2026-06-11 13:22:00,,2026-06-11 13:24:00,2026-06-11 13:38:00,2026-06-11 13:24:00,2026-06-11 13:38:00,2026-06-11 13:34:00,4.0,5.0,2026-06-11 13:32:00,2026-06-11 13:43:00,,0.0,2026-06-11 13:29:00,2026-06-11 13:32:00,2026-06-11 13:29:00,2026-06-11 13:43:00,,,Давлатов Б. Ч.,Алроса,Выдача до 30 минут
2026-06-11,ФВ 6025 ,СУ9,САНКТ-ПЕТЕРБУРГ(ПУЛКОВО),8,Y(А04),13:23,194,2026-06-11 13:42:00,2026-06-11 13:46:00,1.0,2026-06-11 13:46:00,2026-06-11 13:50:00,2026-06-11 13:46:00,2026-06-11 13:50:00,2026-06-11 13:47:00,3.0,3.0,2026-06-11 14:07:00,2026-06-11 14:08:00,5.0,0.0,2026-06-11 13:49:00,2026-06-11 13:52:00,,,,,Музафаров А. С.,Россия,Выдача до 30 минут
2026-06-11,TK 3012 ,321,АНТАЛЬЯ,21,Y(А09),13:31,2629,2026-06-11 13:51:00,2026-06-11 13:55:00,1.0,2026-06-11 13:54:00,2026-06-11 14:07:00,2026-06-11 13:54:00,2026-06-11 14:07:00,2026-06-11 14:13:00,,,2026-06-11 14:10:00,2026-06-11 14:16:00,,0.0,2026-06-11 14:04:00,2026-06-11 14:09:00,2026-06-11 13:54:00,2026-06-11 14:15:00,,,Хушвактов П. З.,Turkish Airlines,Выдача до 30 минут
2026-06-11,TK 417 ,321,СТАМБУЛ(СТАМБУЛ НЬЮ),22,Y(А10),13:33,1883,2026-06-11 13:52:00,2026-06-11 13:53:00,,2026-06-11 13:55:00,2026-06-11 14:05:00,2026-06-11 13:55:00,2026-06-11 14:05:00,2026-06-11 14:09:00,,,2026-06-11 14:08:00,2026-06-11 14:15:00,,0.0,2026-06-11 14:05:00,2026-06-11 14:13:00,,,,,Демчук Д. П.,Turkish Airlines,Выдача до 30 минут
2026-06-11,ЮТ 356 ,73Х,ГРОЗНЫЙ(СЕВЕРНЫЙ),24,Y(А05),13:44,325,2026-06-11 13:56:00,2026-06-11 14:00:00,1.0,2026-06-11 13:58:00,2026-06-11 14:03:00,2026-06-11 13:58:00,2026-06-11 14:03:00,2026-06-11 14:02:00,1.0,3.0,2026-06-11 14:10:00,2026-06-11 14:12:00,,0.0,2026-06-11 14:04:00,2026-06-11 14:09:00,,,,,Тано Б. А.,Ютэйр,Выдача до 30 минут
2026-06-11,PC 388 ,32Щ,СТАМБУЛ(САБИХА ГОКЦЕН),20,Y(А09),13:56,2414,2026-06-11 14:10:00,2026-06-11 14:11:00,,2026-06-11 14:11:00,2026-06-11 14:22:00,2026-06-11 14:12:00,2026-06-11 14:22:00,2026-06-11 14:30:00,,,2026-06-11 14:26:00,2026-06-11 14:36:00,,0.0,2026-06-11 14:17:00,2026-06-11 14:22:00,2026-06-11 14:31:00,2026-06-11 14:38:00,,,"Каламбеков У. О., Омурбе У. Б.",Pegasus,Выдача до 30 минут
2026-06-11,ЮТ 744 ,734,ГЯНДЖА,16,Y(А11),14:10,968,2026-06-11 14:20:00,2026-06-11 14:22:00,,2026-06-11 14:23:00,2026-06-11 14:28:00,2026-06-11 14:23:00,2026-06-11 14:28:00,2026-06-11 14:30:00,,,2026-06-11 14:34:00,2026-06-11 14:38:00,,0.0,2026-06-11 14:29:00,2026-06-11 14:34:00,,,,,Дубинский В. Д.,Ютэйр,Выдача до 30 минут
2026-06-11,ФВ 6027 ,СУ9,САНКТ-ПЕТЕРБУРГ(ПУЛКОВО),9,Y(А04),14:36,202,2026-06-11 14:52:00,2026-06-11 14:53:00,,2026-06-11 14:52:00,2026-06-11 14:54:00,2026-06-11 14:52:00,2026-06-11 14:54:00,2026-06-11 14:57:00,,1.0,2026-06-11 14:58:00,2026-06-11 15:00:00,,0.0,2026-06-11 14:55:00,2026-06-11 14:57:00,,,,,Гаврилов В. А.,Россия,Выдача до 30 минут
2026-06-11,FZ 989 ,7М8,ДУБАЙ(ДУБАЙ ИНТЛ.),26A,Y(А10),14:50,1830,2026-06-11 15:02:00,2026-06-11 15:03:00,,2026-06-11 15:03:00,2026-06-11 15:11:00,2026-06-11 15:04:00,2026-06-11 15:11:00,2026-06-11 15:18:00,,,2026-06-11 15:14:00,2026-06-11 15:18:00,,0.0,2026-06-11 15:09:00,2026-06-11 15:13:00,2026-06-11 15:14:00,2026-06-11 15:17:00,,,"Гаврилов В. А., Потапов Е. А.",flydubai,Выдача до 30 минут
2026-06-11,В2 983 ,Е95,МИНСК(МИНСК ИНТЛ.),30,Y(А13),14:55,558,2026-06-11 15:05:00,2026-06-11 15:08:00,,2026-06-11 15:10:00,2026-06-11 15:13:00,2026-06-11 15:10:00,2026-06-11 15:13:00,2026-06-11 15:13:00,,,2026-06-11 15:18:00,2026-06-11 15:19:00,,0.0,2026-06-11 15:15:00,2026-06-11 15:18:00,,,,,Дубинский В. Д.,Белавиа,Выдача до 30 минут
2026-06-11,ФВ 6031 ,СУ9,САНКТ-ПЕТЕРБУРГ(ПУЛКОВО),8,Y(А04),15:28,301,2026-06-11 15:41:00,2026-06-11 15:44:00,,2026-06-11 15:43:00,2026-06-11 15:48:00,2026-06-11 15:43:00,2026-06-11 15:48:00,2026-06-11 15:47:00,1.0,3.0,2026-06-11 15:52:00,2026-06-11 15:54:00,,0.0,2026-06-11 15:49:00,2026-06-11 15:51:00,,,,,Хушвактов П. З.,Россия,Выдача до 30 минут
2026-06-11,ДР 262 ,7С8,КАЛИНИНГРАД(ХРАБРОВО),48,Y(А06),15:31,699,2026-06-11 15:42:00,2026-06-11 15:46:00,1.0,2026-06-11 15:45:00,2026-06-11 15:51:00,2026-06-11 15:45:00,2026-06-11 15:51:00,2026-06-11 15:51:00,,1.0,2026-06-11 15:58:00,2026-06-11 16:01:00,,0.0,2026-06-11 15:52:00,2026-06-11 15:57:00,,,,,Рябчевский В. О.,Победа,Выдача до 30 минут
2026-06-11,ДР 170 ,7С8,МИНЕРАЛЬНЫЕ ВОДЫ,46,Y(А05),15:46,562,2026-06-11 15:55:00,2026-06-11 15:58:00,,2026-06-11 15:58:00,2026-06-11 16:01:00,2026-06-11 15:58:00,2026-06-11 16:01:00,2026-06-11 16:03:00,,,2026-06-11 16:08:00,2026-06-11 16:11:00,,0.0,2026-06-11 16:03:00,2026-06-11 16:08:00,,,,,Омурбе У. Б.,Победа,Выдача до 30 минут
2026-06-11,РГ 178 ,ЦР2,СУХУМ(СУХУМ МЕЖД. ИМ. В.Г.АРДЗИНБА),45,Y(А12),16:02,112,-1,,,2026-06-11 16:22:00,2026-06-11 16:23:00,2026-06-11 16:22:00,2026-06-11 16:23:00,,,,2026-06-11 16:30:00,2026-06-11 16:31:00,,0.0,2026-06-11 16:24:00,2026-06-11 16:31:00,,,,,Музафаров А. С.,Руслайн,Некорректно проставлены отметки
2026-06-11,ФВ 6037 ,СУ9,САНКТ-ПЕТЕРБУРГ(ПУЛКОВО),9,Y(А04),16:28,95,2026-06-11 16:39:00,2026-06-11 16:45:00,3.0,2026-06-11 16:46:00,2026-06-11 16:47:00,2026-06-11 16:46:00,2026-06-11 16:47:00,2026-06-11 16:44:00,3.0,,2026-06-11 16:51:00,2026-06-11 16:52:00,,0.0,2026-06-11 16:48:00,2026-06-11 16:53:00,,,,,Гаврилов В. А.,Россия,Выдача до 30 минут
2026-06-11,А4 7030 ,СУ9,ЕРЕВАН(ЗВАРТНОЦ ИНТЛ),25,Y(А13),16:50,571,2026-06-11 17:01:00,2026-06-11 17:02:00,,2026-06-11 17:05:00,2026-06-11 17:09:00,2026-06-11 17:05:00,2026-06-11 17:09:00,2026-06-11 17:09:00,,,2026-06-11 17:14:00,2026-06-11 17:17:00,,0.0,2026-06-11 17:10:00,2026-06-11 17:15:00,,,,,Каламбеков У. О.,Азимут,Выдача до 30 минут
2026-06-11,НВЦ 9152 ,32Щ,САБЕТТА,12,Y(А05),17:07,472,2026-06-11 17:21:00,2026-06-11 17:23:00,,2026-06-11 17:24:00,2026-06-11 17:30:00,2026-06-11 17:24:00,2026-06-11 17:30:00,2026-06-11 17:28:00,2.0,3.0,2026-06-11 17:34:00,2026-06-11 17:36:00,,0.0,2026-06-11 17:30:00,2026-06-11 17:34:00,,,,,Попов Д. В.,Северо-Запад,Выдача до 30 минут
2026-06-11,ЖГ 926 ,73Й,ТБИЛИСИ(ТБИЛИСИ ИНТЛ.),30,Y(А09),17:10,1899,2026-06-11 17:19:00,2026-06-11 17:21:00,,2026-06-11 17:31:00,2026-06-11 17:42:00,2026-06-11 17:31:00,2026-06-11 17:42:00,2026-06-11 17:36:00,6.0,,2026-06-11 17:41:00,2026-06-11 17:48:00,2.0,0.0,2026-06-11 17:36:00,2026-06-11 17:41:00,2026-06-11 17:44:00,2026-06-11 17:48:00,,,Гаврилов В. А.,GEORGIAN AIRWAYS,Выдача до 30 минут
2026-06-11,ДР 856 ,7С8,ГЮМРИ(ШИРАК),47,Y(А13),17:15,1230,2026-06-11 17:23:00,2026-06-11 17:26:00,,2026-06-11 17:26:00,2026-06-11 17:35:00,2026-06-11 17:26:00,2026-06-11 17:35:00,2026-06-11 17:35:00,,1.0,2026-06-11 17:46:00,2026-06-11 17:51:00,,0.0,2026-06-11 17:38:00,2026-06-11 17:45:00,,,,,Музафаров А. С.,Победа,Выдача до 30 минут
2026-06-11,А4 7010 ,СУ9,ТБИЛИСИ(ТБИЛИСИ ИНТЛ.),28,Y(А11),17:19,602,-1,,,2026-06-11 17:31:00,2026-06-11 17:37:00,2026-06-11 17:31:00,2026-06-11 17:37:00,,,2.0,2026-06-11 17:40:00,2026-06-11 17:42:00,,0.0,2026-06-11 17:36:00,2026-06-11 17:40:00,,,,,Иванов В. А.,Азимут,Некорректно проставлены отметки
2026-06-11,ДР 466 ,73Х,УЛЬЯНОВСК(БАРАТАЕВКА),49,Y(А07),17:23,295,2026-06-11 17:29:00,2026-06-11 17:30:00,,2026-06-11 17:32:00,2026-06-11 17:34:00,2026-06-11 17:32:00,2026-06-11 17:34:00,2026-06-11 17:35:00,,,2026-06-11 17:44:00,2026-06-11 17:46:00,,0.0,2026-06-11 17:37:00,2026-06-11 17:43:00,,,,,Дубинский В. Д.,Победа,Выдача до 30 минут
2026-06-11,ЮТ 596 ,735,УСИНСК,14,Y(А06),17:33,779,2026-06-11 17:41:00,2026-06-11 17:41:00,,2026-06-11 17:44:00,2026-06-11 17:55:00,2026-06-11 17:44:00,2026-06-11 17:55:00,2026-06-11 17:50:00,5.0,6.0,2026-06-11 17:59:00,2026-06-11 18:03:00,,0.0,2026-06-11 17:55:00,2026-06-11 17:59:00,,,,,Попов Д. В.,Ютэйр,Выдача до 30 минут
2026-06-11,ФВ 6175 ,СУ9,САНКТ-ПЕТЕРБУРГ(ПУЛКОВО),8,Y(А04),17:42,213,2026-06-11 18:01:00,2026-06-11 18:01:00,,2026-06-11 18:04:00,2026-06-11 18:06:00,2026-06-11 18:04:00,2026-06-11 18:06:00,2026-06-11 18:06:00,,1.0,2026-06-11 18:10:00,2026-06-11 18:11:00,,0.0,2026-06-11 18:07:00,2026-06-11 18:09:00,,,,,Попов А. И.,Россия,Выдача до 30 минут
2026-06-11,ФВ 6011 ,319,САНКТ-ПЕТЕРБУРГ(ПУЛКОВО),9,Y(А04),18:02,119,2026-06-11 18:13:00,2026-06-11 18:14:00,,2026-06-11 18:15:00,2026-06-11 18:21:00,2026-06-11 18:15:00,2026-06-11 18:21:00,2026-06-11 18:18:00,3.0,5.0,2026-06-11 18:19:00,2026-06-11 18:20:00,,0.0,2026-06-11 18:17:00,2026-06-11 18:19:00,,,,,Воробьев Т. А.,Россия,Выдача до 30 минут
2026-06-11,ФВ 6177 ,СУ9,САНКТ-ПЕТЕРБУРГ(ПУЛКОВО),10,Y(А04),18:17,122,2026-06-11 18:38:00,2026-06-11 18:40:00,,2026-06-11 18:42:00,2026-06-11 18:44:00,2026-06-11 18:42:00,2026-06-11 18:44:00,2026-06-11 18:43:00,1.0,1.0,2026-06-11 18:46:00,2026-06-11 18:47:00,,0.0,2026-06-11 18:43:00,2026-06-11 18:48:00,,,,,Иванов В. А.,Россия,Выдача до 30 минут
2026-06-11,TK 415 ,32Б,СТАМБУЛ(СТАМБУЛ НЬЮ),22,Y(А10),18:40,2830,2026-06-11 18:53:00,2026-06-11 18:55:00,,2026-06-11 18:56:00,2026-06-11 19:07:00,2026-06-11 18:56:00,2026-06-11 19:07:00,2026-06-11 19:16:00,,,2026-06-11 19:12:00,2026-06-11 19:14:00,,0.0,2026-06-11 19:01:00,2026-06-11 19:07:00,2026-06-11 19:07:00,2026-06-11 19:19:00,,,Демчук Д. П.,Turkish Airlines,Выдача до 30 минут
2026-06-11,ФВ 6015 ,СУ9,САНКТ-ПЕТЕРБУРГ(ПУЛКОВО),8,Y(А04),18:51,111,2026-06-11 19:04:00,2026-06-11 19:08:00,1.0,2026-06-11 19:07:00,2026-06-11 19:09:00,2026-06-11 19:07:00,2026-06-11 19:09:00,2026-06-11 19:09:00,,1.0,2026-06-11 19:13:00,2026-06-11 19:14:00,,0.0,2026-06-11 19:09:00,2026-06-11 19:11:00,,,,,Омурбе У. Б.,Россия,Выдача до 30 минут
2026-06-11,ЮТ 464 ,734,ТЮМЕНЬ(РОЩИНО),15,Y(А07),18:58,572,2026-06-11 19:08:00,2026-06-11 19:08:00,,2026-06-11 19:33:00,2026-06-11 19:36:00,2026-06-11 19:33:00,2026-06-11 19:36:00,2026-06-11 19:16:00,20.0,,2026-06-11 19:43:00,2026-06-11 19:45:00,15.0,7.0,2026-06-11 19:38:00,2026-06-11 19:44:00,,,,,Воробьев Т. А.,Ютэйр,Выдача от 30 до 40 минут
2026-06-11,ОП 914 ,СУ9,НАДЫМ,Б37,Y(А05),19:02,330,2026-06-11 19:10:00,2026-06-11 19:10:00,,2026-06-11 19:14:00,2026-06-11 19:18:00,2026-06-11 19:14:00,2026-06-11 19:18:00,2026-06-11 19:16:00,2.0,2.0,2026-06-11 19:39:00,2026-06-11 19:40:00,,0.0,2026-06-11 19:18:00,2026-06-11 19:41:00,,,,,Рябчевский В. О.,Якутия,Выдача до 30 минут
2026-06-11,PBD 840 ,73Х,АНТАЛЬЯ,47,Y(А09),19:06,1303,2026-06-11 19:18:00,2026-06-11 19:19:00,,2026-06-11 19:20:00,2026-06-11 19:31:00,2026-06-11 19:20:00,2026-06-11 19:31:00,2026-06-11 19:31:00,,2.0,2026-06-11 19:35:00,2026-06-11 19:42:00,,0.0,2026-06-11 19:29:00,2026-06-11 19:36:00,2026-06-11 19:34:00,2026-06-11 19:41:00,,,Попов Д. В.,Победа,Выдача до 30 минут
2026-06-11,3F 325 ,321,ЕРЕВАН(ЗВАРТНОЦ ИНТЛ),21,Y(А13),19:09,1687,2026-06-11 19:23:00,2026-06-11 19:25:00,,2026-06-11 19:23:00,2026-06-11 19:34:00,2026-06-11 19:24:00,2026-06-11 19:34:00,2026-06-11 19:38:00,,,2026-06-11 19:34:00,2026-06-11 19:41:00,,0.0,2026-06-11 19:34:00,2026-06-11 19:40:00,2026-06-11 19:29:00,2026-06-11 19:34:00,,,"Тришкин А. В., Шамсов Б. С.",FLYONE Armenia,Выдача до 30 минут
2026-06-11,ЮТ 296 ,73Х,СУРГУТ,12,Y(А06),19:18,916,2026-06-11 19:29:00,2026-06-11 19:30:00,,2026-06-11 19:33:00,2026-06-11 19:50:00,2026-06-11 19:49:00,2026-06-11 19:50:00,2026-06-11 19:39:00,11.0,,2026-06-11 19:46:00,2026-06-11 19:49:00,,0.0,2026-06-11 19:42:00,2026-06-11 19:45:00,,,,,"Едгоров Ф. И., Никишин А. В.",Ютэйр,Выдача до 30 минут
2026-06-11,ФВ 6179 ,СУ9,САНКТ-ПЕТЕРБУРГ(ПУЛКОВО),9,Y(А04),19:22,92,2026-06-11 19:36:00,2026-06-11 19:39:00,,2026-06-11 19:38:00,2026-06-11 19:40:00,2026-06-11 19:38:00,2026-06-11 19:40:00,2026-06-11 19:41:00,,1.0,2026-06-11 19:42:00,2026-06-11 19:43:00,,0.0,2026-06-11 19:40:00,2026-06-11 19:42:00,,,,,Попов А. И.,Россия,Выдача до 30 минут
2026-06-11,ЮТ 746 ,73Х,БАКУ(ИМ. ГЕЙДАРА АЛИЕВА),11,Y(А12),19:35,1164,2026-06-11 19:47:00,2026-06-11 19:51:00,1.0,2026-06-11 19:50:00,2026-06-11 19:58:00,2026-06-11 19:50:00,2026-06-11 19:58:00,2026-06-11 19:59:00,,,2026-06-11 20:04:00,2026-06-11 20:07:00,,0.0,2026-06-11 20:00:00,2026-06-11 20:04:00,,,,,Кейта А. С.,Ютэйр,Выдача до 30 минут
2026-06-11,PBD 860 ,73Х,АНТАЛЬЯ,49,Y(А10),19:48,1490,2026-06-11 19:58:00,2026-06-11 19:58:00,,2026-06-11 20:00:00,2026-06-11 20:10:00,2026-06-11 20:00:00,2026-06-11 20:10:00,2026-06-11 20:12:00,,,2026-06-11 20:12:00,2026-06-11 20:16:00,,0.0,2026-06-11 20:07:00,2026-06-11 20:12:00,2026-06-11 20:11:00,2026-06-11 20:17:00,,,Чеканов В. А.,Победа,Выдача до 30 минут
2026-06-11,В2 985 ,Е95,ГОМЕЛЬ,29,Y(А13),19:54,562,2026-06-11 20:02:00,2026-06-11 20:08:00,3.0,2026-06-11 20:07:00,2026-06-11 20:15:00,2026-06-11 20:07:00,2026-06-11 20:15:00,2026-06-11 20:10:00,5.0,4.0,2026-06-11 20:18:00,2026-06-11 20:20:00,,0.0,2026-06-11 20:14:00,2026-06-11 20:18:00,,,,,Аристархов Н. В.,Белавиа,Выдача до 30 минут
2026-06-11,ФВ 6017 ,СУ9,САНКТ-ПЕТЕРБУРГ(ПУЛКОВО),10,Y(А04),20:03,185,2026-06-11 20:15:00,2026-06-11 20:17:00,,2026-06-11 20:19:00,2026-06-11 20:21:00,2026-06-11 20:19:00,2026-06-11 20:21:00,2026-06-11 20:20:00,1.0,1.0,2026-06-11 20:24:00,2026-06-11 20:25:00,,0.0,2026-06-11 20:22:00,2026-06-11 20:24:00,,,,,Коляскин А. Г.,Россия,Выдача до 30 минут
2026-06-11,УР 512 ,75В,БОДРУМ(МИЛАС),19,Y(А11),20:08,1179,2026-06-11 20:19:00,2026-06-11 20:20:00,,2026-06-11 20:23:00,2026-06-11 20:28:00,2026-06-11 20:23:00,2026-06-11 20:28:00,2026-06-11 20:31:00,,,2026-06-11 20:36:00,2026-06-11 20:38:00,,0.0,2026-06-11 20:30:00,2026-06-11 20:35:00,,,,,Кузин К. С.,FLYONE Armenia,Выдача до 30 минут
2026-06-11,AZO 7054 ,СУ9,БАТУМИ,43,Y(А10),20:15,1638,2026-06-11 20:27:00,2026-06-11 20:29:00,,2026-06-11 20:31:00,2026-06-11 20:45:00,2026-06-11 20:31:00,2026-06-11 20:45:00,2026-06-11 20:42:00,3.0,3.0,2026-06-11 20:46:00,2026-06-11 20:52:00,,0.0,2026-06-11 20:37:00,2026-06-11 20:46:00,2026-06-11 20:46:00,2026-06-11 20:53:00,,,Хушвактов П. З.,GEORGIAN AIRWAYS,Выдача до 30 минут
2026-06-11,ХИ 9621 ,320,АНДИЖАН,26,Y(А09),20:20,1605,2026-06-11 20:33:00,2026-06-11 20:34:00,,2026-06-11 20:36:00,2026-06-11 20:52:00,2026-06-11 20:36:00,2026-06-11 20:52:00,2026-06-11 20:48:00,4.0,5.0,2026-06-11 20:46:00,2026-06-11 20:58:00,,0.0,2026-06-11 20:42:00,2026-06-11 20:46:00,2026-06-11 20:54:00,2026-06-11 20:57:00,,,Попов Д. В.,UZBEKISTAN AIRWAYS,Выдача до 30 минут
2026-06-11,ДР 964 ,73Х,ДАЛАМАН,50,Y(А12),20:24,1124,-1,,,2026-06-11 20:33:00,2026-06-11 20:42:00,2026-06-11 20:33:00,2026-06-11 20:42:00,,,2.0,2026-06-11 20:50:00,2026-06-11 20:52:00,,0.0,2026-06-11 20:43:00,2026-06-11 20:50:00,,,,,Рябчевский В. О.,Победа,Некорректно проставлены отметки
2026-06-11,ФВ 6181 ,СУ9,САНКТ-ПЕТЕРБУРГ(ПУЛКОВО),8,Y(А04),20:28,203,2026-06-11 20:40:00,2026-06-11 20:42:00,,2026-06-11 20:45:00,2026-06-11 20:48:00,2026-06-11 20:45:00,2026-06-11 20:48:00,2026-06-11 20:45:00,3.0,2.0,2026-06-11 20:51:00,2026-06-11 20:52:00,,0.0,2026-06-11 20:48:00,2026-06-11 20:52:00,,,,,Тришкин А. В.,Россия,Выдача до 30 минут
2026-06-11,ДР 836 ,7С8,ГАЗИПАША,48,Y(А11),20:39,1624,2026-06-11 20:50:00,2026-06-11 20:53:00,,2026-06-11 20:51:00,2026-06-11 21:01:00,2026-06-11 20:52:00,2026-06-11 21:01:00,2026-06-11 21:05:00,,,2026-06-11 21:03:00,2026-06-11 21:10:00,,0.0,2026-06-11 20:56:00,2026-06-11 21:02:00,2026-06-11 21:01:00,2026-06-11 21:08:00,,,"Барабанов А. М., Вазиров Т. В.",Победа,Выдача до 30 минут
2026-06-11,ЮВ 204 ,ЦР2,ТОБОЛЬСК(РЕМЕЗОВ),45,Y(А05),21:04,415,2026-06-11 21:11:00,2026-06-11 21:12:00,,2026-06-11 21:13:00,2026-06-11 21:16:00,2026-06-11 21:13:00,2026-06-11 21:16:00,2026-06-11 21:18:00,,,2026-06-11 21:22:00,2026-06-11 21:24:00,,0.0,2026-06-11 21:18:00,2026-06-11 21:23:00,,,,,Шамсов Б. С.,ЮВТ АЭРО,Выдача до 30 минут
2026-06-11,ХИ 613 ,763,ТАШКЕНТ(ТАШКЕНТ ИНТЛ.),23,Y(А10),21:07,3000,2026-06-11 21:20:00,2026-06-11 21:22:00,,2026-06-11 21:24:00,2026-06-11 21:37:00,2026-06-11 21:25:00,2026-06-11 21:37:00,2026-06-11 21:44:00,,,2026-06-11 21:39:00,2026-06-11 21:44:00,,0.0,2026-06-11 21:31:00,2026-06-11 21:37:00,2026-06-11 21:32:00,2026-06-11 21:42:00,,,"Кейта А. С., Фанин - Богданов Анатолий Н. О.",UZBEKISTAN AIRWAYS,Выдача до 30 минут
2026-06-11,ЮТ 576 ,73Е,КРАСНОДАР(ПАШКОВСКИЙ),58,Y(А06),21:14,796,2026-06-11 21:30:00,2026-06-11 21:32:00,,2026-06-11 21:38:00,2026-06-11 21:43:00,2026-06-11 21:38:00,2026-06-11 21:43:00,2026-06-11 21:39:00,4.0,,2026-06-11 21:50:00,2026-06-11 21:52:00,,0.0,2026-06-11 21:56:00,2026-06-11 21:57:00,,,,,Аристархов Н. В.,Ютэйр,Выдача до 30 минут
2026-06-11,ФВ 6183 ,СУ9,САНКТ-ПЕТЕРБУРГ(ПУЛКОВО),9,Y(А04),21:18,73,2026-06-11 21:27:00,2026-06-11 21:29:00,,2026-06-11 21:29:00,2026-06-11 21:31:00,2026-06-11 21:29:00,2026-06-11 21:31:00,2026-06-11 21:31:00,,2.0,2026-06-11 21:34:00,2026-06-11 21:35:00,,0.0,2026-06-11 21:32:00,2026-06-11 21:35:00,,,,,Хушвактов П. З.,Россия,Выдача до 30 минут
2026-06-11,DV 815 ,7М8,АЛМАТЫ(АЛМАТЫ ИНТЛ.),20,Y(А13),21:20,1201,2026-06-11 21:33:00,2026-06-11 21:34:00,,2026-06-11 21:35:00,2026-06-11 21:41:00,2026-06-11 21:35:00,2026-06-11 21:41:00,2026-06-11 21:45:00,,,2026-06-11 21:48:00,2026-06-11 21:50:00,,0.0,2026-06-11 21:43:00,2026-06-11 21:48:00,,,,,"Демчук Д. П., Кузин К. С.",SCAT Airlines,Выдача до 30 минут
2026-06-11,ХИ 9627 ,32Н,ФЕРГАНА(ФЕРГАНА ИНТЛ.),24,Y(А12),21:27,1879,2026-06-11 21:40:00,2026-06-11 21:41:00,,2026-06-11 21:44:00,2026-06-11 21:58:00,2026-06-11 21:45:00,2026-06-11 21:58:00,2026-06-11 21:57:00,1.0,,2026-06-11 21:56:00,2026-06-11 22:04:00,,0.0,2026-06-11 21:49:00,2026-06-11 21:56:00,2026-06-11 21:57:00,2026-06-11 22:01:00,,,"Иванов В. А., Попов А. И.",UZBEKISTAN AIRWAYS,Выдача до 30 минут
2026-06-11,J2 5830 ,320,ГЯНДЖА,22,Y(А10),21:30,2438,2026-06-11 21:43:00,2026-06-11 21:44:00,,2026-06-11 21:46:00,2026-06-11 22:03:00,2026-06-11 21:46:00,2026-06-11 22:03:00,2026-06-11 22:03:00,,1.0,2026-06-11 21:55:00,2026-06-11 22:08:00,,0.0,2026-06-11 21:51:00,2026-06-11 21:57:00,2026-06-11 22:04:00,2026-06-11 22:09:00,,,"Барабанов А. М., Дубинский В. Д.",AZAL,Выдача до 30 минут
2026-06-11,ЮТ 802 ,73Х,ДУШАНБЕ(ДУШАНБЕ ИНТЛ.),16,Y(А09),21:32,2221,2026-06-11 21:39:00,2026-06-11 21:43:00,1.0,2026-06-11 21:43:00,2026-06-11 21:53:00,2026-06-11 21:43:00,2026-06-11 21:53:00,2026-06-11 21:58:00,,,2026-06-11 21:53:00,2026-06-11 22:07:00,,0.0,2026-06-11 21:48:00,2026-06-11 21:51:00,2026-06-11 22:02:00,2026-06-11 22:05:00,,,"Едгоров Ф. И., Тришкин А. В.",Ютэйр,Выдача до 30 минут
2026-06-11,ФВ 6185 ,СУ9,САНКТ-ПЕТЕРБУРГ(ПУЛКОВО),8,Y(А04),22:19,151,2026-06-11 22:30:00,2026-06-11 22:32:00,,2026-06-11 22:34:00,2026-06-11 22:36:00,2026-06-11 22:34:00,2026-06-11 22:36:00,2026-06-11 22:35:00,1.0,1.0,2026-06-11 22:39:00,2026-06-11 22:41:00,,0.0,2026-06-11 22:37:00,2026-06-11 22:38:00,,,,,Рябчевский В. О.,Россия,Выдача до 30 минут
2026-06-11,ДР 158 ,73Х,КРАСНОДАР(ПАШКОВСКИЙ),49,Y(А06),22:33,404,2026-06-11 22:46:00,2026-06-11 22:48:00,,2026-06-11 22:48:00,2026-06-11 22:51:00,2026-06-11 22:48:00,2026-06-11 22:51:00,2026-06-11 22:53:00,,,2026-06-11 22:58:00,2026-06-11 23:00:00,,0.0,2026-06-11 22:54:00,2026-06-11 22:58:00,,,,,Вазиров Т. В.,Победа,Выдача до 30 минут
2026-06-11,DV 813 ,738,АСТАНА(НУРСУЛТАН НАЗАРБАЕВ),19,Y(А13),22:43,564,2026-06-11 22:53:00,2026-06-11 22:56:00,,2026-06-11 22:57:00,2026-06-11 23:04:00,2026-06-11 22:57:00,2026-06-11 23:04:00,2026-06-11 23:01:00,3.0,3.0,2026-06-11 23:11:00,2026-06-11 23:12:00,,0.0,2026-06-11 23:05:00,2026-06-11 23:12:00,,,,,Аристархов Н. В.,SCAT Airlines,Выдача до 30 минут
2026-06-11,NE 640 ,321,ШАРМ ЭЛЬ ШЕЙХ(ШАРМ ЭЛЬ ШЕЙХ ИНТЛ.),26,Y(А11),22:52,1848,2026-06-11 23:05:00,2026-06-11 23:06:00,,2026-06-11 23:05:00,2026-06-11 23:24:00,2026-06-11 23:05:00,2026-06-11 23:24:00,2026-06-11 23:21:00,3.0,7.0,2026-06-11 23:16:00,2026-06-11 23:34:00,,0.0,2026-06-11 23:11:00,2026-06-11 23:16:00,2026-06-11 23:27:00,2026-06-11 23:30:00,,,Коляскин А. Г.,Nesma Airlines,Выдача до 30 минут
2026-06-11,PC 1580 ,32Н,АНТАЛЬЯ,18,Y(А12),22:55,2106,2026-06-11 23:02:00,2026-06-11 23:03:00,,2026-06-11 23:08:00,2026-06-11 23:20:00,2026-06-11 23:09:00,2026-06-11 23:20:00,2026-06-11 23:20:00,,,2026-06-11 23:20:00,2026-06-11 23:28:00,,0.0,2026-06-11 23:15:00,2026-06-11 23:20:00,2026-06-11 23:21:00,2026-06-11 23:27:00,,,"Демчук Д. П., Чеканов В. А.",Pegasus,Выдача до 30 минут
2026-06-11,ЮТ 784 ,73Х,АНТАЛЬЯ,44,Y(А09),23:03,1983,2026-06-11 23:12:00,2026-06-11 23:15:00,,2026-06-11 23:17:00,2026-06-11 23:34:00,2026-06-11 23:26:00,2026-06-11 23:34:00,2026-06-11 23:29:00,5.0,,2026-06-11 23:32:00,2026-06-11 23:42:00,,0.0,2026-06-11 23:25:00,2026-06-11 23:30:00,2026-06-11 23:36:00,2026-06-11 23:41:00,,,"Кейта А. С., Кузин К. С.",Ютэйр,Выдача до 30 минут
2026-06-11,ХИ 9619 ,32Н,НАМАНГАН,27,Y(А09),23:15,1985,2026-06-11 23:28:00,2026-06-11 23:30:00,,2026-06-11 23:33:00,2026-06-11 23:52:00,2026-06-11 23:33:00,2026-06-11 23:52:00,2026-06-11 23:45:00,7.0,6.0,2026-06-11 23:47:00,2026-06-11 23:56:00,,0.0,2026-06-11 23:45:00,2026-06-11 23:48:00,2026-06-11 23:52:00,2026-06-11 23:56:00,,,Попов Д. В.,UZBEKISTAN AIRWAYS,Выдача до 30 минут
2026-06-11,4S 341 ,73Х,ХУРГАДА(ХУРГАДА ИНТЛ.),25,Y(А12),23:19,1772,2026-06-11 23:32:00,2026-06-11 23:34:00,,2026-06-11 23:35:00,2026-06-11 23:50:00,2026-06-11 23:35:00,2026-06-11 23:50:00,2026-06-11 23:48:00,2.0,3.0,2026-06-11 23:46:00,2026-06-11 23:59:00,,0.0,2026-06-11 23:41:00,2026-06-11 23:44:00,2026-06-11 23:53:00,2026-06-11 23:58:00,,,Никишин А. В.,Red Sea,Выдача до 30 минут
2026-06-11,ФВ 6187 ,СУ9,САНКТ-ПЕТЕРБУРГ(ПУЛКОВО),9,Y(А08),23:23,48,2026-06-11 23:35:00,2026-06-11 23:40:00,2.0,2026-06-11 23:39:00,2026-06-11 23:40:00,2026-06-11 23:39:00,2026-06-11 23:40:00,2026-06-11 23:39:00,1.0,1.0,2026-06-11 23:43:00,2026-06-11 23:44:00,,0.0,2026-06-11 23:40:00,2026-06-11 23:42:00,,,,,Фанин - Богданов Анатолий Н. О.,Россия,Выдача до 30 минут
2026-06-11,ЮТ 376 ,734,СЫКТЫВКАР,13,Y(А07),23:27,352,2026-06-11 23:39:00,2026-06-11 23:40:00,,2026-06-11 23:42:00,2026-06-11 23:45:00,2026-06-11 23:42:00,2026-06-11 23:45:00,2026-06-11 23:45:00,,1.0,2026-06-11 23:55:00,2026-06-11 23:56:00,,0.0,2026-06-11 23:47:00,2026-06-11 23:51:00,,,,,Демчук Д. П.,Ютэйр,Выдача до 30 минут
2026-06-11,TK 411 ,333,СТАМБУЛ(СТАМБУЛ НЬЮ),22,Y(А10),23:32,4562,2026-06-11 23:47:00,2026-06-11 23:51:00,1.0,2026-06-11 23:56:00,2026-06-12 00:09:00,2026-06-11 23:56:00,2026-06-12 00:09:00,2026-06-12 00:21:00,,,2026-06-12 00:10:00,2026-06-12 00:16:00,3.0,0.0,2026-06-12 00:17:00,2026-06-12 00:22:00,2026-06-12 00:21:00,2026-06-12 00:22:00,,,Рябчевский В. О.,Turkish Airlines,Выдача до 30 минут
2026-06-11,J2 805 ,320,БАКУ(ИМ. ГЕЙДАРА АЛИЕВА),32A,Y(А10),23:35,1714,2026-06-11 23:49:00,2026-06-11 23:49:00,,2026-06-11 23:52:00,2026-06-12 00:03:00,2026-06-11 23:52:00,2026-06-12 00:03:00,2026-06-12 00:04:00,,,2026-06-12 00:00:00,2026-06-12 00:10:00,,0.0,2026-06-11 23:56:00,2026-06-11 23:59:00,2026-06-12 00:04:00,2026-06-12 00:09:00,,,Хушвактов П. З.,AZAL,Выдача до 30 минут
2026-06-11,TK 211 ,32Б,АНТАЛЬЯ,21,Y(А09),23:39,2350,2026-06-11 23:53:00,2026-06-11 23:56:00,,2026-06-11 23:55:00,2026-06-12 00:09:00,2026-06-11 23:55:00,2026-06-12 00:09:00,2026-06-12 00:13:00,,,2026-06-12 00:14:00,2026-06-12 00:18:00,1.0,0.0,2026-06-12 00:12:00,2026-06-12 00:18:00,,,,,Тришкин А. В.,Turkish Airlines,Выдача до 30 минут
2026-06-11,ДР 190 ,7С8,МАХАЧКАЛА,48,Y(А05),23:42,417,2026-06-11 23:50:00,2026-06-11 23:52:00,,2026-06-11 23:56:00,2026-06-11 23:59:00,2026-06-11 23:56:00,2026-06-11 23:59:00,2026-06-11 23:57:00,2.0,,2026-06-12 00:09:00,2026-06-12 00:11:00,,0.0,2026-06-12 00:02:00,2026-06-12 00:11:00,,,,,Кейта А. С.,Победа,Выдача до 30 минут
2026-06-11,ДР 968 ,73Х,МИНСК(МИНСК ИНТЛ.),46,Y(А13),23:46,349,2026-06-11 23:52:00,2026-06-11 23:55:00,,2026-06-11 23:54:00,2026-06-11 23:57:00,2026-06-11 23:54:00,2026-06-11 23:57:00,2026-06-11 23:58:00,,1.0,2026-06-12 00:05:00,2026-06-12 00:07:00,,0.0,2026-06-12 00:00:00,2026-06-12 00:05:00,,,,,Едгоров Ф. И.,Победа,Выдача до 30 минут
2026-06-11,ЮТ 250 ,73Х,СОЧИ,17,Y(А07),23:50,1201,-1,,,2026-06-12 00:08:00,2026-06-12 00:20:00,2026-06-12 00:08:00,2026-06-12 00:20:00,,,4.0,2026-06-12 00:20:00,2026-06-12 00:25:00,,0.0,2026-06-12 00:15:00,2026-06-12 00:21:00,2026-06-12 00:19:00,2026-06-12 00:24:00,,,Иванов В. А.,Ютэйр,Некорректно проставлены отметки
2026-06-11,ЮТ 276 ,73Х,СОЧИ,14,Y(А05),23:52,857,2026-06-12 00:07:00,2026-06-12 00:11:00,1.0,2026-06-12 00:13:00,2026-06-12 00:20:00,2026-06-12 00:13:00,2026-06-12 00:20:00,2026-06-12 00:17:00,3.0,1.0,2026-06-12 00:26:00,2026-06-12 00:43:00,,6.0,2026-06-12 00:22:00,2026-06-12 00:26:00,,,,,Демчук Д. П.,Ютэйр,Выдача от 30 до 40 минут
2026-06-11,А4 7036 ,СУ9,ПСКОВ(КРЕСТЫ),45,Y(А08),23:56,316,2026-06-12 00:05:00,2026-06-12 00:07:00,,2026-06-12 00:08:00,2026-06-12 00:11:00,2026-06-12 00:08:00,2026-06-12 00:11:00,2026-06-12 00:11:00,,1.0,2026-06-12 00:19:00,2026-06-12 00:20:00,,0.0,2026-06-12 00:13:00,2026-06-12 00:18:00,,,,,Вазиров Т. В.,Азимут,Выдача до 30 минут
2026-06-11,ДР 994 ,73Х,СТАМБУЛ(СТАМБУЛ НЬЮ),47,Y(А12),23:59,1168,2026-06-12 00:08:00,2026-06-12 00:09:00,,2026-06-12 00:12:00,2026-06-12 00:19:00,2026-06-12 00:12:00,2026-06-12 00:19:00,2026-06-12 00:20:00,,,2026-06-12 00:28:00,2026-06-12 00:30:00,,0.0,2026-06-12 00:21:00,2026-06-12 00:28:00,,,,,Фанин - Богданов Анатолий Н. О.,Победа,Выдача до 30 минут
2026-06-12,TK 409 ,321,СТАМБУЛ(СТАМБУЛ НЬЮ),30,Y(А10),00:02,4590,2026-06-12 00:14:00,2026-06-12 00:18:00,1.0,2026-06-12 00:21:00,2026-06-12 00:48:00,2026-06-12 00:21:00,2026-06-12 00:48:00,2026-06-12 00:49:00,,,2026-06-12 00:38:00,2026-06-12 00:53:00,4.0,9.0,2026-06-12 00:40:00,2026-06-12 00:52:00,2026-06-12 00:49:00,2026-06-12 00:59:00,,,Аристархов Н. В.,Turkish Airlines,Выдача от 30 до 40 минут
2026-06-12,TK 3060 ,32Б,АНТАЛЬЯ,19,Y(А09),00:05,2587,2026-06-12 00:15:00,2026-06-12 00:17:00,,2026-06-12 00:22:00,2026-06-12 00:43:00,2026-06-12 00:22:00,2026-06-12 00:43:00,2026-06-12 00:36:00,7.0,4.0,2026-06-12 00:40:00,2026-06-12 00:51:00,5.0,6.0,2026-06-12 00:34:00,2026-06-12 00:41:00,2026-06-12 00:39:00,2026-06-12 00:51:00,,,Барабанов А. М.,Turkish Airlines,Выдача от 30 до 40 минут
2026-06-12,ЯК 688 ,73Х,НОВОСИБИРСК(ТОЛМАЧЕВО),15,Y(А04),00:09,224,2026-06-12 00:21:00,2026-06-12 00:24:00,,2026-06-12 00:23:00,2026-06-12 00:25:00,2026-06-12 00:23:00,2026-06-12 00:25:00,2026-06-12 00:26:00,,1.0,2026-06-12 00:33:00,2026-06-12 00:34:00,,0.0,2026-06-12 00:27:00,2026-06-12 00:33:00,,,,,Вазиров Т. В.,Якутия,Выдача до 30 минут
2026-06-12,TK 3178 ,321,ДАЛАМАН,20,Y(А12),00:12,2220,2026-06-12 00:25:00,2026-06-12 00:27:00,,2026-06-12 00:29:00,2026-06-12 00:39:00,2026-06-12 00:29:00,2026-06-12 00:39:00,2026-06-12 00:44:00,,,2026-06-12 00:43:00,2026-06-12 00:53:00,,0.0,2026-06-12 00:43:00,2026-06-12 00:50:00,,,,,Дубинский В. Д.,Turkish Airlines,Выдача до 30 минут
2026-06-12,J2 809 ,76В,БАКУ(ИМ. ГЕЙДАРА АЛИЕВА),18,Y(А10),00:16,1828,2026-06-12 00:28:00,2026-06-12 00:29:00,,2026-06-12 00:45:00,2026-06-12 00:53:00,2026-06-12 00:45:00,2026-06-12 00:53:00,2026-06-12 00:44:00,9.0,,2026-06-12 00:55:00,2026-06-12 01:04:00,7.0,6.0,2026-06-12 00:55:00,2026-06-12 01:03:00,,,,,Чеканов В. А.,AZAL,Выдача от 30 до 40 минут
2026-06-12,TK 3084 ,321,ДАЛАМАН,24,Y(А11),00:20,1444,2026-06-12 00:34:00,2026-06-12 00:35:00,,2026-06-12 00:39:00,2026-06-12 00:47:00,2026-06-12 00:39:00,2026-06-12 00:47:00,2026-06-12 00:48:00,,,2026-06-12 00:51:00,2026-06-12 00:55:00,,0.0,2026-06-12 00:49:00,2026-06-12 00:56:00,,,,,Попов А. И.,Turkish Airlines,Выдача до 30 минут
2026-06-12,VF 275 ,73Х,СТАМБУЛ(САБИХА ГОКЦЕН),36,Y(А12),00:25,2268,2026-06-12 00:38:00,2026-06-12 00:43:00,2.0,2026-06-12 00:42:00,2026-06-12 00:58:00,2026-06-12 00:42:00,2026-06-12 00:58:00,2026-06-12 00:57:00,1.0,1.0,2026-06-12 00:56:00,2026-06-12 01:14:00,,6.0,2026-06-12 01:07:00,2026-06-12 01:13:00,2026-06-12 00:48:00,2026-06-12 00:56:00,,,Едгоров Ф. И.,AJET,Выдача от 30 до 40 минут
2026-06-12,ДР 168 ,7С8,МИНЕРАЛЬНЫЕ ВОДЫ,11,Y(А08),00:27,738,2026-06-12 00:41:00,2026-06-12 00:42:00,,2026-06-12 00:45:00,2026-06-12 00:50:00,2026-06-12 00:45:00,2026-06-12 00:50:00,2026-06-12 00:50:00,,,2026-06-12 01:00:00,2026-06-12 01:04:00,,0.0,2026-06-12 00:55:00,2026-06-12 01:00:00,,,,,Демчук Д. П.,Победа,Выдача до 30 минут
2026-06-12,ДР 264 ,7С8,КАЛИНИНГРАД(ХРАБРОВО),16,Y(А07),00:30,497,2026-06-12 00:43:00,2026-06-12 00:45:00,,2026-06-12 00:45:00,2026-06-12 00:49:00,2026-06-12 00:45:00,2026-06-12 00:49:00,2026-06-12 00:50:00,,1.0,2026-06-12 00:55:00,2026-06-12 00:58:00,,0.0,2026-06-12 00:51:00,2026-06-12 00:57:00,,,,,Шамсов Б. С.,Победа,Выдача до 30 минут
2026-06-12,PC 1576 ,32Щ,АНТАЛЬЯ,37,Y(А11),00:32,2396,2026-06-12 00:47:00,2026-06-12 00:51:00,1.0,2026-06-12 01:12:00,2026-06-12 01:13:00,2026-06-12 01:12:00,2026-06-12 01:13:00,2026-06-12 01:07:00,6.0,,2026-06-12 01:08:00,2026-06-12 01:28:00,,11.0,2026-06-12 01:02:00,2026-06-12 01:08:00,2026-06-12 01:13:00,2026-06-12 01:25:00,,,Иванов В. А.,Pegasus,Выдача более 40 минут
2026-06-12,TK 217 ,321,АНТАЛЬЯ,29,Y(А13),00:35,2083,2026-06-12 00:52:00,2026-06-12 00:56:00,1.0,2026-06-12 00:55:00,2026-06-12 01:10:00,2026-06-12 00:55:00,2026-06-12 01:10:00,2026-06-12 01:10:00,,1.0,2026-06-12 01:13:00,2026-06-12 01:18:00,1.0,0.0,2026-06-12 01:11:00,2026-06-12 01:15:00,,,,,Вазиров Т. В.,Turkish Airlines,Выдача до 30 минут
2026-06-12,ДР 486 ,73Х,УЛЬЯНОВСК(БАРАТАЕВКА),43,Y(А04),00:37,126,2026-06-12 00:48:00,2026-06-12 00:51:00,,2026-06-12 00:52:00,2026-06-12 00:53:00,2026-06-12 00:52:00,2026-06-12 00:53:00,2026-06-12 00:53:00,,,2026-06-12 01:03:00,2026-06-12 01:05:00,,0.0,2026-06-12 00:57:00,2026-06-12 01:04:00,,,,,Кейта А. С.,Победа,Выдача до 30 минут
2026-06-12,TK 3002 ,321,АНТАЛЬЯ,26,Y(А10),00:41,2863,-1,,,2026-06-12 01:00:00,2026-06-12 01:12:00,2026-06-12 01:00:00,2026-06-12 01:12:00,,,,2026-06-12 01:10:00,2026-06-12 01:20:00,,0.0,2026-06-12 01:05:00,2026-06-12 01:10:00,2026-06-12 01:07:00,2026-06-12 01:19:00,,,Никишин А. В.,Turkish Airlines,Некорректно проставлены отметки
2026-06-12,ДР 114D,7С8,СОЧИ,49,Y(А05),00:44,642,2026-06-12 00:53:00,2026-06-12 00:55:00,,2026-06-12 00:57:00,2026-06-12 01:03:00,2026-06-12 00:57:00,2026-06-12 01:03:00,2026-06-12 01:01:00,2.0,2.0,2026-06-12 01:12:00,2026-06-12 01:15:00,,0.0,2026-06-12 01:04:00,2026-06-12 01:13:00,,,,,Коляскин А. Г.,Победа,Выдача до 30 минут
2026-06-12,ХИ 605 ,320,САМАРКАНД(САМАРКАНД ИНТЛ.),27,Y(А12),00:47,1429,2026-06-12 01:04:00,2026-06-12 01:06:00,,2026-06-12 01:09:00,2026-06-12 01:27:00,2026-06-12 01:09:00,2026-06-12 01:27:00,2026-06-12 01:18:00,9.0,8.0,2026-06-12 01:23:00,2026-06-12 01:35:00,,1.0,2026-06-12 01:16:00,2026-06-12 01:21:00,2026-06-12 01:28:00,2026-06-12 01:35:00,,,Попов Д. В.,UZBEKISTAN AIRWAYS,Выдача от 30 до 40 минут
2026-06-12,PC 1521 ,320,ИЗМИР(АДНАН МЕНДЕРЕС),37A,Y(А13),00:50,2007,2026-06-12 01:02:00,2026-06-12 01:05:00,,2026-06-12 01:06:00,2026-06-12 01:20:00,2026-06-12 01:06:00,2026-06-12 01:20:00,2026-06-12 01:19:00,1.0,1.0,2026-06-12 01:35:00,2026-06-12 01:37:00,3.0,5.0,2026-06-12 01:12:00,2026-06-12 01:20:00,2026-06-12 01:23:00,2026-06-12 01:31:00,,,Фанин - Богданов Анатолий Н. О.,Pegasus,Выдача от 30 до 40 минут
2026-06-12,TK 3014 ,321,АНТАЛЬЯ,25,Y(А10),00:54,2981,2026-06-12 01:10:00,2026-06-12 01:10:00,,2026-06-12 01:09:00,2026-06-12 01:25:00,2026-06-12 01:09:00,2026-06-12 01:25:00,2026-06-12 01:34:00,,,2026-06-12 01:27:00,2026-06-12 01:33:00,,0.0,2026-06-12 01:19:00,2026-06-12 01:27:00,2026-06-12 01:21:00,2026-06-12 01:32:00,,,Хушвактов П. З.,Turkish Airlines,Выдача до 30 минут
2026-06-12,ФВ 6189 ,СУ9,САНКТ-ПЕТЕРБУРГ(ПУЛКОВО),8,Y(А04),00:56,206,2026-06-12 01:12:00,2026-06-12 01:13:00,,2026-06-12 01:26:00,2026-06-12 01:27:00,2026-06-12 01:26:00,2026-06-12 01:27:00,2026-06-12 01:17:00,10.0,,2026-06-12 01:23:00,2026-06-12 01:25:00,,0.0,2026-06-12 01:20:00,2026-06-12 01:25:00,,,,,Тришкин А. В.,Россия,Выдача до 30 минут
2026-06-12,AZO 7008 ,СУ9,ТБИЛИСИ(ТБИЛИСИ ИНТЛ.),41A,Y(А11),01:02,509,2026-06-12 01:14:00,2026-06-12 01:17:00,,2026-06-12 01:19:00,2026-06-12 01:23:00,2026-06-12 01:19:00,2026-06-12 01:23:00,2026-06-12 01:21:00,2.0,1.0,2026-06-12 01:36:00,2026-06-12 01:39:00,,0.0,2026-06-12 01:26:00,2026-06-12 01:36:00,,,,,Шамсов Б. С.,GEORGIAN AIRWAYS,Выдача до 30 минут
2026-06-12,ДР 198 ,73Х,ВЛАДИКАВКАЗ(БЕСЛАН),48,Y(А08),01:05,477,2026-06-12 01:15:00,2026-06-12 01:18:00,,2026-06-12 01:18:00,2026-06-12 01:21:00,2026-06-12 01:18:00,2026-06-12 01:21:00,2026-06-12 01:22:00,,,2026-06-12 01:29:00,2026-06-12 01:30:00,,0.0,2026-06-12 01:23:00,2026-06-12 01:28:00,,,,,Коляскин А. Г.,Победа,Выдача до 30 минут
2026-06-12,TK 421 ,333,СТАМБУЛ(СТАМБУЛ НЬЮ),23,Y(А09),01:09,4136,2026-06-12 01:27:00,2026-06-12 01:28:00,,2026-06-12 01:28:00,2026-06-12 01:42:00,2026-06-12 01:28:00,2026-06-12 01:42:00,2026-06-12 01:59:00,,,2026-06-12 01:43:00,2026-06-12 01:49:00,,0.0,2026-06-12 02:01:00,2026-06-12 02:06:00,2026-06-12 01:56:00,2026-06-12 02:07:00,,,Демчук Д. П.,Turkish Airlines,Выдача до 30 минут
2026-06-12,ЮТ 358 ,734,САМАРА(КУРУМОЧ),12,Y(А07),01:12,304,2026-06-12 01:23:00,2026-06-12 01:25:00,,2026-06-12 01:29:00,2026-06-12 01:34:00,2026-06-12 01:29:00,2026-06-12 01:34:00,2026-06-12 01:29:00,5.0,3.0,2026-06-12 01:36:00,2026-06-12 01:42:00,,0.0,2026-06-12 01:33:00,2026-06-12 01:36:00,,,,,Рябчевский В. О.,Ютэйр,Выдача до 30 минут
2026-06-12,TK 3036 ,321,АНТАЛЬЯ,22,Y(А10),01:15,2701,2026-06-12 01:27:00,2026-06-12 01:31:00,1.0,2026-06-12 01:32:00,2026-06-12 01:48:00,2026-06-12 01:32:00,2026-06-12 01:48:00,2026-06-12 01:49:00,,,2026-06-12 01:48:00,2026-06-12 01:56:00,1.0,0.0,2026-06-12 01:35:00,2026-06-12 01:47:00,2026-06-12 01:48:00,2026-06-12 01:56:00,,,Тришкин А. В.,Turkish Airlines,Выдача до 30 минут
2026-06-12,ЮТ 810 ,73Х,САМАРКАНД(САМАРКАНД ИНТЛ.),62,Y(А12),01:18,960,2026-06-12 01:27:00,2026-06-12 01:32:00,2.0,2026-06-12 01:33:00,2026-06-12 01:42:00,2026-06-12 01:33:00,2026-06-12 01:42:00,2026-06-12 01:37:00,5.0,3.0,2026-06-12 01:54:00,2026-06-12 01:57:00,,0.0,2026-06-12 01:44:00,2026-06-12 01:52:00,,,,,Кейта А. С.,Ютэйр,Выдача до 30 минут
2026-06-12,ДР 210 ,73Х,САНКТ-ПЕТЕРБУРГ(ПУЛКОВО),51,Y(А04),01:22,125,2026-06-12 01:32:00,2026-06-12 01:34:00,,2026-06-12 01:36:00,2026-06-12 01:37:00,2026-06-12 01:36:00,2026-06-12 01:37:00,2026-06-12 01:37:00,,,2026-06-12 01:44:00,2026-06-12 01:45:00,,0.0,2026-06-12 01:39:00,2026-06-12 01:44:00,,,,,Шамсов Б. С.,Победа,Выдача до 30 минут
2026-06-12,3F 323 ,320,ЕРЕВАН(ЗВАРТНОЦ ИНТЛ),21,Y(А13),01:25,949,2026-06-12 01:40:00,2026-06-12 01:40:00,,2026-06-12 01:52:00,2026-06-12 01:57:00,2026-06-12 01:52:00,2026-06-12 01:57:00,2026-06-12 01:50:00,7.0,,2026-06-12 02:04:00,2026-06-12 02:06:00,4.0,0.0,2026-06-12 02:00:00,2026-06-12 02:06:00,,,,,Хушвактов П. З.,FLYONE Armenia,Выдача до 30 минут
2026-06-12,ЖГ 932 ,73Й,ТБИЛИСИ(ТБИЛИСИ ИНТЛ.),30,Y(А12),01:34,1779,2026-06-12 01:42:00,2026-06-12 01:45:00,,2026-06-12 02:05:00,2026-06-12 02:24:00,2026-06-12 02:05:00,2026-06-12 02:24:00,2026-06-12 01:58:00,26.0,7.0,2026-06-12 02:17:00,2026-06-12 02:29:00,15.0,17.0,2026-06-12 02:24:00,2026-06-12 02:28:00,2026-06-12 02:12:00,2026-06-12 02:16:00,,,Иванов В. А.,GEORGIAN AIRWAYS,Выдача более 40 минут
2026-06-12,ФВ 6161 ,СУ9,САНКТ-ПЕТЕРБУРГ(ПУЛКОВО),9,Y(А04),01:37,155,2026-06-12 01:50:00,2026-06-12 01:52:00,,2026-06-12 02:20:00,2026-06-12 02:21:00,2026-06-12 02:20:00,2026-06-12 02:21:00,2026-06-12 01:55:00,26.0,,,-1,,0.0,2026-06-12 02:21:00,2026-06-12 02:23:00,,,,,Едгоров Ф. И.,Россия,Некорректно проставлены отметки
2026-06-12,TK 3154 ,32Б,БОДРУМ(МИЛАС),19,Y(А09),01:40,2261,-1,,,2026-06-12 02:00:00,2026-06-12 02:16:00,2026-06-12 02:00:00,2026-06-12 02:16:00,,,1.0,2026-06-12 02:23:00,2026-06-12 02:33:00,,0.0,2026-06-12 02:08:00,2026-06-12 02:23:00,,,,,Барабанов А. М.,Turkish Airlines,Некорректно проставлены отметки
2026-06-12,ДР 475 ,73Х,САРАТОВ(ГАГАРИН),46,Y(А05),01:43,417,-1,,,2026-06-12 03:10:00,2026-06-12 03:14:00,2026-06-12 03:10:00,2026-06-12 03:14:00,,,3.0,2026-06-12 02:46:00,2026-06-12 02:47:00,,0.0,2026-06-12 03:15:00,2026-06-12 03:19:00,,,,,Вазиров Т. В.,Победа,Некорректно проставлены отметки
2026-06-12,4S 325 ,7С8,ШАРМ ЭЛЬ ШЕЙХ(ШАРМ ЭЛЬ ШЕЙХ ИНТЛ.),20,Y(А10),01:54,2199,2026-06-12 02:04:00,2026-06-12 02:08:00,1.0,2026-06-12 02:07:00,2026-06-12 02:53:00,2026-06-12 02:07:00,2026-06-12 02:53:00,2026-06-12 02:23:00,30.0,31.0,2026-06-12 02:49:00,2026-06-12 03:00:00,25.0,26.0,2026-06-12 02:42:00,2026-06-12 02:49:00,2026-06-12 02:55:00,2026-06-12 03:01:00,,,Аристархов Н. В.,Red Sea,Выдача более 40 минут
2026-06-12,ДР 116D,7С8,СОЧИ,47,Y(А06),02:25,892,2026-06-12 02:39:00,2026-06-12 02:40:00,,2026-06-12 02:48:00,2026-06-12 02:54:00,2026-06-12 02:48:00,2026-06-12 02:54:00,2026-06-12 02:49:00,5.0,,2026-06-12 03:00:00,2026-06-12 03:02:00,,0.0,2026-06-12 02:54:00,2026-06-12 03:01:00,,,,,Вазиров Т. В.,Победа,Выдача до 30 минут
2026-06-12,PC 386 ,32Щ,СТАМБУЛ(САБИХА ГОКЦЕН),18,Y(А10),02:28,2455,2026-06-12 02:41:00,2026-06-12 02:44:00,,2026-06-12 02:50:00,2026-06-12 03:13:00,2026-06-12 02:50:00,2026-06-12 03:13:00,2026-06-12 03:01:00,12.0,7.0,2026-06-12 03:04:00,2026-06-12 03:21:00,3.0,10.0,2026-06-12 02:58:00,2026-06-12 03:03:00,2026-06-12 03:16:00,2026-06-12 03:21:00,,,Едгоров Ф. И.,Pegasus,Выдача от 30 до 40 минут
2026-06-12,FZ 987 ,7М8,ДУБАЙ(ДУБАЙ ИНТЛ.),29,Y(А09),02:37,2148,2026-06-12 02:48:00,2026-06-12 02:50:00,,2026-06-12 02:50:00,2026-06-12 03:25:00,2026-06-12 02:50:00,2026-06-12 03:25:00,2026-06-12 03:06:00,19.0,21.0,2026-06-12 03:00:00,2026-06-12 03:32:00,,14.0,2026-06-12 03:30:00,2026-06-12 03:33:00,2026-06-12 02:57:00,2026-06-12 03:00:00,,,Тришкин А. В.,flydubai,Выдача более 40 минут
2026-06-12,NE 634 ,320,ШАРМ ЭЛЬ ШЕЙХ(ШАРМ ЭЛЬ ШЕЙХ ИНТЛ.),25,Y(А11),02:43,1565,2026-06-12 02:55:00,2026-06-12 02:57:00,,2026-06-12 03:01:00,2026-06-12 03:13:00,2026-06-12 03:01:00,2026-06-12 03:13:00,2026-06-12 03:09:00,4.0,2.0,2026-06-12 03:12:00,2026-06-12 03:22:00,,0.0,2026-06-12 03:06:00,2026-06-12 03:11:00,2026-06-12 03:15:00,2026-06-12 03:22:00,,,Чеканов В. А.,Nesma Airlines,Выдача до 30 минут
2026-06-12,ДР 1422 ,73Х,САМАРА(КУРУМОЧ),44,Y(А04),02:48,129,2026-06-12 02:59:00,2026-06-12 03:02:00,,2026-06-12 03:03:00,2026-06-12 03:05:00,2026-06-12 03:03:00,2026-06-12 03:05:00,2026-06-12 03:04:00,1.0,1.0,2026-06-12 03:12:00,2026-06-12 03:13:00,,0.0,2026-06-12 03:07:00,2026-06-12 03:12:00,,,,,Демчук Д. П.,Победа,Выдача до 30 минут
2026-06-12,TK 3122 ,32Б,БОДРУМ(МИЛАС),24,Y(А09),03:13,830,2026-06-12 03:26:00,2026-06-12 03:28:00,,2026-06-12 03:33:00,2026-06-12 03:36:00,2026-06-12 03:33:00,2026-06-12 03:36:00,2026-06-12 03:36:00,,,2026-06-12 03:44:00,2026-06-12 03:47:00,,0.0,2026-06-12 03:36:00,2026-06-12 03:48:00,,,,,Кузин К. С.,Turkish Airlines,Выдача до 30 минут
2026-06-12,ЮВ 303 ,ЦР2,БУГУЛЬМА,45,Y(А05),03:56,216,2026-06-12 04:09:00,2026-06-12 04:09:00,,2026-06-12 04:10:00,2026-06-12 04:13:00,2026-06-12 04:10:00,2026-06-12 04:13:00,2026-06-12 04:14:00,,2.0,,-1,,0.0,2026-06-12 04:13:00,2026-06-12 04:22:00,,,,,Кейта А. С.,ЮВТ АЭРО,Некорректно проставлены отметки
2026-06-12,VF 587 ,73Х,АНКАРА(ЕСЕНБОГА),22,Y(А10),04:05,1552,2026-06-12 04:17:00,2026-06-12 04:18:00,,2026-06-12 04:20:00,2026-06-12 04:31:00,2026-06-12 04:20:00,2026-06-12 04:31:00,2026-06-12 04:31:00,,1.0,2026-06-12 04:24:00,2026-06-12 04:40:00,,0.0,2026-06-12 04:33:00,2026-06-12 04:42:00,2026-06-12 04:25:00,2026-06-12 04:28:00,,,Фанин - Богданов Анатолий Н. О.,AJET,Выдача до 30 минут
2026-06-12,NE 600 ,320,ХУРГАДА(ХУРГАДА ИНТЛ.),25,Y(А11),04:26,1889,2026-06-12 04:36:00,2026-06-12 04:38:00,,2026-06-12 04:40:00,2026-06-12 04:52:00,2026-06-12 04:40:00,2026-06-12 04:52:00,2026-06-12 04:53:00,,,2026-06-12 04:49:00,2026-06-12 04:59:00,,0.0,2026-06-12 04:44:00,2026-06-12 04:49:00,2026-06-12 04:55:00,2026-06-12 04:58:00,,,Чеканов В. А.,Nesma Airlines,Выдача до 30 минут
2026-06-12,PC 1456 ,32Щ,БОДРУМ(МИЛАС),20,Y(А10),04:37,2304,2026-06-12 04:46:00,2026-06-12 04:48:00,,2026-06-12 04:50:00,2026-06-12 05:05:00,2026-06-12 04:50:00,2026-06-12 05:05:00,2026-06-12 05:05:00,,,2026-06-12 05:03:00,2026-06-12 05:15:00,,0.0,2026-06-12 04:56:00,2026-06-12 05:03:00,2026-06-12 05:10:00,2026-06-12 05:15:00,,,Едгоров Ф. И.,Pegasus,Выдача до 30 минут
2026-06-12,VF 277 ,73Х,СТАМБУЛ(САБИХА ГОКЦЕН),24,Y(А10),04:46,3046,2026-06-12 04:55:00,2026-06-12 04:56:00,,2026-06-12 04:59:00,2026-06-12 05:24:00,2026-06-12 05:00:00,2026-06-12 05:24:00,2026-06-12 05:19:00,5.0,4.0,2026-06-12 05:17:00,2026-06-12 05:18:00,2.0,0.0,2026-06-12 05:07:00,2026-06-12 05:11:00,2026-06-12 05:18:00,2026-06-12 05:21:00,2026-06-12 05:27:00,2026-06-12 05:32:00,"Демчук Д. П., Коляскин А. Г.",AJET,Выдача до 30 минут
2026-06-12,PC 390 ,32Щ,СТАМБУЛ(САБИХА ГОКЦЕН),21,Y(А11),05:03,2107,2026-06-12 05:14:00,2026-06-12 05:18:00,1.0,2026-06-12 05:18:00,2026-06-12 05:36:00,2026-06-12 05:18:00,2026-06-12 05:36:00,2026-06-12 05:32:00,4.0,4.0,2026-06-12 05:31:00,2026-06-12 05:45:00,,1.0,2026-06-12 05:25:00,2026-06-12 05:30:00,2026-06-12 05:41:00,2026-06-12 05:44:00,,,Барабанов А. М.,Pegasus,Выдача от 30 до 40 минут
2026-06-12,TK 419 ,333,СТАМБУЛ(СТАМБУЛ НЬЮ),23,Y(А09),05:19,4149,2026-06-12 05:35:00,2026-06-12 05:40:00,2.0,2026-06-12 05:41:00,2026-06-12 05:53:00,2026-06-12 05:41:00,2026-06-12 05:53:00,2026-06-12 06:07:00,,,2026-06-12 05:48:00,2026-06-12 06:05:00,,0.0,2026-06-12 06:00:00,2026-06-12 06:09:00,2026-06-12 05:56:00,2026-06-12 06:05:00,,,Никишин А. В.,Turkish Airlines,Выдача до 30 минут
2026-06-12,ДР 1188 ,73Х,МАХАЧКАЛА,48,Y(А04),05:23,298,2026-06-12 05:33:00,2026-06-12 05:36:00,,2026-06-12 05:39:00,2026-06-12 05:44:00,2026-06-12 05:39:00,2026-06-12 05:44:00,2026-06-12 05:39:00,5.0,3.0,2026-06-12 05:36:00,2026-06-12 05:38:00,,0.0,2026-06-12 05:44:00,2026-06-12 05:53:00,,,,,Кейта А. С.,Победа,Выдача до 30 минут
2026-06-12,PC 1458 ,32Щ,ДАЛАМАН,27,Y(А10),05:54,2357,2026-06-12 06:06:00,2026-06-12 06:09:00,,2026-06-12 06:22:00,2026-06-12 06:30:00,2026-06-12 06:22:00,2026-06-12 06:30:00,2026-06-12 06:26:00,4.0,,2026-06-12 06:22:00,2026-06-12 06:35:00,,0.0,2026-06-12 06:17:00,2026-06-12 06:20:00,2026-06-12 06:32:00,2026-06-12 06:35:00,,,Андреев А. М.,Pegasus,Выдача до 30 минут
2026-06-12,NE 620 ,320,ХУРГАДА(ХУРГАДА ИНТЛ.),29,Y(А12),06:01,1843,2026-06-12 06:12:00,2026-06-12 06:13:00,,2026-06-12 06:15:00,2026-06-12 06:29:00,2026-06-12 06:15:00,2026-06-12 06:29:00,2026-06-12 06:28:00,1.0,2.0,2026-06-12 06:23:00,2026-06-12 06:35:00,,0.0,2026-06-12 06:20:00,2026-06-12 06:22:00,2026-06-12 06:30:00,2026-06-12 06:33:00,,,Демчук Д. П.,Nesma Airlines,Выдача до 30 минут
2026-06-12,7Q 1777 ,320,ТАШКЕНТ(ТАШКЕНТ ИНТЛ.),25,Y(А13),06:17,1040,2026-06-12 06:29:00,2026-06-12 06:32:00,,2026-06-12 06:32:00,2026-06-12 06:40:00,2026-06-12 06:32:00,2026-06-12 06:40:00,2026-06-12 06:40:00,,1.0,2026-06-12 06:47:00,2026-06-12 06:48:00,,0.0,2026-06-12 06:43:00,2026-06-12 06:47:00,,,,,Кузин К. С.,Asia Union Airlines,Выдача до 30 минут
2026-06-12,TK 407 ,332,СТАМБУЛ(СТАМБУЛ НЬЮ),22,Y(А09),06:33,3262,2026-06-12 06:46:00,2026-06-12 06:50:00,1.0,2026-06-12 06:50:00,2026-06-12 07:03:00,2026-06-12 06:50:00,2026-06-12 07:03:00,2026-06-12 07:12:00,,,2026-06-12 07:02:00,2026-06-12 07:07:00,,0.0,2026-06-12 07:00:00,2026-06-12 07:09:00,2026-06-12 06:59:05,2026-06-12 07:12:05,,,Фанин - Богданов Анатолий Н. О.,Turkish Airlines,Выдача до 30 минут
2026-06-12,AZO 7154 ,СУ9,БАТУМИ,30,Y(А12),07:09,295,2026-06-12 07:22:00,2026-06-12 07:22:00,,2026-06-12 07:25:00,2026-06-12 07:27:00,2026-06-12 07:25:00,2026-06-12 07:27:00,2026-06-12 07:28:00,,,2026-06-12 07:31:00,2026-06-12 07:33:00,,0.0,2026-06-12 07:28:00,2026-06-12 07:32:00,,,,,Соболь М. Ф.,GEORGIAN AIRWAYS,Выдача до 30 минут
2026-06-12,ДР 436 ,73Х,УФА,49,Y(А05),07:12,255,2026-06-12 07:22:00,2026-06-12 07:25:00,,2026-06-12 07:24:00,2026-06-12 07:26:00,2026-06-12 07:24:00,2026-06-12 07:26:00,2026-06-12 07:28:00,,,2026-06-12 07:33:00,2026-06-12 07:34:00,,0.0,2026-06-12 07:27:00,2026-06-12 07:33:00,,,,,"Лесной Д. А., Табаров М.",Победа,Выдача до 30 минут
2026-06-12,ФВ 6019 ,СУ9,САНКТ-ПЕТЕРБУРГ(ПУЛКОВО),8,Y(А04),07:23,112,2026-06-12 07:32:00,2026-06-12 07:32:00,,2026-06-12 07:34:00,2026-06-12 07:37:00,2026-06-12 07:34:00,2026-06-12 07:37:00,2026-06-12 07:37:00,,2.0,2026-06-12 07:39:00,2026-06-12 07:40:00,,0.0,2026-06-12 07:38:00,2026-06-12 07:41:00,,,,,Федоров Н. В.,Россия,Выдача до 30 минут
2026-06-12,ДР 730 ,7С8,ФЕРГАНА(ФЕРГАНА ИНТЛ.),47,Y(А12),07:38,280,2026-06-12 07:46:00,2026-06-12 07:50:00,1.0,2026-06-12 07:48:00,2026-06-12 07:50:00,2026-06-12 07:48:00,2026-06-12 07:50:00,2026-06-12 07:52:00,,,2026-06-12 07:59:00,2026-06-12 08:00:00,,0.0,2026-06-12 07:52:00,2026-06-12 08:02:00,,,,,"Потапов Е. А., Ушаков М. В.",Победа,Выдача до 30 минут
2026-06-12,ЮТ 454 ,73Х,ТЮМЕНЬ(РОЩИНО),12,Y(А06),07:50,745,2026-06-12 07:59:00,2026-06-12 08:02:00,,2026-06-12 08:02:00,2026-06-12 08:12:00,2026-06-12 08:02:00,2026-06-12 08:12:00,2026-06-12 08:08:00,4.0,5.0,2026-06-12 08:16:00,2026-06-12 08:17:00,,0.0,2026-06-12 08:13:00,2026-06-12 08:17:00,,,,,Гафуров О. Ф.,Ютэйр,Выдача до 30 минут
2026-06-12,ХИ 9623 ,320,КАРШИ(КАРШИ МЕЖДУНАРОДНЫЙ),26,Y(А11),07:57,1444,2026-06-12 08:09:00,2026-06-12 08:12:00,,2026-06-12 08:14:00,2026-06-12 08:21:00,2026-06-12 08:14:00,2026-06-12 08:21:00,2026-06-12 08:23:00,,,2026-06-12 08:21:00,2026-06-12 08:26:00,,0.0,2026-06-12 08:18:00,2026-06-12 08:22:00,2026-06-12 08:26:00,2026-06-12 08:28:00,,,Фаёзов А. Р.,UZBEKISTAN AIRWAYS,Выдача до 30 минут
2026-06-12,3F 321 ,321,ЕРЕВАН(ЗВАРТНОЦ ИНТЛ),29,Y(А13),08:00,1098,2026-06-12 08:10:00,2026-06-12 08:12:00,,2026-06-12 08:13:00,2026-06-12 08:18:00,2026-06-12 08:13:00,2026-06-12 08:18:00,2026-06-12 08:21:00,,,2026-06-12 08:23:00,2026-06-12 08:24:00,,0.0,2026-06-12 08:19:00,2026-06-12 08:23:00,,,,,Галушко В.,FLYONE Armenia,Выдача до 30 минут
2026-06-12,ХИ 9607 ,32Н,БУХАРА(БУХАРА ИНТЛ.),23,Y(А09),08:06,1908,2026-06-12 08:18:00,2026-06-12 08:19:00,,2026-06-12 08:21:00,2026-06-12 08:36:00,2026-06-12 08:21:00,2026-06-12 08:36:00,2026-06-12 08:35:00,1.0,2.0,2026-06-12 08:33:00,2026-06-12 08:43:00,,0.0,2026-06-12 08:29:00,2026-06-12 08:33:00,2026-06-12 08:41:00,2026-06-12 08:45:00,,,Аганин А. А.,UZBEKISTAN AIRWAYS,Выдача до 30 минут
2026-06-12,ДР 408 ,73Х,ЕКАТЕРИНБУРГ(КОЛЬЦОВО),48,Y(А05),08:18,260,2026-06-12 08:25:00,2026-06-12 08:26:00,,2026-06-12 08:28:00,2026-06-12 08:30:00,2026-06-12 08:28:00,2026-06-12 08:30:00,2026-06-12 08:31:00,,,2026-06-12 08:37:00,2026-06-12 08:39:00,,0.0,2026-06-12 08:36:00,2026-06-12 08:38:00,,,,,Минченко А. И.,Победа,Выдача до 30 минут
2026-06-12,ЯК 479 ,73В,ЯКУТСК,43,Y(А06),08:22,1083,2026-06-12 08:28:00,2026-06-12 08:31:00,,2026-06-12 08:31:00,2026-06-12 08:39:00,2026-06-12 08:31:00,2026-06-12 08:39:00,2026-06-12 08:37:00,2.0,3.0,2026-06-12 08:47:00,2026-06-12 08:50:00,,0.0,2026-06-12 08:39:00,2026-06-12 08:47:00,,,,,Кутейников А. В.,Якутия,Выдача до 30 минут
2026-06-12,NE 618 ,320,ХУРГАДА(ХУРГАДА ИНТЛ.),20,Y(А10),08:27,1812,2026-06-12 08:41:00,2026-06-12 08:41:00,,2026-06-12 08:47:00,2026-06-12 09:02:00,2026-06-12 08:47:00,2026-06-12 09:02:00,2026-06-12 08:57:00,5.0,3.0,2026-06-12 08:58:00,2026-06-12 09:09:00,,0.0,2026-06-12 08:54:00,2026-06-12 08:59:00,2026-06-12 09:04:00,2026-06-12 09:09:00,,,Поляков К. Н.,Nesma Airlines,Выдача до 30 минут
2026-06-12,ЮТ 352 ,735,ХАНТЫ-МАНСИЙСК,17,Y(А08),08:29,718,2026-06-12 08:37:00,2026-06-12 08:40:00,,2026-06-12 08:41:00,2026-06-12 08:56:00,2026-06-12 08:41:00,2026-06-12 08:56:00,2026-06-12 08:46:00,10.0,10.0,2026-06-12 09:02:00,2026-06-12 09:04:00,5.0,0.0,2026-06-12 08:46:00,2026-06-12 09:03:00,,,,,Тано Б. А.,Ютэйр,Выдача до 30 минут
2026-06-12,ФВ 6051 ,СУ9,САНКТ-ПЕТЕРБУРГ(ПУЛКОВО),9,Y(А04),08:31,10,2026-06-12 08:40:00,2026-06-12 08:42:00,,2026-06-12 08:42:00,2026-06-12 08:43:00,2026-06-12 08:42:00,2026-06-12 08:43:00,2026-06-12 08:44:00,,1.0,2026-06-12 08:47:00,2026-06-12 08:48:00,,0.0,2026-06-12 08:44:00,2026-06-12 08:47:00,,,,,Фанин - Богданов Анатолий Н. О.,Россия,Выдача до 30 минут
2026-06-12,ЯМ 597 ,73Х,МИРНЫЙ,1,Y(А06),08:40,1583,2026-06-12 08:50:00,2026-06-12 08:51:00,,2026-06-12 08:59:00,2026-06-12 09:14:00,2026-06-12 08:59:00,2026-06-12 09:14:00,2026-06-12 09:05:00,9.0,4.0,2026-06-12 09:08:00,2026-06-12 09:20:00,,0.0,2026-06-12 09:05:00,2026-06-12 09:08:00,2026-06-12 09:07:00,2026-06-12 09:20:00,,,Рустамов М. А.,Алроса,Выдача до 30 минут
2026-06-12,DV 809 ,738,АЛМАТЫ(АЛМАТЫ ИНТЛ.),18,Y(А13),08:43,1281,2026-06-12 08:51:00,2026-06-12 08:51:00,,2026-06-12 08:54:00,2026-06-12 09:02:00,2026-06-12 08:54:00,2026-06-12 09:02:00,2026-06-12 09:04:00,,,2026-06-12 09:08:00,2026-06-12 09:10:00,,0.0,2026-06-12 09:00:00,2026-06-12 09:08:00,,,,,"Галушко В., Табаров М.",SCAT Airlines,Выдача до 30 минут
2026-06-12,ЮТ 248 ,73Х,СУРГУТ,24,Y(А08),08:48,786,2026-06-12 09:00:00,2026-06-12 09:01:00,,2026-06-12 09:04:00,2026-06-12 09:13:00,2026-06-12 09:04:00,2026-06-12 09:13:00,2026-06-12 09:09:00,4.0,4.0,2026-06-12 09:18:00,2026-06-12 09:20:00,,0.0,2026-06-12 09:14:00,2026-06-12 09:18:00,,,,,Лесной Д. А.,Ютэйр,Выдача до 30 минут
2026-06-12,ФВ 6011 ,СУ9,САНКТ-ПЕТЕРБУРГ(ПУЛКОВО),8,Y(А04),08:55,29,2026-06-12 09:03:00,2026-06-12 09:04:00,,2026-06-12 09:06:00,2026-06-12 09:07:00,2026-06-12 09:06:00,2026-06-12 09:07:00,2026-06-12 09:07:00,,1.0,2026-06-12 09:09:00,2026-06-12 09:10:00,,0.0,2026-06-12 09:06:00,2026-06-12 09:09:00,,,,,Ушаков М. В.,Россия,Выдача до 30 минут
2026-06-12,ЮТ 356 ,734,ГРОЗНЫЙ(СЕВЕРНЫЙ),15,Y(А07),08:59,329,-1,,,2026-06-12 09:14:00,2026-06-12 09:17:00,2026-06-12 09:14:00,2026-06-12 09:17:00,,,1.0,2026-06-12 09:24:00,2026-06-12 09:25:00,,0.0,2026-06-12 09:24:00,2026-06-12 09:25:00,,,,,Тано Б. А.,Ютэйр,Некорректно проставлены отметки
2026-06-12,ДР 414 ,73Х,ЧЕЛЯБИНСК(БАЛАНДИНО),46,Y(А05),09:02,390,2026-06-12 09:10:00,2026-06-12 09:11:00,,2026-06-12 09:11:00,2026-06-12 09:14:00,2026-06-12 09:11:00,2026-06-12 09:14:00,2026-06-12 09:17:00,,,2026-06-12 09:23:00,2026-06-12 09:25:00,,0.0,2026-06-12 09:19:00,2026-06-12 09:22:00,,,,,Федоров Н. В.,Победа,Выдача до 30 минут
2026-06-12,ДР 742 ,7С8,ТАШКЕНТ(ТАШКЕНТ ИНТЛ.),50,Y(А12),09:05,242,2026-06-12 09:19:00,2026-06-12 09:24:00,2.0,2026-06-12 09:23:00,2026-06-12 09:29:00,2026-06-12 09:23:00,2026-06-12 09:29:00,2026-06-12 09:25:00,4.0,4.0,2026-06-12 09:36:00,2026-06-12 09:37:00,,0.0,2026-06-12 09:29:00,2026-06-12 09:37:00,,,,,Кутейников А. В.,Победа,Выдача до 30 минут
2026-06-12,ХИ 9615 ,32Н,УРГЕНЧ(УРГЕНЧ ИНТЛ.),25,Y(А09),09:08,1389,2026-06-12 09:19:00,2026-06-12 09:21:00,,2026-06-12 09:23:00,2026-06-12 09:35:00,2026-06-12 09:23:00,2026-06-12 09:35:00,2026-06-12 09:32:00,3.0,3.0,2026-06-12 09:34:00,2026-06-12 09:40:00,,0.0,2026-06-12 09:32:00,2026-06-12 09:35:00,2026-06-12 09:37:00,2026-06-12 09:40:00,,,Соболь М. Ф.,UZBEKISTAN AIRWAYS,Выдача до 30 минут
2026-06-12,ЮТ 364 ,734,УФА,16,Y(А08),09:12,548,2026-06-12 09:21:00,2026-06-12 09:22:00,,2026-06-12 09:28:00,2026-06-12 09:33:00,2026-06-12 09:28:00,2026-06-12 09:33:00,2026-06-12 09:29:00,4.0,1.0,2026-06-12 09:39:00,2026-06-12 09:40:00,,0.0,2026-06-12 09:34:00,2026-06-12 09:38:00,,,,,Ушаков М. В.,Ютэйр,Выдача до 30 минут
2026-06-12,КГ 555 ,320,ОШ,19,Y(А13),09:15,2860,2026-06-12 09:25:00,2026-06-12 09:28:00,,2026-06-12 09:31:00,2026-06-12 09:54:00,2026-06-12 09:31:00,2026-06-12 09:54:00,2026-06-12 09:48:00,6.0,4.0,2026-06-12 09:47:00,2026-06-12 10:01:00,2.0,6.0,2026-06-12 09:38:00,2026-06-12 09:45:00,2026-06-12 09:56:00,2026-06-12 10:03:00,,,Аганин А. А.,Aero Nomad,Выдача от 30 до 40 минут
2026-06-12,ДР 434 ,73Х,ПЕРМЬ(БОЛЬШОЕ САВИНО),49,Y(А05),09:21,278,2026-06-12 09:31:00,2026-06-12 09:31:00,,2026-06-12 09:33:00,2026-06-12 09:35:00,2026-06-12 09:33:00,2026-06-12 09:35:00,2026-06-12 09:37:00,,,2026-06-12 09:42:00,2026-06-12 09:44:00,,0.0,2026-06-12 09:37:00,2026-06-12 09:43:00,,,,,Минченко А. И.,Победа,Выдача до 30 минут
2026-06-12,ВГ 2390 ,ЯК4,ВОЛОГДА,45,0,09:26,0,2026-06-12 09:31:00,2026-06-12 09:33:00,,2026-06-12 09:38:00,2026-06-12 09:39:00,2026-06-12 09:38:00,2026-06-12 09:39:00,,,1.0,,-1,,0.0,,,,,,,Фаёзов А. Р.,Вологодское АП,Не определено
2026-06-12,ФВ 6003 ,СУ9,САНКТ-ПЕТЕРБУРГ(ПУЛКОВО),10,Y(А04),09:31,24,2026-06-12 09:41:00,2026-06-12 09:41:00,,2026-06-12 09:34:00,2026-06-12 09:39:00,2026-06-12 09:34:00,2026-06-12 09:39:00,2026-06-12 09:45:00,,5.0,,-1,,0.0,2026-06-12 09:45:00,2026-06-12 09:48:00,,,,,Галушко В.,Россия,Некорректно проставлены отметки
2026-06-12,ЮТ 560 ,73Х,МАХАЧКАЛА,11,Y(А07),09:39,395,2026-06-12 09:48:00,2026-06-12 09:50:00,,2026-06-12 09:50:00,2026-06-12 09:53:00,2026-06-12 09:50:00,2026-06-12 09:53:00,2026-06-12 09:55:00,,,2026-06-12 09:57:00,2026-06-12 09:59:00,,0.0,2026-06-12 09:55:00,2026-06-12 09:58:00,,,,,Федоров Н. В.,Ютэйр,Выдача до 30 минут
2026-06-12,AZO 7108 ,СУ9,ТБИЛИСИ(ТБИЛИСИ ИНТЛ.),27,Y(А11),09:52,459,2026-06-12 10:03:00,2026-06-12 10:04:00,,2026-06-12 10:07:00,2026-06-12 10:10:00,2026-06-12 10:07:00,2026-06-12 10:10:00,2026-06-12 10:10:00,,,2026-06-12 10:15:00,2026-06-12 10:16:00,,0.0,2026-06-12 10:11:00,2026-06-12 10:16:00,,,,,Галушко В.,GEORGIAN AIRWAYS,Выдача до 30 минут
2026-06-12,ЮТ 572 ,73Х,КРАСНОЯРСК,21,Y(А06),09:56,744,2026-06-12 10:03:00,2026-06-12 10:06:00,,2026-06-12 10:21:00,2026-06-12 10:27:00,2026-06-12 10:21:00,2026-06-12 10:27:00,2026-06-12 10:12:00,15.0,1.0,2026-06-12 10:32:00,2026-06-12 10:35:00,,2.0,2026-06-12 10:14:00,2026-06-12 10:31:00,,,,,Поляков К. Н.,Ютэйр,Выдача от 30 до 40 минут
2026-06-12,ЮТ 446 ,735,КОГАЛЫМ,12,Y(А05),10:03,631,2026-06-12 10:15:00,2026-06-12 10:15:00,,2026-06-12 10:17:00,2026-06-12 10:23:00,2026-06-12 10:17:00,2026-06-12 10:23:00,2026-06-12 10:23:00,,2.0,2026-06-12 10:28:00,2026-06-12 10:31:00,,0.0,2026-06-12 10:25:00,2026-06-12 10:28:00,,,,,Федоров Н. В.,Ютэйр,Выдача до 30 минут
2026-06-12,ФВ 6013 ,СУ9,САНКТ-ПЕТЕРБУРГ(ПУЛКОВО),9,Y(А04),10:09,94,2026-06-12 10:18:00,2026-06-12 10:20:00,,2026-06-12 10:21:00,2026-06-12 10:23:00,2026-06-12 10:21:00,2026-06-12 10:23:00,2026-06-12 10:23:00,,1.0,2026-06-12 10:26:00,2026-06-12 10:27:00,,0.0,2026-06-12 10:24:00,2026-06-12 10:28:00,,,,,Шамсов Б. С.,Россия,Выдача до 30 минут
2026-06-12,ДР 714 ,73Х,САМАРКАНД(САМАРКАНД ИНТЛ.),46,Y(А11),10:16,313,2026-06-12 10:23:00,2026-06-12 10:23:00,,2026-06-12 10:26:00,2026-06-12 10:29:00,2026-06-12 10:26:00,2026-06-12 10:29:00,2026-06-12 10:29:00,,1.0,2026-06-12 10:37:00,2026-06-12 10:39:00,,0.0,2026-06-12 10:31:00,2026-06-12 10:37:00,,,,,"Андреев А. М., Табаров М.",Победа,Выдача до 30 минут
2026-06-12,DV 801 ,7М8,ШЫМКЕНТ(ШЫМКЕНТ ИНТЛ.),20,Y(А13),10:23,1382,2026-06-12 10:32:00,2026-06-12 10:32:00,,2026-06-12 10:35:00,2026-06-12 10:47:00,2026-06-12 10:35:00,2026-06-12 10:47:00,2026-06-12 10:45:00,2.0,3.0,2026-06-12 10:46:00,2026-06-12 10:53:00,,0.0,2026-06-12 10:41:00,2026-06-12 10:46:00,2026-06-12 10:49:00,2026-06-12 10:53:00,,,Минченко А. И.,SCAT Airlines,Выдача до 30 минут
2026-06-12,ФВ 6005 ,СУ9,САНКТ-ПЕТЕРБУРГ(ПУЛКОВО),8,Y(А04),10:39,51,2026-06-12 10:56:00,2026-06-12 10:57:00,,2026-06-12 10:59:00,2026-06-12 11:00:00,2026-06-12 10:59:00,2026-06-12 11:00:00,2026-06-12 11:00:00,,1.0,2026-06-12 11:03:00,2026-06-12 11:04:00,,0.0,2026-06-12 11:03:00,2026-06-12 11:04:00,,,,,Ушаков М. В.,Россия,Выдача до 30 минут
2026-06-12,КГ 503 ,320,БИШКЕК(МАНАС ИНТЛ),23,Y(А13),10:42,2456,2026-06-12 10:53:00,2026-06-12 10:55:00,,2026-06-12 10:57:00,2026-06-12 11:16:00,2026-06-12 10:57:00,2026-06-12 11:16:00,2026-06-12 11:13:00,3.0,3.0,2026-06-12 11:09:00,2026-06-12 11:26:00,,3.0,2026-06-12 11:05:00,2026-06-12 11:09:00,2026-06-12 11:05:00,2026-06-12 11:26:00,,,Кутейников А. В.,Aero Nomad,Выдача от 30 до 40 минут
2026-06-12,ЮТ 790 ,73Х,ФЕРГАНА(ФЕРГАНА ИНТЛ.),29,Y(А12),10:46,1266,2026-06-12 10:58:00,2026-06-12 11:01:00,,2026-06-12 11:01:00,2026-06-12 11:08:00,2026-06-12 11:01:00,2026-06-12 11:08:00,2026-06-12 11:10:00,,,2026-06-12 11:09:00,2026-06-12 11:36:00,,8.0,2026-06-12 11:05:00,2026-06-12 11:09:00,2026-06-12 10:59:00,2026-06-12 11:12:00,,,Тано Б. А.,Ютэйр,Выдача от 30 до 40 минут
2026-06-12,ЖГ 936 ,73Х,ТБИЛИСИ(ТБИЛИСИ ИНТЛ.),30,Y(А09),10:55,1847,2026-06-12 11:07:00,2026-06-12 11:09:00,,2026-06-12 11:09:00,2026-06-12 11:21:00,2026-06-12 11:09:00,2026-06-12 11:21:00,2026-06-12 11:23:00,,,2026-06-12 11:21:00,2026-06-12 11:29:00,,0.0,2026-06-12 11:15:00,2026-06-12 11:21:00,2026-06-12 11:25:00,2026-06-12 11:29:00,,,Аганин А. А.,GEORGIAN AIRWAYS,Выдача до 30 минут
2026-06-12,J2 807 ,320,БАКУ(ИМ. ГЕЙДАРА АЛИЕВА),24,Y(А10),11:01,1365,2026-06-12 11:09:00,2026-06-12 11:11:00,,2026-06-12 11:13:00,2026-06-12 11:23:00,2026-06-12 11:13:00,2026-06-12 11:23:00,2026-06-12 11:22:00,1.0,1.0,2026-06-12 11:23:00,2026-06-12 11:34:00,,0.0,2026-06-12 11:24:00,2026-06-12 11:34:00,2026-06-12 11:19:00,2026-06-12 11:24:00,,,"Соболь М. Ф., Фаёзов А. Р.",AZAL,Выдача до 30 минут
2026-06-12,ДР 734 ,73Х,ТЕРМЕЗ,49,Y(А12),11:22,235,2026-06-12 11:33:00,2026-06-12 11:39:00,3.0,2026-06-12 11:36:00,2026-06-12 11:37:00,2026-06-12 11:36:00,2026-06-12 11:37:00,2026-06-12 11:39:00,,,2026-06-12 11:44:00,2026-06-12 11:45:00,,0.0,2026-06-12 11:39:00,2026-06-12 11:44:00,,,,,Табаров М.,Победа,Выдача до 30 минут
2026-06-12,ДР 476B,73Х,САРАТОВ(ГАГАРИН),48,Y(А05),11:30,361,2026-06-12 11:38:00,2026-06-12 11:39:00,,2026-06-12 11:42:00,2026-06-12 11:48:00,2026-06-12 11:42:00,2026-06-12 11:48:00,2026-06-12 11:44:00,4.0,4.0,2026-06-12 11:57:00,2026-06-12 11:58:00,,0.0,2026-06-12 11:50:00,2026-06-12 11:54:00,,,,,Гафуров О. Ф.,Победа,Выдача до 30 минут
2026-06-12,ЮТ 786 ,73Х,ЕРЕВАН(ЗВАРТНОЦ ИНТЛ),18,Y(А13),11:35,1449,2026-06-12 11:44:00,2026-06-12 11:45:00,,2026-06-12 12:03:00,2026-06-12 12:14:00,2026-06-12 12:03:00,2026-06-12 12:14:00,2026-06-12 11:58:00,16.0,1.0,2026-06-12 12:13:00,2026-06-12 12:20:00,9.0,6.0,2026-06-12 12:15:00,2026-06-12 12:21:00,2026-06-12 12:08:00,2026-06-12 12:14:00,,,Шамсов Б. С.,Ютэйр,Выдача от 30 до 40 минут
2026-06-12,TK 413 ,333,СТАМБУЛ(СТАМБУЛ НЬЮ),22,Y(А10),11:44,2842,2026-06-12 11:58:00,2026-06-12 12:01:00,,2026-06-12 12:00:00,2026-06-12 12:10:00,2026-06-12 12:00:00,2026-06-12 12:10:00,2026-06-12 12:21:00,,,2026-06-12 12:10:00,2026-06-12 12:18:00,,0.0,2026-06-12 12:23:00,2026-06-12 12:41:00,2026-06-12 11:59:00,2026-06-12 12:17:00,,,Минченко А. И.,Turkish Airlines,Выдача до 30 минут
2026-06-12,AZV 3014 ,75В,АНТАЛЬЯ,62,Y(А09),11:49,2174,2026-06-12 12:01:00,2026-06-12 12:03:00,,2026-06-12 12:05:00,2026-06-12 12:20:00,2026-06-12 12:05:00,2026-06-12 12:20:00,2026-06-12 12:19:00,1.0,1.0,2026-06-12 12:18:00,2026-06-12 12:28:00,,0.0,2026-06-12 12:02:00,2026-06-12 12:29:00,2026-06-12 12:11:00,2026-06-12 12:18:00,,,Тано Б. А.,АЗУР эйр,Выдача до 30 минут
2026-06-12,ФВ 6007 ,СУ9,САНКТ-ПЕТЕРБУРГ(ПУЛКОВО),9,Y(А04),12:02,72,2026-06-12 12:18:00,2026-06-12 12:19:00,,2026-06-12 12:22:00,2026-06-12 12:24:00,2026-06-12 12:22:00,2026-06-12 12:24:00,2026-06-12 12:22:00,2.0,2.0,2026-06-12 12:26:00,2026-06-12 12:27:00,,0.0,2026-06-12 12:24:00,2026-06-12 12:26:00,,,,,Кутейников А. В.,Россия,Выдача до 30 минут
2026-06-12,А4 7034 ,СУ9,ПСКОВ(КРЕСТЫ),45,Y(А05),12:08,252,2026-06-12 12:18:00,2026-06-12 12:18:00,,2026-06-12 12:24:00,2026-06-12 12:29:00,2026-06-12 12:24:00,2026-06-12 12:29:00,2026-06-12 12:24:00,5.0,3.0,2026-06-12 12:36:00,2026-06-12 12:37:00,,0.0,2026-06-12 12:30:00,2026-06-12 12:36:00,,,,,Соболь М. Ф.,Азимут,Выдача до 30 минут
2026-06-12,TK 1231 ,32Б,АНТАЛЬЯ,21,Y(А09),12:14,1627,2026-06-12 12:27:00,2026-06-12 12:39:00,9.0,2026-06-12 12:32:00,2026-06-12 12:41:00,2026-06-12 12:32:00,2026-06-12 12:41:00,2026-06-12 12:42:00,,,2026-06-12 12:48:00,2026-06-12 12:49:00,1.0,0.0,2026-06-12 12:22:00,2026-06-12 13:10:00,,,,,Аганин А. А.,Turkish Airlines,Выдача до 30 минут
2026-06-12,ЮБГ 509 ,735,ЕРЕВАН(ЗВАРТНОЦ ИНТЛ),27,Y(А13),12:17,2041,2026-06-12 12:28:00,2026-06-12 12:28:00,,2026-06-12 12:30:00,2026-06-12 12:49:00,2026-06-12 12:30:00,2026-06-12 12:49:00,2026-06-12 12:46:00,3.0,5.0,2026-06-12 12:41:00,2026-06-12 12:53:00,,0.0,2026-06-12 12:38:00,2026-06-12 12:41:00,2026-06-12 12:45:00,2026-06-12 12:54:00,,,"Галушко В., Табаров М.",Shirak Avia,Выдача до 30 минут
2026-06-12,TK 3070 ,321,АНТАЛЬЯ,20,Y(А10),12:21,2080,2026-06-12 12:33:00,2026-06-12 12:34:00,,2026-06-12 12:36:00,2026-06-12 12:49:00,2026-06-12 12:36:00,2026-06-12 12:49:00,2026-06-12 12:51:00,,,2026-06-12 12:49:00,2026-06-12 12:56:00,,0.0,2026-06-12 12:36:00,2026-06-12 12:56:00,,,,,Фаёзов А. Р.,Turkish Airlines,Выдача до 30 минут
2026-06-12,ФВ 6009 ,СУ9,САНКТ-ПЕТЕРБУРГ(ПУЛКОВО),8,Y(А04),12:32,151,2026-06-12 12:42:00,2026-06-12 12:42:00,,2026-06-12 12:45:00,2026-06-12 12:48:00,2026-06-12 12:45:00,2026-06-12 12:48:00,2026-06-12 12:47:00,1.0,2.0,2026-06-12 12:49:00,2026-06-12 12:50:00,,0.0,2026-06-12 12:48:00,2026-06-12 12:49:00,,,,,Андреев А. М.,Россия,Выдача до 30 минут
2026-06-12,MRJ 4879 ,321,ТЕГЕРАН(ИМАМ ХОМЕИНИ ИНТЛ),25,Y(А11),12:41,1373,2026-06-12 12:56:00,2026-06-12 13:01:00,2.0,2026-06-12 12:59:00,2026-06-12 13:12:00,2026-06-12 12:59:00,2026-06-12 13:12:00,2026-06-12 13:09:00,3.0,4.0,2026-06-12 13:12:00,2026-06-12 13:23:00,,0.0,2026-06-12 13:07:00,2026-06-12 13:12:00,2026-06-12 12:59:00,2026-06-12 13:25:00,,,Гафуров О. Ф.,Meraj Air,Выдача до 30 минут
2026-06-12,ЯМ 543 ,73Х,НОВОСИБИРСК(ТОЛМАЧЕВО),5,Y(А06),12:49,949,2026-06-12 13:01:00,2026-06-12 13:04:00,,2026-06-12 13:04:00,2026-06-12 13:17:00,2026-06-12 13:04:00,2026-06-12 13:17:00,2026-06-12 13:11:00,6.0,7.0,2026-06-12 13:22:00,2026-06-12 13:25:00,,0.0,2026-06-12 13:20:00,2026-06-12 13:23:00,,,,,Шамсов Б. С.,Алроса,Выдача до 30 минут
2026-06-12,AZV 3008 ,75В,АНТАЛЬЯ,19,Y(А09),13:21,2118,2026-06-12 13:35:00,2026-06-12 13:35:00,,2026-06-12 13:37:00,2026-06-12 13:54:00,2026-06-12 13:37:00,2026-06-12 13:54:00,2026-06-12 13:53:00,1.0,3.0,2026-06-12 13:49:00,2026-06-12 14:06:00,,1.0,2026-06-12 13:46:00,2026-06-12 13:49:00,2026-06-12 13:35:00,2026-06-12 14:05:00,,,Ушаков М. В.,АЗУР эйр,Выдача от 30 до 40 минут
2026-06-12,TK 3024 ,321,АНТАЛЬЯ,26,Y(А10),13:25,2561,2026-06-12 13:39:00,2026-06-12 13:43:00,1.0,2026-06-12 13:43:00,2026-06-12 13:56:00,2026-06-12 13:43:00,2026-06-12 13:56:00,2026-06-12 14:00:00,,,2026-06-12 13:53:00,2026-06-12 14:01:00,,0.0,2026-06-12 13:26:00,2026-06-12 14:01:00,2026-06-12 13:35:00,2026-06-12 14:01:00,,,Федоров Н. В.,Turkish Airlines,Выдача до 30 минут
2026-06-12,TK 417 ,321,СТАМБУЛ(СТАМБУЛ НЬЮ),23,Y(А13),13:28,2238,2026-06-12 13:45:00,2026-06-12 13:46:00,,2026-06-12 13:50:00,2026-06-12 14:02:00,2026-06-12 13:50:00,2026-06-12 14:02:00,2026-06-12 14:04:00,,,2026-06-12 13:57:00,2026-06-12 14:06:00,,0.0,2026-06-12 13:34:00,2026-06-12 14:12:00,,,,,Поляков К. Н.,Turkish Airlines,Выдача до 30 минут
2026-06-12,ФВ 6025 ,СУ9,САНКТ-ПЕТЕРБУРГ(ПУЛКОВО),9,Y(А04),13:40,151,2026-06-12 13:52:00,2026-06-12 13:52:00,,2026-06-12 13:55:00,2026-06-12 13:57:00,2026-06-12 13:55:00,2026-06-12 13:57:00,2026-06-12 13:57:00,,1.0,2026-06-12 14:00:00,2026-06-12 14:01:00,,0.0,2026-06-12 13:57:00,2026-06-12 14:00:00,,,,,Кутейников А. В.,Россия,Выдача до 30 минут
2026-06-12,PC 388 ,32Щ,СТАМБУЛ(САБИХА ГОКЦЕН),22,Y(А09),13:55,1993,2026-06-12 14:05:00,2026-06-12 14:08:00,,2026-06-12 14:09:00,2026-06-12 14:25:00,2026-06-12 14:09:00,2026-06-12 14:25:00,2026-06-12 14:22:00,3.0,3.0,2026-06-12 14:21:00,2026-06-12 14:40:00,,5.0,2026-06-12 14:17:00,2026-06-12 14:21:00,2026-06-12 14:33:00,2026-06-12 14:41:00,,,Шамсов Б. С.,Pegasus,Выдача от 30 до 40 минут
2026-06-12,AZV 3002 ,763,АНТАЛЬЯ,18,Y(А10),14:03,2883,2026-06-12 14:14:00,2026-06-12 14:15:00,,2026-06-12 14:18:00,2026-06-12 14:34:00,2026-06-12 14:18:00,2026-06-12 14:34:00,2026-06-12 14:37:00,,,2026-06-12 14:34:00,2026-06-12 14:42:00,,0.0,2026-06-12 14:18:00,2026-06-12 14:34:00,2026-06-12 14:35:00,2026-06-12 14:40:00,,,Фаёзов А. Р.,АЗУР эйр,Выдача до 30 минут
2026-06-12,ДР 114 ,7С8,СОЧИ,49,Y(А05),14:08,679,2026-06-12 14:16:00,2026-06-12 14:16:00,,2026-06-12 14:19:00,2026-06-12 14:27:00,2026-06-12 14:19:00,2026-06-12 14:27:00,2026-06-12 14:25:00,2.0,3.0,2026-06-12 14:33:00,2026-06-12 14:35:00,,0.0,2026-06-12 14:29:00,2026-06-12 14:33:00,,,,,Соболь М. Ф.,Победа,Выдача до 30 минут
2026-06-12,ГЗП 262 ,СУ9,ЯМБУРГ,Б36,Y(А05),14:37,321,2026-06-12 14:45:00,2026-06-12 14:45:00,,2026-06-12 14:47:00,2026-06-12 14:51:00,2026-06-12 14:47:00,2026-06-12 14:51:00,2026-06-12 14:51:00,,2.0,2026-06-12 14:51:00,2026-06-12 15:14:00,,0.0,2026-06-12 14:52:00,2026-06-12 15:13:00,,,,,Аганин А. А.,Газпром авиа,Выдача до 30 минут
2026-06-12,ДР 856 ,73Х,ГЮМРИ(ШИРАК),50,Y(А13),14:45,1340,2026-06-12 14:54:00,2026-06-12 14:54:00,,2026-06-12 14:57:00,2026-06-12 15:07:00,2026-06-12 14:57:00,2026-06-12 15:07:00,2026-06-12 15:07:00,,1.0,2026-06-12 15:11:00,2026-06-12 15:17:00,,0.0,2026-06-12 15:07:00,2026-06-12 15:12:00,2026-06-12 15:11:00,2026-06-12 15:14:00,,,Минченко А. И.,Победа,Выдача до 30 минут
2026-06-12,ФВ 6027 ,СУ9,САНКТ-ПЕТЕРБУРГ(ПУЛКОВО),8,Y(А04),14:59,182,2026-06-12 15:10:00,2026-06-12 15:12:00,,2026-06-12 15:13:00,2026-06-12 15:16:00,2026-06-12 15:13:00,2026-06-12 15:16:00,2026-06-12 15:15:00,1.0,2.0,2026-06-12 15:19:00,2026-06-12 15:21:00,,0.0,2026-06-12 15:17:00,2026-06-12 15:22:00,,,,,Тано Б. А.,Россия,Выдача до 30 минут
2026-06-12,ЮТ 270 ,73Х,СОЧИ,11,Y(А07),15:01,827,2026-06-12 15:13:00,2026-06-12 15:13:00,,2026-06-12 15:14:00,2026-06-12 15:21:00,2026-06-12 15:14:00,2026-06-12 15:21:00,2026-06-12 15:23:00,,1.0,2026-06-12 15:25:00,2026-06-12 15:27:00,,0.0,2026-06-12 15:21:00,2026-06-12 15:25:00,,,,,Галушко В.,Ютэйр,Выдача до 30 минут
2026-06-12,ДР 160 ,73Х,КРАСНОДАР(ПАШКОВСКИЙ),47,Y(А08),15:09,669,2026-06-12 15:17:00,2026-06-12 15:17:00,,2026-06-12 15:18:00,2026-06-12 15:25:00,2026-06-12 15:18:00,2026-06-12 15:25:00,2026-06-12 15:25:00,,3.0,2026-06-12 15:33:00,2026-06-12 15:35:00,,0.0,2026-06-12 15:32:00,2026-06-12 15:33:00,,,,,Андреев А. М.,Победа,Выдача до 30 минут
2026-06-12,НВЦ 9152 ,32Щ,САБЕТТА,13,Y(А06),15:11,2507,2026-06-12 15:26:00,2026-06-12 15:28:00,,2026-06-12 15:29:00,2026-06-12 15:53:00,2026-06-12 15:29:00,2026-06-12 15:53:00,2026-06-12 15:47:00,6.0,7.0,2026-06-12 15:38:00,2026-06-12 15:57:00,,1.0,2026-06-12 15:35:00,2026-06-12 15:38:00,2026-06-12 15:54:00,2026-06-12 15:58:00,,,Федоров Н. В.,Северо-Запад,Выдача от 30 до 40 минут
2026-06-12,TK 3164 ,32Б,БОДРУМ(МИЛАС),21,Y(А10),15:28,1167,2026-06-12 15:42:00,2026-06-12 15:46:00,1.0,2026-06-12 15:47:00,2026-06-12 15:57:00,2026-06-12 15:47:00,2026-06-12 15:57:00,2026-06-12 15:54:00,3.0,2.0,2026-06-12 15:58:00,2026-06-12 16:01:00,,0.0,2026-06-12 15:44:00,2026-06-12 16:06:00,,,,,Поляков К. Н.,Turkish Airlines,Выдача до 30 минут
2026-06-12,ФВ 6031 ,СУ9,САНКТ-ПЕТЕРБУРГ(ПУЛКОВО),9,Y(А04),15:35,145,2026-06-12 15:47:00,2026-06-12 15:50:00,,2026-06-12 15:51:00,2026-06-12 15:54:00,2026-06-12 15:51:00,2026-06-12 15:54:00,2026-06-12 15:52:00,2.0,2.0,2026-06-12 15:55:00,2026-06-12 15:56:00,,0.0,2026-06-12 15:54:00,2026-06-12 15:57:00,,,,,Табаров М.,Россия,Выдача до 30 минут
2026-06-12,ЖГ 926 ,73Й,ТБИЛИСИ(ТБИЛИСИ ИНТЛ.),30,Y(А09),15:44,1292,2026-06-12 15:50:00,2026-06-12 15:55:00,2.0,2026-06-12 16:03:00,2026-06-12 16:10:00,2026-06-12 16:03:00,2026-06-12 16:10:00,2026-06-12 16:03:00,7.0,,2026-06-12 16:14:00,2026-06-12 16:16:00,4.0,0.0,2026-06-12 16:12:00,2026-06-12 16:16:00,,,,,Минченко А. И.,GEORGIAN AIRWAYS,Выдача до 30 минут
2026-06-12,ДР 262 ,73Х,КАЛИНИНГРАД(ХРАБРОВО),48,Y(А05),16:33,586,2026-06-12 16:43:00,2026-06-12 16:45:00,,2026-06-12 16:45:00,2026-06-12 16:49:00,2026-06-12 16:45:00,2026-06-12 16:49:00,2026-06-12 16:51:00,,,2026-06-12 16:57:00,2026-06-12 17:01:00,,0.0,2026-06-12 16:51:00,2026-06-12 16:58:00,,,,,Соболь М. Ф.,Победа,Выдача до 30 минут
2026-06-12,ДР 170 ,73Х,МИНЕРАЛЬНЫЕ ВОДЫ,49,Y(А07),16:44,689,2026-06-12 16:57:00,2026-06-12 16:57:00,,2026-06-12 17:00:00,2026-06-12 17:08:00,2026-06-12 17:00:00,2026-06-12 17:08:00,2026-06-12 17:06:00,2.0,3.0,2026-06-12 17:16:00,2026-06-12 17:17:00,,0.0,2026-06-12 17:10:00,2026-06-12 17:16:00,,,,,Фаёзов А. Р.,Победа,Выдача до 30 минут
2026-06-12,ЮТ 276 ,73Х,СОЧИ,14,Y(А06),17:00,1022,2026-06-12 17:11:00,2026-06-12 17:11:00,,2026-06-12 17:13:00,2026-06-12 17:21:00,2026-06-12 17:13:00,2026-06-12 17:21:00,2026-06-12 17:22:00,,1.0,2026-06-12 17:26:00,2026-06-12 17:29:00,,0.0,2026-06-12 17:23:00,2026-06-12 17:26:00,,,,,Шамсов Б. С.,Ютэйр,Выдача до 30 минут
2026-06-12,FZ 989 ,7М8,ДУБАЙ(ДУБАЙ ИНТЛ.),29,Y(А10),17:14,2320,2026-06-12 17:24:00,2026-06-12 17:26:00,,2026-06-12 17:27:00,2026-06-12 17:43:00,2026-06-12 17:27:00,2026-06-12 17:43:00,2026-06-12 17:43:00,,1.0,2026-06-12 17:37:00,2026-06-12 17:49:00,,0.0,2026-06-12 17:35:00,2026-06-12 17:38:00,2026-06-12 17:47:00,2026-06-12 17:49:00,,,Аганин А. А.,flydubai,Выдача до 30 минут
2026-06-12,ФВ 6037 ,СУ9,САНКТ-ПЕТЕРБУРГ(ПУЛКОВО),8,Y(А04),17:18,171,2026-06-12 17:31:00,2026-06-12 17:33:00,,2026-06-12 17:35:00,2026-06-12 17:38:00,2026-06-12 17:35:00,2026-06-12 17:38:00,2026-06-12 17:36:00,2.0,2.0,2026-06-12 17:42:00,2026-06-12 17:43:00,,0.0,2026-06-12 17:39:00,2026-06-12 17:41:00,,,,,Потапов Е. А.,Россия,Выдача до 30 минут
2026-06-12,ЮТ 596 ,73Е,УСИНСК,11,Y(А05),17:23,781,2026-06-12 17:33:00,2026-06-12 17:34:00,,2026-06-12 17:36:00,2026-06-12 17:48:00,2026-06-12 17:36:00,2026-06-12 17:48:00,2026-06-12 17:42:00,6.0,7.0,2026-06-12 17:52:00,2026-06-12 17:55:00,,0.0,2026-06-12 17:51:00,2026-06-12 17:52:00,,,,,Давлатов Б. Ч.,Ютэйр,Выдача до 30 минут
2026-06-12,А4 7010 ,СУ9,ТБИЛИСИ(ТБИЛИСИ ИНТЛ.),25,Y(А12),17:30,986,2026-06-12 17:43:00,2026-06-12 17:44:00,,2026-06-12 17:48:00,2026-06-12 18:00:00,2026-06-12 17:48:00,2026-06-12 18:00:00,2026-06-12 17:54:00,6.0,5.0,2026-06-12 18:04:00,2026-06-12 18:06:00,1.0,0.0,2026-06-12 18:01:00,2026-06-12 18:04:00,,,,,Ушаков М. В.,Азимут,Выдача до 30 минут
2026-06-12,ЯК 480 ,73В,МИНЕРАЛЬНЫЕ ВОДЫ,59,Y(А05),17:42,712,2026-06-12 17:55:00,2026-06-12 17:57:00,,2026-06-12 17:57:00,2026-06-12 18:00:00,2026-06-12 17:57:00,2026-06-12 18:00:00,2026-06-12 18:01:00,,1.0,2026-06-12 18:15:00,2026-06-12 18:16:00,,0.0,2026-06-12 18:09:00,2026-06-12 18:16:00,,,,,Андреев А. М.,Якутия,Выдача до 30 минут
2026-06-12,3F 325 ,320,ЕРЕВАН(ЗВАРТНОЦ ИНТЛ),23,Y(А13),17:49,1567,2026-06-12 17:57:00,2026-06-12 18:03:00,3.0,2026-06-12 18:01:00,2026-06-12 18:12:00,2026-06-12 18:01:00,2026-06-12 18:12:00,2026-06-12 18:11:00,1.0,1.0,2026-06-12 18:12:00,2026-06-12 18:21:00,,0.0,2026-06-12 18:08:00,2026-06-12 18:11:00,2026-06-12 18:15:00,2026-06-12 18:20:00,,,Фаёзов А. Р.,FLYONE Armenia,Выдача до 30 минут
2026-06-12,ДР 836 ,73Х,ГАЗИПАША,48,Y(А11),17:55,1674,2026-06-12 18:05:00,2026-06-12 18:08:00,,2026-06-12 18:06:00,2026-06-12 18:18:00,2026-06-12 18:07:00,2026-06-12 18:18:00,2026-06-12 18:20:00,,,2026-06-12 18:18:00,2026-06-12 18:29:00,,0.0,2026-06-12 18:13:00,2026-06-12 18:18:00,2026-06-12 18:22:00,2026-06-12 18:30:00,,,"Кутейников А. В., Тано Б. А.",Победа,Выдача до 30 минут
2026-06-12,ЮТ 746 ,73Х,БАКУ(ИМ. ГЕЙДАРА АЛИЕВА),16,Y(А10),17:57,1403,2026-06-12 18:08:00,2026-06-12 18:13:00,2.0,2026-06-12 18:14:00,2026-06-12 18:39:00,2026-06-12 18:14:00,2026-06-12 18:39:00,2026-06-12 18:21:00,18.0,16.0,2026-06-12 18:37:00,2026-06-12 18:45:00,,7.0,2026-06-12 18:31:00,2026-06-12 18:36:00,2026-06-12 18:40:00,2026-06-12 18:45:00,,,Галушко В.,Ютэйр,Выдача от 30 до 40 минут
2026-06-12,ФВ 6175 ,СУ9,САНКТ-ПЕТЕРБУРГ(ПУЛКОВО),9,Y(А04),18:00,35,2026-06-12 18:10:00,2026-06-12 18:10:00,,2026-06-12 18:12:00,2026-06-12 18:13:00,2026-06-12 18:12:00,2026-06-12 18:13:00,2026-06-12 18:14:00,,1.0,2026-06-12 18:16:00,2026-06-12 18:17:00,,0.0,2026-06-12 18:14:00,2026-06-12 18:16:00,,,,,Шамсов Б. С.,Россия,Выдача до 30 минут
2026-06-12,ЮТ 374 ,734,МИНЕРАЛЬНЫЕ ВОДЫ,10,Y(А06),18:03,1078,2026-06-12 18:12:00,2026-06-12 18:12:00,,2026-06-12 18:14:00,2026-06-12 18:31:00,2026-06-12 18:14:00,2026-06-12 18:31:00,2026-06-12 18:23:00,8.0,10.0,2026-06-12 18:35:00,2026-06-12 18:37:00,3.0,0.0,2026-06-12 18:32:00,2026-06-12 18:34:00,,,,,Табаров М.,Ютэйр,Выдача до 30 минут
2026-06-12,ДР 210 ,73Х,САНКТ-ПЕТЕРБУРГ(ПУЛКОВО),50,Y(А05),18:24,184,2026-06-12 18:33:00,2026-06-12 18:35:00,,2026-06-12 18:35:00,2026-06-12 18:37:00,2026-06-12 18:35:00,2026-06-12 18:37:00,2026-06-12 18:38:00,,1.0,2026-06-12 18:43:00,2026-06-12 18:44:00,,0.0,2026-06-12 18:38:00,2026-06-12 18:44:00,,,,,Федоров Н. В.,Победа,Выдача до 30 минут
2026-06-12,ЮТ 464 ,73Х,ТЮМЕНЬ(РОЩИНО),17,Y(А07),18:27,827,2026-06-12 18:38:00,2026-06-12 18:39:00,,2026-06-12 18:47:00,2026-06-12 18:48:00,2026-06-12 18:47:00,2026-06-12 18:48:00,2026-06-12 18:48:00,,,2026-06-12 18:53:00,2026-06-12 18:56:00,,0.0,2026-06-12 18:48:00,2026-06-12 18:53:00,,,,,Давлатов Б. Ч.,Ютэйр,Выдача до 30 минут
2026-06-12,ЮТ 456 ,73Е,НОЯБРЬСК,12,Y(А06),18:34,847,2026-06-12 18:47:00,2026-06-12 18:47:00,,2026-06-12 18:50:00,2026-06-12 18:55:00,2026-06-12 18:50:00,2026-06-12 18:55:00,2026-06-12 18:57:00,,,2026-06-12 18:59:00,2026-06-12 19:01:00,,0.0,2026-06-12 18:57:00,2026-06-12 18:59:00,,,,,"Кутейников А. В., Тано Б. А.",Ютэйр,Выдача до 30 минут
2026-06-12,ХИ 9625 ,320,НУКУС,26,Y(А10),18:39,1912,2026-06-12 18:52:00,2026-06-12 18:54:00,,2026-06-12 18:55:00,2026-06-12 19:09:00,2026-06-12 18:55:00,2026-06-12 19:09:00,2026-06-12 19:09:00,,1.0,2026-06-12 19:07:00,2026-06-12 19:17:00,,0.0,2026-06-12 19:03:00,2026-06-12 19:07:00,2026-06-12 19:10:00,2026-06-12 19:13:00,,,Минченко А. И.,UZBEKISTAN AIRWAYS,Выдача до 30 минут
2026-06-12,TK 415 ,321,СТАМБУЛ(СТАМБУЛ НЬЮ),22,Y(А09),18:47,2962,2026-06-12 19:08:00,2026-06-12 19:08:00,,2026-06-12 19:12:00,2026-06-12 19:30:00,2026-06-12 19:12:00,2026-06-12 19:30:00,2026-06-12 19:32:00,,,2026-06-12 19:23:00,2026-06-12 19:36:00,,0.0,2026-06-12 19:46:00,2026-06-12 19:50:00,2026-06-12 19:07:00,2026-06-12 19:35:00,,,Поляков К. Н.,Turkish Airlines,Выдача до 30 минут
2026-06-12,ДР 424 ,7С8,САМАРА(КУРУМОЧ),49,Y(А05),18:53,156,2026-06-12 19:02:00,2026-06-12 19:04:00,,2026-06-12 19:05:00,2026-06-12 19:06:00,2026-06-12 19:05:00,2026-06-12 19:06:00,2026-06-12 19:07:00,,,2026-06-12 19:15:00,2026-06-12 19:18:00,,0.0,2026-06-12 19:11:00,2026-06-12 19:17:00,,,,,Потапов Е. А.,Победа,Выдача до 30 минут
2026-06-12,ФВ 6177 ,СУ9,САНКТ-ПЕТЕРБУРГ(ПУЛКОВО),8,Y(А04),18:59,46,2026-06-12 19:11:00,2026-06-12 19:11:00,,2026-06-12 19:13:00,2026-06-12 19:15:00,2026-06-12 19:13:00,2026-06-12 19:15:00,2026-06-12 19:15:00,,2.0,2026-06-12 19:18:00,2026-06-12 19:19:00,,0.0,2026-06-12 19:15:00,2026-06-12 19:17:00,,,,,Галушко В.,Россия,Выдача до 30 минут
2026-06-12,ДР 964 ,73Х,ДАЛАМАН,47,Y(А13),19:07,1394,2026-06-12 19:17:00,2026-06-12 19:19:00,,2026-06-12 19:20:00,2026-06-12 19:31:00,2026-06-12 19:20:00,2026-06-12 19:31:00,2026-06-12 19:30:00,1.0,2.0,2026-06-12 19:33:00,2026-06-12 19:42:00,,0.0,2026-06-12 19:28:00,2026-06-12 19:33:00,2026-06-12 19:36:00,2026-06-12 19:43:00,,,Гаврилов В. А.,Победа,Выдача до 30 минут
2026-06-12,AZO 7054 ,СУ9,БАТУМИ,45,Y(А12),19:11,915,2026-06-12 19:19:00,2026-06-12 19:20:00,,2026-06-12 19:22:00,2026-06-12 19:31:00,2026-06-12 19:22:00,2026-06-12 19:31:00,2026-06-12 19:29:00,2.0,3.0,2026-06-12 19:38:00,2026-06-12 19:40:00,,0.0,2026-06-12 19:32:00,2026-06-12 19:38:00,,,,,Музафаров А. С.,GEORGIAN AIRWAYS,Выдача до 30 минут
2026-06-12,ЮТ 398 ,735,ГЕЛЕНДЖИК,9,Y(А07),19:18,674,2026-06-12 19:28:00,2026-06-12 19:29:00,,2026-06-12 19:30:00,2026-06-12 19:37:00,2026-06-12 19:30:00,2026-06-12 19:37:00,2026-06-12 19:36:00,1.0,3.0,2026-06-12 19:41:00,2026-06-12 19:46:00,,0.0,2026-06-12 19:39:00,2026-06-12 19:41:00,,,,,Рябчевский В. О.,Ютэйр,Выдача до 30 минут
2026-06-12,ЮТ 296 ,73Х,СУРГУТ,14,Y(А06),19:22,816,2026-06-12 19:33:00,2026-06-12 19:33:00,,2026-06-12 19:35:00,2026-06-12 19:43:00,2026-06-12 19:35:00,2026-06-12 19:43:00,2026-06-12 19:42:00,1.0,3.0,2026-06-12 19:49:00,2026-06-12 19:55:00,,0.0,2026-06-12 19:46:00,2026-06-12 19:49:00,,,,,Хушвактов П. З.,Ютэйр,Выдача до 30 минут
2026-06-12,УР 514 ,75В,БОДРУМ(МИЛАС),20,Y(А11),19:26,1284,2026-06-12 19:38:00,2026-06-12 19:39:00,,2026-06-12 19:43:00,2026-06-12 19:54:00,2026-06-12 19:43:00,2026-06-12 19:54:00,2026-06-12 19:51:00,3.0,2.0,2026-06-12 19:54:00,2026-06-12 20:01:00,,0.0,2026-06-12 19:51:00,2026-06-12 19:54:00,2026-06-12 19:55:00,2026-06-12 20:00:00,,,Дубинский В. Д.,FLYONE Armenia,Выдача до 30 минут
2026-06-12,PBD 736 ,73Х,ГАЗИПАША,46,Y(А13),19:28,1453,2026-06-12 19:37:00,2026-06-12 19:40:00,,2026-06-12 19:39:00,2026-06-12 19:48:00,2026-06-12 19:39:00,2026-06-12 19:48:00,2026-06-12 19:51:00,,,2026-06-12 19:54:00,2026-06-12 19:56:00,,0.0,2026-06-12 19:47:00,2026-06-12 19:51:00,2026-06-12 19:50:00,2026-06-12 19:56:00,,,Тано Б. А.,Победа,Выдача до 30 минут
2026-06-12,ХИ 9627 ,32Н,ФЕРГАНА(ФЕРГАНА ИНТЛ.),24,Y(А10),19:32,2029,2026-06-12 19:45:00,2026-06-12 19:47:00,,2026-06-12 19:48:00,2026-06-12 20:04:00,2026-06-12 19:48:00,2026-06-12 20:04:00,2026-06-12 20:03:00,1.0,2.0,2026-06-12 20:01:00,2026-06-12 20:10:00,,0.0,2026-06-12 19:57:00,2026-06-12 20:01:00,2026-06-12 20:06:00,2026-06-12 20:10:00,,,Соболь М. Ф.,UZBEKISTAN AIRWAYS,Выдача до 30 минут
2026-06-12,ЮВ 204 ,ЦР2,ТОБОЛЬСК(РЕМЕЗОВ),44,Y(А05),19:47,337,2026-06-12 19:52:00,2026-06-12 19:53:00,,2026-06-12 19:54:00,2026-06-12 19:59:00,2026-06-12 19:54:00,2026-06-12 19:59:00,2026-06-12 19:58:00,1.0,3.0,2026-06-12 20:04:00,2026-06-12 20:05:00,,0.0,2026-06-12 19:59:00,2026-06-12 20:05:00,,,,,Гаджиев Н. Т.,ЮВТ АЭРО,Выдача до 30 минут
2026-06-12,ФВ 6179 ,СУ9,САНКТ-ПЕТЕРБУРГ(ПУЛКОВО),10,Y(А04),19:52,156,2026-06-12 20:02:00,2026-06-12 20:02:00,,2026-06-12 20:04:00,2026-06-12 20:06:00,2026-06-12 20:04:00,2026-06-12 20:06:00,2026-06-12 20:07:00,,1.0,2026-06-12 20:08:00,2026-06-12 20:10:00,,0.0,2026-06-12 20:06:00,2026-06-12 20:08:00,,,,,Потапов Е. А.,Россия,Выдача до 30 минут
2026-06-12,ЮТ 576 ,734,КРАСНОДАР(ПАШКОВСКИЙ),17,Y(А05),19:56,526,2026-06-12 20:05:00,2026-06-12 20:08:00,,2026-06-12 20:08:00,2026-06-12 20:11:00,2026-06-12 20:08:00,2026-06-12 20:11:00,2026-06-12 20:13:00,,,2026-06-12 20:20:00,2026-06-12 20:21:00,,0.0,2026-06-12 20:13:00,2026-06-12 20:17:00,,,,,Рябчевский В. О.,Ютэйр,Выдача до 30 минут
2026-06-12,ЮТ 374F,73Х,МИНЕРАЛЬНЫЕ ВОДЫ,13,Y(А08),19:59,69,2026-06-12 20:11:00,2026-06-12 20:12:00,,2026-06-12 20:11:00,2026-06-12 20:12:00,2026-06-12 20:11:00,2026-06-12 20:12:00,2026-06-12 20:15:00,,1.0,,-1,,0.0,2026-06-12 20:16:00,2026-06-12 20:19:00,,,,,Шарипов К. А.,Ютэйр,Некорректно проставлены отметки
2026-06-12,ВГ 2392 ,ЯК4,ВОЛОГДА,43,0,20:17,0,2026-06-12 20:24:00,2026-06-12 20:25:00,,2026-06-12 20:28:00,2026-06-12 20:29:00,2026-06-12 20:28:00,2026-06-12 20:29:00,,,1.0,,-1,,0.0,,,,,,,Попов А. И.,Вологодское АП,Не определено
2026-06-12,J2 5830 ,320,ГЯНДЖА,19,Y(А10),20:31,2102,2026-06-12 20:41:00,2026-06-12 20:42:00,,2026-06-12 20:47:00,2026-06-12 21:03:00,2026-06-12 20:47:00,2026-06-12 21:03:00,2026-06-12 20:59:00,4.0,2.0,2026-06-12 21:00:00,2026-06-12 21:10:00,,0.0,2026-06-12 20:57:00,2026-06-12 21:01:00,2026-06-12 21:03:00,2026-06-12 21:08:00,,,Барабанов А. М.,AZAL,Выдача до 30 минут
2026-06-12,ДР 994 ,73Х,СТАМБУЛ(СТАМБУЛ НЬЮ),46,Y(А11),20:43,1028,2026-06-12 20:52:00,2026-06-12 20:55:00,,2026-06-12 20:54:00,2026-06-12 21:01:00,2026-06-12 20:55:00,2026-06-12 21:01:00,2026-06-12 21:03:00,,,2026-06-12 21:11:00,2026-06-12 21:12:00,,0.0,2026-06-12 21:04:00,2026-06-12 21:12:00,,,,,"Гаврилов В. А., Тано Б. А.",Победа,Выдача до 30 минут
2026-06-12,PBD 840 ,7С8,АНТАЛЬЯ,50,Y(А12),20:45,1261,2026-06-12 20:53:00,2026-06-12 20:57:00,1.0,2026-06-12 20:56:00,2026-06-12 21:07:00,2026-06-12 20:56:00,2026-06-12 21:07:00,2026-06-12 21:05:00,2.0,3.0,2026-06-12 21:14:00,2026-06-12 21:19:00,,0.0,2026-06-12 21:10:00,2026-06-12 21:15:00,2026-06-12 21:10:00,2026-06-12 21:16:00,,,Воробьев Т. А.,Победа,Выдача до 30 минут
2026-06-12,AZV 3006 ,763,АНТАЛЬЯ,63,Y(А09),20:48,3317,2026-06-12 21:00:00,2026-06-12 21:02:00,,2026-06-12 21:04:00,2026-06-12 22:00:00,2026-06-12 21:04:00,2026-06-12 22:00:00,2026-06-12 21:26:00,34.0,34.0,2026-06-12 22:05:00,2026-06-12 22:08:00,35.0,38.0,2026-06-12 21:04:00,2026-06-12 22:06:00,2026-06-12 21:09:00,2026-06-12 22:10:00,,,Соболь М. Ф.,АЗУР эйр,Выдача более 40 минут
2026-06-12,ХИ 9619 ,32Н,НАМАНГАН,25,Y(А10),20:54,2094,2026-06-12 21:07:00,2026-06-12 21:09:00,,2026-06-12 21:10:00,2026-06-12 21:27:00,2026-06-12 21:10:00,2026-06-12 21:27:00,2026-06-12 21:25:00,2.0,3.0,2026-06-12 21:23:00,2026-06-12 21:34:00,,0.0,2026-06-12 21:20:00,2026-06-12 21:23:00,2026-06-12 21:29:00,2026-06-12 21:32:00,,,Каламбеков У. О.,UZBEKISTAN AIRWAYS,Выдача до 30 минут
2026-06-12,AZO 7018 ,СУ9,ТБИЛИСИ(ТБИЛИСИ ИНТЛ.),51A,Y(А11),20:58,1102,2026-06-12 21:14:00,2026-06-12 21:18:00,1.0,2026-06-12 21:17:00,2026-06-12 21:27:00,2026-06-12 21:17:00,2026-06-12 21:27:00,2026-06-12 21:25:00,2.0,3.0,2026-06-12 21:38:00,2026-06-12 21:39:00,,0.0,2026-06-12 21:30:00,2026-06-12 21:36:00,,,,,Дубинский В. Д.,GEORGIAN AIRWAYS,Выдача до 30 минут
2026-06-12,DV 815 ,7М8,АЛМАТЫ(АЛМАТЫ ИНТЛ.),18,Y(А13),21:00,888,2026-06-12 21:11:00,2026-06-12 21:12:00,,2026-06-12 21:14:00,2026-06-12 21:19:00,2026-06-12 21:14:00,2026-06-12 21:19:00,2026-06-12 21:21:00,,,2026-06-12 21:30:00,2026-06-12 21:32:00,,0.0,2026-06-12 21:24:00,2026-06-12 21:29:00,,,,,"Гаджиев Н. Т., Потапов Е. А.",SCAT Airlines,Выдача до 30 минут
2026-06-12,ДР 466 ,73Х,УЛЬЯНОВСК(БАРАТАЕВКА),47,Y(А05),21:07,231,-1,,,2026-06-12 21:20:00,2026-06-12 21:22:00,2026-06-12 21:20:00,2026-06-12 21:22:00,,,,2026-06-12 21:32:00,2026-06-12 21:33:00,,0.0,2026-06-12 21:24:00,2026-06-12 21:32:00,,,,,Табаров М.,Победа,Некорректно проставлены отметки
2026-06-12,ХИ 613 ,788,ТАШКЕНТ(ТАШКЕНТ ИНТЛ.),23,Y(А09),21:09,5068,2026-06-12 21:23:00,2026-06-12 21:27:00,1.0,2026-06-12 21:31:00,2026-06-12 21:54:00,2026-06-12 21:31:00,2026-06-12 21:54:00,2026-06-12 22:01:00,,,2026-06-12 21:42:00,2026-06-12 22:06:00,,13.0,2026-06-12 21:31:00,2026-06-12 21:54:00,2026-06-12 21:30:00,2026-06-12 21:53:00,2026-06-12 21:19:00,2026-06-12 22:06:00,Хушвактов П. З.,UZBEKISTAN AIRWAYS,Выдача более 40 минут
2026-06-12,ДР 738 ,7С8,СТАМБУЛ(СТАМБУЛ НЬЮ),21,Y(А12),21:13,1269,2026-06-12 21:23:00,2026-06-12 21:28:00,2.0,2026-06-12 21:27:00,2026-06-12 21:36:00,2026-06-12 21:27:00,2026-06-12 21:36:00,2026-06-12 21:35:00,1.0,1.0,2026-06-12 21:39:00,2026-06-12 21:45:00,,0.0,2026-06-12 21:40:00,2026-06-12 21:43:00,2026-06-12 21:37:00,2026-06-12 21:42:00,,,Давлатов Б. Ч.,Победа,Выдача до 30 минут
2026-06-12,NE 646 ,320,ШАРМ ЭЛЬ ШЕЙХ(ШАРМ ЭЛЬ ШЕЙХ ИНТЛ.),29,Y(А10),21:18,1365,2026-06-12 21:32:00,2026-06-12 21:34:00,,2026-06-12 21:35:00,2026-06-12 21:46:00,2026-06-12 21:35:00,2026-06-12 21:46:00,2026-06-12 21:45:00,1.0,2.0,2026-06-12 21:45:00,2026-06-12 21:51:00,,0.0,2026-06-12 21:43:00,2026-06-12 21:46:00,2026-06-12 21:48:00,2026-06-12 21:50:00,,,Музафаров А. С.,Nesma Airlines,Выдача до 30 минут
2026-06-12,ДР 768 ,73Х,МИНСК(МИНСК ИНТЛ.),48,Y(А13),21:26,438,2026-06-12 21:34:00,2026-06-12 21:35:00,,2026-06-12 21:39:00,2026-06-12 21:44:00,2026-06-12 21:39:00,2026-06-12 21:44:00,2026-06-12 21:41:00,3.0,2.0,2026-06-12 21:52:00,2026-06-12 21:54:00,,0.0,2026-06-12 21:45:00,2026-06-12 21:52:00,,,,,Попов А. И.,Победа,Выдача до 30 минут
2026-06-12,ЮТ 810 ,73Х,САМАРКАНД(САМАРКАНД ИНТЛ.),20,Y(А12),21:44,689,2026-06-12 21:51:00,2026-06-12 21:53:00,,2026-06-12 21:54:00,2026-06-12 22:00:00,2026-06-12 21:54:00,2026-06-12 22:00:00,2026-06-12 22:00:00,,1.0,2026-06-12 22:16:00,2026-06-12 22:17:00,5.0,0.0,2026-06-12 22:02:00,2026-06-12 22:06:00,,,,,Гаврилов В. А.,Ютэйр,Выдача до 30 минут
2026-06-12,ФВ 6181 ,СУ9,САНКТ-ПЕТЕРБУРГ(ПУЛКОВО),8,Y(А04),21:50,101,2026-06-12 22:04:00,2026-06-12 22:05:00,,2026-06-12 22:06:00,2026-06-12 22:07:00,2026-06-12 22:06:00,2026-06-12 22:07:00,2026-06-12 22:09:00,,,2026-06-12 22:04:00,2026-06-12 22:18:00,,0.0,2026-06-12 22:08:00,2026-06-12 22:11:00,,,,,Дубинский В. Д.,Россия,Выдача до 30 минут
2026-06-12,PBD 860 ,73Х,АНТАЛЬЯ,49,Y(А11),21:59,1474,2026-06-12 22:11:00,2026-06-12 22:12:00,,2026-06-12 22:13:00,2026-06-12 22:25:00,2026-06-12 22:13:00,2026-06-12 22:25:00,2026-06-12 22:25:00,,2.0,2026-06-12 22:28:00,2026-06-12 22:37:00,,0.0,2026-06-12 22:21:00,2026-06-12 22:28:00,2026-06-12 22:27:00,2026-06-12 22:32:00,,,Воробьев Т. А.,Победа,Выдача до 30 минут
2026-06-12,ЯК 686 ,73Х,САМАРА(КУРУМОЧ),12,Y(А05),22:03,81,2026-06-12 22:13:00,2026-06-12 22:15:00,,2026-06-12 22:20:00,2026-06-12 22:21:00,2026-06-12 22:20:00,2026-06-12 22:21:00,2026-06-12 22:18:00,3.0,,2026-06-12 22:27:00,2026-06-12 22:28:00,,0.0,2026-06-12 22:24:00,2026-06-12 22:26:00,,,,,Тано Б. А.,Якутия,Выдача до 30 минут
2026-06-12,ЮТ 784 ,73Х,АНТАЛЬЯ,11,Y(А12),22:15,1896,2026-06-12 22:26:00,2026-06-12 22:29:00,,2026-06-12 22:29:00,2026-06-12 22:44:00,2026-06-12 22:29:00,2026-06-12 22:44:00,2026-06-12 22:43:00,1.0,2.0,2026-06-12 22:42:00,2026-06-12 22:52:00,,0.0,2026-06-12 22:37:00,2026-06-12 22:42:00,2026-06-12 22:48:00,2026-06-12 22:52:00,,,Шарипов К. А.,Ютэйр,Выдача до 30 минут
2026-06-12,ДР 190 ,73Х,МАХАЧКАЛА,44,Y(А07),22:18,459,-1,,,2026-06-12 22:34:00,2026-06-12 22:39:00,2026-06-12 22:34:00,2026-06-12 22:39:00,,,2.0,2026-06-12 22:44:00,2026-06-12 22:46:00,,0.0,2026-06-12 22:42:00,2026-06-12 22:45:00,,,,,Попов А. И.,Победа,Некорректно проставлены отметки
2026-06-12,ДР 194 ,73Х,НАЛЬЧИК,46,Y(А06),22:23,722,2026-06-12 22:32:00,2026-06-12 22:34:00,,2026-06-12 22:34:00,2026-06-12 22:39:00,2026-06-12 22:34:00,2026-06-12 22:39:00,2026-06-12 22:41:00,,,2026-06-12 22:46:00,2026-06-12 22:49:00,,0.0,2026-06-12 22:43:00,2026-06-12 22:47:00,,,,,Давлатов Б. Ч.,Победа,Выдача до 30 минут
2026-06-12,ФВ 6185 ,СУ9,САНКТ-ПЕТЕРБУРГ(ПУЛКОВО),9,Y(А04),22:27,185,2026-06-12 22:39:00,2026-06-12 22:39:00,,2026-06-12 22:41:00,2026-06-12 22:43:00,2026-06-12 22:41:00,2026-06-12 22:43:00,2026-06-12 22:44:00,,1.0,2026-06-12 22:47:00,2026-06-12 22:48:00,,0.0,2026-06-12 22:44:00,2026-06-12 22:47:00,,,,,Каламбеков У. О.,Россия,Выдача до 30 минут
2026-06-12,NE 602 ,320,ХУРГАДА(ХУРГАДА ИНТЛ.),21,Y(А11),22:47,1706,2026-06-12 23:00:00,2026-06-12 23:03:00,,2026-06-12 23:03:00,2026-06-12 23:23:00,2026-06-12 23:03:00,2026-06-12 23:23:00,2026-06-12 23:15:00,8.0,9.0,2026-06-12 23:15:00,2026-06-12 23:28:00,,0.0,2026-06-12 23:10:00,2026-06-12 23:17:00,2026-06-12 23:25:00,2026-06-12 23:27:00,,,Барабанов А. М.,Nesma Airlines,Выдача до 30 минут
2026-06-12,J2 805 ,320,БАКУ(ИМ. ГЕЙДАРА АЛИЕВА),24,Y(А12),22:54,1913,2026-06-12 23:05:00,2026-06-12 23:09:00,1.0,2026-06-12 23:08:00,2026-06-12 23:23:00,2026-06-12 23:10:00,2026-06-12 23:23:00,2026-06-12 23:22:00,1.0,,2026-06-12 23:23:00,2026-06-12 23:30:00,,0.0,2026-06-12 23:19:00,2026-06-12 23:23:00,2026-06-12 23:23:00,2026-06-12 23:27:00,,,"Музафаров А. С., Поляков К. Н.",AZAL,Выдача до 30 минут
2026-06-12,TK 411 ,333,СТАМБУЛ(СТАМБУЛ НЬЮ),22,Y(А10),23:29,4747,2026-06-12 23:46:00,2026-06-12 23:51:00,2.0,2026-06-12 23:51:00,2026-06-13 00:07:00,2026-06-12 23:51:00,2026-06-13 00:07:00,2026-06-13 00:22:00,,,2026-06-13 00:11:00,2026-06-13 00:17:00,5.0,1.0,2026-06-12 23:53:00,2026-06-13 00:15:00,2026-06-12 23:57:00,2026-06-13 00:16:00,,,Демчук Д. П.,Turkish Airlines,Выдача от 30 до 40 минут
2026-06-12,DV 813 ,738,АСТАНА(НУРСУЛТАН НАЗАРБАЕВ),25,Y(А13),23:37,843,2026-06-12 23:53:00,2026-06-12 23:54:00,,2026-06-12 23:57:00,2026-06-13 00:04:00,2026-06-12 23:57:00,2026-06-13 00:04:00,2026-06-13 00:03:00,1.0,1.0,2026-06-13 00:10:00,2026-06-13 00:11:00,,0.0,2026-06-13 00:06:00,2026-06-13 00:11:00,,,,,Табаров М.,SCAT Airlines,Выдача до 30 минут
2026-06-12,PC 1580 ,320,АНТАЛЬЯ,37A,Y(А10),23:40,2111,2026-06-12 23:50:00,2026-06-12 23:53:00,,2026-06-12 23:53:00,2026-06-13 00:08:00,2026-06-12 23:53:00,2026-06-13 00:08:00,2026-06-13 00:08:00,,1.0,2026-06-13 00:29:00,2026-06-13 00:52:00,9.0,32.0,2026-06-13 00:00:00,2026-06-13 00:04:00,2026-06-13 00:03:00,2026-06-13 00:17:00,,,Омурбе У. Б.,Pegasus,Выдача более 40 минут
2026-06-12,4S 311 ,7С8,ШАРМ ЭЛЬ ШЕЙХ(ШАРМ ЭЛЬ ШЕЙХ ИНТЛ.),18,Y(А10),23:43,2232,2026-06-12 23:57:00,2026-06-12 23:58:00,,2026-06-13 00:01:00,2026-06-13 00:18:00,2026-06-13 00:01:00,2026-06-13 00:18:00,2026-06-13 00:16:00,2.0,2.0,2026-06-13 00:16:00,2026-06-13 00:28:00,,1.0,2026-06-13 00:08:00,2026-06-13 00:15:00,2026-06-13 00:16:00,2026-06-13 00:28:00,,,Гаврилов В. А.,Red Sea,Выдача от 30 до 40 минут
2026-06-12,ЮТ 358 ,73Х,САМАРА(КУРУМОЧ),13,Y(А05),23:52,590,2026-06-13 00:06:00,2026-06-13 00:07:00,,2026-06-13 00:10:00,2026-06-13 00:18:00,2026-06-13 00:10:00,2026-06-13 00:18:00,2026-06-13 00:14:00,4.0,4.0,2026-06-13 00:24:00,2026-06-13 00:26:00,,0.0,2026-06-13 00:19:00,2026-06-13 00:24:00,,,,,Гаджиев Н. Т.,Ютэйр,Выдача до 30 минут
2026-06-12,ЮТ 802 ,73Х,ДУШАНБЕ(ДУШАНБЕ ИНТЛ.),5,Y(А09),23:54,2379,2026-06-13 00:09:00,2026-06-13 00:13:00,1.0,2026-06-13 00:11:00,2026-06-13 00:34:00,2026-06-13 00:11:00,2026-06-13 00:34:00,2026-06-13 00:29:00,5.0,7.0,2026-06-13 00:21:00,2026-06-13 00:46:00,,7.0,2026-06-13 00:17:00,2026-06-13 00:21:00,2026-06-13 00:36:00,2026-06-13 00:41:00,,,Соболь М. Ф.,Ютэйр,Выдача от 30 до 40 минут
2026-06-12,ДР 168 ,73Х,МИНЕРАЛЬНЫЕ ВОДЫ,46,Y(А08),23:56,560,2026-06-13 00:03:00,2026-06-13 00:05:00,,2026-06-13 00:06:00,2026-06-13 00:13:00,2026-06-13 00:06:00,2026-06-13 00:13:00,2026-06-13 00:11:00,2.0,3.0,2026-06-13 00:21:00,2026-06-13 00:23:00,,0.0,2026-06-13 00:16:00,2026-06-13 00:22:00,,,,,Галушко В.,Победа,Выдача до 30 минут
2026-06-13,TK 409 ,321,СТАМБУЛ(СТАМБУЛ НЬЮ),20,Y(А09),00:00,3128,2026-06-13 00:11:00,2026-06-13 00:13:00,,2026-06-13 00:20:00,2026-06-13 00:31:00,2026-06-13 00:20:00,2026-06-13 00:31:00,2026-06-13 00:36:00,,,2026-06-13 00:33:00,2026-06-13 00:52:00,2.0,11.0,2026-06-13 00:18:00,2026-06-13 00:34:00,2026-06-13 00:18:00,2026-06-13 00:53:00,,,Попов А. И.,Turkish Airlines,Выдача более 40 минут
2026-06-13,ДР 968 ,73Х,МИНСК(МИНСК ИНТЛ.),50,Y(А13),00:02,356,2026-06-13 00:12:00,2026-06-13 00:15:00,,2026-06-13 00:15:00,2026-06-13 00:19:00,2026-06-13 00:15:00,2026-06-13 00:19:00,2026-06-13 00:18:00,1.0,2.0,2026-06-13 00:30:00,2026-06-13 00:31:00,,0.0,2026-06-13 00:21:00,2026-06-13 00:27:00,,,,,Каламбеков У. О.,Победа,Выдача до 30 минут
2026-06-13,ДР 206 ,7С8,САНКТ-ПЕТЕРБУРГ(ПУЛКОВО),48,Y(А04),00:05,146,-1,,,2026-06-13 00:21:00,2026-06-13 00:22:00,2026-06-13 00:21:00,2026-06-13 00:22:00,,,,2026-06-13 00:29:00,2026-06-13 00:30:00,,0.0,2026-06-13 00:24:00,2026-06-13 00:31:00,,,,,Потапов Е. А.,Победа,Некорректно проставлены отметки
2026-06-13,ХИ 605 ,320,САМАРКАНД(САМАРКАНД ИНТЛ.),26,Y(А11),00:07,1359,2026-06-13 00:21:00,2026-06-13 00:21:00,,2026-06-13 00:24:00,2026-06-13 00:34:00,2026-06-13 00:24:00,2026-06-13 00:34:00,2026-06-13 00:34:00,,1.0,2026-06-13 00:34:00,2026-06-13 00:40:00,,0.0,2026-06-13 00:30:00,2026-06-13 00:34:00,2026-06-13 00:27:00,2026-06-13 00:39:00,,,Давлатов Б. Ч.,UZBEKISTAN AIRWAYS,Выдача до 30 минут
2026-06-13,J2 809 ,76В,БАКУ(ИМ. ГЕЙДАРА АЛИЕВА),19,Y(А10),00:10,2503,2026-06-13 00:23:00,2026-06-13 00:23:00,,2026-06-13 00:27:00,2026-06-13 00:39:00,2026-06-13 00:27:00,2026-06-13 00:39:00,2026-06-13 00:44:00,,,2026-06-13 00:45:00,2026-06-13 00:50:00,2.0,0.0,2026-06-13 00:27:00,2026-06-13 00:45:00,2026-06-13 00:22:00,2026-06-13 00:47:00,,,Поляков К. Н.,AZAL,Выдача до 30 минут
2026-06-13,TK 3178 ,321,ДАЛАМАН,29,Y(А09),00:14,2534,2026-06-13 00:33:00,2026-06-13 00:39:00,3.0,2026-06-13 00:36:00,2026-06-13 00:50:00,2026-06-13 00:36:00,2026-06-13 00:50:00,2026-06-13 00:54:00,,,2026-06-13 00:55:00,2026-06-13 01:05:00,2.0,2.0,2026-06-13 00:20:00,2026-06-13 00:58:00,2026-06-13 00:33:00,2026-06-13 01:03:00,,,Шарипов К. А.,Turkish Airlines,Выдача от 30 до 40 минут
2026-06-13,PC 1576 ,32Щ,АНТАЛЬЯ,27,Y(А10),00:18,2331,2026-06-13 00:31:00,2026-06-13 00:33:00,,2026-06-13 00:39:00,2026-06-13 00:54:00,2026-06-13 00:39:00,2026-06-13 00:54:00,2026-06-13 00:51:00,3.0,,2026-06-13 00:54:00,2026-06-13 00:59:00,3.0,0.0,2026-06-13 00:44:00,2026-06-13 00:52:00,2026-06-13 00:49:00,2026-06-13 01:04:00,,,Музафаров А. С.,Pegasus,Выдача до 30 минут
2026-06-13,ЮТ 1376 ,73Е,СЫКТЫВКАР,10,Y(А07),00:20,224,2026-06-13 00:27:00,2026-06-13 00:39:00,9.0,2026-06-13 00:36:00,2026-06-13 00:38:00,2026-06-13 00:36:00,2026-06-13 00:38:00,2026-06-13 00:32:00,6.0,1.0,2026-06-13 00:42:00,2026-06-13 00:44:00,,0.0,2026-06-13 00:39:00,2026-06-13 00:42:00,,,,,Хушвактов П. З.,Ютэйр,Выдача до 30 минут
2026-06-13,TK 3002 ,321,АНТАЛЬЯ,24,Y(А12),00:23,1927,2026-06-13 00:39:00,2026-06-13 00:39:00,,2026-06-13 00:40:00,2026-06-13 00:51:00,2026-06-13 00:40:00,2026-06-13 00:51:00,2026-06-13 00:56:00,,,2026-06-13 00:53:00,2026-06-13 00:54:00,,0.0,2026-06-13 00:32:00,2026-06-13 00:59:00,,,,,Барабанов А. М.,Turkish Airlines,Выдача до 30 минут
2026-06-13,VF 275 ,73Х,СТАМБУЛ(САБИХА ГОКЦЕН),36,Y(А10),00:26,2239,2026-06-13 00:41:00,2026-06-13 00:48:00,4.0,2026-06-13 00:42:00,2026-06-13 01:06:00,2026-06-13 00:42:00,2026-06-13 01:06:00,2026-06-13 01:00:00,6.0,9.0,2026-06-13 01:00:00,2026-06-13 01:15:00,,4.0,2026-06-13 00:50:00,2026-06-13 00:59:00,2026-06-13 01:08:00,2026-06-13 01:15:00,,,Воробьев Т. А.,AJET,Выдача от 30 до 40 минут
2026-06-13,TK 211 ,321,АНТАЛЬЯ,30,Y(А09),00:31,2509,2026-06-13 00:43:00,2026-06-13 00:45:00,,2026-06-13 00:49:00,2026-06-13 01:04:00,2026-06-13 00:49:00,2026-06-13 01:04:00,2026-06-13 01:04:00,,,2026-06-13 01:09:00,2026-06-13 01:12:00,6.0,0.0,2026-06-13 00:47:00,2026-06-13 01:04:00,2026-06-13 00:49:00,2026-06-13 01:14:00,,,Дубинский В. Д.,Turkish Airlines,Выдача до 30 минут
2026-06-13,TK 421 ,333,СТАМБУЛ(СТАМБУЛ НЬЮ),23,Y(А09),00:35,4543,2026-06-13 00:55:00,2026-06-13 00:58:00,,2026-06-13 01:03:00,2026-06-13 01:17:00,2026-06-13 01:03:00,2026-06-13 01:17:00,2026-06-13 01:29:00,,,2026-06-13 01:15:00,2026-06-13 01:27:00,,2.0,2026-06-13 01:03:00,2026-06-13 01:29:00,2026-06-13 00:48:00,2026-06-13 01:27:00,,,Рябчевский В. О.,Turkish Airlines,Выдача от 30 до 40 минут
2026-06-13,ФВ 6189 ,СУ9,САНКТ-ПЕТЕРБУРГ(ПУЛКОВО),8,Y(А04),00:38,113,2026-06-13 00:52:00,2026-06-13 00:54:00,,2026-06-13 00:55:00,2026-06-13 00:57:00,2026-06-13 00:55:00,2026-06-13 00:57:00,2026-06-13 00:57:00,,1.0,2026-06-13 00:59:00,2026-06-13 01:00:00,,0.0,2026-06-13 00:57:00,2026-06-13 00:59:00,,,,,Каламбеков У. О.,Россия,Выдача до 30 минут
2026-06-13,PC 1521 ,32Н,ИЗМИР(АДНАН МЕНДЕРЕС),37,Y(А10),00:42,2179,2026-06-13 00:54:00,2026-06-13 00:57:00,,2026-06-13 00:57:00,2026-06-13 01:13:00,2026-06-13 00:57:00,2026-06-13 01:13:00,2026-06-13 01:13:00,,1.0,2026-06-13 01:14:00,2026-06-13 01:27:00,,3.0,2026-06-13 01:06:00,2026-06-13 01:12:00,2026-06-13 01:16:00,2026-06-13 01:28:00,,,Галушко В.,Pegasus,Выдача от 30 до 40 минут
2026-06-13,ДР 476 ,73Х,САРАТОВ(ГАГАРИН),43,Y(А05),00:52,327,2026-06-13 01:03:00,2026-06-13 01:05:00,,2026-06-13 01:06:00,2026-06-13 01:13:00,2026-06-13 01:06:00,2026-06-13 01:13:00,2026-06-13 01:09:00,4.0,5.0,2026-06-13 01:20:00,2026-06-13 01:21:00,,0.0,2026-06-13 01:16:00,2026-06-13 01:20:00,,,,,Хушвактов П. З.,Победа,Выдача до 30 минут
2026-06-13,TK 217 ,32Б,АНТАЛЬЯ,21,Y(А11),01:03,1760,2026-06-13 01:16:00,2026-06-13 01:20:00,1.0,2026-06-13 01:17:00,2026-06-13 01:35:00,2026-06-13 01:17:00,2026-06-13 01:35:00,2026-06-13 01:32:00,3.0,6.0,2026-06-13 01:35:00,2026-06-13 01:44:00,,0.0,2026-06-13 01:15:00,2026-06-13 01:37:00,,,,,Потапов Е. А.,Turkish Airlines,Выдача до 30 минут
2026-06-13,TK 3014 ,321,АНТАЛЬЯ,22,Y(А09),01:05,2698,2026-06-13 01:30:00,2026-06-13 01:32:00,,2026-06-13 01:34:00,2026-06-13 01:48:00,2026-06-13 01:34:00,2026-06-13 01:48:00,2026-06-13 01:52:00,,,2026-06-13 01:48:00,2026-06-13 02:00:00,,0.0,2026-06-13 01:15:00,2026-06-13 01:48:00,2026-06-13 01:44:00,2026-06-13 01:55:00,,,Демчук Д. П.,Turkish Airlines,Выдача до 30 минут
2026-06-13,ДР 198 ,73Х,ВЛАДИКАВКАЗ(БЕСЛАН),57A,Y(А06),01:17,718,2026-06-13 01:29:00,2026-06-13 01:31:00,,2026-06-13 01:31:00,2026-06-13 01:36:00,2026-06-13 01:31:00,2026-06-13 01:36:00,2026-06-13 01:38:00,,,2026-06-13 01:43:00,2026-06-13 01:49:00,,0.0,2026-06-13 01:38:00,2026-06-13 01:43:00,,,,,Соболь М. Ф.,Победа,Выдача до 30 минут
2026-06-13,TK 3060 ,32Б,АНТАЛЬЯ,18,Y(А09),01:20,2330,2026-06-13 01:30:00,2026-06-13 01:32:00,,2026-06-13 01:38:00,2026-06-13 01:46:00,2026-06-13 01:38:00,2026-06-13 01:46:00,2026-06-13 01:50:00,,,2026-06-13 01:50:00,2026-06-13 01:56:00,,0.0,2026-06-13 01:20:00,2026-06-13 01:53:00,,,,,Гаврилов В. А.,Turkish Airlines,Выдача до 30 минут
2026-06-13,ЖГ 932 ,73Й,ТБИЛИСИ(ТБИЛИСИ ИНТЛ.),32A,Y(А10),01:23,2232,2026-06-13 01:35:00,2026-06-13 01:37:00,,2026-06-13 01:50:00,2026-06-13 02:02:00,2026-06-13 01:50:00,2026-06-13 02:02:00,2026-06-13 01:54:00,8.0,,2026-06-13 01:58:00,2026-06-13 02:09:00,,4.0,2026-06-13 01:55:00,2026-06-13 02:00:00,2026-06-13 02:05:00,2026-06-13 02:10:00,,,Табаров М.,GEORGIAN AIRWAYS,Выдача от 30 до 40 минут
2026-06-13,ДР 264 ,73Х,КАЛИНИНГРАД(ХРАБРОВО),51,Y(А07),01:26,390,2026-06-13 01:36:00,2026-06-13 01:38:00,,2026-06-13 01:40:00,2026-06-13 01:44:00,2026-06-13 01:40:00,2026-06-13 01:44:00,2026-06-13 01:43:00,1.0,1.0,2026-06-13 01:50:00,2026-06-13 01:53:00,,0.0,2026-06-13 01:46:00,2026-06-13 01:48:00,,,,,Воробьев Т. А.,Победа,Выдача до 30 минут
2026-06-13,3F 323 ,320,ЕРЕВАН(ЗВАРТНОЦ ИНТЛ),25,Y(А13),01:29,1309,2026-06-13 01:41:00,2026-06-13 01:42:00,,2026-06-13 01:43:00,2026-06-13 01:53:00,2026-06-13 01:43:00,2026-06-13 01:53:00,2026-06-13 01:54:00,,1.0,2026-06-13 01:58:00,2026-06-13 02:02:00,,0.0,2026-06-13 01:51:00,2026-06-13 02:01:00,2026-06-13 01:56:00,2026-06-13 02:00:00,,,"Каламбеков У. О., Поляков К. Н.",FLYONE Armenia,Выдача до 30 минут
2026-06-13,ДР 208 ,7С8,САНКТ-ПЕТЕРБУРГ(ПУЛКОВО),49,Y(А04),01:31,132,2026-06-13 01:39:00,2026-06-13 01:40:00,,2026-06-13 01:41:00,2026-06-13 01:44:00,2026-06-13 01:41:00,2026-06-13 01:44:00,2026-06-13 01:44:00,,2.0,2026-06-13 01:48:00,2026-06-13 01:49:00,,0.0,2026-06-13 01:44:00,2026-06-13 01:49:00,,,,,Гаджиев Н. Т.,Победа,Выдача до 30 минут
2026-06-13,ДР 422D,7С8,САМАРА(КУРУМОЧ),62,Y(А08),01:34,251,-1,,,2026-06-13 01:50:00,2026-06-13 01:53:00,2026-06-13 01:50:00,2026-06-13 01:53:00,,,1.0,2026-06-13 02:00:00,2026-06-13 02:03:00,,0.0,2026-06-13 01:54:00,2026-06-13 02:01:00,,,,,Омурбе У. Б.,Победа,Некорректно проставлены отметки
2026-06-13,TK 3036 ,321,АНТАЛЬЯ,20,Y(А09),01:41,3109,2026-06-13 01:52:00,2026-06-13 01:53:00,,2026-06-13 02:00:00,2026-06-13 02:14:00,2026-06-13 02:00:00,2026-06-13 02:14:00,2026-06-13 02:17:00,,,2026-06-13 02:17:00,2026-06-13 02:31:00,5.0,9.0,2026-06-13 01:47:00,2026-06-13 02:16:00,2026-06-13 01:48:00,2026-06-13 02:29:00,,,Попов А. И.,Turkish Airlines,Выдача от 30 до 40 минут
2026-06-13,TK 3084 ,321,ДАЛАМАН,24,Y(А09),02:09,2338,2026-06-13 02:19:00,2026-06-13 02:23:00,1.0,2026-06-13 02:23:00,2026-06-13 02:38:00,2026-06-13 02:23:00,2026-06-13 02:38:00,2026-06-13 02:39:00,,,2026-06-13 02:32:00,2026-06-13 02:44:00,,0.0,2026-06-13 02:15:00,2026-06-13 02:45:00,,,,,Дубинский В. Д.,Turkish Airlines,Выдача до 30 минут
2026-06-13,FZ 987 ,7М8,ДУБАЙ(ДУБАЙ ИНТЛ.),29,Y(А10),02:16,2168,2026-06-13 02:28:00,2026-06-13 02:31:00,,2026-06-13 02:31:00,2026-06-13 02:45:00,2026-06-13 02:31:00,2026-06-13 02:45:00,2026-06-13 02:46:00,,,2026-06-13 02:40:00,2026-06-13 02:50:00,,0.0,2026-06-13 02:46:00,2026-06-13 02:50:00,2026-06-13 02:37:00,2026-06-13 02:40:00,,,"Воробьев Т. А., Омурбе У. Б.",flydubai,Выдача до 30 минут
2026-06-13,TK 3154 ,32Б,БОДРУМ(МИЛАС),19,Y(А12),02:33,2156,2026-06-13 02:45:00,2026-06-13 02:46:00,,2026-06-13 02:50:00,2026-06-13 03:03:00,2026-06-13 02:50:00,2026-06-13 03:03:00,2026-06-13 03:03:00,,,2026-06-13 03:03:00,2026-06-13 03:13:00,,0.0,2026-06-13 02:58:00,2026-06-13 03:11:00,,,,,Потапов Е. А.,Turkish Airlines,Выдача до 30 минут
2026-06-13,ДР 1486B,73Х,УЛЬЯНОВСК(БАРАТАЕВКА),44,Y(А05),02:36,224,2026-06-13 02:45:00,2026-06-13 02:49:00,1.0,2026-06-13 02:51:00,2026-06-13 02:55:00,2026-06-13 02:51:00,2026-06-13 02:55:00,2026-06-13 02:50:00,5.0,3.0,2026-06-13 03:02:00,2026-06-13 03:03:00,,0.0,2026-06-13 02:55:00,2026-06-13 03:03:00,,,,,Рябчевский В. О.,Победа,Выдача до 30 минут
2026-06-13,PC 386 ,32Щ,СТАМБУЛ(САБИХА ГОКЦЕН),27,Y(А10),02:40,2900,2026-06-13 02:55:00,2026-06-13 02:57:00,,2026-06-13 02:59:00,2026-06-13 03:13:00,2026-06-13 02:59:00,2026-06-13 03:13:00,2026-06-13 03:18:00,,,2026-06-13 03:11:00,2026-06-13 03:17:00,,0.0,2026-06-13 03:07:00,2026-06-13 03:12:00,2026-06-13 03:14:00,2026-06-13 03:17:00,,,"Демчук Д. П., Каламбеков У. О.",Pegasus,Выдача до 30 минут
2026-06-13,ЮТ 400B,734,ГРОЗНЫЙ(СЕВЕРНЫЙ),16,Y(А07),03:09,329,2026-06-13 03:26:00,2026-06-13 03:27:00,,2026-06-13 03:30:00,2026-06-13 03:40:00,2026-06-13 03:30:00,2026-06-13 03:40:00,2026-06-13 03:32:00,8.0,8.0,2026-06-13 03:46:00,2026-06-13 03:48:00,,0.0,2026-06-13 03:42:00,2026-06-13 03:46:00,,,,,Музафаров А. С.,Ютэйр,Выдача до 30 минут
2026-06-13,VF 587 ,73Х,АНКАРА(ЕСЕНБОГА),24,Y(А10),04:12,2497,2026-06-13 04:24:00,2026-06-13 04:27:00,,2026-06-13 04:26:00,2026-06-13 04:45:00,2026-06-13 04:26:00,2026-06-13 04:45:00,2026-06-13 04:45:00,,2.0,2026-06-13 04:36:00,2026-06-13 04:51:00,,0.0,2026-06-13 04:32:00,2026-06-13 04:36:00,2026-06-13 04:45:00,2026-06-13 04:49:00,,,"Гаврилов В. А., Давлатов Б. Ч.",AJET,Выдача до 30 минут
2026-06-13,PC 1456 ,32Щ,БОДРУМ(МИЛАС),19,Y(А10),04:23,2326,2026-06-13 04:30:00,2026-06-13 04:32:00,,2026-06-13 04:33:00,2026-06-13 04:52:00,2026-06-13 04:34:00,2026-06-13 04:52:00,2026-06-13 04:50:00,2.0,2.0,2026-06-13 04:44:00,2026-06-13 05:03:00,,3.0,2026-06-13 04:40:00,2026-06-13 04:44:00,2026-06-13 04:53:00,2026-06-13 04:59:00,,,"Дубинский В. Д., Тано Б. А.",Pegasus,Выдача от 30 до 40 минут
2026-06-13,NE 606 ,320,ХУРГАДА(ХУРГАДА ИНТЛ.),26,Y(А09),04:28,1954,2026-06-13 04:37:00,2026-06-13 04:39:00,,2026-06-13 04:42:00,2026-06-13 04:57:00,2026-06-13 04:42:00,2026-06-13 04:57:00,2026-06-13 04:54:00,3.0,2.0,2026-06-13 04:50:00,2026-06-13 05:07:00,,0.0,2026-06-13 04:47:00,2026-06-13 04:50:00,2026-06-13 04:54:05,2026-06-13 05:03:00,,,Музафаров А. С.,Nesma Airlines,Выдача до 30 минут
2026-06-13,VF 277 ,73Х,СТАМБУЛ(САБИХА ГОКЦЕН),25,Y(А11),04:34,1629,2026-06-13 04:46:00,2026-06-13 04:48:00,,2026-06-13 04:48:00,2026-06-13 04:59:00,2026-06-13 04:48:00,2026-06-13 04:59:00,2026-06-13 05:01:00,,,2026-06-13 05:06:00,2026-06-13 05:08:00,,0.0,2026-06-13 04:55:00,2026-06-13 05:06:00,2026-06-13 05:03:00,2026-06-13 05:07:00,,,"Каламбеков У. О., Потапов Е. А.",AJET,Выдача до 30 минут
2026-06-13,PC 390 ,32Щ,СТАМБУЛ(САБИХА ГОКЦЕН),21,Y(А10),04:44,2586,2026-06-13 04:55:00,2026-06-13 04:57:00,,2026-06-13 04:57:00,2026-06-13 05:15:00,2026-06-13 04:57:00,2026-06-13 05:15:00,2026-06-13 05:16:00,,1.0,2026-06-13 05:08:00,2026-06-13 05:20:00,,0.0,2026-06-13 05:03:00,2026-06-13 05:08:00,2026-06-13 05:15:00,2026-06-13 05:22:00,,,Омурбе У. Б.,Pegasus,Выдача до 30 минут
2026-06-13,TK 419 ,333,СТАМБУЛ(СТАМБУЛ НЬЮ),23,Y(А09),04:50,4116,2026-06-13 05:08:00,2026-06-13 05:09:00,,2026-06-13 05:12:00,2026-06-13 05:35:00,2026-06-13 05:34:00,2026-06-13 05:35:00,2026-06-13 05:39:00,,,2026-06-13 05:31:00,2026-06-13 05:39:00,3.0,1.0,2026-06-13 05:34:00,2026-06-13 05:41:00,2026-06-13 05:17:00,2026-06-13 05:37:00,,,"Демчук Д. П., Рябчевский В. О.",Turkish Airlines,Выдача от 30 до 40 минут
2026-06-13,ДР 408 ,73Х,ЕКАТЕРИНБУРГ(КОЛЬЦОВО),44,Y(А05),05:06,201,-1,,,2026-06-13 05:29:00,2026-06-13 05:32:00,2026-06-13 05:29:00,2026-06-13 05:32:00,,,2.0,2026-06-13 05:40:00,2026-06-13 05:41:00,,0.0,2026-06-13 05:34:00,2026-06-13 05:38:00,,,,,Гаврилов В. А.,Победа,Некорректно проставлены отметки
2026-06-13,4S 317 ,73Х,ШАРМ ЭЛЬ ШЕЙХ(ШАРМ ЭЛЬ ШЕЙХ ИНТЛ.),29,Y(А09),05:25,2060,2026-06-13 05:37:00,2026-06-13 05:40:00,,2026-06-13 05:40:00,2026-06-13 05:54:00,2026-06-13 05:40:00,2026-06-13 05:54:00,2026-06-13 05:55:00,,,2026-06-13 05:48:00,2026-06-13 06:03:00,,0.0,2026-06-13 05:46:00,2026-06-13 05:48:00,2026-06-13 05:55:00,2026-06-13 06:01:00,,,Дубинский В. Д.,Red Sea,Выдача до 30 минут
2026-06-13,TK 407 ,333,СТАМБУЛ(СТАМБУЛ НЬЮ),22,Y(А09),05:38,4040,2026-06-13 05:50:00,2026-06-13 05:51:00,,2026-06-13 05:52:00,2026-06-13 06:04:00,2026-06-13 05:52:00,2026-06-13 06:04:00,2026-06-13 06:21:00,,,2026-06-13 06:03:00,2026-06-13 06:09:00,,0.0,2026-06-13 06:06:00,2026-06-13 06:15:00,2026-06-13 05:59:00,2026-06-13 06:08:00,,,Рябчевский В. О.,Turkish Airlines,Выдача до 30 минут
2026-06-13,PC 1458 ,32Щ,ДАЛАМАН,19,Y(А10),06:14,2622,2026-06-13 06:22:00,2026-06-13 06:23:00,,2026-06-13 06:23:00,2026-06-13 06:39:00,2026-06-13 06:23:00,2026-06-13 06:39:00,2026-06-13 06:43:00,,,2026-06-13 06:32:00,2026-06-13 06:45:00,,0.0,2026-06-13 06:29:00,2026-06-13 06:32:00,2026-06-13 06:40:00,2026-06-13 06:45:00,,,"Гаврилов В. А., Тано Б. А.",Pegasus,Выдача до 30 минут
2026-06-13,ДР 434 ,73Х,ПЕРМЬ(БОЛЬШОЕ САВИНО),37,Y(А05),06:36,403,2026-06-13 06:44:00,2026-06-13 06:46:00,,2026-06-13 06:46:00,2026-06-13 06:49:00,2026-06-13 06:46:00,2026-06-13 06:49:00,2026-06-13 06:51:00,,,2026-06-13 06:55:00,2026-06-13 06:57:00,,0.0,2026-06-13 06:51:00,2026-06-13 06:55:00,,,,,Омурбе У. Б.,Победа,Выдача до 30 минут
2026-06-13,AZO 7072 ,СУ9,КУТАИСИ(КУТАИСИ ИНТЛ.),28,Y(А12),06:58,839,2026-06-13 07:17:00,2026-06-13 07:14:00,-3.0,2026-06-13 07:10:00,2026-06-13 07:20:00,2026-06-13 07:10:00,2026-06-13 07:20:00,2026-06-13 07:27:00,,4.0,2026-06-13 07:25:00,2026-06-13 07:27:00,,0.0,2026-06-13 07:22:00,2026-06-13 07:25:00,,,,,Каламбеков У. О.,GEORGIAN AIRWAYS,Выдача до 30 минут
2026-06-13,ХИ 9607 ,32Н,БУХАРА(БУХАРА ИНТЛ.),27,Y(А11),07:06,1709,2026-06-13 07:14:00,2026-06-13 07:15:00,,2026-06-13 07:17:00,2026-06-13 07:27:00,2026-06-13 07:17:00,2026-06-13 07:27:00,2026-06-13 07:29:00,,,2026-06-13 07:26:00,2026-06-13 07:34:00,,0.0,2026-06-13 07:22:00,2026-06-13 07:24:00,2026-06-13 07:29:00,2026-06-13 07:32:00,,,Фанин - Богданов Анатолий Н. О.,UZBEKISTAN AIRWAYS,Выдача до 30 минут
2026-06-13,ХИ 9615 ,32Н,УРГЕНЧ(УРГЕНЧ ИНТЛ.),25,Y(А09),07:13,1962,2026-06-13 07:21:00,2026-06-13 07:24:00,,2026-06-13 07:25:00,2026-06-13 07:37:00,2026-06-13 07:25:00,2026-06-13 07:37:00,2026-06-13 07:38:00,,,2026-06-13 07:31:00,2026-06-13 07:41:00,,0.0,2026-06-13 07:31:00,2026-06-13 07:32:00,2026-06-13 07:38:00,2026-06-13 07:43:00,,,Рустамов М. А.,UZBEKISTAN AIRWAYS,Выдача до 30 минут
2026-06-13,ХИ 9621 ,320,АНДИЖАН,23,Y(А10),07:29,2098,2026-06-13 07:37:00,2026-06-13 07:40:00,,2026-06-13 07:41:00,2026-06-13 07:56:00,2026-06-13 07:41:00,2026-06-13 07:56:00,2026-06-13 07:55:00,1.0,1.0,2026-06-13 07:50:00,2026-06-13 08:02:00,,0.0,2026-06-13 07:47:00,2026-06-13 07:50:00,2026-06-13 07:58:00,2026-06-13 08:03:00,,,Табаров М.,UZBEKISTAN AIRWAYS,Выдача до 30 минут
2026-06-13,ДР 730 ,7С8,ФЕРГАНА(ФЕРГАНА ИНТЛ.),46,Y(А12),07:32,306,2026-06-13 07:35:00,2026-06-13 07:41:00,3.0,2026-06-13 07:42:00,2026-06-13 07:45:00,2026-06-13 07:42:00,2026-06-13 07:45:00,2026-06-13 07:41:00,4.0,1.0,2026-06-13 07:51:00,2026-06-13 07:52:00,,0.0,2026-06-13 07:45:00,2026-06-13 07:51:00,,,,,Корнилов Н. А.,Победа,Выдача до 30 минут
2026-06-13,ЮТ 454 ,73Х,ТЮМЕНЬ(РОЩИНО),12,Y(А06),07:36,721,2026-06-13 07:41:00,2026-06-13 07:43:00,,2026-06-13 07:45:00,2026-06-13 07:55:00,2026-06-13 07:45:00,2026-06-13 07:55:00,2026-06-13 07:50:00,5.0,5.0,2026-06-13 07:56:00,2026-06-13 07:57:00,,0.0,2026-06-13 07:53:00,2026-06-13 07:57:00,,,,,Лизенко Е. В.,Ютэйр,Выдача до 30 минут
2026-06-13,AZO 7208 ,СУ9,ТБИЛИСИ(ТБИЛИСИ ИНТЛ.),57,Y(А11),07:45,1163,2026-06-13 07:55:00,2026-06-13 07:58:00,,2026-06-13 07:59:00,2026-06-13 08:11:00,2026-06-13 07:59:00,2026-06-13 08:11:00,2026-06-13 08:07:00,4.0,4.0,2026-06-13 08:17:00,2026-06-13 08:18:00,,0.0,2026-06-13 08:13:00,2026-06-13 08:17:00,,,,,Виноградов А. А.,GEORGIAN AIRWAYS,Выдача до 30 минут
2026-06-13,ДР 744 ,73Х,ОШ,47,Y(А13),07:48,452,2026-06-13 07:53:00,2026-06-13 07:55:00,,2026-06-13 07:54:00,2026-06-13 07:58:00,2026-06-13 07:55:00,2026-06-13 07:58:00,2026-06-13 08:00:00,,,2026-06-13 08:04:00,2026-06-13 08:05:00,,0.0,2026-06-13 08:00:00,2026-06-13 08:04:00,,,,,"Прохачев И. А., Чеканов В. А.",Победа,Выдача до 30 минут
2026-06-13,ЮТ 786F,73Х,ЕРЕВАН(ЗВАРТНОЦ ИНТЛ),18,Y(А13),07:51,1448,2026-06-13 07:56:00,2026-06-13 07:58:00,,2026-06-13 08:00:00,2026-06-13 08:10:00,2026-06-13 08:02:00,2026-06-13 08:10:00,2026-06-13 08:10:00,,,2026-06-13 08:12:00,2026-06-13 08:16:00,,0.0,2026-06-13 08:06:00,2026-06-13 08:10:00,2026-06-13 08:13:00,2026-06-13 08:16:00,,,"Королев А. А., Лизенко Е. В.",Ютэйр,Выдача до 30 минут
2026-06-13,ЮТ 364 ,735,УФА,9,Y(А04),07:54,232,2026-06-13 08:01:00,2026-06-13 08:02:00,,2026-06-13 08:04:00,2026-06-13 08:08:00,2026-06-13 08:04:00,2026-06-13 08:08:00,2026-06-13 08:07:00,1.0,2.0,2026-06-13 08:11:00,2026-06-13 08:12:00,,0.0,2026-06-13 08:09:00,2026-06-13 08:12:00,,,,,Фартушный А. И.,Ютэйр,Выдача до 30 минут
2026-06-13,ЮТ 356 ,73Х,ГРОЗНЫЙ(СЕВЕРНЫЙ),15,Y(А05),08:14,286,2026-06-13 08:20:00,2026-06-13 08:22:00,,2026-06-13 08:24:00,2026-06-13 08:31:00,2026-06-13 08:24:00,2026-06-13 08:31:00,2026-06-13 08:26:00,5.0,5.0,2026-06-13 08:35:00,2026-06-13 08:36:00,,0.0,2026-06-13 08:31:00,2026-06-13 08:34:00,,,,,Рустамов М. А.,Ютэйр,Выдача до 30 минут
2026-06-13,ЮТ 572 ,73Х,КРАСНОЯРСК,24,Y(А06),08:18,669,2026-06-13 08:27:00,2026-06-13 08:27:00,,2026-06-13 08:28:00,2026-06-13 08:35:00,2026-06-13 08:28:00,2026-06-13 08:35:00,2026-06-13 08:35:00,,3.0,2026-06-13 08:39:00,2026-06-13 08:41:00,,0.0,2026-06-13 08:36:00,2026-06-13 08:40:00,,,,,Острых В. А.,Ютэйр,Выдача до 30 минут
2026-06-13,ЮТ 560 ,73Х,МАХАЧКАЛА,21,Y(А05),08:21,457,2026-06-13 08:26:00,2026-06-13 08:28:00,,2026-06-13 08:30:00,2026-06-13 08:36:00,2026-06-13 08:30:00,2026-06-13 08:36:00,2026-06-13 08:33:00,3.0,3.0,2026-06-13 08:45:00,2026-06-13 08:46:00,,0.0,2026-06-13 08:40:00,2026-06-13 08:45:00,,,,,Гафуров О. Ф.,Ютэйр,Выдача до 30 минут
2026-06-13,А4 7020 ,СУ9,САНКТ-ПЕТЕРБУРГ(ПУЛКОВО),26,Y(А04),08:24,30,2026-06-13 08:34:00,2026-06-13 08:37:00,,2026-06-13 08:37:00,2026-06-13 08:38:00,2026-06-13 08:37:00,2026-06-13 08:38:00,2026-06-13 08:38:00,,1.0,2026-06-13 08:42:00,2026-06-13 08:43:00,,0.0,2026-06-13 08:38:00,2026-06-13 08:42:00,,,,,Саидов А. С.,Азимут,Выдача до 30 минут
2026-06-13,ЮТ 352 ,735,ХАНТЫ-МАНСИЙСК,14,Y(А08),08:31,572,2026-06-13 08:40:00,2026-06-13 08:41:00,,2026-06-13 08:45:00,2026-06-13 08:48:00,2026-06-13 08:45:00,2026-06-13 08:48:00,2026-06-13 08:48:00,,,2026-06-13 08:54:00,2026-06-13 08:55:00,,0.0,2026-06-13 08:50:00,2026-06-13 08:55:00,,,,,Баташан В. Ю.,Ютэйр,Выдача до 30 минут
2026-06-13,ЯК 473 ,7С8,ЯКУТСК,13,Y(А07),08:35,1106,2026-06-13 08:52:00,2026-06-13 08:53:00,,2026-06-13 08:45:00,2026-06-13 08:53:00,2026-06-13 08:45:00,2026-06-13 08:53:00,2026-06-13 09:00:00,,4.0,2026-06-13 08:56:00,2026-06-13 08:57:00,,0.0,2026-06-13 08:54:00,2026-06-13 08:55:00,,,,,Фаёзов А. Р.,Якутия,Выдача до 30 минут
2026-06-13,ЯМ 597 ,73Х,МИРНЫЙ,59,Y(А06),08:47,1332,2026-06-13 08:58:00,2026-06-13 09:01:00,,2026-06-13 09:00:00,2026-06-13 09:12:00,2026-06-13 09:00:00,2026-06-13 09:12:00,2026-06-13 09:11:00,1.0,3.0,2026-06-13 09:13:00,2026-06-13 09:21:00,,0.0,2026-06-13 09:07:00,2026-06-13 09:13:00,2026-06-13 09:13:00,2026-06-13 09:21:00,,,Гафуров О. Ф.,Алроса,Выдача до 30 минут
2026-06-13,ЮТ 248 ,734,СУРГУТ,10,Y(А05),08:50,819,2026-06-13 08:56:00,2026-06-13 08:59:00,,2026-06-13 08:59:00,2026-06-13 09:05:00,2026-06-13 08:59:00,2026-06-13 09:05:00,2026-06-13 09:05:00,,1.0,2026-06-13 09:08:00,2026-06-13 09:09:00,,0.0,2026-06-13 09:06:00,2026-06-13 09:08:00,,,,,Науну М.,Ютэйр,Выдача до 30 минут
2026-06-13,DV 809 ,738,АЛМАТЫ(АЛМАТЫ ИНТЛ.),19,Y(А13),08:54,1193,2026-06-13 09:01:00,2026-06-13 09:02:00,,2026-06-13 09:03:00,2026-06-13 09:10:00,2026-06-13 09:04:00,2026-06-13 09:10:00,2026-06-13 09:13:00,,,2026-06-13 09:18:00,2026-06-13 09:20:00,,0.0,2026-06-13 09:13:00,2026-06-13 09:19:00,,,,,"Виноградов А. А., Корнилов Н. А.",SCAT Airlines,Выдача до 30 минут
2026-06-13,J2 807 ,320,БАКУ(ИМ. ГЕЙДАРА АЛИЕВА),22,Y(А09),09:00,1031,2026-06-13 09:09:00,2026-06-13 09:10:00,,2026-06-13 09:10:00,2026-06-13 09:18:00,2026-06-13 09:10:00,2026-06-13 09:18:00,2026-06-13 09:20:00,,1.0,2026-06-13 09:24:00,2026-06-13 09:25:00,,0.0,2026-06-13 09:21:00,2026-06-13 09:25:00,,,,,"Рустамов М. А., Фартушный А. И.",AZAL,Выдача до 30 минут
2026-06-13,ДР 436 ,73Х,УФА,46,Y(А08),09:06,402,2026-06-13 09:10:00,2026-06-13 09:14:00,1.0,2026-06-13 09:14:00,2026-06-13 09:18:00,2026-06-13 09:14:00,2026-06-13 09:18:00,2026-06-13 09:17:00,1.0,1.0,2026-06-13 09:26:00,2026-06-13 09:27:00,,0.0,2026-06-13 09:20:00,2026-06-13 09:25:00,,,,,Прохачев И. А.,Победа,Выдача до 30 минут
2026-06-13,ФВ 6003 ,СУ9,САНКТ-ПЕТЕРБУРГ(ПУЛКОВО),8,Y(А04),09:09,82,2026-06-13 09:15:00,2026-06-13 09:17:00,,2026-06-13 09:18:00,2026-06-13 09:20:00,2026-06-13 09:18:00,2026-06-13 09:20:00,2026-06-13 09:20:00,,1.0,2026-06-13 09:22:00,2026-06-13 09:23:00,,0.0,2026-06-13 09:20:00,2026-06-13 09:23:00,,,,,Королев А. А.,Россия,Выдача до 30 минут
2026-06-13,ДР 414 ,7С8,ЧЕЛЯБИНСК(БАЛАНДИНО),49,Y(А05),09:15,351,2026-06-13 09:21:00,2026-06-13 09:23:00,,2026-06-13 09:24:00,2026-06-13 09:26:00,2026-06-13 09:24:00,2026-06-13 09:26:00,2026-06-13 09:27:00,,,2026-06-13 09:32:00,2026-06-13 09:33:00,,0.0,2026-06-13 09:30:00,2026-06-13 09:33:00,,,,,Фанин - Богданов Анатолий Н. О.,Победа,Выдача до 30 минут
2026-06-13,3F 321 ,320,ЕРЕВАН(ЗВАРТНОЦ ИНТЛ),20,Y(А13),09:27,1445,2026-06-13 09:33:00,2026-06-13 09:34:00,,2026-06-13 09:36:00,2026-06-13 09:46:00,2026-06-13 09:40:00,2026-06-13 09:46:00,2026-06-13 09:47:00,,,2026-06-13 09:48:00,2026-06-13 09:59:00,,0.0,2026-06-13 09:42:00,2026-06-13 09:48:00,2026-06-13 09:48:00,2026-06-13 09:53:00,,,"Саидов А. С., Табаров М.",FLYONE Armenia,Выдача до 30 минут
2026-06-13,ДР 732 ,73Х,НУКУС,48,Y(А11),09:44,658,2026-06-13 09:48:00,2026-06-13 09:51:00,,2026-06-13 09:52:00,2026-06-13 09:54:00,2026-06-13 09:52:00,2026-06-13 09:54:00,2026-06-13 09:56:00,,,2026-06-13 10:00:00,2026-06-13 10:01:00,,0.0,2026-06-13 09:55:00,2026-06-13 10:00:00,,,,,Фанин - Богданов Анатолий Н. О.,Победа,Выдача до 30 минут
2026-06-13,ВГ 2390 ,ЯК4,ВОЛОГДА,45,Y(А04),10:08,77,2026-06-13 10:13:00,2026-06-13 10:14:00,,2026-06-13 10:18:00,2026-06-13 10:19:00,2026-06-13 10:18:00,2026-06-13 10:19:00,2026-06-13 10:18:00,1.0,,,-1,,0.0,,,,,,,Прохачев И. А.,Вологодское АП,Некорректно проставлены отметки
2026-06-13,ЮТ 808 ,73Х,БУХАРА(БУХАРА ИНТЛ.),24,Y(А12),10:34,848,2026-06-13 10:40:00,2026-06-13 10:41:00,,2026-06-13 10:43:00,2026-06-13 10:48:00,2026-06-13 10:43:00,2026-06-13 10:48:00,2026-06-13 10:50:00,,,2026-06-13 10:55:00,2026-06-13 11:06:00,,0.0,2026-06-13 10:51:00,2026-06-13 10:55:00,,,,,Рустамов М. А.,Ютэйр,Выдача до 30 минут
2026-06-13,ЖГ 936 ,73Х,ТБИЛИСИ(ТБИЛИСИ ИНТЛ.),30,Y(А10),10:40,1645,2026-06-13 10:47:00,2026-06-13 10:50:00,,2026-06-13 10:50:00,2026-06-13 11:00:00,2026-06-13 10:50:00,2026-06-13 11:00:00,2026-06-13 11:02:00,,,2026-06-13 10:59:00,2026-06-13 11:05:00,,0.0,2026-06-13 10:58:00,2026-06-13 11:01:00,2026-06-13 11:02:00,2026-06-13 11:05:00,,,Саидов А. С.,GEORGIAN AIRWAYS,Выдача до 30 минут
2026-06-13,ДР 424 ,73Х,САМАРА(КУРУМОЧ),47,Y(А05),10:47,357,2026-06-13 10:53:00,2026-06-13 10:55:00,,2026-06-13 10:56:00,2026-06-13 11:01:00,2026-06-13 10:56:00,2026-06-13 11:01:00,2026-06-13 10:59:00,2.0,3.0,2026-06-13 11:08:00,2026-06-13 11:09:00,,0.0,2026-06-13 11:02:00,2026-06-13 11:08:00,,,,,Королев А. А.,Победа,Выдача до 30 минут
2026-06-13,TK 413 ,333,СТАМБУЛ(СТАМБУЛ НЬЮ),23,Y(А09),10:50,4279,2026-06-13 10:58:00,2026-06-13 11:01:00,,2026-06-13 11:02:00,2026-06-13 11:18:00,2026-06-13 11:02:00,2026-06-13 11:18:00,2026-06-13 11:31:00,,,2026-06-13 11:15:00,2026-06-13 11:23:00,,0.0,2026-06-13 11:10:00,2026-06-13 11:21:00,2026-06-13 11:13:00,2026-06-13 11:24:00,,,"Лизенко Е. В., Фартушный А. И.",Turkish Airlines,Выдача до 30 минут
2026-06-13,ДР 466 ,7С8,УЛЬЯНОВСК(БАРАТАЕВКА),49,Y(А07),10:58,444,2026-06-13 11:04:00,2026-06-13 11:07:00,,2026-06-13 11:07:00,2026-06-13 11:13:00,2026-06-13 11:07:00,2026-06-13 11:13:00,2026-06-13 11:11:00,2.0,3.0,2026-06-13 11:20:00,2026-06-13 11:22:00,,0.0,2026-06-13 11:14:00,2026-06-13 11:21:00,,,,,Фаёзов А. Р.,Победа,Выдача до 30 минут
2026-06-13,УТА 6316 ,73Е,БОВАНЕНКОВО,16,Y(А06),11:07,765,2026-06-13 11:17:00,2026-06-13 11:17:00,,2026-06-13 11:18:00,2026-06-13 11:24:00,2026-06-13 11:18:00,2026-06-13 11:24:00,2026-06-13 11:26:00,,1.0,2026-06-13 11:31:00,2026-06-13 11:32:00,,0.0,2026-06-13 11:24:00,2026-06-13 11:30:00,,,,,Корнилов Н. А.,Ютэйр,Выдача до 30 минут
2026-06-13,ФВ 6007 ,СУ9,САНКТ-ПЕТЕРБУРГ(ПУЛКОВО),8,Y(А04),11:12,266,2026-06-13 11:18:00,2026-06-13 11:18:00,,2026-06-13 11:22:00,2026-06-13 11:25:00,2026-06-13 11:22:00,2026-06-13 11:25:00,2026-06-13 11:24:00,1.0,1.0,2026-06-13 11:29:00,2026-06-13 11:30:00,,0.0,2026-06-13 11:26:00,2026-06-13 11:29:00,,,,,Прохачев И. А.,Россия,Выдача до 30 минут
2026-06-13,УР 412 ,75В,ДАЛАМАН,19,Y(А13),11:28,2193,2026-06-13 11:35:00,2026-06-13 11:37:00,,2026-06-13 11:39:00,2026-06-13 11:59:00,2026-06-13 11:39:00,2026-06-13 11:59:00,2026-06-13 11:54:00,5.0,5.0,2026-06-13 11:54:00,2026-06-13 12:05:00,,0.0,2026-06-13 12:00:00,2026-06-13 12:06:00,2026-06-13 11:45:00,2026-06-13 11:51:00,,,Гафуров О. Ф.,FLYONE Armenia,Выдача до 30 минут
2026-06-13,TK 3076 ,321,ДАЛАМАН,22,Y(А10),11:42,2154,2026-06-13 11:48:00,2026-06-13 11:49:00,,2026-06-13 11:52:00,2026-06-13 12:05:00,2026-06-13 11:52:00,2026-06-13 12:05:00,2026-06-13 12:06:00,,,2026-06-13 12:00:00,2026-06-13 12:09:00,,0.0,2026-06-13 11:57:00,2026-06-13 12:08:00,,,,,Острых В. А.,Turkish Airlines,Выдача до 30 минут
2026-06-13,TK 3070 ,321,АНТАЛЬЯ,20,Y(А09),11:45,2497,2026-06-13 11:52:00,2026-06-13 12:00:00,5.0,2026-06-13 12:02:00,2026-06-13 12:16:00,2026-06-13 12:02:00,2026-06-13 12:16:00,2026-06-13 12:13:00,3.0,,2026-06-13 12:11:00,2026-06-13 12:22:00,,0.0,2026-06-13 12:08:00,2026-06-13 12:11:00,2026-06-13 12:08:00,2026-06-13 12:24:00,,,Корнилов Н. А.,Turkish Airlines,Выдача до 30 минут
2026-06-13,ЮТ 250F,73Е,СОЧИ,7,Y(А05),12:06,507,2026-06-13 12:12:00,2026-06-13 12:14:00,,2026-06-13 12:15:00,2026-06-13 12:21:00,2026-06-13 12:15:00,2026-06-13 12:21:00,2026-06-13 12:19:00,2.0,3.0,2026-06-13 12:25:00,2026-06-13 12:26:00,,0.0,2026-06-13 12:22:00,2026-06-13 12:25:00,,,,,Гафуров О. Ф.,Ютэйр,Выдача до 30 минут
2026-06-13,TK 1231 ,32Б,АНТАЛЬЯ,25,Y(А09),12:13,1741,2026-06-13 12:20:00,2026-06-13 12:21:00,,2026-06-13 12:27:00,2026-06-13 12:41:00,2026-06-13 12:27:00,2026-06-13 12:41:00,2026-06-13 12:36:00,5.0,2.0,2026-06-13 12:33:00,2026-06-13 12:45:00,,0.0,2026-06-13 12:44:00,2026-06-13 12:53:00,,,,,Острых В. А.,Turkish Airlines,Выдача до 30 минут
2026-06-13,TK 3012 ,321,АНТАЛЬЯ,24,Y(А10),12:18,2676,2026-06-13 12:26:00,2026-06-13 12:26:00,,2026-06-13 12:30:00,2026-06-13 12:45:00,2026-06-13 12:30:00,2026-06-13 12:45:00,2026-06-13 12:48:00,,,2026-06-13 12:44:00,2026-06-13 12:48:00,,0.0,2026-06-13 12:40:00,2026-06-13 12:44:00,2026-06-13 12:45:00,2026-06-13 12:48:00,,,Скулов Е. С.,Turkish Airlines,Выдача до 30 минут
2026-06-13,ФВ 6009 ,СУ9,САНКТ-ПЕТЕРБУРГ(ПУЛКОВО),9,Y(А04),12:22,156,2026-06-13 12:30:00,2026-06-13 12:31:00,,2026-06-13 12:33:00,2026-06-13 12:36:00,2026-06-13 12:33:00,2026-06-13 12:36:00,2026-06-13 12:35:00,1.0,2.0,2026-06-13 12:38:00,2026-06-13 12:39:00,,0.0,2026-06-13 12:36:00,2026-06-13 12:49:00,,,,,Саидов А. С.,Россия,Выдача до 30 минут
2026-06-13,ЮТ 400 ,73Х,ГРОЗНЫЙ(СЕВЕРНЫЙ),13,Y(А05),12:40,299,2026-06-13 12:50:00,2026-06-13 12:50:00,,2026-06-13 12:49:00,2026-06-13 12:55:00,2026-06-13 12:49:00,2026-06-13 12:55:00,2026-06-13 12:56:00,,4.0,2026-06-13 12:59:00,2026-06-13 13:00:00,,0.0,2026-06-13 12:57:00,2026-06-13 12:59:00,,,,,Фартушный А. И.,Ютэйр,Выдача до 30 минут
2026-06-13,TK 3024 ,321,АНТАЛЬЯ,18,Y(А09),12:49,2518,2026-06-13 12:54:00,2026-06-13 12:57:00,,2026-06-13 12:57:00,2026-06-13 13:12:00,2026-06-13 12:57:00,2026-06-13 13:12:00,2026-06-13 13:15:00,,,2026-06-13 13:10:00,2026-06-13 13:19:00,,0.0,2026-06-13 12:58:00,2026-06-13 13:11:00,2026-06-13 13:14:00,2026-06-13 13:20:00,,,Гафуров О. Ф.,Turkish Airlines,Выдача до 30 минут
2026-06-13,TK 3046 ,321,АНТАЛЬЯ,21,Y(А10),12:56,2791,2026-06-13 13:02:00,2026-06-13 13:03:00,,2026-06-13 13:05:00,2026-06-13 13:19:00,2026-06-13 13:05:00,2026-06-13 13:19:00,2026-06-13 13:25:00,,,2026-06-13 13:19:00,2026-06-13 13:29:00,,0.0,2026-06-13 13:14:00,2026-06-13 13:19:00,2026-06-13 13:26:00,2026-06-13 13:29:00,,,Фаёзов А. Р.,Turkish Airlines,Выдача до 30 минут
2026-06-13,NE 644 ,320,ШАРМ ЭЛЬ ШЕЙХ(ШАРМ ЭЛЬ ШЕЙХ ИНТЛ.),30,Y(А12),13:06,55,2026-06-13 13:14:00,2026-06-13 13:16:00,,2026-06-13 13:17:00,2026-06-13 13:24:00,2026-06-13 13:17:00,2026-06-13 13:24:00,2026-06-13 13:18:00,6.0,7.0,2026-06-13 13:29:00,2026-06-13 13:30:00,,0.0,2026-06-13 13:25:00,2026-06-13 13:29:00,,,,,Науну М.,Nesma Airlines,Выдача до 30 минут
2026-06-13,TK 417 ,321,СТАМБУЛ(СТАМБУЛ НЬЮ),23,Y(А09),13:17,2442,2026-06-13 13:24:00,2026-06-13 13:24:00,,2026-06-13 13:27:00,2026-06-13 13:43:00,2026-06-13 13:27:00,2026-06-13 13:43:00,2026-06-13 13:44:00,,,2026-06-13 13:39:00,2026-06-13 13:47:00,,0.0,2026-06-13 13:28:00,2026-06-13 13:39:00,2026-06-13 13:28:00,2026-06-13 13:48:00,,,Прохачев И. А.,Turkish Airlines,Выдача до 30 минут
2026-06-13,В2 981 ,Е95,МИНСК(МИНСК ИНТЛ.),29,Y(А13),13:24,280,2026-06-13 13:32:00,2026-06-13 13:32:00,,2026-06-13 13:34:00,2026-06-13 13:37:00,2026-06-13 13:34:00,2026-06-13 13:37:00,2026-06-13 13:38:00,,1.0,2026-06-13 13:41:00,2026-06-13 13:42:00,,0.0,2026-06-13 13:37:00,2026-06-13 13:42:00,,,,,Королев А. А.,Белавиа,Выдача до 30 минут
2026-06-13,PC 388 ,32Щ,СТАМБУЛ(САБИХА ГОКЦЕН),20,Y(А10),13:46,2654,2026-06-13 13:51:00,2026-06-13 13:53:00,,2026-06-13 13:55:00,2026-06-13 14:10:00,2026-06-13 13:55:00,2026-06-13 14:10:00,2026-06-13 14:13:00,,,2026-06-13 14:05:00,2026-06-13 14:16:00,,0.0,2026-06-13 14:00:00,2026-06-13 14:04:00,2026-06-13 14:11:00,2026-06-13 14:17:00,,,Скулов Е. С.,Pegasus,Выдача до 30 минут
2026-06-13,ЮТ 744 ,734,ГЯНДЖА,11,Y(А12),13:56,980,2026-06-13 14:03:00,2026-06-13 14:05:00,,2026-06-13 14:04:00,2026-06-13 14:11:00,2026-06-13 14:04:00,2026-06-13 14:11:00,2026-06-13 14:14:00,,,2026-06-13 14:17:00,2026-06-13 14:28:00,,0.0,2026-06-13 14:13:00,2026-06-13 14:18:00,,,,,Острых В. А.,Ютэйр,Выдача до 30 минут
2026-06-13,NE 640 ,321,ШАРМ ЭЛЬ ШЕЙХ(ШАРМ ЭЛЬ ШЕЙХ ИНТЛ.),26,Y(А11),14:11,1395,2026-06-13 14:18:00,2026-06-13 14:22:00,1.0,2026-06-13 14:23:00,2026-06-13 14:38:00,2026-06-13 14:23:00,2026-06-13 14:38:00,2026-06-13 14:31:00,7.0,6.0,2026-06-13 14:32:00,2026-06-13 14:44:00,,0.0,2026-06-13 14:29:00,2026-06-13 14:31:00,2026-06-13 14:41:00,2026-06-13 14:45:00,,,Рустамов М. А.,Nesma Airlines,Выдача до 30 минут
2026-06-13,ФВ 6027 ,СУ9,САНКТ-ПЕТЕРБУРГ(ПУЛКОВО),9,Y(А04),14:28,296,2026-06-13 14:34:00,2026-06-13 14:37:00,,2026-06-13 14:37:00,2026-06-13 14:42:00,2026-06-13 14:37:00,2026-06-13 14:42:00,2026-06-13 14:40:00,2.0,3.0,2026-06-13 14:45:00,2026-06-13 14:47:00,,0.0,2026-06-13 14:43:00,2026-06-13 14:46:00,,,,,Фартушный А. И.,Россия,Выдача до 30 минут
2026-06-13,4S 333 ,7С8,ШАРМ ЭЛЬ ШЕЙХ(ШАРМ ЭЛЬ ШЕЙХ ИНТЛ.),22,Y(А09),14:51,1693,2026-06-13 15:04:00,2026-06-13 15:05:00,,2026-06-13 15:07:00,2026-06-13 15:17:00,2026-06-13 15:07:00,2026-06-13 15:17:00,2026-06-13 15:19:00,,,2026-06-13 15:14:00,2026-06-13 15:21:00,,0.0,2026-06-13 15:10:00,2026-06-13 15:15:00,2026-06-13 15:15:00,2026-06-13 15:20:00,,,Саидов А. С.,Red Sea,Выдача до 30 минут
2026-06-13,ДР 262 ,73Х,КАЛИНИНГРАД(ХРАБРОВО),50,Y(А05),14:57,774,2026-06-13 15:01:00,2026-06-13 15:03:00,,2026-06-13 15:03:00,2026-06-13 15:10:00,2026-06-13 15:03:00,2026-06-13 15:10:00,2026-06-13 15:10:00,,2.0,2026-06-13 15:17:00,2026-06-13 15:20:00,,0.0,2026-06-13 15:12:00,2026-06-13 15:16:00,,,,,Острых В. А.,Победа,Выдача до 30 минут
2026-06-13,ГЗП 252 ,СУ9,ЯМБУРГ,Б37,Y(А07),15:01,310,2026-06-13 15:11:00,2026-06-13 15:11:00,,2026-06-13 15:14:00,2026-06-13 15:17:00,2026-06-13 15:14:00,2026-06-13 15:17:00,2026-06-13 15:17:00,,1.0,2026-06-13 15:33:00,2026-06-13 15:34:00,,0.0,2026-06-13 15:18:00,2026-06-13 15:32:00,,,,,Прохачев И. А.,Газпром авиа,Выдача до 30 минут
2026-06-13,AZV 3010 ,75В,АНТАЛЬЯ,18,Y(А10),15:06,2158,2026-06-13 15:14:00,2026-06-13 15:14:00,,2026-06-13 15:14:00,2026-06-13 15:29:00,2026-06-13 15:14:00,2026-06-13 15:29:00,2026-06-13 15:32:00,,1.0,2026-06-13 15:26:00,2026-06-13 15:35:00,,0.0,2026-06-13 15:23:00,2026-06-13 15:27:00,2026-06-13 15:30:00,2026-06-13 15:35:00,,,Лизенко Е. В.,АЗУР эйр,Выдача до 30 минут
2026-06-13,НВЦ 9152 ,32Щ,САБЕТТА,14,Y(А06),15:24,1469,2026-06-13 15:36:00,2026-06-13 15:38:00,,2026-06-13 15:40:00,2026-06-13 15:53:00,2026-06-13 15:40:00,2026-06-13 15:53:00,2026-06-13 15:50:00,3.0,3.0,2026-06-13 15:49:00,2026-06-13 15:58:00,,0.0,2026-06-13 15:47:00,2026-06-13 15:49:00,2026-06-13 15:55:00,2026-06-13 15:59:00,,,Виноградов А. А.,Северо-Запад,Выдача до 30 минут
2026-06-13,ФВ 6031 ,СУ9,САНКТ-ПЕТЕРБУРГ(ПУЛКОВО),8,Y(А04),15:28,69,2026-06-13 15:39:00,2026-06-13 15:41:00,,2026-06-13 15:40:00,2026-06-13 15:41:00,2026-06-13 15:40:00,2026-06-13 15:41:00,2026-06-13 15:43:00,,1.0,2026-06-13 15:44:00,2026-06-13 15:45:00,,0.0,2026-06-13 15:41:00,2026-06-13 15:45:00,,,,,Фартушный А. И.,Россия,Выдача до 30 минут
2026-06-13,ДР 170 ,73Х,МИНЕРАЛЬНЫЕ ВОДЫ,47,Y(А04),15:50,474,2026-06-13 15:58:00,2026-06-13 16:01:00,,2026-06-13 16:00:00,2026-06-13 16:05:00,2026-06-13 16:00:00,2026-06-13 16:05:00,2026-06-13 16:05:00,,2.0,2026-06-13 16:09:00,2026-06-13 16:11:00,,0.0,2026-06-13 16:08:00,2026-06-13 16:10:00,,,,,Острых В. А.,Победа,Выдача до 30 минут
2026-06-13,ДР 160 ,73Х,КРАСНОДАР(ПАШКОВСКИЙ),49,Y(А05),15:59,682,2026-06-13 16:08:00,2026-06-13 16:10:00,,2026-06-13 16:10:00,2026-06-13 16:15:00,2026-06-13 16:10:00,2026-06-13 16:15:00,2026-06-13 16:17:00,,,2026-06-13 16:21:00,2026-06-13 16:22:00,,0.0,2026-06-13 16:17:00,2026-06-13 16:23:00,,,,,Рустамов М. А.,Победа,Выдача до 30 минут
2026-06-13,ЖГ 926 ,73Й,ТБИЛИСИ(ТБИЛИСИ ИНТЛ.),30,Y(А10),16:04,2208,2026-06-13 16:12:00,2026-06-13 16:15:00,,2026-06-13 16:15:00,2026-06-13 16:34:00,2026-06-13 16:17:00,2026-06-13 16:34:00,2026-06-13 16:31:00,3.0,2.0,2026-06-13 16:24:00,2026-06-13 16:38:00,,0.0,2026-06-13 16:20:00,2026-06-13 16:24:00,2026-06-13 16:35:00,2026-06-13 16:40:00,,,"Баташан В. Ю., Корнилов Н. А.",GEORGIAN AIRWAYS,Выдача до 30 минут
2026-06-13,В2 979 ,7С8,МИНСК(МИНСК ИНТЛ.),29,Y(А13),16:09,831,2026-06-13 16:18:00,2026-06-13 16:20:00,,2026-06-13 16:21:00,2026-06-13 16:27:00,2026-06-13 16:21:00,2026-06-13 16:27:00,2026-06-13 16:28:00,,,2026-06-13 16:30:00,2026-06-13 16:31:00,,0.0,2026-06-13 16:28:00,2026-06-13 16:31:00,,,,,Фаёзов А. Р.,Белавиа,Выдача до 30 минут
2026-06-13,FZ 989 ,7М8,ДУБАЙ(ДУБАЙ ИНТЛ.),26A,Y(А09),17:12,2317,2026-06-13 17:20:00,2026-06-13 17:24:00,1.0,2026-06-13 17:22:00,2026-06-13 17:36:00,2026-06-13 17:22:00,2026-06-13 17:36:00,2026-06-13 17:39:00,,,2026-06-13 17:31:00,2026-06-13 17:42:00,,0.0,2026-06-13 17:28:00,2026-06-13 17:31:00,2026-06-13 17:39:00,2026-06-13 17:43:00,,,"Науну М., Фартушный А. И.",flydubai,Выдача до 30 минут
2026-06-13,PBD 840 ,73Х,АНТАЛЬЯ,50,Y(А10),17:17,1556,2026-06-13 17:22:00,2026-06-13 17:25:00,,2026-06-13 17:25:00,2026-06-13 17:34:00,2026-06-13 17:25:00,2026-06-13 17:34:00,2026-06-13 17:36:00,,,2026-06-13 17:33:00,2026-06-13 17:39:00,,0.0,2026-06-13 17:29:00,2026-06-13 17:33:00,2026-06-13 17:34:00,2026-06-13 17:39:00,,,"Давлатов Б. Ч., Рустамов М. А.",Победа,Выдача до 30 минут
2026-06-13,А4 7010 ,СУ9,ТБИЛИСИ(ТБИЛИСИ ИНТЛ.),25,Y(А12),17:22,1123,2026-06-13 17:29:00,2026-06-13 17:29:00,,2026-06-13 17:33:00,2026-06-13 17:44:00,2026-06-13 17:33:00,2026-06-13 17:44:00,2026-06-13 17:40:00,4.0,4.0,2026-06-13 17:51:00,2026-06-13 17:52:00,2.0,0.0,2026-06-13 17:46:00,2026-06-13 17:51:00,,,,,Чеканов В. А.,Азимут,Выдача до 30 минут
2026-06-13,ФВ 6175 ,СУ9,САНКТ-ПЕТЕРБУРГ(ПУЛКОВО),9,Y(А04),17:33,287,2026-06-13 17:38:00,2026-06-13 17:38:00,,2026-06-13 17:39:00,2026-06-13 17:43:00,2026-06-13 17:39:00,2026-06-13 17:43:00,2026-06-13 17:44:00,,2.0,2026-06-13 17:46:00,2026-06-13 17:47:00,,0.0,2026-06-13 17:43:00,2026-06-13 17:45:00,,,,,Королев А. А.,Россия,Выдача до 30 минут
2026-06-13,ЮТ 270 ,73Х,СОЧИ,13,Y(А06),17:41,1135,2026-06-13 17:46:00,2026-06-13 17:49:00,,2026-06-13 17:49:00,2026-06-13 17:56:00,2026-06-13 17:49:00,2026-06-13 17:56:00,2026-06-13 17:58:00,,,2026-06-13 17:59:00,2026-06-13 18:02:00,,0.0,2026-06-13 17:58:00,2026-06-13 18:02:00,,,,,Фаёзов А. Р.,Ютэйр,Выдача до 30 минут
2026-06-13,ЮТ 746 ,73Х,БАКУ(ИМ. ГЕЙДАРА АЛИЕВА),16,Y(А11),17:44,1269,2026-06-13 17:52:00,2026-06-13 17:55:00,,2026-06-13 17:55:00,2026-06-13 18:08:00,2026-06-13 17:55:00,2026-06-13 18:08:00,2026-06-13 18:04:00,4.0,5.0,2026-06-13 18:08:00,2026-06-13 18:15:00,,0.0,2026-06-13 18:04:00,2026-06-13 18:08:00,2026-06-13 18:10:00,2026-06-13 18:16:00,,,Острых В. А.,Ютэйр,Выдача до 30 минут
2026-06-13,ЮТ 374 ,73Х,МИНЕРАЛЬНЫЕ ВОДЫ,12,Y(А06),18:00,1187,2026-06-13 18:08:00,2026-06-13 18:08:00,,2026-06-13 18:10:00,2026-06-13 18:20:00,2026-06-13 18:10:00,2026-06-13 18:20:00,2026-06-13 18:20:00,,2.0,2026-06-13 18:24:00,2026-06-13 18:28:00,,0.0,2026-06-13 18:23:00,2026-06-13 18:26:00,,,,,Прохачев И. А.,Ютэйр,Выдача до 30 минут
2026-06-13,AZO 7054 ,СУ9,БАТУМИ,28,Y(А12),18:07,1063,2026-06-13 18:17:00,2026-06-13 18:28:00,8.0,2026-06-13 18:20:00,2026-06-13 18:32:00,2026-06-13 18:20:00,2026-06-13 18:32:00,2026-06-13 18:28:00,4.0,5.0,2026-06-13 18:36:00,2026-06-13 18:38:00,,0.0,2026-06-13 18:33:00,2026-06-13 18:37:00,,,,,Корнилов Н. А.,GEORGIAN AIRWAYS,Выдача до 30 минут
2026-06-13,TK 415 ,333,СТАМБУЛ(СТАМБУЛ НЬЮ),22,Y(А10),18:11,4387,2026-06-13 18:21:00,2026-06-13 18:26:00,2.0,2026-06-13 18:23:00,2026-06-13 18:41:00,2026-06-13 18:24:00,2026-06-13 18:41:00,2026-06-13 18:54:00,,,2026-06-13 18:37:00,2026-06-13 18:45:00,,0.0,2026-06-13 18:26:00,2026-06-13 18:41:00,2026-06-13 18:30:00,2026-06-13 18:45:00,,,"Скулов Е. С., Чеканов В. А.",Turkish Airlines,Выдача до 30 минут
2026-06-13,ФВ 6177 ,СУ9,САНКТ-ПЕТЕРБУРГ(ПУЛКОВО),8,Y(А04),18:19,151,2026-06-13 18:28:00,2026-06-13 18:33:00,2.0,2026-06-13 18:31:00,2026-06-13 18:33:00,2026-06-13 18:31:00,2026-06-13 18:33:00,2026-06-13 18:33:00,,1.0,2026-06-13 18:35:00,2026-06-13 18:36:00,,0.0,2026-06-13 18:32:00,2026-06-13 18:36:00,,,,,Давлатов Б. Ч.,Россия,Выдача до 30 минут
2026-06-13,ДР 836 ,7С8,ГАЗИПАША,49,Y(А11),18:23,1673,2026-06-13 18:27:00,2026-06-13 18:31:00,1.0,2026-06-13 18:31:00,2026-06-13 18:43:00,2026-06-13 18:31:00,2026-06-13 18:43:00,2026-06-13 18:42:00,1.0,1.0,2026-06-13 18:40:00,2026-06-13 18:53:00,,0.0,2026-06-13 18:36:00,2026-06-13 18:45:00,2026-06-13 18:43:00,2026-06-13 18:48:00,,,Рустамов М. А.,Победа,Выдача до 30 минут
2026-06-13,ЯК 474 ,7С8,СОЧИ,14,Y(А07),18:25,728,2026-06-13 18:33:00,2026-06-13 18:33:00,,2026-06-13 18:35:00,2026-06-13 18:38:00,2026-06-13 18:35:00,2026-06-13 18:38:00,2026-06-13 18:39:00,,1.0,2026-06-13 18:45:00,2026-06-13 18:47:00,,0.0,2026-06-13 18:40:00,2026-06-13 18:46:00,,,,,Саидов А. С.,Якутия,Выдача до 30 минут
2026-06-13,ЮТ 464 ,735,ТЮМЕНЬ(РОЩИНО),17,Y(А05),18:28,704,2026-06-13 18:34:00,2026-06-13 18:35:00,,2026-06-13 18:43:00,2026-06-13 18:49:00,2026-06-13 18:43:00,2026-06-13 18:49:00,2026-06-13 18:43:00,6.0,1.0,2026-06-13 18:56:00,2026-06-13 19:01:00,2.0,0.0,2026-06-13 18:51:00,2026-06-13 18:56:00,,,,,Острых В. А.,Ютэйр,Выдача до 30 минут
2026-06-13,ЮТ 456 ,735,НОЯБРЬСК,10,Y(А06),18:32,838,2026-06-13 18:39:00,2026-06-13 18:40:00,,2026-06-13 18:41:00,2026-06-13 18:52:00,2026-06-13 18:41:00,2026-06-13 18:52:00,2026-06-13 18:49:00,3.0,5.0,2026-06-13 18:59:00,2026-06-13 19:03:00,,0.0,2026-06-13 18:57:00,2026-06-13 19:00:00,,,,,Прохачев И. А.,Ютэйр,Выдача до 30 минут
2026-06-13,ДР 114 ,7С8,СОЧИ,46,Y(А08),18:35,644,2026-06-13 18:40:00,2026-06-13 18:41:00,,2026-06-13 18:42:00,2026-06-13 18:45:00,2026-06-13 18:42:00,2026-06-13 18:45:00,2026-06-13 18:48:00,,,2026-06-13 18:54:00,2026-06-13 18:55:00,,0.0,2026-06-13 18:47:00,2026-06-13 18:55:00,,,,,Баташан В. Ю.,Победа,Выдача до 30 минут
2026-06-13,ЯК 788 ,73Х,НЕРЮНГРИ(ЧУЛЬМАН),62,Y(А06),18:38,805,2026-06-13 18:43:00,2026-06-13 18:47:00,1.0,2026-06-13 18:46:00,2026-06-13 18:59:00,2026-06-13 18:46:00,2026-06-13 18:59:00,2026-06-13 18:52:00,7.0,8.0,2026-06-13 19:07:00,2026-06-13 19:08:00,,0.0,2026-06-13 18:59:00,2026-06-13 19:08:00,,,,,Науну М.,Якутия,Выдача до 30 минут
2026-06-13,3F 325 ,320,ЕРЕВАН(ЗВАРТНОЦ ИНТЛ),29,Y(А13),18:50,1933,2026-06-13 19:04:00,2026-06-13 19:04:00,,2026-06-13 19:16:00,2026-06-13 19:27:00,2026-06-13 19:18:00,2026-06-13 19:27:00,2026-06-13 19:21:00,6.0,,2026-06-13 19:29:00,2026-06-13 19:31:00,5.0,0.0,2026-06-13 19:26:00,2026-06-13 19:29:00,,,,,"Королев А. А., Лизенко Е. В.",FLYONE Armenia,Выдача до 30 минут
2026-06-13,РГ 178 ,ЦР1,СУХУМ(СУХУМ МЕЖД. ИМ. В.Г.АРДЗИНБА),55,Y(А09),18:53,353,2026-06-13 19:00:00,2026-06-13 19:01:00,,2026-06-13 19:01:00,2026-06-13 19:06:00,2026-06-13 19:01:00,2026-06-13 19:06:00,2026-06-13 19:06:00,,3.0,2026-06-13 19:11:00,2026-06-13 19:15:00,,0.0,2026-06-13 19:06:00,2026-06-13 19:11:00,,,,,Давлатов Б. Ч.,Руслайн,Выдача до 30 минут
2026-06-13,СУ 1235 ,320,УФА,57,Y(А07),19:06,1235,2026-06-13 19:55:00,2026-06-13 19:54:00,-1.0,2026-06-13 19:53:00,2026-06-13 20:04:00,2026-06-13 19:53:00,2026-06-13 20:04:00,2026-06-13 20:07:00,,3.0,,-1,,0.0,2026-06-13 20:04:00,2026-06-13 20:12:00,2026-06-13 20:05:00,2026-06-13 20:12:00,,,Давлатов Б. Ч.,Аэрофлот,Некорректно проставлены отметки
2026-06-13,ФВ 6856 ,СУ9,САНКТ-ПЕТЕРБУРГ(ПУЛКОВО),43,Y(А08),19:11,1052,2026-06-13 19:26:00,2026-06-13 19:58:00,29.0,2026-06-13 19:58:00,2026-06-13 20:09:00,2026-06-13 19:58:00,2026-06-13 20:09:00,2026-06-13 19:37:00,32.0,4.0,,-1,,0.0,2026-06-13 20:10:00,2026-06-13 20:21:00,,,,,Баташан В. Ю.,Россия,Некорректно проставлены отметки
2026-06-13,ЮТ 576 ,734,КРАСНОДАР(ПАШКОВСКИЙ),15,Y(А06),19:24,726,2026-06-13 19:33:00,2026-06-13 19:34:00,,2026-06-13 19:39:00,2026-06-13 19:48:00,2026-06-13 19:39:00,2026-06-13 19:48:00,2026-06-13 19:42:00,6.0,4.0,2026-06-13 19:55:00,2026-06-13 19:58:00,2.0,0.0,2026-06-13 19:50:00,2026-06-13 19:57:00,,,,,Галушко В.,Ютэйр,Выдача до 30 минут
2026-06-13,УР 512 ,75В,БОДРУМ(МИЛАС),18,Y(А12),19:35,1317,2026-06-13 19:48:00,2026-06-13 19:49:00,,2026-06-13 19:52:00,2026-06-13 20:02:00,2026-06-13 19:52:00,2026-06-13 20:02:00,2026-06-13 20:01:00,1.0,1.0,2026-06-13 20:01:00,2026-06-13 20:13:00,,0.0,2026-06-13 19:56:00,2026-06-13 20:02:00,2026-06-13 20:11:00,2026-06-13 20:13:00,,,Соболь М. Ф.,FLYONE Armenia,Выдача до 30 минут
2026-06-13,ДР 856 ,73Х,ГЮМРИ(ШИРАК),48,Y(А13),19:39,1401,2026-06-13 19:47:00,2026-06-13 19:47:00,,2026-06-13 19:51:00,2026-06-13 20:03:00,2026-06-13 19:51:00,2026-06-13 20:03:00,2026-06-13 20:00:00,3.0,3.0,2026-06-13 20:04:00,2026-06-13 20:18:00,,1.0,2026-06-13 19:58:00,2026-06-13 20:04:00,2026-06-13 20:10:00,2026-06-13 20:17:00,,,Федоров Н. В.,Победа,Выдача от 30 до 40 минут
2026-06-13,ХИ 9609 ,320,ТЕРМЕЗ,26,Y(А11),19:44,1437,2026-06-13 19:59:00,2026-06-13 19:59:00,,2026-06-13 20:04:00,2026-06-13 20:11:00,2026-06-13 20:04:00,2026-06-13 20:11:00,2026-06-13 20:13:00,,,2026-06-13 20:12:00,2026-06-13 20:19:00,,0.0,2026-06-13 20:09:00,2026-06-13 20:14:00,2026-06-13 20:19:00,2026-06-13 20:20:00,,,"Минченко А. И., Ушаков М. В.",UZBEKISTAN AIRWAYS,Выдача до 30 минут
2026-06-13,ХИ 9627 ,32Н,ФЕРГАНА(ФЕРГАНА ИНТЛ.),24,Y(А10),19:47,2099,2026-06-13 19:58:00,2026-06-13 20:00:00,,2026-06-13 20:02:00,2026-06-13 20:17:00,2026-06-13 20:02:00,2026-06-13 20:17:00,2026-06-13 20:16:00,1.0,1.0,2026-06-13 20:14:00,2026-06-13 20:24:00,,0.0,2026-06-13 20:10:00,2026-06-13 20:13:00,2026-06-13 20:21:00,2026-06-13 20:25:00,,,Фаёзов А. Р.,UZBEKISTAN AIRWAYS,Выдача до 30 минут
2026-06-13,ХИ 613 ,788,ТАШКЕНТ(ТАШКЕНТ ИНТЛ.),23,Y(А09),19:54,3185,2026-06-13 20:07:00,2026-06-13 20:11:00,1.0,2026-06-13 20:10:00,2026-06-13 20:27:00,2026-06-13 20:10:00,2026-06-13 20:27:00,2026-06-13 20:32:00,,,2026-06-13 20:27:00,2026-06-13 20:30:00,,0.0,2026-06-13 20:10:00,2026-06-13 20:27:00,2026-06-13 20:20:00,2026-06-13 20:31:00,,,Скулов Е. С.,UZBEKISTAN AIRWAYS,Выдача до 30 минут
2026-06-13,ДР 6970 ,7С8,ВОЛГОГРАД(ГУМРАК),36,Y(А05),19:59,453,2026-06-13 20:10:00,2026-06-13 20:10:00,,2026-06-13 20:22:00,2026-06-13 20:27:00,2026-06-13 20:22:00,2026-06-13 20:27:00,2026-06-13 20:17:00,10.0,2.0,,-1,,0.0,2026-06-13 20:30:00,2026-06-13 20:37:00,,,,,Кутейников А. В.,Победа,Некорректно проставлены отметки
2026-06-13,ХИ 9619 ,32Н,НАМАНГАН,25,Y(А10),20:04,1671,2026-06-13 20:21:00,2026-06-13 20:23:00,,2026-06-13 20:44:00,2026-06-13 20:54:00,2026-06-13 20:45:00,2026-06-13 20:54:00,2026-06-13 20:36:00,18.0,,2026-06-13 20:53:00,2026-06-13 21:00:00,12.0,9.0,2026-06-13 20:49:00,2026-06-13 20:54:00,2026-06-13 20:57:00,2026-06-13 21:00:00,,,"Саидов А. С., Чеканов В. А.",UZBEKISTAN AIRWAYS,Выдача от 30 до 40 минут
2026-06-13,ДР 158 ,73Х,КРАСНОДАР(ПАШКОВСКИЙ),47,Y(А05),20:08,467,2026-06-13 20:15:00,2026-06-13 20:18:00,,2026-06-13 20:19:00,2026-06-13 20:24:00,2026-06-13 20:19:00,2026-06-13 20:24:00,2026-06-13 20:22:00,2.0,2.0,2026-06-13 20:33:00,2026-06-13 20:34:00,,0.0,2026-06-13 20:25:00,2026-06-13 20:33:00,,,,,Виноградов А. А.,Победа,Выдача до 30 минут
2026-06-13,ФВ 6179 ,СУ9,САНКТ-ПЕТЕРБУРГ(ПУЛКОВО),9,Y(А04),20:13,53,2026-06-13 20:25:00,2026-06-13 20:28:00,,2026-06-13 20:29:00,2026-06-13 20:31:00,2026-06-13 20:29:00,2026-06-13 20:31:00,2026-06-13 20:29:00,2.0,2.0,2026-06-13 20:35:00,2026-06-13 20:36:00,,0.0,2026-06-13 20:33:00,2026-06-13 20:36:00,,,,,Лизенко Е. В.,Россия,Выдача до 30 минут
2026-06-13,ФВ 6181 ,СУ9,САНКТ-ПЕТЕРБУРГ(ПУЛКОВО),8,Y(А04),20:21,42,2026-06-13 20:31:00,2026-06-13 20:31:00,,2026-06-13 20:33:00,2026-06-13 20:35:00,2026-06-13 20:33:00,2026-06-13 20:35:00,2026-06-13 20:35:00,,2.0,2026-06-13 20:39:00,2026-06-13 20:40:00,,0.0,2026-06-13 20:36:00,2026-06-13 20:39:00,,,,,Поляков К. Н.,Россия,Выдача до 30 минут
2026-06-13,PBD 860 ,73Х,АНТАЛЬЯ,50,Y(А12),20:26,1784,2026-06-13 20:37:00,2026-06-13 20:39:00,,2026-06-13 20:39:00,2026-06-13 20:55:00,2026-06-13 20:39:00,2026-06-13 20:55:00,2026-06-13 20:53:00,2.0,4.0,2026-06-13 20:50:00,2026-06-13 21:02:00,,0.0,2026-06-13 20:44:00,2026-06-13 20:49:00,2026-06-13 20:56:00,2026-06-13 21:00:00,,,"Соболь М. Ф., Федоров Н. В.",Победа,Выдача до 30 минут
2026-06-13,DV 815 ,7М8,АЛМАТЫ(АЛМАТЫ ИНТЛ.),20,Y(А13),20:59,1303,2026-06-13 21:12:00,2026-06-13 21:12:00,,2026-06-13 21:13:00,2026-06-13 21:19:00,2026-06-13 21:14:00,2026-06-13 21:19:00,2026-06-13 21:25:00,,,2026-06-13 21:26:00,2026-06-13 21:27:00,,0.0,2026-06-13 21:24:00,2026-06-13 21:25:00,2026-06-13 21:25:00,2026-06-13 21:28:00,,,"Аганин А. А., Галушко В.",SCAT Airlines,Выдача до 30 минут
2026-06-13,ЮТ 810 ,73Х,САМАРКАНД(САМАРКАНД ИНТЛ.),19,Y(А11),21:05,1238,2026-06-13 21:20:00,2026-06-13 21:24:00,1.0,2026-06-13 21:23:00,2026-06-13 21:32:00,2026-06-13 21:23:00,2026-06-13 21:32:00,2026-06-13 21:32:00,,1.0,2026-06-13 21:33:00,2026-06-13 21:42:00,,0.0,2026-06-13 21:28:00,2026-06-13 21:32:00,2026-06-13 21:38:00,2026-06-13 21:41:00,,,Минченко А. И.,Ютэйр,Выдача до 30 минут
2026-06-13,ЮТ 802 ,73Х,ДУШАНБЕ(ДУШАНБЕ ИНТЛ.),11,Y(А09),21:08,2559,2026-06-13 21:19:00,2026-06-13 21:21:00,,2026-06-13 21:22:00,2026-06-13 21:37:00,2026-06-13 21:22:00,2026-06-13 21:37:00,2026-06-13 21:40:00,,,2026-06-13 21:35:00,2026-06-13 21:43:00,,0.0,2026-06-13 21:31:00,2026-06-13 21:35:00,2026-06-13 21:39:00,2026-06-13 21:43:00,,,"Поляков К. Н., Соболь М. Ф.",Ютэйр,Выдача до 30 минут
2026-06-13,ДР 206 ,7С8,САНКТ-ПЕТЕРБУРГ(ПУЛКОВО),49,Y(А04),21:20,222,2026-06-13 21:31:00,2026-06-13 21:33:00,,2026-06-13 21:32:00,2026-06-13 21:34:00,2026-06-13 21:33:00,2026-06-13 21:34:00,2026-06-13 21:36:00,,,2026-06-13 21:41:00,2026-06-13 21:42:00,,0.0,2026-06-13 21:35:00,2026-06-13 21:40:00,,,,,"Баташан В. Ю., Рустамов М. А.",Победа,Выдача до 30 минут
2026-06-13,ФВ 6183 ,СУ9,САНКТ-ПЕТЕРБУРГ(ПУЛКОВО),10,Y(А04),21:24,98,2026-06-13 21:39:00,2026-06-13 21:42:00,,2026-06-13 21:41:00,2026-06-13 21:45:00,2026-06-13 21:41:00,2026-06-13 21:45:00,2026-06-13 21:44:00,1.0,3.0,2026-06-13 21:47:00,2026-06-13 21:48:00,,0.0,2026-06-13 21:43:00,2026-06-13 21:49:00,,,,,Федоров Н. В.,Россия,Выдача до 30 минут
2026-06-13,ДР 190 ,73Х,МАХАЧКАЛА,50,Y(А05),21:36,574,2026-06-13 21:48:00,2026-06-13 21:51:00,,2026-06-13 21:51:00,2026-06-13 21:55:00,2026-06-13 21:51:00,2026-06-13 21:55:00,2026-06-13 21:56:00,,,2026-06-13 22:03:00,2026-06-13 22:05:00,,0.0,2026-06-13 21:57:00,2026-06-13 22:04:00,,,,,Минченко А. И.,Победа,Выдача до 30 минут
2026-06-13,J2 803 ,320,БАКУ(ИМ. ГЕЙДАРА АЛИЕВА),22,Y(А12),21:59,1696,2026-06-13 22:13:00,2026-06-13 22:13:00,,2026-06-13 22:17:00,2026-06-13 22:30:00,2026-06-13 22:17:00,2026-06-13 22:30:00,2026-06-13 22:28:00,2.0,2.0,2026-06-13 22:26:00,2026-06-13 22:35:00,,0.0,2026-06-13 22:22:00,2026-06-13 22:26:00,2026-06-13 22:31:00,2026-06-13 22:35:00,,,Лизенко Е. В.,AZAL,Выдача до 30 минут
2026-06-13,ЮТ 784 ,73Х,АНТАЛЬЯ,21,Y(А10),22:08,2034,2026-06-13 22:20:00,2026-06-13 22:23:00,,2026-06-13 22:22:00,2026-06-13 22:31:00,2026-06-13 22:22:00,2026-06-13 22:31:00,2026-06-13 22:38:00,,,2026-06-13 22:37:00,2026-06-13 22:40:00,,0.0,2026-06-13 22:33:00,2026-06-13 22:37:00,,,,,"Аганин А. А., Скулов Е. С.",Ютэйр,Выдача до 30 минут
2026-06-13,ФВ 6185 ,СУ9,САНКТ-ПЕТЕРБУРГ(ПУЛКОВО),8,Y(А04),22:13,176,2026-06-13 22:22:00,2026-06-13 22:25:00,,2026-06-13 22:25:00,2026-06-13 22:27:00,2026-06-13 22:25:00,2026-06-13 22:27:00,2026-06-13 22:27:00,,1.0,2026-06-13 22:31:00,2026-06-13 22:33:00,,0.0,2026-06-13 22:29:00,2026-06-13 22:32:00,,,,,Баташан В. Ю.,Россия,Выдача до 30 минут
2026-06-13,ЮТ 296 ,73Х,СУРГУТ,13,Y(А06),22:16,719,2026-06-13 22:25:00,2026-06-13 22:25:00,,2026-06-13 22:28:00,2026-06-13 22:35:00,2026-06-13 22:28:00,2026-06-13 22:35:00,2026-06-13 22:34:00,1.0,2.0,2026-06-13 23:10:00,2026-06-13 23:11:00,25.0,16.0,,,,,,,"Кутейников А. В., Саидов А. С.",Ютэйр,Выдача более 40 минут
2026-06-13,NE 616 ,320,ХУРГАДА(ХУРГАДА ИНТЛ.),24,Y(А11),22:20,1648,2026-06-13 22:32:00,2026-06-13 22:38:00,3.0,2026-06-13 22:36:00,2026-06-13 22:50:00,2026-06-13 22:36:00,2026-06-13 22:50:00,2026-06-13 22:47:00,3.0,3.0,2026-06-13 22:48:00,2026-06-13 22:58:00,,0.0,2026-06-13 22:44:00,2026-06-13 22:48:00,2026-06-13 22:54:00,2026-06-13 22:58:00,,,Чеканов В. А.,Nesma Airlines,Выдача до 30 минут
2026-06-13,А4 7030 ,СУ9,ЕРЕВАН(ЗВАРТНОЦ ИНТЛ),28,Y(А13),22:35,852,2026-06-13 22:54:00,2026-06-13 22:54:00,,2026-06-13 22:52:00,2026-06-13 23:00:00,2026-06-13 22:52:00,2026-06-13 23:00:00,2026-06-13 23:04:00,,2.0,2026-06-13 23:04:00,2026-06-13 23:06:00,,0.0,2026-06-13 23:01:00,2026-06-13 23:05:00,,,,,Виноградов А. А.,Азимут,Выдача до 30 минут
2026-06-13,PC 1580 ,32Н,АНТАЛЬЯ,25,Y(А09),22:39,2392,2026-06-13 22:50:00,2026-06-13 22:51:00,,2026-06-13 22:54:00,2026-06-13 23:15:00,2026-06-13 22:54:00,2026-06-13 23:15:00,2026-06-13 23:10:00,5.0,5.0,2026-06-13 23:07:00,2026-06-13 23:21:00,,1.0,2026-06-13 22:46:00,2026-06-13 23:10:00,2026-06-13 23:18:00,2026-06-13 23:22:00,,,Фартушный А. И.,Pegasus,Выдача от 30 до 40 минут
2026-06-13,ЮТ 398 ,73Х,ГЕЛЕНДЖИК,14,Y(А06),22:58,647,2026-06-13 23:11:00,2026-06-13 23:11:00,,2026-06-13 23:15:00,2026-06-13 23:20:00,2026-06-13 23:15:00,2026-06-13 23:20:00,2026-06-13 23:19:00,1.0,1.0,2026-06-13 23:27:00,2026-06-13 23:28:00,,0.0,2026-06-13 23:06:00,2026-06-13 23:27:00,,,,,Фаёзов А. Р.,Ютэйр,Выдача до 30 минут
2026-06-13,TK 411 ,333,СТАМБУЛ(СТАМБУЛ НЬЮ),23,Y(А10),23:01,5407,2026-06-13 23:17:00,2026-06-13 23:19:00,,2026-06-13 23:20:00,2026-06-13 23:36:00,2026-06-13 23:20:00,2026-06-13 23:36:00,2026-06-13 23:57:00,,,2026-06-13 23:32:00,2026-06-13 23:39:00,,0.0,2026-06-13 23:20:00,2026-06-13 23:38:00,2026-06-13 23:10:00,2026-06-13 23:53:00,2026-06-13 23:04:00,2026-06-13 23:52:00,"Поляков К. Н., Ушаков М. В.",Turkish Airlines,Выдача до 30 минут
2026-06-13,А4 7036 ,СУ9,ПСКОВ(КРЕСТЫ),51A,Y(А05),23:04,592,-1,,,2026-06-13 23:26:00,2026-06-13 23:43:00,2026-06-13 23:26:00,2026-06-13 23:43:00,,,13.0,2026-06-13 23:35:00,2026-06-13 23:37:00,,0.0,2026-06-13 23:06:00,2026-06-13 23:35:00,,,,,Давлатов Б. Ч.,Азимут,Некорректно проставлены отметки
2026-06-13,ЮВ 301 ,ЦР2,БУГУЛЬМА,45,Y(А04),23:11,323,2026-06-13 23:17:00,2026-06-13 23:17:00,,2026-06-13 23:18:00,2026-06-13 23:24:00,2026-06-13 23:18:00,2026-06-13 23:24:00,2026-06-13 23:23:00,1.0,4.0,2026-06-13 23:27:00,2026-06-13 23:29:00,,0.0,2026-06-13 23:24:00,2026-06-13 23:48:00,,,,,Кутейников А. В.,ЮВТ АЭРО,Выдача до 30 минут
2026-06-13,ДР 994 ,73Х,СТАМБУЛ(СТАМБУЛ НЬЮ),51,Y(А13),23:16,2196,2026-06-13 23:30:00,2026-06-13 23:30:00,,2026-06-13 23:31:00,2026-06-13 23:45:00,2026-06-13 23:37:00,2026-06-13 23:45:00,2026-06-13 23:49:00,,,2026-06-13 23:42:00,2026-06-13 23:55:00,,0.0,2026-06-13 23:35:00,2026-06-13 23:42:00,2026-06-13 23:48:00,2026-06-13 23:55:00,,,"Минченко А. И., Рустамов М. А.",Победа,Выдача до 30 минут
2026-06-13,ФВ 6187 ,СУ9,САНКТ-ПЕТЕРБУРГ(ПУЛКОВО),9,Y(А04),23:25,57,2026-06-13 23:37:00,2026-06-13 23:38:00,,2026-06-13 23:39:00,2026-06-13 23:40:00,2026-06-13 23:39:00,2026-06-13 23:40:00,2026-06-13 23:41:00,,1.0,2026-06-13 23:45:00,2026-06-13 23:46:00,,0.0,2026-06-13 23:44:00,2026-06-13 23:47:00,,,,,Федоров Н. В.,Россия,Выдача до 30 минут
2026-06-13,ДР 210 ,7С8,САНКТ-ПЕТЕРБУРГ(ПУЛКОВО),48,Y(А04),23:29,163,2026-06-13 23:38:00,2026-06-13 23:41:00,,2026-06-13 23:42:00,2026-06-13 23:43:00,2026-06-13 23:42:00,2026-06-13 23:43:00,2026-06-13 23:43:00,,,2026-06-13 23:51:00,2026-06-13 23:52:00,,0.0,2026-06-13 23:44:00,2026-06-13 23:54:00,,,,,Лизенко Е. В.,Победа,Выдача до 30 минут
2026-06-13,ДР 168 ,73Х,МИНЕРАЛЬНЫЕ ВОДЫ,46,Y(А08),23:33,771,2026-06-13 23:40:00,2026-06-13 23:40:00,,2026-06-13 23:42:00,2026-06-13 23:47:00,2026-06-13 23:42:00,2026-06-13 23:47:00,2026-06-13 23:49:00,,,2026-06-13 23:57:00,2026-06-14 00:00:00,,0.0,2026-06-13 23:50:00,2026-06-13 23:56:00,,,,,Галушко В.,Победа,Выдача до 30 минут
2026-06-13,ДР 194 ,73Х,НАЛЬЧИК,49,Y(А06),23:37,724,-1,,,2026-06-13 23:48:00,2026-06-13 23:54:00,2026-06-13 23:48:00,2026-06-13 23:54:00,,,1.0,2026-06-14 00:05:00,2026-06-14 00:07:00,,0.0,2026-06-13 23:56:00,2026-06-14 00:07:00,,,,,Соболь М. Ф.,Победа,Некорректно проставлены отметки
2026-06-13,ДР 116 ,73Х,СОЧИ,47,Y(А06),23:40,883,-1,,,2026-06-13 23:51:00,2026-06-13 23:58:00,2026-06-13 23:51:00,2026-06-13 23:58:00,,,1.0,2026-06-14 00:04:00,2026-06-14 00:07:00,,0.0,2026-06-14 00:00:00,2026-06-14 00:05:00,,,,,Скулов Е. С.,Победа,Некорректно проставлены отметки
2026-06-13,ДР 422 ,7С8,САМАРА(КУРУМОЧ),43,Y(А07),23:43,211,2026-06-13 23:51:00,2026-06-13 23:52:00,,2026-06-13 23:53:00,2026-06-13 23:55:00,2026-06-13 23:53:00,2026-06-13 23:55:00,2026-06-13 23:56:00,,1.0,2026-06-14 00:08:00,2026-06-14 00:09:00,,0.0,2026-06-14 00:02:00,2026-06-14 00:08:00,,,,,Саидов А. С.,Победа,Выдача до 30 минут
2026-06-13,TK 409 ,321,СТАМБУЛ(СТАМБУЛ НЬЮ),26,Y(А09),23:51,2931,2026-06-14 00:07:00,2026-06-14 00:09:00,,2026-06-14 00:11:00,2026-06-14 00:23:00,2026-06-14 00:11:00,2026-06-14 00:23:00,2026-06-14 00:31:00,,,2026-06-14 00:14:00,2026-06-14 00:27:00,,0.0,2026-06-13 23:49:00,2026-06-14 00:14:00,2026-06-14 00:12:00,2026-06-14 00:27:00,,,Федоров Н. В.,Turkish Airlines,Выдача до 30 минут
2026-06-13,ДР 486 ,73Х,УЛЬЯНОВСК(БАРАТАЕВКА),11,Y(А05),23:57,253,2026-06-14 00:09:00,2026-06-14 00:11:00,,2026-06-14 00:11:00,2026-06-14 00:14:00,2026-06-14 00:11:00,2026-06-14 00:14:00,2026-06-14 00:15:00,,1.0,2026-06-14 00:18:00,2026-06-14 00:19:00,,0.0,2026-06-14 00:14:00,2026-06-14 00:21:00,,,,,Фартушный А. И.,Победа,Выдача до 30 минут
2026-06-13,TK 3060 ,321,АНТАЛЬЯ,29,Y(А09),23:59,2484,2026-06-14 00:12:00,2026-06-14 00:14:00,,2026-06-14 00:15:00,2026-06-14 00:28:00,2026-06-14 00:15:00,2026-06-14 00:28:00,2026-06-14 00:33:00,,,2026-06-14 00:23:00,2026-06-14 00:31:00,,0.0,2026-06-14 00:02:00,2026-06-14 00:24:00,2026-06-14 00:04:00,2026-06-14 00:39:00,,,Лизенко Е. В.,Turkish Airlines,Выдача до 30 минут
2026-06-14,ДР 264 ,73Х,КАЛИНИНГРАД(ХРАБРОВО),50,Y(А05),00:04,468,2026-06-14 00:15:00,2026-06-14 00:15:00,,2026-06-14 00:19:00,2026-06-14 00:23:00,2026-06-14 00:19:00,2026-06-14 00:23:00,2026-06-14 00:22:00,1.0,1.0,2026-06-14 00:29:00,2026-06-14 00:31:00,,0.0,2026-06-14 00:09:00,2026-06-14 00:31:00,,,,,Рустамов М. А.,Победа,Выдача до 30 минут
2026-06-14,PC 1576 ,32Щ,АНТАЛЬЯ,27,Y(А09),00:08,3250,2026-06-14 00:20:00,2026-06-14 00:22:00,,2026-06-14 00:23:00,2026-06-14 00:40:00,2026-06-14 00:23:00,2026-06-14 00:40:00,2026-06-14 00:46:00,,,2026-06-14 00:33:00,2026-06-14 00:46:00,,0.0,2026-06-14 00:11:00,2026-06-14 00:36:00,2026-06-14 00:43:00,2026-06-14 00:46:00,,,"Давлатов Б. Ч., Соболь М. Ф.",Pegasus,Выдача до 30 минут
2026-06-14,TK 3002 ,321,АНТАЛЬЯ,25,Y(А10),00:11,2685,2026-06-14 00:25:00,2026-06-14 00:27:00,,2026-06-14 00:29:00,2026-06-14 00:43:00,2026-06-14 00:29:00,2026-06-14 00:43:00,2026-06-14 00:47:00,,,2026-06-14 00:40:00,2026-06-14 00:49:00,,0.0,2026-06-14 00:08:00,2026-06-14 00:40:00,2026-06-14 00:38:00,2026-06-14 00:54:00,,,Минченко А. И.,Turkish Airlines,Выдача до 30 минут
2026-06-14,VF 275 ,73Х,СТАМБУЛ(САБИХА ГОКЦЕН),32A,Y(А10),00:15,2780,2026-06-14 00:27:00,2026-06-14 00:34:00,4.0,2026-06-14 00:30:00,2026-06-14 00:54:00,2026-06-14 00:31:00,2026-06-14 00:54:00,2026-06-14 00:50:00,4.0,4.0,2026-06-14 00:43:00,2026-06-14 00:58:00,,1.0,2026-06-14 00:39:00,2026-06-14 00:43:00,2026-06-14 01:01:00,2026-06-14 01:07:00,,,"Аганин А. А., Баташан В. Ю.",AJET,Выдача от 30 до 40 минут
2026-06-14,J2 809 ,76В,БАКУ(ИМ. ГЕЙДАРА АЛИЕВА),18,Y(А10),00:19,2709,2026-06-14 00:31:00,2026-06-14 00:34:00,,2026-06-14 00:39:00,2026-06-14 00:47:00,2026-06-14 00:39:00,2026-06-14 00:47:00,2026-06-14 00:53:00,,,2026-06-14 00:47:00,2026-06-14 00:56:00,,0.0,2026-06-14 00:39:00,2026-06-14 00:47:00,2026-06-14 00:22:00,2026-06-14 00:56:00,,,Чеканов В. А.,AZAL,Выдача до 30 минут
2026-06-14,TK 217 ,32Б,АНТАЛЬЯ,21,Y(А11),00:25,2143,2026-06-14 00:37:00,2026-06-14 00:41:00,1.0,2026-06-14 00:39:00,2026-06-14 00:57:00,2026-06-14 00:39:00,2026-06-14 00:57:00,2026-06-14 00:55:00,2.0,4.0,2026-06-14 00:53:00,2026-06-14 01:06:00,,0.0,2026-06-14 00:24:00,2026-06-14 01:12:00,,,,,Виноградов А. А.,Turkish Airlines,Выдача до 30 минут
2026-06-14,TK 421 ,333,СТАМБУЛ(СТАМБУЛ НЬЮ),22,Y(А09),00:28,4711,2026-06-14 00:43:00,2026-06-14 00:51:00,5.0,2026-06-14 00:47:00,2026-06-14 01:01:00,2026-06-14 00:47:00,2026-06-14 01:01:00,2026-06-14 01:18:00,,,2026-06-14 01:00:00,2026-06-14 01:11:00,,0.0,2026-06-14 00:47:00,2026-06-14 01:01:00,2026-06-14 00:47:00,2026-06-14 01:14:00,,,Галушко В.,Turkish Airlines,Выдача до 30 минут
2026-06-14,TK 3178 ,321,ДАЛАМАН,24,Y(А13),00:34,2457,2026-06-14 00:55:00,2026-06-14 00:57:00,,2026-06-14 00:56:00,2026-06-14 01:14:00,2026-06-14 00:56:00,2026-06-14 01:14:00,2026-06-14 01:15:00,,2.0,2026-06-14 01:12:00,2026-06-14 01:20:00,,0.0,2026-06-14 00:26:00,2026-06-14 01:09:00,2026-06-14 00:45:00,2026-06-14 01:22:00,,,Рустамов М. А.,Turkish Airlines,Выдача до 30 минут
2026-06-14,ФВ 6189 ,СУ9,САНКТ-ПЕТЕРБУРГ(ПУЛКОВО),8,Y(А04),00:38,42,2026-06-14 00:52:00,2026-06-14 00:53:00,,2026-06-14 00:55:00,2026-06-14 00:57:00,2026-06-14 00:55:00,2026-06-14 00:57:00,2026-06-14 00:56:00,1.0,2.0,2026-06-14 00:59:00,2026-06-14 01:00:00,,0.0,2026-06-14 00:56:00,2026-06-14 01:05:00,,,,,Лизенко Е. В.,Россия,Выдача до 30 минут
2026-06-14,TK 3084 ,321,ДАЛАМАН,20,Y(А10),00:42,2531,2026-06-14 00:56:00,2026-06-14 00:57:00,,2026-06-14 00:59:00,2026-06-14 01:15:00,2026-06-14 00:59:00,2026-06-14 01:15:00,2026-06-14 01:17:00,,,2026-06-14 01:12:00,2026-06-14 01:27:00,,1.0,2026-06-14 01:22:00,2026-06-14 01:27:00,,,,,Кутейников А. В.,Turkish Airlines,Выдача от 30 до 40 минут
2026-06-14,TK 3014 ,321,АНТАЛЬЯ,19,Y(А10),00:44,2914,2026-06-14 00:56:00,2026-06-14 00:58:00,,2026-06-14 01:01:00,2026-06-14 01:13:00,2026-06-14 01:01:00,2026-06-14 01:13:00,2026-06-14 01:19:00,,,2026-06-14 01:13:00,2026-06-14 01:19:00,,0.0,2026-06-14 00:44:00,2026-06-14 01:13:00,2026-06-14 01:09:00,2026-06-14 01:19:00,,,Минченко А. И.,Turkish Airlines,Выдача до 30 минут
2026-06-14,ДР 476 ,73Х,САРАТОВ(ГАГАРИН),48,Y(А05),00:46,254,2026-06-14 00:58:00,2026-06-14 00:58:00,,2026-06-14 01:00:00,2026-06-14 01:02:00,2026-06-14 01:00:00,2026-06-14 01:02:00,2026-06-14 01:04:00,,,2026-06-14 01:12:00,2026-06-14 01:15:00,,0.0,2026-06-14 01:04:00,2026-06-14 01:14:00,,,,,Соболь М. Ф.,Победа,Выдача до 30 минут
2026-06-14,PC 1521 ,320,ИЗМИР(АДНАН МЕНДЕРЕС),36,Y(А12),00:49,1988,2026-06-14 01:01:00,2026-06-14 01:03:00,,2026-06-14 01:05:00,2026-06-14 01:17:00,2026-06-14 01:05:00,2026-06-14 01:17:00,2026-06-14 01:18:00,,,2026-06-14 01:21:00,2026-06-14 01:33:00,,2.0,2026-06-14 01:14:00,2026-06-14 01:21:00,2026-06-14 01:26:00,2026-06-14 01:33:00,,,Ушаков М. В.,Pegasus,Выдача от 30 до 40 минут
2026-06-14,ЮТ 376 ,734,СЫКТЫВКАР,16,Y(А07),00:52,406,2026-06-14 01:06:00,2026-06-14 01:09:00,,2026-06-14 01:08:00,2026-06-14 01:12:00,2026-06-14 01:08:00,2026-06-14 01:12:00,2026-06-14 01:13:00,,1.0,2026-06-14 01:20:00,2026-06-14 01:22:00,,0.0,2026-06-14 01:13:00,2026-06-14 01:20:00,,,,,Саидов А. С.,Ютэйр,Выдача до 30 минут
2026-06-14,TK 3036 ,321,АНТАЛЬЯ,23,Y(А09),00:57,2718,2026-06-14 01:10:00,2026-06-14 01:11:00,,2026-06-14 01:13:00,2026-06-14 01:26:00,2026-06-14 01:13:00,2026-06-14 01:26:00,2026-06-14 01:32:00,,,2026-06-14 01:28:00,2026-06-14 01:33:00,,0.0,2026-06-14 01:01:00,2026-06-14 01:32:00,2026-06-14 00:53:00,2026-06-14 01:33:00,,,Фартушный А. И.,Turkish Airlines,Выдача до 30 минут
2026-06-14,ЮТ 358 ,735,САМАРА(КУРУМОЧ),13,Y(А04),00:59,207,2026-06-14 01:12:00,2026-06-14 01:13:00,,2026-06-14 01:16:00,2026-06-14 01:19:00,2026-06-14 01:16:00,2026-06-14 01:19:00,2026-06-14 01:17:00,2.0,2.0,2026-06-14 01:27:00,2026-06-14 01:33:00,,0.0,2026-06-14 01:23:00,2026-06-14 01:28:00,,,,,Аганин А. А.,Ютэйр,Выдача до 30 минут
2026-06-14,ЖГ 932 ,73Й,ТБИЛИСИ(ТБИЛИСИ ИНТЛ.),30,Y(А11),01:17,1916,2026-06-14 01:28:00,2026-06-14 01:33:00,2.0,2026-06-14 01:35:00,2026-06-14 01:58:00,2026-06-14 01:35:00,2026-06-14 01:58:00,2026-06-14 01:45:00,13.0,10.0,2026-06-14 01:57:00,2026-06-14 02:04:00,9.0,6.0,2026-06-14 01:52:00,2026-06-14 01:55:00,2026-06-14 01:59:00,2026-06-14 02:02:00,,,Соболь М. Ф.,GEORGIAN AIRWAYS,Выдача от 30 до 40 минут
2026-06-14,TK 3154 ,32Б,БОДРУМ(МИЛАС),18,Y(А09),01:22,2497,2026-06-14 01:44:00,2026-06-14 01:47:00,,2026-06-14 01:46:00,2026-06-14 02:01:00,2026-06-14 01:46:00,2026-06-14 02:01:00,2026-06-14 02:05:00,,,2026-06-14 02:00:00,2026-06-14 02:09:00,,0.0,2026-06-14 01:55:00,2026-06-14 02:01:00,2026-06-14 02:03:00,2026-06-14 02:14:00,,,Федоров Н. В.,Turkish Airlines,Выдача до 30 минут
2026-06-14,DV 813 ,73Х,АСТАНА(НУРСУЛТАН НАЗАРБАЕВ),27,Y(А13),01:25,878,2026-06-14 01:42:00,2026-06-14 01:42:00,,2026-06-14 01:44:00,2026-06-14 01:50:00,2026-06-14 01:44:00,2026-06-14 01:50:00,2026-06-14 01:52:00,,,2026-06-14 01:53:00,2026-06-14 01:54:00,,0.0,2026-06-14 01:34:00,2026-06-14 01:54:00,,,,,Давлатов Б. Ч.,SCAT Airlines,Выдача до 30 минут
2026-06-14,FZ 987 ,7М8,ДУБАЙ(ДУБАЙ ИНТЛ.),29,Y(А10),02:15,2271,2026-06-14 02:25:00,2026-06-14 02:26:00,,2026-06-14 02:27:00,2026-06-14 02:42:00,2026-06-14 02:27:00,2026-06-14 02:42:00,2026-06-14 02:44:00,,,2026-06-14 02:39:00,2026-06-14 02:42:00,,0.0,2026-06-14 02:35:00,2026-06-14 02:38:00,2026-06-14 02:43:00,2026-06-14 02:44:00,,,"Поляков К. Н., Соболь М. Ф.",flydubai,Выдача до 30 минут
2026-06-14,3F 323 ,320,ЕРЕВАН(ЗВАРТНОЦ ИНТЛ),26,Y(А13),02:18,1401,2026-06-14 02:30:00,2026-06-14 02:30:00,,2026-06-14 02:34:00,2026-06-14 02:43:00,2026-06-14 02:34:00,2026-06-14 02:43:00,2026-06-14 02:43:00,,,2026-06-14 02:45:00,2026-06-14 02:54:00,,0.0,2026-06-14 02:40:00,2026-06-14 02:43:00,2026-06-14 02:49:00,2026-06-14 02:52:00,,,Кутейников А. В.,FLYONE Armenia,Выдача до 30 минут
2026-06-14,TK 3122 ,32Б,БОДРУМ(МИЛАС),24,Y(А12),02:20,1729,2026-06-14 02:33:00,2026-06-14 02:35:00,,2026-06-14 02:39:00,2026-06-14 02:50:00,2026-06-14 02:39:00,2026-06-14 02:50:00,2026-06-14 02:49:00,1.0,,2026-06-14 02:51:00,2026-06-14 02:55:00,,0.0,2026-06-14 02:58:00,2026-06-14 02:59:00,,,,,Баташан В. Ю.,Turkish Airlines,Выдача до 30 минут
2026-06-14,ДР 198 ,7С8,ВЛАДИКАВКАЗ(БЕСЛАН),46,Y(А05),02:26,761,2026-06-14 02:32:00,2026-06-14 02:32:00,,2026-06-14 02:37:00,2026-06-14 02:45:00,2026-06-14 02:37:00,2026-06-14 02:45:00,2026-06-14 02:41:00,4.0,3.0,2026-06-14 02:56:00,2026-06-14 02:58:00,,0.0,2026-06-14 02:50:00,2026-06-14 02:55:00,,,,,Фаёзов А. Р.,Победа,Выдача до 30 минут
2026-06-14,4S 315 ,73Х,ШАРМ ЭЛЬ ШЕЙХ(ШАРМ ЭЛЬ ШЕЙХ ИНТЛ.),21,Y(А09),02:40,2186,2026-06-14 02:53:00,2026-06-14 02:59:00,3.0,2026-06-14 02:55:00,2026-06-14 03:07:00,2026-06-14 02:55:00,2026-06-14 03:07:00,2026-06-14 03:12:00,,,2026-06-14 03:04:00,2026-06-14 03:11:00,,0.0,2026-06-14 03:00:00,2026-06-14 03:04:00,2026-06-14 03:08:00,2026-06-14 03:12:00,,,Скулов Е. С.,Red Sea,Выдача до 30 минут
2026-06-14,PC 386 ,32Щ,СТАМБУЛ(САБИХА ГОКЦЕН),20,Y(А10),02:54,3101,2026-06-14 03:07:00,2026-06-14 03:07:00,,2026-06-14 03:09:00,2026-06-14 03:32:00,2026-06-14 03:10:00,2026-06-14 03:32:00,2026-06-14 03:32:00,,1.0,2026-06-14 03:21:00,2026-06-14 03:38:00,,1.0,,,2026-06-14 03:19:00,2026-06-14 03:20:00,2026-06-14 03:39:00,2026-06-14 03:40:00,"Аганин А. А., Галушко В.",Pegasus,Выдача от 30 до 40 минут
2026-06-14,AZO 7008B,СУ9,ТБИЛИСИ(ТБИЛИСИ ИНТЛ.),41A,Y(А11),03:13,952,2026-06-14 03:25:00,2026-06-14 03:28:00,,2026-06-14 03:29:00,2026-06-14 03:38:00,2026-06-14 03:29:00,2026-06-14 03:38:00,2026-06-14 03:35:00,3.0,3.0,2026-06-14 03:55:00,2026-06-14 03:58:00,,3.0,2026-06-14 03:51:00,2026-06-14 03:55:00,,,,,Фаёзов А. Р.,GEORGIAN AIRWAYS,Выдача от 30 до 40 минут
2026-06-14,ДР 1188 ,73Х,МАХАЧКАЛА,63,Y(А05),03:22,369,2026-06-14 03:35:00,2026-06-14 03:37:00,,2026-06-14 03:38:00,2026-06-14 03:42:00,2026-06-14 03:38:00,2026-06-14 03:42:00,2026-06-14 03:41:00,1.0,2.0,2026-06-14 03:51:00,2026-06-14 03:53:00,,0.0,2026-06-14 03:44:00,2026-06-14 03:51:00,,,,,Королев А. А.,Победа,Выдача до 30 минут
2026-06-14,4S 325 ,73Х,ХУРГАДА(ХУРГАДА ИНТЛ.),27,Y(А09),03:27,2136,2026-06-14 03:41:00,2026-06-14 03:44:00,,2026-06-14 03:46:00,2026-06-14 04:07:00,2026-06-14 03:46:00,2026-06-14 04:07:00,2026-06-14 03:59:00,8.0,7.0,2026-06-14 03:56:00,2026-06-14 04:12:00,,1.0,2026-06-14 03:53:00,2026-06-14 03:56:00,2026-06-14 04:09:00,2026-06-14 04:11:00,,,Федоров Н. В.,Red Sea,Выдача от 30 до 40 минут
2026-06-14,NE 600 ,320,ХУРГАДА(ХУРГАДА ИНТЛ.),26,Y(А13),03:36,1925,2026-06-14 03:48:00,2026-06-14 03:50:00,,2026-06-14 03:52:00,2026-06-14 04:10:00,2026-06-14 03:52:00,2026-06-14 04:10:00,2026-06-14 04:05:00,5.0,5.0,2026-06-14 04:04:00,2026-06-14 04:17:00,,0.0,2026-06-14 04:00:00,2026-06-14 04:02:00,2026-06-14 04:15:00,2026-06-14 04:16:00,,,Давлатов Б. Ч.,Nesma Airlines,Выдача до 30 минут
2026-06-14,VF 587 ,73Х,АНКАРА(ЕСЕНБОГА),29,Y(А10),04:04,3085,2026-06-14 04:18:00,2026-06-14 04:22:00,1.0,2026-06-14 04:22:00,2026-06-14 04:41:00,2026-06-14 04:23:00,2026-06-14 04:41:00,2026-06-14 04:43:00,,,2026-06-14 04:30:00,2026-06-14 04:46:00,,0.0,2026-06-14 04:27:00,2026-06-14 04:30:00,2026-06-14 04:40:00,2026-06-14 04:43:00,2026-06-14 04:52:00,2026-06-14 04:55:00,"Минченко А. И., Поляков К. Н.",AJET,Выдача до 30 минут
2026-06-14,AZV 3014 ,75В,АНТАЛЬЯ,62,Y(А12),04:15,2266,2026-06-14 04:47:00,2026-06-14 04:47:00,,2026-06-14 04:50:00,2026-06-14 05:06:00,2026-06-14 04:50:00,2026-06-14 05:06:00,2026-06-14 05:06:00,,1.0,2026-06-14 05:03:00,2026-06-14 05:15:00,,0.0,2026-06-14 05:04:00,2026-06-14 05:09:00,2026-06-14 05:09:00,2026-06-14 05:14:00,,,Ушаков М. В.,АЗУР эйр,Выдача до 30 минут
2026-06-14,PC 1456 ,32Щ,БОДРУМ(МИЛАС),19,Y(А09),04:17,2636,2026-06-14 04:30:00,2026-06-14 04:38:00,5.0,2026-06-14 04:40:00,2026-06-14 04:55:00,2026-06-14 04:40:00,2026-06-14 04:55:00,2026-06-14 04:52:00,3.0,,2026-06-14 04:50:00,2026-06-14 05:03:00,,3.0,2026-06-14 04:45:00,2026-06-14 04:50:00,2026-06-14 04:57:00,2026-06-14 05:03:00,,,"Королев А. А., Кутейников А. В.",Pegasus,Выдача от 30 до 40 минут
2026-06-14,NE 604 ,320,ХУРГАДА(ХУРГАДА ИНТЛ.),21,Y(А09),04:27,1936,2026-06-14 04:38:00,2026-06-14 04:43:00,2.0,2026-06-14 04:49:00,2026-06-14 05:04:00,2026-06-14 04:49:00,2026-06-14 05:04:00,2026-06-14 04:55:00,9.0,2.0,2026-06-14 05:04:00,2026-06-14 05:12:00,6.0,4.0,2026-06-14 05:09:00,2026-06-14 05:13:00,2026-06-14 04:57:00,2026-06-14 05:04:00,,,Аганин А. А.,Nesma Airlines,Выдача от 30 до 40 минут
2026-06-14,VF 277 ,73Х,СТАМБУЛ(САБИХА ГОКЦЕН),24,Y(А11),04:31,2046,2026-06-14 04:43:00,2026-06-14 04:46:00,,2026-06-14 04:46:00,2026-06-14 04:55:00,2026-06-14 04:46:00,2026-06-14 04:55:00,2026-06-14 05:01:00,,,2026-06-14 05:03:00,2026-06-14 05:12:00,,0.0,2026-06-14 04:53:00,2026-06-14 05:03:00,2026-06-14 05:03:00,2026-06-14 05:06:00,,,"Скулов Е. С., Фаёзов А. Р.",AJET,Выдача до 30 минут
2026-06-14,NE 642 ,321,ШАРМ ЭЛЬ ШЕЙХ(ШАРМ ЭЛЬ ШЕЙХ ИНТЛ.),25,Y(А10),04:34,1875,2026-06-14 04:46:00,2026-06-14 04:49:00,,2026-06-14 04:53:00,2026-06-14 05:19:00,2026-06-14 04:53:00,2026-06-14 05:19:00,2026-06-14 05:03:00,16.0,13.0,2026-06-14 05:04:00,2026-06-14 05:23:00,,7.0,2026-06-14 04:59:00,2026-06-14 05:04:00,2026-06-14 05:14:00,2026-06-14 05:22:00,,,Соболь М. Ф.,Nesma Airlines,Выдача от 30 до 40 минут
2026-06-14,TK 419 ,333,СТАМБУЛ(СТАМБУЛ НЬЮ),22,Y(А09),04:52,4245,2026-06-14 05:08:00,2026-06-14 05:15:00,4.0,2026-06-14 05:13:00,2026-06-14 05:38:00,2026-06-14 05:13:00,2026-06-14 05:38:00,2026-06-14 05:40:00,,,2026-06-14 05:35:00,2026-06-14 05:43:00,7.0,5.0,2026-06-14 05:14:00,2026-06-14 05:38:00,2026-06-14 05:22:00,2026-06-14 05:56:00,,,Федоров Н. В.,Turkish Airlines,Выдача от 30 до 40 минут
2026-06-14,PC 390 ,32Щ,СТАМБУЛ(САБИХА ГОКЦЕН),20,Y(А10),05:00,2606,2026-06-14 05:10:00,2026-06-14 05:10:00,,2026-06-14 05:14:00,2026-06-14 05:30:00,2026-06-14 05:14:00,2026-06-14 05:30:00,2026-06-14 05:31:00,,,2026-06-14 05:24:00,2026-06-14 05:36:00,,0.0,2026-06-14 05:21:00,2026-06-14 05:24:00,2026-06-14 05:32:00,2026-06-14 05:37:00,,,"Давлатов Б. Ч., Кутейников А. В.",Pegasus,Выдача до 30 минут
2026-06-14,J2 5830 ,320,ГЯНДЖА,26,Y(А13),05:15,2101,2026-06-14 05:24:00,2026-06-14 05:25:00,,2026-06-14 05:27:00,2026-06-14 05:41:00,2026-06-14 05:27:00,2026-06-14 05:41:00,2026-06-14 05:42:00,,,2026-06-14 05:37:00,2026-06-14 05:48:00,,0.0,2026-06-14 05:29:00,2026-06-14 05:37:00,2026-06-14 05:48:00,2026-06-14 05:49:00,,,Ушаков М. В.,AZAL,Выдача до 30 минут
2026-06-14,4S 313 ,7С8,ШАРМ ЭЛЬ ШЕЙХ(ШАРМ ЭЛЬ ШЕЙХ ИНТЛ.),29,Y(А11),05:37,2190,2026-06-14 05:44:00,2026-06-14 05:48:00,1.0,2026-06-14 05:49:00,2026-06-14 06:03:00,2026-06-14 05:49:00,2026-06-14 06:03:00,2026-06-14 06:03:00,,,2026-06-14 05:58:00,2026-06-14 06:10:00,,0.0,2026-06-14 05:58:00,2026-06-14 05:59:00,2026-06-14 06:07:00,2026-06-14 06:12:00,,,Фаёзов А. Р.,Red Sea,Выдача до 30 минут
2026-06-14,TK 407 ,333,СТАМБУЛ(СТАМБУЛ НЬЮ),23,Y(А09),05:43,4487,2026-06-14 05:52:00,2026-06-14 06:01:00,6.0,2026-06-14 05:57:00,2026-06-14 06:11:00,2026-06-14 05:57:00,2026-06-14 06:11:00,2026-06-14 06:26:00,,,2026-06-14 06:14:00,2026-06-14 06:18:00,2.0,0.0,2026-06-14 06:03:00,2026-06-14 06:14:00,2026-06-14 06:34:00,2026-06-14 06:35:00,,,Минченко А. И.,Turkish Airlines,Выдача до 30 минут
2026-06-14,ДР 408 ,73Х,ЕКАТЕРИНБУРГ(КОЛЬЦОВО),36,Y(А04),05:48,260,2026-06-14 05:53:00,2026-06-14 05:56:00,,2026-06-14 05:57:00,2026-06-14 06:00:00,2026-06-14 05:57:00,2026-06-14 06:00:00,2026-06-14 05:59:00,1.0,1.0,2026-06-14 06:05:00,2026-06-14 06:07:00,,0.0,2026-06-14 06:00:00,2026-06-14 06:06:00,,,,,Баташан В. Ю.,Победа,Выдача до 30 минут
2026-06-14,NE 618 ,320,ХУРГАДА(ХУРГАДА ИНТЛ.),27,Y(А12),05:51,1804,2026-06-14 05:58:00,2026-06-14 06:00:00,,2026-06-14 06:02:00,2026-06-14 06:16:00,2026-06-14 06:02:00,2026-06-14 06:16:00,2026-06-14 06:14:00,2.0,2.0,2026-06-14 06:12:00,2026-06-14 06:22:00,,0.0,2026-06-14 06:08:00,2026-06-14 06:11:00,2026-06-14 06:18:00,2026-06-14 06:21:00,,,Галушко В.,Nesma Airlines,Выдача до 30 минут
2026-06-14,ДР 414 ,73Х,ЧЕЛЯБИНСК(БАЛАНДИНО),43,Y(А05),05:54,640,2026-06-14 06:01:00,2026-06-14 06:04:00,,2026-06-14 06:05:00,2026-06-14 06:07:00,2026-06-14 06:05:00,2026-06-14 06:07:00,2026-06-14 06:09:00,,,2026-06-14 06:15:00,2026-06-14 06:17:00,,0.0,2026-06-14 06:08:00,2026-06-14 06:15:00,,,,,Поляков К. Н.,Победа,Выдача до 30 минут
2026-06-14,PC 1458 ,32Щ,ДАЛАМАН,19,Y(А10),05:57,2836,2026-06-14 06:04:00,2026-06-14 06:06:00,,2026-06-14 06:10:00,2026-06-14 06:24:00,2026-06-14 06:10:00,2026-06-14 06:24:00,2026-06-14 06:27:00,,,2026-06-14 06:20:00,2026-06-14 06:30:00,,0.0,2026-06-14 06:15:00,2026-06-14 06:20:00,2026-06-14 06:25:00,2026-06-14 06:30:00,,,Скулов Е. С.,Pegasus,Выдача до 30 минут
2026-06-14,ЮТ 250 ,734,СОЧИ,10,Y(А06),05:59,694,2026-06-14 06:07:00,2026-06-14 06:08:00,,2026-06-14 06:10:00,2026-06-14 06:15:00,,,2026-06-14 06:16:00,,,2026-06-14 06:19:00,2026-06-14 06:22:00,,0.0,2026-06-14 06:17:00,2026-06-14 06:21:00,,,,,,Ютэйр,Выдача до 30 минут
2026-06-14,ДР 434 ,73Х,ПЕРМЬ(БОЛЬШОЕ САВИНО),37,Y(А05),06:02,436,2026-06-14 06:11:00,2026-06-14 06:11:00,,2026-06-14 06:16:00,2026-06-14 06:21:00,2026-06-14 06:16:00,2026-06-14 06:21:00,2026-06-14 06:18:00,3.0,2.0,2026-06-14 06:14:00,2026-06-14 06:16:00,,0.0,2026-06-14 06:28:00,2026-06-14 06:33:00,,,,,Гафуров О. Ф.,Победа,Выдача до 30 минут
2026-06-14,ХИ 9607 ,32Н,БУХАРА(БУХАРА ИНТЛ.),22,Y(А10),07:14,1806,2026-06-14 07:26:00,2026-06-14 07:26:00,,2026-06-14 07:29:00,2026-06-14 07:44:00,2026-06-14 07:29:00,2026-06-14 07:44:00,2026-06-14 07:42:00,2.0,3.0,2026-06-14 07:40:00,2026-06-14 07:50:00,,0.0,2026-06-14 07:35:00,2026-06-14 07:41:00,2026-06-14 07:44:00,2026-06-14 07:49:00,,,Екимов С. С.,UZBEKISTAN AIRWAYS,Выдача до 30 минут
2026-06-14,ЮТ 764 ,73Е,НАХИЧЕВАНЬ,11,Y(А11),07:22,1591,2026-06-14 07:31:00,2026-06-14 07:33:00,,2026-06-14 07:34:00,2026-06-14 07:40:00,2026-06-14 07:34:00,2026-06-14 07:40:00,2026-06-14 07:46:00,,,2026-06-14 07:50:00,2026-06-14 07:52:00,,0.0,2026-06-14 07:47:00,2026-06-14 07:50:00,,,,,Харитонов- Тихонов И. А.,Ютэйр,Выдача до 30 минут
2026-06-14,ФВ 6019 ,СУ9,САНКТ-ПЕТЕРБУРГ(ПУЛКОВО),8,Y(А04),07:25,57,2026-06-14 07:39:00,2026-06-14 07:40:00,,2026-06-14 07:39:00,2026-06-14 07:40:00,2026-06-14 07:39:00,2026-06-14 07:40:00,2026-06-14 07:43:00,,1.0,2026-06-14 07:43:00,2026-06-14 07:44:00,,0.0,2026-06-14 07:41:00,2026-06-14 07:43:00,,,,,Кейта А. С.,Россия,Выдача до 30 минут
2026-06-14,ДР 742 ,7С8,ТАШКЕНТ(ТАШКЕНТ ИНТЛ.),50,Y(А12),07:29,203,2026-06-14 07:40:00,2026-06-14 07:40:00,,2026-06-14 07:43:00,2026-06-14 07:46:00,2026-06-14 07:43:00,2026-06-14 07:46:00,2026-06-14 07:45:00,1.0,2.0,2026-06-14 07:56:00,2026-06-14 07:57:00,,0.0,2026-06-14 07:47:00,2026-06-14 07:54:00,,,,,Вазиров Т. В.,Победа,Выдача до 30 минут
2026-06-14,AZO 7154 ,СУ9,БАТУМИ,44,Y(А11),07:32,683,2026-06-14 07:42:00,2026-06-14 07:43:00,,2026-06-14 07:45:00,2026-06-14 07:53:00,2026-06-14 07:45:00,2026-06-14 07:53:00,2026-06-14 07:51:00,2.0,3.0,2026-06-14 08:00:00,2026-06-14 08:01:00,,0.0,2026-06-14 07:54:00,2026-06-14 08:00:00,,,,,Аганин А. А.,GEORGIAN AIRWAYS,Выдача до 30 минут
2026-06-14,ХИ 9615 ,320,УРГЕНЧ(УРГЕНЧ ИНТЛ.),26,Y(А09),07:34,1483,2026-06-14 07:48:00,2026-06-14 07:50:00,,2026-06-14 07:52:00,2026-06-14 08:04:00,2026-06-14 07:52:00,2026-06-14 08:04:00,2026-06-14 08:02:00,2.0,2.0,2026-06-14 08:01:00,2026-06-14 08:11:00,,0.0,2026-06-14 07:57:00,2026-06-14 08:01:00,2026-06-14 08:07:00,2026-06-14 08:11:00,,,Лесной Д. А.,UZBEKISTAN AIRWAYS,Выдача до 30 минут
2026-06-14,ЮТ 454 ,735,ТЮМЕНЬ(РОЩИНО),17,Y(А05),07:46,725,2026-06-14 07:53:00,2026-06-14 07:54:00,,2026-06-14 07:57:00,2026-06-14 08:02:00,2026-06-14 07:57:00,2026-06-14 08:02:00,2026-06-14 08:02:00,,,2026-06-14 08:09:00,2026-06-14 08:10:00,,0.0,2026-06-14 08:04:00,2026-06-14 08:09:00,,,,,Коляскин А. Г.,Ютэйр,Выдача до 30 минут
2026-06-14,ЮТ 364 ,73Х,УФА,16,Y(А07),08:10,556,2026-06-14 08:18:00,2026-06-14 08:21:00,,2026-06-14 08:23:00,2026-06-14 08:28:00,2026-06-14 08:23:00,2026-06-14 08:28:00,2026-06-14 08:26:00,2.0,1.0,2026-06-14 08:33:00,2026-06-14 08:34:00,,0.0,2026-06-14 08:29:00,2026-06-14 08:33:00,,,,,Иванов В. А.,Ютэйр,Выдача до 30 минут
2026-06-14,ЮТ 786 ,73Х,ЕРЕВАН(ЗВАРТНОЦ ИНТЛ),27,Y(А13),08:14,1156,2026-06-14 08:25:00,2026-06-14 08:27:00,,2026-06-14 08:27:00,2026-06-14 08:38:00,2026-06-14 08:28:00,2026-06-14 08:38:00,2026-06-14 08:37:00,1.0,2.0,2026-06-14 08:37:00,2026-06-14 08:45:00,,0.0,2026-06-14 08:40:00,2026-06-14 08:44:00,,,,,"Андреев А. М., Кейта А. С.",Ютэйр,Выдача до 30 минут
2026-06-14,ХИ 9613 ,32Н,ТАШКЕНТ(ТАШКЕНТ ИНТЛ.),25,Y(А09),08:19,1974,2026-06-14 08:28:00,2026-06-14 08:31:00,,2026-06-14 08:32:00,2026-06-14 08:46:00,2026-06-14 08:44:00,2026-06-14 08:46:00,2026-06-14 08:45:00,1.0,,2026-06-14 08:41:00,2026-06-14 08:52:00,,0.0,2026-06-14 08:36:00,2026-06-14 08:40:00,2026-06-14 08:48:00,2026-06-14 08:52:00,,,"Фанин - Богданов Анатолий Н. О., Чеканов В. А.",UZBEKISTAN AIRWAYS,Выдача до 30 минут
2026-06-14,ЮТ 248 ,73Х,СУРГУТ,15,Y(А08),08:22,878,2026-06-14 08:30:00,2026-06-14 08:33:00,,2026-06-14 08:33:00,2026-06-14 08:45:00,2026-06-14 08:33:00,2026-06-14 08:45:00,2026-06-14 08:40:00,5.0,6.0,2026-06-14 08:52:00,2026-06-14 08:53:00,2.0,0.0,2026-06-14 08:47:00,2026-06-14 08:52:00,,,,,Едгоров Ф. И.,Ютэйр,Выдача до 30 минут
2026-06-14,ЯК 475 ,73В,ЯКУТСК,58,Y(А06),08:26,975,2026-06-14 08:42:00,2026-06-14 08:44:00,,2026-06-14 08:44:00,2026-06-14 08:51:00,2026-06-14 08:44:00,2026-06-14 08:51:00,2026-06-14 08:53:00,,,2026-06-14 08:57:00,2026-06-14 08:58:00,,0.0,2026-06-14 08:52:00,2026-06-14 08:57:00,,,,,Аганин А. А.,Якутия,Выдача до 30 минут
2026-06-14,ЮТ 808 ,73Х,БУХАРА(БУХАРА ИНТЛ.),19,Y(А12),08:28,999,2026-06-14 08:39:00,2026-06-14 08:40:00,,2026-06-14 08:44:00,2026-06-14 08:53:00,2026-06-14 08:44:00,2026-06-14 08:53:00,2026-06-14 08:50:00,3.0,2.0,2026-06-14 08:58:00,2026-06-14 09:00:00,,0.0,2026-06-14 08:54:00,2026-06-14 08:58:00,,,,,Королёв Е. А.,Ютэйр,Выдача до 30 минут
2026-06-14,ФВ 6051 ,СУ9,САНКТ-ПЕТЕРБУРГ(ПУЛКОВО),9,Y(А04),08:42,66,2026-06-14 08:50:00,2026-06-14 08:54:00,1.0,2026-06-14 08:55:00,2026-06-14 08:57:00,2026-06-14 08:55:00,2026-06-14 08:57:00,2026-06-14 08:54:00,3.0,2.0,2026-06-14 09:00:00,2026-06-14 09:01:00,,0.0,2026-06-14 08:57:00,2026-06-14 09:00:00,,,,,Барабанов А. М.,Россия,Выдача до 30 минут
2026-06-14,ЮТ 560 ,73Х,МАХАЧКАЛА,21,Y(А05),08:49,383,2026-06-14 08:58:00,2026-06-14 09:00:00,,2026-06-14 08:59:00,2026-06-14 09:01:00,2026-06-14 08:59:00,2026-06-14 09:01:00,2026-06-14 09:05:00,,,2026-06-14 09:07:00,2026-06-14 09:09:00,,0.0,2026-06-14 09:02:00,2026-06-14 09:06:00,,,,,"Кузин К. С., Потапов Е. А.",Ютэйр,Выдача до 30 минут
2026-06-14,ФВ 6003 ,СУ9,САНКТ-ПЕТЕРБУРГ(ПУЛКОВО),8,Y(А04),09:19,60,2026-06-14 09:29:00,2026-06-14 09:30:00,,2026-06-14 09:31:00,2026-06-14 09:32:00,2026-06-14 09:31:00,2026-06-14 09:32:00,2026-06-14 09:33:00,,1.0,2026-06-14 09:36:00,2026-06-14 09:37:00,,0.0,2026-06-14 09:33:00,2026-06-14 09:36:00,,,,,Андреев А. М.,Россия,Выдача до 30 минут
2026-06-14,ЮТ 572 ,73Х,КРАСНОЯРСК,24,Y(А07),09:46,698,2026-06-14 09:55:00,2026-06-14 09:58:00,,2026-06-14 09:58:00,2026-06-14 10:04:00,2026-06-14 09:58:00,2026-06-14 10:04:00,2026-06-14 10:04:00,,1.0,2026-06-14 10:09:00,2026-06-14 10:15:00,,0.0,2026-06-14 10:05:00,2026-06-14 10:08:00,,,,,Харитонов- Тихонов И. А.,Ютэйр,Выдача до 30 минут
2026-06-14,3F 321 ,321,ЕРЕВАН(ЗВАРТНОЦ ИНТЛ),29,Y(А13),09:52,2041,2026-06-14 10:03:00,2026-06-14 10:07:00,1.0,2026-06-14 10:06:00,2026-06-14 10:17:00,2026-06-14 10:06:00,2026-06-14 10:17:00,2026-06-14 10:21:00,,,2026-06-14 10:15:00,2026-06-14 10:23:00,,0.0,2026-06-14 10:11:00,2026-06-14 10:15:00,2026-06-14 10:18:00,2026-06-14 10:22:00,,,"Вазиров Т. В., Коляскин А. Г.",FLYONE Armenia,Выдача до 30 минут
2026-06-14,КГ 555 ,320,ОШ,18,Y(А13),10:05,2872,2026-06-14 10:15:00,2026-06-14 10:16:00,,2026-06-14 10:18:00,2026-06-14 10:36:00,2026-06-14 10:18:00,2026-06-14 10:36:00,2026-06-14 10:38:00,,,2026-06-14 10:28:00,2026-06-14 10:44:00,,0.0,2026-06-14 10:23:00,2026-06-14 10:28:00,2026-06-14 10:36:00,2026-06-14 10:42:00,,,"Екимов С. С., Чеканов В. А.",Aero Nomad,Выдача до 30 минут
2026-06-14,ЮТ 356 ,73Е,ГРОЗНЫЙ(СЕВЕРНЫЙ),14,Y(А04),10:11,178,2026-06-14 10:20:00,2026-06-14 10:21:00,,2026-06-14 10:33:00,2026-06-14 10:34:00,2026-06-14 10:33:00,2026-06-14 10:34:00,2026-06-14 10:25:00,9.0,,2026-06-14 10:38:00,2026-06-14 10:39:00,,0.0,2026-06-14 10:35:00,2026-06-14 10:38:00,,,,,Кейта А. С.,Ютэйр,Выдача до 30 минут
2026-06-14,DV 801 ,7М8,ШЫМКЕНТ(ШЫМКЕНТ ИНТЛ.),20,Y(А13),10:26,1153,2026-06-14 10:36:00,2026-06-14 10:38:00,,2026-06-14 10:38:00,2026-06-14 10:47:00,2026-06-14 10:38:00,2026-06-14 10:47:00,2026-06-14 10:48:00,,1.0,2026-06-14 10:54:00,2026-06-14 10:55:00,,0.0,2026-06-14 10:48:00,2026-06-14 10:53:00,,,,,Вазиров Т. В.,SCAT Airlines,Выдача до 30 минут
2026-06-14,ФВ 6005 ,СУ9,САНКТ-ПЕТЕРБУРГ(ПУЛКОВО),10,Y(А04),10:32,182,2026-06-14 10:45:00,2026-06-14 10:47:00,,2026-06-14 10:48:00,2026-06-14 10:51:00,2026-06-14 10:48:00,2026-06-14 10:51:00,2026-06-14 10:50:00,1.0,2.0,2026-06-14 10:53:00,2026-06-14 10:54:00,,0.0,2026-06-14 10:50:00,2026-06-14 10:53:00,,,,,Королёв Е. А.,Россия,Выдача до 30 минут
2026-06-14,ЮТ 446 ,73Е,КОГАЛЫМ,15,Y(А04),10:53,287,2026-06-14 11:02:00,2026-06-14 11:02:00,,2026-06-14 11:05:00,2026-06-14 11:10:00,2026-06-14 11:05:00,2026-06-14 11:10:00,2026-06-14 11:08:00,2.0,3.0,2026-06-14 11:13:00,2026-06-14 11:14:00,,0.0,2026-06-14 11:09:00,2026-06-14 11:13:00,,,,,Барабанов А. М.,Ютэйр,Выдача до 30 минут
2026-06-14,TK 413 ,333,СТАМБУЛ(СТАМБУЛ НЬЮ),22,Y(А09),10:58,4487,2026-06-14 11:11:00,2026-06-14 11:13:00,,2026-06-14 11:14:00,2026-06-14 11:30:00,2026-06-14 11:18:00,2026-06-14 11:30:00,2026-06-14 11:45:00,,,2026-06-14 11:28:00,2026-06-14 11:36:00,,0.0,2026-06-14 11:29:00,2026-06-14 11:40:00,2026-06-14 11:46:00,2026-06-14 11:48:00,,,"Андреев А. М., Кузин К. С.",Turkish Airlines,Выдача до 30 минут
2026-06-14,ФВ 6007 ,СУ9,САНКТ-ПЕТЕРБУРГ(ПУЛКОВО),8,Y(А04),11:22,170,2026-06-14 11:35:00,2026-06-14 11:36:00,,2026-06-14 11:38:00,2026-06-14 11:41:00,2026-06-14 11:38:00,2026-06-14 11:41:00,2026-06-14 11:40:00,1.0,2.0,2026-06-14 11:44:00,2026-06-14 11:46:00,,0.0,2026-06-14 11:42:00,2026-06-14 11:44:00,,,,,Барабанов А. М.,Россия,Выдача до 30 минут
2026-06-14,ЖГ 936 ,73Х,ТБИЛИСИ(ТБИЛИСИ ИНТЛ.),30,Y(А12),11:36,1654,2026-06-14 11:47:00,2026-06-14 11:58:00,8.0,2026-06-14 11:51:00,2026-06-14 12:03:00,2026-06-14 11:51:00,2026-06-14 12:03:00,2026-06-14 12:02:00,1.0,1.0,2026-06-14 12:00:00,2026-06-14 12:07:00,,0.0,2026-06-14 11:57:00,2026-06-14 12:00:00,2026-06-14 12:04:00,2026-06-14 12:08:00,,,Кейта А. С.,GEORGIAN AIRWAYS,Выдача до 30 минут
2026-06-14,J2 807 ,320,БАКУ(ИМ. ГЕЙДАРА АЛИЕВА),26,Y(А11),11:41,1862,2026-06-14 11:52:00,2026-06-14 11:53:00,,2026-06-14 11:55:00,2026-06-14 12:09:00,2026-06-14 11:56:00,2026-06-14 12:09:00,2026-06-14 12:08:00,1.0,1.0,2026-06-14 12:05:00,2026-06-14 12:12:00,,0.0,2026-06-14 12:01:00,2026-06-14 12:05:00,2026-06-14 12:08:00,2026-06-14 12:12:00,,,"Гафуров О. Ф., Едгоров Ф. И.",AZAL,Выдача до 30 минут
2026-06-14,ФВ 6013 ,СУ9,САНКТ-ПЕТЕРБУРГ(ПУЛКОВО),9,Y(А04),11:55,100,2026-06-14 12:03:00,2026-06-14 12:03:00,,2026-06-14 12:07:00,2026-06-14 12:08:00,2026-06-14 12:07:00,2026-06-14 12:08:00,2026-06-14 12:08:00,,,2026-06-14 12:12:00,2026-06-14 12:13:00,,0.0,2026-06-14 12:09:00,2026-06-14 12:11:00,,,,,Иванов В. А.,Россия,Выдача до 30 минут
2026-06-14,TK 3070 ,321,АНТАЛЬЯ,25,Y(А11),12:13,2280,2026-06-14 12:24:00,2026-06-14 12:27:00,,2026-06-14 12:28:00,2026-06-14 12:44:00,2026-06-14 12:28:00,2026-06-14 12:44:00,2026-06-14 12:43:00,1.0,1.0,2026-06-14 12:39:00,2026-06-14 12:47:00,,0.0,2026-06-14 12:45:00,2026-06-14 12:47:00,,,,,Чеканов В. А.,Turkish Airlines,Выдача до 30 минут
2026-06-14,TK 3076 ,321,ДАЛАМАН,19,Y(А09),12:16,2213,2026-06-14 12:26:00,2026-06-14 12:27:00,,2026-06-14 12:32:00,2026-06-14 12:39:00,2026-06-14 12:32:00,2026-06-14 12:39:00,2026-06-14 12:45:00,,,2026-06-14 12:41:00,2026-06-14 12:45:00,,0.0,2026-06-14 12:39:00,2026-06-14 12:47:00,,,,,Екимов С. С.,Turkish Airlines,Выдача до 30 минут
2026-06-14,TK 1231 ,32Б,АНТАЛЬЯ,29,Y(А09),12:21,2374,2026-06-14 12:31:00,2026-06-14 12:32:00,,2026-06-14 12:37:00,2026-06-14 12:48:00,2026-06-14 12:37:00,2026-06-14 12:48:00,2026-06-14 12:51:00,,,2026-06-14 12:40:00,2026-06-14 12:51:00,,0.0,2026-06-14 12:51:00,2026-06-14 12:54:00,,,,,Коляскин А. Г.,Turkish Airlines,Выдача до 30 минут
2026-06-14,TK 3012 ,321,АНТАЛЬЯ,23,Y(А10),12:28,2420,2026-06-14 12:39:00,2026-06-14 12:41:00,,2026-06-14 12:44:00,2026-06-14 12:54:00,2026-06-14 12:44:00,2026-06-14 12:54:00,2026-06-14 12:59:00,,,2026-06-14 12:56:00,2026-06-14 13:01:00,,0.0,2026-06-14 12:51:00,2026-06-14 12:57:00,2026-06-14 12:51:00,2026-06-14 13:01:00,,,Барабанов А. М.,Turkish Airlines,Выдача до 30 минут
2026-06-14,TK 3024 ,321,АНТАЛЬЯ,21,Y(А09),12:34,2688,2026-06-14 12:42:00,2026-06-14 12:49:00,4.0,2026-06-14 12:49:00,2026-06-14 13:00:00,2026-06-14 12:49:00,2026-06-14 13:00:00,2026-06-14 13:04:00,,,2026-06-14 13:00:00,2026-06-14 13:07:00,,0.0,2026-06-14 12:49:00,2026-06-14 13:00:00,2026-06-14 13:00:00,2026-06-14 13:07:00,,,Фанин - Богданов Анатолий Н. О.,Turkish Airlines,Выдача до 30 минут
2026-06-14,ФВ 6009 ,СУ9,САНКТ-ПЕТЕРБУРГ(ПУЛКОВО),10,Y(А04),12:37,185,2026-06-14 12:47:00,2026-06-14 12:49:00,,2026-06-14 12:50:00,2026-06-14 12:53:00,2026-06-14 12:50:00,2026-06-14 12:53:00,2026-06-14 12:52:00,1.0,2.0,2026-06-14 12:57:00,2026-06-14 12:58:00,,0.0,2026-06-14 12:54:00,2026-06-14 12:58:00,,,,,Харитонов- Тихонов И. А.,Россия,Выдача до 30 минут
2026-06-14,TK 3046 ,321,АНТАЛЬЯ,20,Y(А10),12:42,2727,2026-06-14 12:51:00,2026-06-14 12:54:00,,2026-06-14 13:09:00,2026-06-14 13:16:00,2026-06-14 13:09:00,2026-06-14 13:16:00,2026-06-14 13:13:00,3.0,,2026-06-14 13:19:00,2026-06-14 13:24:00,8.0,3.0,2026-06-14 13:09:00,2026-06-14 13:19:00,2026-06-14 13:15:00,2026-06-14 13:25:00,,,Харитонов- Тихонов И. А.,Turkish Airlines,Выдача от 30 до 40 минут
2026-06-14,TK 3164 ,32Б,БОДРУМ(МИЛАС),18,Y(А10),12:50,2216,2026-06-14 13:00:00,2026-06-14 13:04:00,1.0,2026-06-14 13:05:00,2026-06-14 13:18:00,2026-06-14 13:05:00,2026-06-14 13:18:00,2026-06-14 13:19:00,,,2026-06-14 13:16:00,2026-06-14 13:24:00,,0.0,2026-06-14 13:18:00,2026-06-14 13:23:00,,,,,Иванов В. А.,Turkish Airlines,Выдача до 30 минут
2026-06-14,ДР 424 ,7С8,САМАРА(КУРУМОЧ),47,Y(А05),13:02,427,2026-06-14 13:11:00,2026-06-14 13:13:00,,2026-06-14 13:12:00,2026-06-14 13:15:00,2026-06-14 13:12:00,2026-06-14 13:15:00,2026-06-14 13:18:00,,,2026-06-14 13:24:00,2026-06-14 13:25:00,,0.0,2026-06-14 13:17:00,2026-06-14 13:25:00,,,,,Андреев А. М.,Победа,Выдача до 30 минут
2026-06-14,ДР 714 ,7С8,САМАРКАНД(САМАРКАНД ИНТЛ.),48,Y(А12),13:06,174,2026-06-14 13:16:00,2026-06-14 13:17:00,,2026-06-14 13:19:00,2026-06-14 13:21:00,2026-06-14 13:19:00,2026-06-14 13:21:00,2026-06-14 13:21:00,,1.0,2026-06-14 13:27:00,2026-06-14 13:28:00,,0.0,2026-06-14 13:20:00,2026-06-14 13:27:00,,,,,Едгоров Ф. И.,Победа,Выдача до 30 минут
2026-06-14,TK 417 ,321,СТАМБУЛ(СТАМБУЛ НЬЮ),25,Y(А09),13:23,2284,2026-06-14 13:34:00,2026-06-14 13:37:00,,2026-06-14 13:37:00,2026-06-14 13:54:00,2026-06-14 13:37:00,2026-06-14 13:54:00,2026-06-14 13:53:00,1.0,2.0,2026-06-14 13:54:00,2026-06-14 14:03:00,,0.0,2026-06-14 13:51:00,2026-06-14 14:04:00,,,,,Чеканов В. А.,Turkish Airlines,Выдача до 30 минут
2026-06-14,ДР 114 ,7С8,СОЧИ,49,Y(А05),13:25,662,2026-06-14 13:33:00,2026-06-14 13:35:00,,2026-06-14 13:36:00,2026-06-14 13:42:00,2026-06-14 13:36:00,2026-06-14 13:42:00,2026-06-14 13:41:00,1.0,2.0,2026-06-14 13:47:00,2026-06-14 13:49:00,,0.0,2026-06-14 13:44:00,2026-06-14 13:47:00,,,,,Королёв Е. А.,Победа,Выдача до 30 минут
2026-06-14,ФВ 6025 ,СУ9,САНКТ-ПЕТЕРБУРГ(ПУЛКОВО),8,Y(А04),13:33,157,2026-06-14 13:43:00,2026-06-14 13:43:00,,2026-06-14 13:47:00,2026-06-14 13:49:00,2026-06-14 13:47:00,2026-06-14 13:49:00,2026-06-14 13:48:00,1.0,1.0,2026-06-14 13:53:00,2026-06-14 13:54:00,,0.0,2026-06-14 13:51:00,2026-06-14 13:52:00,,,,,Кузин К. С.,Россия,Выдача до 30 минут
2026-06-14,PC 388 ,32Щ,СТАМБУЛ(САБИХА ГОКЦЕН),19,Y(А11),13:42,2313,2026-06-14 13:53:00,2026-06-14 13:52:00,-1.0,2026-06-14 13:54:00,2026-06-14 14:12:00,2026-06-14 13:58:00,2026-06-14 14:12:00,2026-06-14 14:12:00,,,2026-06-14 14:07:00,2026-06-14 14:19:00,,0.0,2026-06-14 14:01:00,2026-06-14 14:07:00,2026-06-14 14:13:00,2026-06-14 14:17:00,,,"Барабанов А. М., Харитонов- Тихонов И. А.",Pegasus,Выдача до 30 минут
2026-06-14,NE 620 ,320,ХУРГАДА(ХУРГАДА ИНТЛ.),27,Y(А12),13:54,1391,2026-06-14 14:06:00,2026-06-14 14:08:00,,2026-06-14 14:14:00,2026-06-14 14:23:00,2026-06-14 14:14:00,2026-06-14 14:23:00,2026-06-14 14:19:00,4.0,,2026-06-14 14:23:00,2026-06-14 14:28:00,,0.0,2026-06-14 14:15:00,2026-06-14 14:20:00,2026-06-14 14:25:00,2026-06-14 14:27:00,,,Кузин К. С.,Nesma Airlines,Выдача до 30 минут
2026-06-14,ЮТ 334 ,735,НАРЬЯН-МАР,15,Y(А06),14:20,936,2026-06-14 14:27:00,2026-06-14 14:27:00,,2026-06-14 14:36:00,2026-06-14 14:46:00,2026-06-14 14:36:00,2026-06-14 14:46:00,2026-06-14 14:37:00,9.0,4.0,2026-06-14 14:52:00,2026-06-14 14:53:00,5.0,0.0,2026-06-14 14:47:00,2026-06-14 14:51:00,,,,,Андреев А. М.,Ютэйр,Выдача до 30 минут
2026-06-14,ДР 262 ,7С8,КАЛИНИНГРАД(ХРАБРОВО),50,Y(А05),14:43,429,-1,,,2026-06-14 14:53:00,2026-06-14 14:58:00,2026-06-14 14:53:00,2026-06-14 14:58:00,,,2.0,2026-06-14 15:05:00,2026-06-14 15:06:00,,0.0,2026-06-14 14:59:00,2026-06-14 15:05:00,,,,,Королёв Е. А.,Победа,Некорректно проставлены отметки
2026-06-14,ЮБГ 509 ,735,ЕРЕВАН(ЗВАРТНОЦ ИНТЛ),28,Y(А13),14:51,1952,2026-06-14 15:01:00,2026-06-14 15:04:00,,2026-06-14 15:04:00,2026-06-14 15:23:00,2026-06-14 15:05:00,2026-06-14 15:23:00,2026-06-14 15:18:00,5.0,5.0,2026-06-14 15:13:00,2026-06-14 15:22:00,,0.0,2026-06-14 15:17:00,2026-06-14 15:21:00,2026-06-14 15:11:00,2026-06-14 15:13:00,,,"Едгоров Ф. И., Чеканов В. А.",Shirak Avia,Выдача до 30 минут
2026-06-14,ЮТ 744 ,734,ГЯНДЖА,11,Y(А11),15:05,1431,2026-06-14 15:16:00,2026-06-14 15:19:00,,2026-06-14 15:18:00,2026-06-14 15:28:00,2026-06-14 15:18:00,2026-06-14 15:28:00,2026-06-14 15:30:00,,,2026-06-14 15:30:00,2026-06-14 15:34:00,,0.0,2026-06-14 15:24:00,2026-06-14 15:29:00,2026-06-14 15:29:00,2026-06-14 15:34:00,,,Харитонов- Тихонов И. А.,Ютэйр,Выдача до 30 минут
2026-06-14,ДР 170 ,73Х,МИНЕРАЛЬНЫЕ ВОДЫ,47,Y(А07),15:13,958,2026-06-14 15:21:00,2026-06-14 15:24:00,,2026-06-14 15:24:00,2026-06-14 15:38:00,2026-06-14 15:30:00,2026-06-14 15:38:00,2026-06-14 15:31:00,7.0,2.0,2026-06-14 15:36:00,2026-06-14 15:37:00,,0.0,2026-06-14 15:31:00,2026-06-14 15:36:00,,,,,"Кузин К. С., Фанин - Богданов Анатолий Н. О.",Победа,Выдача до 30 минут
2026-06-14,ФВ 6027 ,СУ9,САНКТ-ПЕТЕРБУРГ(ПУЛКОВО),9,Y(А04),15:16,177,2026-06-14 15:26:00,2026-06-14 15:26:00,,2026-06-14 15:31:00,2026-06-14 15:33:00,2026-06-14 15:31:00,2026-06-14 15:33:00,2026-06-14 15:31:00,2.0,1.0,2026-06-14 15:36:00,2026-06-14 15:37:00,,0.0,2026-06-14 15:33:00,2026-06-14 15:36:00,,,,,Коляскин А. Г.,Россия,Выдача до 30 минут
2026-06-14,ФВ 6031 ,СУ9,САНКТ-ПЕТЕРБУРГ(ПУЛКОВО),8,Y(А04),16:34,460,2026-06-14 16:42:00,2026-06-14 16:45:00,,2026-06-14 16:46:00,2026-06-14 16:54:00,2026-06-14 16:46:00,2026-06-14 16:54:00,2026-06-14 16:49:00,5.0,5.0,2026-06-14 16:54:00,2026-06-14 16:55:00,,0.0,2026-06-14 16:58:00,2026-06-14 17:00:00,,,,,Иванов В. А.,Россия,Выдача до 30 минут
2026-06-14,ЖГ 926 ,73Й,ТБИЛИСИ(ТБИЛИСИ ИНТЛ.),30,Y(А10),16:58,1970,2026-06-14 17:07:00,2026-06-14 17:08:00,,2026-06-14 17:18:00,2026-06-14 17:30:00,2026-06-14 17:18:00,2026-06-14 17:30:00,2026-06-14 17:24:00,6.0,,2026-06-14 17:34:00,2026-06-14 17:35:00,7.0,0.0,2026-06-14 17:23:00,2026-06-14 17:27:00,2026-06-14 17:31:00,2026-06-14 17:34:00,,,"Едгоров Ф. И., Харитонов- Тихонов И. А.",GEORGIAN AIRWAYS,Выдача до 30 минут
2026-06-14,ЮТ 276 ,73Х,СОЧИ,12,Y(А06),17:27,1063,2026-06-14 17:35:00,2026-06-14 17:38:00,,2026-06-14 17:38:00,2026-06-14 17:47:00,2026-06-14 17:38:00,2026-06-14 17:47:00,2026-06-14 17:46:00,1.0,2.0,2026-06-14 17:49:00,2026-06-14 17:51:00,,0.0,2026-06-14 17:45:00,2026-06-14 17:49:00,,,,,Давлатов Б. Ч.,Ютэйр,Выдача до 30 минут
2026-06-14,ЮТ 596 ,73Е,УСИНСК,14,Y(А07),17:31,731,2026-06-14 17:41:00,2026-06-14 17:42:00,,2026-06-14 17:43:00,2026-06-14 17:49:00,2026-06-14 17:43:00,2026-06-14 17:49:00,2026-06-14 17:50:00,,1.0,2026-06-14 17:54:00,2026-06-14 17:56:00,,0.0,2026-06-14 17:51:00,2026-06-14 17:54:00,,,,,Фанин - Богданов Анатолий Н. О.,Ютэйр,Выдача до 30 минут
2026-06-14,ФВ 6037 ,СУ9,САНКТ-ПЕТЕРБУРГ(ПУЛКОВО),9,Y(А05),17:33,314,2026-06-14 17:41:00,2026-06-14 17:42:00,,2026-06-14 17:46:00,2026-06-14 17:50:00,2026-06-14 17:46:00,2026-06-14 17:50:00,2026-06-14 17:47:00,3.0,2.0,2026-06-14 17:53:00,2026-06-14 17:54:00,,0.0,2026-06-14 17:51:00,2026-06-14 17:53:00,,,,,Иванов В. А.,Россия,Выдача до 30 минут
2026-06-14,ФВ 6175 ,СУ9,САНКТ-ПЕТЕРБУРГ(ПУЛКОВО),10,Y(А04),18:00,203,2026-06-14 18:09:00,2026-06-14 18:11:00,,2026-06-14 18:11:00,2026-06-14 18:14:00,2026-06-14 18:11:00,2026-06-14 18:14:00,2026-06-14 18:14:00,,2.0,2026-06-14 18:13:00,2026-06-14 18:14:00,,0.0,2026-06-14 18:13:00,2026-06-14 18:15:00,,,,,Чеканов В. А.,Россия,Выдача до 30 минут
2026-06-14,TK 415 ,333,СТАМБУЛ(СТАМБУЛ НЬЮ),22,Y(А10),18:05,3696,2026-06-14 18:15:00,2026-06-14 18:19:00,1.0,2026-06-14 18:20:00,2026-06-14 18:34:00,2026-06-14 18:21:00,2026-06-14 18:34:00,2026-06-14 18:44:00,,,2026-06-14 18:33:00,2026-06-14 18:42:00,,0.0,2026-06-14 18:30:00,2026-06-14 18:41:00,2026-06-14 18:31:00,2026-06-14 18:43:00,,,"Екимов С. С., Фанин - Богданов Анатолий Н. О.",Turkish Airlines,Выдача до 30 минут
2026-06-14,ФВ 6011 ,СУ9,САНКТ-ПЕТЕРБУРГ(ПУЛКОВО),8,Y(А04),18:08,186,2026-06-14 18:16:00,2026-06-14 18:18:00,,2026-06-14 18:19:00,2026-06-14 18:23:00,2026-06-14 18:19:00,2026-06-14 18:23:00,2026-06-14 18:21:00,2.0,3.0,2026-06-14 18:21:00,2026-06-14 18:22:00,,0.0,2026-06-14 18:21:00,2026-06-14 18:24:00,,,,,Давлатов Б. Ч.,Россия,Выдача до 30 минут
2026-06-14,ЯМ 624 ,73Г,САНКТ-ПЕТЕРБУРГ(ПУЛКОВО),1,Y(А05),18:11,457,2026-06-14 18:20:00,2026-06-14 18:20:00,,2026-06-14 18:22:00,2026-06-14 18:25:00,2026-06-14 18:22:00,2026-06-14 18:25:00,2026-06-14 18:27:00,,,2026-06-14 18:26:00,2026-06-14 18:28:00,,0.0,2026-06-14 18:29:00,2026-06-14 18:31:00,,,,,Коляскин А. Г.,Алроса,Выдача до 30 минут
2026-06-14,PBD 980 ,73Х,АНТАЛЬЯ,48,Y(А10),18:13,1924,2026-06-14 18:20:00,2026-06-14 18:23:00,,2026-06-14 18:23:00,2026-06-14 18:37:00,2026-06-14 18:23:00,2026-06-14 18:37:00,2026-06-14 18:37:00,,1.0,2026-06-14 18:37:00,2026-06-14 18:48:00,,0.0,2026-06-14 18:30:00,2026-06-14 18:35:00,2026-06-14 18:40:00,2026-06-14 18:48:00,,,Кейта А. С.,Победа,Выдача до 30 минут
2026-06-14,А4 7010 ,СУ9,ТБИЛИСИ(ТБИЛИСИ ИНТЛ.),24,Y(А12),18:24,993,2026-06-14 18:41:00,2026-06-14 18:42:00,,2026-06-14 18:41:00,2026-06-14 18:50:00,2026-06-14 18:41:00,2026-06-14 18:50:00,2026-06-14 18:52:00,,2.0,2026-06-14 18:56:00,2026-06-14 18:59:00,,0.0,2026-06-14 18:52:00,2026-06-14 18:56:00,,,,,Кузин К. С.,Азимут,Выдача до 30 минут
2026-06-14,3F 325 ,320,ЕРЕВАН(ЗВАРТНОЦ ИНТЛ),25,Y(А13),18:37,1416,2026-06-14 18:45:00,2026-06-14 18:46:00,,2026-06-14 18:49:00,2026-06-14 19:00:00,2026-06-14 18:49:00,2026-06-14 19:00:00,2026-06-14 18:58:00,2.0,2.0,2026-06-14 19:00:00,2026-06-14 19:05:00,,0.0,2026-06-14 18:56:00,2026-06-14 19:00:00,2026-06-14 19:02:00,2026-06-14 19:06:00,,,"Барабанов А. М., Давлатов Б. Ч.",FLYONE Armenia,Выдача до 30 минут
2026-06-14,ОП 914 ,СУ9,НАДЫМ,Б36,Y(А04),18:38,222,2026-06-14 18:43:00,2026-06-14 18:46:00,,2026-06-14 18:46:00,2026-06-14 18:51:00,2026-06-14 18:46:00,2026-06-14 18:51:00,2026-06-14 18:48:00,3.0,4.0,,-1,,0.0,2026-06-14 18:52:00,2026-06-14 19:08:00,,,,,Вазиров Т. В.,Якутия,Некорректно проставлены отметки
2026-06-14,ДР 836 ,73Х,ГАЗИПАША,47,Y(А11),18:44,1406,2026-06-14 18:48:00,2026-06-14 18:53:00,2.0,2026-06-14 18:50:00,2026-06-14 18:59:00,2026-06-14 18:51:00,2026-06-14 18:59:00,2026-06-14 19:01:00,,,2026-06-14 19:03:00,2026-06-14 19:06:00,,0.0,2026-06-14 19:00:00,2026-06-14 19:04:00,2026-06-14 19:00:00,2026-06-14 19:06:00,,,"Андреев А. М., Едгоров Ф. И.",Победа,Выдача до 30 минут
2026-06-14,ЮТ 464 ,73Х,ТЮМЕНЬ(РОЩИНО),17,Y(А06),18:46,926,2026-06-14 18:54:00,2026-06-14 18:54:00,,2026-06-14 18:57:00,2026-06-14 19:03:00,2026-06-14 18:57:00,2026-06-14 19:03:00,2026-06-14 19:04:00,,,2026-06-14 19:13:00,2026-06-14 19:14:00,,0.0,2026-06-14 19:05:00,2026-06-14 19:12:00,,,,,Королёв Е. А.,Ютэйр,Выдача до 30 минут
2026-06-14,FZ 989 ,7М8,ДУБАЙ(ДУБАЙ ИНТЛ.),30,Y(А09),18:48,2311,2026-06-14 18:59:00,2026-06-14 19:01:00,,2026-06-14 19:04:00,2026-06-14 19:26:00,2026-06-14 19:04:00,2026-06-14 19:26:00,2026-06-14 19:18:00,8.0,7.0,2026-06-14 19:13:00,2026-06-14 19:31:00,,2.0,2026-06-14 19:26:00,2026-06-14 19:31:00,2026-06-14 19:10:00,2026-06-14 19:13:00,,,"Фанин - Богданов Анатолий Н. О., Харитонов- Тихонов И. А.",flydubai,Выдача от 30 до 40 минут
2026-06-14,В2 983 ,Е95,МИНСК(МИНСК ИНТЛ.),29,Y(А13),19:01,730,2026-06-14 19:11:00,2026-06-14 19:13:00,,2026-06-14 19:17:00,2026-06-14 19:22:00,2026-06-14 19:17:00,2026-06-14 19:22:00,2026-06-14 19:20:00,2.0,,2026-06-14 19:34:00,2026-06-14 19:35:00,3.0,0.0,2026-06-14 19:23:00,2026-06-14 19:26:00,,,,,Науну М.,Белавиа,Выдача до 30 минут
2026-06-14,ДР 856 ,73Х,ГЮМРИ(ШИРАК),49,Y(А13),19:04,1156,2026-06-14 19:15:00,2026-06-14 19:19:00,1.0,2026-06-14 19:18:00,2026-06-14 19:27:00,2026-06-14 19:18:00,2026-06-14 19:27:00,2026-06-14 19:27:00,,1.0,2026-06-14 19:55:00,2026-06-14 19:56:00,10.0,11.0,2026-06-14 19:26:00,2026-06-14 19:34:00,,,,,Фаёзов А. Р.,Победа,Выдача более 40 минут
2026-06-14,ФВ 6177 ,СУ9,САНКТ-ПЕТЕРБУРГ(ПУЛКОВО),9,Y(А04),19:13,292,2026-06-14 19:23:00,2026-06-14 19:24:00,,2026-06-14 19:25:00,2026-06-14 19:27:00,2026-06-14 19:25:00,2026-06-14 19:27:00,2026-06-14 19:29:00,,,2026-06-14 19:30:00,2026-06-14 19:31:00,,0.0,2026-06-14 19:28:00,2026-06-14 19:30:00,,,,,Баташан В. Ю.,Россия,Выдача до 30 минут
2026-06-14,ДР 466 ,7С8,УЛЬЯНОВСК(БАРАТАЕВКА),46,Y(А07),19:18,599,2026-06-14 19:27:00,2026-06-14 19:30:00,,2026-06-14 19:33:00,2026-06-14 19:36:00,2026-06-14 19:33:00,2026-06-14 19:36:00,2026-06-14 19:35:00,1.0,,2026-06-14 19:43:00,2026-06-14 19:44:00,,0.0,2026-06-14 19:38:00,2026-06-14 19:43:00,,,,,Саидов А. С.,Победа,Выдача до 30 минут
2026-06-14,ДР 964 ,73Х,ДАЛАМАН,48,Y(А11),19:25,1746,2026-06-14 19:32:00,2026-06-14 19:36:00,1.0,2026-06-14 19:39:00,2026-06-14 19:53:00,2026-06-14 19:39:00,2026-06-14 19:53:00,2026-06-14 19:48:00,5.0,2.0,2026-06-14 19:52:00,2026-06-14 20:04:00,,2.0,2026-06-14 19:44:00,2026-06-14 19:52:00,2026-06-14 19:57:00,2026-06-14 20:05:00,,,Бородин А. В.,Победа,Выдача от 30 до 40 минут
2026-06-14,ФВ 6015 ,СУ9,САНКТ-ПЕТЕРБУРГ(ПУЛКОВО),10,Y(А04),19:28,109,2026-06-14 19:35:00,2026-06-14 19:36:00,,2026-06-14 19:41:00,2026-06-14 19:42:00,2026-06-14 19:41:00,2026-06-14 19:42:00,2026-06-14 19:40:00,2.0,,2026-06-14 19:45:00,2026-06-14 19:46:00,,0.0,2026-06-14 19:42:00,2026-06-14 19:44:00,,,,,Гаджиев Н. Т.,Россия,Выдача до 30 минут
2026-06-14,ЮТ 296 ,73Х,СУРГУТ,11,Y(А05),19:33,601,2026-06-14 19:44:00,2026-06-14 19:46:00,,2026-06-14 19:47:00,2026-06-14 19:52:00,2026-06-14 19:47:00,2026-06-14 19:52:00,2026-06-14 19:52:00,,1.0,2026-06-14 19:58:00,2026-06-14 19:59:00,,0.0,2026-06-14 19:52:00,2026-06-14 19:54:00,,,,,Лесной Д. А.,Ютэйр,Выдача до 30 минут
2026-06-14,ЮТ 400 ,73Х,ГРОЗНЫЙ(СЕВЕРНЫЙ),15,Y(А08),19:42,608,2026-06-14 19:52:00,2026-06-14 19:54:00,,2026-06-14 19:53:00,2026-06-14 19:59:00,2026-06-14 19:53:00,2026-06-14 19:59:00,2026-06-14 20:00:00,,2.0,2026-06-14 20:06:00,2026-06-14 20:09:00,,0.0,2026-06-14 20:02:00,2026-06-14 20:06:00,,,,,"Прохачев И. А., Фартушный А. И.",Ютэйр,Выдача до 30 минут
2026-06-14,ВГ 2390 ,ЯК4,ВОЛОГДА,45,0,20:09,0,2026-06-14 20:14:00,2026-06-14 20:15:00,,2026-06-14 20:17:00,2026-06-14 20:19:00,2026-06-14 20:17:00,2026-06-14 20:19:00,,,2.0,,-1,,0.0,,,,,,,Екимов С. С.,Вологодское АП,Не определено
2026-06-14,ХИ 9627 ,32Н,ФЕРГАНА(ФЕРГАНА ИНТЛ.),27,Y(А10),20:16,1917,2026-06-14 20:27:00,2026-06-14 20:28:00,,2026-06-14 20:30:00,2026-06-14 20:46:00,2026-06-14 20:30:00,2026-06-14 20:46:00,2026-06-14 20:44:00,2.0,3.0,2026-06-14 20:42:00,2026-06-14 20:51:00,,0.0,2026-06-14 20:39:00,2026-06-14 20:43:00,2026-06-14 20:48:00,2026-06-14 20:52:00,,,Прохачев И. А.,UZBEKISTAN AIRWAYS,Выдача до 30 минут
2026-06-14,УР 512 ,75В,БОДРУМ(МИЛАС),18,Y(А12),20:20,1032,2026-06-14 20:30:00,2026-06-14 20:32:00,,2026-06-14 20:34:00,2026-06-14 20:41:00,2026-06-14 20:34:00,2026-06-14 20:41:00,2026-06-14 20:41:00,,,2026-06-14 20:49:00,2026-06-14 20:53:00,,0.0,2026-06-14 20:43:00,2026-06-14 20:48:00,,,,,Корнилов Н. А.,FLYONE Armenia,Выдача до 30 минут
2026-06-14,PBD 840 ,73Х,АНТАЛЬЯ,50,Y(А09),20:22,1626,2026-06-14 20:29:00,2026-06-14 20:33:00,1.0,2026-06-14 20:35:00,2026-06-14 20:46:00,2026-06-14 20:35:00,2026-06-14 20:46:00,2026-06-14 20:44:00,2.0,,2026-06-14 20:46:00,2026-06-14 20:57:00,,0.0,2026-06-14 20:40:00,2026-06-14 20:44:00,2026-06-14 20:53:00,2026-06-14 20:57:00,,,Лизенко Е. В.,Победа,Выдача до 30 минут
2026-06-14,ФВ 6179 ,СУ9,САНКТ-ПЕТЕРБУРГ(ПУЛКОВО),8,Y(А04),20:26,136,2026-06-14 20:36:00,2026-06-14 20:38:00,,2026-06-14 20:42:00,2026-06-14 20:43:00,2026-06-14 20:42:00,2026-06-14 20:43:00,2026-06-14 20:41:00,2.0,,2026-06-14 20:45:00,2026-06-14 20:46:00,,0.0,2026-06-14 20:42:00,2026-06-14 20:46:00,,,,,Королёв Е. А.,Россия,Выдача до 30 минут
2026-06-14,ФВ 6017 ,СУ9,САНКТ-ПЕТЕРБУРГ(ПУЛКОВО),9,Y(А04),20:43,119,2026-06-14 20:53:00,2026-06-14 20:55:00,,2026-06-14 20:57:00,2026-06-14 20:58:00,2026-06-14 20:57:00,2026-06-14 20:58:00,2026-06-14 20:58:00,,,2026-06-14 21:01:00,2026-06-14 21:02:00,,0.0,2026-06-14 20:58:00,2026-06-14 21:00:00,,,,,Королев А. А.,Россия,Выдача до 30 минут
2026-06-14,ХИ 9609 ,320,ТЕРМЕЗ,26,Y(А10),20:45,1605,2026-06-14 20:55:00,2026-06-14 20:58:00,,2026-06-14 20:58:00,2026-06-14 21:09:00,2026-06-14 20:58:00,2026-06-14 21:09:00,2026-06-14 21:10:00,,,2026-06-14 21:08:00,2026-06-14 21:14:00,,0.0,2026-06-14 21:05:00,2026-06-14 21:09:00,2026-06-14 21:11:00,2026-06-14 21:15:00,,,Рустамов М. А.,UZBEKISTAN AIRWAYS,Выдача до 30 минут
2026-06-14,ХИ 9619 ,32Н,НАМАНГАН,24,Y(А09),20:48,1763,2026-06-14 21:03:00,2026-06-14 21:03:00,,2026-06-14 21:05:00,2026-06-14 21:18:00,2026-06-14 21:05:00,2026-06-14 21:18:00,2026-06-14 21:19:00,,1.0,2026-06-14 21:15:00,2026-06-14 21:26:00,,0.0,2026-06-14 21:13:00,2026-06-14 21:16:00,2026-06-14 21:22:00,2026-06-14 21:27:00,,,Фаёзов А. Р.,UZBEKISTAN AIRWAYS,Выдача до 30 минут
2026-06-14,NE 646 ,320,ШАРМ ЭЛЬ ШЕЙХ(ШАРМ ЭЛЬ ШЕЙХ ИНТЛ.),19,Y(А11),20:55,1307,2026-06-14 21:05:00,2026-06-14 21:07:00,,2026-06-14 21:08:00,2026-06-14 21:23:00,2026-06-14 21:08:00,2026-06-14 21:23:00,2026-06-14 21:18:00,5.0,6.0,2026-06-14 21:19:00,2026-06-14 21:32:00,,0.0,2026-06-14 21:13:00,2026-06-14 21:19:00,2026-06-14 21:28:00,2026-06-14 21:34:00,,,Скулов Е. С.,Nesma Airlines,Выдача до 30 минут
2026-06-14,ЮТ 180 ,735,УХТА,17,Y(А07),21:07,389,2026-06-14 21:14:00,,,2026-06-14 21:28:00,2026-06-14 21:31:00,2026-06-14 21:28:00,2026-06-14 21:31:00,2026-06-14 21:21:00,10.0,,2026-06-14 21:35:00,2026-06-14 21:36:00,1.0,0.0,2026-06-14 21:32:00,2026-06-14 21:35:00,,,,,Кейта А. С.,Ютэйр,Выдача до 30 минут
2026-06-14,ФВ 6021 ,319,САНКТ-ПЕТЕРБУРГ(ПУЛКОВО),10,Y(А04),21:34,266,2026-06-14 21:47:00,2026-06-14 21:49:00,,2026-06-14 21:51:00,2026-06-14 21:56:00,2026-06-14 21:51:00,2026-06-14 21:56:00,2026-06-14 21:53:00,3.0,3.0,2026-06-14 21:58:00,2026-06-14 21:59:00,,0.0,2026-06-14 21:55:00,2026-06-14 21:57:00,,,,,Королев А. А.,Россия,Выдача до 30 минут
2026-06-14,ДР 206 ,73Х,САНКТ-ПЕТЕРБУРГ(ПУЛКОВО),47,Y(А05),21:38,299,2026-06-14 21:46:00,2026-06-14 21:49:00,,2026-06-14 21:49:00,2026-06-14 21:50:00,2026-06-14 21:49:00,2026-06-14 21:50:00,2026-06-14 21:52:00,,,2026-06-14 21:58:00,2026-06-14 21:59:00,,0.0,2026-06-14 21:51:00,2026-06-14 21:57:00,,,,,Фанин - Богданов Анатолий Н. О.,Победа,Выдача до 30 минут
2026-06-14,DV 815 ,7М8,АЛМАТЫ(АЛМАТЫ ИНТЛ.),20,Y(А13),21:42,1122,2026-06-14 21:52:00,2026-06-14 21:55:00,,2026-06-14 21:55:00,2026-06-14 22:02:00,2026-06-14 21:55:00,2026-06-14 22:02:00,2026-06-14 22:03:00,,,2026-06-14 22:09:00,2026-06-14 22:10:00,,0.0,2026-06-14 22:03:00,2026-06-14 22:09:00,,,,,"Барабанов А. М., Лесной Д. А.",SCAT Airlines,Выдача до 30 минут
2026-06-14,ХИ 613 ,32Щ,ТАШКЕНТ(ТАШКЕНТ ИНТЛ.),23,Y(А09),21:49,2399,2026-06-14 21:59:00,2026-06-14 22:01:00,,2026-06-14 22:03:00,2026-06-14 22:25:00,2026-06-14 22:05:00,2026-06-14 22:25:00,2026-06-14 22:19:00,6.0,4.0,2026-06-14 22:12:00,2026-06-14 22:30:00,,1.0,2026-06-14 22:09:00,2026-06-14 22:15:00,2026-06-14 22:26:00,2026-06-14 22:30:00,,,"Бородин А. В., Виноградов А. А.",UZBEKISTAN AIRWAYS,Выдача от 30 до 40 минут
2026-06-14,ЖГЖ 9576 ,ЯК4,ВОЛОГДА,41A,0,21:54,0,2026-06-14 21:58:00,2026-06-14 21:58:00,,2026-06-14 22:00:00,2026-06-14 22:01:00,2026-06-14 22:00:00,2026-06-14 22:01:00,,,1.0,,-1,,0.0,,,,,,,Фартушный А. И.,GEORGIAN AIRWAYS,Не определено
2026-06-14,ЮВ 301 ,ЦР2,БУГУЛЬМА,44,Y(А05),22:06,320,2026-06-14 22:12:00,2026-06-14 22:13:00,,2026-06-14 22:14:00,2026-06-14 22:18:00,2026-06-14 22:14:00,2026-06-14 22:18:00,2026-06-14 22:18:00,,2.0,2026-06-14 22:26:00,2026-06-14 22:27:00,,0.0,2026-06-14 22:19:00,2026-06-14 22:26:00,,,,,Лизенко Е. В.,ЮВТ АЭРО,Выдача до 30 минут
2026-06-14,ФВ 6183 ,СУ9,САНКТ-ПЕТЕРБУРГ(ПУЛКОВО),8,Y(А04),22:08,244,2026-06-14 22:19:00,2026-06-14 22:21:00,,2026-06-14 22:22:00,2026-06-14 22:25:00,2026-06-14 22:22:00,2026-06-14 22:25:00,2026-06-14 22:25:00,,1.0,2026-06-14 22:30:00,2026-06-14 22:37:00,,0.0,2026-06-14 22:26:00,2026-06-14 22:29:00,,,,,Корнилов Н. А.,Россия,Выдача до 30 минут
2026-06-14,ФВ 6181 ,СУ9,САНКТ-ПЕТЕРБУРГ(ПУЛКОВО),9,Y(А04),22:12,149,2026-06-14 22:22:00,2026-06-14 22:23:00,,2026-06-14 22:25:00,2026-06-14 22:26:00,2026-06-14 22:25:00,2026-06-14 22:26:00,2026-06-14 22:27:00,,,2026-06-14 22:34:00,2026-06-14 22:35:00,,0.0,2026-06-14 22:29:00,2026-06-14 22:32:00,,,,,Саидов А. С.,Россия,Выдача до 30 минут
2026-06-14,BJ 814 ,320,МОНАСТИР(ХАБИБ БУРДЖИБА ИНТ),25,Y(А10),22:30,2408,2026-06-14 22:38:00,2026-06-14 22:41:00,,2026-06-14 22:42:00,2026-06-14 23:01:00,2026-06-14 22:42:00,2026-06-14 23:01:00,2026-06-14 22:58:00,3.0,3.0,2026-06-14 23:03:00,2026-06-14 23:07:00,5.0,0.0,2026-06-14 22:47:00,2026-06-14 22:51:00,2026-06-14 23:03:00,2026-06-14 23:07:00,2026-06-14 23:10:00,2026-06-14 23:12:00,Фартушный А. И.,Nouvelair Tunisie,Выдача до 30 минут
2026-06-14,TK 411 ,333,СТАМБУЛ(СТАМБУЛ НЬЮ),22,Y(А09),22:53,4209,2026-06-14 23:06:00,2026-06-14 23:09:00,,2026-06-14 23:08:00,2026-06-14 23:21:00,2026-06-14 23:08:00,2026-06-14 23:21:00,2026-06-14 23:38:00,,,2026-06-14 23:16:00,2026-06-14 23:33:00,,0.0,2026-06-14 23:11:00,2026-06-14 23:21:00,2026-06-14 23:36:00,2026-06-14 23:46:00,,,"Гаджиев Н. Т., Фанин - Богданов Анатолий Н. О.",Turkish Airlines,Выдача до 30 минут
2026-06-14,ЮТ 746 ,73Х,БАКУ(ИМ. ГЕЙДАРА АЛИЕВА),21,Y(А11),22:57,1091,2026-06-14 23:09:00,2026-06-14 23:11:00,,2026-06-14 23:12:00,2026-06-14 23:19:00,2026-06-14 23:12:00,2026-06-14 23:19:00,2026-06-14 23:20:00,,,2026-06-14 23:26:00,2026-06-14 23:27:00,,0.0,2026-06-14 23:20:00,2026-06-14 23:26:00,,,,,Баташан В. Ю.,Ютэйр,Выдача до 30 минут
2026-06-14,ФВ 6185 ,СУ9,САНКТ-ПЕТЕРБУРГ(ПУЛКОВО),10,Y(А05),23:02,135,2026-06-14 23:14:00,2026-06-14 23:14:00,,2026-06-14 23:18:00,2026-06-14 23:20:00,2026-06-14 23:18:00,2026-06-14 23:20:00,2026-06-14 23:19:00,1.0,1.0,2026-06-14 23:23:00,2026-06-14 23:24:00,,0.0,2026-06-14 23:21:00,2026-06-14 23:23:00,,,,,Корнилов Н. А.,Россия,Выдача до 30 минут
2026-06-14,ДР 158 ,73Х,КРАСНОДАР(ПАШКОВСКИЙ),50,Y(А07),23:07,675,2026-06-14 23:17:00,2026-06-14 23:19:00,,2026-06-14 23:21:00,2026-06-14 23:29:00,2026-06-14 23:21:00,2026-06-14 23:29:00,2026-06-14 23:26:00,3.0,3.0,2026-06-14 23:35:00,2026-06-14 23:39:00,,0.0,2026-06-14 23:29:00,2026-06-14 23:36:00,,,,,Лесной Д. А.,Победа,Выдача до 30 минут
2026-06-14,В2 985 ,Е95,ГОМЕЛЬ,29,Y(А13),23:09,406,2026-06-14 23:16:00,2026-06-14 23:17:00,,2026-06-14 23:19:00,2026-06-14 23:23:00,2026-06-14 23:19:00,2026-06-14 23:23:00,2026-06-14 23:23:00,,1.0,2026-06-14 23:29:00,2026-06-14 23:30:00,,0.0,2026-06-14 23:23:00,2026-06-14 23:30:00,,,,,Екимов С. С.,Белавиа,Выдача до 30 минут
2026-06-14,J2 803 ,76В,БАКУ(ИМ. ГЕЙДАРА АЛИЕВА),18,Y(А10),23:12,1766,2026-06-14 23:25:00,2026-06-14 23:27:00,,2026-06-14 23:29:00,2026-06-14 23:39:00,2026-06-14 23:29:00,2026-06-14 23:39:00,2026-06-14 23:41:00,,,2026-06-14 23:37:00,2026-06-14 23:46:00,,0.0,2026-06-14 23:32:00,2026-06-14 23:46:00,,,,,"Давлатов Б. Ч., Соколов И. С.",AZAL,Выдача до 30 минут
2026-06-14,DV 813 ,73Х,АСТАНА(НУРСУЛТАН НАЗАРБАЕВ),19,Y(А13),23:16,962,2026-06-14 23:28:00,2026-06-14 23:29:00,,2026-06-14 23:32:00,2026-06-14 23:39:00,2026-06-14 23:32:00,2026-06-14 23:39:00,2026-06-14 23:38:00,1.0,1.0,2026-06-14 23:47:00,2026-06-14 23:54:00,,0.0,2026-06-14 23:41:00,2026-06-14 23:47:00,,,,,Барабанов А. М.,SCAT Airlines,Выдача до 30 минут
2026-06-14,PC 1580 ,32Н,АНТАЛЬЯ,20,Y(А10),23:19,2356,2026-06-14 23:30:00,2026-06-14 23:30:00,,2026-06-14 23:35:00,2026-06-14 23:48:00,2026-06-14 23:35:00,2026-06-14 23:48:00,2026-06-14 23:50:00,,,2026-06-14 23:46:00,2026-06-14 23:58:00,,0.0,2026-06-14 23:44:00,2026-06-14 23:46:00,2026-06-14 23:52:00,2026-06-14 23:58:00,,,Кейта А. С.,Pegasus,Выдача до 30 минут
2026-06-14,ЮТ 784 ,73Х,АНТАЛЬЯ,11,Y(А12),23:24,1910,2026-06-14 23:37:00,2026-06-14 23:39:00,,2026-06-14 23:37:00,2026-06-14 23:52:00,2026-06-14 23:37:00,2026-06-14 23:52:00,2026-06-14 23:54:00,,2.0,2026-06-14 23:54:00,2026-06-15 00:00:00,,0.0,2026-06-14 23:44:00,2026-06-14 23:47:00,2026-06-14 23:55:00,2026-06-14 23:59:00,,,Саидов А. С.,Ютэйр,Выдача до 30 минут
2026-06-14,ДР 738 ,7С8,СТАМБУЛ(СТАМБУЛ НЬЮ),51,Y(А12),23:30,1025,2026-06-14 23:42:00,2026-06-14 23:42:00,,2026-06-14 23:45:00,2026-06-14 23:55:00,2026-06-14 23:45:00,2026-06-14 23:55:00,2026-06-14 23:53:00,2.0,3.0,2026-06-15 00:05:00,2026-06-15 00:06:00,,0.0,2026-06-14 23:55:00,2026-06-15 00:01:00,,,,,Бородин А. В.,Победа,Выдача до 30 минут
2026-06-14,ХИ 605 ,320,САМАРКАНД(САМАРКАНД ИНТЛ.),26,Y(А11),23:33,1094,2026-06-14 23:46:00,2026-06-14 23:48:00,,2026-06-14 23:49:00,2026-06-14 23:56:00,2026-06-14 23:49:00,2026-06-14 23:56:00,2026-06-14 23:57:00,,,2026-06-15 00:00:00,2026-06-15 00:01:00,,0.0,2026-06-14 23:57:00,2026-06-15 00:00:00,,,,,Фаёзов А. Р.,UZBEKISTAN AIRWAYS,Выдача до 30 минут
2026-06-14,ЮТ 376 ,734,СЫКТЫВКАР,15,Y(А08),23:37,318,2026-06-14 23:47:00,2026-06-14 23:47:00,,2026-06-14 23:49:00,2026-06-14 23:52:00,2026-06-14 23:49:00,2026-06-14 23:52:00,2026-06-14 23:53:00,,1.0,2026-06-15 00:01:00,2026-06-15 00:02:00,,0.0,2026-06-14 23:56:00,2026-06-15 00:01:00,,,,,Науну М.,Ютэйр,Выдача до 30 минут
2026-06-14,TK 211 ,321,АНТАЛЬЯ,30,Y(А09),23:40,2278,2026-06-14 23:52:00,2026-06-14 23:54:00,,2026-06-14 23:55:00,2026-06-15 00:13:00,2026-06-14 23:55:00,2026-06-15 00:13:00,2026-06-15 00:11:00,2.0,3.0,2026-06-15 00:10:00,2026-06-15 00:18:00,,0.0,2026-06-15 00:13:00,2026-06-15 00:17:00,,,,,Виноградов А. А.,Turkish Airlines,Выдача до 30 минут
2026-06-14,А4 7036 ,СУ9,ПСКОВ(КРЕСТЫ),45,Y(А05),23:43,385,2026-06-14 23:50:00,2026-06-14 23:53:00,,2026-06-14 23:54:00,2026-06-14 23:58:00,2026-06-14 23:54:00,2026-06-14 23:58:00,2026-06-14 23:57:00,1.0,1.0,2026-06-15 00:05:00,2026-06-15 00:07:00,,0.0,2026-06-14 23:58:00,2026-06-15 00:05:00,,,,,Скулов Е. С.,Азимут,Выдача до 30 минут
2026-06-14,J2 809 ,763,БАКУ(ИМ. ГЕЙДАРА АЛИЕВА),23,Y(А10),23:53,2305,2026-06-15 00:06:00,2026-06-15 00:10:00,1.0,2026-06-15 00:10:00,2026-06-15 00:22:00,2026-06-15 00:10:00,2026-06-15 00:22:00,2026-06-15 00:25:00,,,2026-06-15 00:20:00,2026-06-15 00:28:00,,0.0,2026-06-15 00:19:00,2026-06-15 00:29:00,,,,,Рустамов М. А.,AZAL,Выдача до 30 минут
2026-06-14,TK 3178 ,321,ДАЛАМАН,25,Y(А09),23:59,2425,2026-06-15 00:12:00,2026-06-15 00:14:00,,2026-06-15 00:16:00,2026-06-15 00:32:00,2026-06-15 00:16:00,2026-06-15 00:32:00,2026-06-15 00:32:00,,,2026-06-15 00:27:00,2026-06-15 00:38:00,,0.0,2026-06-15 00:23:00,2026-06-15 00:28:00,2026-06-15 00:24:00,2026-06-15 00:37:00,,,Королёв Е. А.,Turkish Airlines,Выдача до 30 минут
2026-06-15,TK 3060 ,32Б,АНТАЛЬЯ,24,Y(А09),00:04,2370,2026-06-15 00:17:00,2026-06-15 00:18:00,,2026-06-15 00:23:00,2026-06-15 00:44:00,2026-06-15 00:23:00,2026-06-15 00:44:00,2026-06-15 00:37:00,7.0,5.0,2026-06-15 00:36:00,2026-06-15 00:56:00,,9.0,2026-06-15 00:44:00,2026-06-15 00:54:00,,,,,Лесной Д. А.,Turkish Airlines,Выдача от 30 до 40 минут
2026-06-15,ЮТ 374 ,734,МИНЕРАЛЬНЫЕ ВОДЫ,13,Y(А06),00:08,1085,2026-06-15 00:20:00,2026-06-15 00:22:00,,2026-06-15 00:22:00,2026-06-15 00:33:00,2026-06-15 00:22:00,2026-06-15 00:33:00,2026-06-15 00:31:00,2.0,4.0,2026-06-15 00:34:00,2026-06-15 00:38:00,,0.0,2026-06-15 00:31:00,2026-06-15 00:35:00,,,,,Екимов С. С.,Ютэйр,Выдача до 30 минут
2026-06-15,ДР 486 ,73Х,УЛЬЯНОВСК(БАРАТАЕВКА),44,Y(А07),00:11,131,2026-06-15 00:20:00,2026-06-15 00:23:00,,2026-06-15 00:23:00,2026-06-15 00:24:00,2026-06-15 00:23:00,2026-06-15 00:24:00,2026-06-15 00:25:00,,,2026-06-15 00:33:00,2026-06-15 00:34:00,,0.0,2026-06-15 00:27:00,2026-06-15 00:33:00,,,,,Королев А. А.,Победа,Выдача до 30 минут
2026-06-15,ФВ 6187 ,СУ9,САНКТ-ПЕТЕРБУРГ(ПУЛКОВО),9,Y(А04),00:13,251,2026-06-15 00:23:00,2026-06-15 00:25:00,,2026-06-15 00:28:00,2026-06-15 00:32:00,2026-06-15 00:28:00,2026-06-15 00:32:00,2026-06-15 00:29:00,3.0,2.0,2026-06-15 00:35:00,2026-06-15 00:36:00,,0.0,2026-06-15 00:32:00,2026-06-15 00:34:00,,,,,Лизенко Е. В.,Россия,Выдача до 30 минут
2026-06-15,TK 3084 ,321,ДАЛАМАН,29,Y(А10),00:17,2354,2026-06-15 00:29:00,2026-06-15 00:32:00,,2026-06-15 00:32:00,2026-06-15 00:45:00,2026-06-15 00:32:00,2026-06-15 00:45:00,2026-06-15 00:49:00,,,2026-06-15 00:43:00,2026-06-15 00:48:00,,0.0,2026-06-15 00:46:00,2026-06-15 00:49:00,,,,,"Корнилов Н. А., Скулов Е. С.",Turkish Airlines,Выдача до 30 минут
2026-06-15,TK 409 ,321,СТАМБУЛ(СТАМБУЛ НЬЮ),27,Y(А10),00:19,3200,2026-06-15 00:39:00,2026-06-15 00:40:00,,2026-06-15 00:42:00,2026-06-15 01:02:00,2026-06-15 00:42:00,2026-06-15 01:02:00,2026-06-15 01:04:00,,,2026-06-15 00:52:00,2026-06-15 00:59:00,,0.0,2026-06-15 00:42:00,2026-06-15 00:51:00,2026-06-15 01:04:00,2026-06-15 01:09:00,,,Фартушный А. И.,Turkish Airlines,Выдача до 30 минут
2026-06-15,ДР 968 ,73Х,МИНСК(МИНСК ИНТЛ.),49,Y(А13),00:22,612,2026-06-15 00:29:00,2026-06-15 00:30:00,,2026-06-15 00:32:00,2026-06-15 00:37:00,2026-06-15 00:32:00,2026-06-15 00:37:00,2026-06-15 00:37:00,,1.0,2026-06-15 00:52:00,2026-06-15 00:54:00,,0.0,2026-06-15 00:38:00,2026-06-15 00:47:00,,,,,Науну М.,Победа,Выдача до 30 минут
2026-06-15,PC 1576 ,32Щ,АНТАЛЬЯ,36,Y(А11),00:24,2889,2026-06-15 00:36:00,2026-06-15 00:36:00,,2026-06-15 00:38:00,2026-06-15 00:57:00,2026-06-15 00:43:00,2026-06-15 00:57:00,2026-06-15 00:59:00,,,2026-06-15 00:55:00,2026-06-15 01:07:00,,1.0,2026-06-15 00:44:00,2026-06-15 00:50:00,2026-06-15 00:59:00,2026-06-15 01:05:00,,,"Королёв Е. А., Фанин - Богданов Анатолий Н. О.",Pegasus,Выдача от 30 до 40 минут
2026-06-15,TK 3002 ,321,АНТАЛЬЯ,21,Y(А09),00:26,2806,2026-06-15 00:39:00,2026-06-15 00:46:00,4.0,2026-06-15 00:48:00,2026-06-15 00:56:00,2026-06-15 00:48:00,2026-06-15 00:56:00,2026-06-15 01:02:00,,,2026-06-15 00:58:00,2026-06-15 01:13:00,,4.0,2026-06-15 00:48:00,2026-06-15 00:54:00,2026-06-15 00:53:00,2026-06-15 01:03:00,,,Баташан В. Ю.,Turkish Airlines,Выдача от 30 до 40 минут
2026-06-15,VF 275 ,73Х,СТАМБУЛ(САБИХА ГОКЦЕН),37,Y(А12),00:29,2040,2026-06-15 00:41:00,2026-06-15 00:43:00,,2026-06-15 00:45:00,2026-06-15 00:59:00,2026-06-15 00:58:00,2026-06-15 00:59:00,2026-06-15 00:59:00,,,2026-06-15 00:59:00,2026-06-15 01:13:00,,2.0,2026-06-15 00:51:00,2026-06-15 00:58:00,2026-06-15 01:04:00,2026-06-15 01:10:00,,,"Саидов А. С., Соколов И. С.",AJET,Выдача от 30 до 40 минут
2026-06-15,TK 217 ,321,АНТАЛЬЯ,20,Y(А10),00:31,2316,2026-06-15 00:47:00,2026-06-15 00:52:00,2.0,2026-06-15 01:02:00,2026-06-15 01:10:00,2026-06-15 01:02:00,2026-06-15 01:10:00,2026-06-15 01:06:00,4.0,,2026-06-15 01:09:00,2026-06-15 01:18:00,2.0,1.0,2026-06-15 01:11:00,2026-06-15 01:18:00,,,,,Кейта А. С.,Turkish Airlines,Выдача от 30 до 40 минут
2026-06-15,TK 3014 ,321,АНТАЛЬЯ,19,Y(А13),00:33,2605,2026-06-15 00:50:00,2026-06-15 00:58:00,5.0,2026-06-15 00:54:00,2026-06-15 01:07:00,2026-06-15 00:54:00,2026-06-15 01:07:00,2026-06-15 01:11:00,,,2026-06-15 01:09:00,2026-06-15 01:22:00,,2.0,2026-06-15 01:02:00,2026-06-15 01:11:00,2026-06-15 01:02:00,2026-06-15 01:17:00,,,Гаджиев Н. Т.,Turkish Airlines,Выдача от 30 до 40 минут
2026-06-15,ДР 190 ,7С8,МАХАЧКАЛА,48,Y(А05),00:37,576,2026-06-15 00:48:00,2026-06-15 00:48:00,,2026-06-15 00:50:00,2026-06-15 00:55:00,2026-06-15 00:50:00,2026-06-15 00:55:00,2026-06-15 00:56:00,,1.0,2026-06-15 01:05:00,2026-06-15 01:07:00,,0.0,2026-06-15 00:58:00,2026-06-15 01:06:00,,,,,Давлатов Б. Ч.,Победа,Выдача до 30 минут
2026-06-15,ДР 476 ,73Х,САРАТОВ(ГАГАРИН),47,Y(А08),00:42,198,2026-06-15 00:50:00,2026-06-15 00:53:00,,2026-06-15 00:57:00,2026-06-15 00:58:00,2026-06-15 00:57:00,2026-06-15 00:58:00,2026-06-15 00:55:00,3.0,,2026-06-15 01:10:00,2026-06-15 01:12:00,,0.0,2026-06-15 01:00:00,2026-06-15 01:10:00,,,,,Барабанов А. М.,Победа,Выдача до 30 минут
2026-06-15,ЮТ 358 ,73Х,САМАРА(КУРУМОЧ),14,Y(А07),00:47,333,2026-06-15 00:56:00,2026-06-15 00:58:00,,2026-06-15 01:00:00,2026-06-15 01:02:00,2026-06-15 01:00:00,2026-06-15 01:02:00,2026-06-15 01:02:00,,,2026-06-15 01:11:00,2026-06-15 01:12:00,,0.0,2026-06-15 01:03:00,2026-06-15 01:09:00,,,,,Королев А. А.,Ютэйр,Выдача до 30 минут
2026-06-15,ФВ 6189 ,СУ9,САНКТ-ПЕТЕРБУРГ(ПУЛКОВО),8,Y(А04),00:49,238,2026-06-15 01:04:00,2026-06-15 01:07:00,,2026-06-15 01:06:00,2026-06-15 01:10:00,2026-06-15 01:06:00,2026-06-15 01:10:00,2026-06-15 01:10:00,,2.0,2026-06-15 01:15:00,2026-06-15 01:16:00,,0.0,2026-06-15 01:10:00,2026-06-15 01:13:00,,,,,Лизенко Е. В.,Россия,Выдача до 30 минут
2026-06-15,TK 421 ,333,СТАМБУЛ(СТАМБУЛ НЬЮ),22,Y(А09),00:53,4113,2026-06-15 01:08:00,2026-06-15 01:11:00,,2026-06-15 01:11:00,2026-06-15 01:27:00,2026-06-15 01:11:00,2026-06-15 01:27:00,2026-06-15 01:39:00,,,2026-06-15 01:30:00,2026-06-15 01:35:00,2.0,0.0,2026-06-15 01:11:00,2026-06-15 01:27:00,2026-06-15 01:32:00,2026-06-15 01:43:00,,,Прохачев И. А.,Turkish Airlines,Выдача до 30 минут
2026-06-15,PC 1521 ,320,ИЗМИР(АДНАН МЕНДЕРЕС),26,Y(А12),00:57,2122,2026-06-15 01:10:00,2026-06-15 01:14:00,1.0,2026-06-15 01:13:00,2026-06-15 01:34:00,2026-06-15 01:33:00,2026-06-15 01:34:00,2026-06-15 01:28:00,6.0,,2026-06-15 01:26:00,2026-06-15 01:31:00,,0.0,2026-06-15 01:18:00,2026-06-15 01:23:00,2026-06-15 01:31:00,2026-06-15 01:36:00,,,"Науну М., Скулов Е. С.",Pegasus,Выдача до 30 минут
2026-06-15,TK 3036 ,321,АНТАЛЬЯ,18,Y(А13),01:02,3089,2026-06-15 01:12:00,2026-06-15 01:16:00,1.0,2026-06-15 01:15:00,2026-06-15 01:32:00,2026-06-15 01:15:00,2026-06-15 01:32:00,2026-06-15 01:37:00,,,2026-06-15 01:34:00,2026-06-15 01:41:00,2.0,0.0,2026-06-15 01:08:00,2026-06-15 01:32:00,2026-06-15 01:27:00,2026-06-15 01:39:00,,,Рустамов М. А.,Turkish Airlines,Выдача до 30 минут
2026-06-15,ФВ 6161 ,СУ9,САНКТ-ПЕТЕРБУРГ(ПУЛКОВО),10,Y(А04),01:12,114,2026-06-19 04:54:00,2026-06-19 04:54:00,,2026-06-15 01:25:00,2026-06-15 01:27:00,2026-06-15 01:25:00,2026-06-15 01:27:00,2026-06-19 04:59:00,,1.0,2026-06-15 01:29:00,2026-06-15 01:30:00,,0.0,2026-06-15 01:27:00,2026-06-15 01:30:00,,,,,Лизенко Е. В.,Россия,Некорректно проставлены отметки
2026-06-15,ДР 264 ,73Х,КАЛИНИНГРАД(ХРАБРОВО),51,Y(А05),01:21,559,2026-06-15 01:31:00,2026-06-15 01:33:00,,2026-06-15 01:34:00,2026-06-15 01:40:00,2026-06-15 01:34:00,2026-06-15 01:40:00,2026-06-15 01:39:00,1.0,2.0,2026-06-15 01:48:00,2026-06-15 01:51:00,,0.0,2026-06-15 01:42:00,2026-06-15 01:48:00,,,,,Барабанов А. М.,Победа,Выдача до 30 минут
2026-06-15,TK 3154 ,32Б,БОДРУМ(МИЛАС),23,Y(А10),01:38,2279,2026-06-15 01:50:00,2026-06-15 01:53:00,,2026-06-15 01:56:00,2026-06-15 02:12:00,2026-06-15 01:56:00,2026-06-15 02:12:00,2026-06-15 02:09:00,3.0,1.0,2026-06-15 02:11:00,2026-06-15 02:20:00,1.0,0.0,2026-06-15 01:38:00,2026-06-15 02:21:00,,,,,Лесной Д. А.,Turkish Airlines,Выдача до 30 минут
2026-06-15,ДР 194B,7С8,НАЛЬЧИК,49,Y(А05),02:04,829,2026-06-15 02:14:00,2026-06-15 02:17:00,,2026-06-15 02:17:00,2026-06-15 02:25:00,2026-06-15 02:17:00,2026-06-15 02:25:00,2026-06-15 02:24:00,1.0,2.0,2026-06-15 02:31:00,2026-06-15 02:34:00,,0.0,2026-06-15 02:28:00,2026-06-15 02:32:00,,,,,Виноградов А. А.,Победа,Выдача до 30 минут
2026-06-15,NE 644 ,320,ШАРМ ЭЛЬ ШЕЙХ(ШАРМ ЭЛЬ ШЕЙХ ИНТЛ.),21,Y(А10),02:13,1699,2026-06-15 02:25:00,2026-06-15 02:31:00,3.0,2026-06-15 02:28:00,2026-06-15 02:43:00,2026-06-15 02:28:00,2026-06-15 02:43:00,2026-06-15 02:40:00,3.0,4.0,2026-06-15 02:39:00,2026-06-15 02:49:00,,0.0,2026-06-15 02:35:00,2026-06-15 02:39:00,2026-06-15 02:44:00,2026-06-15 02:49:00,,,Фартушный А. И.,Nesma Airlines,Выдача до 30 минут
2026-06-15,3F 323 ,320,ЕРЕВАН(ЗВАРТНОЦ ИНТЛ),25,Y(А13),02:19,537,2026-06-15 02:37:00,2026-06-15 02:37:00,,2026-06-15 02:35:00,2026-06-15 02:39:00,2026-06-15 02:35:00,2026-06-15 02:39:00,2026-06-15 02:45:00,,,2026-06-15 02:48:00,2026-06-15 02:49:00,,0.0,2026-06-15 02:41:00,2026-06-15 02:46:00,,,,,Королев А. А.,FLYONE Armenia,Выдача до 30 минут
2026-06-15,TK 3122 ,32Б,БОДРУМ(МИЛАС),24,Y(А09),02:21,1974,2026-06-15 02:32:00,2026-06-15 02:39:00,4.0,2026-06-15 02:38:00,2026-06-15 02:49:00,2026-06-15 02:38:00,2026-06-15 02:49:00,2026-06-15 02:49:00,,,2026-06-15 02:47:00,2026-06-15 02:54:00,,0.0,2026-06-15 02:41:00,2026-06-15 02:53:00,,,,,Саидов А. С.,Turkish Airlines,Выдача до 30 минут
2026-06-15,ЮТ 809F,73Х,САМАРА(КУРУМОЧ),20,0,02:29,1495,2026-06-15 02:39:00,2026-06-15 02:39:00,,2026-06-15 02:41:00,2026-06-15 02:51:00,2026-06-15 02:42:00,2026-06-15 02:51:00,2026-06-15 02:53:00,,,,-1,,0.0,2026-06-15 03:10:00,2026-06-15 03:17:00,,,,,"Корнилов Н. А., Науну М.",Ютэйр,Не определено
2026-06-15,ДР 1422 ,73Х,САМАРА(КУРУМОЧ),50,Y(А04),02:32,333,2026-06-15 02:41:00,2026-06-15 02:43:00,,2026-06-15 02:44:00,2026-06-15 02:48:00,2026-06-15 02:44:00,2026-06-15 02:48:00,2026-06-15 02:47:00,1.0,2.0,2026-06-15 02:56:00,2026-06-15 03:00:00,,0.0,2026-06-15 02:50:00,2026-06-15 02:56:00,,,,,Барабанов А. М.,Победа,Выдача до 30 минут
2026-06-15,FZ 987 ,7М8,ДУБАЙ(ДУБАЙ ИНТЛ.),29,Y(А12),02:37,1842,2026-06-15 02:47:00,2026-06-15 02:48:00,,2026-06-15 02:50:00,2026-06-15 03:02:00,2026-06-15 02:51:00,2026-06-15 03:02:00,2026-06-15 03:03:00,,,2026-06-15 02:57:00,2026-06-15 03:06:00,,0.0,2026-06-15 02:54:00,2026-06-15 02:59:00,2026-06-15 03:04:00,2026-06-15 03:07:00,,,"Прохачев И. А., Рустамов М. А.",flydubai,Выдача до 30 минут
2026-06-15,PC 386 ,32Щ,СТАМБУЛ(САБИХА ГОКЦЕН),18,Y(А10),02:39,2183,2026-06-15 02:51:00,2026-06-15 02:52:00,,2026-06-15 02:54:00,2026-06-15 03:06:00,2026-06-15 02:54:00,2026-06-15 03:06:00,2026-06-15 03:10:00,,,2026-06-15 03:03:00,2026-06-15 03:13:00,,0.0,2026-06-15 02:59:00,2026-06-15 03:03:00,2026-06-15 03:08:00,2026-06-15 03:12:00,,,Лизенко Е. В.,Pegasus,Выдача до 30 минут
2026-06-15,NE 610 ,320,ХУРГАДА(ХУРГАДА ИНТЛ.),26,Y(А11),02:44,1910,2026-06-15 02:56:00,2026-06-15 03:02:00,3.0,2026-06-15 03:05:00,2026-06-15 03:20:00,2026-06-15 03:05:00,2026-06-15 03:20:00,2026-06-15 03:13:00,7.0,2.0,2026-06-15 03:20:00,2026-06-15 03:27:00,4.0,1.0,2026-06-15 03:16:00,2026-06-15 03:19:00,2026-06-15 03:24:00,2026-06-15 03:27:00,,,Фанин - Богданов Анатолий Н. О.,Nesma Airlines,Выдача от 30 до 40 минут
2026-06-15,ДР 168B,73Х,МИНЕРАЛЬНЫЕ ВОДЫ,46,Y(А05),02:49,729,2026-06-15 02:59:00,2026-06-15 02:59:00,,2026-06-15 03:03:00,2026-06-15 03:11:00,2026-06-15 03:03:00,2026-06-15 03:11:00,2026-06-15 03:08:00,3.0,3.0,2026-06-15 03:18:00,2026-06-15 03:19:00,,0.0,2026-06-15 03:12:00,2026-06-15 03:18:00,,,,,Королёв Е. А.,Победа,Выдача до 30 минут
2026-06-15,AZO 7008 ,СУ9,ТБИЛИСИ(ТБИЛИСИ ИНТЛ.),51A,Y(А09),03:00,923,2026-06-15 03:12:00,2026-06-15 03:18:00,3.0,2026-06-15 03:17:00,2026-06-15 03:29:00,2026-06-15 03:17:00,2026-06-15 03:29:00,2026-06-15 03:22:00,7.0,6.0,2026-06-15 03:39:00,2026-06-15 03:40:00,,0.0,2026-06-15 03:29:00,2026-06-15 03:36:00,,,,,Барабанов А. М.,GEORGIAN AIRWAYS,Выдача до 30 минут
2026-06-15,ЖГ 932 ,73Й,ТБИЛИСИ(ТБИЛИСИ ИНТЛ.),30,Y(А09),03:02,2134,2026-06-15 03:11:00,2026-06-15 03:13:00,,2026-06-15 03:30:00,2026-06-15 03:44:00,2026-06-15 03:30:00,2026-06-15 03:44:00,2026-06-15 03:29:00,15.0,,2026-06-15 03:38:00,2026-06-15 03:49:00,7.0,8.0,2026-06-15 03:36:00,2026-06-15 03:38:00,2026-06-15 03:45:00,2026-06-15 03:48:00,,,Лесной Д. А.,GEORGIAN AIRWAYS,Выдача от 30 до 40 минут
2026-06-15,ДР 198 ,7С8,ВЛАДИКАВКАЗ(БЕСЛАН),48,Y(А07),03:10,683,2026-06-15 03:16:00,2026-06-15 03:19:00,,2026-06-15 03:21:00,2026-06-15 03:32:00,2026-06-15 03:21:00,2026-06-15 03:32:00,2026-06-15 03:25:00,7.0,6.0,2026-06-15 03:41:00,2026-06-15 03:42:00,,0.0,2026-06-15 03:35:00,2026-06-15 03:41:00,,,,,Корнилов Н. А.,Победа,Выдача до 30 минут
2026-06-15,PBD 736B,73Х,ГАЗИПАША,49,Y(А10),03:34,1249,2026-06-15 03:45:00,2026-06-15 03:45:00,,2026-06-15 03:50:00,2026-06-15 04:05:00,2026-06-15 03:50:00,2026-06-15 04:05:00,2026-06-15 03:57:00,8.0,7.0,2026-06-15 04:06:00,2026-06-15 04:16:00,,1.0,2026-06-15 03:59:00,2026-06-15 04:06:00,2026-06-15 04:12:00,2026-06-15 04:16:00,,,Баташан В. Ю.,Победа,Выдача от 30 до 40 минут
2026-06-15,AZO 7054B,СУ9,БАТУМИ,28,Y(А12),03:46,774,-1,,,2026-06-15 04:03:00,2026-06-15 04:16:00,2026-06-15 04:03:00,2026-06-15 04:16:00,,,8.0,2026-06-15 04:21:00,2026-06-15 04:23:00,,0.0,2026-06-15 04:17:00,2026-06-15 04:21:00,,,,,Барабанов А. М.,GEORGIAN AIRWAYS,Некорректно проставлены отметки
2026-06-15,VF 587 ,73Х,АНКАРА(ЕСЕНБОГА),25,Y(А11),04:09,1634,2026-06-15 04:21:00,2026-06-15 04:25:00,1.0,2026-06-15 04:25:00,2026-06-15 04:39:00,2026-06-15 04:25:00,2026-06-15 04:39:00,2026-06-15 04:36:00,3.0,3.0,2026-06-15 04:37:00,2026-06-15 04:45:00,,0.0,2026-06-15 04:33:00,2026-06-15 04:39:00,2026-06-15 04:40:00,2026-06-15 04:44:00,,,Королёв Е. А.,AJET,Выдача до 30 минут
2026-06-15,PC 1456 ,32Щ,БОДРУМ(МИЛАС),23,Y(А10),04:16,2781,2026-06-15 04:28:00,2026-06-15 04:28:00,,2026-06-15 04:31:00,2026-06-15 04:56:00,2026-06-15 04:31:00,2026-06-15 04:56:00,2026-06-15 04:51:00,5.0,6.0,2026-06-15 04:42:00,2026-06-15 05:04:00,,6.0,2026-06-15 04:39:00,2026-06-15 04:43:00,2026-06-15 04:58:00,2026-06-15 05:04:00,,,Корнилов Н. А.,Pegasus,Выдача от 30 до 40 минут
2026-06-15,ДР 210B,7С8,САНКТ-ПЕТЕРБУРГ(ПУЛКОВО),43,Y(А04),04:26,147,2026-06-15 04:37:00,2026-06-15 04:39:00,,2026-06-15 04:39:00,2026-06-15 04:41:00,2026-06-15 04:39:00,2026-06-15 04:41:00,2026-06-15 04:42:00,,1.0,2026-06-15 04:47:00,2026-06-15 04:48:00,,0.0,2026-06-15 04:44:00,2026-06-15 04:48:00,,,,,Королев А. А.,Победа,Выдача до 30 минут
2026-06-15,NE 600 ,320,ХУРГАДА(ХУРГАДА ИНТЛ.),26,Y(А12),04:47,1898,2026-06-15 05:03:00,2026-06-15 05:04:00,,2026-06-15 05:06:00,2026-06-15 05:16:00,2026-06-15 05:06:00,2026-06-15 05:16:00,2026-06-15 05:20:00,,,2026-06-15 05:12:00,2026-06-15 05:22:00,,0.0,2026-06-15 05:08:00,2026-06-15 05:13:00,2026-06-15 05:18:00,2026-06-15 05:24:00,,,Науну М.,Nesma Airlines,Выдача до 30 минут
2026-06-15,VF 277 ,73Х,СТАМБУЛ(САБИХА ГОКЦЕН),24,Y(А11),05:10,1916,2026-06-15 05:24:00,2026-06-15 05:26:00,,2026-06-15 05:26:00,2026-06-15 05:36:00,2026-06-15 05:26:00,2026-06-15 05:36:00,2026-06-15 05:41:00,,,2026-06-15 05:35:00,2026-06-15 05:44:00,,0.0,2026-06-15 05:31:00,2026-06-15 05:34:00,2026-06-15 05:39:00,2026-06-15 05:42:00,,,"Баташан В. Ю., Саидов А. С.",AJET,Выдача до 30 минут
2026-06-15,PC 390 ,32Щ,СТАМБУЛ(САБИХА ГОКЦЕН),21,Y(А10),05:13,2856,2026-06-15 05:24:00,2026-06-15 05:29:00,2.0,2026-06-15 05:28:00,2026-06-15 05:53:00,2026-06-15 05:28:00,2026-06-15 05:53:00,2026-06-15 05:47:00,6.0,6.0,2026-06-15 05:39:00,2026-06-15 06:00:00,,6.0,2026-06-15 05:34:00,2026-06-15 05:38:00,2026-06-15 05:55:00,2026-06-15 05:59:00,,,Рустамов М. А.,Pegasus,Выдача от 30 до 40 минут
2026-06-15,TK 419 ,333,СТАМБУЛ(СТАМБУЛ НЬЮ),22,Y(А09),05:32,3409,2026-06-15 05:47:00,2026-06-15 05:51:00,1.0,2026-06-15 05:50:00,2026-06-15 05:58:00,2026-06-15 05:50:00,2026-06-15 05:58:00,2026-06-15 06:14:00,,,2026-06-15 06:00:00,2026-06-15 06:07:00,,0.0,2026-06-15 05:50:00,2026-06-15 06:01:00,2026-06-15 06:13:00,2026-06-15 06:21:00,,,"Королев А. А., Прохачев И. А.",Turkish Airlines,Выдача до 30 минут
2026-06-15,NE 618 ,320,ХУРГАДА(ХУРГАДА ИНТЛ.),26,Y(А11),06:14,1726,2026-06-15 06:24:00,2026-06-15 06:24:00,,2026-06-15 06:28:00,2026-06-15 06:40:00,2026-06-15 06:28:00,2026-06-15 06:40:00,2026-06-15 06:40:00,,,2026-06-15 06:37:00,2026-06-15 06:46:00,,0.0,2026-06-15 06:34:00,2026-06-15 06:37:00,2026-06-15 06:42:00,2026-06-15 06:45:00,,,Лесной Д. А.,Nesma Airlines,Выдача до 30 минут
2026-06-15,PC 1458 ,32Щ,ДАЛАМАН,18,Y(А10),06:18,2501,2026-06-15 06:26:00,2026-06-15 06:29:00,,2026-06-15 06:33:00,2026-06-15 06:49:00,2026-06-15 06:33:00,2026-06-15 06:49:00,2026-06-15 06:47:00,2.0,,2026-06-15 06:41:00,2026-06-15 06:55:00,,0.0,2026-06-15 06:36:00,2026-06-15 06:41:00,2026-06-15 06:50:00,2026-06-15 06:56:00,,,Лизенко Е. В.,Pegasus,Выдача до 30 минут
2026-06-15,7Q 1777 ,320,ТАШКЕНТ(ТАШКЕНТ ИНТЛ.),30,Y(А12),06:21,1606,2026-06-15 06:31:00,2026-06-15 06:38:00,4.0,2026-06-15 06:34:00,2026-06-15 06:45:00,2026-06-15 06:34:00,2026-06-15 06:45:00,2026-06-15 06:46:00,,,2026-06-15 06:43:00,2026-06-15 06:50:00,,0.0,2026-06-15 06:40:00,2026-06-15 06:44:00,2026-06-15 06:45:00,2026-06-15 06:49:00,,,Королёв Е. А.,Asia Union Airlines,Выдача до 30 минут
2026-06-15,ЮВ 301 ,ЦР2,БУГУЛЬМА,42,Y(А04),06:27,224,2026-06-15 06:34:00,2026-06-15 06:34:00,,2026-06-15 06:36:00,2026-06-15 06:39:00,2026-06-15 06:36:00,2026-06-15 06:39:00,2026-06-15 06:39:00,,2.0,2026-06-15 06:47:00,2026-06-15 06:48:00,,0.0,2026-06-15 06:42:00,2026-06-15 06:48:00,,,,,Ушаков Г. А.,ЮВТ АЭРО,Выдача до 30 минут
2026-06-15,TK 407 ,333,СТАМБУЛ(СТАМБУЛ НЬЮ),23,Y(А09),06:40,3871,2026-06-15 06:54:00,2026-06-15 06:58:00,1.0,2026-06-15 07:00:00,2026-06-15 07:15:00,2026-06-15 07:00:00,2026-06-15 07:15:00,2026-06-15 07:24:00,,,2026-06-15 07:10:00,2026-06-15 07:19:00,,0.0,2026-06-15 07:01:00,2026-06-15 07:15:00,2026-06-15 07:21:00,2026-06-15 07:28:00,,,Попов Д. В.,Turkish Airlines,Выдача до 30 минут
2026-06-15,ДР 408 ,73Х,ЕКАТЕРИНБУРГ(КОЛЬЦОВО),50,Y(А05),06:45,268,2026-06-15 06:52:00,2026-06-15 06:52:00,,2026-06-15 06:56:00,2026-06-15 06:58:00,2026-06-15 06:56:00,2026-06-15 06:58:00,2026-06-15 06:58:00,,,2026-06-15 07:04:00,2026-06-15 07:05:00,,0.0,2026-06-15 06:59:00,2026-06-15 07:05:00,,,,,Виноградов А. А.,Победа,Выдача до 30 минут
2026-06-15,4S 337 ,7С8,ШАРМ ЭЛЬ ШЕЙХ(ШАРМ ЭЛЬ ШЕЙХ ИНТЛ.),20,Y(А11),07:08,1921,2026-06-15 07:18:00,2026-06-15 07:19:00,,2026-06-15 07:21:00,2026-06-15 07:35:00,2026-06-15 07:21:00,2026-06-15 07:35:00,2026-06-15 07:35:00,,1.0,2026-06-15 07:32:00,2026-06-15 07:44:00,,0.0,2026-06-15 07:27:00,2026-06-15 07:33:00,2026-06-15 07:38:00,2026-06-15 07:46:00,,,Гаврилов В. А.,Red Sea,Выдача до 30 минут
2026-06-15,ФВ 6019 ,СУ9,САНКТ-ПЕТЕРБУРГ(ПУЛКОВО),8,Y(А04),07:18,71,2026-06-15 07:30:00,2026-06-15 07:32:00,,2026-06-15 07:33:00,2026-06-15 07:35:00,2026-06-15 07:33:00,2026-06-15 07:35:00,2026-06-15 07:34:00,1.0,2.0,2026-06-15 07:38:00,2026-06-15 07:39:00,,0.0,2026-06-15 07:35:00,2026-06-15 07:37:00,,,,,Хушвактов П. З.,Россия,Выдача до 30 минут
2026-06-15,ДР 414 ,73Х,ЧЕЛЯБИНСК(БАЛАНДИНО),49,Y(А05),07:50,516,2026-06-15 07:57:00,2026-06-15 07:59:00,,2026-06-15 08:00:00,2026-06-15 08:03:00,2026-06-15 08:00:00,2026-06-15 08:03:00,2026-06-15 08:04:00,,,2026-06-15 08:10:00,2026-06-15 08:13:00,,0.0,2026-06-15 08:04:00,2026-06-15 08:09:00,,,,,Екимов С. С.,Победа,Выдача до 30 минут
2026-06-15,ЮТ 454 ,73Х,ТЮМЕНЬ(РОЩИНО),24,Y(А07),07:54,714,2026-06-15 08:08:00,2026-06-15 08:09:00,,2026-06-15 08:16:00,2026-06-15 08:21:00,2026-06-15 08:16:00,2026-06-15 08:21:00,2026-06-15 08:17:00,4.0,,2026-06-15 08:26:00,2026-06-15 08:27:00,,0.0,2026-06-15 08:23:00,2026-06-15 08:26:00,,,,,Иванов В. А.,Ютэйр,Выдача до 30 минут
2026-06-15,ХИ 9607 ,32Н,БУХАРА(БУХАРА ИНТЛ.),22,Y(А09),08:02,1774,2026-06-15 08:14:00,2026-06-15 08:16:00,,2026-06-15 08:17:00,2026-06-15 08:32:00,2026-06-15 08:17:00,2026-06-15 08:32:00,2026-06-15 08:30:00,2.0,3.0,2026-06-15 08:29:00,2026-06-15 08:37:00,,0.0,2026-06-15 08:25:00,2026-06-15 08:29:00,2026-06-15 08:33:00,2026-06-15 08:37:00,,,Потапов Е. А.,UZBEKISTAN AIRWAYS,Выдача до 30 минут
2026-06-15,ХИ 9615 ,320,УРГЕНЧ(УРГЕНЧ ИНТЛ.),21,Y(А10),08:06,1706,2026-06-15 08:17:00,2026-06-15 08:18:00,,2026-06-15 08:20:00,2026-06-15 08:32:00,2026-06-15 08:20:00,2026-06-15 08:32:00,2026-06-15 08:32:00,,1.0,2026-06-15 08:32:00,2026-06-15 08:37:00,,0.0,2026-06-15 08:27:00,2026-06-15 08:31:00,2026-06-15 08:33:00,2026-06-15 08:37:00,,,Демчук Д. П.,UZBEKISTAN AIRWAYS,Выдача до 30 минут
2026-06-15,ЮТ 248 ,73Х,СУРГУТ,12,Y(А06),08:13,740,2026-06-15 08:22:00,2026-06-15 08:25:00,,2026-06-15 08:27:00,2026-06-15 08:33:00,2026-06-15 08:27:00,2026-06-15 08:33:00,2026-06-15 08:31:00,2.0,1.0,2026-06-15 08:39:00,2026-06-15 08:41:00,,0.0,2026-06-15 08:35:00,2026-06-15 08:39:00,,,,,Чеканов В. А.,Ютэйр,Выдача до 30 минут
2026-06-15,ЮТ 572 ,73Х,КРАСНОЯРСК,25,Y(А08),08:17,671,2026-06-15 08:24:00,2026-06-15 08:25:00,,2026-06-15 08:31:00,2026-06-15 08:43:00,2026-06-15 08:31:00,2026-06-15 08:43:00,2026-06-15 08:32:00,11.0,8.0,2026-06-15 08:47:00,2026-06-15 08:51:00,,0.0,2026-06-15 08:45:00,2026-06-15 08:48:00,,,,,Хушвактов П. З.,Ютэйр,Выдача до 30 минут
2026-06-15,ЮТ 364 ,73Х,УФА,14,Y(А05),08:21,520,2026-06-15 08:32:00,2026-06-15 08:33:00,,2026-06-15 08:34:00,2026-06-15 08:43:00,2026-06-15 08:34:00,2026-06-15 08:43:00,2026-06-15 08:39:00,4.0,6.0,2026-06-15 08:45:00,2026-06-15 08:49:00,,0.0,2026-06-15 08:41:00,2026-06-15 08:47:00,,,,,Музафаров А. С.,Ютэйр,Выдача до 30 минут
2026-06-15,ФВ 6051 ,СУ9,САНКТ-ПЕТЕРБУРГ(ПУЛКОВО),9,Y(А04),08:28,148,2026-06-15 08:38:00,2026-06-15 08:40:00,,2026-06-15 08:46:00,2026-06-15 08:47:00,2026-06-15 08:46:00,2026-06-15 08:47:00,2026-06-15 08:43:00,4.0,,2026-06-15 08:47:00,2026-06-15 08:48:00,,0.0,2026-06-15 08:45:00,2026-06-15 08:48:00,,,,,Рябчевский В. О.,Россия,Выдача до 30 минут
2026-06-15,В2 981 ,733,МИНСК(МИНСК ИНТЛ.),29,Y(А13),08:31,201,2026-06-15 08:40:00,2026-06-15 08:42:00,,2026-06-15 08:44:00,2026-06-15 08:45:00,2026-06-15 08:44:00,2026-06-15 08:45:00,2026-06-15 08:45:00,,,2026-06-15 08:51:00,2026-06-15 08:52:00,,0.0,2026-06-15 08:45:00,2026-06-15 08:48:00,,,,,Ушаков Г. А.,Белавиа,Выдача до 30 минут
2026-06-15,ЮТ 352 ,73Е,ХАНТЫ-МАНСИЙСК,16,Y(А07),08:33,337,2026-06-15 08:41:00,2026-06-15 08:43:00,,2026-06-15 08:53:00,2026-06-15 08:54:00,2026-06-15 08:53:00,2026-06-15 08:54:00,2026-06-15 08:47:00,7.0,,2026-06-15 08:59:00,2026-06-15 09:00:00,,0.0,2026-06-15 08:54:00,2026-06-15 08:59:00,,,,,Попов Д. В.,Ютэйр,Выдача до 30 минут
2026-06-15,ДР 436 ,73Х,УФА,48,Y(А08),08:54,399,2026-06-15 09:06:00,2026-06-15 09:09:00,,2026-06-15 09:10:00,2026-06-15 09:12:00,2026-06-15 09:10:00,2026-06-15 09:12:00,2026-06-15 09:13:00,,,2026-06-15 09:19:00,2026-06-15 09:20:00,,0.0,2026-06-15 09:19:00,2026-06-15 09:22:00,,,,,Гаврилов В. А.,Победа,Выдача до 30 минут
2026-06-15,ЯМ 597 ,73Х,МИРНЫЙ,5,Y(А06),08:58,1646,2026-06-15 09:09:00,2026-06-15 09:11:00,,2026-06-15 09:13:00,2026-06-15 09:29:00,2026-06-15 09:13:00,2026-06-15 09:29:00,2026-06-15 09:24:00,5.0,5.0,2026-06-15 09:22:00,2026-06-15 09:37:00,,0.0,2026-06-15 09:18:00,2026-06-15 09:20:00,2026-06-15 09:30:00,2026-06-15 09:34:00,,,Попов А. И.,Алроса,Выдача до 30 минут
2026-06-15,ЯК 473 ,7С8,ЯКУТСК,15,Y(А05),09:01,1156,2026-06-15 09:10:00,2026-06-15 09:11:00,,2026-06-15 09:12:00,2026-06-15 09:24:00,2026-06-15 09:12:00,2026-06-15 09:24:00,2026-06-15 09:19:00,5.0,7.0,2026-06-15 09:26:00,2026-06-15 09:28:00,,0.0,2026-06-15 09:20:00,2026-06-15 09:28:00,,,,,Каламбеков У. О.,Якутия,Выдача до 30 минут
2026-06-15,DV 809 ,738,АЛМАТЫ(АЛМАТЫ ИНТЛ.),18,Y(А13),09:11,1154,2026-06-15 09:23:00,2026-06-15 09:23:00,,2026-06-15 09:27:00,2026-06-15 09:33:00,2026-06-15 09:27:00,2026-06-15 09:33:00,2026-06-15 09:35:00,,,2026-06-15 09:38:00,2026-06-15 09:39:00,,0.0,2026-06-15 09:33:00,2026-06-15 09:37:00,,,,,"Иванов В. А., Чеканов В. А.",SCAT Airlines,Выдача до 30 минут
2026-06-15,AZV 3004 ,763,АНТАЛЬЯ,65,Y(А09),09:21,3206,2026-06-15 09:38:00,2026-06-15 09:43:00,2.0,2026-06-15 09:41:00,2026-06-15 09:55:00,2026-06-15 09:41:00,2026-06-15 09:55:00,2026-06-15 10:03:00,,,2026-06-15 10:02:00,2026-06-15 10:14:00,,6.0,2026-06-15 09:41:00,2026-06-15 10:01:00,2026-06-15 09:58:00,2026-06-15 10:06:00,,,Дубинский В. Д.,АЗУР эйр,Выдача от 30 до 40 минут
2026-06-15,ФВ 6003 ,СУ9,САНКТ-ПЕТЕРБУРГ(ПУЛКОВО),8,Y(А04),09:27,67,2026-06-15 09:35:00,2026-06-15 09:35:00,,2026-06-15 09:36:00,2026-06-15 09:38:00,2026-06-15 09:36:00,2026-06-15 09:38:00,2026-06-15 09:39:00,,2.0,2026-06-15 09:42:00,2026-06-15 09:43:00,,0.0,2026-06-15 09:37:00,2026-06-15 09:40:00,,,,,Екимов С. С.,Россия,Выдача до 30 минут
2026-06-15,ВГ 2390 ,ЯК4,ВОЛОГДА,44,0,09:34,151,2026-06-15 09:49:00,2026-06-15 09:49:00,,2026-06-15 09:47:00,2026-06-15 09:48:00,2026-06-15 09:47:00,2026-06-15 09:48:00,2026-06-15 09:54:00,,,,-1,,0.0,,,,,,,Гаврилов В. А.,Вологодское АП,Не определено
2026-06-15,ХИ 9813 ,32Н,ТАШКЕНТ(ТАШКЕНТ ИНТЛ.),23,Y(А10),09:44,2100,2026-06-15 09:55:00,2026-06-15 10:00:00,2.0,2026-06-15 09:58:00,2026-06-15 10:15:00,2026-06-15 09:58:00,2026-06-15 10:15:00,2026-06-15 10:13:00,2.0,3.0,2026-06-15 10:08:00,2026-06-15 10:19:00,,0.0,2026-06-15 10:04:00,2026-06-15 10:09:00,2026-06-15 10:17:00,2026-06-15 10:19:00,,,"Омурбе У. Б., Ушаков Г. А.",UZBEKISTAN AIRWAYS,Выдача до 30 минут
2026-06-15,ЮТ 446 ,73Е,КОГАЛЫМ,13,Y(А07),10:00,264,2026-06-15 10:08:00,2026-06-15 10:11:00,,2026-06-15 10:12:00,2026-06-15 10:14:00,2026-06-15 10:13:00,2026-06-15 10:14:00,2026-06-15 10:14:00,,,2026-06-15 10:24:00,2026-06-15 10:25:00,,0.0,2026-06-15 10:16:00,2026-06-15 10:21:00,,,,,"Гаврилов В. А., Рябчевский В. О.",Ютэйр,Выдача до 30 минут
2026-06-15,ЮТ 356 ,73Х,ГРОЗНЫЙ(СЕВЕРНЫЙ),11,Y(А06),10:03,790,2026-06-15 10:16:00,2026-06-15 10:18:00,,2026-06-15 10:19:00,2026-06-15 10:28:00,2026-06-15 10:22:00,2026-06-15 10:28:00,2026-06-15 10:25:00,3.0,1.0,2026-06-15 10:32:00,2026-06-15 10:35:00,,0.0,2026-06-15 10:28:00,2026-06-15 10:31:00,,,,,"Екимов С. С., Попов А. И.",Ютэйр,Выдача до 30 минут
2026-06-15,ФВ 6013 ,СУ9,САНКТ-ПЕТЕРБУРГ(ПУЛКОВО),9,Y(А04),10:11,48,2026-06-15 10:20:00,2026-06-15 10:21:00,,2026-06-15 10:24:00,2026-06-15 10:26:00,2026-06-15 10:24:00,2026-06-15 10:26:00,2026-06-15 10:24:00,2.0,2.0,2026-06-15 10:29:00,2026-06-15 10:30:00,,0.0,2026-06-15 10:26:00,2026-06-15 10:30:00,,,,,Потапов Е. А.,Россия,Выдача до 30 минут
2026-06-15,3F 321 ,321,ЕРЕВАН(ЗВАРТНОЦ ИНТЛ),26,Y(А13),10:18,343,2026-06-15 10:26:00,2026-06-15 10:27:00,,2026-06-15 10:29:00,2026-06-15 10:30:00,2026-06-15 10:29:00,2026-06-15 10:30:00,2026-06-15 10:32:00,,,2026-06-15 10:36:00,2026-06-15 10:37:00,,0.0,2026-06-15 10:31:00,2026-06-15 10:36:00,,,,,Хушвактов П. З.,FLYONE Armenia,Выдача до 30 минут
2026-06-15,ЮТ 400 ,73Х,ГРОЗНЫЙ(СЕВЕРНЫЙ),12,Y(А08),10:24,262,2026-06-15 10:34:00,2026-06-15 10:37:00,,2026-06-15 10:39:00,2026-06-15 10:43:00,2026-06-15 10:39:00,2026-06-15 10:43:00,2026-06-15 10:40:00,3.0,2.0,2026-06-15 10:49:00,2026-06-15 10:50:00,,0.0,2026-06-15 10:45:00,2026-06-15 10:47:00,,,,,Аганин А. А.,Ютэйр,Выдача до 30 минут
2026-06-15,AZV 3002 ,763,АНТАЛЬЯ,19,Y(А09),10:38,3299,2026-06-15 10:53:00,2026-06-15 10:57:00,1.0,2026-06-15 10:56:00,2026-06-15 11:22:00,2026-06-15 10:56:00,2026-06-15 11:22:00,2026-06-15 11:19:00,3.0,4.0,2026-06-15 11:08:00,2026-06-15 11:30:00,,7.0,2026-06-15 11:12:00,2026-06-15 11:22:00,2026-06-15 11:23:00,2026-06-15 11:30:00,,,Дубинский В. Д.,АЗУР эйр,Выдача от 30 до 40 минут
2026-06-15,ФВ 6005 ,СУ9,САНКТ-ПЕТЕРБУРГ(ПУЛКОВО),10,Y(А05),10:41,440,2026-06-15 10:53:00,2026-06-15 10:53:00,,2026-06-15 11:00:00,2026-06-15 11:01:00,2026-06-15 11:00:00,2026-06-15 11:01:00,2026-06-15 11:00:00,1.0,,2026-06-15 11:04:00,2026-06-15 11:05:00,,0.0,2026-06-15 11:02:00,2026-06-15 11:03:00,,,,,Потапов Е. А.,Россия,Выдача до 30 минут
2026-06-15,DV 801 ,73В,ШЫМКЕНТ(ШЫМКЕНТ ИНТЛ.),20,Y(А13),10:47,868,2026-06-15 10:59:00,2026-06-15 11:00:00,,2026-06-15 11:02:00,2026-06-15 11:10:00,2026-06-15 11:02:00,2026-06-15 11:10:00,2026-06-15 11:09:00,1.0,2.0,2026-06-15 11:17:00,2026-06-15 11:20:00,,0.0,2026-06-15 11:11:00,2026-06-15 11:17:00,,,,,Каламбеков У. О.,SCAT Airlines,Выдача до 30 минут
2026-06-15,ДР 438 ,7С8,УФА,37,Y(А08),11:08,299,2026-06-15 11:17:00,2026-06-15 11:20:00,,2026-06-15 11:21:00,2026-06-15 11:27:00,2026-06-15 11:21:00,2026-06-15 11:27:00,2026-06-15 11:23:00,4.0,4.0,2026-06-15 11:33:00,2026-06-15 11:34:00,,0.0,2026-06-15 11:28:00,2026-06-15 11:32:00,,,,,Екимов С. С.,Победа,Выдача до 30 минут
2026-06-15,КГ 555 ,320,ОШ,25,Y(А13),11:20,2854,2026-06-15 11:33:00,2026-06-15 11:35:00,,2026-06-15 11:38:00,2026-06-15 11:55:00,2026-06-15 11:39:00,2026-06-15 11:55:00,2026-06-15 11:56:00,,,2026-06-15 11:49:00,2026-06-15 12:02:00,,0.0,2026-06-15 11:44:00,2026-06-15 11:49:00,2026-06-15 11:58:00,2026-06-15 12:02:00,,,"Дубинский В. Д., Иванов В. А.",Aero Nomad,Выдача до 30 минут
2026-06-15,J2 807 ,320,БАКУ(ИМ. ГЕЙДАРА АЛИЕВА),21,Y(А12),11:27,1603,2026-06-15 11:37:00,2026-06-15 11:40:00,,2026-06-15 11:40:00,2026-06-15 11:51:00,2026-06-15 11:43:00,2026-06-15 11:51:00,2026-06-15 11:52:00,,,2026-06-15 11:51:00,2026-06-15 11:58:00,,0.0,2026-06-15 11:52:00,2026-06-15 11:57:00,2026-06-15 11:46:00,2026-06-15 11:51:00,,,"Музафаров А. С., Омурбе У. Б.",AZAL,Выдача до 30 минут
2026-06-15,ГЗП 260 ,СУ9,НОВЫЙ УРЕНГОЙ,Б36,Y(А07),11:31,428,2026-06-15 11:38:00,2026-06-15 11:39:00,,2026-06-15 11:41:00,2026-06-15 11:45:00,2026-06-15 11:41:00,2026-06-15 11:45:00,2026-06-15 11:45:00,,1.0,2026-06-15 12:04:00,2026-06-15 12:05:00,,0.0,2026-06-15 11:48:00,2026-06-15 12:05:00,,,,,Рябчевский В. О.,Газпром авиа,Выдача до 30 минут
2026-06-15,ЖГ 936 ,73Х,ТБИЛИСИ(ТБИЛИСИ ИНТЛ.),30,Y(А09),11:35,2079,2026-06-15 11:44:00,2026-06-15 11:46:00,,2026-06-15 11:47:00,2026-06-15 12:06:00,2026-06-15 11:48:00,2026-06-15 12:06:00,2026-06-15 12:02:00,4.0,4.0,2026-06-15 11:56:00,2026-06-15 12:10:00,,0.0,2026-06-15 11:54:00,2026-06-15 11:57:00,2026-06-15 12:07:00,2026-06-15 12:11:00,,,"Воробьев Т. А., Попов Д. В.",GEORGIAN AIRWAYS,Выдача до 30 минут
2026-06-15,А4 7020 ,СУ9,САНКТ-ПЕТЕРБУРГ(ПУЛКОВО),24,Y(А04),11:42,42,2026-06-15 11:51:00,2026-06-15 11:56:00,2.0,2026-06-15 11:54:00,2026-06-15 11:55:00,2026-06-15 11:54:00,2026-06-15 11:55:00,2026-06-15 11:55:00,,1.0,2026-06-15 11:59:00,2026-06-15 12:00:00,,0.0,2026-06-15 11:56:00,2026-06-15 11:59:00,,,,,Гаврилов В. А.,Азимут,Выдача до 30 минут
2026-06-15,ДР 744 ,73Х,ОШ,49,Y(А13),11:46,262,2026-06-15 11:55:00,2026-06-15 11:57:00,,2026-06-15 11:59:00,2026-06-15 12:02:00,2026-06-15 11:59:00,2026-06-15 12:02:00,2026-06-15 12:01:00,1.0,1.0,2026-06-15 12:11:00,2026-06-15 12:12:00,,0.0,2026-06-15 12:04:00,2026-06-15 12:11:00,,,,,Потапов Е. А.,Победа,Выдача до 30 минут
2026-06-15,ФВ 6007 ,СУ9,САНКТ-ПЕТЕРБУРГ(ПУЛКОВО),8,Y(А05),11:49,573,2026-06-15 12:00:00,2026-06-15 12:02:00,,2026-06-15 12:10:00,2026-06-15 12:11:00,2026-06-15 12:10:00,2026-06-15 12:11:00,2026-06-15 12:08:00,3.0,,2026-06-15 12:12:00,2026-06-15 12:15:00,,0.0,2026-06-15 12:09:00,2026-06-15 12:12:00,,,,,Екимов С. С.,Россия,Выдача до 30 минут
2026-06-15,TK 413 ,333,СТАМБУЛ(СТАМБУЛ НЬЮ),22,Y(А10),11:54,4549,2026-06-15 12:06:00,2026-06-15 12:09:00,,2026-06-15 12:11:00,2026-06-15 12:23:00,2026-06-15 12:11:00,2026-06-15 12:23:00,2026-06-15 12:40:00,,,2026-06-15 12:24:00,2026-06-15 12:36:00,,0.0,2026-06-15 12:11:00,2026-06-15 12:30:00,2026-06-15 12:25:00,2026-06-15 12:33:00,,,Демчук Д. П.,Turkish Airlines,Выдача до 30 минут
2026-06-15,ДР 424 ,7С8,САМАРА(КУРУМОЧ),48,Y(А08),12:11,298,2026-06-15 12:24:00,2026-06-15 12:27:00,,2026-06-15 12:28:00,2026-06-15 12:31:00,2026-06-15 12:28:00,2026-06-15 12:31:00,2026-06-15 12:30:00,1.0,1.0,2026-06-15 12:37:00,2026-06-15 12:38:00,,0.0,2026-06-15 12:32:00,2026-06-15 12:37:00,,,,,Каламбеков У. О.,Победа,Выдача до 30 минут
2026-06-15,ЮТ 250B,734,СОЧИ,15,Y(А06),12:14,628,2026-06-15 12:23:00,2026-06-15 12:25:00,,2026-06-15 12:26:00,2026-06-15 12:31:00,2026-06-15 12:26:00,2026-06-15 12:31:00,2026-06-15 12:31:00,,1.0,2026-06-15 12:36:00,2026-06-15 12:37:00,,0.0,2026-06-15 12:31:00,2026-06-15 12:37:00,,,,,Чеканов В. А.,Ютэйр,Выдача до 30 минут
2026-06-15,А4 7034 ,СУ9,ПСКОВ(КРЕСТЫ),26,Y(А05),12:23,241,2026-06-15 12:31:00,2026-06-15 12:35:00,1.0,2026-06-15 12:35:00,2026-06-15 12:37:00,2026-06-15 12:35:00,2026-06-15 12:37:00,2026-06-15 12:37:00,,,2026-06-15 12:42:00,2026-06-15 12:43:00,,0.0,2026-06-15 12:37:00,2026-06-15 12:41:00,,,,,Воробьев Т. А.,Азимут,Выдача до 30 минут
2026-06-15,TK 1231 ,321,АНТАЛЬЯ,23,Y(А09),12:27,1913,2026-06-15 12:38:00,2026-06-15 12:42:00,1.0,2026-06-15 12:42:00,2026-06-15 12:56:00,2026-06-15 12:48:00,2026-06-15 12:56:00,2026-06-15 12:55:00,1.0,,2026-06-15 13:01:00,2026-06-15 13:04:00,3.0,0.0,2026-06-15 12:43:00,2026-06-15 13:03:00,,,,,"Дубинский В. Д., Омурбе У. Б.",Turkish Airlines,Выдача до 30 минут
2026-06-15,ФВ 6009 ,СУ9,САНКТ-ПЕТЕРБУРГ(ПУЛКОВО),10,Y(А04),12:36,186,2026-06-15 12:49:00,2026-06-15 12:51:00,,2026-06-15 12:52:00,2026-06-15 12:54:00,2026-06-15 12:52:00,2026-06-15 12:54:00,2026-06-15 12:54:00,,1.0,2026-06-15 12:57:00,2026-06-15 12:58:00,,0.0,2026-06-15 12:54:00,2026-06-15 12:57:00,,,,,Екимов С. С.,Россия,Выдача до 30 минут
2026-06-15,ЮТ 398F,73Е,МИНЕРАЛЬНЫЕ ВОДЫ,17,Y(А07),13:19,135,2026-06-15 13:30:00,2026-06-15 13:35:00,2.0,2026-06-15 13:34:00,2026-06-15 13:37:00,2026-06-15 13:34:00,2026-06-15 13:37:00,2026-06-15 13:35:00,2.0,2.0,2026-06-15 13:44:00,2026-06-15 13:45:00,,0.0,2026-06-15 13:39:00,2026-06-15 13:44:00,,,,,Попов Д. В.,Ютэйр,Выдача до 30 минут
2026-06-15,AZV 3014 ,75В,АНТАЛЬЯ,66,Y(А09),13:26,2352,2026-06-15 13:57:00,2026-06-15 14:00:00,,2026-06-15 14:03:00,2026-06-15 14:26:00,2026-06-15 14:03:00,2026-06-15 14:26:00,2026-06-15 14:17:00,9.0,7.0,2026-06-15 14:19:00,2026-06-15 14:39:00,,12.0,2026-06-15 14:12:00,2026-06-15 14:19:00,2026-06-15 14:29:00,2026-06-15 14:39:00,,,Ушаков Г. А.,АЗУР эйр,Выдача более 40 минут
2026-06-15,ЯМ 543 ,73Х,НОВОСИБИРСК(ТОЛМАЧЕВО),4,Y(А06),13:28,1083,2026-06-15 13:43:00,2026-06-15 13:45:00,,2026-06-15 13:45:00,2026-06-15 13:56:00,2026-06-15 13:45:00,2026-06-15 13:56:00,2026-06-15 13:54:00,2.0,4.0,2026-06-15 14:01:00,2026-06-15 14:06:00,,0.0,2026-06-15 13:57:00,2026-06-15 14:00:00,,,,,Каламбеков У. О.,Алроса,Выдача до 30 минут
2026-06-15,ЮТ 786B,73Х,ЕРЕВАН(ЗВАРТНОЦ ИНТЛ),18,Y(А13),13:35,1531,2026-06-15 13:51:00,2026-06-15 13:52:00,,2026-06-15 13:53:00,2026-06-15 14:01:00,2026-06-15 13:54:00,2026-06-15 14:01:00,2026-06-15 14:05:00,,,2026-06-15 14:08:00,2026-06-15 14:12:00,,0.0,2026-06-15 14:01:00,2026-06-15 14:07:00,2026-06-15 14:05:00,2026-06-15 14:09:00,,,"Музафаров А. С., Омурбе У. Б.",Ютэйр,Выдача до 30 минут
2026-06-15,ФВ 6025 ,СУ9,САНКТ-ПЕТЕРБУРГ(ПУЛКОВО),9,Y(А04),13:43,180,2026-06-15 13:54:00,2026-06-15 13:54:00,,2026-06-15 13:57:00,2026-06-15 13:58:00,2026-06-15 13:57:00,2026-06-15 13:58:00,2026-06-15 13:59:00,,,2026-06-15 14:01:00,2026-06-15 14:02:00,,0.0,2026-06-15 13:59:00,2026-06-15 14:02:00,,,,,Демчук Д. П.,Россия,Выдача до 30 минут
2026-06-15,ДР 434 ,7С8,ПЕРМЬ(БОЛЬШОЕ САВИНО),49,Y(А05),14:02,351,2026-06-15 14:09:00,2026-06-15 14:12:00,,2026-06-15 14:13:00,2026-06-15 14:16:00,2026-06-15 14:13:00,2026-06-15 14:16:00,2026-06-15 14:15:00,1.0,1.0,2026-06-15 14:23:00,2026-06-15 14:24:00,,0.0,2026-06-15 14:17:00,2026-06-15 14:23:00,,,,,Иванов В. А.,Победа,Выдача до 30 минут
2026-06-15,TK 417 ,321,СТАМБУЛ(СТАМБУЛ НЬЮ),21,Y(А10),14:16,2927,2026-06-15 14:32:00,2026-06-15 14:36:00,1.0,2026-06-15 14:34:00,2026-06-15 14:54:00,2026-06-15 14:34:00,2026-06-15 14:54:00,2026-06-15 14:56:00,,,2026-06-15 14:52:00,2026-06-15 15:00:00,,0.0,2026-06-15 14:39:00,2026-06-15 14:52:00,2026-06-15 14:55:00,2026-06-15 14:59:00,,,Попов Д. В.,Turkish Airlines,Выдача до 30 минут
2026-06-15,ДР 116B,7С8,СОЧИ,47,Y(А06),14:35,946,2026-06-15 15:15:00,2026-06-15 14:48:00,-27.0,2026-06-15 14:48:00,2026-06-15 14:57:00,2026-06-15 14:48:00,2026-06-15 14:57:00,2026-06-15 15:25:00,,3.0,2026-06-15 15:05:00,2026-06-15 15:09:00,,0.0,2026-06-15 14:56:00,2026-06-15 15:04:00,,,,,Екимов С. С.,Победа,Некорректно проставлены отметки
2026-06-15,ДР 856 ,73Х,ГЮМРИ(ШИРАК),48,Y(А13),14:42,1127,2026-06-15 14:50:00,2026-06-15 14:53:00,,2026-06-15 14:57:00,2026-06-15 15:06:00,2026-06-15 14:57:00,2026-06-15 15:06:00,2026-06-15 15:02:00,4.0,1.0,2026-06-15 15:17:00,2026-06-15 15:24:00,,4.0,2026-06-15 15:10:00,2026-06-15 15:17:00,,,,,Рябчевский В. О.,Победа,Выдача от 30 до 40 минут
2026-06-15,УТА 6190 ,734,НОЯБРЬСК,10,Y(А08),14:45,428,2026-06-15 14:57:00,2026-06-15 15:00:00,,2026-06-15 15:00:00,2026-06-15 15:04:00,2026-06-15 15:00:00,2026-06-15 15:04:00,2026-06-15 15:04:00,,1.0,2026-06-15 15:12:00,2026-06-15 15:14:00,,0.0,2026-06-15 15:09:00,2026-06-15 15:14:00,,,,,Чеканов В. А.,Ютэйр,Выдача до 30 минут
2026-06-15,ФВ 6027 ,СУ9,САНКТ-ПЕТЕРБУРГ(ПУЛКОВО),8,Y(А04),14:49,427,2026-06-15 15:02:00,2026-06-15 15:04:00,,2026-06-15 15:07:00,2026-06-15 15:12:00,2026-06-15 15:07:00,2026-06-15 15:12:00,2026-06-15 15:09:00,3.0,2.0,2026-06-15 15:16:00,2026-06-15 15:18:00,,0.0,2026-06-15 15:13:00,2026-06-15 15:16:00,,,,,Демчук Д. П.,Россия,Выдача до 30 минут
2026-06-15,ЯК 688 ,73Х,НОВОСИБИРСК(ТОЛМАЧЕВО),14,Y(А06),14:54,771,2026-06-15 15:05:00,2026-06-15 15:08:00,,2026-06-15 15:08:00,2026-06-15 15:13:00,2026-06-15 15:08:00,2026-06-15 15:13:00,2026-06-15 15:14:00,,,2026-06-15 15:21:00,2026-06-15 15:26:00,,0.0,2026-06-15 15:15:00,2026-06-15 15:21:00,,,,,Воробьев Т. А.,Якутия,Выдача до 30 минут
2026-06-15,PC 388 ,32Щ,СТАМБУЛ(САБИХА ГОКЦЕН),20,Y(А09),15:00,2749,2026-06-15 15:11:00,2026-06-15 15:13:00,,2026-06-15 15:15:00,2026-06-15 15:25:00,2026-06-15 15:15:00,2026-06-15 15:25:00,2026-06-15 15:33:00,,,2026-06-15 15:26:00,2026-06-15 15:35:00,,0.0,2026-06-15 15:19:00,2026-06-15 15:24:00,2026-06-15 15:27:00,2026-06-15 15:31:00,,,"Гаврилов В. А., Дубинский В. Д.",Pegasus,Выдача до 30 минут
2026-06-15,ФВ 6031 ,СУ9,САНКТ-ПЕТЕРБУРГ(ПУЛКОВО),9,Y(А04),15:24,298,2026-06-15 15:38:00,2026-06-15 15:39:00,,2026-06-15 15:42:00,2026-06-15 15:46:00,2026-06-15 15:42:00,2026-06-15 15:46:00,2026-06-15 15:44:00,2.0,2.0,2026-06-15 15:47:00,2026-06-15 15:49:00,,0.0,2026-06-15 15:53:00,2026-06-15 15:54:00,,,,,Музафаров А. С.,Россия,Выдача до 30 минут
2026-06-15,А4 7010 ,СУ9,ТБИЛИСИ(ТБИЛИСИ ИНТЛ.),21,Y(А12),16:17,1561,2026-06-15 16:27:00,2026-06-15 16:32:00,2.0,2026-06-15 16:34:00,2026-06-15 16:47:00,2026-06-15 16:34:00,2026-06-15 16:47:00,2026-06-15 16:41:00,6.0,3.0,2026-06-15 16:50:00,2026-06-15 16:54:00,3.0,0.0,2026-06-15 16:40:00,2026-06-15 16:45:00,2026-06-15 16:48:00,2026-06-15 16:55:00,,,Дубинский В. Д.,Азимут,Выдача до 30 минут
2026-06-15,ФВ 6037 ,СУ9,САНКТ-ПЕТЕРБУРГ(ПУЛКОВО),8,Y(А04),16:35,318,2026-06-15 16:46:00,2026-06-15 16:49:00,,2026-06-15 16:49:00,2026-06-15 16:52:00,2026-06-15 16:49:00,2026-06-15 16:52:00,2026-06-15 16:52:00,,1.0,2026-06-15 16:55:00,2026-06-15 16:57:00,,0.0,2026-06-15 16:53:00,2026-06-15 16:55:00,,,,,Потапов Е. А.,Россия,Выдача до 30 минут
2026-06-15,НВЦ 9152 ,32Щ,САБЕТТА,13,Y(А06),17:07,2299,2026-06-15 17:27:00,2026-06-15 17:27:00,,2026-06-15 17:29:00,2026-06-15 17:45:00,2026-06-15 17:29:00,2026-06-15 17:45:00,2026-06-15 17:46:00,,1.0,2026-06-15 17:37:00,2026-06-15 17:49:00,,0.0,2026-06-15 17:33:00,2026-06-15 17:36:00,2026-06-15 17:47:00,2026-06-15 17:49:00,,,"Андреев А. М., Иванов В. А.",Северо-Запад,Выдача до 30 минут
2026-06-15,4S 341 ,73Х,ХУРГАДА(ХУРГАДА ИНТЛ.),23,Y(А09),17:11,2124,2026-06-15 17:26:00,2026-06-15 17:30:00,1.0,2026-06-15 17:29:00,2026-06-15 17:42:00,2026-06-15 17:29:00,2026-06-15 17:42:00,2026-06-15 17:44:00,,,2026-06-15 17:39:00,2026-06-15 17:48:00,,0.0,2026-06-15 17:33:00,2026-06-15 17:39:00,2026-06-15 17:42:00,2026-06-15 17:47:00,,,"Гафуров О. Ф., Екимов С. С.",Red Sea,Выдача до 30 минут
2026-06-15,ФВ 6175 ,СУ9,САНКТ-ПЕТЕРБУРГ(ПУЛКОВО),9,Y(А04),17:16,208,2026-06-15 17:29:00,2026-06-15 17:29:00,,2026-06-15 17:33:00,2026-06-15 17:35:00,2026-06-15 17:33:00,2026-06-15 17:35:00,2026-06-15 17:34:00,1.0,1.0,2026-06-15 17:37:00,2026-06-15 17:39:00,,0.0,2026-06-15 17:35:00,2026-06-15 17:37:00,,,,,Омурбе У. Б.,Россия,Выдача до 30 минут
2026-06-15,ЮТ 802F,73Х,ДУШАНБЕ(ДУШАНБЕ ИНТЛ.),16,Y(А09),17:28,2330,2026-06-15 17:39:00,2026-06-15 17:44:00,2.0,2026-06-15 17:42:00,2026-06-15 18:06:00,2026-06-15 18:02:00,2026-06-15 18:06:00,2026-06-15 17:59:00,7.0,,2026-06-15 17:55:00,2026-06-15 18:12:00,,3.0,2026-06-15 17:50:00,2026-06-15 17:55:00,2026-06-15 18:07:00,2026-06-15 18:13:00,,,"Андреев А. М., Хушвактов П. З.",Ютэйр,Выдача от 30 до 40 минут
2026-06-15,PBD 980 ,73Х,АНТАЛЬЯ,49,Y(А11),17:31,1225,2026-06-15 17:38:00,2026-06-15 17:40:00,,2026-06-15 17:40:00,2026-06-15 17:51:00,2026-06-15 17:40:00,2026-06-15 17:51:00,2026-06-15 17:50:00,1.0,3.0,2026-06-15 17:55:00,2026-06-15 17:59:00,,0.0,2026-06-15 17:48:00,2026-06-15 17:54:00,2026-06-15 17:52:00,2026-06-15 17:59:00,,,Музафаров А. С.,Победа,Выдача до 30 минут
2026-06-15,ЮТ 596 ,73Е,УСИНСК,12,Y(А05),17:34,674,2026-06-15 17:43:00,2026-06-15 17:44:00,,2026-06-15 17:47:00,2026-06-15 17:54:00,2026-06-15 17:47:00,2026-06-15 17:54:00,2026-06-15 17:51:00,3.0,3.0,2026-06-15 17:59:00,2026-06-15 18:03:00,,0.0,2026-06-15 17:56:00,2026-06-15 17:59:00,,,,,Омурбе У. Б.,Ютэйр,Выдача до 30 минут
2026-06-15,В2 979 ,73Х,МИНСК(МИНСК ИНТЛ.),29,Y(А13),17:37,760,2026-06-15 17:48:00,2026-06-15 17:49:00,,2026-06-15 17:51:00,2026-06-15 17:55:00,2026-06-15 17:51:00,2026-06-15 17:55:00,2026-06-15 17:57:00,,,2026-06-15 18:00:00,2026-06-15 18:05:00,,0.0,2026-06-15 17:57:00,2026-06-15 18:00:00,,,,,Чеканов В. А.,Белавиа,Выдача до 30 минут
2026-06-15,FZ 989 ,7М8,ДУБАЙ(ДУБАЙ ИНТЛ.),30,Y(А10),17:41,2255,2026-06-15 17:53:00,2026-06-15 17:54:00,,2026-06-15 17:55:00,2026-06-15 18:16:00,2026-06-15 17:55:00,2026-06-15 18:16:00,2026-06-15 18:12:00,4.0,6.0,2026-06-15 18:07:00,2026-06-15 18:23:00,,0.0,2026-06-15 18:03:00,2026-06-15 18:06:00,2026-06-15 18:18:00,2026-06-15 18:21:00,,,"Воробьев Т. А., Демчук Д. П.",flydubai,Выдача до 30 минут
2026-06-15,ДР 836 ,73Х,ГАЗИПАША,47,Y(А12),17:56,1456,2026-06-15 18:05:00,2026-06-15 18:09:00,1.0,2026-06-15 18:07:00,2026-06-15 18:20:00,2026-06-15 18:07:00,2026-06-15 18:20:00,2026-06-15 18:19:00,1.0,3.0,2026-06-15 18:20:00,2026-06-15 18:29:00,,0.0,2026-06-15 18:14:00,2026-06-15 18:21:00,2026-06-15 18:21:00,2026-06-15 18:28:00,,,Потапов Е. А.,Победа,Выдача до 30 минут
2026-06-15,РГ 194 ,ЦР1,ТАМБОВ,55,Y(А08),18:02,178,-1,,,2026-06-15 18:15:00,2026-06-15 18:17:00,2026-06-15 18:15:00,2026-06-15 18:17:00,,,1.0,2026-06-15 18:23:00,2026-06-15 18:24:00,,0.0,2026-06-15 18:18:00,2026-06-15 18:23:00,,,,,Каламбеков У. О.,Руслайн,Некорректно проставлены отметки
2026-06-15,ЮТ 374 ,73Х,МИНЕРАЛЬНЫЕ ВОДЫ,17,Y(А06),18:07,1286,2026-06-15 18:20:00,2026-06-15 18:21:00,,2026-06-15 18:23:00,2026-06-15 18:35:00,2026-06-15 18:23:00,2026-06-15 18:35:00,2026-06-15 18:33:00,2.0,3.0,2026-06-15 18:34:00,2026-06-15 18:39:00,,0.0,2026-06-15 18:30:00,2026-06-15 18:34:00,2026-06-15 18:35:00,2026-06-15 18:40:00,,,Иванов В. А.,Ютэйр,Выдача до 30 минут
2026-06-15,ЮТ 746 ,73Х,БАКУ(ИМ. ГЕЙДАРА АЛИЕВА),19,Y(А11),18:14,1487,2026-06-15 18:24:00,2026-06-15 18:25:00,,2026-06-15 18:26:00,2026-06-15 18:42:00,2026-06-15 18:26:00,2026-06-15 18:42:00,2026-06-15 18:38:00,4.0,6.0,2026-06-15 18:45:00,2026-06-15 18:47:00,1.0,0.0,2026-06-15 18:38:00,2026-06-15 18:45:00,2026-06-15 18:45:00,2026-06-15 18:50:00,,,Гаврилов В. А.,Ютэйр,Выдача до 30 минут
2026-06-15,ФВ 6177 ,СУ9,САНКТ-ПЕТЕРБУРГ(ПУЛКОВО),8,Y(А04),18:33,201,2026-06-15 18:43:00,2026-06-15 18:44:00,,2026-06-15 18:47:00,2026-06-15 18:52:00,2026-06-15 18:47:00,2026-06-15 18:52:00,2026-06-15 18:48:00,4.0,4.0,2026-06-15 18:55:00,2026-06-15 18:56:00,,0.0,2026-06-15 18:51:00,2026-06-15 18:54:00,,,,,Музафаров А. С.,Россия,Выдача до 30 минут
2026-06-15,TK 415 ,32Б,СТАМБУЛ(СТАМБУЛ НЬЮ),20,Y(А10),18:37,2872,2026-06-15 18:50:00,2026-06-15 18:53:00,,2026-06-15 18:54:00,2026-06-15 19:12:00,2026-06-15 18:54:00,2026-06-15 19:12:00,2026-06-15 19:13:00,,,2026-06-15 19:10:00,2026-06-15 19:11:00,,0.0,2026-06-15 19:04:00,2026-06-15 19:09:00,2026-06-15 19:06:00,2026-06-15 19:17:00,,,Андреев А. М.,Turkish Airlines,Выдача до 30 минут
2026-06-15,ХИ 9625 ,320,НУКУС,26,Y(А09),18:45,1944,2026-06-15 18:55:00,2026-06-15 18:55:00,,2026-06-15 18:58:00,2026-06-15 19:14:00,2026-06-15 18:58:00,2026-06-15 19:14:00,2026-06-15 19:12:00,2.0,3.0,2026-06-15 19:07:00,2026-06-15 19:19:00,,0.0,2026-06-15 19:04:00,2026-06-15 19:07:00,2026-06-15 19:14:00,2026-06-15 19:18:00,,,Гафуров О. Ф.,UZBEKISTAN AIRWAYS,Выдача до 30 минут
2026-06-15,ЮТ 464 ,73Х,ТЮМЕНЬ(РОЩИНО),14,Y(А07),18:48,794,2026-06-15 18:57:00,2026-06-15 18:59:00,,2026-06-15 19:00:00,2026-06-15 19:08:00,2026-06-15 19:00:00,2026-06-15 19:08:00,2026-06-15 19:06:00,2.0,3.0,2026-06-15 19:16:00,2026-06-15 19:18:00,,0.0,2026-06-15 19:11:00,2026-06-15 19:17:00,,,,,Каламбеков У. О.,Ютэйр,Выдача до 30 минут
2026-06-15,ЯК 474 ,7С8,СОЧИ,15,Y(А05),19:00,1189,2026-06-15 19:09:00,2026-06-15 19:10:00,,2026-06-15 19:11:00,2026-06-15 19:18:00,2026-06-15 19:11:00,2026-06-15 19:18:00,2026-06-15 19:19:00,,1.0,2026-06-15 19:25:00,2026-06-15 19:26:00,,0.0,2026-06-15 19:21:00,2026-06-15 19:25:00,,,,,Екимов С. С.,Якутия,Выдача до 30 минут
2026-06-15,ЮТ 296 ,73Х,СУРГУТ,11,Y(А06),19:17,964,2026-06-15 19:25:00,2026-06-15 19:28:00,,2026-06-15 19:30:00,2026-06-15 19:37:00,2026-06-15 19:30:00,2026-06-15 19:37:00,2026-06-15 19:35:00,2.0,1.0,2026-06-15 19:42:00,2026-06-15 19:45:00,,0.0,2026-06-15 19:39:00,2026-06-15 19:42:00,,,,,Чеканов В. А.,Ютэйр,Выдача до 30 минут
2026-06-15,УР 514 ,75В,БОДРУМ(МИЛАС),18,Y(А11),19:21,902,2026-06-15 19:32:00,2026-06-15 19:30:00,-2.0,2026-06-15 19:34:00,2026-06-15 19:41:00,2026-06-15 19:34:00,2026-06-15 19:41:00,2026-06-15 19:42:00,,1.0,2026-06-15 19:47:00,2026-06-15 19:48:00,,0.0,2026-06-15 19:40:00,2026-06-15 19:46:00,,,,,Коляскин А. Г.,FLYONE Armenia,Выдача до 30 минут
2026-06-15,3F 325 ,320,ЕРЕВАН(ЗВАРТНОЦ ИНТЛ),22,Y(А13),19:28,1795,2026-06-15 19:38:00,2026-06-15 19:39:00,,2026-06-15 19:44:00,2026-06-15 19:51:00,2026-06-15 19:44:00,2026-06-15 19:51:00,2026-06-15 19:54:00,,,2026-06-15 19:49:00,2026-06-15 19:59:00,,0.0,2026-06-15 19:44:00,2026-06-15 19:50:00,2026-06-15 19:53:00,2026-06-15 19:58:00,,,Кейта А. С.,FLYONE Armenia,Выдача до 30 минут
2026-06-15,ФВ 6179 ,СУ9,САНКТ-ПЕТЕРБУРГ(ПУЛКОВО),9,Y(А04),19:31,342,2026-06-15 19:39:00,2026-06-15 19:40:00,,2026-06-15 19:43:00,2026-06-15 19:45:00,2026-06-15 19:43:00,2026-06-15 19:45:00,2026-06-15 19:45:00,,,2026-06-15 19:48:00,2026-06-15 19:50:00,,0.0,2026-06-15 19:46:00,2026-06-15 19:48:00,,,,,Харитонов- Тихонов И. А.,Россия,Выдача до 30 минут
2026-06-15,PBD 840 ,73Х,АНТАЛЬЯ,47,Y(А12),19:34,1258,2026-06-15 19:42:00,2026-06-15 19:46:00,1.0,2026-06-15 19:45:00,2026-06-15 19:56:00,2026-06-15 19:52:00,2026-06-15 19:56:00,2026-06-15 19:54:00,2.0,,2026-06-15 19:59:00,2026-06-15 20:02:00,,0.0,2026-06-15 19:50:00,2026-06-15 20:00:00,2026-06-15 19:55:00,2026-06-15 20:01:00,,,"Демчук Д. П., Фанин - Богданов Анатолий Н. О.",Победа,Выдача до 30 минут
2026-06-15,ЮТ 398 ,73Х,ГЕЛЕНДЖИК,13,Y(А06),19:39,898,2026-06-15 19:50:00,2026-06-15 19:52:00,,2026-06-15 19:53:00,2026-06-15 20:07:00,2026-06-15 19:53:00,2026-06-15 20:07:00,2026-06-15 20:00:00,7.0,8.0,2026-06-15 20:11:00,2026-06-15 20:12:00,1.0,0.0,2026-06-15 20:06:00,2026-06-15 20:11:00,,,,,Едгоров Ф. И.,Ютэйр,Выдача до 30 минут
2026-06-15,ЮТ 576 ,73Е,КРАСНОДАР(ПАШКОВСКИЙ),16,Y(А05),19:44,577,2026-06-15 19:52:00,2026-06-15 19:54:00,,2026-06-15 19:56:00,2026-06-15 20:06:00,2026-06-15 19:56:00,2026-06-15 20:06:00,2026-06-15 20:00:00,6.0,6.0,2026-06-15 20:10:00,2026-06-15 20:11:00,,0.0,2026-06-15 20:06:00,2026-06-15 20:11:00,,,,,Воробьев Т. А.,Ютэйр,Выдача до 30 минут
2026-06-15,ДР 114 ,7С8,СОЧИ,48,Y(А08),19:54,671,2026-06-15 20:08:00,2026-06-15 20:09:00,,2026-06-15 20:10:00,2026-06-15 20:14:00,2026-06-15 20:10:00,2026-06-15 20:14:00,2026-06-15 20:16:00,,,2026-06-15 20:22:00,2026-06-15 20:23:00,,0.0,2026-06-15 20:15:00,2026-06-15 20:21:00,,,,,Харитонов- Тихонов И. А.,Победа,Выдача до 30 минут
2026-06-15,ДР 158 ,73Х,КРАСНОДАР(ПАШКОВСКИЙ),49,Y(А07),19:58,450,2026-06-15 20:08:00,2026-06-15 20:12:00,1.0,2026-06-15 20:13:00,2026-06-15 20:21:00,2026-06-15 20:13:00,2026-06-15 20:21:00,2026-06-15 20:15:00,6.0,5.0,2026-06-15 20:30:00,2026-06-15 20:31:00,,0.0,2026-06-15 20:22:00,2026-06-15 20:31:00,,,,,Рябчевский В. О.,Победа,Выдача до 30 минут
2026-06-15,ХИ 613 ,763,ТАШКЕНТ(ТАШКЕНТ ИНТЛ.),23,Y(А10),20:01,3054,2026-06-15 20:17:00,2026-06-15 20:19:00,,2026-06-15 20:19:00,2026-06-15 20:37:00,2026-06-15 20:20:00,2026-06-15 20:37:00,2026-06-15 20:41:00,,,2026-06-15 20:31:00,2026-06-15 20:33:00,,0.0,2026-06-15 20:27:00,2026-06-15 20:37:00,2026-06-15 20:29:00,2026-06-15 20:34:00,,,"Гаврилов В. А., Иванов В. А.",UZBEKISTAN AIRWAYS,Выдача до 30 минут
2026-06-15,ХИ 9619 ,32Н,НАМАНГАН,24,Y(А09),20:05,1881,2026-06-15 20:17:00,2026-06-15 20:19:00,,2026-06-15 20:19:00,2026-06-15 20:32:00,2026-06-15 20:19:00,2026-06-15 20:32:00,2026-06-15 20:34:00,,,2026-06-15 20:28:00,2026-06-15 20:38:00,,0.0,2026-06-15 20:24:00,2026-06-15 20:28:00,2026-06-15 20:33:00,2026-06-15 20:36:00,,,Коляскин А. Г.,UZBEKISTAN AIRWAYS,Выдача до 30 минут
2026-06-15,ФВ 6181 ,СУ9,САНКТ-ПЕТЕРБУРГ(ПУЛКОВО),8,Y(А04),20:21,205,2026-06-15 20:33:00,2026-06-15 20:34:00,,2026-06-15 20:35:00,2026-06-15 20:38:00,2026-06-15 20:35:00,2026-06-15 20:38:00,2026-06-15 20:38:00,,2.0,2026-06-15 20:41:00,2026-06-15 20:43:00,,0.0,2026-06-15 20:38:00,2026-06-15 20:41:00,,,,,Вазиров Т. В.,Россия,Выдача до 30 минут
2026-06-15,J2 5830 ,320,ГЯНДЖА,30,Y(А12),20:54,2398,2026-06-15 21:09:00,2026-06-15 21:09:00,,2026-06-15 21:11:00,2026-06-15 21:21:00,2026-06-15 21:11:00,2026-06-15 21:21:00,2026-06-15 21:29:00,,,2026-06-15 21:21:00,2026-06-15 21:31:00,,0.0,2026-06-15 21:18:00,2026-06-15 21:21:00,2026-06-15 21:24:00,2026-06-15 21:29:00,,,"Андреев А. М., Каламбеков У. О.",AZAL,Выдача до 30 минут
2026-06-15,ДР 190 ,7С8,МАХАЧКАЛА,46,Y(А05),20:56,405,2026-06-15 21:05:00,2026-06-15 21:08:00,,2026-06-15 21:07:00,2026-06-15 21:10:00,2026-06-15 21:07:00,2026-06-15 21:10:00,2026-06-15 21:12:00,,,2026-06-15 21:19:00,2026-06-15 21:21:00,,0.0,2026-06-15 21:10:00,2026-06-15 21:19:00,,,,,Барабанов А. М.,Победа,Выдача до 30 минут
2026-06-15,ХИ 9627 ,32Н,ФЕРГАНА(ФЕРГАНА ИНТЛ.),25,Y(А09),21:03,2215,2026-06-15 21:16:00,2026-06-15 21:18:00,,2026-06-15 21:19:00,2026-06-15 21:30:00,2026-06-15 21:19:00,2026-06-15 21:30:00,2026-06-15 21:35:00,,,2026-06-15 21:27:00,2026-06-15 21:35:00,,0.0,2026-06-15 21:22:00,2026-06-15 21:27:00,2026-06-15 21:31:00,2026-06-15 21:34:00,,,"Вазиров Т. В., Фанин - Богданов Анатолий Н. О.",UZBEKISTAN AIRWAYS,Выдача до 30 минут
2026-06-15,А4 7030 ,СУ9,ЕРЕВАН(ЗВАРТНОЦ ИНТЛ),51A,Y(А13),21:06,722,-1,,,2026-06-15 21:24:00,2026-06-15 21:28:00,2026-06-15 21:24:00,2026-06-15 21:28:00,,,,2026-06-15 21:37:00,2026-06-15 21:38:00,,0.0,2026-06-15 21:30:00,2026-06-15 21:36:00,,,,,Коляскин А. Г.,Азимут,Некорректно проставлены отметки
2026-06-15,ФВ 6183 ,СУ9,САНКТ-ПЕТЕРБУРГ(ПУЛКОВО),9,Y(А04),21:27,210,2026-06-15 21:38:00,2026-06-15 21:38:00,,2026-06-15 21:42:00,2026-06-15 21:43:00,2026-06-15 21:42:00,2026-06-15 21:43:00,2026-06-15 21:43:00,,,2026-06-15 21:47:00,2026-06-15 21:48:00,,0.0,2026-06-15 21:45:00,2026-06-15 21:48:00,,,,,Харитонов- Тихонов И. А.,Россия,Выдача до 30 минут
2026-06-15,AZO 7054 ,СУ9,БАТУМИ,28,Y(А11),21:33,1039,2026-06-15 21:44:00,2026-06-15 21:47:00,,2026-06-15 21:49:00,2026-06-15 22:02:00,2026-06-15 21:49:00,2026-06-15 22:02:00,2026-06-15 21:55:00,7.0,6.0,2026-06-15 22:09:00,2026-06-15 22:10:00,5.0,0.0,2026-06-15 22:06:00,2026-06-15 22:09:00,,,,,Демчук Д. П.,GEORGIAN AIRWAYS,Выдача до 30 минут
2026-06-15,ДР 194 ,7С8,НАЛЬЧИК,48,Y(А06),21:36,730,2026-06-15 21:44:00,2026-06-15 21:47:00,,2026-06-15 21:46:00,2026-06-15 21:56:00,2026-06-15 21:46:00,2026-06-15 21:56:00,2026-06-15 21:53:00,3.0,5.0,2026-06-15 22:03:00,2026-06-15 22:06:00,,0.0,2026-06-15 21:57:00,2026-06-15 22:03:00,,,,,Едгоров Ф. И.,Победа,Выдача до 30 минут
2026-06-15,ЮВ 204 ,ЦР2,ТОБОЛЬСК(РЕМЕЗОВ),44,Y(А04),21:56,286,2026-06-15 22:07:00,2026-06-15 22:07:00,,2026-06-15 22:09:00,2026-06-15 22:12:00,2026-06-15 22:09:00,2026-06-15 22:12:00,2026-06-15 22:13:00,,1.0,2026-06-15 22:18:00,2026-06-15 22:20:00,,0.0,2026-06-15 22:14:00,2026-06-15 22:18:00,,,,,Барабанов А. М.,ЮВТ АЭРО,Выдача до 30 минут
2026-06-15,ЮТ 180 ,734,УХТА,10,Y(А05),21:59,565,2026-06-15 22:12:00,2026-06-15 22:14:00,,2026-06-15 22:17:00,2026-06-15 22:23:00,2026-06-15 22:17:00,2026-06-15 22:23:00,2026-06-15 22:20:00,3.0,2.0,2026-06-15 22:26:00,2026-06-15 22:29:00,,0.0,2026-06-15 22:24:00,2026-06-15 22:26:00,,,,,Никишин А. В.,Ютэйр,Выдача до 30 минут
2026-06-15,ДР 210 ,73Х,САНКТ-ПЕТЕРБУРГ(ПУЛКОВО),47,Y(А07),22:02,410,2026-06-15 22:17:00,2026-06-15 22:18:00,,2026-06-15 22:18:00,2026-06-15 22:20:00,2026-06-15 22:18:00,2026-06-15 22:20:00,2026-06-15 22:24:00,,,2026-06-15 22:30:00,2026-06-15 22:31:00,,0.0,2026-06-15 22:22:00,2026-06-15 22:29:00,,,,,Соколов И. С.,Победа,Выдача до 30 минут
2026-06-15,VSV 3410 ,752,АСТАНА(НУРСУЛТАН НАЗАРБАЕВ),19,0,22:05,0,2026-06-15 22:16:00,2026-06-15 22:16:00,,2026-06-15 22:17:00,2026-06-15 22:18:00,2026-06-15 22:17:00,2026-06-15 22:18:00,,,1.0,,-1,,0.0,,,,,,,Гафуров О. Ф.,AJET,Не определено
2026-06-15,ЮТ 784 ,73Х,АНТАЛЬЯ,16,Y(А12),22:14,1909,2026-06-15 22:22:00,2026-06-15 22:24:00,,2026-06-15 22:27:00,2026-06-15 22:45:00,2026-06-15 22:31:00,2026-06-15 22:45:00,2026-06-15 22:39:00,6.0,1.0,2026-06-15 22:39:00,2026-06-15 22:52:00,,0.0,2026-06-15 22:35:00,2026-06-15 22:38:00,2026-06-15 22:46:00,2026-06-15 22:50:00,,,"Андреев А. М., Воробьев Т. А.",Ютэйр,Выдача до 30 минут
2026-06-15,J2 803 ,76В,БАКУ(ИМ. ГЕЙДАРА АЛИЕВА),18,Y(А09),22:20,2090,2026-06-15 22:36:00,2026-06-15 22:37:00,,2026-06-15 22:38:00,2026-06-15 22:46:00,2026-06-15 22:38:00,2026-06-15 22:46:00,2026-06-15 22:54:00,,,2026-06-15 22:54:00,2026-06-15 22:56:00,,0.0,2026-06-15 22:46:00,2026-06-15 22:54:00,,,,,Коляскин А. Г.,AZAL,Выдача до 30 минут
2026-06-15,ДР 206 ,7С8,САНКТ-ПЕТЕРБУРГ(ПУЛКОВО),49,Y(А05),22:26,260,2026-06-15 22:39:00,2026-06-15 22:39:00,,2026-06-15 22:39:00,2026-06-15 22:41:00,2026-06-15 22:39:00,2026-06-15 22:41:00,2026-06-15 22:45:00,,,2026-06-15 22:49:00,2026-06-15 22:51:00,,0.0,2026-06-15 22:43:00,2026-06-15 22:49:00,,,,,Каламбеков У. О.,Победа,Выдача до 30 минут
2026-06-15,4S 311 ,7С8,ШАРМ ЭЛЬ ШЕЙХ(ШАРМ ЭЛЬ ШЕЙХ ИНТЛ.),23,Y(А10),22:31,2118,2026-06-15 22:46:00,2026-06-15 22:48:00,,2026-06-15 22:50:00,2026-06-15 23:07:00,2026-06-15 22:50:00,2026-06-15 23:07:00,2026-06-15 23:04:00,3.0,3.0,2026-06-15 23:03:00,2026-06-15 23:14:00,,0.0,2026-06-15 22:57:00,2026-06-15 23:02:00,2026-06-15 23:09:00,2026-06-15 23:15:00,,,Рябчевский В. О.,Red Sea,Выдача до 30 минут
2026-06-15,DV 815 ,7М8,АЛМАТЫ(АЛМАТЫ ИНТЛ.),20,Y(А13),22:34,1094,2026-06-15 22:46:00,2026-06-15 22:49:00,,2026-06-15 22:48:00,2026-06-15 22:56:00,2026-06-15 22:49:00,2026-06-15 22:56:00,2026-06-15 22:57:00,,,2026-06-15 23:03:00,2026-06-15 23:05:00,,0.0,2026-06-15 22:56:00,2026-06-15 23:02:00,,,,,"Гафуров О. Ф., Харитонов- Тихонов И. А.",SCAT Airlines,Выдача до 30 минут
2026-06-15,ЮТ 576F,735,СОЧИ,54,Y(А04),22:37,147,-1,,,2026-06-15 22:58:00,2026-06-15 22:59:00,2026-06-15 22:58:00,2026-06-15 22:59:00,,,,2026-06-15 23:07:00,2026-06-15 23:08:00,,0.0,2026-06-15 23:00:00,2026-06-15 23:07:00,,,,,Фанин - Богданов Анатолий Н. О.,Ютэйр,Некорректно проставлены отметки
2026-06-15,ФВ 6185 ,СУ9,САНКТ-ПЕТЕРБУРГ(ПУЛКОВО),8,Y(А04),22:42,107,2026-06-15 22:51:00,2026-06-15 22:54:00,,2026-06-15 22:56:00,2026-06-15 22:58:00,2026-06-15 22:56:00,2026-06-15 22:58:00,2026-06-15 22:56:00,2.0,1.0,2026-06-15 23:01:00,2026-06-15 23:02:00,,0.0,2026-06-15 22:59:00,2026-06-15 23:01:00,,,,,Иванов В. А.,Россия,Выдача до 30 минут
2026-06-15,PC 1580 ,320,АНТАЛЬЯ,24,Y(А11),22:47,2334,2026-06-15 22:58:00,2026-06-15 23:00:00,,2026-06-15 23:01:00,2026-06-15 23:17:00,2026-06-15 23:01:00,2026-06-15 23:17:00,2026-06-15 23:18:00,,,2026-06-15 23:14:00,2026-06-15 23:25:00,,0.0,2026-06-15 23:09:00,2026-06-15 23:13:00,2026-06-15 23:18:00,2026-06-15 23:23:00,,,Вазиров Т. В.,Pegasus,Выдача до 30 минут
2026-06-15,ДР 116 ,73Х,СОЧИ,50,Y(А06),22:51,850,2026-06-15 23:03:00,2026-06-15 23:07:00,1.0,2026-06-15 23:09:00,2026-06-15 23:17:00,2026-06-15 23:09:00,2026-06-15 23:17:00,2026-06-15 23:13:00,4.0,2.0,2026-06-15 23:25:00,2026-06-15 23:28:00,,0.0,2026-06-15 23:20:00,2026-06-15 23:24:00,,,,,Фанин - Богданов Анатолий Н. О.,Победа,Выдача до 30 минут
2026-06-15,DV 813 ,738,АСТАНА(НУРСУЛТАН НАЗАРБАЕВ),21,Y(А13),22:56,1051,2026-06-15 23:07:00,2026-06-15 23:11:00,1.0,2026-06-15 23:11:00,2026-06-15 23:20:00,2026-06-15 23:11:00,2026-06-15 23:20:00,2026-06-15 23:18:00,2.0,2.0,2026-06-15 23:26:00,2026-06-15 23:28:00,,0.0,2026-06-15 23:19:00,2026-06-15 23:25:00,,,,,Екимов С. С.,SCAT Airlines,Выдача до 30 минут
2026-06-15,ДР 738 ,73Х,СТАМБУЛ(СТАМБУЛ НЬЮ),48,Y(А11),23:05,676,2026-06-15 23:17:00,2026-06-15 23:19:00,,2026-06-15 23:22:00,2026-06-15 23:30:00,2026-06-15 23:22:00,2026-06-15 23:30:00,2026-06-15 23:26:00,4.0,3.0,2026-06-15 23:38:00,2026-06-15 23:39:00,,0.0,2026-06-15 23:30:00,2026-06-15 23:37:00,,,,,Кейта А. С.,Победа,Выдача до 30 минут
2026-06-15,ХИ 605 ,320,САМАРКАНД(САМАРКАНД ИНТЛ.),30,Y(А09),23:18,1322,2026-06-15 23:33:00,2026-06-15 23:34:00,,2026-06-15 23:36:00,2026-06-15 23:49:00,2026-06-15 23:36:00,2026-06-15 23:49:00,2026-06-15 23:46:00,3.0,4.0,2026-06-15 23:44:00,2026-06-15 23:51:00,,0.0,2026-06-15 23:41:00,2026-06-15 23:48:00,2026-06-15 23:46:00,2026-06-15 23:49:00,,,Хушвактов П. З.,UZBEKISTAN AIRWAYS,Выдача до 30 минут
2026-06-15,TK 411 ,333,СТАМБУЛ(СТАМБУЛ НЬЮ),22,Y(А10),23:23,5568,2026-06-15 23:38:00,2026-06-15 23:44:00,3.0,2026-06-15 23:41:00,2026-06-15 23:56:00,2026-06-15 23:41:00,2026-06-15 23:56:00,2026-06-16 00:19:00,,,2026-06-15 23:57:00,2026-06-16 00:06:00,,0.0,2026-06-15 23:47:00,2026-06-15 23:58:00,2026-06-15 23:52:00,2026-06-16 00:02:00,2026-06-16 00:00:00,2026-06-16 00:11:00,Чеканов В. А.,Turkish Airlines,Выдача до 30 минут
2026-06-15,ДР 264 ,73Х,КАЛИНИНГРАД(ХРАБРОВО),47,Y(А05),23:26,607,2026-06-15 23:35:00,2026-06-15 23:38:00,,2026-06-15 23:40:00,2026-06-15 23:45:00,2026-06-15 23:40:00,2026-06-15 23:45:00,2026-06-15 23:43:00,2.0,1.0,2026-06-15 23:54:00,2026-06-15 23:58:00,,0.0,2026-06-15 23:46:00,2026-06-15 23:54:00,,,,,Соколов И. С.,Победа,Выдача до 30 минут
2026-06-15,J2 809 ,320,БАКУ(ИМ. ГЕЙДАРА АЛИЕВА),18,Y(А12),23:40,1810,2026-06-15 23:54:00,2026-06-15 23:55:00,,2026-06-15 23:57:00,2026-06-16 00:14:00,2026-06-15 23:57:00,2026-06-16 00:14:00,2026-06-16 00:10:00,4.0,5.0,2026-06-16 00:10:00,2026-06-16 00:23:00,,0.0,2026-06-16 00:04:00,2026-06-16 00:09:00,2026-06-16 00:16:00,2026-06-16 00:21:00,,,Гафуров О. Ф.,AZAL,Выдача до 30 минут
2026-06-15,ЮТ 358 ,73Х,САМАРА(КУРУМОЧ),11,Y(А06),23:45,336,2026-06-15 23:56:00,2026-06-15 23:56:00,,2026-06-16 00:04:00,2026-06-16 00:07:00,2026-06-16 00:04:00,2026-06-16 00:07:00,2026-06-16 00:02:00,5.0,1.0,2026-06-16 00:12:00,2026-06-16 00:13:00,,0.0,2026-06-16 00:09:00,2026-06-16 00:11:00,,,,,Гаврилов В. А.,Ютэйр,Выдача до 30 минут
2026-06-15,ДР 994 ,73Х,СТАМБУЛ(СТАМБУЛ НЬЮ),49,Y(А12),23:56,848,2026-06-16 00:06:00,2026-06-16 00:09:00,,2026-06-16 00:12:00,2026-06-16 00:18:00,2026-06-16 00:12:00,2026-06-16 00:18:00,2026-06-16 00:16:00,2.0,,2026-06-16 00:26:00,2026-06-16 00:28:00,,0.0,2026-06-16 00:19:00,2026-06-16 00:26:00,,,,,Кейта А. С.,Победа,Выдача до 30 минут
2026-06-16,PC 1576 ,32Щ,АНТАЛЬЯ,36,Y(А11),00:01,2666,2026-06-16 00:12:00,2026-06-16 00:16:00,1.0,2026-06-16 00:15:00,2026-06-16 00:32:00,2026-06-16 00:15:00,2026-06-16 00:32:00,2026-06-16 00:34:00,,,2026-06-16 00:27:00,2026-06-16 00:44:00,,2.0,2026-06-16 00:20:00,2026-06-16 00:27:00,2026-06-16 00:33:00,2026-06-16 00:40:00,,,Вазиров Т. В.,Pegasus,Выдача от 30 до 40 минут
2026-06-16,TK 211 ,321,АНТАЛЬЯ,26,Y(А09),00:04,2513,2026-06-16 00:16:00,2026-06-16 00:19:00,,2026-06-16 00:22:00,2026-06-16 00:35:00,2026-06-16 00:22:00,2026-06-16 00:35:00,2026-06-16 00:37:00,,,2026-06-16 00:36:00,2026-06-16 00:40:00,,0.0,2026-06-16 00:24:00,2026-06-16 00:36:00,2026-06-16 00:35:00,2026-06-16 00:39:00,,,Коляскин А. Г.,Turkish Airlines,Выдача до 30 минут
2026-06-16,TK 3060 ,32Б,АНТАЛЬЯ,27,Y(А10),00:08,2281,2026-06-16 00:20:00,2026-06-16 00:21:00,,2026-06-16 00:28:00,2026-06-16 00:42:00,2026-06-16 00:28:00,2026-06-16 00:42:00,2026-06-16 00:39:00,3.0,,2026-06-16 00:36:00,2026-06-16 00:53:00,,3.0,2026-06-16 00:32:00,2026-06-16 00:53:00,,,,,Воробьев Т. А.,Turkish Airlines,Выдача от 30 до 40 минут
2026-06-16,TK 3178 ,321,ДАЛАМАН,25,Y(А10),00:13,2335,2026-06-16 00:27:00,2026-06-16 00:35:00,5.0,2026-06-16 00:29:00,2026-06-16 00:42:00,2026-06-16 00:29:00,2026-06-16 00:42:00,2026-06-16 00:47:00,,,2026-06-16 00:44:00,2026-06-16 00:47:00,,0.0,2026-06-16 00:42:00,2026-06-16 00:47:00,,,,,Харитонов- Тихонов И. А.,Turkish Airlines,Выдача до 30 минут
2026-06-16,TK 409 ,32Б,СТАМБУЛ(СТАМБУЛ НЬЮ),29,Y(А09),00:16,3138,2026-06-16 00:29:00,2026-06-16 00:31:00,,2026-06-16 00:33:00,2026-06-16 01:02:00,2026-06-16 00:33:00,2026-06-16 01:02:00,2026-06-16 00:54:00,8.0,8.0,2026-06-16 00:48:00,2026-06-16 00:51:00,,0.0,2026-06-16 00:45:00,2026-06-16 00:48:00,2026-06-16 00:51:00,2026-06-16 01:06:00,,,Едгоров Ф. И.,Turkish Airlines,Выдача до 30 минут
2026-06-16,ДР 968B,7С8,МИНСК(МИНСК ИНТЛ.),46,Y(А13),00:20,362,2026-06-16 00:26:00,2026-06-16 00:27:00,,2026-06-16 00:29:00,2026-06-16 00:34:00,2026-06-16 00:29:00,2026-06-16 00:34:00,2026-06-16 00:32:00,2.0,3.0,2026-06-16 00:41:00,2026-06-16 00:42:00,,0.0,2026-06-16 00:35:00,2026-06-16 00:42:00,,,,,Соколов И. С.,Победа,Выдача до 30 минут
2026-06-16,TK 217 ,321,АНТАЛЬЯ,20,Y(А09),00:24,2346,2026-06-16 00:35:00,2026-06-16 00:39:00,1.0,2026-06-16 00:43:00,2026-06-16 00:51:00,2026-06-16 00:43:00,2026-06-16 00:51:00,2026-06-16 00:55:00,,,2026-06-16 00:55:00,2026-06-16 01:00:00,,0.0,2026-06-16 00:51:00,2026-06-16 00:57:00,,,,,Екимов С. С.,Turkish Airlines,Выдача до 30 минут
2026-06-16,PC 1521 ,320,ИЗМИР(АДНАН МЕНДЕРЕС),37,Y(А12),00:28,1894,2026-06-16 00:39:00,2026-06-16 00:43:00,1.0,2026-06-16 00:42:00,2026-06-16 00:59:00,2026-06-16 00:42:00,2026-06-16 00:59:00,2026-06-16 00:56:00,3.0,4.0,2026-06-16 01:01:00,2026-06-16 01:08:00,,0.0,2026-06-16 00:49:00,2026-06-16 00:56:00,2026-06-16 01:01:00,2026-06-16 01:09:00,,,Андреев А. М.,Pegasus,Выдача до 30 минут
2026-06-16,TK 3002 ,321,АНТАЛЬЯ,24,Y(А11),00:32,2684,2026-06-16 00:44:00,2026-06-16 00:47:00,,2026-06-16 00:48:00,2026-06-16 01:03:00,2026-06-16 00:48:00,2026-06-16 01:03:00,2026-06-16 01:06:00,,,2026-06-16 01:08:00,2026-06-16 01:12:00,4.0,0.0,2026-06-16 00:53:00,2026-06-16 01:06:00,2026-06-16 01:04:00,2026-06-16 01:09:00,,,Демчук Д. П.,Turkish Airlines,Выдача до 30 минут
2026-06-16,ФВ 6189 ,СУ9,САНКТ-ПЕТЕРБУРГ(ПУЛКОВО),8,Y(А04),00:36,67,2026-06-16 00:46:00,2026-06-16 00:49:00,,2026-06-16 00:49:00,2026-06-16 00:52:00,2026-06-16 00:49:00,2026-06-16 00:52:00,2026-06-16 00:50:00,2.0,3.0,2026-06-16 00:57:00,2026-06-16 00:58:00,,0.0,2026-06-16 00:55:00,2026-06-16 00:58:00,,,,,Иванов В. А.,Россия,Выдача до 30 минут
2026-06-16,ЮТ 1376 ,73Е,СЫКТЫВКАР,13,Y(А05),00:44,186,2026-06-16 00:54:00,2026-06-16 00:56:00,,2026-06-16 00:57:00,2026-06-16 01:00:00,2026-06-16 00:57:00,2026-06-16 01:00:00,2026-06-16 00:59:00,1.0,2.0,2026-06-16 01:04:00,2026-06-16 01:05:00,,0.0,2026-06-16 01:01:00,2026-06-16 01:05:00,,,,,Каламбеков У. О.,Ютэйр,Выдача до 30 минут
2026-06-16,TK 3084 ,321,ДАЛАМАН,21,Y(А10),00:52,2590,2026-06-16 01:05:00,2026-06-16 01:07:00,,2026-06-16 01:10:00,2026-06-16 01:16:00,2026-06-16 01:10:00,2026-06-16 01:16:00,2026-06-16 01:26:00,,,2026-06-16 01:23:00,2026-06-16 01:27:00,,0.0,2026-06-16 01:05:00,2026-06-16 01:22:00,2026-06-16 01:19:00,2026-06-16 01:32:00,,,Никишин А. В.,Turkish Airlines,Выдача до 30 минут
2026-06-16,VF 275 ,73Х,СТАМБУЛ(САБИХА ГОКЦЕН),23,Y(А13),00:57,2255,2026-06-16 01:09:00,2026-06-16 01:13:00,1.0,2026-06-16 01:13:00,2026-06-16 01:41:00,2026-06-16 01:40:00,2026-06-16 01:41:00,2026-06-16 01:28:00,13.0,,2026-06-16 01:25:00,2026-06-16 01:43:00,,4.0,2026-06-16 01:19:00,2026-06-16 01:25:00,2026-06-16 01:37:00,2026-06-16 01:42:00,,,"Андреев А. М., Рябчевский В. О.",AJET,Выдача от 30 до 40 минут
2026-06-16,TK 3014 ,321,АНТАЛЬЯ,19,Y(А09),01:01,2599,2026-06-16 01:11:00,2026-06-16 01:16:00,2.0,2026-06-16 01:17:00,2026-06-16 01:24:00,2026-06-16 01:17:00,2026-06-16 01:24:00,2026-06-16 01:32:00,,,2026-06-16 01:31:00,2026-06-16 01:43:00,,2.0,2026-06-16 01:23:00,2026-06-16 01:29:00,2026-06-16 01:26:00,2026-06-16 01:40:00,,,Фанин - Богданов Анатолий Н. О.,Turkish Airlines,Выдача от 30 до 40 минут
2026-06-16,PBD 736 ,73Х,ГАЗИПАША,48,Y(А11),01:05,1324,2026-06-16 01:14:00,2026-06-16 01:18:00,1.0,2026-06-16 01:17:00,2026-06-16 01:27:00,2026-06-16 01:17:00,2026-06-16 01:27:00,2026-06-16 01:27:00,,1.0,2026-06-16 01:30:00,2026-06-16 01:39:00,,0.0,2026-06-16 01:23:00,2026-06-16 01:29:00,2026-06-16 01:30:00,2026-06-16 01:45:00,,,Кейта А. С.,Победа,Выдача до 30 минут
2026-06-16,AZO 7008 ,СУ9,ТБИЛИСИ(ТБИЛИСИ ИНТЛ.),58A,Y(А12),01:08,1298,-1,,,2026-06-16 01:30:00,2026-06-16 01:43:00,2026-06-16 01:30:00,2026-06-16 01:43:00,,,4.0,2026-06-16 01:44:00,2026-06-16 01:50:00,,0.0,2026-06-16 01:37:00,2026-06-16 01:44:00,2026-06-16 01:45:00,2026-06-16 01:50:00,,,Иванов В. А.,GEORGIAN AIRWAYS,Некорректно проставлены отметки
2026-06-16,ДР 422 ,73Х,САМАРА(КУРУМОЧ),16,Y(А07),01:12,204,2026-06-16 01:23:00,2026-06-16 01:25:00,,2026-06-16 01:28:00,2026-06-16 01:31:00,2026-06-16 01:28:00,2026-06-16 01:31:00,2026-06-16 01:28:00,3.0,2.0,2026-06-16 01:37:00,2026-06-16 01:38:00,,0.0,2026-06-16 01:33:00,2026-06-16 01:37:00,,,,,Барабанов А. М.,Победа,Выдача до 30 минут
2026-06-16,ЮТ 802B,73Х,ДУШАНБЕ(ДУШАНБЕ ИНТЛ.),43,Y(А09),01:18,2232,2026-06-16 01:27:00,2026-06-16 01:28:00,,2026-06-16 01:29:00,2026-06-16 01:52:00,2026-06-16 01:31:00,2026-06-16 01:52:00,2026-06-16 01:46:00,6.0,6.0,2026-06-16 01:49:00,2026-06-16 02:02:00,,5.0,2026-06-16 01:39:00,2026-06-16 01:50:00,2026-06-16 01:53:00,2026-06-16 01:58:00,,,"Вазиров Т. В., Хушвактов П. З.",Ютэйр,Выдача от 30 до 40 минут
2026-06-16,TK 421 ,333,СТАМБУЛ(СТАМБУЛ НЬЮ),22,Y(А10),01:23,4924,2026-06-16 01:39:00,2026-06-16 01:44:00,2.0,2026-06-16 01:42:00,2026-06-16 02:00:00,2026-06-16 01:42:00,2026-06-16 02:00:00,2026-06-16 02:16:00,,,2026-06-16 01:54:00,2026-06-16 02:09:00,,0.0,2026-06-16 01:45:00,2026-06-16 02:00:00,2026-06-16 02:05:00,2026-06-16 02:06:00,2026-06-16 01:57:00,2026-06-16 02:07:00,Чеканов В. А.,Turkish Airlines,Выдача до 30 минут
2026-06-16,ДР 1168 ,73Х,МИНЕРАЛЬНЫЕ ВОДЫ,50,Y(А06),01:27,699,2026-06-16 01:37:00,2026-06-16 01:39:00,,2026-06-16 01:40:00,2026-06-16 01:43:00,2026-06-16 01:40:00,2026-06-16 01:43:00,2026-06-16 01:46:00,,,2026-06-16 01:50:00,2026-06-16 01:51:00,,0.0,2026-06-16 01:45:00,2026-06-16 01:51:00,,,,,Соколов И. С.,Победа,Выдача до 30 минут
2026-06-16,ФВ 6161 ,СУ9,САНКТ-ПЕТЕРБУРГ(ПУЛКОВО),9,Y(А04),01:32,143,2026-06-16 01:42:00,2026-06-16 01:44:00,,2026-06-16 01:46:00,2026-06-16 01:50:00,2026-06-16 01:46:00,2026-06-16 01:50:00,2026-06-16 01:47:00,3.0,3.0,2026-06-16 01:53:00,2026-06-16 01:54:00,,0.0,2026-06-16 01:52:00,2026-06-16 01:54:00,,,,,Гаврилов В. А.,Россия,Выдача до 30 минут
2026-06-16,TK 3036 ,321,АНТАЛЬЯ,18,Y(А13),01:36,2705,2026-06-16 01:50:00,2026-06-16 01:52:00,,2026-06-16 01:55:00,2026-06-16 02:04:00,2026-06-16 01:55:00,2026-06-16 02:04:00,2026-06-16 02:12:00,,,2026-06-16 02:12:00,2026-06-16 02:21:00,2.0,1.0,2026-06-16 01:57:00,2026-06-16 02:10:00,2026-06-16 02:01:00,2026-06-16 02:13:00,,,Коляскин А. Г.,Turkish Airlines,Выдача от 30 до 40 минут
2026-06-16,ЖГ 932 ,73Й,ТБИЛИСИ(ТБИЛИСИ ИНТЛ.),30,Y(А11),01:41,2294,2026-06-16 01:52:00,2026-06-16 01:54:00,,2026-06-16 02:03:00,2026-06-16 02:16:00,2026-06-16 02:03:00,2026-06-16 02:16:00,2026-06-16 02:11:00,5.0,,2026-06-16 02:11:00,2026-06-16 02:21:00,,0.0,2026-06-16 02:07:00,2026-06-16 02:12:00,2026-06-16 02:17:00,2026-06-16 02:22:00,,,"Каламбеков У. О., Кейта А. С.",GEORGIAN AIRWAYS,Выдача до 30 минут
2026-06-16,TK 3154 ,321,БОДРУМ(МИЛАС),26,Y(А10),01:48,2095,2026-06-16 02:00:00,2026-06-16 02:03:00,,2026-06-16 02:04:00,2026-06-16 02:20:00,2026-06-16 02:04:00,2026-06-16 02:20:00,2026-06-16 02:18:00,2.0,2.0,2026-06-16 02:17:00,2026-06-16 02:26:00,,0.0,2026-06-16 02:21:00,2026-06-16 02:25:00,,,,,Едгоров Ф. И.,Turkish Airlines,Выдача до 30 минут
2026-06-16,NE 642 ,320,ШАРМ ЭЛЬ ШЕЙХ(ШАРМ ЭЛЬ ШЕЙХ ИНТЛ.),25,Y(А12),02:11,1604,2026-06-16 02:22:00,2026-06-16 02:25:00,,2026-06-16 02:29:00,2026-06-16 02:42:00,2026-06-16 02:29:00,2026-06-16 02:42:00,2026-06-16 02:37:00,5.0,2.0,2026-06-16 02:30:00,2026-06-16 02:40:00,,0.0,2026-06-16 02:44:00,2026-06-16 02:48:00,,,,,Гаврилов В. А.,Nesma Airlines,Выдача до 30 минут
2026-06-16,ДР 476 ,7С8,САРАТОВ(ГАГАРИН),46,Y(А05),02:16,489,2026-06-16 02:23:00,2026-06-16 02:26:00,,2026-06-16 02:29:00,2026-06-16 02:38:00,2026-06-16 02:29:00,2026-06-16 02:38:00,2026-06-16 02:30:00,8.0,6.0,2026-06-16 02:44:00,2026-06-16 03:04:00,,11.0,2026-06-16 02:39:00,2026-06-16 02:43:00,,,,,Барабанов А. М.,Победа,Выдача более 40 минут
2026-06-16,TK 3122 ,32Б,БОДРУМ(МИЛАС),23,Y(А13),02:25,1738,2026-06-16 02:40:00,2026-06-16 02:42:00,,2026-06-16 02:47:00,2026-06-16 02:58:00,2026-06-16 02:47:00,2026-06-16 02:58:00,2026-06-16 02:56:00,2.0,,2026-06-16 02:58:00,2026-06-16 03:06:00,,0.0,2026-06-16 02:58:00,2026-06-16 03:05:00,,,,,Екимов С. С.,Turkish Airlines,Выдача до 30 минут
2026-06-16,FZ 987 ,7М8,ДУБАЙ(ДУБАЙ ИНТЛ.),29,Y(А11),02:33,1774,2026-06-16 02:47:00,2026-06-16 02:49:00,,2026-06-16 02:51:00,2026-06-16 03:04:00,2026-06-16 03:03:00,2026-06-16 03:04:00,2026-06-16 03:03:00,1.0,,2026-06-16 03:02:00,2026-06-16 03:14:00,,0.0,2026-06-16 02:57:00,2026-06-16 03:01:00,2026-06-16 03:08:00,2026-06-16 03:11:00,,,"Соколов И. С., Чеканов В. А.",flydubai,Выдача до 30 минут
2026-06-16,PC 386 ,32Щ,СТАМБУЛ(САБИХА ГОКЦЕН),20,Y(А10),02:40,3077,2026-06-16 02:55:00,2026-06-16 02:57:00,,2026-06-16 02:58:00,2026-06-16 03:19:00,2026-06-16 02:59:00,2026-06-16 03:19:00,2026-06-16 03:20:00,,,2026-06-16 03:10:00,2026-06-16 03:22:00,,0.0,2026-06-16 03:04:00,2026-06-16 03:10:00,2026-06-16 03:20:00,2026-06-16 03:27:00,2026-06-16 03:14:00,2026-06-16 03:21:00,"Вазиров Т. В., Фанин - Богданов Анатолий Н. О.",Pegasus,Выдача до 30 минут
2026-06-16,3F 323 ,320,ЕРЕВАН(ЗВАРТНОЦ ИНТЛ),19,Y(А13),02:47,1338,2026-06-16 02:57:00,2026-06-16 02:58:00,,2026-06-16 03:31:00,2026-06-16 03:41:00,2026-06-16 03:31:00,2026-06-16 03:41:00,2026-06-16 03:10:00,31.0,1.0,2026-06-16 03:42:00,2026-06-16 03:46:00,25.0,19.0,2026-06-16 03:37:00,2026-06-16 03:44:00,2026-06-16 03:41:00,2026-06-16 03:46:00,,,"Демчук Д. П., Коляскин А. Г.",FLYONE Armenia,Выдача более 40 минут
2026-06-16,ДР 486D,7С8,УЛЬЯНОВСК(БАРАТАЕВКА),44,Y(А07),02:51,214,2026-06-16 03:00:00,2026-06-16 03:00:00,,2026-06-16 03:03:00,2026-06-16 03:06:00,2026-06-16 03:03:00,2026-06-16 03:06:00,2026-06-16 03:05:00,1.0,2.0,2026-06-16 03:20:00,2026-06-16 03:21:00,,0.0,2026-06-16 03:09:00,2026-06-16 03:15:00,,,,,Барабанов А. М.,Победа,Выдача до 30 минут
2026-06-16,ЮТ 400F,73Х,ГРОЗНЫЙ(СЕВЕРНЫЙ),21,Y(А05),02:56,563,2026-06-16 03:07:00,2026-06-16 03:08:00,,2026-06-16 03:30:00,2026-06-16 03:39:00,2026-06-16 03:30:00,2026-06-16 03:39:00,2026-06-16 03:15:00,24.0,5.0,2026-06-16 03:45:00,2026-06-16 03:47:00,8.0,10.0,2026-06-16 03:40:00,2026-06-16 03:47:00,,,,,Едгоров Ф. И.,Ютэйр,Выдача от 30 до 40 минут
2026-06-16,ДР 198 ,73Х,ВЛАДИКАВКАЗ(БЕСЛАН),47,Y(А07),03:19,649,2026-06-16 03:30:00,2026-06-16 03:34:00,1.0,2026-06-16 03:33:00,2026-06-16 03:38:00,2026-06-16 03:33:00,2026-06-16 03:38:00,2026-06-16 03:38:00,,1.0,2026-06-16 03:45:00,2026-06-16 03:46:00,,0.0,2026-06-16 03:39:00,2026-06-16 03:45:00,,,,,Барабанов А. М.,Победа,Выдача до 30 минут
2026-06-16,VF 587 ,73Х,АНКАРА(ЕСЕНБОГА),24,Y(А10),03:56,2384,2026-06-16 04:09:00,2026-06-16 04:13:00,1.0,2026-06-16 04:11:00,2026-06-16 04:29:00,2026-06-16 04:15:00,2026-06-16 04:29:00,2026-06-16 04:29:00,,,2026-06-16 04:22:00,2026-06-16 04:34:00,,0.0,2026-06-16 04:17:00,2026-06-16 04:22:00,2026-06-16 04:31:00,2026-06-16 04:34:00,,,"Иванов В. А., Харитонов- Тихонов И. А.",AJET,Выдача до 30 минут
2026-06-16,PC 1456 ,32Щ,БОДРУМ(МИЛАС),22,Y(А13),04:05,2281,2026-06-16 04:17:00,2026-06-16 04:19:00,,2026-06-16 04:23:00,2026-06-16 04:41:00,2026-06-16 04:23:00,2026-06-16 04:41:00,2026-06-16 04:36:00,5.0,3.0,2026-06-16 04:32:00,2026-06-16 04:49:00,,2.0,2026-06-16 04:27:00,2026-06-16 04:32:00,2026-06-16 04:44:00,2026-06-16 04:49:00,,,Никишин А. В.,Pegasus,Выдача от 30 до 40 минут
2026-06-16,NE 602 ,320,ХУРГАДА(ХУРГАДА ИНТЛ.),26,Y(А12),04:16,1837,2026-06-16 04:27:00,2026-06-16 04:30:00,,2026-06-16 04:32:00,2026-06-16 04:45:00,2026-06-16 04:32:00,2026-06-16 04:45:00,2026-06-16 04:43:00,2.0,1.0,2026-06-16 04:41:00,2026-06-16 04:56:00,,0.0,2026-06-16 04:37:00,2026-06-16 04:41:00,2026-06-16 04:51:00,2026-06-16 04:55:00,,,Едгоров Ф. И.,Nesma Airlines,Выдача до 30 минут
2026-06-16,VF 277 ,73Х,СТАМБУЛ(САБИХА ГОКЦЕН),25,Y(А11),04:32,2002,2026-06-16 04:44:00,2026-06-16 04:48:00,1.0,2026-06-16 04:50:00,2026-06-16 05:07:00,2026-06-16 04:50:00,2026-06-16 05:07:00,2026-06-16 05:01:00,6.0,4.0,2026-06-16 05:04:00,2026-06-16 05:16:00,,2.0,2026-06-16 04:56:00,2026-06-16 05:07:00,2026-06-16 05:11:00,2026-06-16 05:14:00,,,Демчук Д. П.,AJET,Выдача от 30 до 40 минут
2026-06-16,PC 390 ,32Щ,СТАМБУЛ(САБИХА ГОКЦЕН),19,Y(А10),04:40,2555,2026-06-16 04:50:00,2026-06-16 04:52:00,,2026-06-16 04:53:00,2026-06-16 05:18:00,2026-06-16 04:53:00,2026-06-16 05:18:00,2026-06-16 05:11:00,7.0,8.0,2026-06-16 05:06:00,2026-06-16 05:24:00,,4.0,2026-06-16 05:04:00,2026-06-16 05:06:00,2026-06-16 05:20:00,2026-06-16 05:22:00,,,Иванов В. А.,Pegasus,Выдача от 30 до 40 минут
2026-06-16,TK 419 ,332,СТАМБУЛ(СТАМБУЛ НЬЮ),23,Y(А09),04:50,4149,2026-06-16 05:02:00,2026-06-16 05:06:00,1.0,2026-06-16 05:07:00,2026-06-16 05:32:00,2026-06-16 05:07:00,2026-06-16 05:32:00,2026-06-16 05:34:00,,,2026-06-16 05:22:00,2026-06-16 05:38:00,,6.0,2026-06-16 05:38:00,2026-06-16 05:42:00,2026-06-16 05:34:00,2026-06-16 05:42:00,,,Коляскин А. Г.,Turkish Airlines,Выдача от 30 до 40 минут
2026-06-16,ЮТ 810F,73Х,САМАРКАНД(САМАРКАНД ИНТЛ.),27,Y(А12),05:07,827,2026-06-16 05:19:00,2026-06-16 05:21:00,,2026-06-16 05:25:00,2026-06-16 05:35:00,2026-06-16 05:25:00,2026-06-16 05:35:00,2026-06-16 05:29:00,6.0,4.0,2026-06-16 05:40:00,2026-06-16 05:41:00,1.0,0.0,2026-06-16 05:36:00,2026-06-16 05:38:00,,,,,Барабанов А. М.,Ютэйр,Выдача до 30 минут
2026-06-16,NE 604 ,320,ХУРГАДА(ХУРГАДА ИНТЛ.),29,Y(А13),05:13,1937,2026-06-16 05:28:00,2026-06-16 05:31:00,,2026-06-16 05:31:00,2026-06-16 05:49:00,2026-06-16 05:31:00,2026-06-16 05:49:00,2026-06-16 05:45:00,4.0,5.0,2026-06-16 05:45:00,2026-06-16 05:54:00,,0.0,2026-06-16 05:38:00,2026-06-16 05:43:00,2026-06-16 05:50:00,2026-06-16 05:54:00,,,Кейта А. С.,Nesma Airlines,Выдача до 30 минут
2026-06-16,ДР 208 ,73Х,САНКТ-ПЕТЕРБУРГ(ПУЛКОВО),43,Y(А04),05:18,108,2026-06-16 05:32:00,2026-06-16 05:32:00,,2026-06-16 05:33:00,2026-06-16 05:34:00,2026-06-16 05:33:00,2026-06-16 05:34:00,2026-06-16 05:37:00,,,2026-06-16 05:46:00,2026-06-16 05:47:00,,0.0,2026-06-16 05:39:00,2026-06-16 05:45:00,,,,,Соколов И. С.,Победа,Выдача до 30 минут
2026-06-16,ДР 408 ,73Х,ЕКАТЕРИНБУРГ(КОЛЬЦОВО),48,Y(А05),05:29,469,2026-06-16 05:39:00,2026-06-16 05:44:00,2.0,2026-06-16 05:41:00,2026-06-16 05:45:00,2026-06-16 05:41:00,2026-06-16 05:45:00,2026-06-16 05:46:00,,1.0,2026-06-16 05:54:00,2026-06-16 05:58:00,,0.0,2026-06-16 05:50:00,2026-06-16 05:56:00,,,,,Гаврилов В. А.,Победа,Выдача до 30 минут
2026-06-16,NE 620 ,320,ХУРГАДА(ХУРГАДА ИНТЛ.),24,Y(А11),05:39,1832,2026-06-16 05:55:00,2026-06-16 05:58:00,,2026-06-16 06:00:00,2026-06-16 06:14:00,2026-06-16 06:00:00,2026-06-16 06:14:00,2026-06-16 06:11:00,3.0,2.0,2026-06-16 06:11:00,2026-06-16 06:24:00,,0.0,2026-06-16 06:06:00,2026-06-16 06:10:00,2026-06-16 06:17:00,2026-06-16 06:23:00,,,Фанин - Богданов Анатолий Н. О.,Nesma Airlines,Выдача до 30 минут
2026-06-16,ДР 438 ,73Х,УФА,36,Y(А07),05:48,243,2026-06-16 06:04:00,2026-06-16 06:07:00,,2026-06-16 06:07:00,2026-06-16 06:09:00,2026-06-16 06:07:00,2026-06-16 06:09:00,2026-06-16 06:10:00,,,2026-06-16 06:15:00,2026-06-16 06:17:00,,0.0,2026-06-16 06:11:00,2026-06-16 06:18:00,,,,,Харитонов- Тихонов И. А.,Победа,Выдача до 30 минут
2026-06-16,4S 315 ,73Х,ШАРМ ЭЛЬ ШЕЙХ(ШАРМ ЭЛЬ ШЕЙХ ИНТЛ.),20,Y(А10),06:09,2126,2026-06-16 06:26:00,2026-06-16 06:27:00,,2026-06-16 06:29:00,2026-06-16 06:44:00,2026-06-16 06:29:00,2026-06-16 06:44:00,2026-06-16 06:44:00,,1.0,2026-06-16 06:38:00,2026-06-16 06:51:00,,0.0,2026-06-16 06:35:00,2026-06-16 06:38:00,2026-06-16 06:45:00,2026-06-16 06:50:00,,,Вазиров Т. В.,Red Sea,Выдача до 30 минут
2026-06-16,PC 1458 ,32Щ,ДАЛАМАН,30,Y(А09),06:13,2151,2026-06-16 06:27:00,2026-06-16 06:29:00,,2026-06-16 06:31:00,2026-06-16 06:48:00,2026-06-16 06:31:00,2026-06-16 06:48:00,2026-06-16 06:45:00,3.0,3.0,2026-06-16 06:38:00,2026-06-16 06:54:00,,0.0,2026-06-16 06:35:00,2026-06-16 06:38:00,2026-06-16 06:48:00,2026-06-16 06:52:00,,,"Барабанов А. М., Екимов С. С.",Pegasus,Выдача до 30 минут
2026-06-16,ДР 434 ,73Х,ПЕРМЬ(БОЛЬШОЕ САВИНО),49,Y(А05),06:33,248,2026-06-16 06:41:00,2026-06-16 06:43:00,,2026-06-16 06:44:00,2026-06-16 06:49:00,2026-06-16 06:44:00,2026-06-16 06:49:00,2026-06-16 06:47:00,2.0,3.0,,-1,,0.0,2026-06-16 06:49:00,2026-06-16 06:54:00,,,,,Едгоров Ф. И.,Победа,Некорректно проставлены отметки
2026-06-16,ДР 436 ,73Х,УФА,62,Y(А04),06:54,235,2026-06-16 07:08:00,2026-06-16 07:10:00,,2026-06-16 07:12:00,2026-06-16 07:14:00,2026-06-16 07:12:00,2026-06-16 07:14:00,2026-06-16 07:14:00,,,2026-06-16 07:21:00,2026-06-16 07:22:00,,0.0,2026-06-16 07:15:00,2026-06-16 07:22:00,,,,,Барабанов А. М.,Победа,Выдача до 30 минут
2026-06-16,ЮТ 352 ,73Е,ХАНТЫ-МАНСИЙСК,12,Y(А05),09:40,449,2026-06-16 09:53:00,2026-06-16 10:01:00,5.0,2026-06-16 09:55:00,2026-06-16 09:59:00,2026-06-16 09:55:00,2026-06-16 09:59:00,2026-06-16 10:00:00,,1.0,2026-06-16 10:05:00,2026-06-16 10:07:00,,0.0,2026-06-16 10:00:00,2026-06-16 10:05:00,,,,,Фаёзов А. Р.,Ютэйр,Выдача до 30 минут
2026-06-16,DV 801 ,7М8,ШЫМКЕНТ(ШЫМКЕНТ ИНТЛ.),19,Y(А13),10:15,1268,2026-06-16 10:26:00,2026-06-16 10:27:00,,2026-06-16 10:30:00,2026-06-16 10:42:00,2026-06-16 10:30:00,2026-06-16 10:42:00,2026-06-16 10:38:00,4.0,4.0,2026-06-16 10:42:00,2026-06-16 10:50:00,,0.0,2026-06-16 10:36:00,2026-06-16 10:43:00,2026-06-16 10:45:00,2026-06-16 10:50:00,,,Попов Д. В.,SCAT Airlines,Выдача до 30 минут
2026-06-16,DV 809 ,738,АЛМАТЫ(АЛМАТЫ ИНТЛ.),18,Y(А13),10:34,941,2026-06-16 10:42:00,2026-06-16 10:44:00,,2026-06-16 10:45:00,2026-06-16 10:53:00,2026-06-16 10:45:00,2026-06-16 10:53:00,2026-06-16 10:52:00,1.0,2.0,2026-06-16 11:00:00,2026-06-16 11:01:00,,0.0,2026-06-16 10:55:00,2026-06-16 11:00:00,,,,,Лесной Д. А.,SCAT Airlines,Выдача до 30 минут
2026-06-16,ЮТ 786 ,73Х,ЕРЕВАН(ЗВАРТНОЦ ИНТЛ),16,Y(А13),10:47,1384,2026-06-16 10:55:00,2026-06-16 10:59:00,1.0,2026-06-16 10:59:00,2026-06-16 11:11:00,2026-06-16 10:59:00,2026-06-16 11:11:00,2026-06-16 11:08:00,3.0,3.0,2026-06-16 11:11:00,2026-06-16 11:19:00,,0.0,2026-06-16 11:06:00,2026-06-16 11:11:00,2026-06-16 11:14:00,2026-06-16 11:19:00,,,Скулов Е. С.,Ютэйр,Выдача до 30 минут
2026-06-16,ДР 742 ,73Х,ТАШКЕНТ(ТАШКЕНТ ИНТЛ.),47,Y(А11),10:52,286,2026-06-16 11:00:00,2026-06-16 11:02:00,,2026-06-16 11:02:00,2026-06-16 11:04:00,2026-06-16 11:02:00,2026-06-16 11:04:00,2026-06-16 11:06:00,,,2026-06-16 11:13:00,2026-06-16 11:14:00,,0.0,2026-06-16 11:07:00,2026-06-16 11:13:00,,,,,Саидов А. С.,Победа,Выдача до 30 минут
2026-06-16,ВГ 2390 ,ЯК4,ВОЛОГДА,45,0,11:05,81,2026-06-16 11:11:00,2026-06-16 11:12:00,,2026-06-16 11:12:00,2026-06-16 11:13:00,2026-06-16 11:12:00,2026-06-16 11:13:00,2026-06-16 11:16:00,,,,-1,,0.0,,,,,,,Аганин А. А.,Вологодское АП,Не определено
2026-06-16,AZO 7108 ,СУ9,ТБИЛИСИ(ТБИЛИСИ ИНТЛ.),28,Y(А12),11:30,914,2026-06-16 11:38:00,2026-06-16 11:39:00,,2026-06-16 11:41:00,2026-06-16 11:56:00,2026-06-16 11:41:00,2026-06-16 11:56:00,2026-06-16 11:48:00,8.0,9.0,2026-06-16 11:50:00,2026-06-16 11:52:00,,0.0,2026-06-16 11:55:00,2026-06-16 12:00:00,,,,,Алиферец В. Н.,GEORGIAN AIRWAYS,Выдача до 30 минут
2026-06-16,ЮТ 356 ,73Х,ВЛАДИКАВКАЗ(БЕСЛАН),21,Y(А05),11:37,236,2026-06-16 11:43:00,2026-06-16 11:45:00,,2026-06-16 11:46:00,2026-06-16 11:51:00,2026-06-16 11:46:00,2026-06-16 11:51:00,2026-06-16 11:49:00,2.0,3.0,2026-06-16 11:55:00,2026-06-16 11:57:00,,0.0,2026-06-16 11:52:00,2026-06-16 11:55:00,,,,,Потапов Е. А.,Ютэйр,Выдача до 30 минут
2026-06-16,ДР 734 ,73Х,ТЕРМЕЗ,24,Y(А12),11:55,373,2026-06-16 12:05:00,2026-06-16 12:08:00,,2026-06-16 12:07:00,2026-06-16 12:12:00,2026-06-16 12:07:00,2026-06-16 12:12:00,2026-06-16 12:11:00,1.0,3.0,2026-06-16 12:16:00,2026-06-16 12:17:00,,0.0,2026-06-16 12:13:00,2026-06-16 12:16:00,,,,,Кутейников А. В.,Победа,Выдача до 30 минут
2026-06-16,ДР 714 ,73Х,САМАРКАНД(САМАРКАНД ИНТЛ.),49,Y(А11),11:58,150,2026-06-16 12:05:00,2026-06-16 12:05:00,,2026-06-16 12:08:00,2026-06-16 12:09:00,2026-06-16 12:08:00,2026-06-16 12:09:00,2026-06-16 12:10:00,,,2026-06-16 12:08:00,2026-06-16 12:09:00,,0.0,2026-06-16 12:09:00,2026-06-16 12:16:00,,,,,Саидов А. С.,Победа,Выдача до 30 минут
2026-06-16,ЯК 479 ,73В,ЯКУТСК,15,Y(А06),12:05,1063,2026-06-16 12:12:00,2026-06-16 12:14:00,,2026-06-16 12:16:00,2026-06-16 12:25:00,2026-06-16 12:16:00,2026-06-16 12:25:00,2026-06-16 12:22:00,3.0,3.0,2026-06-16 12:28:00,2026-06-16 12:29:00,,0.0,2026-06-16 12:24:00,2026-06-16 12:28:00,,,,,Федоров Н. В.,Якутия,Выдача до 30 минут
2026-06-16,ФВ 6003 ,СУ9,САНКТ-ПЕТЕРБУРГ(ПУЛКОВО),9,Y(А04),12:08,57,2026-06-16 12:15:00,2026-06-16 12:16:00,,2026-06-16 12:19:00,2026-06-16 12:20:00,2026-06-16 12:19:00,2026-06-16 12:20:00,2026-06-16 12:19:00,1.0,1.0,2026-06-16 12:26:00,2026-06-16 12:27:00,,0.0,2026-06-16 12:22:00,2026-06-16 12:26:00,,,,,Аганин А. А.,Россия,Выдача до 30 минут
2026-06-16,TK 407 ,333,СТАМБУЛ(СТАМБУЛ НЬЮ),22,Y(А10),12:21,4551,2026-06-16 12:36:00,2026-06-16 12:46:00,7.0,2026-06-16 12:38:00,2026-06-16 12:56:00,2026-06-16 12:38:00,2026-06-16 12:56:00,2026-06-16 13:10:00,,,2026-06-16 12:54:00,2026-06-16 13:09:00,,3.0,2026-06-16 12:38:00,2026-06-16 13:09:00,2026-06-16 12:35:00,2026-06-16 13:04:00,,,Поляков К. Н.,Turkish Airlines,Выдача от 30 до 40 минут
2026-06-16,ЮТ 560 ,73Х,МАХАЧКАЛА,16,Y(А08),12:25,451,2026-06-16 12:34:00,2026-06-16 12:35:00,,2026-06-16 12:37:00,2026-06-16 12:45:00,2026-06-16 12:37:00,2026-06-16 12:45:00,2026-06-16 12:41:00,4.0,5.0,2026-06-16 12:50:00,2026-06-16 12:51:00,,0.0,2026-06-16 12:46:00,2026-06-16 12:50:00,,,,,Попов Д. В.,Ютэйр,Выдача до 30 минут
2026-06-16,ЮТ 572 ,73Х,КРАСНОЯРСК,17,Y(А06),12:31,873,2026-06-16 12:38:00,2026-06-16 12:40:00,,2026-06-16 12:53:00,2026-06-16 12:58:00,2026-06-16 12:53:00,2026-06-16 12:58:00,2026-06-16 12:48:00,10.0,,2026-06-16 13:07:00,2026-06-16 13:10:00,9.0,2.0,2026-06-16 12:52:00,2026-06-16 13:07:00,,,,,Ушаков Г. А.,Ютэйр,Выдача от 30 до 40 минут
2026-06-16,ФВ 6007 ,СУ9,САНКТ-ПЕТЕРБУРГ(ПУЛКОВО),12,Y(А04),12:34,78,2026-06-16 12:44:00,2026-06-16 12:45:00,,2026-06-16 12:46:00,2026-06-16 12:48:00,2026-06-16 12:46:00,2026-06-16 12:48:00,2026-06-16 12:49:00,,1.0,2026-06-16 12:57:00,2026-06-16 12:59:00,,0.0,2026-06-16 12:47:00,2026-06-16 12:56:00,,,,,Лесной Д. А.,Россия,Выдача до 30 минут
2026-06-16,3F 321 ,321,ЕРЕВАН(ЗВАРТНОЦ ИНТЛ),26,Y(А13),12:38,704,2026-06-16 12:46:00,2026-06-16 12:48:00,,2026-06-16 12:50:00,2026-06-16 12:53:00,2026-06-16 12:50:00,2026-06-16 12:53:00,2026-06-16 12:55:00,,,2026-06-16 13:00:00,2026-06-16 13:01:00,,0.0,2026-06-16 12:56:00,2026-06-16 13:00:00,,,,,Соболь М. Ф.,FLYONE Armenia,Выдача до 30 минут
2026-06-16,ХИ 9615 ,32Н,УРГЕНЧ(УРГЕНЧ ИНТЛ.),27,Y(А09),12:40,1913,2026-06-16 12:52:00,2026-06-16 12:53:00,,2026-06-16 12:57:00,2026-06-16 13:12:00,2026-06-16 12:57:00,2026-06-16 13:12:00,2026-06-16 13:09:00,3.0,2.0,2026-06-16 13:04:00,2026-06-16 13:16:00,,0.0,2026-06-16 13:04:00,2026-06-16 13:05:00,2026-06-16 13:14:00,2026-06-16 13:16:00,,,Музафаров А. С.,UZBEKISTAN AIRWAYS,Выдача до 30 минут
2026-06-16,ФВ 6019 ,СУ9,САНКТ-ПЕТЕРБУРГ(ПУЛКОВО),10,Y(А04),12:42,47,2026-06-16 12:51:00,2026-06-16 12:51:00,,2026-06-16 12:53:00,2026-06-16 12:58:00,2026-06-16 12:53:00,2026-06-16 12:58:00,2026-06-16 12:55:00,3.0,5.0,2026-06-16 12:56:00,2026-06-16 12:57:00,,0.0,2026-06-16 12:59:00,2026-06-16 13:00:00,,,,,Кутейников А. В.,Россия,Выдача до 30 минут
2026-06-16,ЮБГ 509 ,738,ЕРЕВАН(ЗВАРТНОЦ ИНТЛ),18,Y(А13),12:48,2539,2026-06-16 12:58:00,2026-06-16 12:58:00,,2026-06-16 13:27:00,2026-06-16 13:37:00,2026-06-16 13:27:00,2026-06-16 13:37:00,2026-06-16 13:19:00,18.0,,2026-06-16 13:33:00,2026-06-16 13:44:00,15.0,16.0,2026-06-16 13:29:00,2026-06-16 13:34:00,2026-06-16 13:21:00,2026-06-16 13:43:00,,,Фаёзов А. Р.,Shirak Avia,Выдача более 40 минут
2026-06-16,ЖГ 936 ,73Х,ТБИЛИСИ(ТБИЛИСИ ИНТЛ.),30,Y(А11),12:51,1950,2026-06-16 13:00:00,2026-06-16 13:03:00,,2026-06-16 13:03:00,2026-06-16 13:14:00,2026-06-16 13:03:00,2026-06-16 13:14:00,2026-06-16 13:17:00,,,2026-06-16 13:21:00,2026-06-16 13:22:00,1.0,0.0,2026-06-16 13:10:00,2026-06-16 13:13:00,2026-06-16 13:17:00,2026-06-16 13:21:00,,,Саидов А. С.,GEORGIAN AIRWAYS,Выдача до 30 минут
2026-06-16,ХИ 9607 ,32Н,БУХАРА(БУХАРА ИНТЛ.),20,Y(А09),12:57,1800,2026-06-16 13:09:00,2026-06-16 13:11:00,,2026-06-16 13:17:00,2026-06-16 13:29:00,2026-06-16 13:17:00,2026-06-16 13:29:00,2026-06-16 13:25:00,4.0,,2026-06-16 13:27:00,2026-06-16 13:39:00,,0.0,2026-06-16 13:23:00,2026-06-16 13:27:00,2026-06-16 13:18:00,2026-06-16 13:40:00,,,Лесной Д. А.,UZBEKISTAN AIRWAYS,Выдача до 30 минут
2026-06-16,J2 807 ,320,БАКУ(ИМ. ГЕЙДАРА АЛИЕВА),29,Y(А12),12:59,1472,2026-06-16 13:08:00,2026-06-16 13:09:00,,2026-06-16 13:12:00,2026-06-16 13:24:00,2026-06-16 13:12:00,2026-06-16 13:24:00,2026-06-16 13:22:00,2.0,2.0,2026-06-16 13:23:00,2026-06-16 13:33:00,,0.0,2026-06-16 13:19:00,2026-06-16 13:22:00,2026-06-16 13:28:00,2026-06-16 13:32:00,,,Аганин А. А.,AZAL,Выдача до 30 минут
2026-06-16,ГЗП 292 ,СУ9,ТАЛАКАН,Б36,Y(А04),13:02,121,2026-06-16 13:10:00,2026-06-16 13:10:00,,2026-06-16 13:13:00,2026-06-16 13:18:00,2026-06-16 13:13:00,2026-06-16 13:18:00,2026-06-16 13:15:00,3.0,4.0,2026-06-16 13:36:00,2026-06-16 13:38:00,,0.0,2026-06-16 13:17:00,2026-06-16 13:38:00,,,,,Алиферец В. Н.,Газпром авиа,Выдача до 30 минут
2026-06-16,ЮТ 248 ,73Х,СУРГУТ,14,Y(А06),13:05,616,2026-06-16 13:14:00,2026-06-16 13:16:00,,2026-06-16 13:17:00,2026-06-16 13:26:00,2026-06-16 13:17:00,2026-06-16 13:26:00,2026-06-16 13:22:00,4.0,5.0,2026-06-16 13:31:00,2026-06-16 13:35:00,,0.0,2026-06-16 13:29:00,2026-06-16 13:31:00,,,,,Федоров Н. В.,Ютэйр,Выдача до 30 минут
2026-06-16,ЮТ 454 ,73Х,ТЮМЕНЬ(РОЩИНО),8,Y(А05),13:11,714,2026-06-16 13:23:00,2026-06-16 13:23:00,,2026-06-16 13:28:00,2026-06-16 13:35:00,2026-06-16 13:28:00,2026-06-16 13:35:00,2026-06-16 13:32:00,3.0,2.0,2026-06-16 13:39:00,2026-06-16 13:44:00,,0.0,2026-06-16 13:37:00,2026-06-16 13:39:00,,,,,Кутейников А. В.,Ютэйр,Выдача до 30 минут
2026-06-16,ЯМ 543 ,73Г,НОВОСИБИРСК(ТОЛМАЧЕВО),1,Y(А06),13:21,1006,2026-06-16 13:33:00,2026-06-16 13:39:00,3.0,2026-06-16 13:37:00,2026-06-16 13:45:00,2026-06-16 13:37:00,2026-06-16 13:45:00,2026-06-16 13:44:00,1.0,1.0,2026-06-16 13:52:00,2026-06-16 13:54:00,,0.0,2026-06-16 13:48:00,2026-06-16 13:53:00,,,,,Потапов Е. А.,Алроса,Выдача до 30 минут
2026-06-16,MRJ 4879 ,321,ТЕГЕРАН(ИМАМ ХОМЕИНИ ИНТЛ),19,Y(А11),13:29,1395,2026-06-16 13:44:00,2026-06-16 13:44:00,,2026-06-16 13:46:00,2026-06-16 13:54:00,2026-06-16 13:46:00,2026-06-16 13:54:00,2026-06-16 13:57:00,,,2026-06-16 13:56:00,2026-06-16 14:01:00,,0.0,2026-06-16 13:51:00,2026-06-16 13:56:00,2026-06-16 13:45:00,2026-06-16 14:00:00,,,Алиферец В. Н.,Meraj Air,Выдача до 30 минут
2026-06-16,ЮТ 250 ,734,СОЧИ,11,Y(А07),13:38,796,2026-06-16 13:50:00,2026-06-16 13:52:00,,2026-06-16 13:55:00,2026-06-16 14:09:00,2026-06-16 13:55:00,2026-06-16 14:09:00,2026-06-16 13:59:00,10.0,9.0,2026-06-16 14:02:00,2026-06-16 14:23:00,,3.0,2026-06-16 14:22:00,2026-06-16 14:24:00,,,,,Попов Д. В.,Ютэйр,Выдача от 30 до 40 минут
2026-06-16,TK 3070 ,321,АНТАЛЬЯ,25,Y(А09),13:43,2178,2026-06-16 13:58:00,2026-06-16 13:59:00,,2026-06-16 14:01:00,2026-06-16 14:14:00,2026-06-16 14:01:00,2026-06-16 14:14:00,2026-06-16 14:17:00,,,2026-06-16 14:15:00,2026-06-16 14:29:00,,1.0,2026-06-16 13:48:00,2026-06-16 14:29:00,,,,,Скулов Е. С.,Turkish Airlines,Выдача от 30 до 40 минут
2026-06-16,TK 413 ,333,СТАМБУЛ(СТАМБУЛ НЬЮ),23,Y(А10),13:47,4154,2026-06-16 14:01:00,2026-06-16 14:11:00,7.0,2026-06-16 14:09:00,2026-06-16 14:35:00,2026-06-16 14:09:00,2026-06-16 14:35:00,2026-06-16 14:33:00,2.0,,2026-06-16 14:31:00,2026-06-16 14:37:00,10.0,6.0,2026-06-16 14:09:00,2026-06-16 14:37:00,2026-06-16 14:11:00,2026-06-16 14:43:00,,,Ушаков Г. А.,Turkish Airlines,Выдача от 30 до 40 минут
2026-06-16,РГ 194 ,ЦР2,ТАМБОВ,55,Y(А05),13:56,142,2026-06-16 14:19:00,2026-06-16 14:19:00,,2026-06-16 14:20:00,2026-06-16 14:21:00,2026-06-16 14:20:00,2026-06-16 14:21:00,2026-06-16 14:24:00,,,2026-06-16 14:33:00,2026-06-16 14:34:00,,0.0,2026-06-16 14:07:00,2026-06-16 14:32:00,,,,,Соболь М. Ф.,Руслайн,Выдача до 30 минут
2026-06-16,ФВ 6009 ,СУ9,САНКТ-ПЕТЕРБУРГ(ПУЛКОВО),9,Y(А04),14:01,126,2026-06-16 14:10:00,2026-06-16 14:11:00,,2026-06-16 14:13:00,2026-06-16 14:14:00,2026-06-16 14:13:00,2026-06-16 14:14:00,2026-06-16 14:15:00,,,2026-06-16 14:18:00,2026-06-16 14:19:00,,0.0,2026-06-16 14:17:00,2026-06-16 14:19:00,,,,,Минченко А. И.,Россия,Выдача до 30 минут
2026-06-16,TK 417 ,73Х,СТАМБУЛ(СТАМБУЛ НЬЮ),22,Y(А10),14:03,2615,2026-06-16 14:27:00,2026-06-16 14:27:00,,2026-06-16 14:27:00,2026-06-16 14:44:00,2026-06-16 14:27:00,2026-06-16 14:44:00,2026-06-16 14:48:00,,,2026-06-16 14:36:00,2026-06-16 14:56:00,,0.0,2026-06-16 14:49:00,2026-06-16 14:56:00,2026-06-16 14:31:00,2026-06-16 14:36:00,,,Поляков К. Н.,Turkish Airlines,Выдача до 30 минут
2026-06-16,TK 3012 ,321,АНТАЛЬЯ,24,Y(А13),14:07,2485,2026-06-16 14:24:00,2026-06-16 14:33:00,6.0,2026-06-16 14:34:00,2026-06-16 14:52:00,2026-06-16 14:34:00,2026-06-16 14:52:00,2026-06-16 14:45:00,7.0,1.0,2026-06-16 14:50:00,2026-06-16 14:57:00,6.0,3.0,2026-06-16 14:20:00,2026-06-16 14:50:00,2026-06-16 14:33:00,2026-06-16 14:58:00,,,Саидов А. С.,Turkish Airlines,Выдача от 30 до 40 минут
2026-06-16,TK 3058 ,321,АНТАЛЬЯ,26,Y(А12),14:12,405,2026-06-16 14:28:00,2026-06-16 14:37:00,6.0,2026-06-16 14:42:00,2026-06-16 14:46:00,2026-06-16 14:42:00,2026-06-16 14:46:00,2026-06-16 14:35:00,11.0,1.0,2026-06-16 14:55:00,2026-06-16 14:56:00,7.0,0.0,2026-06-16 14:28:00,2026-06-16 15:24:00,,,,,Музафаров А. С.,Turkish Airlines,Выдача до 30 минут
2026-06-16,ЮТ 364 ,734,УФА,13,Y(А07),14:19,489,-1,,,2026-06-16 14:42:00,2026-06-16 14:47:00,2026-06-16 14:42:00,2026-06-16 14:47:00,,,2.0,2026-06-16 14:51:00,2026-06-16 14:52:00,,0.0,2026-06-16 14:47:00,2026-06-16 14:51:00,,,,,Фаёзов А. Р.,Ютэйр,Некорректно проставлены отметки
2026-06-16,ДР 114 ,73Х,СОЧИ,47,Y(А06),14:28,638,2026-06-16 14:36:00,2026-06-16 14:38:00,,2026-06-16 14:41:00,2026-06-16 14:46:00,2026-06-16 14:41:00,2026-06-16 14:46:00,2026-06-16 14:44:00,2.0,1.0,2026-06-16 14:54:00,2026-06-16 14:57:00,,0.0,2026-06-16 14:47:00,2026-06-16 14:55:00,,,,,Соболь М. Ф.,Победа,Выдача до 30 минут
2026-06-16,УР 412 ,75В,ДАЛАМАН,18,Y(А11),14:32,1970,2026-06-16 14:41:00,2026-06-16 14:42:00,,2026-06-16 14:44:00,2026-06-16 14:57:00,2026-06-16 14:44:00,2026-06-16 14:57:00,2026-06-16 14:58:00,,,2026-06-16 14:57:00,2026-06-16 15:05:00,,0.0,2026-06-16 14:59:00,2026-06-16 15:03:00,2026-06-16 15:01:00,2026-06-16 15:08:00,,,Лесной Д. А.,FLYONE Armenia,Выдача до 30 минут
2026-06-16,TK 1231 ,32Б,АНТАЛЬЯ,21,Y(А13),14:52,1859,2026-06-16 15:00:00,2026-06-16 15:03:00,,2026-06-16 15:07:00,2026-06-16 15:26:00,2026-06-16 15:07:00,2026-06-16 15:26:00,2026-06-16 15:16:00,10.0,7.0,2026-06-16 15:36:00,2026-06-16 15:37:00,16.0,7.0,2026-06-16 15:35:00,2026-06-16 15:36:00,,,,,Федоров Н. В.,Turkish Airlines,Выдача от 30 до 40 минут
2026-06-16,ГЗП 262 ,СУ9,ЯМБУРГ,Б37,Y(А08),14:55,371,2026-06-16 15:05:00,2026-06-16 15:05:00,,2026-06-16 15:11:00,2026-06-16 15:23:00,2026-06-16 15:11:00,2026-06-16 15:23:00,2026-06-16 15:11:00,12.0,10.0,2026-06-16 15:43:00,2026-06-16 15:45:00,8.0,0.0,2026-06-16 15:42:00,2026-06-16 15:43:00,,,,,Кутейников А. В.,Газпром авиа,Выдача до 30 минут
2026-06-16,ГЗП 250 ,73В,ТЮМЕНЬ(РОЩИНО),Б66,Y(А07),15:18,385,2026-06-16 15:29:00,2026-06-16 15:30:00,,2026-06-16 15:35:00,2026-06-16 15:38:00,2026-06-16 15:35:00,2026-06-16 15:38:00,2026-06-16 15:36:00,2.0,,2026-06-16 15:57:00,2026-06-16 15:58:00,,0.0,2026-06-16 15:32:00,2026-06-16 15:57:00,,,,,Кутейников А. В.,Газпром авиа,Выдача до 30 минут
2026-06-16,PC 388 ,32Щ,СТАМБУЛ(САБИХА ГОКЦЕН),27,Y(А09),15:23,2540,2026-06-16 15:35:00,2026-06-16 15:39:00,1.0,2026-06-16 15:38:00,2026-06-16 15:52:00,2026-06-16 15:38:00,2026-06-16 15:52:00,2026-06-16 15:56:00,,,2026-06-16 15:45:00,2026-06-16 15:57:00,,0.0,2026-06-16 15:53:00,2026-06-16 15:56:00,2026-06-16 15:44:00,2026-06-16 15:45:00,,,"Минченко А. И., Фаёзов А. Р.",Pegasus,Выдача до 30 минут
2026-06-16,ФВ 6005 ,СУ9,САНКТ-ПЕТЕРБУРГ(ПУЛКОВО),10,Y(А04),15:31,57,2026-06-16 15:44:00,2026-06-16 15:45:00,,2026-06-16 15:47:00,2026-06-16 15:48:00,2026-06-16 15:47:00,2026-06-16 15:48:00,2026-06-16 15:48:00,,1.0,2026-06-16 15:52:00,2026-06-16 15:53:00,,0.0,2026-06-16 15:54:00,2026-06-16 15:57:00,,,,,Аганин А. А.,Россия,Выдача до 30 минут
2026-06-16,ДР 424 ,73Х,САМАРА(КУРУМОЧ),48,Y(А05),15:33,265,2026-06-16 15:45:00,2026-06-16 15:48:00,,2026-06-16 15:44:00,2026-06-16 15:46:00,2026-06-16 15:44:00,2026-06-16 15:46:00,2026-06-16 15:51:00,,,2026-06-16 15:54:00,2026-06-16 15:55:00,,0.0,2026-06-16 15:48:00,2026-06-16 15:54:00,,,,,Соболь М. Ф.,Победа,Выдача до 30 минут
2026-06-16,ФВ 6051 ,СУ9,САНКТ-ПЕТЕРБУРГ(ПУЛКОВО),8,Y(А04),15:36,75,2026-06-16 15:44:00,2026-06-16 15:54:00,7.0,2026-06-16 15:50:00,2026-06-16 15:51:00,2026-06-16 15:50:00,2026-06-16 15:51:00,2026-06-16 15:49:00,2.0,,2026-06-16 15:54:00,2026-06-16 15:55:00,,0.0,2026-06-16 15:51:00,2026-06-16 15:55:00,,,,,Скулов Е. С.,Россия,Выдача до 30 минут
2026-06-16,НВЦ 9152 ,32Щ,САБЕТТА,14,Y(А06),15:39,612,2026-06-16 15:56:00,2026-06-16 16:00:00,1.0,2026-06-16 16:02:00,2026-06-16 16:07:00,2026-06-16 16:02:00,2026-06-16 16:07:00,2026-06-16 16:04:00,3.0,1.0,2026-06-16 16:12:00,2026-06-16 16:14:00,,0.0,2026-06-16 16:09:00,2026-06-16 16:13:00,,,,,Алиферец В. Н.,Северо-Запад,Выдача до 30 минут
2026-06-16,AZV 3014 ,75В,АНТАЛЬЯ,20,Y(А11),16:05,2044,2026-06-16 16:15:00,2026-06-16 16:17:00,,2026-06-16 16:19:00,2026-06-16 16:35:00,2026-06-16 16:19:00,2026-06-16 16:35:00,2026-06-16 16:33:00,2.0,2.0,2026-06-16 16:30:00,2026-06-16 16:41:00,,0.0,2026-06-16 16:26:00,2026-06-16 16:29:00,2026-06-16 16:26:00,2026-06-16 16:40:00,,,Кутейников А. В.,АЗУР эйр,Выдача до 30 минут
2026-06-16,ЖГ 926 ,73Й,ТБИЛИСИ(ТБИЛИСИ ИНТЛ.),30,Y(А10),16:17,2649,2026-06-16 16:27:00,2026-06-16 16:29:00,,2026-06-16 16:30:00,2026-06-16 16:54:00,2026-06-16 16:30:00,2026-06-16 16:54:00,2026-06-16 16:49:00,5.0,6.0,2026-06-16 16:37:00,2026-06-16 16:58:00,,1.0,2026-06-16 16:33:00,2026-06-16 16:37:00,2026-06-16 16:55:00,2026-06-16 16:59:00,,,"Поляков К. Н., Ушаков Г. А.",GEORGIAN AIRWAYS,Выдача от 30 до 40 минут
2026-06-16,В2 979 ,73Х,МИНСК(МИНСК ИНТЛ.),29,Y(А13),16:22,641,2026-06-16 16:32:00,2026-06-16 16:34:00,,2026-06-16 16:36:00,2026-06-16 16:43:00,2026-06-16 16:36:00,2026-06-16 16:43:00,2026-06-16 16:40:00,3.0,3.0,2026-06-16 16:46:00,2026-06-16 16:48:00,,0.0,2026-06-16 16:43:00,2026-06-16 16:46:00,,,,,Лесной Д. А.,Белавиа,Выдача до 30 минут
2026-06-16,AZV 3006 ,763,АНТАЛЬЯ,19,Y(А09),16:27,3090,2026-06-16 16:36:00,2026-06-16 16:40:00,1.0,2026-06-16 16:43:00,2026-06-16 17:05:00,2026-06-16 16:43:00,2026-06-16 17:05:00,2026-06-16 17:01:00,4.0,1.0,2026-06-16 17:02:00,2026-06-16 17:12:00,6.0,6.0,2026-06-16 16:43:00,2026-06-16 17:05:00,2026-06-16 16:45:00,2026-06-16 17:11:00,,,Саидов А. С.,АЗУР эйр,Выдача от 30 до 40 минут
2026-06-16,ФВ 6037 ,СУ9,САНКТ-ПЕТЕРБУРГ(ПУЛКОВО),9,Y(А04),16:33,257,2026-06-16 16:44:00,2026-06-16 16:46:00,,2026-06-16 16:52:00,2026-06-16 16:53:00,2026-06-16 16:52:00,2026-06-16 16:53:00,2026-06-16 16:50:00,3.0,,2026-06-16 16:57:00,2026-06-16 16:59:00,,0.0,2026-06-16 16:56:00,2026-06-16 17:00:00,,,,,Соболь М. Ф.,Россия,Выдача до 30 минут
2026-06-16,ДРУ 9804 ,73Х,МАХАЧКАЛА,17,0,16:41,0,2026-06-16 16:51:00,2026-06-16 16:51:00,,2026-06-16 16:54:00,2026-06-16 16:58:00,2026-06-16 16:54:00,2026-06-16 16:58:00,,,,,-1,,0.0,2026-06-16 16:59:00,2026-06-16 17:03:00,,,,,Кутейников А. В.,Победа,Не определено
2026-06-16,ДР 262 ,73Х,КАЛИНИНГРАД(ХРАБРОВО),47,Y(А07),16:46,519,2026-06-16 16:56:00,2026-06-16 16:58:00,,2026-06-16 17:00:00,2026-06-16 17:04:00,2026-06-16 17:00:00,2026-06-16 17:04:00,2026-06-16 17:03:00,1.0,1.0,2026-06-16 17:09:00,2026-06-16 17:12:00,,0.0,2026-06-16 17:08:00,2026-06-16 17:11:00,,,,,Минченко А. И.,Победа,Выдача до 30 минут
2026-06-16,ДР 466 ,73Х,УЛЬЯНОВСК(БАРАТАЕВКА),49,Y(А05),16:57,291,-1,,,2026-06-16 17:07:00,2026-06-16 17:11:00,2026-06-16 17:07:00,2026-06-16 17:11:00,,,2.0,2026-06-16 17:16:00,2026-06-16 17:17:00,,0.0,2026-06-16 17:10:00,2026-06-16 17:16:00,,,,,Музафаров А. С.,Победа,Некорректно проставлены отметки
2026-06-16,ФВ 6027 ,СУ9,САНКТ-ПЕТЕРБУРГ(ПУЛКОВО),8,Y(А04),17:06,140,2026-06-16 17:13:00,2026-06-16 17:14:00,,2026-06-16 17:16:00,2026-06-16 17:19:00,2026-06-16 17:16:00,2026-06-16 17:19:00,2026-06-16 17:18:00,1.0,2.0,2026-06-16 17:21:00,2026-06-16 17:22:00,,0.0,2026-06-16 17:19:00,2026-06-16 17:21:00,,,,,Фаёзов А. Р.,Россия,Выдача до 30 минут
2026-06-16,ЮТ 334 ,73Е,НАРЬЯН-МАР,55,Y(А07),17:23,1010,2026-06-16 17:33:00,2026-06-16 17:34:00,,2026-06-16 17:38:00,2026-06-16 17:48:00,2026-06-16 17:38:00,2026-06-16 17:48:00,2026-06-16 17:44:00,4.0,3.0,2026-06-16 17:54:00,2026-06-16 17:57:00,,0.0,2026-06-16 17:50:00,2026-06-16 17:54:00,,,,,Аганин А. А.,Ютэйр,Выдача до 30 минут
2026-06-16,FZ 989 ,7М8,ДУБАЙ(ДУБАЙ ИНТЛ.),26A,Y(А12),17:28,2041,2026-06-16 17:39:00,2026-06-16 17:40:00,,2026-06-16 17:41:00,2026-06-16 17:57:00,2026-06-16 17:42:00,2026-06-16 17:57:00,2026-06-16 17:57:00,,1.0,2026-06-16 17:51:00,2026-06-16 18:01:00,,0.0,2026-06-16 17:48:00,2026-06-16 17:51:00,2026-06-16 17:57:00,2026-06-16 18:00:00,,,"Гафуров О. Ф., Музафаров А. С.",flydubai,Выдача до 30 минут
2026-06-16,ФВ 6175 ,СУ9,САНКТ-ПЕТЕРБУРГ(ПУЛКОВО),10,Y(А04),17:35,236,2026-06-16 17:45:00,2026-06-16 17:45:00,,2026-06-16 17:48:00,2026-06-16 17:51:00,2026-06-16 17:48:00,2026-06-16 17:51:00,2026-06-16 17:51:00,,1.0,2026-06-16 17:54:00,2026-06-16 17:56:00,,0.0,2026-06-16 17:54:00,2026-06-16 17:55:00,,,,,Алиферец В. Н.,Россия,Выдача до 30 минут
2026-06-16,ЯК 736 ,73Х,ПЕВЕК,12,Y(А06),17:39,1672,2026-06-16 17:47:00,2026-06-16 17:49:00,,2026-06-16 17:52:00,2026-06-16 18:08:00,2026-06-16 17:52:00,2026-06-16 18:08:00,2026-06-16 18:02:00,6.0,5.0,2026-06-16 18:02:00,2026-06-16 18:13:00,,0.0,2026-06-16 17:59:00,2026-06-16 18:02:00,2026-06-16 18:10:00,2026-06-16 18:12:00,,,Скулов Е. С.,Якутия,Выдача до 30 минут
2026-06-16,3F 325 ,320,ЕРЕВАН(ЗВАРТНОЦ ИНТЛ),24,Y(А13),17:57,1919,2026-06-16 18:05:00,2026-06-16 18:08:00,,2026-06-16 18:09:00,2026-06-16 18:25:00,2026-06-16 18:09:00,2026-06-16 18:25:00,2026-06-16 18:22:00,3.0,3.0,2026-06-16 18:20:00,2026-06-16 18:32:00,,0.0,2026-06-16 18:14:00,2026-06-16 18:20:00,2026-06-16 18:27:00,2026-06-16 18:32:00,,,Соболь М. Ф.,FLYONE Armenia,Выдача до 30 минут
2026-06-16,ФВ 6177 ,СУ9,САНКТ-ПЕТЕРБУРГ(ПУЛКОВО),8,Y(А04),18:17,391,2026-06-16 18:24:00,2026-06-16 18:25:00,,2026-06-16 18:27:00,2026-06-16 18:33:00,2026-06-16 18:27:00,2026-06-16 18:33:00,2026-06-16 18:31:00,2.0,3.0,2026-06-16 18:36:00,2026-06-16 18:38:00,,0.0,2026-06-16 18:33:00,2026-06-16 18:36:00,,,,,Лесной Д. А.,Россия,Выдача до 30 минут
2026-06-16,TK 415 ,321,СТАМБУЛ(СТАМБУЛ НЬЮ),22,Y(А10),18:37,3516,2026-06-16 18:49:00,2026-06-16 18:51:00,,2026-06-16 18:54:00,2026-06-16 19:22:00,2026-06-16 18:54:00,2026-06-16 19:22:00,2026-06-16 19:16:00,6.0,5.0,2026-06-16 19:12:00,2026-06-16 19:30:00,3.0,11.0,2026-06-16 19:08:00,2026-06-16 19:29:00,2026-06-16 19:05:00,2026-06-16 19:34:00,,,Федоров Н. В.,Turkish Airlines,Выдача более 40 минут
2026-06-16,ЮТ 464 ,73Х,ТЮМЕНЬ(РОЩИНО),14,Y(А06),18:43,1019,-1,,,2026-06-16 18:58:00,2026-06-16 19:04:00,2026-06-16 18:58:00,2026-06-16 19:04:00,,,,2026-06-16 19:09:00,2026-06-16 19:10:00,,0.0,2026-06-16 19:06:00,2026-06-16 19:09:00,,,,,Алиферец В. Н.,Ютэйр,Некорректно проставлены отметки
2026-06-16,ЮТ 456 ,73Е,НОЯБРЬСК,10,Y(А06),19:14,791,2026-06-16 19:22:00,2026-06-16 19:24:00,,2026-06-16 19:25:00,2026-06-16 19:33:00,2026-06-16 19:25:00,2026-06-16 19:33:00,2026-06-16 19:31:00,2.0,3.0,2026-06-16 19:40:00,2026-06-16 19:42:00,,0.0,2026-06-16 19:35:00,2026-06-16 19:38:00,,,,,Музафаров А. С.,Ютэйр,Выдача до 30 минут
2026-06-16,ЮТ 746 ,73Х,БАКУ(ИМ. ГЕЙДАРА АЛИЕВА),21,Y(А12),19:17,1523,2026-06-16 19:28:00,2026-06-16 19:28:00,,2026-06-16 19:31:00,2026-06-16 19:44:00,2026-06-16 19:31:00,2026-06-16 19:44:00,2026-06-16 19:42:00,2.0,3.0,2026-06-16 19:43:00,2026-06-16 19:52:00,,0.0,2026-06-16 19:39:00,2026-06-16 19:43:00,2026-06-16 19:45:00,2026-06-16 19:51:00,,,Хушвактов П. З.,Ютэйр,Выдача до 30 минут
2026-06-16,А4 7030 ,СУ9,ЕРЕВАН(ЗВАРТНОЦ ИНТЛ),25,Y(А13),19:31,552,-1,,,2026-06-16 19:45:00,2026-06-16 19:48:00,2026-06-16 19:45:00,2026-06-16 19:48:00,,,,2026-06-16 19:54:00,2026-06-16 19:56:00,,0.0,2026-06-16 19:50:00,2026-06-16 19:54:00,,,,,Кейта А. С.,Азимут,Некорректно проставлены отметки
2026-06-16,ДР 194 ,73Х,НАЛЬЧИК,48,Y(А07),19:39,738,2026-06-16 19:48:00,2026-06-16 19:52:00,1.0,2026-06-16 19:51:00,2026-06-16 19:59:00,2026-06-16 19:51:00,2026-06-16 19:59:00,2026-06-16 19:57:00,2.0,3.0,2026-06-16 20:05:00,2026-06-16 20:06:00,,0.0,2026-06-16 20:00:00,2026-06-16 20:05:00,,,,,Рябчевский В. О.,Победа,Выдача до 30 минут
2026-06-16,ХИ 613 ,788,ТАШКЕНТ(ТАШКЕНТ ИНТЛ.),23,Y(А09),19:43,2738,2026-06-16 19:59:00,2026-06-16 20:02:00,,2026-06-16 20:02:00,2026-06-16 20:18:00,2026-06-16 20:02:00,2026-06-16 20:18:00,2026-06-16 20:21:00,,,2026-06-16 20:11:00,2026-06-16 20:24:00,,0.0,2026-06-16 20:21:00,2026-06-16 20:25:00,2026-06-16 20:25:00,2026-06-16 20:32:00,,,Демчук Д. П.,UZBEKISTAN AIRWAYS,Выдача до 30 минут
2026-06-16,ЮТ 270 ,73Х,СОЧИ,16,Y(А06),19:48,833,2026-06-16 19:58:00,2026-06-16 19:59:00,,2026-06-16 20:01:00,2026-06-16 20:06:00,2026-06-16 20:01:00,2026-06-16 20:06:00,2026-06-16 20:08:00,,,2026-06-16 20:18:00,2026-06-16 20:19:00,,0.0,2026-06-16 20:09:00,2026-06-16 20:13:00,,,,,Шарипов К. А.,Ютэйр,Выдача до 30 минут
2026-06-16,ДР 836 ,73Х,ГАЗИПАША,47,Y(А10),20:05,1820,2026-06-16 20:11:00,2026-06-16 20:13:00,,2026-06-16 20:13:00,2026-06-16 20:24:00,2026-06-16 20:13:00,2026-06-16 20:24:00,2026-06-16 20:27:00,,,2026-06-16 20:24:00,2026-06-16 20:32:00,,0.0,2026-06-16 20:17:00,2026-06-16 20:23:00,2026-06-16 20:26:00,2026-06-16 20:33:00,,,"Андреев А. М., Гафуров О. Ф.",Победа,Выдача до 30 минут
2026-06-16,ФВ 6179 ,СУ9,САНКТ-ПЕТЕРБУРГ(ПУЛКОВО),9,Y(А05),20:15,257,2026-06-16 20:23:00,2026-06-16 20:23:00,,2026-06-16 20:25:00,2026-06-16 20:29:00,2026-06-16 20:25:00,2026-06-16 20:29:00,2026-06-16 20:29:00,,2.0,2026-06-16 20:31:00,2026-06-16 20:32:00,,0.0,2026-06-16 20:32:00,2026-06-16 20:33:00,,,,,Скулов Е. С.,Россия,Выдача до 30 минут
2026-06-16,А4 7010 ,СУ9,ТБИЛИСИ(ТБИЛИСИ ИНТЛ.),28,Y(А11),20:24,1368,2026-06-16 20:37:00,2026-06-16 20:38:00,,2026-06-16 20:38:00,2026-06-16 20:53:00,2026-06-16 20:39:00,2026-06-16 20:53:00,2026-06-16 20:50:00,3.0,5.0,2026-06-16 20:48:00,2026-06-16 21:00:00,,0.0,2026-06-16 20:45:00,2026-06-16 20:48:00,2026-06-16 20:45:00,2026-06-16 21:00:00,,,"Воробьев Т. А., Федоров Н. В.",Азимут,Выдача до 30 минут
2026-06-16,ЮТ 398 ,73Х,ГЕЛЕНДЖИК,17,Y(А08),20:27,564,2026-06-16 20:37:00,2026-06-16 20:37:00,,2026-06-16 20:40:00,2026-06-16 20:45:00,2026-06-16 20:40:00,2026-06-16 20:45:00,2026-06-16 20:45:00,,1.0,2026-06-16 20:51:00,2026-06-16 20:54:00,,0.0,2026-06-16 20:45:00,2026-06-16 20:51:00,,,,,Позин М. В.,Ютэйр,Выдача до 30 минут
2026-06-16,ФВ 6181 ,СУ9,САНКТ-ПЕТЕРБУРГ(ПУЛКОВО),8,Y(А04),20:35,234,2026-06-16 20:45:00,2026-06-16 20:47:00,,2026-06-16 20:49:00,2026-06-16 20:53:00,2026-06-16 20:49:00,2026-06-16 20:53:00,2026-06-16 20:51:00,2.0,2.0,2026-06-16 20:55:00,2026-06-16 20:56:00,,0.0,2026-06-16 20:53:00,2026-06-16 20:55:00,,,,,Потапов Е. А.,Россия,Выдача до 30 минут
2026-06-16,ЯК 480 ,73В,МИНЕРАЛЬНЫЕ ВОДЫ,11,Y(А07),20:38,521,2026-06-16 20:47:00,2026-06-16 20:49:00,,2026-06-16 20:50:00,2026-06-16 20:54:00,2026-06-16 20:50:00,2026-06-16 20:54:00,2026-06-16 20:53:00,1.0,2.0,2026-06-16 21:02:00,2026-06-16 21:03:00,,0.0,2026-06-16 20:59:00,2026-06-16 21:02:00,,,,,Коваленко О. И.,Якутия,Выдача до 30 минут
2026-06-16,PBD 840 ,73Х,АНТАЛЬЯ,46,Y(А10),20:40,1102,2026-06-16 20:49:00,2026-06-16 20:51:00,,2026-06-16 20:52:00,2026-06-16 20:59:00,2026-06-16 20:52:00,2026-06-16 20:59:00,2026-06-16 21:00:00,,,2026-06-16 21:06:00,2026-06-16 21:09:00,,0.0,2026-06-16 21:01:00,2026-06-16 21:06:00,,,,,Дубинский В. Д.,Победа,Выдача до 30 минут
2026-06-16,DV 815 ,7М8,АЛМАТЫ(АЛМАТЫ ИНТЛ.),19,Y(А13),20:46,823,2026-06-16 20:56:00,2026-06-16 20:56:00,,2026-06-16 20:58:00,2026-06-16 21:03:00,2026-06-16 20:58:00,2026-06-16 21:03:00,2026-06-16 21:05:00,,,2026-06-16 21:13:00,2026-06-16 21:15:00,,0.0,2026-06-16 21:07:00,2026-06-16 21:12:00,,,,,"Омурбе У. Б., Рябчевский В. О.",SCAT Airlines,Выдача до 30 минут
2026-06-16,УР 512 ,75В,БОДРУМ(МИЛАС),18,Y(А11),21:05,956,2026-06-16 21:15:00,2026-06-16 21:16:00,,2026-06-16 21:18:00,2026-06-16 21:24:00,2026-06-16 21:18:00,2026-06-16 21:24:00,2026-06-16 21:25:00,,,2026-06-16 21:30:00,2026-06-16 21:32:00,,0.0,2026-06-16 21:25:00,2026-06-16 21:31:00,,,,,Ушаков М. В.,FLYONE Armenia,Выдача до 30 минут
2026-06-16,ДР 964 ,7С8,ДАЛАМАН,48,Y(А12),21:09,1373,2026-06-16 21:19:00,2026-06-16 21:20:00,,2026-06-16 21:21:00,2026-06-16 21:31:00,2026-06-16 21:21:00,2026-06-16 21:31:00,2026-06-16 21:32:00,,1.0,2026-06-16 21:32:00,2026-06-16 21:38:00,,0.0,2026-06-16 21:28:00,2026-06-16 21:32:00,2026-06-16 21:33:00,2026-06-16 21:38:00,,,Гаджиев Н. Т.,Победа,Выдача до 30 минут
2026-06-16,ФВ 6183 ,СУ9,САНКТ-ПЕТЕРБУРГ(ПУЛКОВО),10,Y(А04),21:15,120,2026-06-16 21:23:00,2026-06-16 21:23:00,,2026-06-16 21:31:00,2026-06-16 21:32:00,2026-06-16 21:31:00,2026-06-16 21:32:00,2026-06-16 21:28:00,4.0,,2026-06-16 21:34:00,2026-06-16 21:35:00,,0.0,2026-06-16 21:31:00,2026-06-16 21:34:00,,,,,Хушвактов П. З.,Россия,Выдача до 30 минут
2026-06-16,ДР 856 ,73Х,ГЮМРИ(ШИРАК),47,Y(А13),21:33,1358,2026-06-16 21:40:00,2026-06-16 21:42:00,,2026-06-16 21:45:00,2026-06-16 21:55:00,2026-06-16 21:45:00,2026-06-16 21:55:00,2026-06-16 21:53:00,2.0,1.0,2026-06-16 22:00:00,2026-06-16 22:04:00,,0.0,2026-06-16 21:53:00,2026-06-16 22:00:00,2026-06-16 21:58:00,2026-06-16 22:05:00,,,Гаврилов В. А.,Победа,Выдача до 30 минут
2026-06-16,ЮТ 296 ,73Х,СУРГУТ,15,Y(А05),21:36,446,2026-06-16 21:44:00,2026-06-16 21:47:00,,2026-06-16 21:48:00,2026-06-16 21:53:00,2026-06-16 21:48:00,2026-06-16 21:53:00,2026-06-16 21:51:00,2.0,2.0,2026-06-16 21:59:00,2026-06-16 22:00:00,,0.0,2026-06-16 21:56:00,2026-06-16 21:58:00,,,,,Каламбеков У. О.,Ютэйр,Выдача до 30 минут
2026-06-16,NE 640 ,321,ШАРМ ЭЛЬ ШЕЙХ(ШАРМ ЭЛЬ ШЕЙХ ИНТЛ.),29,Y(А09),21:39,2165,2026-06-16 21:52:00,2026-06-16 21:52:00,,2026-06-16 21:56:00,2026-06-16 22:14:00,2026-06-16 21:56:00,2026-06-16 22:14:00,2026-06-16 22:10:00,4.0,4.0,2026-06-16 22:05:00,2026-06-16 22:19:00,,0.0,2026-06-16 22:03:00,2026-06-16 22:05:00,2026-06-16 22:17:00,2026-06-16 22:18:00,,,Потапов Е. А.,Nesma Airlines,Выдача до 30 минут
2026-06-16,NE 610 ,320,ХУРГАДА(ХУРГАДА ИНТЛ.),30,Y(А10),21:50,1842,2026-06-16 22:02:00,2026-06-16 22:05:00,,2026-06-16 22:05:00,2026-06-16 22:21:00,2026-06-16 22:05:00,2026-06-16 22:21:00,2026-06-16 22:18:00,3.0,4.0,2026-06-16 22:16:00,2026-06-16 22:26:00,,0.0,2026-06-16 22:13:00,2026-06-16 22:15:00,2026-06-16 22:23:00,2026-06-16 22:26:00,,,Ушаков М. В.,Nesma Airlines,Выдача до 30 минут
2026-06-16,ФВ 6185 ,СУ9,САНКТ-ПЕТЕРБУРГ(ПУЛКОВО),8,Y(А04),22:11,197,2026-06-16 22:20:00,2026-06-16 22:20:00,,2026-06-16 22:23:00,2026-06-16 22:26:00,2026-06-16 22:23:00,2026-06-16 22:26:00,2026-06-16 22:25:00,1.0,2.0,2026-06-16 22:31:00,2026-06-16 22:32:00,,0.0,2026-06-16 22:27:00,2026-06-16 22:30:00,,,,,Кейта А. С.,Россия,Выдача до 30 минут
2026-06-16,PC 1580 ,32Н,АНТАЛЬЯ,25,Y(А09),22:20,2209,2026-06-16 22:31:00,2026-06-16 22:32:00,,2026-06-16 22:34:00,2026-06-16 22:48:00,2026-06-16 22:34:00,2026-06-16 22:48:00,2026-06-16 22:50:00,,,2026-06-16 22:45:00,2026-06-16 22:54:00,,0.0,2026-06-16 22:42:00,2026-06-16 22:45:00,2026-06-16 22:51:00,2026-06-16 22:55:00,,,Шарипов К. А.,Pegasus,Выдача до 30 минут
2026-06-16,DV 813 ,738,АСТАНА(НУРСУЛТАН НАЗАРБАЕВ),19,Y(А13),22:23,866,2026-06-16 22:34:00,2026-06-16 22:37:00,,2026-06-16 22:37:00,2026-06-16 22:46:00,2026-06-16 22:37:00,2026-06-16 22:46:00,2026-06-16 22:44:00,2.0,3.0,2026-06-16 22:55:00,2026-06-16 22:56:00,1.0,0.0,2026-06-16 22:50:00,2026-06-16 22:54:00,,,,,Демчук Д. П.,SCAT Airlines,Выдача до 30 минут
2026-06-16,ЮТ 374 ,73Х,МИНЕРАЛЬНЫЕ ВОДЫ,17,Y(А06),22:32,972,2026-06-16 22:41:00,2026-06-16 22:42:00,,2026-06-16 22:46:00,2026-06-16 22:54:00,2026-06-16 22:46:00,2026-06-16 22:54:00,2026-06-16 22:51:00,3.0,2.0,2026-06-16 23:01:00,2026-06-16 23:14:00,,3.0,2026-06-16 22:56:00,2026-06-16 23:01:00,,,,,Рябчевский В. О.,Ютэйр,Выдача от 30 до 40 минут
2026-06-16,А4 7036 ,СУ9,ПСКОВ(КРЕСТЫ),45,Y(А05),22:35,254,2026-06-16 22:43:00,2026-06-16 22:44:00,,2026-06-16 22:46:00,2026-06-16 22:48:00,2026-06-16 22:46:00,2026-06-16 22:48:00,2026-06-16 22:49:00,,,2026-06-16 22:54:00,2026-06-16 22:55:00,,0.0,2026-06-16 22:49:00,2026-06-16 22:55:00,,,,,Кейта А. С.,Азимут,Выдача до 30 минут
2026-06-16,J2 805 ,320,БАКУ(ИМ. ГЕЙДАРА АЛИЕВА),23,Y(А09),22:43,1632,2026-06-16 22:57:00,2026-06-16 23:00:00,,2026-06-16 23:00:00,2026-06-16 23:10:00,2026-06-16 23:03:00,2026-06-16 23:10:00,2026-06-16 23:12:00,,,2026-06-16 23:09:00,2026-06-16 23:14:00,,0.0,2026-06-16 23:05:00,2026-06-16 23:09:00,2026-06-16 23:14:00,2026-06-16 23:15:00,,,"Гафуров О. Ф., Скулов Е. С.",AZAL,Выдача до 30 минут
2026-06-16,TK 411 ,333,СТАМБУЛ(СТАМБУЛ НЬЮ),22,Y(А10),23:00,5101,2026-06-16 23:15:00,2026-06-16 23:21:00,3.0,2026-06-16 23:18:00,2026-06-16 23:35:00,2026-06-16 23:18:00,2026-06-16 23:35:00,2026-06-16 23:53:00,,,2026-06-16 23:27:00,2026-06-16 23:45:00,,0.0,2026-06-16 23:18:00,2026-06-16 23:35:00,2026-06-16 23:18:05,2026-06-16 23:35:00,2026-06-16 23:21:00,2026-06-16 23:40:00,Воробьев Т. А.,Turkish Airlines,Выдача до 30 минут
2026-06-16,ДР 730 ,7С8,ФЕРГАНА(ФЕРГАНА ИНТЛ.),50,Y(А11),23:06,346,2026-06-16 23:18:00,2026-06-16 23:20:00,,2026-06-16 23:24:00,2026-06-16 23:28:00,2026-06-16 23:24:00,2026-06-16 23:28:00,2026-06-16 23:24:00,4.0,2.0,2026-06-16 23:53:00,2026-06-16 23:54:00,5.0,6.0,2026-06-16 23:30:00,2026-06-16 23:34:00,,,,,Хушвактов П. З.,Победа,Выдача от 30 до 40 минут
2026-06-16,ЮТ 810 ,73Х,САМАРКАНД(САМАРКАНД ИНТЛ.),16,Y(А12),23:10,716,2026-06-16 23:21:00,2026-06-16 23:29:00,5.0,2026-06-16 23:24:00,2026-06-16 23:30:00,2026-06-16 23:24:00,2026-06-16 23:30:00,2026-06-16 23:30:00,,1.0,2026-06-16 23:36:00,2026-06-16 23:39:00,,0.0,2026-06-16 23:31:00,2026-06-16 23:36:00,,,,,Музафаров А. С.,Ютэйр,Выдача до 30 минут
2026-06-16,ФВ 6187 ,СУ9,САНКТ-ПЕТЕРБУРГ(ПУЛКОВО),10,Y(А04),23:13,103,2026-06-16 23:22:00,2026-06-16 23:23:00,,2026-06-16 23:25:00,2026-06-16 23:26:00,2026-06-16 23:25:00,2026-06-16 23:26:00,2026-06-16 23:27:00,,,2026-06-16 23:31:00,2026-06-16 23:32:00,,0.0,2026-06-16 23:29:00,2026-06-16 23:32:00,,,,,Дубинский В. Д.,Россия,Выдача до 30 минут
2026-06-16,AZO 7054 ,СУ9,БАТУМИ,28,Y(А11),23:18,875,2026-06-16 23:30:00,2026-06-16 23:34:00,1.0,2026-06-16 23:33:00,2026-06-16 23:48:00,2026-06-16 23:33:00,2026-06-16 23:48:00,2026-06-16 23:40:00,8.0,9.0,2026-06-16 23:52:00,2026-06-16 23:55:00,2.0,0.0,2026-06-16 23:49:00,2026-06-16 23:52:00,,,,,Андреев А. М.,GEORGIAN AIRWAYS,Выдача до 30 минут
2026-06-16,ДР 160 ,7С8,КРАСНОДАР(ПАШКОВСКИЙ),11,Y(А07),23:21,387,2026-06-16 23:28:00,2026-06-16 23:33:00,2.0,2026-06-16 23:32:00,2026-06-16 23:36:00,2026-06-16 23:32:00,2026-06-16 23:36:00,2026-06-16 23:35:00,1.0,1.0,2026-06-16 23:41:00,2026-06-16 23:42:00,,0.0,2026-06-16 23:39:00,2026-06-16 23:40:00,,,,,Рябчевский В. О.,Победа,Выдача до 30 минут
2026-06-16,ХИ 605 ,320,САМАРКАНД(САМАРКАНД ИНТЛ.),26,Y(А09),23:23,1441,2026-06-16 23:35:00,2026-06-16 23:37:00,,2026-06-16 23:39:00,2026-06-16 23:48:00,2026-06-16 23:39:00,2026-06-16 23:48:00,2026-06-16 23:49:00,,,2026-06-16 23:49:00,2026-06-16 23:56:00,,0.0,2026-06-16 23:39:00,2026-06-16 23:55:00,2026-06-16 23:46:00,2026-06-16 23:49:00,,,Каламбеков У. О.,UZBEKISTAN AIRWAYS,Выдача до 30 минут
2026-06-16,ЮТ 744 ,734,ГЯНДЖА,8,Y(А12),23:30,1249,2026-06-16 23:46:00,2026-06-16 23:46:00,,2026-06-16 23:49:00,2026-06-16 23:57:00,2026-06-16 23:49:00,2026-06-16 23:57:00,2026-06-16 23:58:00,,,2026-06-17 00:03:00,2026-06-17 00:08:00,,0.0,2026-06-16 23:59:00,2026-06-17 00:03:00,,,,,Коваленко О. И.,Ютэйр,Выдача до 30 минут
2026-06-16,TK 211 ,321,АНТАЛЬЯ,30,Y(А10),23:34,2311,2026-06-16 23:47:00,2026-06-16 23:52:00,2.0,2026-06-16 23:50:00,2026-06-17 00:03:00,2026-06-16 23:50:00,2026-06-17 00:03:00,2026-06-17 00:06:00,,,2026-06-17 00:02:00,2026-06-17 00:09:00,,0.0,2026-06-16 23:54:00,2026-06-17 00:09:00,,,,,Ушаков М. В.,Turkish Airlines,Выдача до 30 минут
2026-06-16,J2 809 ,763,БАКУ(ИМ. ГЕЙДАРА АЛИЕВА),32A,Y(А13),23:43,2829,2026-06-16 23:55:00,2026-06-16 23:58:00,,2026-06-16 23:58:00,2026-06-17 00:14:00,2026-06-16 23:59:00,2026-06-17 00:14:00,2026-06-17 00:18:00,,,2026-06-17 00:16:00,2026-06-17 00:23:00,,0.0,2026-06-16 23:59:00,2026-06-17 00:16:00,2026-06-17 00:09:00,2026-06-17 00:22:00,,,"Гаджиев Н. Т., Дубинский В. Д.",AZAL,Выдача до 30 минут
2026-06-17,TK 3060 ,32Б,АНТАЛЬЯ,29,Y(А10),00:00,2250,2026-06-17 00:14:00,2026-06-17 00:14:00,,2026-06-17 00:18:00,2026-06-17 00:34:00,2026-06-17 00:18:00,2026-06-17 00:34:00,2026-06-17 00:33:00,1.0,1.0,2026-06-17 00:36:00,2026-06-17 00:44:00,2.0,0.0,2026-06-17 00:17:05,2026-06-17 00:44:00,,,,,Позин М. В.,Turkish Airlines,Выдача до 30 минут
2026-06-17,TK 3002 ,321,АНТАЛЬЯ,20,Y(А10),00:02,2811,2026-06-17 00:16:00,2026-06-17 00:18:00,,2026-06-17 00:18:00,2026-06-17 00:30:00,2026-06-17 00:18:00,2026-06-17 00:30:00,2026-06-17 00:39:00,,,2026-06-17 00:33:00,2026-06-17 00:39:00,,0.0,2026-06-17 00:08:00,2026-06-17 00:33:00,2026-06-17 00:14:00,2026-06-17 00:39:00,,,Шарипов К. А.,Turkish Airlines,Выдача до 30 минут
2026-06-17,ДР 210 ,73Х,САНКТ-ПЕТЕРБУРГ(ПУЛКОВО),48,Y(А04),00:05,185,2026-06-17 00:14:00,2026-06-17 00:15:00,,2026-06-17 00:15:00,2026-06-17 00:17:00,2026-06-17 00:15:00,2026-06-17 00:17:00,2026-06-17 00:19:00,,1.0,2026-06-17 00:26:00,2026-06-17 00:28:00,,0.0,2026-06-17 00:17:00,2026-06-17 00:26:00,,,,,Федоров Н. В.,Победа,Выдача до 30 минут
2026-06-17,PC 1576 ,32Щ,АНТАЛЬЯ,36,Y(А13),00:08,2671,2026-06-17 00:18:00,2026-06-17 00:18:00,,2026-06-17 00:18:00,2026-06-17 00:35:00,2026-06-17 00:18:00,2026-06-17 00:35:00,2026-06-17 00:40:00,,,2026-06-17 00:30:00,2026-06-17 00:42:00,,0.0,2026-06-17 00:22:00,2026-06-17 00:29:00,2026-06-17 00:35:00,2026-06-17 00:41:00,,,"Андреев А. М., Омурбе У. Б.",Pegasus,Выдача до 30 минут
2026-06-17,TK 409 ,321,СТАМБУЛ(СТАМБУЛ НЬЮ),24,Y(А10),00:11,3025,2026-06-17 00:26:00,2026-06-17 00:30:00,1.0,2026-06-17 00:29:00,2026-06-17 00:46:00,2026-06-17 00:29:00,2026-06-17 00:46:00,2026-06-17 00:50:00,,,2026-06-17 00:41:00,2026-06-17 00:49:00,,0.0,2026-06-17 00:24:00,2026-06-17 00:48:00,2026-06-17 00:16:00,2026-06-17 01:06:00,,,Хушвактов П. З.,Turkish Airlines,Выдача до 30 минут
2026-06-17,VSV 3414 ,752,ТАРАЗ,42,Y(А09),00:15,6000,2026-06-17 00:26:00,2026-06-17 00:27:00,,2026-06-17 00:29:00,2026-06-17 01:16:00,2026-06-17 00:29:00,2026-06-17 01:16:00,2026-06-17 01:10:00,6.0,7.0,2026-06-17 00:42:00,2026-06-17 01:22:00,,26.0,2026-06-17 00:24:00,2026-06-17 00:42:00,2026-06-17 00:57:00,2026-06-17 01:10:00,,,"Кейта А. С., Рябчевский В. О.",AJET,Выдача более 40 минут
2026-06-17,ДР 190 ,73Х,МАХАЧКАЛА,46,Y(А05),00:17,389,2026-06-17 00:31:00,2026-06-17 00:32:00,,2026-06-17 00:32:00,2026-06-17 00:36:00,2026-06-17 00:32:00,2026-06-17 00:36:00,2026-06-17 00:38:00,,1.0,2026-06-17 00:45:00,2026-06-17 00:51:00,,0.0,2026-06-17 00:39:00,2026-06-17 00:45:00,,,,,Гафуров О. Ф.,Победа,Выдача до 30 минут
2026-06-17,TK 3178 ,321,ДАЛАМАН,25,Y(А10),00:20,2242,2026-06-17 00:34:00,2026-06-17 00:37:00,,2026-06-17 00:37:00,2026-06-17 00:47:00,2026-06-17 00:37:00,2026-06-17 00:47:00,2026-06-17 00:53:00,,,2026-06-17 00:49:00,2026-06-17 00:52:00,,0.0,2026-06-17 00:33:00,2026-06-17 01:06:00,,,,,Дубинский В. Д.,Turkish Airlines,Выдача до 30 минут
2026-06-17,TK 217 ,321,АНТАЛЬЯ,21,Y(А10),00:22,2180,2026-06-17 00:33:00,2026-06-17 00:37:00,1.0,2026-06-17 00:35:00,2026-06-17 00:50:00,2026-06-17 00:35:00,2026-06-17 00:50:00,2026-06-17 00:52:00,,,2026-06-17 00:58:00,2026-06-17 01:06:00,5.0,3.0,2026-06-17 00:41:00,2026-06-17 01:23:00,,,,,Воробьев Т. А.,Turkish Airlines,Выдача от 30 до 40 минут
2026-06-17,TK 3084 ,321,ДАЛАМАН,19,Y(А10),00:26,2187,2026-06-17 00:37:00,2026-06-17 00:40:00,,2026-06-17 00:39:00,2026-06-17 00:51:00,2026-06-17 00:39:00,2026-06-17 00:51:00,2026-06-17 00:56:00,,,2026-06-17 01:13:00,2026-06-17 01:14:00,16.0,7.0,2026-06-17 00:42:00,2026-06-17 01:22:00,,,,,Шарипов К. А.,Turkish Airlines,Выдача от 30 до 40 минут
2026-06-17,VF 275 ,73Х,СТАМБУЛ(САБИХА ГОКЦЕН),37,Y(А11),00:29,2026,2026-06-17 00:41:00,2026-06-17 00:44:00,,2026-06-17 00:46:00,2026-06-17 01:08:00,2026-06-17 00:46:00,2026-06-17 01:08:00,2026-06-17 00:59:00,9.0,8.0,2026-06-17 01:14:00,2026-06-17 01:17:00,3.0,6.0,2026-06-17 00:52:00,2026-06-17 01:13:00,2026-06-17 01:09:00,2026-06-17 01:16:00,,,Демчук Д. П.,AJET,Выдача от 30 до 40 минут
2026-06-17,ФВ 6189 ,СУ9,САНКТ-ПЕТЕРБУРГ(ПУЛКОВО),9,Y(А04),00:31,36,2026-06-17 00:43:00,2026-06-17 00:43:00,,2026-06-17 00:46:00,2026-06-17 00:47:00,2026-06-17 00:46:00,2026-06-17 00:47:00,2026-06-17 00:47:00,,1.0,2026-06-17 00:49:00,2026-06-17 00:50:00,,0.0,2026-06-17 00:47:00,2026-06-17 00:52:00,,,,,Коваленко О. И.,Россия,Выдача до 30 минут
2026-06-17,TK 421 ,333,СТАМБУЛ(СТАМБУЛ НЬЮ),23,Y(А10),00:42,4818,2026-06-17 00:57:00,2026-06-17 00:59:00,,2026-06-17 01:02:00,2026-06-17 01:17:00,2026-06-17 01:02:00,2026-06-17 01:17:00,2026-06-17 01:33:00,,,2026-06-17 01:26:00,2026-06-17 01:30:00,9.0,3.0,2026-06-17 01:02:00,2026-06-17 01:26:00,2026-06-17 00:46:00,2026-06-17 01:39:00,2026-06-17 01:12:00,2026-06-17 01:54:00,Потапов Е. А.,Turkish Airlines,Выдача от 30 до 40 минут
2026-06-17,PC 1521 ,32Н,ИЗМИР(АДНАН МЕНДЕРЕС),37A,Y(А13),00:45,1862,2026-06-17 00:55:00,2026-06-17 00:59:00,1.0,2026-06-17 00:58:00,2026-06-17 01:08:00,2026-06-17 00:58:00,2026-06-17 01:08:00,2026-06-17 01:11:00,,,2026-06-17 01:26:00,2026-06-17 01:40:00,1.0,15.0,2026-06-17 01:04:00,2026-06-17 01:24:00,2026-06-17 01:18:00,2026-06-17 01:39:00,,,Омурбе У. Б.,Pegasus,Выдача более 40 минут
2026-06-17,ЮТ 784 ,73Х,АНТАЛЬЯ,8,Y(А11),00:48,1623,2026-06-17 01:01:00,2026-06-17 01:02:00,,2026-06-17 01:10:00,2026-06-17 01:28:00,2026-06-17 01:10:00,2026-06-17 01:28:00,2026-06-17 01:16:00,12.0,7.0,2026-06-17 01:24:00,2026-06-17 01:36:00,,5.0,2026-06-17 01:21:00,2026-06-17 01:26:00,2026-06-17 01:12:00,2026-06-17 01:36:00,,,Музафаров А. С.,Ютэйр,Выдача от 30 до 40 минут
2026-06-17,TK 3014 ,321,АНТАЛЬЯ,18,Y(А10),00:50,2873,2026-06-17 01:06:00,2026-06-17 01:08:00,,2026-06-17 01:07:00,2026-06-17 01:27:00,2026-06-17 01:07:00,2026-06-17 01:27:00,2026-06-17 01:29:00,,1.0,2026-06-17 01:43:00,2026-06-17 01:45:00,17.0,9.0,2026-06-17 01:02:00,2026-06-17 01:43:00,2026-06-17 01:10:00,2026-06-17 01:58:00,,,Шарипов К. А.,Turkish Airlines,Выдача от 30 до 40 минут
2026-06-17,ХИ 9619 ,32Н,НАМАНГАН,27,Y(А12),00:53,1839,2026-06-17 01:05:00,2026-06-17 01:08:00,,2026-06-17 01:09:00,2026-06-17 01:23:00,2026-06-17 01:09:00,2026-06-17 01:23:00,2026-06-17 01:21:00,2.0,2.0,2026-06-17 01:31:00,2026-06-17 01:39:00,6.0,4.0,2026-06-17 01:16:00,2026-06-17 01:26:00,2026-06-17 01:27:00,2026-06-17 01:52:00,,,Каламбеков У. О.,UZBEKISTAN AIRWAYS,Выдача от 30 до 40 минут
2026-06-17,TK 3036 ,321,АНТАЛЬЯ,26,Y(А10),00:55,2911,2026-06-17 01:24:00,2026-06-17 01:29:00,2.0,2026-06-17 01:27:00,2026-06-17 01:41:00,2026-06-17 01:27:00,2026-06-17 01:41:00,2026-06-17 01:47:00,,,2026-06-17 02:01:00,2026-06-17 02:02:00,17.0,8.0,2026-06-17 00:55:00,2026-06-17 02:00:00,2026-06-17 01:11:00,2026-06-17 02:10:00,,,Ушаков М. В.,Turkish Airlines,Выдача от 30 до 40 минут
2026-06-17,ФВ 6161 ,СУ9,САНКТ-ПЕТЕРБУРГ(ПУЛКОВО),10,Y(А04),01:01,62,2026-06-17 01:14:00,2026-06-17 01:15:00,,2026-06-17 01:16:00,2026-06-17 01:17:00,2026-06-17 01:16:00,2026-06-17 01:17:00,2026-06-17 01:18:00,,1.0,2026-06-17 01:36:00,2026-06-17 01:37:00,2.0,0.0,2026-06-17 01:19:00,2026-06-17 01:23:00,,,,,Гаврилов В. А.,Россия,Выдача до 30 минут
2026-06-17,ЮТ 802 ,73Х,ДУШАНБЕ(ДУШАНБЕ ИНТЛ.),11,Y(А09),01:15,2607,2026-06-17 01:27:00,2026-06-17 01:30:00,,2026-06-17 01:33:00,2026-06-17 02:00:00,2026-06-17 01:33:00,2026-06-17 02:00:00,2026-06-17 01:48:00,12.0,10.0,2026-06-17 02:02:00,2026-06-17 02:05:00,5.0,8.0,2026-06-17 01:42:00,2026-06-17 01:56:00,2026-06-17 02:05:00,2026-06-17 02:16:00,,,Федоров Н. В.,Ютэйр,Выдача от 30 до 40 минут
2026-06-17,ХИ 9627A,32Н,ФЕРГАНА(ФЕРГАНА ИНТЛ.),22,Y(А12),01:19,2079,2026-06-17 01:29:00,2026-06-17 01:30:00,,2026-06-17 01:34:00,2026-06-17 01:46:00,2026-06-17 01:34:00,2026-06-17 01:46:00,2026-06-17 01:47:00,,,2026-06-17 01:48:00,2026-06-17 02:12:00,,13.0,2026-06-17 01:39:00,2026-06-17 01:44:00,2026-06-17 01:52:00,2026-06-17 02:18:00,,,Гаврилов В. А.,UZBEKISTAN AIRWAYS,Выдача более 40 минут
2026-06-17,TK 3154 ,32Б,БОДРУМ(МИЛАС),30,Y(А10),01:24,2307,2026-06-17 01:36:00,2026-06-17 01:37:00,,2026-06-17 01:42:00,2026-06-17 01:56:00,2026-06-17 01:42:00,2026-06-17 01:56:00,2026-06-17 01:55:00,1.0,,2026-06-17 02:06:00,2026-06-17 02:13:00,10.0,7.0,2026-06-17 01:33:00,2026-06-17 02:22:00,,,,,Позин М. В.,Turkish Airlines,Выдача от 30 до 40 минут
2026-06-17,3F 323 ,320,ЕРЕВАН(ЗВАРТНОЦ ИНТЛ),24,Y(А13),01:30,851,2026-06-17 01:44:00,2026-06-17 01:47:00,,2026-06-17 01:49:00,2026-06-17 01:55:00,2026-06-17 01:49:00,2026-06-17 01:55:00,2026-06-17 01:54:00,1.0,,2026-06-17 02:02:00,2026-06-17 02:05:00,,0.0,2026-06-17 01:57:00,2026-06-17 02:01:00,,,,,Хушвактов П. З.,FLYONE Armenia,Выдача до 30 минут
2026-06-17,ДР 422B,73Х,САМАРА(КУРУМОЧ),51,Y(А04),02:12,197,2026-06-17 02:22:00,2026-06-17 02:25:00,,2026-06-17 02:26:00,2026-06-17 02:28:00,2026-06-17 02:26:00,2026-06-17 02:28:00,2026-06-17 02:27:00,1.0,1.0,2026-06-17 02:36:00,2026-06-17 02:38:00,,0.0,2026-06-17 02:32:00,2026-06-17 02:36:00,,,,,Андреев А. М.,Победа,Выдача до 30 минут
2026-06-17,FZ 987 ,7М8,ДУБАЙ(ДУБАЙ ИНТЛ.),29,Y(А10),02:25,1976,2026-06-17 02:39:00,2026-06-17 02:40:00,,2026-06-17 02:40:00,2026-06-17 02:51:00,2026-06-17 02:41:00,2026-06-17 02:51:00,2026-06-17 02:56:00,,,2026-06-17 02:49:00,2026-06-17 02:57:00,,0.0,2026-06-17 02:47:00,2026-06-17 02:50:00,2026-06-17 02:54:00,2026-06-17 02:58:00,,,"Воробьев Т. А., Шарипов К. А.",flydubai,Выдача до 30 минут
2026-06-17,ДР 264B,73Х,КАЛИНИНГРАД(ХРАБРОВО),46,Y(А07),02:28,419,2026-06-17 02:35:00,2026-06-17 02:37:00,,2026-06-17 02:40:00,2026-06-17 02:42:00,2026-06-17 02:40:00,2026-06-17 02:42:00,2026-06-17 02:42:00,,,2026-06-17 02:49:00,2026-06-17 02:53:00,,0.0,2026-06-17 02:43:00,2026-06-17 02:51:00,,,,,Дубинский В. Д.,Победа,Выдача до 30 минут
2026-06-17,PC 386 ,32Щ,СТАМБУЛ(САБИХА ГОКЦЕН),20,Y(А09),02:55,3054,2026-06-17 03:07:00,2026-06-17 03:09:00,,2026-06-17 03:10:00,2026-06-17 03:32:00,2026-06-17 03:10:00,2026-06-17 03:32:00,2026-06-17 03:31:00,1.0,2.0,2026-06-17 03:21:00,2026-06-17 03:40:00,,3.0,2026-06-17 03:27:00,2026-06-17 03:37:00,2026-06-17 03:17:00,2026-06-17 03:21:00,,,"Музафаров А. С., Потапов Е. А.",Pegasus,Выдача от 30 до 40 минут
2026-06-17,4S 319 ,7С8,ХУРГАДА(ХУРГАДА ИНТЛ.),21,Y(А10),02:58,2006,2026-06-17 03:11:00,2026-06-17 03:14:00,,2026-06-17 03:13:00,2026-06-17 03:30:00,2026-06-17 03:13:00,2026-06-17 03:30:00,2026-06-17 03:28:00,2.0,4.0,2026-06-17 03:25:00,2026-06-17 03:40:00,,0.0,2026-06-17 03:21:00,2026-06-17 03:24:00,2026-06-17 03:36:00,2026-06-17 03:40:00,,,Хушвактов П. З.,Red Sea,Выдача до 30 минут
2026-06-17,PBD 860B,73Х,АНТАЛЬЯ,49,Y(А11),03:03,1094,2026-06-17 03:12:00,2026-06-17 03:15:00,,2026-06-17 03:14:00,2026-06-17 03:22:00,2026-06-17 03:14:00,2026-06-17 03:22:00,2026-06-17 03:23:00,,1.0,2026-06-17 03:28:00,2026-06-17 03:29:00,,0.0,2026-06-17 03:23:00,2026-06-17 03:28:00,,,,,"Дубинский В. Д., Позин М. В.",Победа,Выдача до 30 минут
2026-06-17,ДР 994B,7С8,СТАМБУЛ(СТАМБУЛ НЬЮ),47,Y(А11),03:06,693,2026-06-17 03:15:00,2026-06-17 03:18:00,,2026-06-17 03:25:00,2026-06-17 03:33:00,2026-06-17 03:25:00,2026-06-17 03:33:00,2026-06-17 03:24:00,9.0,3.0,2026-06-17 03:42:00,2026-06-17 03:46:00,,1.0,2026-06-17 03:34:00,2026-06-17 03:42:00,,,,,Гаврилов В. А.,Победа,Выдача от 30 до 40 минут
2026-06-17,ДР 168B,73Х,МИНЕРАЛЬНЫЕ ВОДЫ,50,Y(А05),03:09,496,2026-06-17 03:19:00,2026-06-17 03:21:00,,2026-06-17 03:23:00,2026-06-17 03:30:00,2026-06-17 03:23:00,2026-06-17 03:30:00,2026-06-17 03:26:00,4.0,4.0,2026-06-17 03:36:00,2026-06-17 03:37:00,,0.0,2026-06-17 03:31:00,2026-06-17 03:37:00,,,,,Андреев А. М.,Победа,Выдача до 30 минут
2026-06-17,VF 587 ,73Х,АНКАРА(ЕСЕНБОГА),25,Y(А09),03:56,2278,2026-06-17 04:06:00,2026-06-17 04:08:00,,2026-06-17 04:08:00,2026-06-17 04:43:00,2026-06-17 04:09:00,2026-06-17 04:43:00,2026-06-17 04:25:00,18.0,19.0,2026-06-17 04:18:00,2026-06-17 04:46:00,,10.0,2026-06-17 04:13:00,2026-06-17 04:18:00,2026-06-17 04:43:00,2026-06-17 04:47:00,,,"Дубинский В. Д., Каламбеков У. О.",AJET,Выдача от 30 до 40 минут
2026-06-17,ДР 198B,73Х,ВЛАДИКАВКАЗ(БЕСЛАН),43,Y(А05),03:59,468,2026-06-17 04:07:00,2026-06-17 04:10:00,,2026-06-17 04:12:00,2026-06-17 04:18:00,2026-06-17 04:12:00,2026-06-17 04:18:00,2026-06-17 04:14:00,4.0,3.0,2026-06-17 04:36:00,2026-06-17 04:37:00,,0.0,2026-06-17 04:20:00,2026-06-17 04:24:00,,,,,Позин М. В.,Победа,Выдача до 30 минут
2026-06-17,PC 1456 ,32Щ,БОДРУМ(МИЛАС),19,Y(А10),04:02,1977,2026-06-17 04:12:00,2026-06-17 04:14:00,,2026-06-17 04:15:00,2026-06-17 04:26:00,2026-06-17 04:15:00,2026-06-17 04:26:00,2026-06-17 04:29:00,,,2026-06-17 04:27:00,2026-06-17 04:39:00,,0.0,2026-06-17 04:23:00,2026-06-17 04:27:00,2026-06-17 04:33:00,2026-06-17 04:39:00,,,Шарипов К. А.,Pegasus,Выдача до 30 минут
2026-06-17,ДР 486B,7С8,УЛЬЯНОВСК(БАРАТАЕВКА),47,Y(А04),04:38,192,2026-06-17 04:46:00,2026-06-17 04:48:00,,2026-06-17 04:50:00,2026-06-17 04:53:00,2026-06-17 04:50:00,2026-06-17 04:53:00,2026-06-17 04:51:00,2.0,2.0,2026-06-17 05:04:00,2026-06-17 05:05:00,,0.0,2026-06-17 04:55:00,2026-06-17 05:04:00,,,,,Скулов Е. С.,Победа,Выдача до 30 минут
2026-06-17,ЖГ 932 ,73Й,ТБИЛИСИ(ТБИЛИСИ ИНТЛ.),30,Y(А09),04:41,2910,2026-06-17 04:48:00,2026-06-17 04:50:00,,2026-06-17 04:50:00,2026-06-17 05:14:00,2026-06-17 04:50:00,2026-06-17 05:14:00,2026-06-17 05:11:00,3.0,5.0,2026-06-17 05:03:00,2026-06-17 05:19:00,,1.0,2026-06-17 04:56:00,2026-06-17 04:58:00,2026-06-17 05:09:00,2026-06-17 05:19:00,,,"Андреев А. М., Гаврилов В. А.",GEORGIAN AIRWAYS,Выдача от 30 до 40 минут
2026-06-17,NE 600 ,320,ХУРГАДА(ХУРГАДА ИНТЛ.),29,Y(А10),04:44,1936,2026-06-17 05:03:00,2026-06-17 05:03:00,,2026-06-17 05:03:00,2026-06-17 05:25:00,2026-06-17 05:03:00,2026-06-17 05:25:00,2026-06-17 05:20:00,5.0,9.0,2026-06-17 05:15:00,2026-06-17 05:29:00,,0.0,2026-06-17 05:14:00,2026-06-17 05:15:00,2026-06-17 05:13:00,2026-06-17 05:30:00,,,Потапов Е. А.,Nesma Airlines,Выдача до 30 минут
2026-06-17,ДР 1188 ,7С8,МАХАЧКАЛА,51,Y(А07),04:47,436,2026-06-17 04:54:00,2026-06-17 04:57:00,,2026-06-17 04:57:00,2026-06-17 05:05:00,2026-06-17 04:57:00,2026-06-17 05:05:00,2026-06-17 05:01:00,4.0,5.0,2026-06-17 05:11:00,2026-06-17 05:14:00,,0.0,2026-06-17 05:06:00,2026-06-17 05:11:00,,,,,Омурбе У. Б.,Победа,Выдача до 30 минут
2026-06-17,AZO 7008 ,СУ9,ТБИЛИСИ(ТБИЛИСИ ИНТЛ.),26,Y(А12),04:50,947,2026-06-17 04:59:00,2026-06-17 05:19:00,17.0,2026-06-17 05:02:00,2026-06-17 05:21:00,2026-06-17 05:02:00,2026-06-17 05:21:00,2026-06-17 05:09:00,12.0,13.0,2026-06-17 05:27:00,2026-06-17 05:32:00,8.0,3.0,2026-06-17 05:23:00,2026-06-17 05:27:00,,,,,Рябчевский В. О.,GEORGIAN AIRWAYS,Выдача от 30 до 40 минут
2026-06-17,VF 277 ,73Х,СТАМБУЛ(САБИХА ГОКЦЕН),24,Y(А11),04:53,1321,2026-06-17 05:07:00,2026-06-17 05:08:00,,2026-06-17 05:07:00,2026-06-17 05:17:00,2026-06-17 05:07:00,2026-06-17 05:17:00,2026-06-17 05:20:00,,1.0,2026-06-17 05:18:00,2026-06-17 05:26:00,,0.0,2026-06-17 05:14:00,2026-06-17 05:17:00,2026-06-17 05:19:00,2026-06-17 05:22:00,,,"Демчук Д. П., Хушвактов П. З.",AJET,Выдача до 30 минут
2026-06-17,ЮТ 786 ,73Х,ЕРЕВАН(ЗВАРТНОЦ ИНТЛ),27,Y(А13),04:59,1624,2026-06-17 05:14:00,2026-06-17 05:15:00,,2026-06-17 05:16:00,2026-06-17 05:28:00,2026-06-17 05:17:00,2026-06-17 05:28:00,2026-06-17 05:29:00,,,2026-06-17 05:29:00,2026-06-17 05:36:00,,0.0,2026-06-17 05:26:00,2026-06-17 05:28:00,2026-06-17 05:29:00,2026-06-17 05:32:00,,,"Омурбе У. Б., Скулов Е. С.",Ютэйр,Выдача до 30 минут
2026-06-17,ДР 1476 ,7С8,САРАТОВ(ГАГАРИН),48,Y(А04),05:03,148,2026-06-17 05:20:00,2026-06-17 05:23:00,,2026-06-17 05:24:00,2026-06-17 05:27:00,2026-06-17 05:24:00,2026-06-17 05:27:00,2026-06-17 05:25:00,2.0,2.0,2026-06-17 05:35:00,2026-06-17 05:36:00,,0.0,2026-06-17 05:30:00,2026-06-17 05:38:00,,,,,Позин М. В.,Победа,Выдача до 30 минут
2026-06-17,PC 390 ,32Щ,СТАМБУЛ(САБИХА ГОКЦЕН),21,Y(А10),05:07,2051,2026-06-17 05:18:00,2026-06-17 05:21:00,,2026-06-17 05:21:00,2026-06-17 05:33:00,2026-06-17 05:21:00,2026-06-17 05:33:00,2026-06-17 05:36:00,,,2026-06-17 05:32:00,2026-06-17 05:42:00,,0.0,2026-06-17 05:28:00,2026-06-17 05:32:00,2026-06-17 05:37:00,2026-06-17 05:40:00,,,Воробьев Т. А.,Pegasus,Выдача до 30 минут
2026-06-17,TK 419 ,333,СТАМБУЛ(СТАМБУЛ НЬЮ),23,Y(А09),05:11,4473,2026-06-17 05:28:00,2026-06-17 05:29:00,,2026-06-17 05:32:00,2026-06-17 05:44:00,2026-06-17 05:36:00,2026-06-17 05:44:00,2026-06-17 06:02:00,,,2026-06-17 05:46:00,2026-06-17 05:52:00,,0.0,2026-06-17 05:36:00,2026-06-17 05:49:00,2026-06-17 05:31:00,2026-06-17 05:52:00,,,"Дубинский В. Д., Рябчевский В. О.",Turkish Airlines,Выдача до 30 минут
2026-06-17,ЮТ 276B,73Х,СОЧИ,14,Y(А06),05:15,758,2026-06-17 05:24:00,2026-06-17 05:27:00,,2026-06-17 05:37:00,2026-06-17 05:41:00,2026-06-17 05:37:00,2026-06-17 05:41:00,2026-06-17 05:33:00,8.0,,2026-06-17 05:48:00,2026-06-17 05:50:00,4.0,0.0,2026-06-17 05:42:00,2026-06-17 05:49:00,,,,,Каламбеков У. О.,Ютэйр,Выдача до 30 минут
2026-06-17,ЮТ 376 ,734,СЫКТЫВКАР,13,Y(А05),05:51,408,-1,,,2026-06-17 06:06:00,2026-06-17 06:11:00,2026-06-17 06:06:00,2026-06-17 06:11:00,,,2.0,2026-06-17 06:16:00,2026-06-17 06:17:00,,0.0,2026-06-17 06:13:00,2026-06-17 06:15:00,,,,,Музафаров А. С.,Ютэйр,Некорректно проставлены отметки
2026-06-17,PC 1458 ,32Щ,ДАЛАМАН,20,Y(А10),06:01,2222,2026-06-17 06:11:00,2026-06-17 06:12:00,,2026-06-17 06:14:00,2026-06-17 06:28:00,2026-06-17 06:14:00,2026-06-17 06:28:00,2026-06-17 06:30:00,,,2026-06-17 06:25:00,2026-06-17 06:34:00,,0.0,2026-06-17 06:19:00,2026-06-17 06:25:00,2026-06-17 06:30:00,2026-06-17 06:34:00,,,"Омурбе У. Б., Скулов Е. С.",Pegasus,Выдача до 30 минут
2026-06-17,ДР 408 ,73Х,ЕКАТЕРИНБУРГ(КОЛЬЦОВО),49,Y(А07),06:15,435,2026-06-17 06:20:00,2026-06-17 06:22:00,,2026-06-17 06:23:00,2026-06-17 06:29:00,2026-06-17 06:23:00,2026-06-17 06:29:00,2026-06-17 06:27:00,2.0,3.0,2026-06-17 06:35:00,2026-06-17 06:36:00,,0.0,2026-06-17 06:29:00,2026-06-17 06:35:00,,,,,Хушвактов П. З.,Победа,Выдача до 30 минут
2026-06-17,TK 407 ,32Б,СТАМБУЛ(СТАМБУЛ НЬЮ),22,Y(А09),06:29,3382,2026-06-17 06:40:00,2026-06-17 06:42:00,,2026-06-17 06:44:00,2026-06-17 07:05:00,2026-06-17 06:44:00,2026-06-17 07:05:00,2026-06-17 07:07:00,,,2026-06-17 06:53:00,2026-06-17 07:04:00,,0.0,2026-06-17 06:51:00,2026-06-17 07:04:00,2026-06-17 07:00:00,2026-06-17 07:13:00,,,"Музафаров А. С., Попов Д. В.",Turkish Airlines,Выдача до 30 минут
2026-06-17,ФВ 6019 ,СУ9,САНКТ-ПЕТЕРБУРГ(ПУЛКОВО),9,Y(А04),07:16,64,2026-06-17 07:27:00,2026-06-17 07:28:00,,2026-06-17 07:29:00,2026-06-17 07:31:00,2026-06-17 07:29:00,2026-06-17 07:31:00,2026-06-17 07:31:00,,2.0,2026-06-17 07:34:00,2026-06-17 07:35:00,,0.0,2026-06-17 07:32:00,2026-06-17 07:33:00,,,,,Виноградов А. А.,Россия,Выдача до 30 минут
2026-06-17,ДР 744 ,73Х,ОШ,42,Y(А13),07:21,378,2026-06-17 07:30:00,2026-06-17 07:31:00,,2026-06-17 07:30:00,2026-06-17 07:33:00,2026-06-17 07:30:00,2026-06-17 07:33:00,2026-06-17 07:37:00,,,2026-06-17 07:39:00,2026-06-17 07:40:00,,0.0,2026-06-17 07:34:00,2026-06-17 07:39:00,,,,,"Рустамов М. А., Фартушный А. И.",Победа,Выдача до 30 минут
2026-06-17,AZO 7072 ,СУ9,КУТАИСИ(КУТАИСИ ИНТЛ.),28,Y(А11),07:25,1019,2026-06-17 07:36:00,2026-06-17 07:41:00,2.0,2026-06-17 07:43:00,2026-06-17 07:54:00,2026-06-17 07:43:00,2026-06-17 07:54:00,2026-06-17 07:47:00,7.0,4.0,2026-06-17 08:00:00,2026-06-17 08:02:00,4.0,0.0,2026-06-17 07:57:00,2026-06-17 08:00:00,,,,,Прохачев И. А.,GEORGIAN AIRWAYS,Выдача до 30 минут
2026-06-17,ЮТ 454 ,73Х,ТЮМЕНЬ(РОЩИНО),14,Y(А07),07:55,595,2026-06-17 08:02:00,2026-06-17 08:03:00,,2026-06-17 08:04:00,2026-06-17 08:10:00,2026-06-17 08:04:00,2026-06-17 08:10:00,2026-06-17 08:10:00,,2.0,2026-06-17 08:13:00,2026-06-17 08:14:00,,0.0,2026-06-17 08:11:00,2026-06-17 08:13:00,,,,,Королёв Е. А.,Ютэйр,Выдача до 30 минут
2026-06-17,ЮТ 572 ,73Х,КРАСНОЯРСК,12,Y(А05),08:04,867,2026-06-17 08:17:00,2026-06-17 08:22:00,2.0,2026-06-17 08:21:00,2026-06-17 08:30:00,2026-06-17 08:27:00,2026-06-17 08:30:00,2026-06-17 08:27:00,3.0,,2026-06-17 08:33:00,2026-06-17 08:35:00,,0.0,2026-06-17 08:30:00,2026-06-17 08:33:00,,,,,"Михайлов М. С., Фаёзов А. Р.",Ютэйр,Выдача до 30 минут
2026-06-17,3F 321 ,320,ЕРЕВАН(ЗВАРТНОЦ ИНТЛ),19,Y(А13),08:28,1007,2026-06-17 08:35:00,2026-06-17 08:37:00,,2026-06-17 08:37:00,2026-06-17 08:51:00,2026-06-17 08:39:00,2026-06-17 08:51:00,2026-06-17 08:46:00,5.0,5.0,2026-06-17 08:50:00,2026-06-17 08:53:00,,0.0,2026-06-17 08:46:00,2026-06-17 08:50:00,,,,,"Позин М. В., Саидов А. С.",FLYONE Armenia,Выдача до 30 минут
2026-06-17,ЮТ 248 ,73Х,СУРГУТ,11,Y(А07),08:32,672,2026-06-17 08:41:00,2026-06-17 08:42:00,,2026-06-17 08:45:00,2026-06-17 08:52:00,2026-06-17 08:45:00,2026-06-17 08:52:00,2026-06-17 08:49:00,3.0,3.0,2026-06-17 08:56:00,2026-06-17 08:58:00,,0.0,2026-06-17 08:53:00,2026-06-17 08:55:00,,,,,Острых В. А.,Ютэйр,Выдача до 30 минут
2026-06-17,ЯК 475 ,7С8,ЯКУТСК,60,Y(А06),08:36,1181,2026-06-17 08:51:00,2026-06-17 08:53:00,,2026-06-17 08:57:00,2026-06-17 09:21:00,2026-06-17 08:57:00,2026-06-17 09:21:00,2026-06-17 09:03:00,18.0,16.0,2026-06-17 09:27:00,2026-06-17 09:30:00,6.0,9.0,2026-06-17 09:23:00,2026-06-17 09:26:00,,,,,Ушаков Г. А.,Якутия,Выдача от 30 до 40 минут
2026-06-17,ЮТ 356 ,73Х,ВЛАДИКАВКАЗ(БЕСЛАН),17,Y(А05),08:48,206,2026-06-17 08:59:00,2026-06-17 09:03:00,1.0,2026-06-17 09:03:00,2026-06-17 09:06:00,2026-06-17 09:03:00,2026-06-17 09:06:00,2026-06-17 09:04:00,2.0,2.0,2026-06-17 09:11:00,2026-06-17 09:12:00,,0.0,2026-06-17 09:07:00,2026-06-17 09:13:00,,,,,Попов Д. В.,Ютэйр,Выдача до 30 минут
2026-06-17,ФВ 6051 ,СУ9,САНКТ-ПЕТЕРБУРГ(ПУЛКОВО),8,Y(А04),08:51,111,2026-06-17 09:05:00,2026-06-17 09:05:00,,2026-06-17 09:08:00,2026-06-17 09:09:00,2026-06-17 09:08:00,2026-06-17 09:09:00,2026-06-17 09:10:00,,,2026-06-17 09:13:00,2026-06-17 09:14:00,,0.0,2026-06-17 09:11:00,2026-06-17 09:13:00,,,,,Чеканов В. А.,Россия,Выдача до 30 минут
2026-06-17,В2 981 ,Е95,МИНСК(МИНСК ИНТЛ.),29,Y(А13),08:58,265,2026-06-17 09:09:00,2026-06-17 09:11:00,,2026-06-17 09:13:00,2026-06-17 09:15:00,2026-06-17 09:13:00,2026-06-17 09:15:00,2026-06-17 09:15:00,,,2026-06-17 09:19:00,2026-06-17 09:20:00,,0.0,2026-06-17 09:16:00,2026-06-17 09:20:00,,,,,Фанин - Богданов Анатолий Н. О.,Белавиа,Выдача до 30 минут
2026-06-17,КГ 555 ,320,ОШ,22,Y(А13),08:59,2818,2026-06-17 09:14:00,2026-06-17 09:15:00,,2026-06-17 09:17:00,2026-06-17 09:32:00,2026-06-17 09:17:00,2026-06-17 09:32:00,2026-06-17 09:37:00,,,2026-06-17 09:29:00,2026-06-17 09:37:00,,0.0,2026-06-17 09:23:00,2026-06-17 09:28:00,2026-06-17 09:32:00,2026-06-17 09:37:00,,,"Виноградов А. А., Королёв Е. А.",Aero Nomad,Выдача до 30 минут
2026-06-17,ЯМ 597 ,73Х,МИРНЫЙ,5,Y(А07),09:08,1575,2026-06-17 09:25:00,2026-06-17 09:28:00,,2026-06-17 09:30:00,2026-06-17 09:54:00,2026-06-17 09:30:00,2026-06-17 09:54:00,2026-06-17 09:40:00,14.0,13.0,2026-06-17 09:38:00,2026-06-17 09:55:00,,0.0,2026-06-17 09:35:00,2026-06-17 09:40:00,2026-06-17 09:57:00,2026-06-17 09:58:00,,,Прохачев И. А.,Алроса,Выдача до 30 минут
2026-06-17,AZO 7108 ,СУ9,ТБИЛИСИ(ТБИЛИСИ ИНТЛ.),26,Y(А12),09:14,510,2026-06-17 09:27:00,2026-06-17 09:29:00,,2026-06-17 09:31:00,2026-06-17 09:33:00,2026-06-17 09:31:00,2026-06-17 09:33:00,2026-06-17 09:34:00,,,2026-06-17 09:37:00,2026-06-17 09:38:00,,0.0,2026-06-17 09:34:00,2026-06-17 09:37:00,,,,,Рустамов М. А.,GEORGIAN AIRWAYS,Выдача до 30 минут
2026-06-17,ФВ 6003 ,СУ9,САНКТ-ПЕТЕРБУРГ(ПУЛКОВО),9,Y(А04),09:21,29,2026-06-17 09:35:00,2026-06-17 09:37:00,,2026-06-17 09:38:00,2026-06-17 09:40:00,2026-06-17 09:38:00,2026-06-17 09:40:00,2026-06-17 09:39:00,1.0,2.0,2026-06-17 09:40:00,2026-06-17 09:41:00,,0.0,2026-06-17 09:38:00,2026-06-17 09:41:00,,,,,Фаёзов А. Р.,Россия,Выдача до 30 минут
2026-06-17,ДР 414 ,73Х,ЧЕЛЯБИНСК(БАЛАНДИНО),49,Y(А08),09:30,505,2026-06-17 09:40:00,2026-06-17 09:40:00,,2026-06-17 09:43:00,2026-06-17 09:46:00,2026-06-17 09:43:00,2026-06-17 09:46:00,2026-06-17 09:47:00,,,2026-06-17 09:53:00,2026-06-17 09:55:00,,0.0,2026-06-17 09:50:00,2026-06-17 09:55:00,,,,,Бородин А. В.,Победа,Выдача до 30 минут
2026-06-17,ВГ 2390 ,ЯК4,ВОЛОГДА,45,Y(А04),09:35,78,2026-06-17 09:42:00,2026-06-17 09:44:00,,2026-06-17 09:43:00,2026-06-17 09:45:00,2026-06-17 09:43:00,2026-06-17 09:45:00,2026-06-17 09:47:00,,1.0,,-1,,0.0,,,,,,,Ушаков Г. А.,Вологодское АП,Некорректно проставлены отметки
2026-06-17,ЮТ 352 ,73Е,ХАНТЫ-МАНСИЙСК,16,Y(А05),09:41,512,2026-06-17 09:59:00,2026-06-17 10:01:00,,2026-06-17 10:03:00,2026-06-17 10:07:00,2026-06-17 10:03:00,2026-06-17 10:07:00,2026-06-17 10:06:00,1.0,1.0,2026-06-17 10:12:00,2026-06-17 10:14:00,,0.0,2026-06-17 10:08:00,2026-06-17 10:12:00,,,,,Баташан В. Ю.,Ютэйр,Выдача до 30 минут
2026-06-17,ДР 714 ,73Х,САМАРКАНД(САМАРКАНД ИНТЛ.),50,Y(А11),10:05,269,2026-06-17 10:15:00,2026-06-17 10:17:00,,2026-06-17 10:18:00,2026-06-17 10:20:00,2026-06-17 10:18:00,2026-06-17 10:20:00,2026-06-17 10:21:00,,,2026-06-17 10:26:00,2026-06-17 10:27:00,,0.0,2026-06-17 10:24:00,2026-06-17 10:26:00,,,,,Саидов А. С.,Победа,Выдача до 30 минут
2026-06-17,DV 801 ,73В,ШЫМКЕНТ(ШЫМКЕНТ ИНТЛ.),20,Y(А13),10:07,775,2026-06-17 10:18:00,2026-06-17 10:18:00,,2026-06-17 10:20:00,2026-06-17 10:30:00,2026-06-17 10:20:00,2026-06-17 10:30:00,2026-06-17 10:27:00,3.0,5.0,2026-06-17 10:36:00,2026-06-17 10:38:00,,0.0,2026-06-17 10:31:00,2026-06-17 10:37:00,,,,,Виноградов А. А.,SCAT Airlines,Выдача до 30 минут
2026-06-17,ЖГ 936 ,73Х,ТБИЛИСИ(ТБИЛИСИ ИНТЛ.),30,Y(А10),11:24,1684,2026-06-17 11:31:00,2026-06-17 11:33:00,,2026-06-17 11:33:00,2026-06-17 11:44:00,2026-06-17 11:33:00,2026-06-17 11:44:00,2026-06-17 11:46:00,,,2026-06-17 11:42:00,2026-06-17 11:49:00,,0.0,2026-06-17 11:39:00,2026-06-17 11:42:00,2026-06-17 11:46:00,2026-06-17 11:47:00,,,Фартушный А. И.,GEORGIAN AIRWAYS,Выдача до 30 минут
2026-06-17,ЮТ 446 ,735,КОГАЛЫМ,10,Y(А05),11:44,448,2026-06-17 11:53:00,2026-06-17 11:54:00,,2026-06-17 12:07:00,2026-06-17 12:12:00,2026-06-17 12:07:00,2026-06-17 12:12:00,2026-06-17 12:00:00,12.0,2.0,2026-06-17 12:14:00,2026-06-17 12:15:00,1.0,0.0,2026-06-17 12:12:00,2026-06-17 12:15:00,,,,,Острых В. А.,Ютэйр,Выдача до 30 минут
2026-06-17,ДР 732 ,73Х,НУКУС,48,Y(А11),11:49,873,2026-06-17 11:57:00,2026-06-17 11:59:00,,2026-06-17 12:00:00,2026-06-17 12:10:00,2026-06-17 12:00:00,2026-06-17 12:10:00,2026-06-17 12:07:00,3.0,4.0,2026-06-17 12:17:00,2026-06-17 12:20:00,,0.0,2026-06-17 12:13:00,2026-06-17 12:17:00,,,,,Ушаков Г. А.,Победа,Выдача до 30 минут
2026-06-17,ЮТ 560 ,73Х,МАХАЧКАЛА,21,Y(А07),11:58,490,2026-06-17 12:11:00,2026-06-17 12:14:00,,2026-06-17 12:14:00,2026-06-17 12:18:00,2026-06-17 12:14:00,2026-06-17 12:18:00,2026-06-17 12:18:00,,1.0,2026-06-17 12:24:00,2026-06-17 12:25:00,,0.0,2026-06-17 12:18:00,2026-06-17 12:22:00,,,,,Фаёзов А. Р.,Ютэйр,Выдача до 30 минут
2026-06-17,ДР 466 ,73Х,УЛЬЯНОВСК(БАРАТАЕВКА),49,Y(А05),12:11,157,2026-06-17 12:20:00,2026-06-17 12:22:00,,2026-06-17 12:23:00,2026-06-17 12:24:00,2026-06-17 12:23:00,2026-06-17 12:24:00,2026-06-17 12:25:00,,,2026-06-17 12:34:00,2026-06-17 12:35:00,,0.0,2026-06-17 12:32:00,2026-06-17 12:35:00,,,,,Михайлов М. С.,Победа,Выдача до 30 минут
2026-06-17,J2 807 ,76В,БАКУ(ИМ. ГЕЙДАРА АЛИЕВА),19,Y(А10),12:21,1847,2026-06-17 12:31:00,2026-06-17 12:33:00,,2026-06-17 12:34:00,2026-06-17 12:50:00,2026-06-17 12:34:00,2026-06-17 12:50:00,2026-06-17 12:47:00,3.0,4.0,2026-06-17 12:56:00,2026-06-17 12:57:00,5.0,0.0,2026-06-17 12:41:00,2026-06-17 12:57:00,,,,,Прохачев И. А.,AZAL,Выдача до 30 минут
2026-06-17,TK 413 ,332,СТАМБУЛ(СТАМБУЛ НЬЮ),23,Y(А09),12:31,2606,2026-06-17 12:42:00,2026-06-17 12:45:00,,2026-06-17 12:43:00,2026-06-17 13:00:00,2026-06-17 12:44:00,2026-06-17 13:00:00,2026-06-17 13:03:00,,,2026-06-17 12:59:00,2026-06-17 13:03:00,,0.0,2026-06-17 12:44:00,2026-06-17 13:00:00,2026-06-17 12:48:00,2026-06-17 13:04:00,,,"Аганин А. А., Фартушный А. И.",Turkish Airlines,Выдача до 30 минут
2026-06-17,ФВ 6007 ,СУ9,САНКТ-ПЕТЕРБУРГ(ПУЛКОВО),9,Y(А04),12:37,69,2026-06-17 12:48:00,2026-06-17 12:50:00,,2026-06-17 12:51:00,2026-06-17 12:53:00,2026-06-17 12:51:00,2026-06-17 12:53:00,2026-06-17 12:52:00,1.0,2.0,2026-06-17 12:55:00,2026-06-17 12:56:00,,0.0,2026-06-17 12:53:00,2026-06-17 12:55:00,,,,,Острых В. А.,Россия,Выдача до 30 минут
2026-06-17,ЮТ 358B,73Х,САМАРА(КУРУМОЧ),15,Y(А05),12:47,284,2026-06-17 12:56:00,2026-06-17 12:56:00,,2026-06-17 12:58:00,2026-06-17 13:02:00,2026-06-17 12:58:00,2026-06-17 13:02:00,2026-06-17 13:02:00,,2.0,2026-06-17 13:09:00,2026-06-17 13:10:00,,0.0,2026-06-17 13:03:00,2026-06-17 13:10:00,,,,,Попов Д. В.,Ютэйр,Выдача до 30 минут
2026-06-17,TK 3070 ,32Б,АНТАЛЬЯ,22,Y(А11),12:49,2039,2026-06-17 13:00:00,2026-06-17 13:01:00,,2026-06-17 13:05:00,2026-06-17 13:19:00,2026-06-17 13:05:00,2026-06-17 13:19:00,2026-06-17 13:18:00,1.0,,2026-06-17 13:20:00,2026-06-17 13:21:00,,0.0,2026-06-17 13:18:00,2026-06-17 13:26:00,,,,,Рустамов М. А.,Turkish Airlines,Выдача до 30 минут
2026-06-17,TK 1231 ,321,АНТАЛЬЯ,24,Y(А13),12:52,1453,2026-06-17 13:01:00,2026-06-17 13:01:00,,2026-06-17 13:05:00,2026-06-17 13:18:00,2026-06-17 13:05:00,2026-06-17 13:18:00,2026-06-17 13:15:00,3.0,3.0,2026-06-17 13:16:00,2026-06-17 13:23:00,,0.0,2026-06-17 13:23:00,2026-06-17 13:33:00,,,,,Королёв Е. А.,Turkish Airlines,Выдача до 30 минут
2026-06-17,TK 3012 ,321,АНТАЛЬЯ,26,Y(А09),13:04,2406,2026-06-17 13:16:00,2026-06-17 13:16:00,,2026-06-17 13:20:00,2026-06-17 13:36:00,2026-06-17 13:20:00,2026-06-17 13:36:00,2026-06-17 13:36:00,,,2026-06-17 13:37:00,2026-06-17 13:38:00,1.0,0.0,2026-06-17 13:22:00,2026-06-17 13:33:00,2026-06-17 13:37:00,2026-06-17 13:39:00,,,Виноградов А. А.,Turkish Airlines,Выдача до 30 минут
2026-06-17,TK 3024 ,321,АНТАЛЬЯ,20,Y(А10),13:16,2890,2026-06-17 13:24:00,2026-06-17 13:27:00,,2026-06-17 13:29:00,2026-06-17 13:49:00,2026-06-17 13:29:00,2026-06-17 13:49:00,2026-06-17 13:47:00,2.0,1.0,2026-06-17 13:46:00,2026-06-17 13:58:00,2.0,4.0,2026-06-17 13:27:00,2026-06-17 13:46:00,2026-06-17 13:44:00,2026-06-17 13:58:00,,,Королев А. А.,Turkish Airlines,Выдача от 30 до 40 минут
2026-06-17,TK 3046 ,321,АНТАЛЬЯ,27,Y(А10),13:19,2693,2026-06-17 13:28:00,2026-06-17 13:30:00,,2026-06-17 13:32:00,2026-06-17 13:46:00,2026-06-17 13:32:00,2026-06-17 13:46:00,2026-06-17 13:50:00,,,2026-06-17 13:43:00,2026-06-17 13:51:00,,0.0,2026-06-17 13:26:00,2026-06-17 13:43:00,2026-06-17 13:43:00,2026-06-17 13:51:00,,,Михайлов М. С.,Turkish Airlines,Выдача до 30 минут
2026-06-17,TK 3164 ,32Б,БОДРУМ(МИЛАС),25,Y(А13),13:22,1230,2026-06-17 13:37:00,2026-06-17 13:41:00,1.0,2026-06-17 13:39:00,2026-06-17 13:50:00,2026-06-17 13:39:00,2026-06-17 13:50:00,2026-06-17 13:49:00,1.0,3.0,2026-06-17 13:54:00,2026-06-17 13:57:00,,0.0,2026-06-17 13:50:00,2026-06-17 13:59:00,,,,,Ушаков Г. А.,Turkish Airlines,Выдача до 30 минут
2026-06-17,TK 417 ,73Х,СТАМБУЛ(СТАМБУЛ НЬЮ),29,Y(А09),13:27,2480,2026-06-17 13:37:00,2026-06-17 13:37:00,,2026-06-17 13:39:00,2026-06-17 14:01:00,2026-06-17 13:40:00,2026-06-17 14:01:00,2026-06-17 13:58:00,3.0,4.0,2026-06-17 13:53:00,2026-06-17 14:04:00,,0.0,2026-06-17 13:49:00,2026-06-17 13:52:00,2026-06-17 14:02:00,2026-06-17 14:04:00,,,"Баташан В. Ю., Бородин А. В.",Turkish Airlines,Выдача до 30 минут
2026-06-17,ХИ 9607 ,32Н,БУХАРА(БУХАРА ИНТЛ.),30,Y(А09),13:45,2324,2026-06-17 13:57:00,2026-06-17 13:59:00,,2026-06-17 14:03:00,2026-06-17 14:20:00,2026-06-17 14:03:00,2026-06-17 14:20:00,2026-06-17 14:16:00,4.0,2.0,2026-06-17 14:15:00,2026-06-17 14:26:00,,0.0,2026-06-17 14:12:00,2026-06-17 14:15:00,2026-06-17 14:22:00,2026-06-17 14:26:00,,,Саидов А. С.,UZBEKISTAN AIRWAYS,Выдача до 30 минут
2026-06-17,А4 7034 ,СУ9,ПСКОВ(КРЕСТЫ),59A,Y(А04),13:47,241,2026-06-17 13:59:00,2026-06-17 14:01:00,,2026-06-17 14:04:00,2026-06-17 14:07:00,2026-06-17 14:04:00,2026-06-17 14:07:00,2026-06-17 14:05:00,2.0,1.0,2026-06-17 14:13:00,2026-06-17 14:14:00,,0.0,2026-06-17 14:09:00,2026-06-17 14:14:00,,,,,Фаёзов А. Р.,Азимут,Выдача до 30 минут
2026-06-17,NE 602 ,320,ХУРГАДА(ХУРГАДА ИНТЛ.),19,Y(А11),13:50,2013,2026-06-17 14:02:00,2026-06-17 14:02:00,,2026-06-17 14:04:00,2026-06-17 14:23:00,2026-06-17 14:04:00,2026-06-17 14:23:00,2026-06-17 14:19:00,4.0,6.0,2026-06-17 14:19:00,2026-06-17 14:31:00,,0.0,2026-06-17 14:13:00,2026-06-17 14:18:00,2026-06-17 14:23:00,2026-06-17 14:30:00,,,Попов Д. В.,Nesma Airlines,Выдача до 30 минут
2026-06-17,НВЦ 9152 ,32Щ,САБЕТТА,14,Y(А06),13:56,1437,2026-06-17 14:23:00,2026-06-17 14:29:00,3.0,2026-06-17 14:30:00,2026-06-17 14:46:00,2026-06-17 14:30:00,2026-06-17 14:46:00,2026-06-17 14:37:00,9.0,6.0,2026-06-17 14:41:00,2026-06-17 14:51:00,,0.0,2026-06-17 14:37:00,2026-06-17 14:40:00,2026-06-17 14:48:00,2026-06-17 14:55:00,,,Прохачев И. А.,Северо-Запад,Выдача до 30 минут
2026-06-17,ХИ 9615 ,32Н,УРГЕНЧ(УРГЕНЧ ИНТЛ.),21,Y(А12),13:58,1741,2026-06-17 14:09:00,2026-06-17 14:18:00,6.0,2026-06-17 14:17:00,2026-06-17 14:29:00,2026-06-17 14:17:00,2026-06-17 14:29:00,2026-06-17 14:25:00,4.0,,2026-06-17 14:25:00,2026-06-17 14:40:00,,1.0,2026-06-17 14:21:00,2026-06-17 14:25:00,2026-06-17 14:34:00,2026-06-17 14:40:00,,,Аганин А. А.,UZBEKISTAN AIRWAYS,Выдача от 30 до 40 минут
2026-06-17,ЮТ 364 ,73Х,УФА,16,Y(А05),14:02,301,2026-06-17 14:15:00,2026-06-17 14:15:00,,2026-06-17 14:37:00,2026-06-17 14:39:00,2026-06-17 14:37:00,2026-06-17 14:39:00,2026-06-17 14:21:00,18.0,,2026-06-17 14:45:00,2026-06-17 14:47:00,10.0,2.0,2026-06-17 14:41:00,2026-06-17 14:44:00,,,,,Бородин А. В.,Ютэйр,Выдача от 30 до 40 минут
2026-06-17,КГ 503 ,320,БИШКЕК(МАНАС ИНТЛ),23,Y(А13),14:05,2001,2026-06-17 14:22:00,2026-06-17 14:22:00,,2026-06-17 14:24:00,2026-06-17 14:41:00,2026-06-17 14:24:00,2026-06-17 14:41:00,2026-06-17 14:39:00,2.0,4.0,2026-06-17 14:35:00,2026-06-17 15:01:00,,9.0,2026-06-17 14:30:00,2026-06-17 14:36:00,2026-06-17 14:54:00,2026-06-17 14:59:00,,,Фартушный А. И.,Aero Nomad,Выдача от 30 до 40 минут
2026-06-17,PC 388 ,32Щ,СТАМБУЛ(САБИХА ГОКЦЕН),24,Y(А10),14:08,2527,2026-06-17 14:20:00,2026-06-17 14:25:00,2.0,2026-06-17 14:27:00,2026-06-17 14:47:00,2026-06-17 14:27:00,2026-06-17 14:47:00,2026-06-17 14:41:00,6.0,3.0,2026-06-17 14:38:00,2026-06-17 14:53:00,,3.0,2026-06-17 14:34:00,2026-06-17 14:38:00,2026-06-17 14:48:00,2026-06-17 14:52:00,,,Королёв Е. А.,Pegasus,Выдача от 30 до 40 минут
2026-06-17,УТА 6316 ,73Е,БОВАНЕНКОВО,11,Y(А07),14:12,1202,2026-06-17 14:24:00,2026-06-17 14:24:00,,2026-06-17 14:27:00,2026-06-17 14:39:00,2026-06-17 14:27:00,2026-06-17 14:39:00,2026-06-17 14:36:00,3.0,4.0,2026-06-17 14:44:00,2026-06-17 14:45:00,,0.0,,,2026-06-17 14:39:00,2026-06-17 14:42:00,,,Позин М. В.,Ютэйр,Выдача до 30 минут
2026-06-17,AZV 3002 ,763,АНТАЛЬЯ,18,Y(А09),14:14,2786,2026-06-17 14:26:00,2026-06-17 14:31:00,2.0,2026-06-17 14:34:00,2026-06-17 14:55:00,2026-06-17 14:34:00,2026-06-17 14:55:00,2026-06-17 14:49:00,6.0,2.0,2026-06-17 14:53:00,2026-06-17 15:02:00,7.0,6.0,2026-06-17 14:34:00,2026-06-17 14:55:00,2026-06-17 15:02:00,2026-06-17 15:03:00,,,Виноградов А. А.,АЗУР эйр,Выдача от 30 до 40 минут
2026-06-17,ЯМ 543 ,73Х,НОВОСИБИРСК(ТОЛМАЧЕВО),12,Y(А08),14:18,921,2026-06-17 14:29:00,2026-06-17 14:29:00,,2026-06-17 14:33:00,2026-06-17 14:38:00,2026-06-17 14:33:00,2026-06-17 14:38:00,2026-06-17 14:39:00,,,2026-06-17 14:44:00,2026-06-17 14:47:00,,0.0,2026-06-17 14:40:00,2026-06-17 14:44:00,,,,,Баташан В. Ю.,Алроса,Выдача до 30 минут
2026-06-17,РГ 194 ,ЦР1,ТАМБОВ,44,Y(А04),14:25,99,2026-06-17 14:49:00,2026-06-17 14:49:00,,2026-06-17 14:38:00,2026-06-17 14:40:00,2026-06-17 14:38:00,2026-06-17 14:40:00,2026-06-17 14:54:00,,1.0,2026-06-17 14:47:00,2026-06-17 14:48:00,,0.0,2026-06-17 14:40:00,2026-06-17 14:45:00,,,,,Фаёзов А. Р.,Руслайн,Некорректно проставлены отметки
2026-06-17,ГЗП 294 ,73В,ТАЛАКАН,Б63,Y(А04),15:20,365,2026-06-17 15:26:00,2026-06-17 15:27:00,,2026-06-17 15:30:00,2026-06-17 15:31:00,2026-06-17 15:30:00,2026-06-17 15:31:00,,,1.0,2026-06-17 16:20:00,2026-06-17 16:21:00,24.0,15.0,2026-06-17 15:45:00,2026-06-17 15:46:00,,,,,Ушаков Г. А.,Газпром авиа,Выдача более 40 минут
2026-06-17,ДР 262 ,73Х,КАЛИНИНГРАД(ХРАБРОВО),48,Y(А07),15:27,520,2026-06-17 15:40:00,2026-06-17 15:40:00,,2026-06-17 15:41:00,2026-06-17 15:46:00,2026-06-17 15:41:00,2026-06-17 15:46:00,2026-06-17 15:47:00,,2.0,2026-06-17 15:51:00,2026-06-17 15:52:00,,0.0,2026-06-17 15:47:00,2026-06-17 15:52:00,,,,,Прохачев И. А.,Победа,Выдача до 30 минут
2026-06-17,ЖГ 926 ,73Х,ТБИЛИСИ(ТБИЛИСИ ИНТЛ.),30,Y(А09),15:30,1956,2026-06-17 15:40:00,2026-06-17 15:43:00,,2026-06-17 15:42:00,2026-06-17 15:56:00,2026-06-17 15:42:00,2026-06-17 15:56:00,2026-06-17 15:57:00,,1.0,2026-06-17 15:52:00,2026-06-17 15:59:00,,0.0,2026-06-17 15:49:00,2026-06-17 15:51:00,2026-06-17 15:56:00,2026-06-17 16:03:00,,,Фартушный А. И.,GEORGIAN AIRWAYS,Выдача до 30 минут
2026-06-17,ФВ 6027 ,СУ9,САНКТ-ПЕТЕРБУРГ(ПУЛКОВО),9,Y(А05),15:53,164,2026-06-17 16:03:00,2026-06-17 16:04:00,,2026-06-17 16:07:00,2026-06-17 16:09:00,2026-06-17 16:07:00,2026-06-17 16:09:00,2026-06-17 16:08:00,1.0,1.0,2026-06-17 16:13:00,2026-06-17 16:14:00,,0.0,2026-06-17 16:11:00,2026-06-17 16:14:00,,,,,Бородин А. В.,Россия,Выдача до 30 минут
2026-06-17,ФВ 6031 ,СУ9,САНКТ-ПЕТЕРБУРГ(ПУЛКОВО),8,Y(А05),15:55,137,2026-06-17 16:06:00,2026-06-17 16:06:00,,2026-06-17 16:10:00,2026-06-17 16:11:00,2026-06-17 16:10:00,2026-06-17 16:11:00,2026-06-17 16:11:00,,,2026-06-17 16:15:00,2026-06-17 16:16:00,,0.0,2026-06-17 16:12:00,2026-06-17 16:15:00,,,,,Острых В. А.,Россия,Выдача до 30 минут
2026-06-17,ДР 170 ,7С8,МИНЕРАЛЬНЫЕ ВОДЫ,47,Y(А06),16:03,686,2026-06-17 16:12:00,2026-06-17 16:14:00,,2026-06-17 16:15:00,2026-06-17 16:19:00,2026-06-17 16:15:00,2026-06-17 16:19:00,2026-06-17 16:21:00,,,2026-06-17 16:26:00,2026-06-17 16:29:00,,0.0,2026-06-17 16:21:00,2026-06-17 16:27:00,,,,,Рустамов М. А.,Победа,Выдача до 30 минут
2026-06-17,В2 979 ,73Х,МИНСК(МИНСК ИНТЛ.),29,Y(А13),16:24,936,2026-06-17 16:37:00,2026-06-17 16:37:00,,2026-06-17 16:40:00,2026-06-17 16:46:00,2026-06-17 16:40:00,2026-06-17 16:46:00,2026-06-17 16:47:00,,,2026-06-17 16:52:00,2026-06-17 16:54:00,,0.0,2026-06-17 16:48:00,2026-06-17 16:54:00,,,,,Прохачев И. А.,Белавиа,Выдача до 30 минут
2026-06-17,А4 7010 ,СУ9,ТБИЛИСИ(ТБИЛИСИ ИНТЛ.),28,Y(А11),16:30,804,2026-06-17 16:41:00,2026-06-17 16:43:00,,2026-06-17 16:45:00,2026-06-17 16:52:00,2026-06-17 16:45:00,2026-06-17 16:52:00,2026-06-17 16:50:00,2.0,2.0,2026-06-17 16:56:00,2026-06-17 16:58:00,,0.0,2026-06-17 16:54:00,2026-06-17 16:57:00,,,,,Королев А. А.,Азимут,Выдача до 30 минут
2026-06-17,ЮТ 576B,73Х,СОЧИ,21,Y(А07),16:36,459,2026-06-17 16:48:00,2026-06-17 16:52:00,1.0,2026-06-17 16:52:00,2026-06-17 16:55:00,2026-06-17 16:52:00,2026-06-17 16:55:00,2026-06-17 16:55:00,,,2026-06-17 17:01:00,2026-06-17 17:04:00,,0.0,2026-06-17 16:57:00,2026-06-17 17:01:00,,,,,Виноградов А. А.,Ютэйр,Выдача до 30 минут
2026-06-17,ФВ 6025 ,СУ9,САНКТ-ПЕТЕРБУРГ(ПУЛКОВО),11,Y(А04),16:39,227,2026-06-17 16:50:00,2026-06-17 16:52:00,,2026-06-17 16:53:00,2026-06-17 16:56:00,2026-06-17 16:53:00,2026-06-17 16:56:00,2026-06-17 16:56:00,,1.0,2026-06-17 17:00:00,2026-06-17 17:01:00,,0.0,2026-06-17 16:56:00,2026-06-17 16:58:00,,,,,Бородин А. В.,Россия,Выдача до 30 минут
2026-06-17,FZ 989 ,7М8,ДУБАЙ(ДУБАЙ ИНТЛ.),26A,Y(А09),17:10,1948,2026-06-17 17:21:00,2026-06-17 17:23:00,,2026-06-17 17:24:00,2026-06-17 17:32:00,2026-06-17 17:26:00,2026-06-17 17:32:00,2026-06-17 17:38:00,,,2026-06-17 17:32:00,2026-06-17 17:40:00,,0.0,2026-06-17 17:30:00,2026-06-17 17:33:00,2026-06-17 17:35:00,2026-06-17 17:40:00,,,"Королёв Е. А., Рустамов М. А.",flydubai,Выдача до 30 минут
2026-06-17,ДР 210 ,73Х,САНКТ-ПЕТЕРБУРГ(ПУЛКОВО),49,Y(А05),17:13,164,2026-06-17 17:19:00,2026-06-17 17:21:00,,2026-06-17 17:22:00,2026-06-17 17:24:00,2026-06-17 17:22:00,2026-06-17 17:24:00,2026-06-17 17:24:00,,1.0,2026-06-17 17:29:00,2026-06-17 17:30:00,,0.0,2026-06-17 17:25:00,2026-06-17 17:29:00,,,,,Фаёзов А. Р.,Победа,Выдача до 30 минут
2026-06-17,PBD 840 ,7С8,АНТАЛЬЯ,48,Y(А12),17:18,1662,2026-06-17 17:26:00,2026-06-17 17:27:00,,2026-06-17 17:30:00,2026-06-17 17:43:00,2026-06-17 17:30:00,2026-06-17 17:43:00,2026-06-17 17:41:00,2.0,2.0,2026-06-17 17:45:00,2026-06-17 17:53:00,,0.0,2026-06-17 17:37:00,2026-06-17 17:44:00,2026-06-17 17:49:00,2026-06-17 17:55:00,,,Михайлов М. С.,Победа,Выдача до 30 минут
2026-06-17,ФВ 6037 ,СУ9,САНКТ-ПЕТЕРБУРГ(ПУЛКОВО),8,Y(А04),17:22,116,2026-06-17 17:32:00,2026-06-17 17:33:00,,2026-06-17 17:35:00,2026-06-17 17:37:00,2026-06-17 17:35:00,2026-06-17 17:37:00,2026-06-17 17:37:00,,1.0,2026-06-17 17:39:00,2026-06-17 17:40:00,,0.0,2026-06-17 17:39:00,2026-06-17 17:40:00,,,,,Андреев А. М.,Россия,Выдача до 30 минут
2026-06-17,ФВ 6175 ,СУ9,САНКТ-ПЕТЕРБУРГ(ПУЛКОВО),9,Y(А04),17:26,162,2026-06-17 17:35:00,2026-06-17 17:35:00,,2026-06-17 17:39:00,2026-06-17 17:40:00,2026-06-17 17:39:00,2026-06-17 17:40:00,2026-06-17 17:40:00,,,2026-06-17 17:43:00,2026-06-17 17:44:00,,0.0,2026-06-17 17:42:00,2026-06-17 17:44:00,,,,,Виноградов А. А.,Россия,Выдача до 30 минут
2026-06-17,ДР 836 ,73Х,ГАЗИПАША,50,Y(А11),17:31,1550,2026-06-17 17:40:00,2026-06-17 17:42:00,,2026-06-17 17:43:00,2026-06-17 17:55:00,2026-06-17 17:43:00,2026-06-17 17:55:00,2026-06-17 17:54:00,1.0,2.0,2026-06-17 17:54:00,2026-06-17 18:03:00,,0.0,2026-06-17 17:50:00,2026-06-17 17:57:00,2026-06-17 17:57:00,2026-06-17 18:01:00,,,Прохачев И. А.,Победа,Выдача до 30 минут
2026-06-17,3F 325 ,320,ЕРЕВАН(ЗВАРТНОЦ ИНТЛ),24,Y(А13),17:58,1622,2026-06-17 18:10:00,2026-06-17 18:11:00,,2026-06-17 18:17:00,2026-06-17 18:30:00,2026-06-17 18:24:00,2026-06-17 18:30:00,2026-06-17 18:25:00,5.0,,2026-06-17 18:25:00,2026-06-17 18:34:00,,0.0,2026-06-17 18:22:00,2026-06-17 18:25:00,2026-06-17 18:28:00,2026-06-17 18:32:00,,,"Позин М. В., Саидов А. С.",FLYONE Armenia,Выдача до 30 минут
2026-06-17,ДР 158B,73Х,КРАСНОДАР(ПАШКОВСКИЙ),46,Y(А06),18:03,506,2026-06-17 18:11:00,2026-06-17 18:13:00,,2026-06-17 18:15:00,2026-06-17 18:19:00,2026-06-17 18:15:00,2026-06-17 18:19:00,2026-06-17 18:18:00,1.0,1.0,2026-06-17 18:26:00,2026-06-17 18:27:00,,0.0,2026-06-17 18:20:00,2026-06-17 18:26:00,,,,,Ушаков Г. А.,Победа,Выдача до 30 минут
2026-06-17,ОП 246 ,СУ9,НОВЫЙ УРЕНГОЙ,Б36,Y(А04),18:18,100,2026-06-17 18:29:00,2026-06-17 18:29:00,,2026-06-17 18:32:00,2026-06-17 18:34:00,2026-06-17 18:32:00,2026-06-17 18:34:00,2026-06-17 18:34:00,,1.0,2026-06-17 18:50:00,2026-06-17 18:51:00,,0.0,2026-06-17 18:34:00,2026-06-17 18:51:00,,,,,Фаёзов А. Р.,Якутия,Выдача до 30 минут
2026-06-17,TK 415 ,321,СТАМБУЛ(СТАМБУЛ НЬЮ),22,Y(А10),18:27,2756,2026-06-17 18:40:00,2026-06-17 18:40:00,,2026-06-17 18:43:00,2026-06-17 18:59:00,2026-06-17 18:43:00,2026-06-17 18:59:00,2026-06-17 19:02:00,,,2026-06-17 18:52:00,2026-06-17 18:58:00,,0.0,2026-06-17 18:43:00,2026-06-17 18:52:00,2026-06-17 18:51:00,2026-06-17 19:05:00,,,Андреев А. М.,Turkish Airlines,Выдача до 30 минут
2026-06-17,ДР 208 ,73Х,САНКТ-ПЕТЕРБУРГ(ПУЛКОВО),47,Y(А05),18:32,175,2026-06-17 18:43:00,2026-06-17 18:43:00,,2026-06-17 18:44:00,2026-06-17 18:50:00,2026-06-17 18:44:00,2026-06-17 18:50:00,2026-06-17 18:48:00,2.0,5.0,2026-06-17 18:53:00,2026-06-17 18:54:00,,0.0,2026-06-17 18:48:00,2026-06-17 18:54:00,,,,,Баташан В. Ю.,Победа,Выдача до 30 минут
2026-06-17,УР 514 ,75В,БОДРУМ(МИЛАС),18,Y(А12),18:54,951,2026-06-17 19:02:00,2026-06-17 19:04:00,,2026-06-17 19:06:00,2026-06-17 19:12:00,2026-06-17 19:06:00,2026-06-17 19:12:00,2026-06-17 19:12:00,,,2026-06-17 19:19:00,2026-06-17 19:22:00,,0.0,2026-06-17 19:13:00,2026-06-17 19:18:00,,,,,Гафуров О. Ф.,FLYONE Armenia,Выдача до 30 минут
2026-06-17,PBD 736 ,73Х,ГАЗИПАША,49,Y(А11),19:03,1354,2026-06-17 19:13:00,2026-06-17 19:15:00,,2026-06-17 19:15:00,2026-06-17 19:24:00,2026-06-17 19:15:00,2026-06-17 19:24:00,2026-06-17 19:26:00,,,2026-06-17 19:26:00,2026-06-17 19:39:00,,0.0,2026-06-17 19:22:00,2026-06-17 19:26:00,2026-06-17 19:37:00,2026-06-17 19:42:00,,,Королев А. А.,Победа,Выдача до 30 минут
2026-06-17,ФВ 6179 ,СУ9,САНКТ-ПЕТЕРБУРГ(ПУЛКОВО),8,Y(А04),19:07,248,2026-06-17 19:15:00,2026-06-17 19:18:00,,2026-06-17 19:19:00,2026-06-17 19:23:00,2026-06-17 19:19:00,2026-06-17 19:23:00,2026-06-17 19:21:00,2.0,2.0,2026-06-17 19:26:00,2026-06-17 19:28:00,,0.0,2026-06-17 19:24:00,2026-06-17 19:27:00,,,,,Федоров Н. В.,Россия,Выдача до 30 минут
2026-06-17,ФВ 6177 ,СУ9,САНКТ-ПЕТЕРБУРГ(ПУЛКОВО),9,Y(А04),19:11,193,2026-06-17 19:24:00,2026-06-17 19:24:00,,2026-06-17 19:27:00,2026-06-17 19:30:00,2026-06-17 19:27:00,2026-06-17 19:30:00,2026-06-17 19:29:00,1.0,2.0,2026-06-17 19:33:00,2026-06-17 19:34:00,,0.0,2026-06-17 19:31:00,2026-06-17 19:33:00,,,,,Аганин А. А.,Россия,Выдача до 30 минут
2026-06-17,ДР 424 ,73Х,САМАРА(КУРУМОЧ),48,Y(А08),19:14,284,2026-06-17 19:21:00,2026-06-17 19:21:00,,2026-06-17 19:24:00,2026-06-17 19:26:00,2026-06-17 19:24:00,2026-06-17 19:26:00,2026-06-17 19:27:00,,,2026-06-17 19:32:00,2026-06-17 19:33:00,,0.0,2026-06-17 19:27:00,2026-06-17 19:32:00,,,,,Поляков К. Н.,Победа,Выдача до 30 минут
2026-06-17,ЯК 788 ,73Х,НЕРЮНГРИ(ЧУЛЬМАН),58,Y(А07),19:24,759,2026-06-17 19:39:00,2026-06-17 19:41:00,,2026-06-17 19:41:00,2026-06-17 19:48:00,2026-06-17 19:41:00,2026-06-17 19:48:00,2026-06-17 19:48:00,,2.0,2026-06-17 19:56:00,2026-06-17 19:58:00,,0.0,2026-06-17 19:50:00,2026-06-17 19:56:00,,,,,Корнилов Н. А.,Якутия,Выдача до 30 минут
2026-06-17,ДР 856 ,73Х,ГЮМРИ(ШИРАК),47,Y(А13),20:15,1428,2026-06-17 20:23:00,2026-06-17 20:25:00,,2026-06-17 20:26:00,2026-06-17 20:36:00,2026-06-17 20:26:00,2026-06-17 20:36:00,2026-06-17 20:37:00,,,2026-06-17 20:37:00,2026-06-17 20:52:00,,0.0,2026-06-17 20:36:00,2026-06-17 20:41:00,2026-06-17 20:49:00,2026-06-17 20:52:00,,,Фаёзов А. Р.,Победа,Выдача до 30 минут
2026-06-17,ЮТ 596 ,73Е,УСИНСК,16,Y(А05),20:17,650,2026-06-17 20:24:00,2026-06-17 20:28:00,1.0,2026-06-17 20:27:00,2026-06-17 20:52:00,2026-06-17 20:27:00,2026-06-17 20:52:00,2026-06-17 20:32:00,20.0,21.0,2026-06-17 20:57:00,2026-06-17 21:00:00,13.0,6.0,2026-06-17 20:53:00,2026-06-17 20:57:00,,,,,Андреев А. М.,Ютэйр,Выдача от 30 до 40 минут
2026-06-17,ДР 206 ,73Х,САНКТ-ПЕТЕРБУРГ(ПУЛКОВО),46,Y(А04),20:20,205,2026-06-17 20:27:00,2026-06-17 20:27:00,,2026-06-17 20:29:00,2026-06-17 20:31:00,2026-06-17 20:29:00,2026-06-17 20:31:00,2026-06-17 20:32:00,,1.0,2026-06-17 20:38:00,2026-06-17 20:39:00,,0.0,2026-06-17 20:32:00,2026-06-17 20:38:00,,,,,Королев А. А.,Победа,Выдача до 30 минут
2026-06-17,ФВ 6181 ,СУ9,САНКТ-ПЕТЕРБУРГ(ПУЛКОВО),9,Y(А04),20:25,40,2026-06-17 20:38:00,2026-06-17 20:39:00,,2026-06-17 20:40:00,2026-06-17 20:41:00,2026-06-17 20:40:00,2026-06-17 20:41:00,2026-06-17 20:42:00,,1.0,2026-06-17 20:45:00,2026-06-17 20:46:00,,0.0,2026-06-17 20:43:00,2026-06-17 20:45:00,,,,,Чеканов В. А.,Россия,Выдача до 30 минут
2026-06-17,ХИ 613 ,763,ТАШКЕНТ(ТАШКЕНТ ИНТЛ.),23,Y(А09),20:28,2779,2026-06-17 20:41:00,2026-06-17 20:43:00,,2026-06-17 20:43:00,2026-06-17 20:56:00,2026-06-17 20:45:00,2026-06-17 20:56:00,2026-06-17 21:04:00,,,2026-06-17 20:49:00,2026-06-17 21:02:00,,0.0,2026-06-17 20:45:00,2026-06-17 20:56:00,2026-06-17 20:56:00,2026-06-17 21:01:00,,,"Минченко А. И., Федоров Н. В.",UZBEKISTAN AIRWAYS,Выдача до 30 минут
2026-06-17,ЮТ 296 ,73Х,СУРГУТ,12,Y(А06),20:31,600,2026-06-17 20:40:00,2026-06-17 20:42:00,,2026-06-17 20:42:00,2026-06-17 20:47:00,2026-06-17 20:42:00,2026-06-17 20:47:00,2026-06-17 20:48:00,,1.0,2026-06-17 20:52:00,2026-06-17 20:54:00,,0.0,2026-06-17 20:49:00,2026-06-17 20:53:00,,,,,"Поляков К. Н., Скулов Е. С.",Ютэйр,Выдача до 30 минут
2026-06-17,AZO 7054 ,СУ9,БАТУМИ,28,Y(А11),20:35,1005,2026-06-17 20:44:00,2026-06-17 20:46:00,,2026-06-17 20:47:00,2026-06-17 21:04:00,2026-06-17 20:47:00,2026-06-17 21:04:00,2026-06-17 20:55:00,9.0,10.0,2026-06-17 21:09:00,2026-06-17 21:13:00,5.0,0.0,2026-06-17 21:06:00,2026-06-17 21:09:00,,,,,Шодманов А. А.,GEORGIAN AIRWAYS,Выдача до 30 минут
2026-06-17,ДР 158 ,7С8,КРАСНОДАР(ПАШКОВСКИЙ),48,Y(А07),20:38,525,2026-06-17 20:47:00,2026-06-17 20:49:00,,2026-06-17 20:50:00,2026-06-17 20:54:00,2026-06-17 20:50:00,2026-06-17 20:54:00,2026-06-17 20:55:00,,,2026-06-17 21:02:00,2026-06-17 21:04:00,,0.0,2026-06-17 20:58:00,2026-06-17 21:03:00,,,,,Кутейников А. В.,Победа,Выдача до 30 минут
2026-06-17,DV 815 ,7М8,АЛМАТЫ(АЛМАТЫ ИНТЛ.),20,Y(А13),20:43,1339,2026-06-17 20:52:00,2026-06-17 20:53:00,,2026-06-17 20:54:00,2026-06-17 21:04:00,2026-06-17 20:55:00,2026-06-17 21:04:00,2026-06-17 21:05:00,,,2026-06-17 21:05:00,2026-06-17 21:15:00,,0.0,2026-06-17 21:02:00,2026-06-17 21:06:00,2026-06-17 21:11:00,2026-06-17 21:15:00,,,"Аганин А. А., Михайлов М. С.",SCAT Airlines,Выдача до 30 минут
2026-06-17,ЮТ 464 ,73Х,ТЮМЕНЬ(РОЩИНО),13,Y(А08),20:58,674,2026-06-17 21:07:00,2026-06-17 21:08:00,,2026-06-17 21:10:00,2026-06-17 21:16:00,2026-06-17 21:10:00,2026-06-17 21:16:00,2026-06-17 21:15:00,1.0,2.0,2026-06-17 21:22:00,2026-06-17 21:23:00,,0.0,2026-06-17 21:18:00,2026-06-17 21:22:00,,,,,Ушаков М. В.,Ютэйр,Выдача до 30 минут
2026-06-17,ЮТ 180 ,73Е,УХТА,14,Y(А06),21:15,638,2026-06-17 21:24:00,2026-06-17 21:25:00,,2026-06-17 21:27:00,2026-06-17 21:33:00,2026-06-17 21:27:00,2026-06-17 21:33:00,2026-06-17 21:32:00,1.0,2.0,2026-06-17 21:39:00,2026-06-17 21:42:00,,0.0,2026-06-17 21:35:00,2026-06-17 21:39:00,,,,,Шодманов А. А.,Ютэйр,Выдача до 30 минут
2026-06-17,ФВ 6169 ,СУ9,САНКТ-ПЕТЕРБУРГ(ПУЛКОВО),10,Y(А04),21:41,122,-1,,,2026-06-17 21:55:00,2026-06-17 21:58:00,2026-06-17 21:55:00,2026-06-17 21:58:00,,,2.0,2026-06-17 22:00:00,2026-06-17 22:01:00,,0.0,2026-06-17 21:58:00,2026-06-17 22:01:00,,,,,Королев А. А.,Россия,Некорректно проставлены отметки
2026-06-17,ФВ 6183 ,СУ9,САНКТ-ПЕТЕРБУРГ(ПУЛКОВО),8,Y(А04),21:47,125,2026-06-17 21:58:00,2026-06-17 21:58:00,,2026-06-17 22:00:00,2026-06-17 22:04:00,2026-06-17 22:00:00,2026-06-17 22:04:00,2026-06-17 22:03:00,1.0,3.0,2026-06-17 22:06:00,2026-06-17 22:07:00,,0.0,2026-06-17 22:03:00,2026-06-17 22:06:00,,,,,Шодманов А. А.,Россия,Выдача до 30 минут
2026-06-17,BJ 804 ,320,МОНАСТИР(ХАБИБ БУРДЖИБА ИНТ),26,Y(А10),21:50,2520,2026-06-17 22:00:00,2026-06-17 22:02:00,,2026-06-17 22:03:00,2026-06-17 22:18:00,2026-06-17 22:03:00,2026-06-17 22:18:00,2026-06-17 22:21:00,,,2026-06-17 22:11:00,2026-06-17 22:23:00,,0.0,2026-06-17 22:08:00,2026-06-17 22:12:00,2026-06-17 22:19:00,2026-06-17 22:24:00,,,"Корнилов Н. А., Фартушный А. И.",Nouvelair Tunisie,Выдача до 30 минут
2026-06-17,ДР 160 ,73Х,КРАСНОДАР(ПАШКОВСКИЙ),47,Y(А05),21:53,700,2026-06-17 22:04:00,2026-06-17 22:07:00,,2026-06-17 22:07:00,2026-06-17 22:13:00,2026-06-17 22:07:00,2026-06-17 22:13:00,2026-06-17 22:13:00,,1.0,2026-06-17 22:20:00,2026-06-17 22:21:00,,0.0,2026-06-17 22:14:00,2026-06-17 22:22:00,,,,,Федоров Н. В.,Победа,Выдача до 30 минут
2026-06-17,ДР 738 ,73Х,СТАМБУЛ(СТАМБУЛ НЬЮ),49,Y(А12),21:58,1357,2026-06-17 22:05:00,2026-06-17 22:07:00,,2026-06-17 22:08:00,2026-06-17 22:15:00,2026-06-17 22:08:00,2026-06-17 22:15:00,2026-06-17 22:18:00,,,2026-06-17 22:21:00,2026-06-17 22:35:00,,0.0,2026-06-17 22:12:00,2026-06-17 22:20:00,2026-06-17 22:27:00,2026-06-17 22:35:00,,,"Коваленко О. И., Саидов А. С.",Победа,Выдача до 30 минут
2026-06-17,ФВ 6185 ,319,САНКТ-ПЕТЕРБУРГ(ПУЛКОВО),9,Y(А04),22:12,167,2026-06-17 22:22:00,2026-06-17 22:23:00,,2026-06-17 22:26:00,2026-06-17 22:29:00,2026-06-17 22:26:00,2026-06-17 22:29:00,2026-06-17 22:27:00,2.0,2.0,2026-06-17 22:32:00,2026-06-17 22:33:00,,0.0,2026-06-17 22:29:00,2026-06-17 22:32:00,,,,,Королев А. А.,Россия,Выдача до 30 минут
2026-06-17,ДР 194 ,73Х,НАЛЬЧИК,44,Y(А06),22:20,715,2026-06-17 22:27:00,2026-06-17 22:30:00,,2026-06-17 22:31:00,2026-06-17 22:39:00,2026-06-17 22:31:00,2026-06-17 22:39:00,2026-06-17 22:36:00,3.0,3.0,2026-06-17 22:44:00,2026-06-17 22:48:00,,0.0,2026-06-17 22:39:00,2026-06-17 22:45:00,,,,,Чеканов В. А.,Победа,Выдача до 30 минут
2026-06-17,J2 805 ,763,БАКУ(ИМ. ГЕЙДАРА АЛИЕВА),22,Y(А12),22:25,1622,2026-06-17 22:35:00,2026-06-17 22:35:00,,2026-06-17 22:38:00,2026-06-17 22:51:00,2026-06-17 22:38:00,2026-06-17 22:51:00,2026-06-17 22:50:00,1.0,2.0,2026-06-17 22:59:00,2026-06-17 23:02:00,4.0,0.0,2026-06-17 22:38:00,2026-06-17 22:58:00,,,,,Гафуров О. Ф.,AZAL,Выдача до 30 минут
2026-06-17,AZV 3010 ,75В,АНТАЛЬЯ,5,Y(А10),22:31,2184,2026-06-17 22:45:00,2026-06-17 22:46:00,,2026-06-17 22:49:00,2026-06-17 23:07:00,2026-06-17 22:49:00,2026-06-17 23:07:00,2026-06-17 23:04:00,3.0,3.0,2026-06-17 23:00:00,2026-06-17 23:11:00,,0.0,2026-06-17 22:57:00,2026-06-17 23:00:00,2026-06-17 23:07:00,2026-06-17 23:11:00,,,Скулов Е. С.,АЗУР эйр,Выдача до 30 минут
2026-06-17,NE 606 ,320,ХУРГАДА(ХУРГАДА ИНТЛ.),21,Y(А11),22:42,1655,2026-06-17 22:53:00,2026-06-17 22:55:00,,2026-06-17 22:57:00,2026-06-17 23:10:00,2026-06-17 22:57:00,2026-06-17 23:10:00,2026-06-17 23:08:00,2.0,2.0,2026-06-17 23:09:00,2026-06-17 23:19:00,,0.0,2026-06-17 23:03:00,2026-06-17 23:09:00,2026-06-17 23:14:00,2026-06-17 23:19:00,,,Соболь М. Ф.,Nesma Airlines,Выдача до 30 минут
2026-06-17,ДР 968 ,73Х,МИНСК(МИНСК ИНТЛ.),48,Y(А13),22:45,335,2026-06-17 22:52:00,2026-06-17 22:54:00,,2026-06-17 22:55:00,2026-06-17 22:59:00,2026-06-17 22:55:00,2026-06-17 22:59:00,2026-06-17 22:58:00,1.0,2.0,2026-06-17 23:05:00,2026-06-17 23:07:00,,0.0,2026-06-17 23:03:00,2026-06-17 23:05:00,,,,,Коваленко О. И.,Победа,Выдача до 30 минут
2026-06-17,TK 411 ,333,СТАМБУЛ(СТАМБУЛ НЬЮ),23,Y(А09),22:49,5033,2026-06-17 23:05:00,2026-06-17 23:09:00,1.0,2026-06-17 23:07:00,2026-06-17 23:28:00,2026-06-17 23:07:00,2026-06-17 23:28:00,2026-06-17 23:43:00,,,2026-06-17 23:22:00,2026-06-17 23:33:00,,0.0,2026-06-17 23:08:00,2026-06-17 23:28:00,2026-06-17 23:27:00,2026-06-17 23:33:00,2026-06-17 23:30:00,2026-06-17 23:34:00,"Андреев А. М., Корнилов Н. А.",Turkish Airlines,Выдача до 30 минут
2026-06-17,DV 813 ,738,АСТАНА(НУРСУЛТАН НАЗАРБАЕВ),20,Y(А13),22:55,629,2026-06-17 23:06:00,2026-06-17 23:07:00,,2026-06-17 23:10:00,2026-06-17 23:15:00,2026-06-17 23:10:00,2026-06-17 23:15:00,2026-06-17 23:14:00,1.0,1.0,2026-06-17 23:22:00,2026-06-17 23:23:00,,0.0,2026-06-17 23:17:00,2026-06-17 23:22:00,,,,,Фаёзов А. Р.,SCAT Airlines,Выдача до 30 минут
2026-06-17,PC 1580 ,32Н,АНТАЛЬЯ,18,Y(А10),23:04,2387,2026-06-17 23:11:00,2026-06-17 23:15:00,1.0,2026-06-17 23:15:00,2026-06-17 23:30:00,2026-06-17 23:16:00,2026-06-17 23:30:00,2026-06-17 23:31:00,,,2026-06-17 23:29:00,2026-06-17 23:38:00,,0.0,2026-06-17 23:25:00,2026-06-17 23:29:00,2026-06-17 23:34:00,2026-06-17 23:38:00,,,"Поляков К. Н., Чеканов В. А.",Pegasus,Выдача до 30 минут
2026-06-17,ФВ 6187 ,СУ9,САНКТ-ПЕТЕРБУРГ(ПУЛКОВО),8,Y(А04),23:10,201,2026-06-17 23:20:00,2026-06-17 23:22:00,,2026-06-17 23:22:00,2026-06-17 23:24:00,2026-06-17 23:22:00,2026-06-17 23:24:00,2026-06-17 23:25:00,,1.0,2026-06-17 23:27:00,2026-06-17 23:28:00,,0.0,2026-06-17 23:32:00,2026-06-17 23:33:00,,,,,Ушаков М. В.,Россия,Выдача до 30 минут
2026-06-17,ДР 1738 ,7С8,СТАМБУЛ(СТАМБУЛ НЬЮ),47,Y(А11),23:13,1213,2026-06-17 23:19:00,2026-06-17 23:22:00,,2026-06-17 23:21:00,2026-06-17 23:34:00,2026-06-17 23:22:00,2026-06-17 23:34:00,2026-06-17 23:31:00,3.0,4.0,2026-06-17 23:34:00,2026-06-17 23:48:00,,0.0,2026-06-17 23:29:00,2026-06-17 23:34:00,2026-06-17 23:40:00,2026-06-17 23:47:00,,,"Кутейников А. В., Фартушный А. И.",Победа,Выдача до 30 минут
2026-06-17,ДР 486 ,73Х,УЛЬЯНОВСК(БАРАТАЕВКА),49,Y(А05),23:16,257,2026-06-17 23:25:00,2026-06-17 23:25:00,,2026-06-17 23:28:00,2026-06-17 23:31:00,2026-06-17 23:28:00,2026-06-17 23:31:00,2026-06-17 23:31:00,,1.0,2026-06-17 23:37:00,2026-06-17 23:38:00,,0.0,2026-06-17 23:33:00,2026-06-17 23:37:00,,,,,Скулов Е. С.,Победа,Выдача до 30 минут
2026-06-17,J2 809 ,76В,БАКУ(ИМ. ГЕЙДАРА АЛИЕВА),19,Y(А12),23:34,1265,2026-06-17 23:45:00,2026-06-17 23:48:00,,2026-06-17 23:53:00,2026-06-18 00:00:00,2026-06-17 23:53:00,2026-06-18 00:00:00,2026-06-17 23:57:00,3.0,,2026-06-18 00:05:00,2026-06-18 00:08:00,,0.0,2026-06-17 23:53:00,2026-06-18 00:06:00,,,,,Михайлов М. С.,AZAL,Выдача до 30 минут
2026-06-17,TK 211 ,321,АНТАЛЬЯ,30,Y(А09),23:37,1869,2026-06-17 23:49:00,2026-06-17 23:50:00,,2026-06-17 23:51:00,2026-06-18 00:03:00,2026-06-17 23:51:00,2026-06-18 00:03:00,2026-06-18 00:05:00,,,2026-06-17 23:58:00,2026-06-18 00:06:00,,0.0,2026-06-17 23:56:00,2026-06-18 00:13:00,,,,,Шодманов А. А.,Turkish Airlines,Выдача до 30 минут
2026-06-18,ДР 190 ,73Х,МАХАЧКАЛА,47,Y(А05),00:19,315,2026-06-18 00:29:00,2026-06-18 00:31:00,,2026-06-18 00:29:00,2026-06-18 00:32:00,2026-06-18 00:30:00,2026-06-18 00:32:00,2026-06-18 00:35:00,,,2026-06-18 00:40:00,2026-06-18 00:42:00,,0.0,2026-06-18 00:35:00,2026-06-18 00:40:00,,,,,"Минченко А. И., Саидов А. С.",Победа,Выдача до 30 минут
2026-06-18,TK 3060 ,32Б,АНТАЛЬЯ,21,Y(А13),00:24,2473,2026-06-18 00:35:00,2026-06-18 00:36:00,,2026-06-18 00:38:00,2026-06-18 00:54:00,2026-06-18 00:38:00,2026-06-18 00:54:00,2026-06-18 00:55:00,,,2026-06-18 00:53:00,2026-06-18 01:00:00,,0.0,2026-06-18 00:45:00,2026-06-18 00:54:00,2026-06-18 00:59:00,2026-06-18 01:00:00,,,Аганин А. А.,Turkish Airlines,Выдача до 30 минут
2026-06-18,TK 3178 ,321,ДАЛАМАН,29,Y(А09),00:27,2240,2026-06-18 00:38:00,2026-06-18 00:38:00,,2026-06-18 00:38:00,2026-06-18 00:44:00,2026-06-18 00:38:00,2026-06-18 00:44:00,2026-06-18 00:57:00,,,2026-06-18 00:44:00,2026-06-18 00:49:00,,0.0,2026-06-18 00:45:00,2026-06-18 00:52:00,,,,,Королев А. А.,Turkish Airlines,Выдача до 30 минут
2026-06-18,ЮТ 374 ,73Х,МИНЕРАЛЬНЫЕ ВОДЫ,12,Y(А06),00:31,721,2026-06-18 00:43:00,2026-06-18 00:45:00,,2026-06-18 00:45:00,2026-06-18 00:50:00,2026-06-18 00:45:00,2026-06-18 00:50:00,2026-06-18 00:52:00,,,2026-06-18 00:57:00,2026-06-18 01:00:00,,0.0,2026-06-18 00:52:00,2026-06-18 00:57:00,,,,,Соболь М. Ф.,Ютэйр,Выдача до 30 минут
2026-06-18,TK 409 ,321,СТАМБУЛ(СТАМБУЛ НЬЮ),25,Y(А10),00:36,3103,2026-06-18 00:50:00,2026-06-18 00:53:00,,2026-06-18 00:55:00,2026-06-18 01:17:00,2026-06-18 00:55:00,2026-06-18 01:17:00,2026-06-18 01:15:00,2.0,1.0,2026-06-18 01:06:00,2026-06-18 01:11:00,,0.0,2026-06-18 01:02:00,2026-06-18 01:06:00,2026-06-18 01:11:00,2026-06-18 01:26:00,,,Гафуров О. Ф.,Turkish Airlines,Выдача до 30 минут
2026-06-18,PC 1576 ,32Щ,АНТАЛЬЯ,36,Y(А10),00:40,2798,2026-06-18 00:52:00,2026-06-18 00:56:00,1.0,2026-06-18 00:55:00,2026-06-18 01:13:00,2026-06-18 00:55:00,2026-06-18 01:13:00,2026-06-18 01:15:00,,,2026-06-18 01:07:00,2026-06-18 01:25:00,,3.0,2026-06-18 01:02:00,2026-06-18 01:08:00,2026-06-18 01:21:00,2026-06-18 01:28:00,,,"Кутейников А. В., Фаёзов А. Р.",Pegasus,Выдача от 30 до 40 минут
2026-06-18,TK 3002 ,321,АНТАЛЬЯ,24,Y(А10),00:42,2300,2026-06-18 00:54:00,2026-06-18 00:56:00,,2026-06-18 00:58:00,2026-06-18 01:09:00,2026-06-18 00:58:00,2026-06-18 01:09:00,2026-06-18 01:13:00,,,2026-06-18 01:05:00,2026-06-18 01:17:00,,0.0,2026-06-18 01:03:00,2026-06-18 01:17:00,,,,,Коваленко О. И.,Turkish Airlines,Выдача до 30 минут
2026-06-18,ДР 264 ,73Х,КАЛИНИНГРАД(ХРАБРОВО),48,Y(А07),00:47,330,2026-06-18 00:54:00,2026-06-18 00:58:00,1.0,2026-06-18 00:57:00,2026-06-18 01:00:00,2026-06-18 00:57:00,2026-06-18 01:00:00,2026-06-18 01:00:00,,1.0,2026-06-18 01:07:00,2026-06-18 01:09:00,,0.0,2026-06-18 01:01:00,2026-06-18 01:07:00,,,,,Фартушный А. И.,Победа,Выдача до 30 минут
2026-06-18,ДР 1168 ,7С8,МИНЕРАЛЬНЫЕ ВОДЫ,50,Y(А08),00:49,669,2026-06-18 00:57:00,2026-06-18 00:58:00,,2026-06-18 00:59:00,2026-06-18 01:06:00,2026-06-18 00:59:00,2026-06-18 01:06:00,2026-06-18 01:05:00,1.0,3.0,2026-06-18 01:14:00,2026-06-18 01:17:00,,0.0,2026-06-18 01:08:00,2026-06-18 01:12:00,,,,,Баташан В. Ю.,Победа,Выдача до 30 минут
2026-06-18,ЮТ 784 ,73Х,АНТАЛЬЯ,11,Y(А10),00:52,1939,-1,,,2026-06-18 01:02:00,2026-06-18 01:18:00,2026-06-18 01:02:00,2026-06-18 01:18:00,,,3.0,2026-06-18 01:17:00,2026-06-18 01:24:00,,0.0,2026-06-18 01:14:00,2026-06-18 01:17:00,2026-06-18 01:22:00,2026-06-18 01:25:00,,,"Поляков К. Н., Федоров Н. В.",Ютэйр,Некорректно проставлены отметки
2026-06-18,TK 217 ,32Б,АНТАЛЬЯ,20,Y(А09),00:59,2663,2026-06-18 01:15:00,2026-06-18 01:16:00,,2026-06-18 01:18:00,2026-06-18 01:35:00,2026-06-18 01:18:00,2026-06-18 01:35:00,2026-06-18 01:37:00,,,2026-06-18 01:33:00,2026-06-18 01:41:00,,0.0,2026-06-18 01:25:00,2026-06-18 01:32:00,2026-06-18 01:29:00,2026-06-18 01:40:00,,,Ушаков М. В.,Turkish Airlines,Выдача до 30 минут
2026-06-18,TK 3084 ,321,ДАЛАМАН,22,Y(А11),01:01,1966,2026-06-18 01:16:00,2026-06-18 01:20:00,1.0,2026-06-18 01:20:00,2026-06-18 01:32:00,2026-06-18 01:20:00,2026-06-18 01:32:00,2026-06-18 01:33:00,,,2026-06-18 01:34:00,2026-06-18 01:41:00,,0.0,2026-06-18 01:34:00,2026-06-18 01:44:00,,,,,Скулов Е. С.,Turkish Airlines,Выдача до 30 минут
2026-06-18,VF 275 ,73Х,СТАМБУЛ(САБИХА ГОКЦЕН),31,Y(А09),01:04,2282,2026-06-18 01:16:00,2026-06-18 01:18:00,,2026-06-18 01:19:00,2026-06-18 01:35:00,2026-06-18 01:19:00,2026-06-18 01:35:00,2026-06-18 01:35:00,,1.0,2026-06-18 01:28:00,2026-06-18 01:42:00,,0.0,2026-06-18 01:24:00,2026-06-18 01:28:00,2026-06-18 01:38:00,2026-06-18 01:42:00,,,Минченко А. И.,AJET,Выдача до 30 минут
2026-06-18,TK 3014 ,321,АНТАЛЬЯ,18,Y(А09),01:06,3041,2026-06-18 01:20:00,2026-06-18 01:24:00,1.0,2026-06-18 01:25:00,2026-06-18 01:48:00,2026-06-18 01:25:00,2026-06-18 01:48:00,2026-06-18 01:44:00,4.0,3.0,2026-06-18 01:46:00,2026-06-18 01:55:00,6.0,5.0,2026-06-18 01:35:00,2026-06-18 01:47:00,2026-06-18 01:40:00,2026-06-18 01:55:00,,,Михайлов М. С.,Turkish Airlines,Выдача от 30 до 40 минут
2026-06-18,ЮТ 746B,73Х,БАКУ(ИМ. ГЕЙДАРА АЛИЕВА),46,Y(А12),01:10,1350,2026-06-18 01:18:00,2026-06-18 01:19:00,,2026-06-18 01:23:00,2026-06-18 01:33:00,2026-06-18 01:24:00,2026-06-18 01:33:00,2026-06-18 01:31:00,2.0,,2026-06-18 01:42:00,2026-06-18 01:45:00,,0.0,2026-06-18 01:34:00,2026-06-18 01:42:00,2026-06-18 01:42:00,2026-06-18 01:43:00,,,"Андреев А. М., Фартушный А. И.",Ютэйр,Выдача до 30 минут
2026-06-18,ЮТ 810B,73Х,САМАРКАНД(САМАРКАНД ИНТЛ.),51,Y(А12),01:13,786,2026-06-18 01:22:00,2026-06-18 01:29:00,4.0,2026-06-18 01:31:00,2026-06-18 01:37:00,2026-06-18 01:31:00,2026-06-18 01:37:00,2026-06-18 01:31:00,6.0,1.0,2026-06-18 01:45:00,2026-06-18 01:47:00,,0.0,2026-06-18 01:39:00,2026-06-18 01:45:00,,,,,Корнилов Н. А.,Ютэйр,Выдача до 30 минут
2026-06-18,ЮТ 576 ,734,КРАСНОДАР(ПАШКОВСКИЙ),13,Y(А05),01:19,717,2026-06-18 01:28:00,2026-06-18 01:30:00,,2026-06-18 01:31:00,2026-06-18 01:34:00,2026-06-18 01:31:00,2026-06-18 01:34:00,2026-06-18 01:37:00,,,2026-06-18 01:43:00,2026-06-18 01:44:00,,0.0,2026-06-18 01:37:00,2026-06-18 01:46:00,,,,,Саидов А. С.,Ютэйр,Выдача до 30 минут
2026-06-18,TK 3036 ,321,АНТАЛЬЯ,23,Y(А10),01:21,2887,2026-06-18 01:38:00,2026-06-18 01:40:00,,2026-06-18 01:40:00,2026-06-18 01:54:00,2026-06-18 01:40:00,2026-06-18 01:54:00,2026-06-18 02:01:00,,,2026-06-18 01:52:00,2026-06-18 02:03:00,,0.0,2026-06-18 01:47:00,2026-06-18 01:52:00,2026-06-18 01:55:00,2026-06-18 02:03:00,,,Шодманов А. А.,Turkish Airlines,Выдача до 30 минут
2026-06-18,PC 1521 ,32Н,ИЗМИР(АДНАН МЕНДЕРЕС),37,Y(А13),01:24,2060,2026-06-18 01:32:00,2026-06-18 01:35:00,,2026-06-18 01:37:00,2026-06-18 01:54:00,2026-06-18 01:37:00,2026-06-18 01:54:00,2026-06-18 01:50:00,4.0,3.0,2026-06-18 01:51:00,2026-06-18 02:07:00,,5.0,2026-06-18 01:46:00,2026-06-18 01:53:00,2026-06-18 02:01:00,2026-06-18 02:08:00,,,Кутейников А. В.,Pegasus,Выдача от 30 до 40 минут
2026-06-18,ХИ 605 ,320,САМАРКАНД(САМАРКАНД ИНТЛ.),26,Y(А10),01:27,1284,2026-06-18 01:38:00,2026-06-18 01:39:00,,2026-06-18 01:41:00,2026-06-18 01:50:00,2026-06-18 01:41:00,2026-06-18 01:50:00,2026-06-18 01:51:00,,,2026-06-18 01:50:00,2026-06-18 01:58:00,,0.0,2026-06-18 01:50:00,2026-06-18 01:51:00,2026-06-18 01:54:00,2026-06-18 02:00:00,,,Баташан В. Ю.,UZBEKISTAN AIRWAYS,Выдача до 30 минут
2026-06-18,ФВ 6161 ,СУ9,САНКТ-ПЕТЕРБУРГ(ПУЛКОВО),9,Y(А04),01:37,150,2026-06-18 01:47:00,2026-06-18 01:47:00,,2026-06-18 01:51:00,2026-06-18 01:52:00,2026-06-18 01:51:00,2026-06-18 01:52:00,2026-06-18 01:52:00,,,2026-06-18 01:59:00,2026-06-18 02:00:00,,0.0,2026-06-18 01:54:00,2026-06-18 01:58:00,,,,,Чеканов В. А.,Россия,Выдача до 30 минут
2026-06-18,ХИ 9627A,32Н,ФЕРГАНА(ФЕРГАНА ИНТЛ.),32A,Y(А09),01:42,2031,2026-06-18 01:54:00,2026-06-18 02:00:00,3.0,2026-06-18 02:02:00,2026-06-18 02:13:00,2026-06-18 02:02:00,2026-06-18 02:13:00,2026-06-18 02:12:00,1.0,,2026-06-18 02:13:00,2026-06-18 02:22:00,,0.0,2026-06-18 02:08:00,2026-06-18 02:14:00,2026-06-18 02:17:00,2026-06-18 02:22:00,,,Поляков К. Н.,UZBEKISTAN AIRWAYS,Выдача до 30 минут
2026-06-18,TK 3154 ,32Б,БОДРУМ(МИЛАС),27,Y(А10),01:47,2192,2026-06-18 02:00:00,2026-06-18 02:04:00,1.0,2026-06-18 02:05:00,2026-06-18 02:15:00,2026-06-18 02:05:00,2026-06-18 02:15:00,2026-06-18 02:19:00,,,2026-06-18 02:18:00,2026-06-18 02:22:00,,0.0,2026-06-18 02:17:00,2026-06-18 02:21:00,,,,,Королев А. А.,Turkish Airlines,Выдача до 30 минут
2026-06-18,TK 421 ,321,СТАМБУЛ(СТАМБУЛ НЬЮ),19,Y(А09),01:50,3390,2026-06-18 02:00:00,2026-06-18 02:02:00,,2026-06-18 02:12:00,2026-06-18 02:33:00,2026-06-18 02:12:00,2026-06-18 02:33:00,2026-06-18 02:27:00,6.0,,2026-06-18 02:21:00,2026-06-18 02:38:00,1.0,8.0,2026-06-18 02:12:00,2026-06-18 02:22:00,2026-06-18 02:11:00,2026-06-18 02:35:00,,,Фаёзов А. Р.,Turkish Airlines,Выдача от 30 до 40 минут
2026-06-18,4S 337 ,7С8,ШАРМ ЭЛЬ ШЕЙХ(ШАРМ ЭЛЬ ШЕЙХ ИНТЛ.),21,Y(А09),01:56,2017,2026-06-18 02:08:00,2026-06-18 02:15:00,4.0,2026-06-18 02:11:00,2026-06-18 02:28:00,2026-06-18 02:11:00,2026-06-18 02:28:00,2026-06-18 02:25:00,3.0,4.0,2026-06-18 02:25:00,2026-06-18 02:33:00,,0.0,2026-06-18 02:19:00,2026-06-18 02:25:00,2026-06-18 02:29:00,2026-06-18 02:34:00,,,Гафуров О. Ф.,Red Sea,Выдача до 30 минут
2026-06-18,AZO 7018 ,СУ9,ТБИЛИСИ(ТБИЛИСИ ИНТЛ.),28,Y(А11),01:59,924,-1,,,2026-06-18 02:26:00,2026-06-18 02:37:00,2026-06-18 02:26:00,2026-06-18 02:37:00,,,5.0,2026-06-18 02:40:00,2026-06-18 02:41:00,,0.0,2026-06-18 02:38:00,2026-06-18 02:42:00,,,,,Соболь М. Ф.,GEORGIAN AIRWAYS,Некорректно проставлены отметки
2026-06-18,ХИ 9619A,32Н,НАМАНГАН,25,Y(А10),02:05,1770,2026-06-18 02:18:00,2026-06-18 02:21:00,,2026-06-18 02:24:00,2026-06-18 02:39:00,2026-06-18 02:24:00,2026-06-18 02:39:00,2026-06-18 02:34:00,5.0,3.0,2026-06-18 02:34:00,2026-06-18 02:46:00,,0.0,2026-06-18 02:33:00,2026-06-18 02:34:00,2026-06-18 02:45:00,2026-06-18 02:46:00,,,Аганин А. А.,UZBEKISTAN AIRWAYS,Выдача до 30 минут
2026-06-18,ЖГ 932 ,73Й,ТБИЛИСИ(ТБИЛИСИ ИНТЛ.),30,Y(А09),02:10,2710,2026-06-18 02:21:00,2026-06-18 02:24:00,,2026-06-18 02:25:00,2026-06-18 02:56:00,2026-06-18 02:25:00,2026-06-18 02:56:00,2026-06-18 02:43:00,13.0,13.0,2026-06-18 02:36:00,2026-06-18 03:00:00,,9.0,2026-06-18 02:31:00,2026-06-18 02:52:00,2026-06-18 02:57:00,2026-06-18 03:02:00,,,Федоров Н. В.,GEORGIAN AIRWAYS,Выдача от 30 до 40 минут
2026-06-18,3F 323 ,320,ЕРЕВАН(ЗВАРТНОЦ ИНТЛ),36,Y(А13),02:15,1193,2026-06-18 02:26:00,2026-06-18 02:26:00,,2026-06-18 02:33:00,2026-06-18 02:42:00,2026-06-18 02:33:00,2026-06-18 02:42:00,2026-06-18 02:38:00,4.0,1.0,2026-06-18 02:53:00,2026-06-18 02:56:00,,0.0,2026-06-18 02:45:00,2026-06-18 02:52:00,,,,,Скулов Е. С.,FLYONE Armenia,Выдача до 30 минут
2026-06-18,ДР 476D,73Х,САРАТОВ(ГАГАРИН),49,Y(А04),02:20,282,2026-06-18 02:30:00,2026-06-18 02:34:00,1.0,2026-06-18 02:33:00,2026-06-18 02:34:00,2026-06-18 02:33:00,2026-06-18 02:34:00,2026-06-18 02:36:00,,,2026-06-18 02:42:00,2026-06-18 02:43:00,,0.0,2026-06-18 02:37:00,2026-06-18 02:44:00,,,,,Ушаков М. В.,Победа,Выдача до 30 минут
2026-06-18,NE 644 ,320,ШАРМ ЭЛЬ ШЕЙХ(ШАРМ ЭЛЬ ШЕЙХ ИНТЛ.),22,Y(А12),02:25,1554,2026-06-18 02:38:00,2026-06-18 02:42:00,1.0,2026-06-18 02:43:00,2026-06-18 02:57:00,2026-06-18 02:43:00,2026-06-18 02:57:00,2026-06-18 02:52:00,5.0,4.0,2026-06-18 02:53:00,2026-06-18 03:06:00,,0.0,2026-06-18 02:48:00,2026-06-18 02:53:00,2026-06-18 03:01:00,2026-06-18 03:05:00,,,Минченко А. И.,Nesma Airlines,Выдача до 30 минут
2026-06-18,FZ 987 ,7М8,ДУБАЙ(ДУБАЙ ИНТЛ.),29,Y(А11),02:37,1904,2026-06-18 02:50:00,2026-06-18 02:52:00,,2026-06-18 02:52:00,2026-06-18 03:17:00,2026-06-18 02:52:00,2026-06-18 03:17:00,2026-06-18 03:07:00,10.0,12.0,2026-06-18 03:02:00,2026-06-18 03:22:00,,2.0,2026-06-18 02:57:00,2026-06-18 03:01:00,2026-06-18 03:18:00,2026-06-18 03:21:00,,,"Соболь М. Ф., Ушаков М. В.",flydubai,Выдача от 30 до 40 минут
2026-06-18,NE 616 ,320,ХУРГАДА(ХУРГАДА ИНТЛ.),24,Y(А09),02:55,1740,2026-06-18 03:06:00,2026-06-18 03:08:00,,2026-06-18 03:12:00,2026-06-18 03:27:00,2026-06-18 03:12:00,2026-06-18 03:27:00,2026-06-18 03:22:00,5.0,3.0,2026-06-18 03:21:00,2026-06-18 03:34:00,,0.0,2026-06-18 03:21:00,2026-06-18 03:22:00,2026-06-18 03:34:00,2026-06-18 03:35:00,,,Федоров Н. В.,Nesma Airlines,Выдача до 30 минут
2026-06-18,PC 386 ,32Щ,СТАМБУЛ(САБИХА ГОКЦЕН),18,Y(А10),02:59,2995,2026-06-18 03:07:00,2026-06-18 03:09:00,,2026-06-18 03:17:00,2026-06-18 03:41:00,2026-06-18 03:17:00,2026-06-18 03:41:00,2026-06-18 03:31:00,10.0,4.0,2026-06-18 03:26:00,2026-06-18 03:46:00,,9.0,2026-06-18 03:21:00,2026-06-18 03:27:00,2026-06-18 03:41:00,2026-06-18 03:46:00,,,Баташан В. Ю.,Pegasus,Выдача от 30 до 40 минут
2026-06-18,ДР 198D,73Х,ВЛАДИКАВКАЗ(БЕСЛАН),47,Y(А05),03:03,477,2026-06-18 03:17:00,2026-06-18 03:21:00,1.0,2026-06-18 03:23:00,2026-06-18 03:28:00,2026-06-18 03:23:00,2026-06-18 03:28:00,2026-06-18 03:24:00,4.0,2.0,2026-06-18 03:54:00,2026-06-18 03:55:00,7.0,8.0,2026-06-18 03:33:00,2026-06-18 03:38:00,,,,,Фартушный А. И.,Победа,Выдача от 30 до 40 минут
2026-06-18,NE 646 ,320,ШАРМ ЭЛЬ ШЕЙХ(ШАРМ ЭЛЬ ШЕЙХ ИНТЛ.),20,Y(А13),03:05,1576,2026-06-18 03:15:00,2026-06-18 03:18:00,,2026-06-18 03:22:00,2026-06-18 03:36:00,2026-06-18 03:22:00,2026-06-18 03:36:00,2026-06-18 03:30:00,6.0,3.0,2026-06-18 03:38:00,2026-06-18 03:44:00,3.0,0.0,2026-06-18 03:29:00,2026-06-18 03:34:00,2026-06-18 03:43:00,2026-06-18 03:44:00,,,Королев А. А.,Nesma Airlines,Выдача до 30 минут
2026-06-18,TK 3122 ,32Б,БОДРУМ(МИЛАС),23,Y(А12),03:11,1686,2026-06-18 03:26:00,2026-06-18 03:27:00,,2026-06-18 03:30:00,2026-06-18 03:44:00,2026-06-18 03:30:00,2026-06-18 03:44:00,2026-06-18 03:41:00,3.0,3.0,2026-06-18 03:43:00,2026-06-18 03:46:00,,0.0,2026-06-18 03:48:00,2026-06-18 03:54:00,,,,,Кутейников А. В.,Turkish Airlines,Выдача до 30 минут
2026-06-18,NE 630 ,320,ШАРМ ЭЛЬ ШЕЙХ(ШАРМ ЭЛЬ ШЕЙХ ИНТЛ.),26,Y(А11),03:14,1618,2026-06-18 03:25:00,2026-06-18 03:27:00,,2026-06-18 03:42:00,2026-06-18 03:46:00,2026-06-18 03:42:00,2026-06-18 03:46:00,2026-06-18 03:40:00,6.0,,2026-06-18 03:41:00,2026-06-18 03:53:00,,0.0,2026-06-18 03:35:00,2026-06-18 03:41:00,2026-06-18 03:48:00,2026-06-18 03:52:00,,,Фаёзов А. Р.,Nesma Airlines,Выдача до 30 минут
2026-06-18,ЮТ 400 ,73Х,ГРОЗНЫЙ(СЕВЕРНЫЙ),13,Y(А05),03:24,470,2026-06-18 03:39:00,2026-06-18 03:39:00,,2026-06-18 03:38:00,2026-06-18 03:42:00,2026-06-18 03:38:00,2026-06-18 03:42:00,2026-06-18 03:46:00,,1.0,2026-06-18 03:48:00,2026-06-18 03:50:00,,0.0,2026-06-18 03:45:00,2026-06-18 03:48:00,,,,,Поляков К. Н.,Ютэйр,Выдача до 30 минут
2026-06-18,ЮВ 301 ,ЦР2,БУГУЛЬМА,44,Y(А04),03:35,154,2026-06-18 03:41:00,2026-06-18 03:42:00,,2026-06-18 03:43:00,2026-06-18 03:47:00,2026-06-18 03:43:00,2026-06-18 03:47:00,2026-06-18 03:46:00,1.0,3.0,2026-06-18 03:56:00,2026-06-18 03:57:00,,0.0,2026-06-18 03:47:00,2026-06-18 03:55:00,,,,,Гафуров О. Ф.,ЮВТ АЭРО,Выдача до 30 минут
2026-06-18,СУ 1891 ,320,ТАШКЕНТ(ТАШКЕНТ ИНТЛ.),6,Y(А11),08:27,948,2026-06-18 08:39:00,2026-06-18 08:45:00,3.0,2026-06-18 09:18:00,2026-06-18 09:33:00,2026-06-18 09:18:00,2026-06-18 09:33:00,2026-06-18 08:49:00,44.0,9.0,2026-06-18 09:38:00,2026-06-18 09:40:00,29.0,31.0,2026-06-18 09:34:00,2026-06-18 09:39:00,,,,,Екимов С. С.,Аэрофлот,Выдача более 40 минут
2026-06-18,ДР 408 ,7С8,ЕКАТЕРИНБУРГ(КОЛЬЦОВО),51,Y(А04),08:32,277,2026-06-18 08:40:00,2026-06-18 08:42:00,,2026-06-18 08:43:00,2026-06-18 08:47:00,2026-06-18 08:43:00,2026-06-18 08:47:00,2026-06-18 08:46:00,1.0,2.0,2026-06-18 08:52:00,2026-06-18 08:53:00,,0.0,2026-06-18 08:48:00,2026-06-18 08:54:00,,,,,Королёв Е. А.,Победа,Выдача до 30 минут
2026-06-18,В2 981 ,Е95,МИНСК(МИНСК ИНТЛ.),29,Y(А13),08:37,296,2026-06-18 08:44:00,2026-06-18 08:44:00,,2026-06-18 08:48:00,2026-06-18 08:50:00,2026-06-18 08:48:00,2026-06-18 08:50:00,2026-06-18 08:50:00,,,2026-06-18 08:54:00,2026-06-18 08:55:00,,0.0,2026-06-18 08:51:00,2026-06-18 08:54:00,,,,,Кейта А. С.,Белавиа,Выдача до 30 минут
2026-06-18,DV 809 ,738,АЛМАТЫ(АЛМАТЫ ИНТЛ.),20,Y(А13),09:07,1261,2026-06-18 09:14:00,2026-06-18 09:16:00,,2026-06-18 09:17:00,2026-06-18 09:31:00,2026-06-18 09:17:00,2026-06-18 09:31:00,2026-06-18 09:26:00,5.0,6.0,2026-06-18 09:31:00,2026-06-18 09:37:00,,0.0,2026-06-18 09:26:00,2026-06-18 09:31:00,2026-06-18 09:31:00,2026-06-18 09:38:00,,,Бородин А. В.,SCAT Airlines,Выдача до 30 минут
2026-06-18,СУ 1639 ,738,ОМСК(ЦЕНТРАЛЬНЫЙ),36,Y(А05),11:55,588,2026-06-18 12:07:00,2026-06-18 12:26:00,16.0,2026-06-18 12:30:00,2026-06-18 12:34:00,2026-06-18 12:30:00,2026-06-18 12:34:00,2026-06-18 12:15:00,19.0,,2026-06-18 12:43:00,2026-06-18 12:45:00,6.0,8.0,2026-06-18 12:41:00,2026-06-18 12:44:00,,,,,Бородин А. В.,Аэрофлот,Выдача от 30 до 40 минут
2026-06-18,TK 413 ,333,СТАМБУЛ(СТАМБУЛ НЬЮ),23,Y(А10),12:10,2839,2026-06-18 12:26:00,2026-06-18 12:29:00,,2026-06-18 12:28:00,2026-06-18 12:39:00,2026-06-18 12:31:00,2026-06-18 12:39:00,2026-06-18 12:49:00,,,2026-06-18 12:40:00,2026-06-18 12:48:00,,0.0,2026-06-18 12:35:00,2026-06-18 12:42:00,2026-06-18 12:50:00,2026-06-18 13:05:00,,,"Коляскин А. Г., Харитонов- Тихонов И. А.",Turkish Airlines,Выдача до 30 минут
2026-06-18,ЖГ 936 ,73Х,ТБИЛИСИ(ТБИЛИСИ ИНТЛ.),30,Y(А12),12:14,1395,2026-06-18 12:25:00,2026-06-18 12:27:00,,2026-06-18 12:27:00,2026-06-18 12:39:00,2026-06-18 12:27:00,2026-06-18 12:39:00,2026-06-18 12:38:00,1.0,3.0,2026-06-18 12:35:00,2026-06-18 12:41:00,,0.0,2026-06-18 12:32:00,2026-06-18 12:36:00,2026-06-18 12:37:00,2026-06-18 12:41:00,,,Екимов С. С.,GEORGIAN AIRWAYS,Выдача до 30 минут
2026-06-18,ЮТ 786B,73Х,ЕРЕВАН(ЗВАРТНОЦ ИНТЛ),25,Y(А13),12:40,0,2026-06-18 12:53:00,2026-06-18 12:57:00,1.0,2026-06-18 12:59:00,2026-06-18 13:30:00,2026-06-18 12:59:00,2026-06-18 13:30:00,,,31.0,2026-06-18 13:10:00,2026-06-18 13:11:00,,0.0,2026-06-18 13:05:00,2026-06-18 13:09:00,2026-06-18 13:33:00,2026-06-18 13:37:00,,,Рустамов М. А.,Ютэйр,Выдача до 30 минут
2026-06-18,TK 3012 ,321,АНТАЛЬЯ,22,Y(А11),12:44,2436,2026-06-18 12:56:00,2026-06-18 12:56:00,,2026-06-18 13:04:00,2026-06-18 13:15:00,2026-06-18 13:04:00,2026-06-18 13:15:00,2026-06-18 13:16:00,,,2026-06-18 13:18:00,2026-06-18 13:24:00,2.0,0.0,2026-06-18 13:04:00,2026-06-18 13:18:00,2026-06-18 13:13:00,2026-06-18 13:25:00,,,Донин А. И.,Turkish Airlines,Выдача до 30 минут
2026-06-18,ВГ 2390 ,ЯК4,ВОЛОГДА,41A,0,12:50,0,2026-06-18 12:57:00,2026-06-18 12:57:00,,2026-06-18 13:07:00,2026-06-18 13:08:00,2026-06-18 13:07:00,2026-06-18 13:08:00,,,1.0,,-1,,0.0,,,,,,,Давлатов Б. Ч.,Вологодское АП,Не определено
2026-06-18,ЮТ 808 ,73Х,БУХАРА(БУХАРА ИНТЛ.),24,Y(А12),12:57,909,2026-06-18 13:06:00,2026-06-18 13:09:00,,2026-06-18 13:16:00,2026-06-18 13:23:00,2026-06-18 13:16:00,2026-06-18 13:23:00,2026-06-18 13:16:00,7.0,1.0,2026-06-18 13:29:00,2026-06-18 13:30:00,3.0,0.0,2026-06-18 13:25:00,2026-06-18 13:29:00,,,,,Кейта А. С.,Ютэйр,Выдача до 30 минут
2026-06-18,TK 1231 ,321,АНТАЛЬЯ,26,Y(А09),13:00,1864,2026-06-18 13:10:00,2026-06-18 13:14:00,1.0,2026-06-18 13:24:00,2026-06-18 13:32:00,2026-06-18 13:24:00,2026-06-18 13:32:00,2026-06-18 13:26:00,6.0,,2026-06-18 13:34:00,2026-06-18 13:36:00,4.0,0.0,2026-06-18 13:31:00,2026-06-18 13:35:00,,,,,Семиченков - Исаков С. А.,Turkish Airlines,Выдача до 30 минут
2026-06-18,СУ 5807 ,332,ХАБАРОВСК(НОВЫЙ),40,Y(А06),13:04,3400,2026-06-18 13:20:00,2026-06-18 13:55:00,32.0,2026-06-18 14:12:00,2026-06-18 16:09:00,2026-06-18 16:08:00,2026-06-18 16:09:00,2026-06-18 13:47:00,142.0,,2026-06-18 14:20:00,2026-06-18 14:29:00,30.0,39.0,2026-06-18 16:08:00,2026-06-18 16:09:00,2026-06-18 14:14:00,2026-06-18 14:27:00,,,"Бородин А. В., Харитонов- Тихонов И. А.",Аэрофлот,Выдача более 40 минут
2026-06-18,TK 3070 ,32Б,АНТАЛЬЯ,20,Y(А10),13:08,2152,2026-06-18 13:17:00,2026-06-18 13:19:00,,2026-06-18 13:30:00,2026-06-18 13:42:00,2026-06-18 13:30:00,2026-06-18 13:42:00,2026-06-18 13:35:00,7.0,,2026-06-18 13:48:00,2026-06-18 13:49:00,11.0,2.0,2026-06-18 13:44:00,2026-06-18 13:50:00,,,,,Чеканов В. А.,Turkish Airlines,Выдача от 30 до 40 минут
2026-06-18,AZV 3008 ,75В,АНТАЛЬЯ,19,Y(А10),13:45,2064,2026-06-18 13:56:00,2026-06-18 13:58:00,,2026-06-18 14:01:00,2026-06-18 14:18:00,2026-06-18 14:01:00,2026-06-18 14:18:00,2026-06-18 14:14:00,4.0,3.0,2026-06-18 14:14:00,2026-06-18 14:25:00,,0.0,2026-06-18 14:09:00,2026-06-18 14:14:00,2026-06-18 14:21:00,2026-06-18 14:26:00,,,Попов Д. В.,АЗУР эйр,Выдача до 30 минут
2026-06-18,AZV 3002 ,763,АНТАЛЬЯ,18,Y(А09),13:50,2920,2026-06-18 14:02:00,2026-06-18 14:02:00,,2026-06-18 14:07:00,2026-06-18 14:25:00,2026-06-18 14:07:00,2026-06-18 14:25:00,2026-06-18 14:25:00,,,2026-06-18 14:26:00,2026-06-18 14:33:00,4.0,1.0,2026-06-18 14:08:00,2026-06-18 14:26:00,2026-06-18 14:22:00,2026-06-18 14:32:00,,,Кузин К. С.,АЗУР эйр,Выдача от 30 до 40 минут
2026-06-18,ЮТ 572 ,73Х,КРАСНОЯРСК,11,Y(А05),13:58,701,2026-06-18 14:08:00,2026-06-18 14:09:00,,2026-06-18 14:11:00,2026-06-18 14:41:00,2026-06-18 14:40:00,2026-06-18 14:41:00,2026-06-18 14:17:00,24.0,,2026-06-18 14:22:00,2026-06-18 14:26:00,,0.0,2026-06-18 14:19:00,2026-06-18 14:23:00,,,,,"Барабанов А. М., Кейта А. С.",Ютэйр,Выдача до 30 минут
2026-06-18,ФВ 6025 ,СУ9,САНКТ-ПЕТЕРБУРГ(ПУЛКОВО),8,Y(А04),14:01,88,2026-06-18 14:09:00,2026-06-18 14:11:00,,2026-06-18 14:13:00,2026-06-18 14:17:00,2026-06-18 14:13:00,2026-06-18 14:17:00,2026-06-18 14:14:00,3.0,3.0,2026-06-18 14:25:00,2026-06-18 14:26:00,,0.0,2026-06-18 14:23:00,2026-06-18 14:25:00,,,,,Королёв Е. А.,Россия,Выдача до 30 минут
2026-06-18,3F 321 ,321,ЕРЕВАН(ЗВАРТНОЦ ИНТЛ),27,Y(А13),14:22,850,2026-06-18 14:33:00,2026-06-18 14:34:00,,2026-06-18 14:37:00,2026-06-18 14:43:00,2026-06-18 14:37:00,2026-06-18 14:43:00,2026-06-18 14:43:00,,,2026-06-18 14:47:00,2026-06-18 14:49:00,,0.0,2026-06-18 14:43:00,2026-06-18 14:47:00,,,,,Попов Д. В.,FLYONE Armenia,Выдача до 30 минут
2026-06-18,NE 604 ,320,ХУРГАДА(ХУРГАДА ИНТЛ.),21,Y(А09),14:25,1858,2026-06-18 14:37:00,2026-06-18 14:40:00,,2026-06-18 14:41:00,2026-06-18 14:56:00,2026-06-18 14:41:00,2026-06-18 14:56:00,2026-06-18 14:53:00,3.0,3.0,2026-06-18 14:51:00,2026-06-18 15:01:00,,0.0,2026-06-18 14:46:00,2026-06-18 14:52:00,2026-06-18 14:59:00,2026-06-18 15:00:00,,,Давлатов Б. Ч.,Nesma Airlines,Выдача до 30 минут
2026-06-18,В2 983 ,73Х,МИНСК(МИНСК ИНТЛ.),29,Y(А13),14:39,881,2026-06-18 14:48:00,2026-06-18 14:49:00,,2026-06-18 14:51:00,2026-06-18 15:05:00,2026-06-18 14:51:00,2026-06-18 15:05:00,2026-06-18 14:58:00,7.0,8.0,2026-06-18 15:08:00,2026-06-18 15:10:00,,0.0,2026-06-18 15:05:00,2026-06-18 15:09:00,,,,,Королёв Е. А.,Белавиа,Выдача до 30 минут
2026-06-18,ЮТ 454 ,73Х,УФА,16,Y(А05),14:49,513,2026-06-18 14:55:00,2026-06-18 14:55:00,,2026-06-18 15:01:00,2026-06-18 15:09:00,2026-06-18 15:01:00,2026-06-18 15:09:00,2026-06-18 15:02:00,7.0,5.0,2026-06-18 15:12:00,2026-06-18 15:15:00,,0.0,2026-06-18 15:09:00,2026-06-18 15:15:00,,,,,Екимов С. С.,Ютэйр,Выдача до 30 минут
2026-06-18,КГ 555 ,320,ОШ,23,Y(А13),14:53,2884,-1,,,2026-06-18 15:09:00,2026-06-18 15:31:00,2026-06-18 15:10:00,2026-06-18 15:31:00,,,2.0,2026-06-18 15:21:00,2026-06-18 15:36:00,,0.0,2026-06-18 15:16:00,2026-06-18 15:21:00,2026-06-18 15:31:00,2026-06-18 15:36:00,,,"Бородин А. В., Иванов В. А.",Aero Nomad,Некорректно проставлены отметки
2026-06-18,J2 807 ,320,БАКУ(ИМ. ГЕЙДАРА АЛИЕВА),20,Y(А09),14:58,922,2026-06-18 15:10:00,2026-06-18 15:11:00,,2026-06-18 15:13:00,2026-06-18 15:19:00,2026-06-18 15:13:00,2026-06-18 15:19:00,2026-06-18 15:20:00,,,2026-06-18 15:24:00,2026-06-18 15:25:00,,0.0,2026-06-18 15:20:00,2026-06-18 15:24:00,,,,,Коляскин А. Г.,AZAL,Выдача до 30 минут
2026-06-18,ДР 434 ,73Х,ПЕРМЬ(БОЛЬШОЕ САВИНО),47,Y(А06),15:18,283,2026-06-18 15:28:00,2026-06-18 15:31:00,,2026-06-18 15:31:00,2026-06-18 15:36:00,2026-06-18 15:31:00,2026-06-18 15:36:00,2026-06-18 15:34:00,2.0,3.0,2026-06-18 15:45:00,2026-06-18 15:47:00,,0.0,2026-06-18 15:38:00,2026-06-18 15:46:00,,,,,Королёв Е. А.,Победа,Выдача до 30 минут
2026-06-18,ХИ 9615 ,32Н,УРГЕНЧ(УРГЕНЧ ИНТЛ.),22,Y(А11),15:28,1799,2026-06-18 15:41:00,2026-06-18 15:42:00,,2026-06-18 15:44:00,2026-06-18 15:58:00,2026-06-18 15:44:00,2026-06-18 15:58:00,2026-06-18 15:57:00,1.0,2.0,2026-06-18 15:57:00,2026-06-18 16:08:00,,0.0,2026-06-18 15:53:00,2026-06-18 15:57:00,2026-06-18 16:00:00,2026-06-18 16:04:00,,,Донин А. И.,UZBEKISTAN AIRWAYS,Выдача до 30 минут
2026-06-18,ЮТ 352 ,735,ХАНТЫ-МАНСИЙСК,11,Y(А05),15:33,579,2026-06-18 15:44:00,2026-06-18 15:46:00,,2026-06-18 15:51:00,2026-06-18 15:57:00,2026-06-18 15:51:00,2026-06-18 15:57:00,2026-06-18 15:52:00,5.0,2.0,2026-06-18 16:01:00,2026-06-18 16:03:00,,0.0,2026-06-18 15:58:00,2026-06-18 16:01:00,,,,,Барабанов А. М.,Ютэйр,Выдача до 30 минут
2026-06-18,ФВ 6031 ,СУ9,САНКТ-ПЕТЕРБУРГ(ПУЛКОВО),8,Y(А04),15:37,126,2026-06-18 15:53:00,2026-06-18 15:54:00,,2026-06-18 16:08:00,2026-06-18 16:09:00,2026-06-18 16:08:00,2026-06-18 16:09:00,2026-06-18 15:58:00,11.0,,2026-06-18 16:11:00,2026-06-18 16:12:00,,0.0,2026-06-18 16:09:00,2026-06-18 16:12:00,,,,,Харитонов- Тихонов И. А.,Россия,Выдача до 30 минут
2026-06-18,ГЗП 252 ,СУ9,ЯМБУРГ,Б36,Y(А08),15:40,548,2026-06-18 15:46:00,2026-06-18 15:48:00,,2026-06-18 16:04:00,2026-06-18 16:12:00,2026-06-18 16:04:00,2026-06-18 16:12:00,2026-06-18 15:54:00,18.0,4.0,2026-06-18 16:40:00,2026-06-18 16:41:00,24.0,15.0,2026-06-18 16:20:00,2026-06-18 16:39:00,,,,,Иванов В. А.,Газпром авиа,Выдача более 40 минут
2026-06-18,ЮТ 364 ,734,УФА,13,Y(А05),15:52,608,2026-06-18 16:04:00,2026-06-18 16:19:00,12.0,2026-06-18 16:17:00,2026-06-18 16:19:00,2026-06-18 16:17:00,2026-06-18 16:19:00,2026-06-18 16:12:00,7.0,,2026-06-18 16:24:00,2026-06-18 16:31:00,,0.0,2026-06-18 16:21:00,2026-06-18 16:24:00,,,,,Харитонов- Тихонов И. А.,Ютэйр,Выдача до 30 минут
2026-06-18,ЯМ 543 ,73Х,НОВОСИБИРСК(ТОЛМАЧЕВО),12,Y(А06),15:58,996,2026-06-18 16:11:00,2026-06-18 16:23:00,9.0,2026-06-18 16:18:00,2026-06-18 16:28:00,2026-06-18 16:18:00,2026-06-18 16:28:00,2026-06-18 16:22:00,6.0,3.0,2026-06-18 16:34:00,2026-06-18 16:35:00,3.0,0.0,2026-06-18 16:30:00,2026-06-18 16:34:00,,,,,Попов Д. В.,Алроса,Выдача до 30 минут
2026-06-18,ДР 436 ,73Х,УФА,49,Y(А04),16:11,214,2026-06-18 16:20:00,2026-06-18 16:24:00,1.0,2026-06-18 16:30:00,2026-06-18 16:31:00,2026-06-18 16:30:00,2026-06-18 16:31:00,2026-06-18 16:25:00,6.0,,2026-06-18 16:38:00,2026-06-18 16:39:00,,0.0,2026-06-18 16:32:00,2026-06-18 16:40:00,,,,,Семиченков - Исаков С. А.,Победа,Выдача до 30 минут
2026-06-18,TK 417 ,73Х,СТАМБУЛ(СТАМБУЛ НЬЮ),23,Y(А10),16:14,2472,2026-06-18 16:29:00,2026-06-18 16:32:00,,2026-06-18 16:36:00,2026-06-18 16:56:00,2026-06-18 16:36:00,2026-06-18 16:56:00,2026-06-18 16:49:00,7.0,4.0,2026-06-18 16:49:00,2026-06-18 17:02:00,,3.0,2026-06-18 16:45:00,2026-06-18 16:49:00,2026-06-18 16:58:00,2026-06-18 17:02:00,,,Чеканов В. А.,Turkish Airlines,Выдача от 30 до 40 минут
2026-06-18,ЮТ 1250 ,734,СОЧИ,17,Y(А05),16:17,690,2026-06-18 16:29:00,2026-06-18 16:33:00,1.0,2026-06-18 16:33:00,2026-06-18 16:36:00,2026-06-18 16:33:00,2026-06-18 16:36:00,2026-06-18 16:38:00,,,2026-06-18 16:42:00,2026-06-18 16:43:00,,0.0,2026-06-18 16:37:00,2026-06-18 16:42:00,,,,,Королёв Е. А.,Ютэйр,Выдача до 30 минут
2026-06-18,ХИ 9607 ,32Н,БУХАРА(БУХАРА ИНТЛ.),19,Y(А09),16:20,2007,2026-06-18 16:31:00,2026-06-18 16:35:00,1.0,2026-06-18 16:39:00,2026-06-18 16:56:00,2026-06-18 16:39:00,2026-06-18 16:56:00,2026-06-18 16:48:00,8.0,4.0,2026-06-18 16:51:00,2026-06-18 17:03:00,,2.0,2026-06-18 16:46:00,2026-06-18 16:51:00,2026-06-18 16:58:00,2026-06-18 17:02:00,,,Иванов В. А.,UZBEKISTAN AIRWAYS,Выдача от 30 до 40 минут
2026-06-18,ЖГ 926 ,73Й,ТБИЛИСИ(ТБИЛИСИ ИНТЛ.),30,Y(А12),16:22,1554,2026-06-18 16:38:00,2026-06-18 16:40:00,,2026-06-18 16:41:00,2026-06-18 16:57:00,2026-06-18 16:41:00,2026-06-18 16:57:00,2026-06-18 16:52:00,5.0,6.0,2026-06-18 16:58:00,2026-06-18 17:07:00,,0.0,2026-06-18 16:54:00,2026-06-18 16:57:00,2026-06-18 17:02:00,2026-06-18 17:05:00,,,Давлатов Б. Ч.,GEORGIAN AIRWAYS,Выдача до 30 минут
2026-06-18,ДР 438 ,73Х,УФА,48,Y(А05),16:29,234,2026-06-18 16:39:00,2026-06-18 16:40:00,,2026-06-18 16:46:00,2026-06-18 16:50:00,2026-06-18 16:46:00,2026-06-18 16:50:00,2026-06-18 16:45:00,5.0,2.0,2026-06-18 16:58:00,2026-06-18 17:01:00,,0.0,2026-06-18 16:52:00,2026-06-18 17:02:00,,,,,Семиченков - Исаков С. А.,Победа,Выдача до 30 минут
2026-06-18,НВЦ 9152 ,32Щ,САБЕТТА,14,Y(А06),16:32,1623,2026-06-18 16:45:00,2026-06-18 16:47:00,,2026-06-18 16:50:00,2026-06-18 17:02:00,2026-06-18 16:50:00,2026-06-18 17:02:00,2026-06-18 17:00:00,2.0,1.0,2026-06-18 17:01:00,2026-06-18 17:10:00,,0.0,2026-06-18 16:55:00,2026-06-18 16:59:00,2026-06-18 17:05:00,2026-06-18 17:09:00,,,Харитонов- Тихонов И. А.,Северо-Запад,Выдача до 30 минут
2026-06-18,ФВ 6037 ,СУ9,САНКТ-ПЕТЕРБУРГ(ПУЛКОВО),9,Y(А04),16:36,128,2026-06-18 16:55:00,2026-06-18 16:58:00,,2026-06-18 17:05:00,2026-06-18 17:06:00,2026-06-18 17:05:00,2026-06-18 17:06:00,2026-06-18 17:00:00,6.0,,2026-06-18 17:09:00,2026-06-18 17:10:00,,0.0,2026-06-18 17:07:00,2026-06-18 17:10:00,,,,,Кузин К. С.,Россия,Выдача до 30 минут
2026-06-18,РГ 178 ,ЦР1,СУХУМ(СУХУМ МЕЖД. ИМ. В.Г.АРДЗИНБА),46,Y(А11),16:40,157,2026-06-18 16:45:00,2026-06-18 16:46:00,,2026-06-18 16:57:00,2026-06-18 16:58:00,2026-06-18 16:57:00,2026-06-18 16:58:00,2026-06-18 16:50:00,8.0,,2026-06-18 17:08:00,2026-06-18 17:16:00,,1.0,2026-06-18 17:01:00,2026-06-18 17:09:00,,,,,Семиченков - Исаков С. А.,Руслайн,Выдача от 30 до 40 минут
2026-06-18,ДР 422 ,73Х,САМАРА(КУРУМОЧ),50,Y(А04),16:46,144,2026-06-18 16:54:00,2026-06-18 16:58:00,1.0,2026-06-18 17:07:00,2026-06-18 17:09:00,2026-06-18 17:07:00,2026-06-18 17:09:00,2026-06-18 16:59:00,10.0,1.0,2026-06-18 17:15:00,2026-06-18 17:16:00,,0.0,2026-06-18 17:10:00,2026-06-18 17:16:00,,,,,Кейта А. С.,Победа,Выдача до 30 минут
2026-06-18,ЮТ 356 ,734,ВЛАДИКАВКАЗ(БЕСЛАН),15,Y(А04),16:50,0,2026-06-18 17:02:00,2026-06-18 17:07:00,2.0,2026-06-18 17:13:00,2026-06-18 17:18:00,2026-06-18 17:13:00,2026-06-18 17:18:00,,,5.0,2026-06-18 17:22:00,2026-06-18 17:25:00,,0.0,2026-06-18 17:18:00,2026-06-18 17:22:00,,,,,Екимов С. С.,Ютэйр,Выдача до 30 минут
2026-06-18,ЮТ 248 ,73Х,ЕКАТЕРИНБУРГ(КОЛЬЦОВО),16,Y(А05),16:55,678,2026-06-18 17:10:00,2026-06-18 17:14:00,1.0,2026-06-18 17:19:00,2026-06-18 17:24:00,2026-06-18 17:19:00,2026-06-18 17:24:00,2026-06-18 17:19:00,5.0,,2026-06-18 17:31:00,2026-06-18 17:32:00,1.0,0.0,2026-06-18 17:27:00,2026-06-18 17:32:00,,,,,Харитонов- Тихонов И. А.,Ютэйр,Выдача до 30 минут
2026-06-18,ЮТ 276 ,73Х,СОЧИ,8,Y(А06),17:00,622,2026-06-18 17:12:00,2026-06-18 17:12:00,,2026-06-18 17:16:00,2026-06-18 17:21:00,2026-06-18 17:16:00,2026-06-18 17:21:00,2026-06-18 17:20:00,1.0,1.0,2026-06-18 17:26:00,2026-06-18 17:32:00,,0.0,2026-06-18 17:22:00,2026-06-18 17:27:00,,,,,Кузин К. С.,Ютэйр,Выдача до 30 минут
2026-06-18,ЮТ 276B,73Х,СОЧИ,24,Y(А08),17:02,778,2026-06-18 17:12:00,2026-06-18 17:17:00,2.0,2026-06-18 17:21:00,2026-06-18 17:25:00,2026-06-18 17:21:00,2026-06-18 17:25:00,2026-06-18 17:21:00,4.0,,2026-06-18 17:31:00,2026-06-18 17:33:00,,0.0,2026-06-18 17:29:00,2026-06-18 17:30:00,,,,,Коляскин А. Г.,Ютэйр,Выдача до 30 минут
2026-06-18,ДР 744 ,73Х,ОШ,47,0,17:27,433,2026-06-18 17:35:00,2026-06-18 17:38:00,,2026-06-18 17:38:00,2026-06-18 17:41:00,2026-06-18 17:38:00,2026-06-18 17:41:00,2026-06-18 17:42:00,,,2026-06-18 17:50:00,2026-06-18 17:51:00,,0.0,2026-06-18 17:44:00,2026-06-18 17:50:00,,,,,Екимов С. С.,Победа,Не определено
2026-06-18,AZV 2502 ,763,НЯЧАНГ(КАМРАНЬ ИНТЛ),18,Y(А09),17:35,2972,2026-06-18 17:46:00,2026-06-18 17:48:00,,2026-06-18 17:51:00,2026-06-18 18:11:00,2026-06-18 17:51:00,2026-06-18 18:11:00,2026-06-18 18:10:00,1.0,,2026-06-18 18:12:00,2026-06-18 18:19:00,6.0,3.0,2026-06-18 17:51:00,2026-06-18 18:11:00,2026-06-18 18:11:00,2026-06-18 18:20:00,,,Барабанов А. М.,АЗУР эйр,Выдача от 30 до 40 минут
2026-06-18,FZ 989 ,7М8,ДУБАЙ(ДУБАЙ ИНТЛ.),29,Y(А10),17:39,1630,2026-06-18 17:48:00,2026-06-18 17:50:00,,2026-06-18 17:52:00,2026-06-18 18:24:00,2026-06-18 18:06:00,2026-06-18 18:24:00,2026-06-18 18:03:00,21.0,7.0,2026-06-18 18:02:00,2026-06-18 18:23:00,,5.0,2026-06-18 17:59:00,2026-06-18 18:01:00,2026-06-18 18:21:00,2026-06-18 18:23:00,,,"Семиченков - Исаков С. А., Ушаков Г. А.",flydubai,Выдача от 30 до 40 минут
2026-06-18,ДР 114 ,7С8,СОЧИ,49,Y(А08),17:48,557,2026-06-18 17:55:00,2026-06-18 18:05:00,7.0,2026-06-18 18:01:00,2026-06-18 18:04:00,2026-06-18 18:01:00,2026-06-18 18:04:00,2026-06-18 18:03:00,1.0,,2026-06-18 18:12:00,2026-06-18 18:13:00,,0.0,2026-06-18 18:05:00,2026-06-18 18:11:00,,,,,Фанин - Богданов Анатолий Н. О.,Победа,Выдача до 30 минут
2026-06-18,ГЗП 472 ,СУ9,БОВАНЕНКОВО,Б37,Y(А05),17:59,465,2026-06-18 18:04:00,2026-06-18 18:05:00,,2026-06-18 18:21:00,2026-06-18 18:24:00,2026-06-18 18:21:00,2026-06-18 18:24:00,2026-06-18 18:11:00,13.0,,2026-06-18 18:42:00,2026-06-18 18:43:00,8.0,0.0,2026-06-18 18:24:00,2026-06-18 18:42:00,,,,,Кейта А. С.,Газпром авиа,Выдача до 30 минут
2026-06-18,ГЗП 400 ,73В,БОВАНЕНКОВО,Б66,Y(А05),18:12,518,2026-06-18 18:17:00,2026-06-18 18:17:00,,2026-06-18 18:31:00,2026-06-18 18:35:00,2026-06-18 18:31:00,2026-06-18 18:35:00,2026-06-18 18:24:00,11.0,1.0,2026-06-18 18:58:00,2026-06-18 18:59:00,11.0,2.0,2026-06-18 18:39:00,2026-06-18 18:59:00,,,,,Кейта А. С.,Газпром авиа,Выдача от 30 до 40 минут
2026-06-18,TK 415 ,321,СТАМБУЛ(СТАМБУЛ НЬЮ),25,Y(А10),18:16,3250,2026-06-18 18:31:00,2026-06-18 18:31:00,,2026-06-18 18:38:00,2026-06-18 19:04:00,2026-06-18 18:38:00,2026-06-18 19:04:00,2026-06-18 18:57:00,7.0,4.0,2026-06-18 18:50:00,2026-06-18 19:02:00,,1.0,2026-06-18 18:49:00,2026-06-18 19:00:00,2026-06-18 19:02:00,2026-06-18 19:13:00,,,Королёв Е. А.,Turkish Airlines,Выдача от 30 до 40 минут
2026-06-18,ДР 730 ,73Х,ФЕРГАНА(ФЕРГАНА ИНТЛ.),48,0,18:23,89,2026-06-18 18:35:00,2026-06-18 18:38:00,,2026-06-18 18:41:00,2026-06-18 18:42:00,2026-06-18 18:41:00,2026-06-18 18:42:00,2026-06-18 18:40:00,2.0,,2026-06-18 18:57:00,2026-06-18 19:01:00,,0.0,2026-06-18 18:47:00,2026-06-18 18:55:00,,,,,Харитонов- Тихонов И. А.,Победа,Не определено
2026-06-18,ФВ 6177 ,СУ9,САНКТ-ПЕТЕРБУРГ(ПУЛКОВО),9,Y(А04),18:28,74,2026-06-18 18:40:00,2026-06-18 18:40:00,,2026-06-18 18:42:00,2026-06-18 18:45:00,2026-06-18 18:42:00,2026-06-18 18:45:00,2026-06-18 18:44:00,1.0,3.0,2026-06-18 18:47:00,2026-06-18 18:48:00,,0.0,2026-06-18 18:45:00,2026-06-18 18:48:00,,,,,Барабанов А. М.,Россия,Выдача до 30 минут
2026-06-18,PC 1456 ,32Щ,БОДРУМ(МИЛАС),20,Y(А09),18:32,0,2026-06-18 18:38:00,2026-06-18 18:45:00,4.0,2026-06-18 18:41:00,2026-06-18 18:58:00,2026-06-18 18:41:00,2026-06-18 18:58:00,,,17.0,,-1,,0.0,,,,,,,Чеканов В. А.,Pegasus,Некорректно проставлены отметки
2026-06-18,ДР 424 ,7С8,САМАРА(КУРУМОЧ),49,Y(А06),18:38,215,2026-06-18 18:47:00,2026-06-18 18:50:00,,2026-06-18 18:51:00,2026-06-18 18:55:00,2026-06-18 18:51:00,2026-06-18 18:55:00,2026-06-18 18:52:00,3.0,3.0,2026-06-18 19:00:00,2026-06-18 19:01:00,,0.0,2026-06-18 18:55:00,2026-06-18 19:06:00,,,,,Фанин - Богданов Анатолий Н. О.,Победа,Выдача до 30 минут
2026-06-18,ФВ 6175 ,СУ9,САНКТ-ПЕТЕРБУРГ(ПУЛКОВО),8,Y(А04),18:42,166,2026-06-18 18:56:00,2026-06-18 18:58:00,,2026-06-18 19:01:00,2026-06-18 19:03:00,2026-06-18 19:01:00,2026-06-18 19:03:00,2026-06-18 19:01:00,2.0,1.0,2026-06-18 19:07:00,2026-06-18 19:08:00,,0.0,2026-06-18 19:03:00,2026-06-18 19:07:00,,,,,Виноградов А. А.,Россия,Выдача до 30 минут
2026-06-18,А4 7020 ,СУ9,САНКТ-ПЕТЕРБУРГ(ПУЛКОВО),15,Y(А08),18:56,0,2026-06-18 20:31:00,2026-06-18 20:31:00,,2026-06-18 19:15:00,2026-06-18 19:16:00,2026-06-18 19:15:00,2026-06-18 19:16:00,,,1.0,2026-06-18 20:45:00,2026-06-18 20:46:00,,0.0,,,,,,,Ушаков Г. А.,Азимут,Выдача до 30 минут
2026-06-18,PC 390 ,32Н,СТАМБУЛ(САБИХА ГОКЦЕН),22,Y(А10),19:01,0,2026-06-18 19:15:00,2026-06-18 19:17:00,,2026-06-18 19:23:00,2026-06-18 19:24:00,2026-06-18 19:23:00,2026-06-18 19:24:00,,,1.0,,-1,,0.0,,,2026-06-18 19:22:00,2026-06-18 19:26:00,,,Семиченков - Исаков С. А.,Pegasus,Некорректно проставлены отметки
2026-06-18,ЯК 465 ,73В,ЯКУТСК,14,Y(А07),19:07,848,2026-06-18 19:18:00,2026-06-18 19:20:00,,2026-06-18 19:31:00,2026-06-18 19:34:00,2026-06-18 19:31:00,2026-06-18 19:34:00,2026-06-18 19:28:00,6.0,,2026-06-18 19:45:00,2026-06-18 19:47:00,7.0,0.0,2026-06-18 19:42:00,2026-06-18 19:45:00,,,,,Науну М.,Якутия,Выдача до 30 минут
2026-06-18,ЮТ 464 ,73Х,ТЮМЕНЬ(РОЩИНО),12,Y(А06),19:14,709,2026-06-18 19:26:00,2026-06-18 19:26:00,,2026-06-18 19:28:00,2026-06-18 19:35:00,2026-06-18 19:28:00,2026-06-18 19:35:00,2026-06-18 19:35:00,,2.0,2026-06-18 19:40:00,2026-06-18 19:42:00,,0.0,2026-06-18 19:38:00,2026-06-18 19:40:00,,,,,Фартушный А. И.,Ютэйр,Выдача до 30 минут
2026-06-18,ФВ 6179 ,СУ9,САНКТ-ПЕТЕРБУРГ(ПУЛКОВО),6,Y(А04),19:19,102,2026-06-18 19:31:00,2026-06-18 19:32:00,,2026-06-18 19:34:00,2026-06-18 19:35:00,2026-06-18 19:34:00,2026-06-18 19:35:00,2026-06-18 19:36:00,,,2026-06-18 19:38:00,2026-06-18 19:39:00,,0.0,2026-06-18 19:35:00,2026-06-18 19:37:00,,,,,Баташан В. Ю.,Россия,Выдача до 30 минут
2026-06-18,ЮТ 596 ,73Е,УСИНСК,11,Y(А08),19:23,492,2026-06-18 19:29:00,2026-06-18 19:29:00,,2026-06-18 19:33:00,2026-06-18 19:35:00,2026-06-18 19:33:00,2026-06-18 19:35:00,2026-06-18 19:36:00,,,2026-06-18 19:44:00,2026-06-18 19:45:00,,0.0,2026-06-18 19:40:00,2026-06-18 19:43:00,,,,,Саидов А. С.,Ютэйр,Выдача до 30 минут
2026-06-18,3F 325 ,320,ЕРЕВАН(ЗВАРТНОЦ ИНТЛ),26,Y(А13),19:31,1472,2026-06-18 19:39:00,2026-06-18 19:41:00,,2026-06-18 19:43:00,2026-06-18 19:57:00,2026-06-18 19:43:00,2026-06-18 19:57:00,2026-06-18 19:53:00,4.0,4.0,2026-06-18 20:01:00,2026-06-18 20:02:00,2.0,0.0,2026-06-18 19:51:00,2026-06-18 19:54:00,2026-06-18 19:57:00,2026-06-18 20:02:00,,,Виноградов А. А.,FLYONE Armenia,Выдача до 30 минут
2026-06-18,УР 512 ,75В,БОДРУМ(МИЛАС),19,Y(А10),19:49,1071,2026-06-18 20:00:00,2026-06-18 20:04:00,1.0,2026-06-18 20:05:00,2026-06-18 20:15:00,2026-06-18 20:05:00,2026-06-18 20:15:00,2026-06-18 20:11:00,4.0,3.0,2026-06-18 21:02:00,2026-06-18 21:03:00,42.0,33.0,2026-06-18 20:13:00,2026-06-18 20:22:00,,,,,Поляков К. Н.,FLYONE Armenia,Выдача более 40 минут
2026-06-18,ХИ 613 ,32Н,ТАШКЕНТ(ТАШКЕНТ ИНТЛ.),23,Y(А09),20:00,1331,2026-06-18 20:11:00,2026-06-18 20:13:00,,2026-06-18 20:14:00,2026-06-18 20:21:00,2026-06-18 20:15:00,2026-06-18 20:21:00,2026-06-18 20:24:00,,,2026-06-18 20:21:00,2026-06-18 20:25:00,,0.0,2026-06-18 20:17:00,2026-06-18 20:23:00,2026-06-18 20:21:00,2026-06-18 20:26:00,,,"Лизенко Е. В., Михайлов М. С.",UZBEKISTAN AIRWAYS,Выдача до 30 минут
2026-06-18,В2 985 ,73Х,ГОМЕЛЬ,29,Y(А13),20:22,476,2026-06-18 20:31:00,2026-06-18 20:31:00,,2026-06-18 20:33:00,2026-06-18 20:36:00,2026-06-18 20:33:00,2026-06-18 20:36:00,2026-06-18 20:38:00,,,2026-06-18 20:40:00,2026-06-18 20:42:00,,0.0,2026-06-18 20:37:00,2026-06-18 20:40:00,,,,,Фартушный А. И.,Белавиа,Выдача до 30 минут
2026-06-18,DV 815 ,7М8,АЛМАТЫ(АЛМАТЫ ИНТЛ.),18,Y(А13),20:45,1047,2026-06-18 20:57:00,2026-06-18 20:57:00,,2026-06-18 20:57:00,2026-06-18 21:09:00,2026-06-18 20:57:00,2026-06-18 21:09:00,2026-06-18 21:08:00,1.0,5.0,2026-06-18 21:11:00,2026-06-18 21:12:00,,0.0,2026-06-18 21:04:00,2026-06-18 21:11:00,,,,,"Баташан В. Ю., Науну М.",SCAT Airlines,Выдача до 30 минут
2026-06-18,РГ 194 ,ЦР1,ТАМБОВ,55,Y(А05),20:59,119,2026-06-18 21:08:00,2026-06-18 21:09:00,,2026-06-18 21:11:00,2026-06-18 21:12:00,2026-06-18 21:11:00,2026-06-18 21:12:00,2026-06-18 21:13:00,,,2026-06-18 21:21:00,2026-06-18 21:22:00,,0.0,2026-06-18 21:12:00,2026-06-18 21:21:00,,,,,Королев А. А.,Руслайн,Выдача до 30 минут
2026-06-18,ФВ 6181 ,СУ9,САНКТ-ПЕТЕРБУРГ(ПУЛКОВО),8,Y(А04),21:09,165,2026-06-18 21:20:00,2026-06-18 21:20:00,,2026-06-18 21:24:00,2026-06-18 21:27:00,2026-06-18 21:24:00,2026-06-18 21:27:00,2026-06-18 21:25:00,2.0,2.0,2026-06-18 21:30:00,2026-06-18 21:31:00,,0.0,2026-06-18 21:27:00,2026-06-18 21:32:00,,,,,Попов Д. В.,Россия,Выдача до 30 минут
2026-06-18,VF 277 ,73Х,СТАМБУЛ(САБИХА ГОКЦЕН),24,Y(А12),21:21,0,2026-06-18 21:33:00,2026-06-18 21:38:00,2.0,2026-06-18 21:40:00,2026-06-18 21:41:00,2026-06-18 21:40:00,2026-06-18 21:41:00,,,1.0,,-1,,0.0,,,,,,,Прохачев И. А.,AJET,Некорректно проставлены отметки
2026-06-18,ФВ 6183 ,СУ9,САНКТ-ПЕТЕРБУРГ(ПУЛКОВО),11,Y(А04),21:33,219,2026-06-18 21:45:00,2026-06-18 21:47:00,,2026-06-18 21:50:00,2026-06-18 21:52:00,2026-06-18 21:50:00,2026-06-18 21:52:00,2026-06-18 21:50:00,2.0,1.0,2026-06-18 22:08:00,2026-06-18 22:09:00,3.0,0.0,2026-06-18 21:55:00,2026-06-18 21:56:00,,,,,Ушаков Г. А.,Россия,Выдача до 30 минут
2026-06-18,ЯК 794 ,73Х,УФА,59,Y(А06),21:39,764,2026-06-18 21:55:00,2026-06-18 21:55:00,,2026-06-18 21:55:00,2026-06-18 21:59:00,2026-06-18 21:55:00,2026-06-18 21:59:00,2026-06-18 22:04:00,,,2026-06-18 22:07:00,2026-06-18 22:09:00,,0.0,2026-06-18 22:00:00,2026-06-18 22:06:00,,,,,Королев А. А.,Якутия,Выдача до 30 минут
2026-06-18,А4 7030 ,СУ9,ЕРЕВАН(ЗВАРТНОЦ ИНТЛ),41A,Y(А13),21:43,544,2026-06-18 21:52:00,2026-06-18 21:56:00,1.0,2026-06-18 21:58:00,2026-06-18 22:03:00,2026-06-18 21:58:00,2026-06-18 22:03:00,2026-06-18 22:00:00,3.0,1.0,2026-06-18 22:09:00,2026-06-18 22:10:00,,0.0,2026-06-18 22:03:00,2026-06-18 22:09:00,,,,,Кейта А. С.,Азимут,Выдача до 30 минут
2026-06-18,ФВ 6169 ,СУ9,САНКТ-ПЕТЕРБУРГ(ПУЛКОВО),9,Y(А04),21:46,101,2026-06-18 22:01:00,2026-06-18 22:02:00,,2026-06-18 22:04:00,2026-06-18 22:07:00,2026-06-18 22:04:00,2026-06-18 22:07:00,2026-06-18 22:06:00,1.0,2.0,2026-06-18 22:09:00,2026-06-18 22:10:00,,0.0,2026-06-18 22:07:00,2026-06-18 22:10:00,,,,,Попов Д. В.,Россия,Выдача до 30 минут
2026-06-18,ДР 414 ,73Х,ЧЕЛЯБИНСК(БАЛАНДИНО),46,Y(А05),21:50,379,2026-06-18 21:56:00,2026-06-18 21:57:00,,2026-06-18 21:59:00,2026-06-18 22:01:00,2026-06-18 21:59:00,2026-06-18 22:01:00,2026-06-18 22:03:00,,,2026-06-18 22:10:00,2026-06-18 22:12:00,,0.0,2026-06-18 22:03:00,2026-06-18 22:10:00,,,,,Лизенко Е. В.,Победа,Выдача до 30 минут
2026-06-18,NE 640 ,321,ШАРМ ЭЛЬ ШЕЙХ(ШАРМ ЭЛЬ ШЕЙХ ИНТЛ.),25,Y(А09),22:05,2020,2026-06-18 22:15:00,2026-06-18 22:17:00,,2026-06-18 22:17:00,2026-06-18 22:39:00,2026-06-18 22:17:00,2026-06-18 22:39:00,2026-06-18 22:32:00,7.0,9.0,2026-06-18 22:43:00,2026-06-18 22:47:00,8.0,2.0,2026-06-18 22:23:00,2026-06-18 22:27:00,2026-06-18 22:41:00,2026-06-18 22:44:00,,,Фартушный А. И.,Nesma Airlines,Выдача от 30 до 40 минут
2026-06-18,ЮТ 576 ,73Е,КРАСНОДАР(ПАШКОВСКИЙ),14,Y(А07),22:19,515,2026-06-18 22:27:00,2026-06-18 22:31:00,1.0,2026-06-18 22:43:00,2026-06-18 22:47:00,2026-06-18 22:43:00,2026-06-18 22:47:00,2026-06-18 22:34:00,13.0,1.0,2026-06-18 22:50:00,2026-06-18 22:52:00,3.0,0.0,2026-06-18 22:47:00,2026-06-18 22:51:00,,,,,Бородин А. В.,Ютэйр,Выдача до 30 минут
2026-06-18,ФВ 6185 ,СУ9,САНКТ-ПЕТЕРБУРГ(ПУЛКОВО),8,Y(А04),22:22,142,2026-06-18 22:33:00,2026-06-18 22:34:00,,2026-06-18 22:36:00,2026-06-18 22:38:00,2026-06-18 22:36:00,2026-06-18 22:38:00,2026-06-18 22:38:00,,1.0,2026-06-18 22:41:00,2026-06-18 22:42:00,,0.0,2026-06-18 22:38:00,2026-06-18 22:41:00,,,,,Саидов А. С.,Россия,Выдача до 30 минут
2026-06-18,ДР 466 ,73Х,УЛЬЯНОВСК(БАРАТАЕВКА),44,Y(А05),22:31,314,2026-06-18 22:39:00,2026-06-18 22:40:00,,2026-06-18 22:40:00,2026-06-18 22:43:00,2026-06-18 22:40:00,2026-06-18 22:43:00,2026-06-18 22:45:00,,1.0,2026-06-18 22:51:00,2026-06-18 22:52:00,,0.0,2026-06-18 22:44:00,2026-06-18 22:52:00,,,,,Королёв Е. А.,Победа,Выдача до 30 минут
2026-06-18,DV 813 ,738,АСТАНА(НУРСУЛТАН НАЗАРБАЕВ),20,Y(А13),22:35,836,2026-06-18 22:45:00,2026-06-18 22:49:00,1.0,2026-06-18 22:50:00,2026-06-18 22:55:00,2026-06-18 22:50:00,2026-06-18 22:55:00,2026-06-18 22:55:00,,,2026-06-18 23:01:00,2026-06-18 23:06:00,,0.0,2026-06-18 22:58:00,2026-06-18 23:02:00,,,,,Поляков К. Н.,SCAT Airlines,Выдача до 30 минут
2026-06-18,J2 805 ,76В,БАКУ(ИМ. ГЕЙДАРА АЛИЕВА),18,Y(А09),22:39,1501,2026-06-18 22:48:00,2026-06-18 22:51:00,,2026-06-18 22:53:00,2026-06-18 22:58:00,2026-06-18 22:53:00,2026-06-18 22:58:00,2026-06-18 23:02:00,,,2026-06-18 23:06:00,2026-06-18 23:07:00,,0.0,2026-06-18 22:53:00,2026-06-18 23:02:00,,,,,Виноградов А. А.,AZAL,Выдача до 30 минут
2026-06-18,PC 1580 ,32Н,АНТАЛЬЯ,23,Y(А11),22:45,2086,2026-06-18 22:53:00,2026-06-18 22:55:00,,2026-06-18 22:57:00,2026-06-18 23:13:00,2026-06-18 22:57:00,2026-06-18 23:13:00,2026-06-18 23:11:00,2.0,2.0,2026-06-18 23:10:00,2026-06-18 23:21:00,,0.0,2026-06-18 23:15:00,2026-06-18 23:20:00,2026-06-18 23:05:00,2026-06-18 23:09:00,,,Фанин - Богданов Анатолий Н. О.,Pegasus,Выдача до 30 минут
2026-06-18,ДР 964 ,73Х,ДАЛАМАН,49,Y(А12),22:47,1365,2026-06-18 22:55:00,2026-06-18 22:55:00,,2026-06-18 22:58:00,2026-06-18 23:08:00,2026-06-18 22:58:00,2026-06-18 23:08:00,2026-06-18 23:08:00,,1.0,2026-06-18 23:10:00,2026-06-18 23:19:00,,0.0,2026-06-18 23:05:00,2026-06-18 23:11:00,2026-06-18 23:10:00,2026-06-18 23:16:00,,,Ушаков П. А.,Победа,Выдача до 30 минут
2026-06-18,ЮТ 296 ,73Х,СУРГУТ,13,Y(А08),22:58,552,2026-06-18 23:07:00,2026-06-18 23:11:00,1.0,2026-06-18 23:10:00,2026-06-18 23:17:00,2026-06-18 23:10:00,2026-06-18 23:17:00,2026-06-18 23:15:00,2.0,3.0,2026-06-18 23:22:00,2026-06-18 23:24:00,,0.0,2026-06-18 23:19:00,2026-06-18 23:23:00,,,,,Ушаков Г. А.,Ютэйр,Выдача до 30 минут
2026-06-18,TK 411 ,333,СТАМБУЛ(СТАМБУЛ НЬЮ),22,Y(А10),23:02,5817,2026-06-18 23:16:00,2026-06-18 23:18:00,,2026-06-18 23:19:00,2026-06-18 23:35:00,2026-06-18 23:21:00,2026-06-18 23:35:00,2026-06-18 23:59:00,,,2026-06-18 23:34:00,2026-06-18 23:42:00,,0.0,2026-06-18 23:31:00,2026-06-18 23:40:00,2026-06-18 23:24:00,2026-06-18 23:34:00,2026-06-18 23:32:00,2026-06-18 23:41:00,"Корнилов Н. А., Соколов И. С.",Turkish Airlines,Выдача до 30 минут
2026-06-18,ДР 968 ,7С8,МИНСК(МИНСК ИНТЛ.),51,Y(А13),23:08,726,2026-06-18 23:15:00,2026-06-18 23:17:00,,2026-06-18 23:18:00,2026-06-18 23:22:00,2026-06-18 23:18:00,2026-06-18 23:22:00,2026-06-18 23:24:00,,,2026-06-18 23:33:00,2026-06-18 23:34:00,,0.0,2026-06-18 23:24:00,2026-06-18 23:31:00,,,,,Фартушный А. И.,Победа,Выдача до 30 минут
2026-06-18,ДР 742 ,7С8,ТАШКЕНТ(ТАШКЕНТ ИНТЛ.),50,0,23:11,195,2026-06-18 23:17:00,2026-06-18 23:19:00,,2026-06-18 23:21:00,2026-06-18 23:26:00,2026-06-18 23:21:00,2026-06-18 23:26:00,2026-06-18 23:22:00,4.0,4.0,,-1,,0.0,2026-06-18 23:27:00,2026-06-18 23:35:00,,,,,Попов Д. В.,Победа,Не определено
2026-06-18,ДР 170 ,73Х,МИНЕРАЛЬНЫЕ ВОДЫ,43,Y(А05),23:15,772,-1,,,2026-06-18 23:27:00,2026-06-18 23:36:00,2026-06-18 23:27:00,2026-06-18 23:36:00,,,4.0,2026-06-18 23:41:00,2026-06-18 23:43:00,,0.0,2026-06-18 23:36:00,2026-06-18 23:41:00,,,,,Королёв Е. А.,Победа,Некорректно проставлены отметки
2026-06-18,ДР 836 ,73Х,ГАЗИПАША,48,Y(А11),23:39,1893,2026-06-18 23:47:00,2026-06-18 23:48:00,,2026-06-18 23:49:00,2026-06-19 00:01:00,2026-06-18 23:49:00,2026-06-19 00:01:00,2026-06-19 00:04:00,,,2026-06-19 00:03:00,2026-06-19 00:11:00,,0.0,2026-06-18 23:54:00,2026-06-19 00:02:00,2026-06-19 00:06:00,2026-06-19 00:10:00,,,Михайлов М. С.,Победа,Выдача до 30 минут
2026-06-18,ДР 262 ,73Х,КАЛИНИНГРАД(ХРАБРОВО),47,Y(А07),23:46,688,2026-06-18 23:55:00,2026-06-18 23:57:00,,2026-06-18 23:58:00,2026-06-19 00:04:00,2026-06-18 23:58:00,2026-06-19 00:04:00,2026-06-19 00:04:00,,1.0,2026-06-19 00:12:00,2026-06-19 00:14:00,,0.0,2026-06-19 00:05:00,2026-06-19 00:12:00,,,,,Рустамов М. А.,Победа,Выдача до 30 минут
2026-06-19,А4 7036 ,СУ9,ПСКОВ(КРЕСТЫ),51A,Y(А05),00:04,261,2026-06-19 00:17:00,2026-06-19 00:21:00,1.0,2026-06-19 00:23:00,2026-06-19 00:25:00,2026-06-19 00:23:00,2026-06-19 00:25:00,2026-06-19 00:23:00,2.0,,2026-06-19 00:33:00,2026-06-19 00:34:00,,0.0,2026-06-19 00:27:00,2026-06-19 00:32:00,,,,,Науну М.,Азимут,Выдача до 30 минут
2026-06-19,PBD 860 ,73Х,АНТАЛЬЯ,46,Y(А12),00:21,1100,2026-06-19 00:29:00,2026-06-19 00:31:00,,2026-06-19 00:31:00,2026-06-19 00:39:00,2026-06-19 00:31:00,2026-06-19 00:39:00,2026-06-19 00:40:00,,1.0,2026-06-19 00:46:00,2026-06-19 00:48:00,,0.0,2026-06-19 00:39:00,2026-06-19 00:46:00,,,,,Баташан В. Ю.,Победа,Выдача до 30 минут
2026-06-19,4S 341 ,73Х,ХУРГАДА(ХУРГАДА ИНТЛ.),31,Y(А13),00:24,1957,2026-06-19 00:36:00,2026-06-19 00:37:00,,2026-06-19 00:41:00,2026-06-19 00:55:00,2026-06-19 00:41:00,2026-06-19 00:55:00,2026-06-19 00:53:00,2.0,1.0,2026-06-19 00:51:00,2026-06-19 01:02:00,,0.0,2026-06-19 00:47:00,2026-06-19 00:50:00,2026-06-19 00:58:00,2026-06-19 01:02:00,,,Саидов А. С.,Red Sea,Выдача до 30 минут
2026-06-19,J2 809 ,320,БАКУ(ИМ. ГЕЙДАРА АЛИЕВА),29,Y(А11),00:27,2043,2026-06-19 00:40:00,2026-06-19 00:42:00,,2026-06-19 00:43:00,2026-06-19 01:04:00,2026-06-19 00:44:00,2026-06-19 01:04:00,2026-06-19 00:58:00,6.0,6.0,2026-06-19 00:58:00,2026-06-19 01:04:00,,0.0,2026-06-19 00:52:00,2026-06-19 00:55:00,2026-06-19 01:01:00,2026-06-19 01:03:00,,,"Бородин А. В., Семиченков - Исаков С. А.",AZAL,Выдача до 30 минут
2026-06-19,TK 211 ,321,АНТАЛЬЯ,30,Y(А10),00:31,2359,2026-06-19 00:41:00,2026-06-19 00:42:00,,2026-06-19 00:45:00,2026-06-19 01:01:00,2026-06-19 00:45:00,2026-06-19 01:01:00,2026-06-19 01:01:00,,,2026-06-19 00:58:00,2026-06-19 01:06:00,,0.0,2026-06-19 00:56:00,2026-06-19 01:07:00,,,,,Ушаков Г. А.,Turkish Airlines,Выдача до 30 минут
2026-06-19,PBD 840 ,73Х,АНТАЛЬЯ,44,Y(А13),00:34,797,2026-06-19 00:43:00,2026-06-19 00:44:00,,2026-06-19 00:50:00,2026-06-19 00:54:00,2026-06-19 00:50:00,2026-06-19 00:54:00,2026-06-19 00:52:00,2.0,,2026-06-19 01:02:00,2026-06-19 01:04:00,,0.0,2026-06-19 00:56:00,2026-06-19 01:02:00,,,,,Кейта А. С.,Победа,Выдача до 30 минут
2026-06-19,TK 3060 ,32Б,АНТАЛЬЯ,20,Y(А09),00:37,2271,2026-06-19 00:46:00,2026-06-19 00:48:00,,2026-06-19 00:51:00,2026-06-19 01:05:00,2026-06-19 00:51:00,2026-06-19 01:05:00,2026-06-19 01:05:00,,,2026-06-19 01:07:00,2026-06-19 01:16:00,1.0,0.0,2026-06-19 01:04:00,2026-06-19 01:14:00,,,,,Поляков К. Н.,Turkish Airlines,Выдача до 30 минут
2026-06-19,TK 409 ,321,СТАМБУЛ(СТАМБУЛ НЬЮ),19,Y(А10),00:41,3917,2026-06-19 00:51:00,2026-06-19 00:54:00,,2026-06-19 00:57:00,2026-06-19 01:17:00,2026-06-19 00:57:00,2026-06-19 01:17:00,2026-06-19 01:21:00,,,2026-06-19 01:11:00,2026-06-19 01:16:00,,0.0,2026-06-19 01:03:00,2026-06-19 01:08:00,2026-06-19 01:09:00,2026-06-19 01:24:00,,,Виноградов А. А.,Turkish Airlines,Выдача до 30 минут
2026-06-19,ЮТ 358 ,73Х,САМАРА(КУРУМОЧ),12,Y(А05),00:43,394,2026-06-19 00:56:00,2026-06-19 00:56:00,,2026-06-19 00:58:00,2026-06-19 01:01:00,2026-06-19 00:59:00,2026-06-19 01:01:00,2026-06-19 01:03:00,,,2026-06-19 01:06:00,2026-06-19 01:08:00,,0.0,2026-06-19 01:01:00,2026-06-19 01:05:00,,,,,"Барабанов А. М., Лизенко Е. В.",Ютэйр,Выдача до 30 минут
2026-06-19,TK 3084 ,321,ДАЛАМАН,27,Y(А09),00:46,2413,2026-06-19 00:58:00,2026-06-19 01:00:00,,2026-06-19 01:02:00,2026-06-19 01:09:00,2026-06-19 01:02:00,2026-06-19 01:09:00,2026-06-19 01:18:00,,,2026-06-19 01:12:00,2026-06-19 01:25:00,,0.0,2026-06-19 01:04:00,2026-06-19 01:12:00,2026-06-19 01:08:00,2026-06-19 01:20:00,,,Соколов И. С.,Turkish Airlines,Выдача до 30 минут
2026-06-19,TK 3178 ,321,ДАЛАМАН,21,Y(А09),00:49,2456,2026-06-19 00:58:00,2026-06-19 00:59:00,,2026-06-19 01:03:00,2026-06-19 01:10:00,2026-06-19 01:03:00,2026-06-19 01:10:00,2026-06-19 01:18:00,,,2026-06-19 01:12:00,2026-06-19 01:20:00,,0.0,2026-06-19 01:04:00,2026-06-19 01:13:00,2026-06-19 01:10:00,2026-06-19 01:21:00,,,Фанин - Богданов Анатолий Н. О.,Turkish Airlines,Выдача до 30 минут
2026-06-19,ЮТ 746 ,73Х,БАКУ(ИМ. ГЕЙДАРА АЛИЕВА),11,Y(А12),00:52,1075,2026-06-19 01:01:00,2026-06-19 01:04:00,,2026-06-19 01:04:00,2026-06-19 01:18:00,2026-06-19 01:04:00,2026-06-19 01:18:00,2026-06-19 01:12:00,6.0,7.0,2026-06-19 01:23:00,2026-06-19 01:27:00,,0.0,2026-06-19 01:19:00,2026-06-19 01:22:00,,,,,Королев А. А.,Ютэйр,Выдача до 30 минут
2026-06-19,ФВ 6189 ,СУ9,САНКТ-ПЕТЕРБУРГ(ПУЛКОВО),8,Y(А04),01:13,303,2026-06-19 01:26:00,2026-06-19 01:28:00,,2026-06-19 01:32:00,2026-06-19 01:35:00,2026-06-19 01:32:00,2026-06-19 01:35:00,2026-06-19 01:32:00,3.0,1.0,2026-06-19 01:39:00,2026-06-19 01:40:00,,0.0,2026-06-19 01:36:00,2026-06-19 01:40:00,,,,,Ушаков П. А.,Россия,Выдача до 30 минут
2026-06-19,ДР 190B,7С8,МАХАЧКАЛА,50,Y(А05),01:26,336,2026-06-19 01:35:00,2026-06-19 01:37:00,,2026-06-19 01:36:00,2026-06-19 01:40:00,2026-06-19 01:36:00,2026-06-19 01:40:00,2026-06-19 01:41:00,,2.0,2026-06-19 01:46:00,2026-06-19 01:48:00,,0.0,2026-06-19 01:39:00,2026-06-19 01:46:00,,,,,Баташан В. Ю.,Победа,Выдача до 30 минут
2026-06-19,TK 3002 ,321,АНТАЛЬЯ,23,Y(А10),01:29,2353,2026-06-19 01:41:00,2026-06-19 01:43:00,,2026-06-19 01:46:00,2026-06-19 01:55:00,2026-06-19 01:46:00,2026-06-19 01:55:00,2026-06-19 02:01:00,,,2026-06-19 01:55:00,2026-06-19 02:00:00,,0.0,2026-06-19 01:56:00,2026-06-19 02:04:00,,,,,Королёв Е. А.,Turkish Airlines,Выдача до 30 минут
2026-06-19,ХИ 605 ,320,САМАРКАНД(САМАРКАНД ИНТЛ.),26,Y(А11),01:32,1446,2026-06-19 01:46:00,2026-06-19 01:49:00,,2026-06-19 01:50:00,2026-06-19 02:03:00,2026-06-19 01:50:00,2026-06-19 02:03:00,2026-06-19 02:00:00,3.0,3.0,2026-06-19 02:00:00,2026-06-19 02:08:00,,0.0,2026-06-19 01:56:00,2026-06-19 01:59:00,2026-06-19 02:04:00,2026-06-19 02:09:00,,,Фартушный А. И.,UZBEKISTAN AIRWAYS,Выдача до 30 минут
2026-06-19,3F 323 ,320,ЕРЕВАН(ЗВАРТНОЦ ИНТЛ),25,Y(А13),01:35,925,2026-06-19 01:44:00,2026-06-19 01:47:00,,2026-06-19 01:47:00,2026-06-19 01:53:00,2026-06-19 01:48:00,2026-06-19 01:53:00,2026-06-19 01:54:00,,,2026-06-19 02:03:00,2026-06-19 02:07:00,,0.0,2026-06-19 01:58:00,2026-06-19 02:03:00,,,,,"Корнилов Н. А., Михайлов М. С.",FLYONE Armenia,Выдача до 30 минут
2026-06-19,ФВ 6161 ,СУ9,САНКТ-ПЕТЕРБУРГ(ПУЛКОВО),10,Y(А04),02:01,186,2026-06-19 02:14:00,2026-06-19 02:16:00,,2026-06-19 02:17:00,2026-06-19 02:20:00,2026-06-19 02:17:00,2026-06-19 02:20:00,2026-06-19 02:19:00,1.0,2.0,2026-06-19 02:22:00,2026-06-19 02:23:00,,0.0,2026-06-19 02:20:00,2026-06-19 02:21:00,,,,,Рустамов М. А.,Россия,Выдача до 30 минут
2026-06-19,АЗО 7154D,СУ9,ВОЛГОГРАД(ГУМРАК),45,0,02:06,155,-1,,,2026-06-19 02:25:00,2026-06-19 02:26:00,2026-06-19 02:25:00,2026-06-19 02:26:00,,,,,-1,,0.0,2026-06-19 02:27:00,2026-06-19 02:34:00,,,,,Науну М.,Азимут,Не определено
2026-06-19,PC 1576 ,32Щ,АНТАЛЬЯ,30,Y(А13),02:11,2662,2026-06-19 02:22:00,2026-06-19 02:23:00,,2026-06-19 02:26:00,2026-06-19 02:48:00,2026-06-19 02:26:00,2026-06-19 02:48:00,2026-06-19 02:44:00,4.0,4.0,2026-06-19 02:37:00,2026-06-19 03:00:00,,8.0,2026-06-19 02:33:00,2026-06-19 02:38:00,2026-06-19 02:53:00,2026-06-19 02:56:00,,,Саидов А. С.,Pegasus,Выдача от 30 до 40 минут
2026-06-19,ДР 194D,73Х,НАЛЬЧИК,51,Y(А05),02:19,815,2026-06-19 02:31:00,2026-06-19 02:32:00,,2026-06-19 02:32:00,2026-06-19 02:39:00,2026-06-19 02:32:00,2026-06-19 02:39:00,2026-06-19 02:40:00,,2.0,2026-06-19 02:45:00,2026-06-19 02:49:00,,0.0,2026-06-19 02:40:00,2026-06-19 02:47:00,,,,,Барабанов А. М.,Победа,Выдача до 30 минут
2026-06-19,TK 3154 ,321,БОДРУМ(МИЛАС),18,Y(А09),02:21,2196,2026-06-19 02:33:00,2026-06-19 02:35:00,,2026-06-19 02:37:00,2026-06-19 02:46:00,2026-06-19 02:37:00,2026-06-19 02:46:00,2026-06-19 02:52:00,,,2026-06-19 02:47:00,2026-06-19 02:55:00,,0.0,2026-06-19 02:42:00,2026-06-19 02:57:00,,,,,Ушаков Г. А.,Turkish Airlines,Выдача до 30 минут
2026-06-19,TK 3036 ,321,АНТАЛЬЯ,24,Y(А10),02:26,3015,2026-06-19 02:40:00,2026-06-19 02:41:00,,2026-06-19 02:44:00,2026-06-19 03:00:00,2026-06-19 02:44:00,2026-06-19 03:00:00,2026-06-19 03:04:00,,,2026-06-19 02:56:00,2026-06-19 03:04:00,,0.0,2026-06-19 02:44:00,2026-06-19 02:56:00,2026-06-19 02:47:00,2026-06-19 03:04:00,,,Виноградов А. А.,Turkish Airlines,Выдача до 30 минут
2026-06-19,VF 275 ,73Х,СТАМБУЛ(САБИХА ГОКЦЕН),37,Y(А11),02:30,1889,2026-06-19 03:05:00,2026-06-19 03:07:00,,2026-06-19 03:07:00,2026-06-19 03:23:00,2026-06-19 03:07:00,2026-06-19 03:23:00,2026-06-19 03:22:00,1.0,3.0,2026-06-19 03:24:00,2026-06-19 03:31:00,,0.0,2026-06-19 03:12:00,2026-06-19 03:18:00,2026-06-19 03:24:00,2026-06-19 03:30:00,,,Лизенко Е. В.,AJET,Выдача до 30 минут
2026-06-19,ЮТ 810B,73Х,САМАРКАНД(САМАРКАНД ИНТЛ.),49,Y(А12),02:36,837,2026-06-19 02:44:00,2026-06-19 02:45:00,,2026-06-19 02:48:00,2026-06-19 02:54:00,2026-06-19 02:48:00,2026-06-19 02:54:00,2026-06-19 02:54:00,,,2026-06-19 03:02:00,2026-06-19 03:07:00,,0.0,2026-06-19 02:55:00,2026-06-19 03:02:00,,,,,Прохачев И. А.,Ютэйр,Выдача до 30 минут
2026-06-19,PC 1521 ,32Н,ИЗМИР(АДНАН МЕНДЕРЕС),20,Y(А12),02:39,1882,2026-06-19 02:51:00,2026-06-19 02:52:00,,2026-06-19 02:55:00,2026-06-19 03:12:00,2026-06-19 02:55:00,2026-06-19 03:12:00,2026-06-19 03:08:00,4.0,4.0,2026-06-19 03:07:00,2026-06-19 03:19:00,,0.0,2026-06-19 03:02:00,2026-06-19 03:07:00,2026-06-19 03:12:00,2026-06-19 03:17:00,,,Бородин А. В.,Pegasus,Выдача до 30 минут
2026-06-19,FZ 987 ,7М8,ДУБАЙ(ДУБАЙ ИНТЛ.),29,Y(А13),02:41,2015,2026-06-19 02:53:00,2026-06-19 02:54:00,,2026-06-19 02:54:00,2026-06-19 03:10:00,2026-06-19 02:54:00,2026-06-19 03:10:00,2026-06-19 03:10:00,,3.0,2026-06-19 03:06:00,2026-06-19 03:22:00,,0.0,2026-06-19 03:02:00,2026-06-19 03:05:00,2026-06-19 03:16:00,2026-06-19 03:21:00,,,Рустамов М. А.,flydubai,Выдача до 30 минут
2026-06-19,ЮТ 768 ,735,ЛЕНКОРАНЬ,16,Y(А11),02:44,492,2026-06-19 02:54:00,2026-06-19 02:56:00,,2026-06-19 03:07:00,2026-06-19 03:10:00,2026-06-19 03:07:00,2026-06-19 03:10:00,2026-06-19 03:01:00,9.0,,2026-06-19 03:17:00,2026-06-19 03:23:00,,0.0,2026-06-19 03:11:00,2026-06-19 03:17:00,,,,,Михайлов М. С.,Ютэйр,Выдача до 30 минут
2026-06-19,J2 5830A,320,ГЯНДЖА,27,Y(А10),02:48,2185,2026-06-19 03:00:00,2026-06-19 03:03:00,,2026-06-19 03:08:00,2026-06-19 03:28:00,2026-06-19 03:08:00,2026-06-19 03:28:00,2026-06-19 03:19:00,9.0,5.0,2026-06-19 03:19:00,2026-06-19 03:35:00,,5.0,2026-06-19 03:15:00,2026-06-19 03:20:00,2026-06-19 03:30:00,2026-06-19 03:35:00,,,Баташан В. Ю.,AZAL,Выдача от 30 до 40 минут
2026-06-19,TK 421 ,333,СТАМБУЛ(СТАМБУЛ НЬЮ),22,Y(А09),02:52,5138,2026-06-19 03:03:00,2026-06-19 03:04:00,,2026-06-19 03:08:00,2026-06-19 03:17:00,2026-06-19 03:08:00,2026-06-19 03:17:00,2026-06-19 03:41:00,,,2026-06-19 03:15:00,2026-06-19 03:31:00,,0.0,2026-06-19 03:09:00,2026-06-19 03:23:00,2026-06-19 03:09:00,2026-06-19 03:15:00,2026-06-19 03:22:00,2026-06-19 03:41:00,Фанин - Богданов Анатолий Н. О.,Turkish Airlines,Выдача до 30 минут
2026-06-19,ЮТ 374B,734,МИНЕРАЛЬНЫЕ ВОДЫ,15,Y(А06),02:56,1009,2026-06-19 03:05:00,2026-06-19 03:06:00,,2026-06-19 03:10:00,2026-06-19 03:17:00,2026-06-19 03:10:00,2026-06-19 03:17:00,2026-06-19 03:16:00,1.0,,2026-06-19 03:30:00,2026-06-19 03:31:00,5.0,0.0,2026-06-19 03:18:00,2026-06-19 03:24:00,,,,,Королев А. А.,Ютэйр,Выдача до 30 минут
2026-06-19,NE 490 ,320,ХУРГАДА(ХУРГАДА ИНТЛ.),23,Y(А13),03:02,1597,2026-06-19 03:15:00,2026-06-19 03:18:00,,2026-06-19 03:27:00,2026-06-19 03:41:00,2026-06-19 03:27:00,2026-06-19 03:41:00,2026-06-19 03:30:00,11.0,3.0,2026-06-19 03:38:00,2026-06-19 03:50:00,3.0,5.0,2026-06-19 03:32:00,2026-06-19 03:37:00,2026-06-19 03:47:00,2026-06-19 03:51:00,,,Королёв Е. А.,Nesma Airlines,Выдача от 30 до 40 минут
2026-06-19,PC 386 ,32Щ,СТАМБУЛ(САБИХА ГОКЦЕН),19,Y(А10),03:33,2465,2026-06-19 03:40:00,2026-06-19 03:42:00,,2026-06-19 03:45:00,2026-06-19 04:07:00,2026-06-19 03:45:00,2026-06-19 04:07:00,2026-06-19 04:00:00,7.0,6.0,2026-06-19 03:55:00,2026-06-19 04:17:00,,7.0,2026-06-19 03:55:00,2026-06-19 04:14:00,2026-06-19 03:50:00,2026-06-19 03:55:00,,,Саидов А. С.,Pegasus,Выдача от 30 до 40 минут
2026-06-19,TK 3122 ,32Б,БОДРУМ(МИЛАС),25,Y(А09),03:36,2002,2026-06-19 03:51:00,2026-06-19 03:54:00,,2026-06-19 03:54:00,2026-06-19 04:09:00,2026-06-19 03:54:00,2026-06-19 04:09:00,2026-06-19 04:08:00,1.0,2.0,2026-06-19 04:05:00,2026-06-19 04:14:00,,0.0,2026-06-19 03:55:00,2026-06-19 04:15:00,,,,,Михайлов М. С.,Turkish Airlines,Выдача до 30 минут
2026-06-19,4S 325 ,73Х,ШАРМ ЭЛЬ ШЕЙХ(ШАРМ ЭЛЬ ШЕЙХ ИНТЛ.),21,Y(А13),03:40,2179,2026-06-19 03:48:00,2026-06-19 03:53:00,2.0,2026-06-19 03:52:00,2026-06-19 04:13:00,2026-06-19 03:52:00,2026-06-19 04:13:00,2026-06-19 04:07:00,6.0,6.0,2026-06-19 04:07:00,2026-06-19 04:20:00,,2.0,2026-06-19 04:00:00,2026-06-19 04:06:00,2026-06-19 04:08:00,2026-06-19 04:20:00,,,Ушаков Г. А.,Red Sea,Выдача от 30 до 40 минут
2026-06-19,NE 600 ,320,ХУРГАДА(ХУРГАДА ИНТЛ.),26,Y(А12),03:43,1931,2026-06-19 03:52:00,2026-06-19 03:57:00,2.0,2026-06-19 04:00:00,2026-06-19 04:12:00,2026-06-19 04:00:00,2026-06-19 04:12:00,2026-06-19 04:09:00,3.0,,2026-06-19 04:09:00,2026-06-19 04:20:00,,0.0,2026-06-19 04:05:00,2026-06-19 04:08:00,2026-06-19 04:11:00,2026-06-19 04:18:00,,,Фартушный А. И.,Nesma Airlines,Выдача до 30 минут
2026-06-19,ЖГ 932 ,73Й,ТБИЛИСИ(ТБИЛИСИ ИНТЛ.),30,Y(А10),04:07,2890,2026-06-19 04:17:00,2026-06-19 04:20:00,,2026-06-19 04:19:00,2026-06-19 04:54:00,2026-06-19 04:19:00,2026-06-19 04:54:00,2026-06-19 04:40:00,14.0,16.0,2026-06-19 04:29:00,2026-06-19 04:58:00,,11.0,2026-06-19 04:25:00,2026-06-19 04:30:00,2026-06-19 04:29:00,2026-06-19 04:58:00,,,"Виноградов А. А., Рустамов М. А.",GEORGIAN AIRWAYS,Выдача более 40 минут
2026-06-19,ЮТ 784B,73Х,АНТАЛЬЯ,46,Y(А11),04:10,1665,2026-06-19 04:18:00,2026-06-19 04:23:00,2.0,2026-06-19 04:23:00,2026-06-19 04:35:00,2026-06-19 04:29:00,2026-06-19 04:35:00,2026-06-19 04:33:00,2.0,,2026-06-19 04:38:00,2026-06-19 04:42:00,,0.0,2026-06-19 04:31:00,2026-06-19 04:37:00,2026-06-19 04:35:00,2026-06-19 04:42:00,,,"Баташан В. Ю., Науну М.",Ютэйр,Выдача до 30 минут
2026-06-19,NE 634 ,320,ШАРМ ЭЛЬ ШЕЙХ(ШАРМ ЭЛЬ ШЕЙХ ИНТЛ.),27,Y(А12),04:15,135,2026-06-19 04:24:00,2026-06-19 04:28:00,1.0,2026-06-19 04:30:00,2026-06-19 04:40:00,2026-06-19 04:30:00,2026-06-19 04:40:00,2026-06-19 04:29:00,11.0,9.0,2026-06-19 04:45:00,2026-06-19 04:50:00,1.0,0.0,2026-06-19 04:41:00,2026-06-19 04:45:00,,,,,Лизенко Е. В.,Nesma Airlines,Выдача до 30 минут
2026-06-19,TK 217 ,321,АНТАЛЬЯ,24,Y(А09),04:19,2146,2026-06-19 04:36:00,2026-06-19 04:38:00,,2026-06-19 04:41:00,2026-06-19 04:56:00,2026-06-19 04:41:00,2026-06-19 04:56:00,2026-06-19 04:54:00,2.0,1.0,2026-06-19 04:53:00,2026-06-19 05:05:00,,0.0,2026-06-19 04:47:00,2026-06-19 05:05:00,,,,,Прохачев И. А.,Turkish Airlines,Выдача до 30 минут
2026-06-19,VF 587 ,73Х,АНКАРА(ЕСЕНБОГА),18,Y(А13),04:40,1986,2026-06-19 04:48:00,2026-06-19 04:51:00,,2026-06-19 04:51:00,2026-06-19 05:05:00,2026-06-19 04:51:00,2026-06-19 05:05:00,2026-06-19 05:05:00,,1.0,2026-06-19 05:08:00,2026-06-19 05:14:00,,0.0,2026-06-19 04:58:00,2026-06-19 05:05:00,2026-06-19 05:08:00,2026-06-19 05:14:00,,,Рустамов М. А.,AJET,Выдача до 30 минут
2026-06-19,PC 1456 ,32Щ,БОДРУМ(МИЛАС),29,Y(А10),04:43,2147,2026-06-19 04:53:00,2026-06-19 04:55:00,,2026-06-19 04:55:00,2026-06-19 05:12:00,2026-06-19 04:55:00,2026-06-19 05:12:00,2026-06-19 05:11:00,1.0,3.0,2026-06-19 05:08:00,2026-06-19 05:18:00,,0.0,2026-06-19 05:04:00,2026-06-19 05:07:00,2026-06-19 05:15:00,2026-06-19 05:19:00,,,Королёв Е. А.,Pegasus,Выдача до 30 минут
2026-06-19,ДР 994B,7С8,СТАМБУЛ(СТАМБУЛ НЬЮ),47,Y(А13),04:45,883,2026-06-19 04:52:00,2026-06-19 04:55:00,,2026-06-19 04:57:00,2026-06-19 05:04:00,2026-06-19 04:57:00,2026-06-19 05:04:00,2026-06-19 05:02:00,2.0,1.0,2026-06-19 05:04:00,2026-06-19 05:05:00,,0.0,2026-06-19 05:05:00,2026-06-19 05:12:00,,,,,Фанин - Богданов Анатолий Н. О.,Победа,Выдача до 30 минут
2026-06-19,VF 277 ,73Х,СТАМБУЛ(САБИХА ГОКЦЕН),19,Y(А09),04:48,2198,2026-06-19 04:58:00,2026-06-19 04:58:00,,2026-06-19 05:12:00,2026-06-19 05:31:00,2026-06-19 05:12:00,2026-06-19 05:31:00,2026-06-19 05:17:00,14.0,4.0,2026-06-19 05:23:00,2026-06-19 05:38:00,5.0,10.0,2026-06-19 05:18:00,2026-06-19 05:24:00,2026-06-19 05:32:00,2026-06-19 05:38:00,,,Саидов А. С.,AJET,Выдача от 30 до 40 минут
2026-06-19,ХИ 9619A,32Н,НАМАНГАН,23,Y(А12),04:51,1603,2026-06-19 05:07:00,2026-06-19 05:09:00,,2026-06-19 05:10:00,2026-06-19 05:23:00,2026-06-19 05:10:00,2026-06-19 05:23:00,2026-06-19 05:22:00,1.0,2.0,2026-06-19 05:24:00,2026-06-19 05:31:00,,0.0,2026-06-19 05:19:00,2026-06-19 05:23:00,2026-06-19 05:25:00,2026-06-19 05:30:00,,,Михайлов М. С.,UZBEKISTAN AIRWAYS,Выдача до 30 минут
2026-06-19,TK 419 ,333,СТАМБУЛ(СТАМБУЛ НЬЮ),22,Y(А10),05:18,3990,2026-06-19 05:29:00,2026-06-19 05:39:00,7.0,2026-06-19 05:34:00,2026-06-19 05:49:00,2026-06-19 05:34:00,2026-06-19 05:49:00,2026-06-19 06:00:00,,,2026-06-19 05:50:00,2026-06-19 05:56:00,1.0,0.0,2026-06-19 05:34:00,2026-06-19 05:50:00,2026-06-19 05:35:00,2026-06-19 06:08:00,,,Королев А. А.,Turkish Airlines,Выдача до 30 минут
2026-06-19,4S 315 ,7С8,ШАРМ ЭЛЬ ШЕЙХ(ШАРМ ЭЛЬ ШЕЙХ ИНТЛ.),21,Y(А13),05:22,2150,2026-06-19 05:30:00,2026-06-19 05:35:00,2.0,2026-06-19 05:34:00,2026-06-19 05:52:00,2026-06-19 05:34:00,2026-06-19 05:52:00,2026-06-19 05:48:00,4.0,4.0,2026-06-19 05:45:00,2026-06-19 05:59:00,,0.0,2026-06-19 05:39:00,2026-06-19 05:45:00,2026-06-19 05:52:00,2026-06-19 05:57:00,,,Бородин А. В.,Red Sea,Выдача до 30 минут
2026-06-19,ЮТ 802B,73Х,ДУШАНБЕ(ДУШАНБЕ ИНТЛ.),44,0,05:25,863,2026-06-19 05:32:00,2026-06-19 05:34:00,,2026-06-19 05:36:00,2026-06-19 05:42:00,2026-06-19 05:36:00,2026-06-19 05:42:00,2026-06-19 05:42:00,,,,-1,,0.0,2026-06-19 05:44:00,2026-06-19 05:59:00,,,,,Корнилов Н. А.,Ютэйр,Не определено
2026-06-19,ХИ 9627A,32Н,ФЕРГАНА(ФЕРГАНА ИНТЛ.),25,Y(А11),05:28,1908,2026-06-19 05:42:00,2026-06-19 05:42:00,,2026-06-19 05:43:00,2026-06-19 06:00:00,2026-06-19 05:43:00,2026-06-19 06:00:00,2026-06-19 05:59:00,1.0,4.0,2026-06-19 05:52:00,2026-06-19 06:09:00,,0.0,2026-06-19 05:49:00,2026-06-19 05:53:00,2026-06-19 06:01:00,2026-06-19 06:05:00,,,Барабанов А. М.,UZBEKISTAN AIRWAYS,Выдача до 30 минут
2026-06-19,ЮТ 250B,734,СОЧИ,14,Y(А05),05:32,704,2026-06-19 05:43:00,2026-06-19 05:49:00,3.0,2026-06-19 05:47:00,2026-06-19 05:55:00,2026-06-19 05:47:00,2026-06-19 05:55:00,2026-06-19 05:52:00,3.0,3.0,2026-06-19 05:58:00,2026-06-19 05:59:00,,0.0,2026-06-19 05:56:00,2026-06-19 05:59:00,,,,,Лизенко Е. В.,Ютэйр,Выдача до 30 минут
2026-06-19,ДР 1422B,7С8,САМАРА(КУРУМОЧ),48,Y(А04),05:35,144,2026-06-19 05:46:00,2026-06-19 05:49:00,,2026-06-19 05:50:00,2026-06-19 05:52:00,2026-06-19 05:50:00,2026-06-19 05:52:00,2026-06-19 05:51:00,1.0,1.0,2026-06-19 06:03:00,2026-06-19 06:04:00,,0.0,2026-06-19 05:58:00,2026-06-19 06:03:00,,,,,Фанин - Богданов Анатолий Н. О.,Победа,Выдача до 30 минут
2026-06-19,ДР 168B,73Х,МИНЕРАЛЬНЫЕ ВОДЫ,8,Y(А07),05:43,464,2026-06-19 05:54:00,2026-06-19 05:56:00,,2026-06-19 05:56:00,2026-06-19 06:02:00,2026-06-19 05:56:00,2026-06-19 06:02:00,2026-06-19 06:01:00,1.0,3.0,2026-06-19 06:05:00,2026-06-19 06:07:00,,0.0,2026-06-19 06:01:00,2026-06-19 06:07:00,,,,,Науну М.,Победа,Выдача до 30 минут
2026-06-19,PC 390 ,32Щ,СТАМБУЛ(САБИХА ГОКЦЕН),27,Y(А12),05:47,1884,2026-06-19 05:58:00,2026-06-19 06:01:00,,2026-06-19 06:04:00,2026-06-19 06:16:00,2026-06-19 06:04:00,2026-06-19 06:16:00,2026-06-19 06:15:00,1.0,,2026-06-19 06:14:00,2026-06-19 06:23:00,,0.0,2026-06-19 06:10:00,2026-06-19 06:15:00,2026-06-19 06:19:00,2026-06-19 06:22:00,,,Фартушный А. И.,Pegasus,Выдача до 30 минут
2026-06-19,ЮВ 303 ,ЦР2,БУГУЛЬМА,42A,Y(А04),05:49,176,2026-06-19 05:59:00,2026-06-19 05:59:00,,2026-06-19 06:00:00,2026-06-19 06:01:00,2026-06-19 06:00:00,2026-06-19 06:01:00,2026-06-19 06:04:00,,,2026-06-19 06:10:00,2026-06-19 06:12:00,,0.0,2026-06-19 06:04:00,2026-06-19 06:11:00,,,,,Баташан В. Ю.,ЮВТ АЭРО,Выдача до 30 минут
2026-06-19,7Q 1777 ,320,ТАШКЕНТ(ТАШКЕНТ ИНТЛ.),26,Y(А09),05:53,1836,2026-06-19 06:04:00,2026-06-19 06:07:00,,2026-06-19 06:12:00,2026-06-19 06:22:00,2026-06-19 06:12:00,2026-06-19 06:22:00,2026-06-19 06:20:00,2.0,,2026-06-19 06:21:00,2026-06-19 06:30:00,,0.0,2026-06-19 06:18:00,2026-06-19 06:23:00,2026-06-19 06:25:00,2026-06-19 06:31:00,,,Прохачев И. А.,Asia Union Airlines,Выдача до 30 минут
2026-06-19,ДР 198B,73Х,ВЛАДИКАВКАЗ(БЕСЛАН),62,Y(А05),06:26,648,2026-06-19 06:31:00,2026-06-19 06:37:00,3.0,2026-06-19 06:41:00,2026-06-19 06:45:00,2026-06-19 06:41:00,2026-06-19 06:45:00,2026-06-19 06:39:00,6.0,,2026-06-19 06:56:00,2026-06-19 06:59:00,,0.0,2026-06-19 06:49:00,2026-06-19 06:57:00,,,,,Ушаков Г. А.,Победа,Выдача до 30 минут
2026-06-19,ЮТ 802F,73Х,ДУШАНБЕ(ДУШАНБЕ ИНТЛ.),30,Y(А09),06:29,2287,2026-06-19 06:40:00,2026-06-19 06:41:00,,2026-06-19 06:43:00,2026-06-19 07:08:00,2026-06-19 06:43:00,2026-06-19 07:08:00,2026-06-19 06:59:00,9.0,10.0,2026-06-19 06:52:00,2026-06-19 07:07:00,,0.0,2026-06-19 06:54:00,2026-06-19 06:55:00,2026-06-19 07:04:00,2026-06-19 07:07:00,,,Рустамов М. А.,Ютэйр,Выдача до 30 минут
2026-06-19,PC 1458 ,32Щ,ДАЛАМАН,29,Y(А13),06:45,2270,2026-06-19 06:56:00,2026-06-19 06:59:00,,2026-06-19 06:59:00,2026-06-19 07:16:00,2026-06-19 06:59:00,2026-06-19 07:16:00,2026-06-19 07:15:00,1.0,2.0,2026-06-19 07:09:00,2026-06-19 07:20:00,,0.0,2026-06-19 07:06:00,2026-06-19 07:09:00,2026-06-19 07:15:00,2026-06-19 07:19:00,,,Науну М.,Pegasus,Выдача до 30 минут
2026-06-19,TK 407 ,333,СТАМБУЛ(СТАМБУЛ НЬЮ),18,Y(А10),06:47,4247,2026-06-19 07:00:00,2026-06-19 07:03:00,,2026-06-19 07:04:00,2026-06-19 07:17:00,2026-06-19 07:08:00,2026-06-19 07:17:00,2026-06-19 07:32:00,,,2026-06-19 07:19:00,2026-06-19 07:24:00,,0.0,2026-06-19 07:08:00,2026-06-19 07:17:00,2026-06-19 07:27:00,2026-06-19 07:28:00,,,"Давлатов Б. Ч., Чеканов В. А.",Turkish Airlines,Выдача до 30 минут
2026-06-19,TK 3014 ,321,АНТАЛЬЯ,24,0,06:52,0,2026-06-19 07:03:00,2026-06-19 07:06:00,,2026-06-19 07:11:00,2026-06-19 07:22:00,2026-06-19 07:11:00,2026-06-19 07:22:00,,,11.0,,-1,,0.0,2026-06-19 07:11:00,2026-06-19 07:21:00,2026-06-19 07:30:00,2026-06-19 07:31:00,,,"Дубинский В. Д., Михайлов М. С.",Turkish Airlines,Не определено
2026-06-19,ДР 476 ,73Х,САРАТОВ(ГАГАРИН),51,Y(А04),06:54,350,2026-06-19 07:05:00,2026-06-19 07:06:00,,2026-06-19 07:08:00,2026-06-19 07:12:00,2026-06-19 07:08:00,2026-06-19 07:12:00,2026-06-19 07:11:00,1.0,2.0,2026-06-19 07:18:00,2026-06-19 07:19:00,,0.0,2026-06-19 07:13:00,2026-06-19 07:18:00,,,,,Саидов А. С.,Победа,Выдача до 30 минут
2026-06-19,NE 618 ,320,ХУРГАДА(ХУРГАДА ИНТЛ.),25,Y(А13),07:42,1632,2026-06-19 07:52:00,2026-06-19 07:54:00,,2026-06-19 07:55:00,2026-06-19 08:06:00,2026-06-19 07:55:00,2026-06-19 08:06:00,2026-06-19 08:07:00,,,2026-06-19 08:05:00,2026-06-19 08:16:00,,0.0,2026-06-19 08:01:00,2026-06-19 08:05:00,2026-06-19 08:11:00,2026-06-19 08:15:00,,,Омурбе У. Б.,Nesma Airlines,Выдача до 30 минут
2026-06-19,ФВ 6019 ,СУ9,САНКТ-ПЕТЕРБУРГ(ПУЛКОВО),8,Y(А04),07:42,100,2026-06-19 07:54:00,2026-06-19 07:57:00,,2026-06-19 07:57:00,2026-06-19 07:58:00,2026-06-19 07:57:00,2026-06-19 07:58:00,2026-06-19 07:59:00,,,2026-06-19 08:00:00,2026-06-19 08:01:00,,0.0,2026-06-19 07:58:00,2026-06-19 08:02:00,,,,,Рябчевский В. О.,Россия,Выдача до 30 минут
2026-06-19,ЮТ 454 ,73Х,ТЮМЕНЬ(РОЩИНО),21,Y(А07),07:49,685,2026-06-19 07:58:00,2026-06-19 07:58:00,,2026-06-19 08:00:00,2026-06-19 08:05:00,2026-06-19 08:00:00,2026-06-19 08:05:00,2026-06-19 08:07:00,,,2026-06-19 08:09:00,2026-06-19 08:12:00,,0.0,2026-06-19 08:09:00,2026-06-19 08:11:00,,,,,Воробьев Т. А.,Ютэйр,Выдача до 30 минут
2026-06-19,ЮТ 572 ,73Х,КРАСНОЯРСК,12,Y(А06),07:55,797,2026-06-19 08:05:00,2026-06-19 08:05:00,,2026-06-19 08:09:00,2026-06-19 08:16:00,2026-06-19 08:11:00,2026-06-19 08:16:00,2026-06-19 08:14:00,2.0,,2026-06-19 08:21:00,2026-06-19 08:26:00,,0.0,2026-06-19 08:18:00,2026-06-19 08:23:00,,,,,"Додаров Ф. М., Иванов В. А.",Ютэйр,Выдача до 30 минут
2026-06-19,ЮТ 248 ,734,СУРГУТ,17,Y(А08),08:28,626,2026-06-19 08:36:00,2026-06-19 08:37:00,,2026-06-19 08:41:00,2026-06-19 08:44:00,2026-06-19 08:41:00,2026-06-19 08:44:00,2026-06-19 08:44:00,,,2026-06-19 08:51:00,2026-06-19 08:52:00,,0.0,2026-06-19 08:48:00,2026-06-19 08:52:00,,,,,Фаёзов А. Р.,Ютэйр,Выдача до 30 минут
2026-06-19,ЮТ 364 ,735,УФА,15,Y(А05),08:31,256,2026-06-19 08:45:00,2026-06-19 08:47:00,,2026-06-19 08:52:00,2026-06-19 08:57:00,2026-06-19 08:52:00,2026-06-19 08:57:00,2026-06-19 08:51:00,6.0,3.0,2026-06-19 09:03:00,2026-06-19 09:04:00,,0.0,2026-06-19 08:59:00,2026-06-19 09:02:00,,,,,Екимов С. С.,Ютэйр,Выдача до 30 минут
2026-06-19,ФВ 6051 ,СУ9,САНКТ-ПЕТЕРБУРГ(ПУЛКОВО),9,Y(А04),08:35,20,2026-06-19 08:44:00,2026-06-19 08:46:00,,2026-06-19 08:47:00,2026-06-19 08:48:00,2026-06-19 08:47:00,2026-06-19 08:48:00,2026-06-19 08:48:00,,1.0,2026-06-19 08:51:00,2026-06-19 08:52:00,,0.0,2026-06-19 08:48:00,2026-06-19 08:51:00,,,,,Саидов А. С.,Россия,Выдача до 30 минут
2026-06-19,ЮТ 560 ,73Х,МАХАЧКАЛА,11,Y(А05),08:40,474,2026-06-19 08:49:00,2026-06-19 08:51:00,,2026-06-19 08:53:00,2026-06-19 08:57:00,2026-06-19 08:53:00,2026-06-19 08:57:00,2026-06-19 08:56:00,1.0,1.0,2026-06-19 09:01:00,2026-06-19 09:02:00,,0.0,2026-06-19 08:59:00,2026-06-19 09:01:00,,,,,Демчук Д. П.,Ютэйр,Выдача до 30 минут
2026-06-19,ЮТ 352 ,73Е,ХАНТЫ-МАНСИЙСК,10,Y(А07),08:43,541,2026-06-19 08:54:00,2026-06-19 08:54:00,,2026-06-19 09:07:00,2026-06-19 09:21:00,2026-06-19 09:20:00,2026-06-19 09:21:00,2026-06-19 09:02:00,19.0,,2026-06-19 09:16:00,2026-06-19 09:19:00,2.0,0.0,2026-06-19 09:13:00,2026-06-19 09:16:00,,,,,"Давлатов Б. Ч., Дубинский В. Д.",Ютэйр,Выдача до 30 минут
2026-06-19,DV 809 ,738,АЛМАТЫ(АЛМАТЫ ИНТЛ.),19,Y(А13),08:46,1218,2026-06-19 09:04:00,2026-06-19 09:04:00,,2026-06-19 09:06:00,2026-06-19 09:13:00,2026-06-19 09:06:00,2026-06-19 09:13:00,2026-06-19 09:16:00,,,2026-06-19 09:16:00,2026-06-19 09:21:00,,0.0,2026-06-19 09:16:00,2026-06-19 09:21:00,2026-06-19 09:09:00,2026-06-19 09:16:00,,,"Каламбеков У. О., Рябчевский В. О.",SCAT Airlines,Выдача до 30 минут
2026-06-19,AZO 7154 ,СУ9,БАТУМИ,28,Y(А11),09:32,697,2026-06-19 09:47:00,2026-06-19 09:48:00,,2026-06-19 09:51:00,2026-06-19 09:58:00,2026-06-19 09:51:00,2026-06-19 09:58:00,2026-06-19 09:56:00,2.0,2.0,2026-06-19 10:02:00,2026-06-19 10:03:00,,0.0,2026-06-19 10:00:00,2026-06-19 10:01:00,,,,,"Демчук Д. П., Черкас В. А.",GEORGIAN AIRWAYS,Выдача до 30 минут
2026-06-19,3F 321 ,321,ЕРЕВАН(ЗВАРТНОЦ ИНТЛ),29,Y(А13),09:36,1301,2026-06-19 09:47:00,2026-06-19 09:50:00,,2026-06-19 09:51:00,2026-06-19 09:58:00,2026-06-19 09:56:00,2026-06-19 09:58:00,2026-06-19 10:00:00,,,2026-06-19 09:58:00,2026-06-19 10:03:00,,0.0,2026-06-19 09:54:00,2026-06-19 09:58:00,2026-06-19 10:03:00,2026-06-19 10:04:00,,,"Гаврилов В. А., Чеканов В. А.",FLYONE Armenia,Выдача до 30 минут
2026-06-19,ЯМ 597 ,73Х,МИРНЫЙ,6,Y(А06),09:38,1800,2026-06-19 09:47:00,2026-06-19 09:49:00,,2026-06-19 09:52:00,2026-06-19 10:11:00,2026-06-19 09:52:00,2026-06-19 10:11:00,2026-06-19 10:03:00,8.0,7.0,2026-06-19 10:01:00,2026-06-19 10:15:00,,0.0,2026-06-19 09:58:00,2026-06-19 10:00:00,2026-06-19 10:12:00,2026-06-19 10:16:00,,,Додаров Ф. М.,Алроса,Выдача до 30 минут
2026-06-19,ФВ 6003 ,СУ9,САНКТ-ПЕТЕРБУРГ(ПУЛКОВО),8,Y(А04),09:41,40,2026-06-19 09:50:00,2026-06-19 09:52:00,,2026-06-19 09:53:00,2026-06-19 09:54:00,2026-06-19 09:53:00,2026-06-19 09:54:00,2026-06-19 09:54:00,,1.0,2026-06-19 09:58:00,2026-06-19 09:59:00,,0.0,2026-06-19 09:55:00,2026-06-19 10:00:00,,,,,Аганин А. А.,Россия,Выдача до 30 минут
2026-06-19,ВГ 2390 ,ЯК4,ВОЛОГДА,45,0,09:47,70,2026-06-19 09:54:00,2026-06-19 09:54:00,,2026-06-19 09:57:00,2026-06-19 09:58:00,2026-06-19 09:57:00,2026-06-19 09:58:00,2026-06-19 09:58:00,,1.0,,-1,,0.0,,,,,,,Фаёзов А. Р.,Вологодское АП,Не определено
2026-06-19,ФВ 6013 ,СУ9,САНКТ-ПЕТЕРБУРГ(ПУЛКОВО),9,Y(А04),09:54,69,2026-06-19 10:04:00,2026-06-19 10:06:00,,2026-06-19 10:07:00,2026-06-19 10:08:00,2026-06-19 10:07:00,2026-06-19 10:08:00,2026-06-19 10:08:00,,1.0,2026-06-19 10:11:00,2026-06-19 10:12:00,,0.0,2026-06-19 10:08:00,2026-06-19 10:10:00,,,,,Омурбе У. Б.,Россия,Выдача до 30 минут
2026-06-19,DV 801 ,7М8,ШЫМКЕНТ(ШЫМКЕНТ ИНТЛ.),18,Y(А13),10:38,1131,2026-06-19 10:44:00,2026-06-19 10:46:00,,2026-06-19 10:47:00,2026-06-19 10:57:00,2026-06-19 10:47:00,2026-06-19 10:57:00,2026-06-19 10:56:00,1.0,2.0,2026-06-19 11:21:00,2026-06-19 11:22:00,17.0,8.0,2026-06-19 10:59:00,2026-06-19 11:05:00,,,,,Рябчевский В. О.,SCAT Airlines,Выдача от 30 до 40 минут
2026-06-19,ДР 1188 ,73Х,МАХАЧКАЛА,49,Y(А07),10:40,535,2026-06-19 10:47:00,2026-06-19 10:50:00,,2026-06-19 10:50:00,2026-06-19 10:55:00,2026-06-19 10:50:00,2026-06-19 10:55:00,2026-06-19 10:55:00,,1.0,2026-06-19 11:03:00,2026-06-19 11:07:00,,0.0,2026-06-19 10:58:00,2026-06-19 11:03:00,,,,,Дубинский В. Д.,Победа,Выдача до 30 минут
2026-06-19,С7 3032 ,320,УЛАН-УДЭ(МУХИНО),35,Y(А06),10:43,906,2026-06-19 10:52:00,2026-06-19 11:08:00,13.0,2026-06-19 11:00:00,2026-06-19 11:05:00,2026-06-19 11:00:00,2026-06-19 11:05:00,2026-06-19 11:02:00,3.0,,2026-06-19 11:13:00,2026-06-19 11:15:00,,0.0,2026-06-19 11:06:00,2026-06-19 11:12:00,,,,,Иванов В. А.,Сибирь,Выдача до 30 минут
2026-06-19,ДР 742 ,73Х,ТАШКЕНТ(ТАШКЕНТ ИНТЛ.),47,Y(А12),10:46,320,2026-06-19 10:55:00,2026-06-19 10:55:00,,2026-06-19 10:56:00,2026-06-19 10:58:00,2026-06-19 10:56:00,2026-06-19 10:58:00,2026-06-19 11:01:00,,,2026-06-19 11:08:00,2026-06-19 11:11:00,,0.0,2026-06-19 11:00:00,2026-06-19 11:07:00,,,,,Омурбе У. Б.,Победа,Выдача до 30 минут
2026-06-19,ЖГ 936 ,73Х,ТБИЛИСИ(ТБИЛИСИ ИНТЛ.),30,Y(А09),10:49,1320,2026-06-19 10:55:00,2026-06-19 10:56:00,,2026-06-19 10:58:00,2026-06-19 11:07:00,2026-06-19 10:58:00,2026-06-19 11:07:00,2026-06-19 11:08:00,,,2026-06-19 11:17:00,2026-06-19 11:19:00,2.0,0.0,2026-06-19 11:09:00,2026-06-19 11:12:00,2026-06-19 11:04:00,2026-06-19 11:08:00,,,Каламбеков У. О.,GEORGIAN AIRWAYS,Выдача до 30 минут
2026-06-19,ДР 714 ,73Х,САМАРКАНД(САМАРКАНД ИНТЛ.),50,Y(А11),10:51,172,2026-06-19 10:57:00,2026-06-19 11:00:00,,2026-06-19 11:01:00,2026-06-19 11:02:00,2026-06-19 11:01:00,2026-06-19 11:02:00,2026-06-19 11:02:00,,,2026-06-19 11:09:00,2026-06-19 11:11:00,,0.0,2026-06-19 11:02:00,2026-06-19 11:08:00,,,,,Науну М.,Победа,Выдача до 30 минут
2026-06-19,PC 7458 ,32Щ,СТАМБУЛ(САБИХА ГОКЦЕН),20,Y(А09),10:54,2251,2026-06-19 11:03:00,2026-06-19 11:05:00,,2026-06-19 11:06:00,2026-06-19 11:17:00,2026-06-19 11:06:00,2026-06-19 11:17:00,2026-06-19 11:22:00,,,2026-06-19 11:17:00,2026-06-19 11:26:00,,0.0,2026-06-19 11:19:00,2026-06-19 11:25:00,2026-06-19 11:11:00,2026-06-19 11:15:00,,,"Додаров Ф. М., Музафаров А. С.",Pegasus,Выдача до 30 минут
2026-06-19,ДР 730 ,73Х,ФЕРГАНА(ФЕРГАНА ИНТЛ.),48,Y(А11),10:59,89,2026-06-19 11:05:00,2026-06-19 11:07:00,,2026-06-19 11:07:00,2026-06-19 11:09:00,2026-06-19 11:07:00,2026-06-19 11:09:00,2026-06-19 11:10:00,,1.0,2026-06-19 11:18:00,2026-06-19 11:19:00,,0.0,2026-06-19 11:10:00,2026-06-19 11:16:00,,,,,Гаврилов В. А.,Победа,Выдача до 30 минут
2026-06-19,J2 807 ,320,БАКУ(ИМ. ГЕЙДАРА АЛИЕВА),25,Y(А10),11:01,1284,2026-06-19 11:13:00,2026-06-19 11:16:00,,2026-06-19 11:15:00,2026-06-19 11:25:00,2026-06-19 11:16:00,2026-06-19 11:25:00,2026-06-19 11:26:00,,,2026-06-19 11:26:00,2026-06-19 11:30:00,,0.0,2026-06-19 11:22:00,2026-06-19 11:27:00,2026-06-19 11:26:00,2026-06-19 11:30:00,,,"Демчук Д. П., Хушвактов П. З.",AZAL,Выдача до 30 минут
2026-06-19,ЮТ 446 ,73Е,КОГАЛЫМ,12,Y(А05),11:05,685,2026-06-19 11:13:00,2026-06-19 11:15:00,,2026-06-19 11:17:00,2026-06-19 11:23:00,2026-06-19 11:17:00,2026-06-19 11:23:00,2026-06-19 11:22:00,1.0,1.0,2026-06-19 11:28:00,2026-06-19 11:30:00,,0.0,2026-06-19 11:25:00,2026-06-19 11:29:00,,,,,Аганин А. А.,Ютэйр,Выдача до 30 минут
2026-06-19,ФВ 6005 ,СУ9,САНКТ-ПЕТЕРБУРГ(ПУЛКОВО),10,Y(А04),11:07,104,2026-06-19 11:14:00,2026-06-19 11:15:00,,2026-06-19 11:19:00,2026-06-19 11:21:00,2026-06-19 11:19:00,2026-06-19 11:21:00,2026-06-19 11:19:00,2.0,1.0,2026-06-19 11:25:00,2026-06-19 11:26:00,,0.0,2026-06-19 11:22:00,2026-06-19 11:25:00,,,,,Черкас В. А.,Россия,Выдача до 30 минут
2026-06-19,TK 413 ,333,СТАМБУЛ(СТАМБУЛ НЬЮ),22,Y(А10),11:51,2947,2026-06-19 12:04:00,2026-06-19 12:04:00,,2026-06-19 12:05:00,2026-06-19 12:20:00,2026-06-19 12:07:00,2026-06-19 12:20:00,2026-06-19 12:28:00,,,2026-06-19 12:16:00,2026-06-19 12:21:00,,0.0,2026-06-19 12:29:00,2026-06-19 12:38:00,2026-06-19 12:16:00,2026-06-19 12:39:00,,,"Додаров Ф. М., Черкас В. А.",Turkish Airlines,Выдача до 30 минут
2026-06-19,PC 7388 ,32Щ,СТАМБУЛ(САБИХА ГОКЦЕН),24,Y(А09),11:58,1956,2026-06-19 12:08:00,2026-06-19 12:10:00,,2026-06-19 12:11:00,2026-06-19 12:24:00,2026-06-19 12:13:00,2026-06-19 12:24:00,2026-06-19 12:25:00,,,2026-06-19 12:22:00,2026-06-19 12:29:00,,0.0,2026-06-19 12:18:00,2026-06-19 12:22:00,2026-06-19 12:25:00,2026-06-19 12:28:00,,,"Воробьев Т. А., Демчук Д. П.",Pegasus,Выдача до 30 минут
2026-06-19,AZO 7108 ,СУ9,ТБИЛИСИ(ТБИЛИСИ ИНТЛ.),28,Y(А12),12:53,1266,2026-06-19 13:06:00,2026-06-19 13:10:00,1.0,2026-06-19 13:13:00,2026-06-19 13:23:00,2026-06-19 13:13:00,2026-06-19 13:23:00,2026-06-19 13:18:00,5.0,2.0,2026-06-19 13:25:00,2026-06-19 13:29:00,,0.0,2026-06-19 13:20:00,2026-06-19 13:23:00,2026-06-19 13:27:00,2026-06-19 13:29:00,,,"Гаврилов В. А., Демчук Д. П.",GEORGIAN AIRWAYS,Выдача до 30 минут
2026-06-19,ЮБГ 509 ,738,ЕРЕВАН(ЗВАРТНОЦ ИНТЛ),29,Y(А13),12:56,2395,2026-06-19 13:06:00,2026-06-19 13:08:00,,2026-06-19 13:10:00,2026-06-19 13:29:00,2026-06-19 13:11:00,2026-06-19 13:29:00,2026-06-19 13:26:00,3.0,2.0,2026-06-19 13:20:00,2026-06-19 13:36:00,,0.0,2026-06-19 13:18:00,2026-06-19 13:21:00,2026-06-19 13:33:00,2026-06-19 13:36:00,,,"Воробьев Т. А., Омурбе У. Б.",Shirak Avia,Выдача до 30 минут
2026-06-19,NE 608 ,320,ХУРГАДА(ХУРГАДА ИНТЛ.),26,Y(А09),13:08,1676,2026-06-19 13:17:00,2026-06-19 13:20:00,,2026-06-19 13:20:00,2026-06-19 13:37:00,2026-06-19 13:20:00,2026-06-19 13:37:00,2026-06-19 13:32:00,5.0,6.0,2026-06-19 13:30:00,2026-06-19 13:43:00,,0.0,2026-06-19 13:27:00,2026-06-19 13:30:00,2026-06-19 13:39:00,2026-06-19 13:42:00,,,Иванов В. А.,Nesma Airlines,Выдача до 30 минут
2026-06-19,TK 3058 ,321,АНТАЛЬЯ,20,Y(А11),13:15,346,2026-06-19 13:24:00,2026-06-19 13:26:00,,2026-06-19 13:26:00,2026-06-19 13:29:00,2026-06-19 13:26:00,2026-06-19 13:29:00,2026-06-19 13:30:00,,1.0,2026-06-19 13:37:00,2026-06-19 13:39:00,,0.0,2026-06-19 13:26:00,2026-06-19 13:41:00,,,,,Демчук Д. П.,Turkish Airlines,Выдача до 30 минут
2026-06-19,У6 274 ,320,ЕКАТЕРИНБУРГ(КОЛЬЦОВО),36,Y(А08),13:51,879,2026-06-19 14:05:00,2026-06-19 14:15:00,7.0,2026-06-19 14:19:00,2026-06-19 14:26:00,2026-06-19 14:19:00,2026-06-19 14:26:00,2026-06-19 14:15:00,11.0,1.0,2026-06-19 14:32:00,2026-06-19 14:35:00,,0.0,2026-06-19 14:27:00,2026-06-19 14:32:00,,,,,Музафаров А. С.,Уральские Авиалинии,Выдача до 30 минут
2026-06-19,ЮВ 206 ,ЦР2,ТОБОЛЬСК(РЕМЕЗОВ),45,Y(А05),13:55,254,2026-06-19 14:03:00,2026-06-19 14:08:00,2.0,2026-06-19 14:05:00,2026-06-19 14:08:00,2026-06-19 14:05:00,2026-06-19 14:08:00,2026-06-19 14:09:00,,1.0,2026-06-19 14:14:00,2026-06-19 14:15:00,,0.0,2026-06-19 14:09:00,2026-06-19 14:16:00,,,,,Рябчевский В. О.,ЮВТ АЭРО,Выдача до 30 минут
2026-06-19,ЯК 479 ,73В,ЯКУТСК,11,Y(А06),14:11,1065,2026-06-19 14:18:00,2026-06-19 14:19:00,,2026-06-19 14:21:00,2026-06-19 14:26:00,2026-06-19 14:21:00,2026-06-19 14:26:00,2026-06-19 14:27:00,,,2026-06-19 14:33:00,2026-06-19 14:34:00,,0.0,2026-06-19 14:27:00,2026-06-19 14:30:00,,,,,Додаров Ф. М.,Якутия,Выдача до 30 минут
2026-06-19,ЯМ 543 ,73Х,НОВОСИБИРСК(ТОЛМАЧЕВО),5,Y(А07),14:19,713,2026-06-19 14:24:00,2026-06-19 14:28:00,1.0,2026-06-19 14:27:00,2026-06-19 14:34:00,2026-06-19 14:27:00,2026-06-19 14:34:00,2026-06-19 14:33:00,1.0,2.0,2026-06-19 14:38:00,2026-06-19 14:39:00,,0.0,2026-06-19 14:34:00,2026-06-19 14:38:00,,,,,Давлатов Б. Ч.,Алроса,Выдача до 30 минут
2026-06-19,TK 417 ,32Б,СТАМБУЛ(СТАМБУЛ НЬЮ),23,Y(А10),14:25,2825,2026-06-19 14:35:00,2026-06-19 14:37:00,,2026-06-19 14:40:00,2026-06-19 14:56:00,2026-06-19 14:40:00,2026-06-19 14:56:00,2026-06-19 14:58:00,,,2026-06-19 14:52:00,2026-06-19 15:01:00,,0.0,2026-06-19 14:42:00,2026-06-19 14:52:00,2026-06-19 14:39:00,2026-06-19 15:01:00,,,Дубинский В. Д.,Turkish Airlines,Выдача до 30 минут
2026-06-19,TK 3164 ,321,БОДРУМ(МИЛАС),21,Y(А09),14:28,1602,2026-06-19 14:38:00,2026-06-19 14:41:00,,2026-06-19 14:38:00,2026-06-19 14:46:00,2026-06-19 14:38:00,2026-06-19 14:46:00,2026-06-19 14:53:00,,,2026-06-19 14:48:00,2026-06-19 14:51:00,,0.0,2026-06-19 14:44:00,2026-06-19 14:56:00,,,,,Музафаров А. С.,Turkish Airlines,Выдача до 30 минут
2026-06-19,MRJ 4879 ,АБ6,ТЕГЕРАН(ИМАМ ХОМЕИНИ ИНТЛ),18,Y(А10),14:40,4672,2026-06-19 15:02:00,2026-06-19 15:05:00,,2026-06-19 15:12:00,2026-06-19 15:25:00,2026-06-19 15:24:00,2026-06-19 15:25:00,2026-06-19 15:37:00,,,2026-06-19 15:23:00,2026-06-19 15:31:00,1.0,0.0,2026-06-19 15:16:00,2026-06-19 15:29:00,2026-06-19 14:48:00,2026-06-19 15:22:00,2026-06-19 15:24:00,2026-06-19 15:25:00,"Екимов С. С., Рябчевский В. О.",Meraj Air,Выдача до 30 минут
2026-06-19,ЮТ 334 ,735,НАРЬЯН-МАР,12,Y(А05),14:50,847,2026-06-19 14:58:00,2026-06-19 15:00:00,,2026-06-19 15:02:00,2026-06-19 15:08:00,2026-06-19 15:04:00,2026-06-19 15:08:00,2026-06-19 15:08:00,,,2026-06-19 15:13:00,2026-06-19 15:17:00,,0.0,2026-06-19 15:09:00,2026-06-19 15:13:00,,,,,"Каламбеков У. О., Хушвактов П. З.",Ютэйр,Выдача до 30 минут
2026-06-19,ЮТ 786 ,73Х,ЕРЕВАН(ЗВАРТНОЦ ИНТЛ),16,Y(А13),15:29,1238,2026-06-19 15:36:00,2026-06-19 15:39:00,,2026-06-19 15:41:00,2026-06-19 15:54:00,2026-06-19 15:41:00,2026-06-19 15:54:00,2026-06-19 15:48:00,6.0,5.0,2026-06-19 15:55:00,2026-06-19 16:00:00,,0.0,2026-06-19 15:50:00,2026-06-19 15:55:00,2026-06-19 15:55:00,2026-06-19 16:00:00,,,Дубинский В. Д.,Ютэйр,Выдача до 30 минут
2026-06-19,PC 388 ,32Щ,СТАМБУЛ(САБИХА ГОКЦЕН),22,Y(А09),15:33,2091,2026-06-19 15:42:00,2026-06-19 15:44:00,,2026-06-19 15:46:00,2026-06-19 16:07:00,2026-06-19 16:06:00,2026-06-19 16:07:00,2026-06-19 16:00:00,7.0,,2026-06-19 15:54:00,2026-06-19 16:09:00,,0.0,2026-06-19 15:49:00,2026-06-19 15:54:00,2026-06-19 16:05:00,2026-06-19 16:10:00,,,"Демчук Д. П., Додаров Ф. М.",Pegasus,Выдача до 30 минут
2026-06-19,НВЦ 9152 ,32Щ,САБЕТТА,14,Y(А06),15:39,1427,2026-06-19 15:50:00,2026-06-19 15:51:00,,2026-06-19 15:53:00,2026-06-19 16:05:00,2026-06-19 15:53:00,2026-06-19 16:05:00,2026-06-19 16:04:00,1.0,2.0,2026-06-19 16:03:00,2026-06-19 16:15:00,,0.0,2026-06-19 16:00:00,2026-06-19 16:04:00,2026-06-19 16:12:00,2026-06-19 16:18:00,,,Омурбе У. Б.,Северо-Запад,Выдача до 30 минут
2026-06-19,ХИ 9615 ,32Н,УРГЕНЧ(УРГЕНЧ ИНТЛ.),24,Y(А12),15:42,1923,2026-06-19 15:52:00,2026-06-19 15:53:00,,2026-06-19 15:55:00,2026-06-19 16:08:00,2026-06-19 15:55:00,2026-06-19 16:08:00,2026-06-19 16:09:00,,,2026-06-19 16:05:00,2026-06-19 16:19:00,,0.0,2026-06-19 16:01:00,2026-06-19 16:06:00,2026-06-19 16:15:00,2026-06-19 16:19:00,,,Музафаров А. С.,UZBEKISTAN AIRWAYS,Выдача до 30 минут
2026-06-19,ДР 160 ,73Х,КРАСНОДАР(ПАШКОВСКИЙ),49,Y(А07),15:45,553,2026-06-19 15:55:00,2026-06-19 15:55:00,,2026-06-19 15:55:00,2026-06-19 15:59:00,2026-06-19 15:55:00,2026-06-19 15:59:00,2026-06-19 16:03:00,,,2026-06-19 16:07:00,2026-06-19 16:08:00,,0.0,2026-06-19 16:02:00,2026-06-19 16:07:00,,,,,Гаврилов В. А.,Победа,Выдача до 30 минут
2026-06-19,FZ 989 ,7М8,ДУБАЙ(ДУБАЙ ИНТЛ.),26A,Y(А09),15:50,1708,2026-06-19 16:03:00,2026-06-19 16:05:00,,2026-06-19 16:04:00,2026-06-19 16:16:00,2026-06-19 16:04:00,2026-06-19 16:16:00,2026-06-19 16:18:00,,1.0,2026-06-19 16:15:00,2026-06-19 16:21:00,,0.0,2026-06-19 16:12:00,2026-06-19 16:16:00,2026-06-19 16:16:00,2026-06-19 16:20:00,,,"Иванов В. А., Хушвактов П. З.",flydubai,Выдача до 30 минут
2026-06-19,В2 979 ,73Х,МИНСК(МИНСК ИНТЛ.),29,Y(А13),16:11,703,2026-06-19 16:22:00,2026-06-19 16:23:00,,2026-06-19 16:25:00,2026-06-19 16:31:00,2026-06-19 16:25:00,2026-06-19 16:31:00,2026-06-19 16:31:00,,1.0,2026-06-19 16:35:00,2026-06-19 16:39:00,,0.0,2026-06-19 16:32:00,2026-06-19 16:35:00,,,,,Каламбеков У. О.,Белавиа,Выдача до 30 минут
2026-06-19,ЖГ 926 ,73Й,ТБИЛИСИ(ТБИЛИСИ ИНТЛ.),30,Y(А11),16:25,1839,2026-06-19 16:36:00,2026-06-19 16:38:00,,2026-06-19 16:47:00,2026-06-19 17:00:00,2026-06-19 16:47:00,2026-06-19 17:00:00,2026-06-19 16:52:00,8.0,1.0,2026-06-19 16:58:00,2026-06-19 17:07:00,2.0,1.0,2026-06-19 16:54:00,2026-06-19 16:58:00,2026-06-19 17:01:00,2026-06-19 17:05:00,,,Воробьев Т. А.,GEORGIAN AIRWAYS,Выдача от 30 до 40 минут
2026-06-19,TK 3070 ,32Б,АНТАЛЬЯ,20,Y(А09),16:43,2172,2026-06-19 16:55:00,2026-06-19 16:57:00,,2026-06-19 17:01:00,2026-06-19 17:06:00,2026-06-19 17:01:00,2026-06-19 17:06:00,2026-06-19 17:13:00,,,2026-06-19 17:09:00,2026-06-19 17:13:00,,0.0,2026-06-19 16:54:00,2026-06-19 17:16:00,,,,,Екимов С. С.,Turkish Airlines,Выдача до 30 минут
2026-06-19,TK 1231 ,321,АНТАЛЬЯ,25,Y(А09),16:47,1548,2026-06-19 16:58:00,2026-06-19 16:58:00,,2026-06-19 17:01:00,2026-06-19 17:15:00,2026-06-19 17:01:00,2026-06-19 17:15:00,2026-06-19 17:12:00,3.0,4.0,2026-06-19 17:21:00,2026-06-19 17:24:00,3.0,0.0,2026-06-19 17:01:05,2026-06-19 17:33:00,,,,,Дубинский В. Д.,Turkish Airlines,Выдача до 30 минут
2026-06-19,КГ 555 ,320,ОШ,23,Y(А13),17:00,2674,2026-06-19 17:08:00,2026-06-19 17:11:00,,2026-06-19 17:12:00,2026-06-19 17:29:00,2026-06-19 17:12:00,2026-06-19 17:29:00,2026-06-19 17:30:00,,,2026-06-19 17:21:00,2026-06-19 17:37:00,,0.0,2026-06-19 17:20:00,2026-06-19 17:34:00,2026-06-19 17:16:00,2026-06-19 17:21:00,,,"Омурбе У. Б., Черкас В. А.",Aero Nomad,Выдача до 30 минут
2026-06-19,А4 7010 ,СУ9,ТБИЛИСИ(ТБИЛИСИ ИНТЛ.),21,Y(А12),17:08,575,2026-06-19 17:15:00,2026-06-19 17:16:00,,2026-06-19 17:19:00,2026-06-19 17:24:00,2026-06-19 17:19:00,2026-06-19 17:24:00,2026-06-19 17:23:00,1.0,1.0,2026-06-19 17:30:00,2026-06-19 17:32:00,,0.0,2026-06-19 17:25:00,2026-06-19 17:30:00,,,,,Додаров Ф. М.,Азимут,Выдача до 30 минут
2026-06-19,ДР 856 ,73Х,ГЮМРИ(ШИРАК),50,Y(А13),17:17,1080,2026-06-19 17:24:00,2026-06-19 17:25:00,,2026-06-19 17:28:00,2026-06-19 17:36:00,2026-06-19 17:28:00,2026-06-19 17:36:00,2026-06-19 17:35:00,1.0,1.0,2026-06-19 17:45:00,2026-06-19 17:47:00,,0.0,2026-06-19 17:39:00,2026-06-19 17:45:00,,,,,Гаврилов В. А.,Победа,Выдача до 30 минут
2026-06-19,ФВ 6037 ,СУ9,САНКТ-ПЕТЕРБУРГ(ПУЛКОВО),8,Y(А04),17:20,176,2026-06-19 17:28:00,2026-06-19 17:30:00,,2026-06-19 17:32:00,2026-06-19 17:36:00,2026-06-19 17:32:00,2026-06-19 17:36:00,2026-06-19 17:33:00,3.0,3.0,2026-06-19 17:28:00,2026-06-19 17:29:00,,0.0,2026-06-19 17:36:00,2026-06-19 17:38:00,,,,,Музафаров А. С.,Россия,Выдача до 30 минут
2026-06-19,PBD 980 ,7С8,АНТАЛЬЯ,46,Y(А12),17:26,1506,2026-06-19 17:35:00,2026-06-19 17:35:00,,2026-06-19 17:44:00,2026-06-19 17:54:00,2026-06-19 17:49:00,2026-06-19 17:54:00,2026-06-19 17:49:00,5.0,,2026-06-19 17:57:00,2026-06-19 18:01:00,,0.0,2026-06-19 17:51:00,2026-06-19 17:57:00,2026-06-19 17:47:00,2026-06-19 17:56:00,,,"Давлатов Б. Ч., Додаров Ф. М.",Победа,Выдача до 30 минут
2026-06-19,ДР 424 ,73Х,САМАРА(КУРУМОЧ),48,Y(А07),17:36,344,2026-06-19 17:47:00,2026-06-19 17:48:00,,2026-06-19 17:55:00,2026-06-19 17:57:00,2026-06-19 17:55:00,2026-06-19 17:57:00,2026-06-19 17:53:00,4.0,,2026-06-19 18:05:00,2026-06-19 18:08:00,,0.0,2026-06-19 17:59:00,2026-06-19 18:04:00,,,,,Попов Д. В.,Победа,Выдача до 30 минут
2026-06-19,ЮТ 746 ,73Х,БАКУ(ИМ. ГЕЙДАРА АЛИЕВА),22,Y(А11),17:44,1316,2026-06-19 17:52:00,2026-06-19 17:54:00,,2026-06-19 17:54:00,2026-06-19 18:07:00,2026-06-19 17:54:00,2026-06-19 18:07:00,2026-06-19 18:05:00,2.0,4.0,2026-06-19 18:06:00,2026-06-19 18:12:00,,0.0,2026-06-19 18:01:00,2026-06-19 18:05:00,2026-06-19 18:08:00,2026-06-19 18:12:00,,,Ушаков Г. А.,Ютэйр,Выдача до 30 минут
2026-06-19,ГЗП 398 ,73В,УХТА,Б66,Y(А05),17:49,257,2026-06-19 17:58:00,2026-06-19 17:58:00,,2026-06-19 18:00:00,2026-06-19 18:02:00,2026-06-19 18:00:00,2026-06-19 18:02:00,2026-06-19 18:04:00,,,2026-06-19 18:19:00,2026-06-19 18:21:00,,0.0,2026-06-19 18:03:00,2026-06-19 18:19:00,,,,,Демчук Д. П.,Газпром авиа,Выдача до 30 минут
2026-06-19,УР 513 ,75В,БОДРУМ(МИЛАС),19,0,17:54,914,2026-06-19 17:55:00,2026-06-19 18:38:00,40.0,2026-06-19 21:41:00,2026-06-19 21:42:00,2026-06-19 21:41:00,2026-06-19 21:42:00,2026-06-19 18:05:00,217.0,,,-1,,0.0,,,,,,,Дубинский В. Д.,FLYONE Armenia,Не определено
2026-06-19,ХИ 9607 ,32Н,БУХАРА(БУХАРА ИНТЛ.),24,Y(А10),17:57,1808,2026-06-19 18:08:00,2026-06-19 18:09:00,,2026-06-19 18:12:00,2026-06-19 18:26:00,2026-06-19 18:12:00,2026-06-19 18:26:00,2026-06-19 18:24:00,2.0,2.0,2026-06-19 18:22:00,2026-06-19 18:34:00,,0.0,2026-06-19 18:19:00,2026-06-19 18:23:00,2026-06-19 18:30:00,2026-06-19 18:33:00,,,Хушвактов П. З.,UZBEKISTAN AIRWAYS,Выдача до 30 минут
2026-06-19,AZV 3002 ,763,АНТАЛЬЯ,18,Y(А09),18:03,3066,2026-06-19 18:15:00,2026-06-19 18:17:00,,2026-06-19 18:20:00,2026-06-19 18:40:00,2026-06-19 18:20:00,2026-06-19 18:40:00,2026-06-19 18:39:00,1.0,,2026-06-19 18:42:00,2026-06-19 18:46:00,7.0,1.0,2026-06-19 18:24:00,2026-06-19 18:52:00,2026-06-19 18:38:00,2026-06-19 18:44:00,,,Воробьев Т. А.,АЗУР эйр,Выдача от 30 до 40 минут
2026-06-19,ФВ 6175 ,СУ9,САНКТ-ПЕТЕРБУРГ(ПУЛКОВО),9,Y(А04),18:07,199,2026-06-19 18:18:00,2026-06-19 18:20:00,,2026-06-19 18:22:00,2026-06-19 18:26:00,2026-06-19 18:22:00,2026-06-19 18:26:00,2026-06-19 18:23:00,3.0,3.0,2026-06-19 18:28:00,2026-06-19 18:30:00,,0.0,2026-06-19 18:26:00,2026-06-19 18:28:00,,,,,Музафаров А. С.,Россия,Выдача до 30 минут
2026-06-19,3F 325 ,320,ЕРЕВАН(ЗВАРТНОЦ ИНТЛ),20,Y(А13),18:15,1367,2026-06-19 18:24:00,2026-06-19 18:26:00,,2026-06-19 18:28:00,2026-06-19 18:41:00,2026-06-19 18:28:00,2026-06-19 18:41:00,2026-06-19 18:37:00,4.0,4.0,2026-06-19 18:44:00,2026-06-19 18:54:00,,0.0,2026-06-19 18:37:00,2026-06-19 18:42:00,2026-06-19 18:48:00,2026-06-19 18:52:00,,,Каламбеков У. О.,FLYONE Armenia,Выдача до 30 минут
2026-06-19,NE 620 ,320,ХУРГАДА(ХУРГАДА ИНТЛ.),26,Y(А12),18:21,564,2026-06-19 18:29:00,2026-06-19 18:31:00,,2026-06-19 18:31:00,2026-06-19 18:35:00,2026-06-19 18:31:00,2026-06-19 18:35:00,2026-06-19 18:37:00,,,2026-06-19 18:40:00,2026-06-19 18:47:00,,0.0,2026-06-19 18:37:00,2026-06-19 18:40:00,,,,,Омурбе У. Б.,Nesma Airlines,Выдача до 30 минут
2026-06-19,TK 415 ,321,СТАМБУЛ(СТАМБУЛ НЬЮ),25,Y(А10),18:26,3421,2026-06-19 18:36:00,2026-06-19 18:38:00,,2026-06-19 18:40:00,2026-06-19 18:56:00,2026-06-19 18:40:00,2026-06-19 18:56:00,2026-06-19 19:03:00,,,2026-06-19 18:51:00,2026-06-19 19:02:00,,0.0,2026-06-19 18:29:00,2026-06-19 19:19:00,2026-06-19 18:34:00,2026-06-19 19:02:00,,,Дубинский В. Д.,Turkish Airlines,Выдача до 30 минут
2026-06-19,ЮТ 576 ,735,КРАСНОДАР(ПАШКОВСКИЙ),14,Y(А08),18:34,805,2026-06-19 18:44:00,2026-06-19 18:45:00,,2026-06-19 18:48:00,2026-06-19 18:54:00,2026-06-19 18:48:00,2026-06-19 18:54:00,2026-06-19 18:53:00,1.0,1.0,2026-06-19 18:59:00,2026-06-19 19:00:00,,0.0,2026-06-19 18:56:00,2026-06-19 18:59:00,,,,,Давлатов Б. Ч.,Ютэйр,Выдача до 30 минут
2026-06-19,ЮТ 456 ,73Е,НОЯБРЬСК,17,Y(А06),18:37,742,2026-06-19 18:45:00,2026-06-19 18:46:00,,2026-06-19 19:08:00,2026-06-19 19:13:00,2026-06-19 19:08:00,2026-06-19 19:13:00,2026-06-19 18:54:00,19.0,,2026-06-19 19:20:00,2026-06-19 19:22:00,15.0,7.0,2026-06-19 19:15:00,2026-06-19 19:21:00,,,,,Гаврилов В. А.,Ютэйр,Выдача от 30 до 40 минут
2026-06-19,ЮТ 464 ,73Х,ТЮМЕНЬ(РОЩИНО),15,Y(А05),18:43,811,2026-06-19 18:51:00,2026-06-19 18:52:00,,2026-06-19 19:14:00,2026-06-19 19:21:00,2026-06-19 19:14:00,2026-06-19 19:21:00,2026-06-19 19:00:00,21.0,2.0,2026-06-19 19:27:00,2026-06-19 19:30:00,16.0,9.0,2026-06-19 19:22:00,2026-06-19 19:26:00,,,,,Рябчевский В. О.,Ютэйр,Выдача от 30 до 40 минут
2026-06-19,ЮТ 374 ,734,МИНЕРАЛЬНЫЕ ВОДЫ,12,Y(А06),18:48,1169,2026-06-19 18:55:00,2026-06-19 19:02:00,4.0,2026-06-19 19:00:00,2026-06-19 19:11:00,2026-06-19 19:00:00,2026-06-19 19:11:00,2026-06-19 19:07:00,4.0,3.0,2026-06-19 19:15:00,2026-06-19 19:17:00,,0.0,2026-06-19 19:13:00,2026-06-19 19:15:00,,,,,Попов Д. В.,Ютэйр,Выдача до 30 минут
2026-06-19,ДР 836 ,7С8,ГАЗИПАША,48,Y(А09),18:51,1881,2026-06-19 19:02:00,2026-06-19 19:03:00,,2026-06-19 19:06:00,2026-06-19 19:19:00,2026-06-19 19:06:00,2026-06-19 19:19:00,2026-06-19 19:19:00,,,2026-06-19 19:18:00,2026-06-19 19:27:00,,0.0,2026-06-19 19:11:00,2026-06-19 19:17:00,2026-06-19 19:20:00,2026-06-19 19:27:00,,,Демчук Д. П.,Победа,Выдача до 30 минут
2026-06-19,ДР 466 ,7С8,УЛЬЯНОВСК(БАРАТАЕВКА),49,Y(А07),18:56,319,2026-06-19 19:06:00,2026-06-19 19:08:00,,2026-06-19 19:09:00,2026-06-19 19:21:00,2026-06-19 19:20:00,2026-06-19 19:21:00,2026-06-19 19:12:00,9.0,,2026-06-19 19:17:00,2026-06-19 19:18:00,,0.0,2026-06-19 19:12:00,2026-06-19 19:18:00,,,,,"Додаров Ф. М., Семиченков - Исаков С. А.",Победа,Выдача до 30 минут
2026-06-19,ДР 170 ,73Х,МИНЕРАЛЬНЫЕ ВОДЫ,50,Y(А07),19:04,415,2026-06-19 19:16:00,2026-06-19 19:16:00,,2026-06-19 19:19:00,2026-06-19 19:22:00,2026-06-19 19:19:00,2026-06-19 19:22:00,2026-06-19 19:23:00,,,2026-06-19 19:28:00,2026-06-19 19:29:00,,0.0,2026-06-19 19:23:00,2026-06-19 19:27:00,,,,,Екимов С. С.,Победа,Выдача до 30 минут
2026-06-19,ДР 964 ,73Х,ДАЛАМАН,46,Y(А13),19:21,1413,2026-06-19 19:27:00,2026-06-19 19:30:00,,2026-06-19 19:31:00,2026-06-19 19:39:00,2026-06-19 19:31:00,2026-06-19 19:39:00,2026-06-19 19:40:00,,,2026-06-19 19:41:00,2026-06-19 19:48:00,,0.0,2026-06-19 19:35:00,2026-06-19 19:41:00,2026-06-19 19:41:00,2026-06-19 19:47:00,,,Чеканов В. А.,Победа,Выдача до 30 минут
2026-06-19,ЮТ 296 ,73Х,СУРГУТ,13,Y(А06),19:25,914,2026-06-19 19:34:00,2026-06-19 19:38:00,1.0,2026-06-19 19:37:00,2026-06-19 19:43:00,2026-06-19 19:38:00,2026-06-19 19:43:00,2026-06-19 19:44:00,,,2026-06-19 19:49:00,2026-06-19 19:51:00,,0.0,2026-06-19 19:45:00,2026-06-19 19:50:00,,,,,"Кейта А. С., Кузин К. С.",Ютэйр,Выдача до 30 минут
2026-06-19,AZO 7054 ,СУ9,БАТУМИ,28,Y(А11),19:33,1037,2026-06-19 19:41:00,2026-06-19 19:46:00,2.0,2026-06-19 19:51:00,2026-06-19 20:02:00,2026-06-19 19:51:00,2026-06-19 20:02:00,2026-06-19 19:52:00,10.0,4.0,2026-06-19 20:06:00,2026-06-19 20:08:00,5.0,0.0,2026-06-19 20:03:00,2026-06-19 20:05:00,,,,,Барабанов А. М.,GEORGIAN AIRWAYS,Выдача до 30 минут
2026-06-19,ФВ 6179 ,СУ9,САНКТ-ПЕТЕРБУРГ(ПУЛКОВО),9,Y(А04),19:38,176,2026-06-19 19:48:00,2026-06-19 19:51:00,,2026-06-19 19:52:00,2026-06-19 19:54:00,2026-06-19 19:52:00,2026-06-19 19:54:00,2026-06-19 19:53:00,1.0,1.0,2026-06-19 19:58:00,2026-06-19 19:59:00,,0.0,2026-06-19 19:55:00,2026-06-19 19:57:00,,,,,Коляскин А. Г.,Россия,Выдача до 30 минут
2026-06-19,ГЗП 554 ,СУ9,БОВАНЕНКОВО,10,Y(А07),19:43,455,2026-06-19 19:57:00,2026-06-19 19:59:00,,2026-06-19 19:59:00,2026-06-19 20:07:00,2026-06-19 19:59:00,2026-06-19 20:07:00,2026-06-19 20:04:00,3.0,5.0,2026-06-19 20:10:00,2026-06-19 20:11:00,,0.0,2026-06-19 20:07:00,2026-06-19 20:10:00,,,,,Воробьев Т. А.,Газпром авиа,Выдача до 30 минут
2026-06-19,ЮТ 790 ,73Х,ФЕРГАНА(ФЕРГАНА ИНТЛ.),24,Y(А12),19:47,1040,2026-06-19 19:55:00,2026-06-19 19:56:00,,2026-06-19 19:58:00,2026-06-19 20:07:00,2026-06-19 20:01:00,2026-06-19 20:07:00,2026-06-19 20:06:00,1.0,,2026-06-19 20:10:00,2026-06-19 20:25:00,,0.0,2026-06-19 20:06:00,2026-06-19 20:11:00,,,,,"Коляскин А. Г., Ушаков Г. А.",Ютэйр,Выдача до 30 минут
2026-06-19,ДР 158 ,7С8,КРАСНОДАР(ПАШКОВСКИЙ),47,Y(А08),19:53,571,2026-06-19 19:59:00,2026-06-19 20:02:00,,2026-06-19 20:04:00,2026-06-19 20:08:00,2026-06-19 20:04:00,2026-06-19 20:08:00,2026-06-19 20:07:00,1.0,,2026-06-19 20:15:00,2026-06-19 20:16:00,,0.0,2026-06-19 20:09:00,2026-06-19 20:14:00,,,,,Семиченков - Исаков С. А.,Победа,Выдача до 30 минут
2026-06-19,ЮТ 802 ,73Х,ДУШАНБЕ(ДУШАНБЕ ИНТЛ.),11,Y(А09),19:57,1968,2026-06-19 20:09:00,2026-06-19 20:10:00,,2026-06-19 20:10:00,2026-06-19 20:23:00,2026-06-19 20:10:00,2026-06-19 20:23:00,2026-06-19 20:26:00,,,2026-06-19 20:18:00,2026-06-19 20:28:00,,0.0,2026-06-19 20:14:00,2026-06-19 20:18:00,2026-06-19 20:23:00,2026-06-19 20:27:00,,,"Екимов С. С., Омурбе У. Б.",Ютэйр,Выдача до 30 минут
2026-06-19,NE 646 ,320,ШАРМ ЭЛЬ ШЕЙХ(ШАРМ ЭЛЬ ШЕЙХ ИНТЛ.),25,Y(А13),20:00,1371,2026-06-19 20:11:00,2026-06-19 20:12:00,,2026-06-19 20:15:00,2026-06-19 20:27:00,2026-06-19 20:15:00,2026-06-19 20:27:00,2026-06-19 20:24:00,3.0,3.0,2026-06-19 20:24:00,2026-06-19 20:31:00,,0.0,2026-06-19 20:20:00,2026-06-19 20:23:00,2026-06-19 20:26:00,2026-06-19 20:30:00,,,Иванов В. А.,Nesma Airlines,Выдача до 30 минут
2026-06-19,ВГ 2392 ,ЯК4,ВОЛОГДА,45,0,20:28,37,2026-06-19 20:34:00,2026-06-19 20:34:00,,2026-06-19 20:34:00,2026-06-19 20:37:00,2026-06-19 20:34:00,2026-06-19 20:37:00,2026-06-19 20:38:00,,3.0,,-1,,0.0,,,,,,,Демчук Д. П.,Вологодское АП,Не определено
2026-06-19,ЮТ 356 ,734,ГРОЗНЫЙ(СЕВЕРНЫЙ),8,Y(А04),20:35,138,2026-06-19 20:46:00,2026-06-19 20:47:00,,2026-06-19 20:51:00,2026-06-19 20:53:00,2026-06-19 20:51:00,2026-06-19 20:53:00,2026-06-19 20:51:00,2.0,1.0,2026-06-19 20:55:00,2026-06-19 20:56:00,,0.0,2026-06-19 20:53:00,2026-06-19 20:55:00,,,,,Каламбеков У. О.,Ютэйр,Выдача до 30 минут
2026-06-19,AZV 3014 ,763,АНТАЛЬЯ,22,Y(А10),20:40,1950,2026-06-19 20:53:00,2026-06-19 20:54:00,,2026-06-19 20:59:00,2026-06-19 21:14:00,2026-06-19 20:59:00,2026-06-19 21:14:00,2026-06-19 21:10:00,4.0,2.0,2026-06-19 21:13:00,2026-06-19 21:19:00,,0.0,2026-06-19 21:13:00,2026-06-19 21:18:00,,,,,Воробьев Т. А.,АЗУР эйр,Выдача до 30 минут
2026-06-19,DV 815 ,7М8,АЛМАТЫ(АЛМАТЫ ИНТЛ.),20,Y(А13),20:59,1365,2026-06-19 21:09:00,2026-06-19 21:12:00,,2026-06-19 21:13:00,2026-06-19 21:24:00,2026-06-19 21:15:00,2026-06-19 21:24:00,2026-06-19 21:22:00,2.0,,2026-06-19 21:27:00,2026-06-19 21:32:00,,0.0,2026-06-19 21:27:00,2026-06-19 21:32:00,2026-06-19 21:20:00,2026-06-19 21:27:00,,,"Барабанов А. М., Тихонов С. М.",SCAT Airlines,Выдача до 30 минут
2026-06-19,AZV 3006 ,763,АНТАЛЬЯ,63,Y(А09),21:09,3316,2026-06-19 21:24:00,2026-06-19 21:25:00,,2026-06-19 21:25:00,2026-06-19 21:47:00,2026-06-19 21:25:00,2026-06-19 21:47:00,2026-06-19 21:50:00,,,2026-06-19 21:47:00,2026-06-19 21:56:00,,2.0,2026-06-19 21:43:00,2026-06-19 21:49:00,2026-06-19 21:43:00,2026-06-19 21:56:00,,,"Гаврилов В. А., Рябчевский В. О.",АЗУР эйр,Выдача от 30 до 40 минут
2026-06-19,ЮТ 276 ,73Х,СОЧИ,17,Y(А06),21:17,999,2026-06-19 21:26:00,2026-06-19 21:28:00,,2026-06-19 21:34:00,2026-06-19 21:41:00,2026-06-19 21:34:00,2026-06-19 21:41:00,2026-06-19 21:37:00,4.0,,2026-06-19 21:48:00,2026-06-19 21:51:00,2.0,0.0,2026-06-19 21:42:00,2026-06-19 21:47:00,,,,,Демчук Д. П.,Ютэйр,Выдача до 30 минут
2026-06-19,ХИ 613 ,763,ТАШКЕНТ(ТАШКЕНТ ИНТЛ.),23,Y(А10),21:22,2935,2026-06-19 21:36:00,2026-06-19 21:38:00,,2026-06-19 21:41:00,2026-06-19 22:03:00,2026-06-19 21:41:00,2026-06-19 22:03:00,2026-06-19 22:00:00,3.0,2.0,2026-06-19 21:51:00,2026-06-19 22:13:00,,7.0,2026-06-19 21:41:00,2026-06-19 22:03:00,2026-06-19 21:57:00,2026-06-19 22:09:00,,,Харитонов- Тихонов И. А.,UZBEKISTAN AIRWAYS,Выдача от 30 до 40 минут
2026-06-19,J2 5830 ,320,ГЯНДЖА,21,Y(А11),21:26,2332,2026-06-19 21:41:00,2026-06-19 21:43:00,,2026-06-19 21:45:00,2026-06-19 22:02:00,2026-06-19 21:45:00,2026-06-19 22:02:00,2026-06-19 22:01:00,1.0,1.0,2026-06-19 21:59:00,2026-06-19 22:11:00,,0.0,2026-06-19 21:53:00,2026-06-19 22:01:00,2026-06-19 22:03:00,2026-06-19 22:09:00,,,Чеканов В. А.,AZAL,Выдача до 30 минут
2026-06-19,ЮТ 180 ,735,УХТА,16,Y(А05),21:39,509,2026-06-19 21:47:00,2026-06-19 21:48:00,,2026-06-19 21:53:00,2026-06-19 22:03:00,2026-06-19 21:53:00,2026-06-19 22:03:00,2026-06-19 21:54:00,9.0,7.0,2026-06-19 22:08:00,2026-06-19 22:11:00,1.0,0.0,2026-06-19 22:04:00,2026-06-19 22:08:00,,,,,Екимов С. С.,Ютэйр,Выдача до 30 минут
2026-06-19,ЮТ 398 ,734,ГЕЛЕНДЖИК,11,Y(А06),21:42,858,2026-06-19 21:51:00,2026-06-19 21:53:00,,2026-06-19 21:58:00,2026-06-19 22:02:00,2026-06-19 21:58:00,2026-06-19 22:02:00,2026-06-19 22:01:00,1.0,,2026-06-19 22:07:00,2026-06-19 22:11:00,,0.0,2026-06-19 22:04:00,2026-06-19 22:07:00,,,,,Кузин К. С.,Ютэйр,Выдача до 30 минут
2026-06-19,NE 602 ,320,ХУРГАДА(ХУРГАДА ИНТЛ.),24,Y(А12),21:55,1910,2026-06-19 22:05:00,2026-06-19 22:08:00,,2026-06-19 22:08:00,2026-06-19 22:26:00,2026-06-19 22:08:00,2026-06-19 22:26:00,2026-06-19 22:22:00,4.0,5.0,2026-06-19 22:21:00,2026-06-19 22:34:00,,0.0,2026-06-19 22:17:00,2026-06-19 22:20:00,2026-06-19 22:28:00,2026-06-19 22:33:00,,,Попов Д. В.,Nesma Airlines,Выдача до 30 минут
2026-06-19,AZO 7018 ,СУ9,ТБИЛИСИ(ТБИЛИСИ ИНТЛ.),45,Y(А11),22:04,670,2026-06-19 22:15:00,2026-06-19 22:18:00,,2026-06-19 22:20:00,2026-06-19 22:26:00,2026-06-19 22:20:00,2026-06-19 22:26:00,2026-06-19 22:23:00,3.0,2.0,2026-06-19 22:37:00,2026-06-19 22:39:00,,0.0,2026-06-19 22:28:00,2026-06-19 22:35:00,,,,,Дубинский В. Д.,GEORGIAN AIRWAYS,Выдача до 30 минут
2026-06-19,ФВ 6183 ,СУ9,САНКТ-ПЕТЕРБУРГ(ПУЛКОВО),9,Y(А04),22:06,119,2026-06-19 22:15:00,2026-06-19 22:17:00,,2026-06-19 22:20:00,2026-06-19 22:21:00,2026-06-19 22:20:00,2026-06-19 22:21:00,2026-06-19 22:20:00,1.0,,2026-06-19 22:26:00,2026-06-19 22:27:00,,0.0,2026-06-19 22:23:00,2026-06-19 22:26:00,,,,,Кейта А. С.,Россия,Выдача до 30 минут
2026-06-19,ФВ 6181 ,СУ9,САНКТ-ПЕТЕРБУРГ(ПУЛКОВО),12,Y(А04),22:15,199,2026-06-19 22:27:00,2026-06-19 22:28:00,,2026-06-19 22:30:00,2026-06-19 22:34:00,2026-06-19 22:30:00,2026-06-19 22:34:00,2026-06-19 22:32:00,2.0,3.0,2026-06-19 22:38:00,2026-06-19 22:39:00,,0.0,2026-06-19 22:36:00,2026-06-19 22:38:00,,,,,Иванов В. А.,Россия,Выдача до 30 минут
2026-06-19,ФВ 6177 ,СУ9,САНКТ-ПЕТЕРБУРГ(ПУЛКОВО),10,Y(А04),22:18,72,2026-06-19 22:30:00,2026-06-19 22:30:00,,2026-06-19 22:34:00,2026-06-19 22:37:00,2026-06-19 22:34:00,2026-06-19 22:37:00,2026-06-19 22:34:00,3.0,3.0,2026-06-19 22:42:00,2026-06-19 22:43:00,,0.0,2026-06-19 22:40:00,2026-06-19 22:42:00,,,,,Рябчевский В. О.,Россия,Выдача до 30 минут
2026-06-19,ДР 738 ,73Х,СТАМБУЛ(СТАМБУЛ НЬЮ),47,Y(А11),22:25,1598,2026-06-19 22:37:00,2026-06-19 22:39:00,,2026-06-19 22:40:00,2026-06-19 22:50:00,2026-06-19 22:40:00,2026-06-19 22:50:00,2026-06-19 22:52:00,,,2026-06-19 22:50:00,2026-06-19 23:04:00,,0.0,2026-06-19 22:55:00,2026-06-19 23:03:00,2026-06-19 22:45:00,2026-06-19 22:50:00,,,Гаврилов В. А.,Победа,Выдача до 30 минут
2026-06-19,J2 805 ,763,БАКУ(ИМ. ГЕЙДАРА АЛИЕВА),18,Y(А10),22:28,2092,2026-06-19 22:42:00,2026-06-19 22:42:00,,2026-06-19 22:42:00,2026-06-19 22:54:00,2026-06-19 22:42:00,2026-06-19 22:54:00,2026-06-19 23:00:00,,,2026-06-19 22:56:00,2026-06-19 22:59:00,,0.0,2026-06-19 22:50:00,2026-06-19 22:59:00,,,,,"Барабанов А. М., Семиченков - Исаков С. А.",AZAL,Выдача до 30 минут
2026-06-19,PBD 840 ,73Х,АНТАЛЬЯ,48,Y(А12),22:32,1574,2026-06-19 22:41:00,2026-06-19 22:43:00,,2026-06-19 22:49:00,2026-06-19 22:54:00,2026-06-19 22:49:00,2026-06-19 22:54:00,2026-06-19 22:55:00,,,2026-06-19 22:57:00,2026-06-19 23:07:00,,0.0,2026-06-19 22:50:00,2026-06-19 22:57:00,2026-06-19 22:58:00,2026-06-19 23:05:00,,,Омурбе У. Б.,Победа,Выдача до 30 минут
2026-06-19,РГ 194 ,ЦР1,ТАМБОВ,55,Y(А06),22:43,108,2026-06-19 22:53:00,2026-06-19 22:53:00,,2026-06-19 22:55:00,2026-06-19 22:57:00,2026-06-19 22:55:00,2026-06-19 22:57:00,2026-06-19 22:58:00,,1.0,2026-06-19 23:04:00,2026-06-19 23:05:00,,0.0,2026-06-19 22:58:00,2026-06-19 23:04:00,,,,,Дубинский В. Д.,Руслайн,Выдача до 30 минут
2026-06-19,ФВ 6185 ,СУ9,САНКТ-ПЕТЕРБУРГ(ПУЛКОВО),8,Y(А04),22:50,138,2026-06-19 23:05:00,2026-06-19 23:05:00,,2026-06-19 23:06:00,2026-06-19 23:09:00,2026-06-19 23:06:00,2026-06-19 23:09:00,2026-06-19 23:10:00,,2.0,2026-06-19 23:12:00,2026-06-19 23:13:00,,0.0,2026-06-19 23:09:00,2026-06-19 23:14:00,,,,,Иванов В. А.,Россия,Выдача до 30 минут
2026-06-19,DV 813 ,738,АСТАНА(НУРСУЛТАН НАЗАРБАЕВ),29,Y(А13),22:55,1219,2026-06-19 23:09:00,2026-06-19 23:13:00,1.0,2026-06-19 23:12:00,2026-06-19 23:27:00,2026-06-19 23:12:00,2026-06-19 23:27:00,2026-06-19 23:21:00,6.0,7.0,2026-06-19 23:24:00,2026-06-19 23:31:00,,0.0,2026-06-19 23:20:00,2026-06-19 23:24:00,2026-06-19 23:28:00,2026-06-19 23:30:00,,,Воробьев Т. А.,SCAT Airlines,Выдача до 30 минут
2026-06-19,TK 411 ,333,СТАМБУЛ(СТАМБУЛ НЬЮ),22,Y(А09),22:57,4731,2026-06-19 23:13:00,2026-06-19 23:16:00,,2026-06-19 23:20:00,2026-06-19 23:37:00,2026-06-19 23:20:00,2026-06-19 23:37:00,2026-06-19 23:49:00,,,2026-06-19 23:32:00,2026-06-19 23:41:00,,0.0,2026-06-19 23:35:00,2026-06-19 23:44:00,2026-06-19 23:28:00,2026-06-19 23:39:00,,,Тихонов С. М.,Turkish Airlines,Выдача до 30 минут
2026-06-19,ЮВ 204 ,ЦР2,ТОБОЛЬСК(РЕМЕЗОВ),44,Y(А08),23:16,343,2026-06-19 23:24:00,2026-06-19 23:24:00,,2026-06-19 23:25:00,2026-06-19 23:28:00,2026-06-19 23:25:00,2026-06-19 23:28:00,2026-06-19 23:30:00,,1.0,2026-06-19 23:33:00,2026-06-19 23:34:00,,0.0,2026-06-19 23:28:00,2026-06-19 23:32:00,,,,,Ушаков Г. А.,ЮВТ АЭРО,Выдача до 30 минут
2026-06-19,PC 1580 ,32Н,АНТАЛЬЯ,20,Y(А10),23:22,2337,2026-06-19 23:36:00,2026-06-19 23:38:00,,2026-06-19 23:41:00,2026-06-19 23:55:00,2026-06-19 23:41:00,2026-06-19 23:55:00,2026-06-19 23:56:00,,,2026-06-19 23:51:00,2026-06-20 00:02:00,,0.0,2026-06-19 23:46:00,2026-06-19 23:50:00,2026-06-19 23:47:00,2026-06-20 00:01:00,,,Кейта А. С.,Pegasus,Выдача до 30 минут
2026-06-19,4S 311 ,7С8,ШАРМ ЭЛЬ ШЕЙХ(ШАРМ ЭЛЬ ШЕЙХ ИНТЛ.),21,Y(А11),23:29,2108,2026-06-19 23:45:00,2026-06-19 23:49:00,1.0,2026-06-19 23:49:00,2026-06-20 00:04:00,2026-06-19 23:49:00,2026-06-20 00:04:00,2026-06-20 00:03:00,1.0,1.0,2026-06-19 23:59:00,2026-06-20 00:20:00,,5.0,2026-06-19 23:54:00,2026-06-19 23:58:00,2026-06-20 00:07:00,2026-06-20 00:14:00,,,Харитонов- Тихонов И. А.,Red Sea,Выдача от 30 до 40 минут
2026-06-19,ДР 968 ,7С8,МИНСК(МИНСК ИНТЛ.),49,Y(А13),23:36,264,2026-06-19 23:47:00,2026-06-19 23:49:00,,2026-06-19 23:50:00,2026-06-19 23:52:00,2026-06-19 23:50:00,2026-06-19 23:52:00,2026-06-19 23:53:00,,,2026-06-19 23:58:00,2026-06-20 00:00:00,,0.0,2026-06-19 23:54:00,2026-06-19 23:58:00,,,,,Омурбе У. Б.,Победа,Выдача до 30 минут
2026-06-19,ДР 994 ,73Х,СТАМБУЛ(СТАМБУЛ НЬЮ),48,Y(А10),23:39,1410,2026-06-19 23:49:00,2026-06-19 23:49:00,,2026-06-19 23:53:00,2026-06-20 00:03:00,2026-06-19 23:53:00,2026-06-20 00:03:00,2026-06-20 00:02:00,1.0,1.0,2026-06-20 00:07:00,2026-06-20 00:14:00,,0.0,2026-06-20 00:01:00,2026-06-20 00:06:00,2026-06-20 00:09:00,2026-06-20 00:13:00,,,Иванов В. А.,Победа,Выдача до 30 минут
2026-06-19,TK 3060 ,321,АНТАЛЬЯ,25,Y(А12),23:53,2321,2026-06-20 00:07:00,2026-06-20 00:09:00,,2026-06-20 00:10:00,2026-06-20 00:30:00,2026-06-20 00:10:00,2026-06-20 00:30:00,2026-06-20 00:26:00,4.0,5.0,2026-06-20 00:31:00,2026-06-20 00:38:00,4.0,1.0,2026-06-20 00:28:00,2026-06-20 00:36:00,,,,,Ушаков П. А.,Turkish Airlines,Выдача от 30 до 40 минут
2026-06-19,ДР 264 ,7С8,КАЛИНИНГРАД(ХРАБРОВО),47,Y(А05),23:56,506,2026-06-20 00:07:00,2026-06-20 00:09:00,,2026-06-20 00:09:00,2026-06-20 00:13:00,2026-06-20 00:09:00,2026-06-20 00:13:00,2026-06-20 00:14:00,,1.0,2026-06-20 00:20:00,2026-06-20 00:24:00,,0.0,2026-06-20 00:17:00,2026-06-20 00:21:00,,,,,Рябчевский В. О.,Победа,Выдача до 30 минут
2026-06-20,PC 1576 ,32Щ,АНТАЛЬЯ,36,Y(А11),00:00,2981,2026-06-20 00:10:00,2026-06-20 00:14:00,1.0,2026-06-20 00:20:00,2026-06-20 00:45:00,2026-06-20 00:20:00,2026-06-20 00:45:00,2026-06-20 00:34:00,11.0,5.0,2026-06-20 00:33:00,2026-06-20 00:55:00,,15.0,2026-06-20 00:26:00,2026-06-20 00:33:00,2026-06-20 00:45:00,2026-06-20 00:52:00,,,"Воробьев Т. А., Чеканов В. А.",Pegasus,Выдача более 40 минут
2026-06-20,ФВ 6169 ,СУ9,САНКТ-ПЕТЕРБУРГ(ПУЛКОВО),8,Y(А04),00:04,138,2026-06-20 00:14:00,2026-06-20 00:15:00,,2026-06-20 00:17:00,2026-06-20 00:20:00,2026-06-20 00:17:00,2026-06-20 00:20:00,2026-06-20 00:19:00,1.0,2.0,2026-06-20 00:23:00,2026-06-20 00:25:00,,0.0,2026-06-20 00:20:00,2026-06-20 00:24:00,,,,,Дубинский В. Д.,Россия,Выдача до 30 минут
2026-06-20,TK 3002 ,321,АНТАЛЬЯ,26,Y(А10),00:08,2406,2026-06-20 00:22:00,2026-06-20 00:23:00,,2026-06-20 00:24:00,2026-06-20 00:42:00,2026-06-20 00:24:00,2026-06-20 00:42:00,2026-06-20 00:42:00,,2.0,2026-06-20 00:41:00,2026-06-20 00:46:00,,0.0,2026-06-20 00:34:00,2026-06-20 00:40:00,2026-06-20 00:43:00,2026-06-20 00:49:00,,,Попов Д. В.,Turkish Airlines,Выдача до 30 минут
2026-06-20,ЯК 480 ,73В,МИНЕРАЛЬНЫЕ ВОДЫ,12,Y(А05),00:13,377,2026-06-20 00:23:00,2026-06-20 00:24:00,,2026-06-20 00:25:00,2026-06-20 00:29:00,2026-06-20 00:25:00,2026-06-20 00:29:00,2026-06-20 00:29:00,,2.0,2026-06-20 00:33:00,2026-06-20 00:36:00,,0.0,2026-06-20 00:30:00,2026-06-20 00:33:00,,,,,Семиченков - Исаков С. А.,Якутия,Выдача до 30 минут
2026-06-20,TK 409 ,321,СТАМБУЛ(СТАМБУЛ НЬЮ),27,Y(А10),00:18,3008,2026-06-20 00:31:00,2026-06-20 00:34:00,,2026-06-20 00:38:00,2026-06-20 00:56:00,2026-06-20 00:38:00,2026-06-20 00:56:00,2026-06-20 00:55:00,1.0,,2026-06-20 00:50:00,2026-06-20 01:04:00,,3.0,2026-06-20 01:02:00,2026-06-20 01:05:00,2026-06-20 00:58:00,2026-06-20 01:03:00,,,Коляскин А. Г.,Turkish Airlines,Выдача от 30 до 40 минут
2026-06-20,J2 809 ,76В,БАКУ(ИМ. ГЕЙДАРА АЛИЕВА),18,Y(А09),00:23,1598,2026-06-20 00:35:00,2026-06-20 00:36:00,,2026-06-20 00:39:00,2026-06-20 00:49:00,2026-06-20 00:39:00,2026-06-20 00:49:00,2026-06-20 00:50:00,,,2026-06-20 00:46:00,2026-06-20 00:57:00,,0.0,2026-06-20 00:45:00,2026-06-20 00:55:00,,,,,Кузин К. С.,AZAL,Выдача до 30 минут
2026-06-20,TK 217 ,321,АНТАЛЬЯ,24,Y(А13),00:27,2384,2026-06-20 00:41:00,2026-06-20 00:41:00,,2026-06-20 00:44:00,2026-06-20 00:53:00,2026-06-20 00:44:00,2026-06-20 00:53:00,2026-06-20 01:01:00,,,2026-06-20 00:59:00,2026-06-20 01:01:00,,0.0,2026-06-20 00:44:00,2026-06-20 00:59:00,,,,,Фанин - Богданов Анатолий Н. О.,Turkish Airlines,Выдача до 30 минут
2026-06-20,TK 3178 ,321,ДАЛАМАН,20,Y(А12),00:32,2614,2026-06-20 00:44:00,2026-06-20 00:47:00,,2026-06-20 00:58:00,2026-06-20 00:59:00,2026-06-20 00:58:00,2026-06-20 00:59:00,2026-06-20 01:05:00,,,2026-06-20 01:03:00,2026-06-20 01:10:00,,0.0,2026-06-20 00:48:00,2026-06-20 01:01:00,2026-06-20 00:56:00,2026-06-20 01:09:00,,,Кейта А. С.,Turkish Airlines,Выдача до 30 минут
2026-06-20,TK 3084 ,321,ДАЛАМАН,19,Y(А09),00:35,2610,2026-06-20 00:45:00,2026-06-20 00:47:00,,2026-06-20 00:48:00,2026-06-20 01:02:00,2026-06-20 00:48:00,2026-06-20 01:02:00,2026-06-20 01:06:00,,,2026-06-20 01:05:00,2026-06-20 01:13:00,,0.0,2026-06-20 00:51:00,2026-06-20 01:05:00,2026-06-20 01:01:00,2026-06-20 01:10:00,,,Дубинский В. Д.,Turkish Airlines,Выдача до 30 минут
2026-06-20,TK 421 ,333,СТАМБУЛ(СТАМБУЛ НЬЮ),22,Y(А09),00:39,3942,2026-06-20 00:52:00,2026-06-20 00:55:00,,2026-06-20 00:54:00,2026-06-20 01:09:00,2026-06-20 00:54:00,2026-06-20 01:09:00,2026-06-20 01:22:00,,,2026-06-20 01:05:00,2026-06-20 01:13:00,,0.0,2026-06-20 01:08:00,2026-06-20 01:14:00,2026-06-20 01:09:00,2026-06-20 01:17:00,,,Тихонов С. М.,Turkish Airlines,Выдача до 30 минут
2026-06-20,VF 275 ,73Х,СТАМБУЛ(САБИХА ГОКЦЕН),32A,Y(А10),00:43,2538,2026-06-20 00:58:00,2026-06-20 01:01:00,,2026-06-20 01:03:00,2026-06-20 01:27:00,2026-06-20 01:03:00,2026-06-20 01:27:00,2026-06-20 01:19:00,8.0,7.0,2026-06-20 01:17:00,2026-06-20 01:34:00,,6.0,2026-06-20 01:10:00,2026-06-20 01:17:00,2026-06-20 01:28:00,2026-06-20 01:33:00,,,Каламбеков У. О.,AJET,Выдача от 30 до 40 минут
2026-06-20,ЮТ 358 ,73Х,САМАРА(КУРУМОЧ),11,Y(А04),00:46,373,2026-06-20 00:58:00,2026-06-20 00:58:00,,2026-06-20 01:02:00,2026-06-20 01:05:00,2026-06-20 01:02:00,2026-06-20 01:05:00,2026-06-20 01:04:00,1.0,1.0,2026-06-20 01:09:00,2026-06-20 01:11:00,,0.0,2026-06-20 01:06:00,2026-06-20 01:11:00,,,,,Ушаков Г. А.,Ютэйр,Выдача до 30 минут
2026-06-20,ХИ 605 ,320,САМАРКАНД(САМАРКАНД ИНТЛ.),29,Y(А11),00:52,1413,2026-06-20 01:06:00,2026-06-20 01:08:00,,2026-06-20 01:10:00,2026-06-20 01:18:00,2026-06-20 01:10:00,2026-06-20 01:18:00,2026-06-20 01:19:00,,,2026-06-20 01:19:00,2026-06-20 01:25:00,,0.0,2026-06-20 01:15:00,2026-06-20 01:19:00,2026-06-20 01:21:00,2026-06-20 01:24:00,,,Демчук Д. П.,UZBEKISTAN AIRWAYS,Выдача до 30 минут
2026-06-20,TK 3014 ,321,АНТАЛЬЯ,23,Y(А10),01:03,2832,2026-06-20 01:15:00,2026-06-20 01:17:00,,2026-06-20 01:19:00,2026-06-20 01:32:00,2026-06-20 01:19:00,2026-06-20 01:32:00,2026-06-20 01:38:00,,,2026-06-20 01:25:00,2026-06-20 01:42:00,,0.0,2026-06-20 01:20:00,2026-06-20 01:33:00,2026-06-20 01:30:00,2026-06-20 01:43:00,,,Гаврилов В. А.,Turkish Airlines,Выдача до 30 минут
2026-06-20,PC 1521 ,32Н,ИЗМИР(АДНАН МЕНДЕРЕС),37,Y(А12),01:08,2098,2026-06-20 01:17:00,2026-06-20 01:18:00,,2026-06-20 01:20:00,2026-06-20 01:38:00,2026-06-20 01:20:00,2026-06-20 01:38:00,2026-06-20 01:35:00,3.0,4.0,2026-06-20 01:34:00,2026-06-20 01:46:00,,0.0,2026-06-20 01:27:00,2026-06-20 01:34:00,2026-06-20 01:40:00,2026-06-20 01:45:00,,,Иванов В. А.,Pegasus,Выдача до 30 минут
2026-06-20,TK 3036 ,321,АНТАЛЬЯ,21,Y(А11),01:10,2870,2026-06-20 01:20:00,2026-06-20 01:23:00,,2026-06-20 01:24:00,2026-06-20 01:39:00,2026-06-20 01:24:00,2026-06-20 01:39:00,2026-06-20 01:43:00,,,2026-06-20 01:40:00,2026-06-20 01:53:00,,3.0,2026-06-20 01:33:00,2026-06-20 01:40:00,2026-06-20 01:26:00,2026-06-20 01:51:00,,,Харитонов- Тихонов И. А.,Turkish Airlines,Выдача от 30 до 40 минут
2026-06-20,ДР 168 ,73Х,МИНЕРАЛЬНЫЕ ВОДЫ,49,Y(А07),01:24,566,2026-06-20 01:32:00,2026-06-20 01:34:00,,2026-06-20 01:34:00,2026-06-20 01:38:00,2026-06-20 01:34:00,2026-06-20 01:38:00,2026-06-20 01:40:00,,,2026-06-20 01:45:00,2026-06-20 01:47:00,,0.0,2026-06-20 01:40:00,2026-06-20 01:45:00,,,,,Барабанов А. М.,Победа,Выдача до 30 минут
2026-06-20,3F 323 ,320,ЕРЕВАН(ЗВАРТНОЦ ИНТЛ),27,Y(А13),01:28,601,2026-06-20 01:43:00,2026-06-20 01:51:00,5.0,2026-06-20 01:26:00,2026-06-20 02:09:00,2026-06-20 01:26:00,2026-06-20 02:09:00,2026-06-20 01:51:00,18.0,39.0,2026-06-20 02:17:00,2026-06-20 02:20:00,14.0,7.0,2026-06-20 02:11:00,2026-06-20 02:17:00,,,,,Дубинский В. Д.,FLYONE Armenia,Выдача от 30 до 40 минут
2026-06-20,ДР 262D,7С8,КАЛИНИНГРАД(ХРАБРОВО),50,Y(А08),01:32,534,2026-06-20 01:40:00,2026-06-20 01:43:00,,2026-06-20 01:43:00,2026-06-20 01:46:00,2026-06-20 01:43:00,2026-06-20 01:46:00,2026-06-20 01:48:00,,,2026-06-20 01:56:00,2026-06-20 02:00:00,,0.0,2026-06-20 01:49:00,2026-06-20 01:56:00,,,,,Екимов С. С.,Победа,Выдача до 30 минут
2026-06-20,TK 3154 ,32Б,БОДРУМ(МИЛАС),18,Y(А11),01:42,2245,2026-06-20 01:54:00,2026-06-20 01:56:00,,2026-06-20 01:57:00,2026-06-20 02:06:00,2026-06-20 01:57:00,2026-06-20 02:06:00,2026-06-20 02:13:00,,,2026-06-20 02:09:00,2026-06-20 02:17:00,,0.0,2026-06-20 01:59:00,2026-06-20 02:14:00,,,,,Чеканов В. А.,Turkish Airlines,Выдача до 30 минут
2026-06-20,ФВ 6187 ,СУ9,САНКТ-ПЕТЕРБУРГ(ПУЛКОВО),9,Y(А04),01:49,155,2026-06-20 02:00:00,2026-06-20 02:01:00,,2026-06-20 02:04:00,2026-06-20 02:06:00,2026-06-20 02:04:00,2026-06-20 02:06:00,2026-06-20 02:05:00,1.0,1.0,2026-06-20 02:10:00,2026-06-20 02:11:00,,0.0,2026-06-20 02:07:00,2026-06-20 02:10:00,,,,,Семиченков - Исаков С. А.,Россия,Выдача до 30 минут
2026-06-20,ДР 210D,73Х,САНКТ-ПЕТЕРБУРГ(ПУЛКОВО),47,Y(А05),01:56,163,2026-06-20 02:04:00,2026-06-20 02:05:00,,2026-06-20 02:06:00,2026-06-20 02:07:00,2026-06-20 02:06:00,2026-06-20 02:07:00,2026-06-20 02:09:00,,,2026-06-20 02:15:00,2026-06-20 02:17:00,,0.0,2026-06-20 02:11:00,2026-06-20 02:15:00,,,,,Кейта А. С.,Победа,Выдача до 30 минут
2026-06-20,ДР 194B,73Х,НАЛЬЧИК,48,Y(А08),02:06,854,2026-06-20 02:13:00,2026-06-20 02:16:00,,2026-06-20 02:16:00,2026-06-20 02:23:00,2026-06-20 02:16:00,2026-06-20 02:23:00,2026-06-20 02:23:00,,1.0,2026-06-20 02:31:00,2026-06-20 02:33:00,,0.0,2026-06-20 02:25:00,2026-06-20 02:30:00,,,,,Барабанов А. М.,Победа,Выдача до 30 минут
2026-06-20,ЖГ 932 ,73Й,ТБИЛИСИ(ТБИЛИСИ ИНТЛ.),30,Y(А09),02:09,1758,2026-06-20 02:20:00,2026-06-20 02:22:00,,2026-06-20 02:28:00,2026-06-20 02:39:00,2026-06-20 02:31:00,2026-06-20 02:39:00,2026-06-20 02:36:00,3.0,,2026-06-20 02:37:00,2026-06-20 02:45:00,,0.0,2026-06-20 02:33:00,2026-06-20 02:38:00,2026-06-20 02:41:00,2026-06-20 02:45:00,,,"Кейта А. С., Фанин - Богданов Анатолий Н. О.",GEORGIAN AIRWAYS,Выдача до 30 минут
2026-06-20,FZ 987 ,7М8,ДУБАЙ(ДУБАЙ ИНТЛ.),29,Y(А12),02:44,2085,2026-06-20 02:55:00,2026-06-20 02:58:00,,2026-06-20 02:58:00,2026-06-20 03:11:00,2026-06-20 03:01:00,2026-06-20 03:11:00,2026-06-20 03:13:00,,,2026-06-20 03:07:00,2026-06-20 03:19:00,,0.0,2026-06-20 03:14:00,2026-06-20 03:19:00,2026-06-20 03:03:00,2026-06-20 03:07:00,,,"Тихонов С. М., Фанин - Богданов Анатолий Н. О.",flydubai,Выдача до 30 минут
2026-06-20,ХИ 9619B,32Н,НАМАНГАН,25,Y(А10),02:47,1712,2026-06-20 03:00:00,2026-06-20 03:01:00,,2026-06-20 03:03:00,2026-06-20 03:18:00,2026-06-20 03:03:00,2026-06-20 03:18:00,2026-06-20 03:15:00,3.0,4.0,2026-06-20 03:13:00,2026-06-20 03:24:00,,0.0,2026-06-20 03:11:00,2026-06-20 03:13:00,2026-06-20 03:19:00,2026-06-20 03:25:00,,,Семиченков - Исаков С. А.,UZBEKISTAN AIRWAYS,Выдача до 30 минут
2026-06-20,PC 386 ,32Щ,СТАМБУЛ(САБИХА ГОКЦЕН),20,Y(А09),02:51,3026,2026-06-20 03:06:00,2026-06-20 03:07:00,,2026-06-20 03:10:00,2026-06-20 03:22:00,2026-06-20 03:10:00,2026-06-20 03:22:00,2026-06-20 03:30:00,,,2026-06-20 03:21:00,2026-06-20 03:31:00,,0.0,2026-06-20 03:15:00,2026-06-20 03:23:00,2026-06-20 03:24:00,2026-06-20 03:28:00,,,"Барабанов А. М., Чеканов В. А.",Pegasus,Выдача до 30 минут
2026-06-20,ДР 486B,73Х,УЛЬЯНОВСК(БАРАТАЕВКА),49,Y(А04),02:55,165,2026-06-20 03:08:00,2026-06-20 03:10:00,,2026-06-20 03:13:00,2026-06-20 03:20:00,2026-06-20 03:13:00,2026-06-20 03:20:00,2026-06-20 03:13:00,7.0,6.0,2026-06-20 03:25:00,2026-06-20 03:26:00,,0.0,2026-06-20 03:17:00,2026-06-20 03:25:00,,,,,Кейта А. С.,Победа,Выдача до 30 минут
2026-06-20,ДР 208 ,73Х,САНКТ-ПЕТЕРБУРГ(ПУЛКОВО),44,Y(А05),03:09,154,2026-06-20 03:16:00,2026-06-20 03:17:00,,2026-06-20 03:19:00,2026-06-20 03:21:00,2026-06-20 03:19:00,2026-06-20 03:21:00,2026-06-20 03:21:00,,1.0,2026-06-20 03:28:00,2026-06-20 03:29:00,,0.0,2026-06-20 03:23:00,2026-06-20 03:28:00,,,,,Гаврилов В. А.,Победа,Выдача до 30 минут
2026-06-20,ФВ 6161 ,СУ9,САНКТ-ПЕТЕРБУРГ(ПУЛКОВО),9,Y(А04),03:13,277,2026-06-20 03:23:00,2026-06-20 03:27:00,1.0,2026-06-20 03:28:00,2026-06-20 03:30:00,2026-06-20 03:28:00,2026-06-20 03:30:00,2026-06-20 03:29:00,1.0,,2026-06-20 03:35:00,2026-06-20 03:36:00,,0.0,2026-06-20 03:32:00,2026-06-20 03:35:00,,,,,Харитонов- Тихонов И. А.,Россия,Выдача до 30 минут
2026-06-20,NE 492 ,320,ХУРГАДА(ХУРГАДА ИНТЛ.),21,Y(А11),03:27,789,2026-06-20 03:38:00,2026-06-20 03:42:00,1.0,2026-06-20 03:40:00,2026-06-20 03:46:00,2026-06-20 03:40:00,2026-06-20 03:46:00,2026-06-20 03:47:00,,1.0,2026-06-20 03:52:00,2026-06-20 03:53:00,,0.0,2026-06-20 03:47:00,2026-06-20 03:51:00,,,,,Харитонов- Тихонов И. А.,Nesma Airlines,Выдача до 30 минут
2026-06-20,ДР 198D,7С8,ВЛАДИКАВКАЗ(БЕСЛАН),48,Y(А07),03:35,683,2026-06-20 03:43:00,2026-06-20 03:48:00,2.0,2026-06-20 03:45:00,2026-06-20 03:50:00,2026-06-20 03:45:00,2026-06-20 03:50:00,2026-06-20 03:52:00,,,2026-06-20 03:58:00,2026-06-20 04:03:00,,0.0,2026-06-20 03:52:00,2026-06-20 03:57:00,,,,,Гаврилов В. А.,Победа,Выдача до 30 минут
2026-06-20,AZV 3004 ,75В,АНТАЛЬЯ,18,Y(А09),03:43,2252,2026-06-20 03:56:00,2026-06-20 03:58:00,,2026-06-20 04:01:00,2026-06-20 04:25:00,2026-06-20 04:01:00,2026-06-20 04:25:00,2026-06-20 04:15:00,10.0,9.0,2026-06-20 04:15:00,2026-06-20 04:30:00,,4.0,2026-06-20 04:10:00,2026-06-20 04:14:00,2026-06-20 04:25:00,2026-06-20 04:29:00,,,Ушаков П. А.,АЗУР эйр,Выдача от 30 до 40 минут
2026-06-20,ДР 1476 ,7С8,САРАТОВ(ГАГАРИН),50,Y(А05),03:49,330,2026-06-20 03:56:00,2026-06-20 03:58:00,,2026-06-20 04:02:00,2026-06-20 04:05:00,2026-06-20 04:02:00,2026-06-20 04:05:00,2026-06-20 04:02:00,3.0,1.0,2026-06-20 04:11:00,2026-06-20 04:13:00,,0.0,2026-06-20 04:07:00,2026-06-20 04:12:00,,,,,Кузин К. С.,Победа,Выдача до 30 минут
2026-06-20,PC 1456 ,32Щ,БОДРУМ(МИЛАС),19,Y(А13),04:13,2451,2026-06-20 04:24:00,2026-06-20 04:25:00,,2026-06-20 04:28:00,2026-06-20 04:51:00,2026-06-20 04:28:00,2026-06-20 04:51:00,2026-06-20 04:44:00,7.0,7.0,2026-06-20 04:41:00,2026-06-20 04:58:00,,4.0,2026-06-20 04:35:00,2026-06-20 04:41:00,2026-06-20 04:53:00,2026-06-20 04:59:00,,,Екимов С. С.,Pegasus,Выдача от 30 до 40 минут
2026-06-20,VF 587 ,73Х,АНКАРА(ЕСЕНБОГА),22,Y(А10),04:16,2228,2026-06-20 04:28:00,2026-06-20 04:31:00,,2026-06-20 04:31:00,2026-06-20 04:48:00,2026-06-20 04:32:00,2026-06-20 04:48:00,2026-06-20 04:47:00,1.0,1.0,2026-06-20 04:43:00,2026-06-20 04:58:00,,0.0,2026-06-20 04:39:00,2026-06-20 04:43:00,2026-06-20 04:53:00,2026-06-20 04:57:00,,,"Семиченков - Исаков С. А., Ушаков Г. А.",AJET,Выдача до 30 минут
2026-06-20,VF 277 ,73Х,СТАМБУЛ(САБИХА ГОКЦЕН),25,Y(А11),04:28,1953,2026-06-20 04:43:00,2026-06-20 04:47:00,1.0,2026-06-20 04:45:00,2026-06-20 05:03:00,2026-06-20 04:45:00,2026-06-20 05:03:00,2026-06-20 05:00:00,3.0,5.0,2026-06-20 04:57:00,2026-06-20 05:08:00,,0.0,2026-06-20 04:52:00,2026-06-20 04:56:00,2026-06-20 05:03:00,2026-06-20 05:06:00,,,Гаврилов В. А.,AJET,Выдача до 30 минут
2026-06-20,NE 606 ,320,ХУРГАДА(ХУРГАДА ИНТЛ.),26,Y(А12),04:36,1960,2026-06-20 04:46:00,2026-06-20 04:49:00,,2026-06-20 04:56:00,2026-06-20 05:08:00,2026-06-20 04:56:00,2026-06-20 05:08:00,2026-06-20 05:03:00,5.0,,2026-06-20 05:03:00,2026-06-20 05:13:00,,0.0,2026-06-20 04:56:00,2026-06-20 04:59:00,2026-06-20 05:10:00,2026-06-20 05:12:00,,,Кейта А. С.,Nesma Airlines,Выдача до 30 минут
2026-06-20,PC 390 ,32Щ,СТАМБУЛ(САБИХА ГОКЦЕН),20,Y(А13),04:40,2286,2026-06-20 04:47:00,2026-06-20 04:48:00,,2026-06-20 04:51:00,2026-06-20 05:03:00,2026-06-20 04:51:00,2026-06-20 05:03:00,2026-06-20 05:06:00,,,2026-06-20 05:05:00,2026-06-20 05:12:00,,0.0,2026-06-20 04:57:00,2026-06-20 05:02:00,2026-06-20 05:05:00,2026-06-20 05:10:00,,,Барабанов А. М.,Pegasus,Выдача до 30 минут
2026-06-20,TK 419 ,333,СТАМБУЛ(СТАМБУЛ НЬЮ),23,Y(А09),04:45,4709,2026-06-20 04:59:00,2026-06-20 05:03:00,1.0,2026-06-20 05:03:00,2026-06-20 05:19:00,2026-06-20 05:03:00,2026-06-20 05:19:00,2026-06-20 05:34:00,,,2026-06-20 05:17:00,2026-06-20 05:24:00,,0.0,2026-06-20 05:13:00,2026-06-20 05:21:00,2026-06-20 05:23:00,2026-06-20 05:28:00,,,Чеканов В. А.,Turkish Airlines,Выдача до 30 минут
2026-06-20,ДР 1422 ,73Х,САМАРА(КУРУМОЧ),46,Y(А05),04:49,100,2026-06-20 04:57:00,2026-06-20 04:59:00,,2026-06-20 05:00:00,2026-06-20 05:03:00,2026-06-20 05:00:00,2026-06-20 05:03:00,2026-06-20 05:02:00,1.0,2.0,2026-06-20 05:07:00,2026-06-20 05:08:00,,0.0,2026-06-20 05:04:00,2026-06-20 05:07:00,,,,,Ушаков П. А.,Победа,Выдача до 30 минут
2026-06-20,ХИ 9627B,32Н,ФЕРГАНА(ФЕРГАНА ИНТЛ.),24,Y(А10),05:07,2121,2026-06-20 05:19:00,2026-06-20 05:21:00,,2026-06-20 05:22:00,2026-06-20 05:39:00,2026-06-20 05:22:00,2026-06-20 05:39:00,2026-06-20 05:37:00,2.0,3.0,2026-06-20 05:33:00,2026-06-20 05:49:00,,0.0,2026-06-20 05:29:00,2026-06-20 05:32:00,2026-06-20 05:44:00,2026-06-20 05:47:00,,,Кузин К. С.,UZBEKISTAN AIRWAYS,Выдача до 30 минут
2026-06-20,ДР 408 ,7С8,ЕКАТЕРИНБУРГ(КОЛЬЦОВО),57,Y(А05),05:21,361,2026-06-20 05:38:00,2026-06-20 05:41:00,,2026-06-20 05:46:00,2026-06-20 05:49:00,2026-06-20 05:46:00,2026-06-20 05:49:00,2026-06-20 05:44:00,5.0,1.0,2026-06-20 05:56:00,2026-06-20 05:58:00,,0.0,2026-06-20 05:51:00,2026-06-20 05:55:00,,,,,Тихонов С. М.,Победа,Выдача до 30 минут
2026-06-20,PC 1458 ,32Щ,ДАЛАМАН,19,Y(А11),05:49,2389,2026-06-20 05:58:00,2026-06-20 06:00:00,,2026-06-20 06:03:00,2026-06-20 06:18:00,2026-06-20 06:03:00,2026-06-20 06:18:00,2026-06-20 06:18:00,,,2026-06-20 06:23:00,2026-06-20 06:29:00,5.0,1.0,2026-06-20 06:08:00,2026-06-20 06:14:00,2026-06-20 06:19:00,2026-06-20 06:25:00,,,Коляскин А. Г.,Pegasus,Выдача от 30 до 40 минут
2026-06-20,ЮТ 784F,73Х,АНТАЛЬЯ,27,Y(А09),05:52,1420,2026-06-20 06:01:00,2026-06-20 06:04:00,,2026-06-20 06:04:00,2026-06-20 06:18:00,2026-06-20 06:04:00,2026-06-20 06:18:00,2026-06-20 06:14:00,4.0,5.0,2026-06-20 06:16:00,2026-06-20 06:24:00,,0.0,2026-06-20 06:13:00,2026-06-20 06:16:00,2026-06-20 06:20:00,2026-06-20 06:23:00,,,Ушаков Г. А.,Ютэйр,Выдача до 30 минут
2026-06-20,ДР 730 ,73Х,ФЕРГАНА(ФЕРГАНА ИНТЛ.),49,Y(А11),05:58,179,2026-06-20 06:06:00,2026-06-20 06:08:00,,2026-06-20 06:08:00,2026-06-20 06:12:00,2026-06-20 06:08:00,2026-06-20 06:12:00,2026-06-20 06:11:00,1.0,3.0,2026-06-20 06:18:00,2026-06-20 06:21:00,,0.0,2026-06-20 06:11:00,2026-06-20 06:17:00,,,,,Тихонов С. М.,Победа,Выдача до 30 минут
2026-06-20,4S 317 ,73Х,ШАРМ ЭЛЬ ШЕЙХ(ШАРМ ЭЛЬ ШЕЙХ ИНТЛ.),29,Y(А12),06:04,2167,2026-06-20 06:20:00,2026-06-20 06:22:00,,2026-06-20 06:23:00,2026-06-20 06:38:00,2026-06-20 06:23:00,2026-06-20 06:38:00,2026-06-20 06:38:00,,1.0,2026-06-20 06:33:00,2026-06-20 06:42:00,,0.0,2026-06-20 06:28:00,2026-06-20 06:32:00,2026-06-20 06:39:00,2026-06-20 06:43:00,,,Иванов В. А.,Red Sea,Выдача до 30 минут
2026-06-20,TK 407 ,333,СТАМБУЛ(СТАМБУЛ НЬЮ),22,Y(А09),06:07,4151,2026-06-20 06:22:00,2026-06-20 06:26:00,1.0,2026-06-20 06:28:00,2026-06-20 06:43:00,2026-06-20 06:28:00,2026-06-20 06:43:00,2026-06-20 06:54:00,,,2026-06-20 06:34:00,2026-06-20 06:49:00,,0.0,2026-06-20 06:41:00,2026-06-20 06:50:00,2026-06-20 06:39:00,2026-06-20 06:48:00,,,Кейта А. С.,Turkish Airlines,Выдача до 30 минут
2026-06-20,ЮТ 786 ,73Х,ЕРЕВАН(ЗВАРТНОЦ ИНТЛ),11,Y(А13),06:21,1546,2026-06-20 06:33:00,2026-06-20 06:34:00,,2026-06-20 06:36:00,2026-06-20 06:51:00,2026-06-20 06:41:00,2026-06-20 06:51:00,2026-06-20 06:47:00,4.0,,2026-06-20 06:50:00,2026-06-20 06:53:00,,0.0,2026-06-20 06:45:00,2026-06-20 06:50:00,2026-06-20 06:49:00,2026-06-20 06:52:00,,,"Барабанов А. М., Семиченков - Исаков С. А.",Ютэйр,Выдача до 30 минут
2026-06-20,ДР 414 ,7С8,ЧЕЛЯБИНСК(БАЛАНДИНО),51,Y(А07),06:26,433,2026-06-20 06:38:00,2026-06-20 06:40:00,,2026-06-20 06:42:00,2026-06-20 06:45:00,2026-06-20 06:42:00,2026-06-20 06:45:00,2026-06-20 06:45:00,,,2026-06-20 06:54:00,2026-06-20 06:56:00,,0.0,2026-06-20 06:48:00,2026-06-20 06:54:00,,,,,Тихонов С. М.,Победа,Выдача до 30 минут
2026-06-20,AZO 7072 ,СУ9,КУТАИСИ(КУТАИСИ ИНТЛ.),28,Y(А11),07:06,991,2026-06-20 07:15:00,2026-06-20 07:17:00,,2026-06-20 07:20:00,2026-06-20 07:32:00,2026-06-20 07:20:00,2026-06-20 07:32:00,2026-06-20 07:26:00,6.0,5.0,2026-06-20 07:36:00,2026-06-20 07:37:00,1.0,0.0,2026-06-20 07:32:00,2026-06-20 07:35:00,,,,,Екимов С. С.,GEORGIAN AIRWAYS,Выдача до 30 минут
2026-06-20,AZO 7208 ,СУ9,ТБИЛИСИ(ТБИЛИСИ ИНТЛ.),26,Y(А12),07:48,509,2026-06-20 07:57:00,2026-06-20 08:00:00,,2026-06-20 08:00:00,2026-06-20 08:04:00,2026-06-20 08:00:00,2026-06-20 08:04:00,2026-06-20 08:04:00,,1.0,2026-06-20 08:08:00,2026-06-20 08:10:00,,0.0,2026-06-20 08:05:00,2026-06-20 08:08:00,,,,,Ушаков М. В.,GEORGIAN AIRWAYS,Выдача до 30 минут
2026-06-20,В2 981 ,Е95,МИНСК(МИНСК ИНТЛ.),29,Y(А13),07:54,166,2026-06-20 08:04:00,2026-06-20 08:04:00,,2026-06-20 08:05:00,2026-06-20 08:07:00,2026-06-20 08:05:00,2026-06-20 08:07:00,2026-06-20 08:09:00,,1.0,2026-06-20 08:10:00,2026-06-20 08:11:00,,0.0,2026-06-20 08:07:00,2026-06-20 08:10:00,,,,,Королев А. А.,Белавиа,Выдача до 30 минут
2026-06-20,ЮТ 454 ,73Х,ТЮМЕНЬ(РОЩИНО),24,Y(А06),08:11,940,2026-06-20 08:20:00,2026-06-20 08:22:00,,2026-06-20 08:22:00,2026-06-20 08:31:00,2026-06-20 08:22:00,2026-06-20 08:31:00,2026-06-20 08:30:00,1.0,3.0,2026-06-20 08:35:00,2026-06-20 08:37:00,,0.0,2026-06-20 08:33:00,2026-06-20 08:36:00,,,,,Гафуров О. Ф.,Ютэйр,Выдача до 30 минут
2026-06-20,3F 321 ,320,ЕРЕВАН(ЗВАРТНОЦ ИНТЛ),21,Y(А13),08:15,697,2026-06-20 08:23:00,2026-06-20 08:24:00,,2026-06-20 08:41:00,2026-06-20 08:46:00,2026-06-20 08:41:00,2026-06-20 08:46:00,2026-06-20 08:32:00,14.0,,2026-06-20 08:51:00,2026-06-20 08:53:00,8.0,0.0,2026-06-20 08:47:00,2026-06-20 08:52:00,,,,,Кутейников А. В.,FLYONE Armenia,Выдача до 30 минут
2026-06-20,ФВ 6051 ,СУ9,САНКТ-ПЕТЕРБУРГ(ПУЛКОВО),8,Y(А04),08:21,82,2026-06-20 08:34:00,2026-06-20 08:34:00,,2026-06-20 08:34:00,2026-06-20 08:36:00,2026-06-20 08:34:00,2026-06-20 08:36:00,2026-06-20 08:39:00,,1.0,2026-06-20 08:41:00,2026-06-20 08:42:00,,0.0,2026-06-20 08:37:00,2026-06-20 08:40:00,,,,,Рустамов М. А.,Россия,Выдача до 30 минут
2026-06-20,ЮТ 352 ,73Е,ХАНТЫ-МАНСИЙСК,13,Y(А07),08:27,685,2026-06-20 08:34:00,2026-06-20 08:35:00,,2026-06-20 08:38:00,2026-06-20 08:43:00,2026-06-20 08:38:00,2026-06-20 08:43:00,2026-06-20 08:43:00,,,2026-06-20 08:47:00,2026-06-20 08:49:00,,0.0,2026-06-20 08:44:00,2026-06-20 08:47:00,,,,,Фанин - Богданов Анатолий Н. О.,Ютэйр,Выдача до 30 минут
2026-06-20,ЮТ 572 ,73Х,КРАСНОЯРСК,12,Y(А05),08:35,768,2026-06-20 08:44:00,2026-06-20 08:48:00,1.0,2026-06-20 08:46:00,2026-06-20 08:52:00,2026-06-20 08:46:00,2026-06-20 08:52:00,2026-06-20 08:53:00,,1.0,2026-06-20 09:01:00,2026-06-20 09:02:00,,0.0,2026-06-20 08:58:00,2026-06-20 09:01:00,,,,,Скулов Е. С.,Ютэйр,Выдача до 30 минут
2026-06-20,J2 807 ,320,БАКУ(ИМ. ГЕЙДАРА АЛИЕВА),19,Y(А12),08:42,1170,2026-06-20 08:55:00,2026-06-20 08:56:00,,2026-06-20 08:58:00,2026-06-20 09:09:00,2026-06-20 08:58:00,2026-06-20 09:09:00,2026-06-20 09:07:00,2.0,3.0,2026-06-20 09:07:00,2026-06-20 09:24:00,,0.0,2026-06-20 09:18:00,2026-06-20 09:23:00,,,,,Поляков К. Н.,AZAL,Выдача до 30 минут
2026-06-20,ЮТ 356 ,734,ГРОЗНЫЙ(СЕВЕРНЫЙ),14,Y(А04),08:46,255,2026-06-20 08:54:00,2026-06-20 08:55:00,,2026-06-20 09:01:00,2026-06-20 09:04:00,2026-06-20 09:01:00,2026-06-20 09:04:00,2026-06-20 09:00:00,4.0,1.0,2026-06-20 09:08:00,2026-06-20 09:09:00,,0.0,2026-06-20 09:04:00,2026-06-20 09:08:00,,,,,Екимов С. С.,Ютэйр,Выдача до 30 минут
2026-06-20,ДР 744 ,73Х,ОШ,47,Y(А13),08:49,740,2026-06-20 08:56:00,2026-06-20 08:56:00,,2026-06-20 08:58:00,2026-06-20 09:02:00,2026-06-20 08:58:00,2026-06-20 09:02:00,2026-06-20 09:05:00,,,2026-06-20 09:11:00,2026-06-20 09:13:00,,0.0,2026-06-20 09:02:00,2026-06-20 09:10:00,,,,,"Аганин А. А., Соболь М. Ф.",Победа,Выдача до 30 минут
2026-06-20,ЯМ 597 ,73Х,МИРНЫЙ,4,Y(А06),08:54,1584,2026-06-20 09:04:00,2026-06-20 09:07:00,,2026-06-20 09:06:00,2026-06-20 09:21:00,2026-06-20 09:06:00,2026-06-20 09:21:00,2026-06-20 09:19:00,2.0,4.0,2026-06-20 09:22:00,2026-06-20 09:28:00,,0.0,2026-06-20 09:12:00,2026-06-20 09:16:00,2026-06-20 09:24:00,2026-06-20 09:28:00,,,Давлатов Б. Ч.,Алроса,Выдача до 30 минут
2026-06-20,ДР 436 ,73Х,УФА,49,Y(А05),09:02,213,2026-06-20 09:10:00,2026-06-20 09:12:00,,2026-06-20 09:13:00,2026-06-20 09:16:00,2026-06-20 09:13:00,2026-06-20 09:16:00,2026-06-20 09:15:00,1.0,2.0,2026-06-20 09:23:00,2026-06-20 09:24:00,,0.0,2026-06-20 09:16:00,2026-06-20 09:22:00,,,,,Гафуров О. Ф.,Победа,Выдача до 30 минут
2026-06-20,ЮТ 248 ,734,СУРГУТ,16,Y(А07),09:05,720,2026-06-20 09:12:00,2026-06-20 09:13:00,,2026-06-20 09:15:00,2026-06-20 09:19:00,2026-06-20 09:15:00,2026-06-20 09:19:00,2026-06-20 09:21:00,,,2026-06-20 09:25:00,2026-06-20 09:26:00,,0.0,2026-06-20 09:23:00,2026-06-20 09:25:00,,,,,"Каламбеков У. О., Рустамов М. А.",Ютэйр,Выдача до 30 минут
2026-06-20,AZV 3010 ,763,АНТАЛЬЯ,23,Y(А09),09:11,2252,2026-06-20 09:21:00,2026-06-20 09:24:00,,2026-06-20 09:32:00,2026-06-20 09:48:00,2026-06-20 09:32:00,2026-06-20 09:48:00,2026-06-20 09:40:00,8.0,1.0,2026-06-20 09:46:00,2026-06-20 09:58:00,5.0,7.0,2026-06-20 10:03:00,2026-06-20 10:21:00,,,,,Музафаров А. С.,АЗУР эйр,Выдача от 30 до 40 минут
2026-06-20,А4 7020 ,СУ9,САНКТ-ПЕТЕРБУРГ(ПУЛКОВО),41A,Y(А08),09:14,58,2026-06-20 09:23:00,2026-06-20 09:26:00,,2026-06-20 09:27:00,2026-06-20 09:28:00,2026-06-20 09:27:00,2026-06-20 09:28:00,2026-06-20 09:27:00,1.0,1.0,2026-06-20 09:36:00,2026-06-20 09:37:00,,0.0,2026-06-20 09:32:00,2026-06-20 09:35:00,,,,,Михайлов М. С.,Азимут,Выдача до 30 минут
2026-06-20,DV 809 ,738,АЛМАТЫ(АЛМАТЫ ИНТЛ.),20,Y(А13),09:21,1341,2026-06-20 09:32:00,2026-06-20 09:33:00,,2026-06-20 09:33:00,2026-06-20 09:42:00,2026-06-20 09:33:00,2026-06-20 09:42:00,2026-06-20 09:45:00,,,2026-06-20 09:43:00,2026-06-20 09:51:00,,0.0,2026-06-20 09:41:00,2026-06-20 09:44:00,2026-06-20 09:48:00,2026-06-20 09:51:00,,,Баташан В. Ю.,SCAT Airlines,Выдача до 30 минут
2026-06-20,ФВ 6003 ,СУ9,САНКТ-ПЕТЕРБУРГ(ПУЛКОВО),10,Y(А04),09:26,79,2026-06-20 09:37:00,2026-06-20 09:37:00,,2026-06-20 09:40:00,2026-06-20 09:41:00,2026-06-20 09:40:00,2026-06-20 09:41:00,2026-06-20 09:42:00,,,2026-06-20 09:43:00,2026-06-20 09:44:00,,0.0,2026-06-20 09:41:00,2026-06-20 09:43:00,,,,,Фанин - Богданов Анатолий Н. О.,Россия,Выдача до 30 минут
2026-06-20,ЮТ 400 ,73Х,ГРОЗНЫЙ(СЕВЕРНЫЙ),11,Y(А04),09:34,280,2026-06-20 09:45:00,2026-06-20 09:46:00,,2026-06-20 09:48:00,2026-06-20 09:54:00,2026-06-20 09:48:00,2026-06-20 09:54:00,2026-06-20 09:51:00,3.0,4.0,2026-06-20 09:55:00,2026-06-20 09:56:00,,0.0,2026-06-20 09:54:00,2026-06-20 09:57:00,,,,,Давлатов Б. Ч.,Ютэйр,Выдача до 30 минут
2026-06-20,УР 514 ,75В,БОДРУМ(МИЛАС),18,Y(А11),09:53,1096,2026-06-20 10:05:00,2026-06-20 10:08:00,,2026-06-20 10:10:00,2026-06-20 10:20:00,2026-06-20 10:10:00,2026-06-20 10:20:00,2026-06-20 10:16:00,4.0,3.0,2026-06-20 10:25:00,2026-06-20 10:26:00,,0.0,,,,,,,Каламбеков У. О.,FLYONE Armenia,Выдача до 30 минут
2026-06-20,ДР 438 ,73Х,УФА,50,Y(А05),09:58,205,2026-06-20 10:03:00,2026-06-20 10:07:00,1.0,2026-06-20 10:07:00,2026-06-20 10:09:00,2026-06-20 10:07:00,2026-06-20 10:09:00,2026-06-20 10:08:00,1.0,1.0,2026-06-20 10:16:00,2026-06-20 10:17:00,,0.0,2026-06-20 10:10:00,2026-06-20 10:16:00,,,,,Михайлов М. С.,Победа,Выдача до 30 минут
2026-06-20,ЯК 473 ,7С8,ЯКУТСК,17,Y(А06),10:10,1171,2026-06-20 10:18:00,2026-06-20 10:19:00,,2026-06-20 10:20:00,2026-06-20 10:29:00,2026-06-20 10:20:00,2026-06-20 10:29:00,2026-06-20 10:28:00,1.0,3.0,2026-06-20 10:34:00,2026-06-20 10:37:00,,0.0,2026-06-20 10:29:00,2026-06-20 10:34:00,,,,,Аганин А. А.,Якутия,Выдача до 30 минут
2026-06-20,ФВ 6005 ,СУ9,САНКТ-ПЕТЕРБУРГ(ПУЛКОВО),8,Y(А04),10:13,46,2026-06-20 10:23:00,2026-06-20 10:23:00,,2026-06-20 10:25:00,2026-06-20 10:27:00,2026-06-20 10:25:00,2026-06-20 10:27:00,2026-06-20 10:27:00,,2.0,2026-06-20 10:29:00,2026-06-20 10:30:00,,0.0,2026-06-20 10:28:00,2026-06-20 10:30:00,,,,,Екимов С. С.,Россия,Выдача до 30 минут
2026-06-20,ВГ 2390 ,ЯК4,ВОЛОГДА,45,0,10:18,0,2026-06-20 10:25:00,2026-06-20 10:25:00,,2026-06-20 10:26:00,2026-06-20 10:28:00,2026-06-20 10:26:00,2026-06-20 10:28:00,,,2.0,,-1,,0.0,,,,,,,Минченко А. И.,Вологодское АП,Не определено
2026-06-20,ЖГ 936 ,73Х,ТБИЛИСИ(ТБИЛИСИ ИНТЛ.),30,Y(А12),10:23,1411,2026-06-20 10:29:00,2026-06-20 10:31:00,,2026-06-20 10:32:00,2026-06-20 10:39:00,2026-06-20 10:32:00,2026-06-20 10:39:00,2026-06-20 10:42:00,,,2026-06-20 10:41:00,2026-06-20 10:47:00,,0.0,2026-06-20 10:38:00,2026-06-20 10:41:00,2026-06-20 10:44:00,2026-06-20 10:46:00,,,Скулов Е. С.,GEORGIAN AIRWAYS,Выдача до 30 минут
2026-06-20,TK 413 ,333,СТАМБУЛ(СТАМБУЛ НЬЮ),22,Y(А10),10:53,3321,2026-06-20 11:08:00,2026-06-20 11:12:00,1.0,2026-06-20 11:09:00,2026-06-20 11:27:00,2026-06-20 11:10:00,2026-06-20 11:27:00,2026-06-20 11:34:00,,,2026-06-20 11:27:00,2026-06-20 11:32:00,,0.0,2026-06-20 11:22:00,2026-06-20 11:27:00,2026-06-20 11:30:00,2026-06-20 11:37:00,,,"Соболь М. Ф., Ушаков М. В.",Turkish Airlines,Выдача до 30 минут
2026-06-20,УР 412 ,763,ДАЛАМАН,19,Y(А09),11:13,2294,2026-06-20 11:23:00,2026-06-20 11:25:00,,2026-06-20 11:25:00,2026-06-20 11:37:00,2026-06-20 11:25:00,2026-06-20 11:37:00,2026-06-20 11:42:00,,,2026-06-20 11:34:00,2026-06-20 11:45:00,,0.0,2026-06-20 11:39:00,2026-06-20 11:45:00,,,,,Поляков К. Н.,FLYONE Armenia,Выдача до 30 минут
2026-06-20,ДР 732 ,73Х,НУКУС,48,Y(А11),11:17,612,2026-06-20 11:23:00,2026-06-20 11:24:00,,2026-06-20 11:24:00,2026-06-20 11:30:00,2026-06-20 11:24:00,2026-06-20 11:30:00,2026-06-20 11:31:00,,2.0,2026-06-20 11:40:00,2026-06-20 11:41:00,,0.0,2026-06-20 11:24:00,2026-06-20 11:39:00,,,,,"Кутейников А. В., Федоров Н. В.",Победа,Выдача до 30 минут
2026-06-20,TK 3076 ,321,ДАЛАМАН,21,Y(А10),11:45,2388,2026-06-20 12:00:00,2026-06-20 12:03:00,,2026-06-20 12:05:00,2026-06-20 12:22:00,2026-06-20 12:05:00,2026-06-20 12:22:00,2026-06-20 12:20:00,2.0,1.0,2026-06-20 12:19:00,2026-06-20 12:31:00,,1.0,2026-06-20 12:28:00,2026-06-20 12:31:00,,,,,Давлатов Б. Ч.,Turkish Airlines,Выдача от 30 до 40 минут
2026-06-20,NE 608 ,320,ХУРГАДА(ХУРГАДА ИНТЛ.),27,Y(А13),11:49,1642,2026-06-20 11:58:00,2026-06-20 11:58:00,,2026-06-20 12:02:00,2026-06-20 12:14:00,2026-06-20 12:02:00,2026-06-20 12:14:00,2026-06-20 12:13:00,1.0,1.0,2026-06-20 12:10:00,2026-06-20 12:18:00,,0.0,2026-06-20 12:06:00,2026-06-20 12:10:00,2026-06-20 12:13:00,2026-06-20 12:17:00,,,Баташан В. Ю.,Nesma Airlines,Выдача до 30 минут
2026-06-20,ЮТ 400F,73Х,ГРОЗНЫЙ(СЕВЕРНЫЙ),15,Y(А05),12:04,337,2026-06-20 12:13:00,2026-06-20 12:15:00,,2026-06-20 12:15:00,2026-06-20 12:20:00,2026-06-20 12:15:00,2026-06-20 12:20:00,2026-06-20 12:19:00,1.0,3.0,2026-06-20 12:25:00,2026-06-20 12:26:00,,0.0,2026-06-20 12:24:00,2026-06-20 12:25:00,,,,,Кутейников А. В.,Ютэйр,Выдача до 30 минут
2026-06-20,TK 1231 ,321,АНТАЛЬЯ,30,Y(А10),12:27,1935,2026-06-20 12:37:00,2026-06-20 12:39:00,,2026-06-20 12:45:00,2026-06-20 12:56:00,2026-06-20 12:45:00,2026-06-20 12:56:00,2026-06-20 12:54:00,2.0,,2026-06-20 12:52:00,2026-06-20 13:02:00,,0.0,2026-06-20 12:56:00,2026-06-20 13:03:00,,,,,Михайлов М. С.,Turkish Airlines,Выдача до 30 минут
2026-06-20,TK 3070 ,32Б,АНТАЛЬЯ,24,Y(А09),12:29,2186,2026-06-20 12:42:00,2026-06-20 12:44:00,,2026-06-20 12:42:00,2026-06-20 12:54:00,2026-06-20 12:42:00,2026-06-20 12:54:00,2026-06-20 13:01:00,,,2026-06-20 12:51:00,2026-06-20 12:58:00,,0.0,2026-06-20 12:55:00,2026-06-20 12:58:00,,,,,Минченко А. И.,Turkish Airlines,Выдача до 30 минут
2026-06-20,TK 3012 ,321,АНТАЛЬЯ,20,Y(А10),12:33,2546,2026-06-20 12:46:00,2026-06-20 12:49:00,,2026-06-20 12:50:00,2026-06-20 12:59:00,2026-06-20 12:50:00,2026-06-20 12:59:00,2026-06-20 13:07:00,,,2026-06-20 13:01:00,2026-06-20 13:11:00,,0.0,2026-06-20 12:55:00,2026-06-20 13:01:00,2026-06-20 12:45:00,2026-06-20 13:12:00,,,Федоров Н. В.,Turkish Airlines,Выдача до 30 минут
2026-06-20,ФВ 6009 ,СУ9,САНКТ-ПЕТЕРБУРГ(ПУЛКОВО),8,Y(А04),12:36,183,2026-06-20 12:44:00,2026-06-20 12:46:00,,2026-06-20 12:47:00,2026-06-20 12:49:00,2026-06-20 12:47:00,2026-06-20 12:49:00,2026-06-20 12:49:00,,1.0,2026-06-20 12:51:00,2026-06-20 12:52:00,,0.0,2026-06-20 12:49:00,2026-06-20 12:51:00,,,,,Скулов Е. С.,Россия,Выдача до 30 минут
2026-06-20,NE 644 ,320,ШАРМ ЭЛЬ ШЕЙХ(ШАРМ ЭЛЬ ШЕЙХ ИНТЛ.),26,Y(А12),12:43,1002,2026-06-20 12:54:00,2026-06-20 12:56:00,,2026-06-20 12:56:00,2026-06-20 13:07:00,2026-06-20 12:56:00,2026-06-20 13:07:00,2026-06-20 13:05:00,2.0,4.0,2026-06-20 13:11:00,2026-06-20 13:16:00,,0.0,2026-06-20 13:09:00,2026-06-20 13:11:00,,,,,Соболь М. Ф.,Nesma Airlines,Выдача до 30 минут
2026-06-20,ЮТ 250F,735,СОЧИ,56,Y(А06),12:45,638,2026-06-20 13:01:00,2026-06-20 13:01:00,,2026-06-20 13:03:00,2026-06-20 13:09:00,2026-06-20 13:03:00,2026-06-20 13:09:00,2026-06-20 13:09:00,,2.0,2026-06-20 13:16:00,2026-06-20 13:17:00,,0.0,2026-06-20 13:14:00,2026-06-20 13:16:00,,,,,Фаёзов А. Р.,Ютэйр,Выдача до 30 минут
2026-06-20,TK 3046 ,321,АНТАЛЬЯ,22,Y(А09),12:50,2437,2026-06-20 13:08:00,2026-06-20 13:08:00,,2026-06-20 13:10:00,2026-06-20 13:19:00,2026-06-20 13:10:00,2026-06-20 13:19:00,2026-06-20 13:28:00,,,2026-06-20 13:17:00,2026-06-20 13:24:00,,0.0,2026-06-20 13:10:00,2026-06-20 13:17:00,2026-06-20 13:22:00,2026-06-20 13:25:00,,,Ушаков М. В.,Turkish Airlines,Выдача до 30 минут
2026-06-20,ДР 160 ,73Х,КРАСНОДАР(ПАШКОВСКИЙ),50,Y(А05),12:55,548,2026-06-20 13:06:00,2026-06-20 13:08:00,,2026-06-20 13:09:00,2026-06-20 13:12:00,2026-06-20 13:09:00,2026-06-20 13:12:00,2026-06-20 13:14:00,,,2026-06-20 13:23:00,2026-06-20 13:26:00,,0.0,2026-06-20 13:11:00,2026-06-20 13:23:00,,,,,Шамсов Б. С.,Победа,Выдача до 30 минут
2026-06-20,ДР 114 ,7С8,СОЧИ,49,Y(А07),12:58,668,2026-06-20 13:07:00,2026-06-20 13:08:00,,2026-06-20 13:11:00,2026-06-20 13:14:00,2026-06-20 13:11:00,2026-06-20 13:14:00,2026-06-20 13:15:00,,,2026-06-20 13:24:00,2026-06-20 13:26:00,,0.0,2026-06-20 13:11:00,2026-06-20 13:24:00,,,,,Каламбеков У. О.,Победа,Выдача до 30 минут
2026-06-20,ДР 466 ,73Х,УЛЬЯНОВСК(БАРАТАЕВКА),48,Y(А08),13:01,441,2026-06-20 13:09:00,2026-06-20 13:09:00,,2026-06-20 13:12:00,2026-06-20 13:14:00,2026-06-20 13:12:00,2026-06-20 13:14:00,2026-06-20 13:16:00,,,2026-06-20 13:21:00,2026-06-20 13:22:00,,0.0,2026-06-20 13:16:00,2026-06-20 13:22:00,,,,,Скулов Е. С.,Победа,Выдача до 30 минут
2026-06-20,ХИ 9615 ,32Н,УРГЕНЧ(УРГЕНЧ ИНТЛ.),29,Y(А11),13:08,1643,2026-06-20 13:18:00,2026-06-20 13:20:00,,2026-06-20 13:23:00,2026-06-20 13:35:00,2026-06-20 13:23:00,2026-06-20 13:35:00,2026-06-20 13:33:00,2.0,1.0,2026-06-20 13:31:00,2026-06-20 13:40:00,,0.0,2026-06-20 13:29:00,2026-06-20 13:31:00,2026-06-20 13:38:00,2026-06-20 13:45:00,,,Аганин А. А.,UZBEKISTAN AIRWAYS,Выдача до 30 минут
2026-06-20,ФВ 6025 ,СУ9,САНКТ-ПЕТЕРБУРГ(ПУЛКОВО),9,Y(А04),13:14,259,2026-06-20 13:21:00,2026-06-20 13:22:00,,2026-06-20 13:30:00,2026-06-20 13:32:00,2026-06-20 13:30:00,2026-06-20 13:32:00,2026-06-20 13:27:00,5.0,,2026-06-20 13:36:00,2026-06-20 13:37:00,,0.0,2026-06-20 13:35:00,2026-06-20 13:36:00,,,,,Соболь М. Ф.,Россия,Выдача до 30 минут
2026-06-20,TK 417 ,32Б,СТАМБУЛ(СТАМБУЛ НЬЮ),18,Y(А10),13:20,2421,2026-06-20 13:31:00,2026-06-20 13:31:00,,2026-06-20 13:37:00,2026-06-20 13:51:00,2026-06-20 13:37:00,2026-06-20 13:51:00,2026-06-20 13:51:00,,,2026-06-20 13:44:00,2026-06-20 13:55:00,,0.0,2026-06-20 13:40:00,2026-06-20 13:45:00,2026-06-20 13:49:00,2026-06-20 13:59:00,,,Давлатов Б. Ч.,Turkish Airlines,Выдача до 30 минут
2026-06-20,NE 640 ,321,ШАРМ ЭЛЬ ШЕЙХ(ШАРМ ЭЛЬ ШЕЙХ ИНТЛ.),25,Y(А13),13:25,1778,2026-06-20 13:37:00,2026-06-20 13:39:00,,2026-06-20 13:40:00,2026-06-20 13:57:00,2026-06-20 13:40:00,2026-06-20 13:57:00,2026-06-20 13:53:00,4.0,5.0,2026-06-20 13:50:00,2026-06-20 14:01:00,,0.0,2026-06-20 13:46:00,2026-06-20 13:51:00,2026-06-20 13:58:00,2026-06-20 14:01:00,,,Кутейников А. В.,Nesma Airlines,Выдача до 30 минут
2026-06-20,TK 3024 ,321,АНТАЛЬЯ,23,Y(А09),13:36,2650,2026-06-20 13:51:00,2026-06-20 13:52:00,,2026-06-20 13:55:00,2026-06-20 14:06:00,2026-06-20 13:55:00,2026-06-20 14:06:00,2026-06-20 14:13:00,,,2026-06-20 14:05:00,2026-06-20 14:11:00,,0.0,2026-06-20 14:02:00,2026-06-20 14:05:00,2026-06-20 14:02:00,2026-06-20 14:11:00,,,Федоров Н. В.,Turkish Airlines,Выдача до 30 минут
2026-06-20,ГЗП 706 ,СУ9,НОВЫЙ УРЕНГОЙ,Б36,Y(А05),13:41,394,2026-06-20 13:49:00,2026-06-20 13:49:00,,2026-06-20 13:52:00,2026-06-20 13:56:00,2026-06-20 13:52:00,2026-06-20 13:56:00,2026-06-20 13:56:00,,1.0,2026-06-20 14:13:00,2026-06-20 14:14:00,,0.0,2026-06-20 13:56:00,2026-06-20 14:13:00,,,,,Фаёзов А. Р.,Газпром авиа,Выдача до 30 минут
2026-06-20,ФВ 6027 ,СУ9,САНКТ-ПЕТЕРБУРГ(ПУЛКОВО),8,Y(А04),14:11,299,2026-06-20 14:20:00,2026-06-20 14:22:00,,2026-06-20 14:24:00,2026-06-20 14:27:00,2026-06-20 14:24:00,2026-06-20 14:27:00,2026-06-20 14:26:00,1.0,1.0,2026-06-20 14:29:00,2026-06-20 14:30:00,,0.0,2026-06-20 14:27:00,2026-06-20 14:30:00,,,,,Скулов Е. С.,Россия,Выдача до 30 минут
2026-06-20,4S 333 ,7С8,ШАРМ ЭЛЬ ШЕЙХ(ШАРМ ЭЛЬ ШЕЙХ ИНТЛ.),22,Y(А12),14:18,2173,2026-06-20 14:29:00,2026-06-20 14:33:00,1.0,2026-06-20 14:34:00,2026-06-20 14:48:00,2026-06-20 14:34:00,2026-06-20 14:48:00,2026-06-20 14:47:00,1.0,,2026-06-20 14:44:00,2026-06-20 14:54:00,,0.0,2026-06-20 14:39:00,2026-06-20 14:45:00,2026-06-20 14:49:00,2026-06-20 14:54:00,,,Каламбеков У. О.,Red Sea,Выдача до 30 минут
2026-06-20,PC 388 ,32Щ,СТАМБУЛ(САБИХА ГОКЦЕН),20,Y(А09),14:28,2699,2026-06-20 14:35:00,2026-06-20 14:38:00,,2026-06-20 14:39:00,2026-06-20 14:51:00,2026-06-20 14:40:00,2026-06-20 14:51:00,2026-06-20 14:57:00,,,2026-06-20 14:54:00,2026-06-20 15:02:00,,0.0,2026-06-20 14:51:00,2026-06-20 14:55:00,2026-06-20 14:58:00,2026-06-20 15:02:00,,,"Минченко А. И., Михайлов М. С.",Pegasus,Выдача до 30 минут
2026-06-20,ЮТ 744 ,735,ГЯНДЖА,21,Y(А11),14:32,701,2026-06-20 14:42:00,2026-06-20 14:48:00,3.0,2026-06-20 14:54:00,2026-06-20 15:00:00,2026-06-20 14:54:00,2026-06-20 15:00:00,2026-06-20 14:51:00,9.0,1.0,2026-06-20 15:05:00,2026-06-20 15:08:00,3.0,0.0,2026-06-20 15:00:00,2026-06-20 15:10:00,,,,,Шамсов Б. С.,Ютэйр,Выдача до 30 минут
2026-06-20,ЮТ 560 ,73Х,МАХАЧКАЛА,24,Y(А05),15:16,496,2026-06-20 15:27:00,2026-06-20 15:29:00,,2026-06-20 15:30:00,2026-06-20 15:32:00,2026-06-20 15:30:00,2026-06-20 15:32:00,2026-06-20 15:34:00,,,2026-06-20 15:36:00,2026-06-20 15:37:00,,0.0,2026-06-20 15:33:00,2026-06-20 15:36:00,,,,,Давлатов Б. Ч.,Ютэйр,Выдача до 30 минут
2026-06-20,В2 979 ,73Х,МИНСК(МИНСК ИНТЛ.),29,Y(А13),15:39,703,2026-06-20 15:49:00,2026-06-20 15:51:00,,2026-06-20 15:51:00,2026-06-20 15:55:00,2026-06-20 15:51:00,2026-06-20 15:55:00,2026-06-20 15:58:00,,,2026-06-20 16:00:00,2026-06-20 16:03:00,,0.0,2026-06-20 15:57:00,2026-06-20 16:00:00,,,,,Шамсов Б. С.,Белавиа,Выдача до 30 минут
2026-06-20,ХИ 9607 ,32Н,БУХАРА(БУХАРА ИНТЛ.),23,Y(А09),15:51,2118,2026-06-20 16:01:00,2026-06-20 16:03:00,,2026-06-20 16:05:00,2026-06-20 16:22:00,2026-06-20 16:05:00,2026-06-20 16:22:00,2026-06-20 16:19:00,3.0,3.0,2026-06-20 16:15:00,2026-06-20 16:26:00,,0.0,2026-06-20 16:13:00,2026-06-20 16:16:00,2026-06-20 16:25:00,2026-06-20 16:26:00,,,Федоров Н. В.,UZBEKISTAN AIRWAYS,Выдача до 30 минут
2026-06-20,ФВ 6037 ,СУ9,САНКТ-ПЕТЕРБУРГ(ПУЛКОВО),8,Y(А04),16:10,326,2026-06-20 16:21:00,2026-06-20 16:23:00,,2026-06-20 16:23:00,2026-06-20 16:27:00,2026-06-20 16:23:00,2026-06-20 16:27:00,2026-06-20 16:27:00,,2.0,2026-06-20 16:30:00,2026-06-20 16:31:00,,0.0,2026-06-20 16:29:00,2026-06-20 16:30:00,,,,,Минченко А. И.,Россия,Выдача до 30 минут
2026-06-20,ЖГ 926 ,73Й,ТБИЛИСИ(ТБИЛИСИ ИНТЛ.),30,Y(А11),16:13,2021,2026-06-20 16:21:00,2026-06-20 16:24:00,,2026-06-20 16:32:00,2026-06-20 16:43:00,2026-06-20 16:32:00,2026-06-20 16:43:00,2026-06-20 16:38:00,5.0,,2026-06-20 16:41:00,2026-06-20 16:47:00,,0.0,2026-06-20 16:37:00,2026-06-20 16:41:00,2026-06-20 16:43:00,2026-06-20 16:47:00,,,"Ушаков М. В., Фаёзов А. Р.",GEORGIAN AIRWAYS,Выдача до 30 минут
2026-06-20,ДР 434 ,7С8,ПЕРМЬ(БОЛЬШОЕ САВИНО),47,Y(А05),16:22,409,2026-06-20 16:30:00,2026-06-20 16:31:00,,2026-06-20 16:32:00,2026-06-20 16:35:00,2026-06-20 16:32:00,2026-06-20 16:35:00,2026-06-20 16:37:00,,,2026-06-20 16:47:00,2026-06-20 16:50:00,,0.0,2026-06-20 16:41:00,2026-06-20 16:47:00,,,,,Скулов Е. С.,Победа,Выдача до 30 минут
2026-06-20,А4 7010 ,СУ9,ТБИЛИСИ(ТБИЛИСИ ИНТЛ.),25,Y(А12),16:29,1034,2026-06-20 16:41:00,2026-06-20 16:45:00,1.0,2026-06-20 16:45:00,2026-06-20 16:57:00,2026-06-20 16:45:00,2026-06-20 16:57:00,2026-06-20 16:52:00,5.0,5.0,2026-06-20 17:00:00,2026-06-20 17:01:00,,0.0,2026-06-20 16:57:00,2026-06-20 17:01:00,,,,,Аганин А. А.,Азимут,Выдача до 30 минут
2026-06-20,ДР 968 ,73Х,МИНСК(МИНСК ИНТЛ.),49,Y(А13),16:36,388,2026-06-20 16:42:00,2026-06-20 16:45:00,,2026-06-20 16:46:00,2026-06-20 16:50:00,2026-06-20 16:46:00,2026-06-20 16:50:00,2026-06-20 16:49:00,1.0,1.0,2026-06-20 16:58:00,2026-06-20 16:59:00,,0.0,2026-06-20 16:52:00,2026-06-20 16:58:00,,,,,Минченко А. И.,Победа,Выдача до 30 минут
2026-06-20,ДР 170 ,73Х,МИНЕРАЛЬНЫЕ ВОДЫ,46,Y(А07),16:40,791,2026-06-20 16:48:00,2026-06-20 16:50:00,,2026-06-20 16:50:00,2026-06-20 16:55:00,2026-06-20 16:50:00,2026-06-20 16:55:00,2026-06-20 16:57:00,,,2026-06-20 17:02:00,2026-06-20 17:04:00,,0.0,2026-06-20 16:56:00,2026-06-20 17:02:00,,,,,Шамсов Б. С.,Победа,Выдача до 30 минут
2026-06-20,НВЦ 9152 ,32Щ,САБЕТТА,12,Y(А06),16:43,1684,2026-06-20 16:56:00,2026-06-20 16:56:00,,2026-06-20 17:00:00,2026-06-20 17:18:00,2026-06-20 17:00:00,2026-06-20 17:18:00,2026-06-20 17:11:00,7.0,7.0,2026-06-20 17:11:00,2026-06-20 17:21:00,,0.0,2026-06-20 17:07:00,2026-06-20 17:13:00,2026-06-20 17:18:00,2026-06-20 17:21:00,,,Давлатов Б. Ч.,Северо-Запад,Выдача до 30 минут
2026-06-20,ФВ 6175 ,СУ9,САНКТ-ПЕТЕРБУРГ(ПУЛКОВО),9,Y(А04),17:13,202,2026-06-20 17:27:00,2026-06-20 17:28:00,,2026-06-20 17:30:00,2026-06-20 17:31:00,2026-06-20 17:30:00,2026-06-20 17:31:00,2026-06-20 17:32:00,,,2026-06-20 17:34:00,2026-06-20 17:35:00,,0.0,2026-06-20 17:32:00,2026-06-20 17:35:00,,,,,Соболь М. Ф.,Россия,Выдача до 30 минут
2026-06-20,PBD 840 ,7С8,АНТАЛЬЯ,48,Y(А11),17:18,1452,2026-06-20 17:26:00,2026-06-20 17:27:00,,2026-06-20 17:29:00,2026-06-20 17:38:00,2026-06-20 17:29:00,2026-06-20 17:38:00,2026-06-20 17:40:00,,,2026-06-20 17:41:00,2026-06-20 17:54:00,,0.0,2026-06-20 17:34:00,2026-06-20 17:41:00,2026-06-20 17:48:00,2026-06-20 17:54:00,,,Аганин А. А.,Победа,Выдача до 30 минут
2026-06-20,ДР 836 ,73Х,ГАЗИПАША,50,Y(А09),17:23,1916,2026-06-20 17:31:00,2026-06-20 17:32:00,,2026-06-20 17:33:00,2026-06-20 17:47:00,2026-06-20 17:33:00,2026-06-20 17:47:00,2026-06-20 17:48:00,,1.0,2026-06-20 17:47:00,2026-06-20 17:57:00,,0.0,2026-06-20 17:40:00,2026-06-20 17:46:00,2026-06-20 17:51:00,2026-06-20 17:57:00,,,Баташан В. Ю.,Победа,Выдача до 30 минут
2026-06-20,FZ 989 ,7М8,ДУБАЙ(ДУБАЙ ИНТЛ.),26A,Y(А10),17:34,2449,2026-06-20 17:40:00,2026-06-20 17:42:00,,2026-06-20 17:42:00,2026-06-20 17:57:00,2026-06-20 17:42:00,2026-06-20 17:57:00,2026-06-20 18:00:00,,,2026-06-20 17:51:00,2026-06-20 18:02:00,,0.0,2026-06-20 17:49:00,2026-06-20 17:51:00,2026-06-20 18:00:00,2026-06-20 18:01:00,,,"Поляков К. Н., Скулов Е. С.",flydubai,Выдача до 30 минут
2026-06-20,3F 325 ,320,ЕРЕВАН(ЗВАРТНОЦ ИНТЛ),24,Y(А13),17:41,1916,2026-06-20 17:48:00,2026-06-20 17:50:00,,2026-06-20 17:51:00,2026-06-20 18:02:00,2026-06-20 17:51:00,2026-06-20 18:02:00,2026-06-20 18:05:00,,,2026-06-20 18:01:00,2026-06-20 18:10:00,,0.0,2026-06-20 17:57:00,2026-06-20 18:02:00,2026-06-20 18:05:00,2026-06-20 18:11:00,,,"Кутейников А. В., Соболь М. Ф.",FLYONE Armenia,Выдача до 30 минут
2026-06-20,AZO 7054 ,СУ9,БАТУМИ,28,Y(А12),17:44,1114,2026-06-20 17:55:00,2026-06-20 17:55:00,,2026-06-20 17:56:00,2026-06-20 18:07:00,2026-06-20 17:56:00,2026-06-20 18:07:00,2026-06-20 18:06:00,1.0,4.0,2026-06-20 18:12:00,2026-06-20 18:13:00,,0.0,2026-06-20 18:09:00,2026-06-20 18:12:00,,,,,Шамсов Б. С.,GEORGIAN AIRWAYS,Выдача до 30 минут
2026-06-20,ДР 856 ,73Х,ГЮМРИ(ШИРАК),47,Y(А13),17:48,1321,2026-06-20 17:53:00,2026-06-20 17:55:00,,2026-06-20 17:57:00,2026-06-20 18:07:00,2026-06-20 17:57:00,2026-06-20 18:07:00,2026-06-20 18:06:00,1.0,1.0,2026-06-20 18:13:00,2026-06-20 18:26:00,,3.0,2026-06-20 18:05:00,2026-06-20 18:12:00,2026-06-20 18:18:00,2026-06-20 18:26:00,,,Михайлов М. С.,Победа,Выдача от 30 до 40 минут
2026-06-20,УТА 6134 ,73Х,НОЯБРЬСК,17,Y(А04),17:50,214,2026-06-20 17:56:00,2026-06-20 17:56:00,,2026-06-20 17:59:00,2026-06-20 18:01:00,2026-06-20 17:59:00,2026-06-20 18:01:00,2026-06-20 18:01:00,,1.0,2026-06-20 18:06:00,2026-06-20 18:07:00,,0.0,2026-06-20 18:02:00,2026-06-20 18:06:00,,,,,Ушаков М. В.,Ютэйр,Выдача до 30 минут
2026-06-20,ДР 262 ,73Х,КАЛИНИНГРАД(ХРАБРОВО),49,Y(А05),17:54,662,2026-06-20 18:00:00,2026-06-20 18:02:00,,2026-06-20 18:03:00,2026-06-20 18:07:00,2026-06-20 18:03:00,2026-06-20 18:07:00,2026-06-20 18:08:00,,,2026-06-20 18:15:00,2026-06-20 18:16:00,,0.0,2026-06-20 18:14:00,2026-06-20 18:15:00,,,,,Давлатов Б. Ч.,Победа,Выдача до 30 минут
2026-06-20,ЮТ 746 ,73Х,БАКУ(ИМ. ГЕЙДАРА АЛИЕВА),18,Y(А09),17:58,1164,2026-06-20 18:08:00,2026-06-20 18:10:00,,2026-06-20 18:10:00,2026-06-20 18:20:00,2026-06-20 18:10:00,2026-06-20 18:20:00,2026-06-20 18:20:00,,2.0,2026-06-20 18:27:00,2026-06-20 18:28:00,,0.0,2026-06-20 18:24:00,2026-06-20 18:27:00,,,,,Федоров Н. В.,Ютэйр,Выдача до 30 минут
2026-06-20,ДР 738 ,73Х,СТАМБУЛ(СТАМБУЛ НЬЮ),46,Y(А11),18:24,1194,2026-06-20 18:30:00,2026-06-20 18:31:00,,2026-06-20 18:32:00,2026-06-20 18:37:00,2026-06-20 18:32:00,2026-06-20 18:37:00,2026-06-20 18:42:00,,,2026-06-20 18:44:00,2026-06-20 18:45:00,,0.0,2026-06-20 18:38:00,2026-06-20 18:45:00,,,,,"Минченко А. И., Ушаков М. В.",Победа,Выдача до 30 минут
2026-06-20,ФВ 6177 ,СУ9,САНКТ-ПЕТЕРБУРГ(ПУЛКОВО),8,Y(А04),18:27,84,2026-06-20 18:35:00,2026-06-20 18:35:00,,2026-06-20 18:37:00,2026-06-20 18:38:00,2026-06-20 18:37:00,2026-06-20 18:38:00,2026-06-20 18:40:00,,,2026-06-20 18:42:00,2026-06-20 18:43:00,,0.0,2026-06-20 18:40:00,2026-06-20 18:45:00,,,,,Аганин А. А.,Россия,Выдача до 30 минут
2026-06-20,TK 415 ,321,СТАМБУЛ(СТАМБУЛ НЬЮ),22,Y(А10),18:33,3135,2026-06-20 18:41:00,2026-06-20 18:43:00,,2026-06-20 18:45:00,2026-06-20 19:06:00,2026-06-20 18:45:00,2026-06-20 19:06:00,2026-06-20 19:06:00,,,2026-06-20 19:08:00,2026-06-20 19:14:00,7.0,3.0,2026-06-20 19:01:00,2026-06-20 19:07:00,2026-06-20 19:01:00,2026-06-20 19:18:00,,,Попов Д. В.,Turkish Airlines,Выдача от 30 до 40 минут
2026-06-20,РГ 178 ,ЦР1,СУХУМ(СУХУМ МЕЖД. ИМ. В.Г.АРДЗИНБА),55,Y(А13),18:37,282,2026-06-20 18:46:00,2026-06-20 18:46:00,,2026-06-20 18:47:00,2026-06-20 18:49:00,2026-06-20 18:47:00,2026-06-20 18:49:00,2026-06-20 18:52:00,,,2026-06-20 18:59:00,2026-06-20 19:03:00,,0.0,2026-06-20 18:50:00,2026-06-20 18:59:00,,,,,Кутейников А. В.,Руслайн,Выдача до 30 минут
2026-06-20,ЮТ 576 ,734,КРАСНОДАР(ПАШКОВСКИЙ),15,Y(А05),18:39,614,2026-06-20 18:45:00,2026-06-20 18:45:00,,2026-06-20 18:52:00,2026-06-20 18:57:00,2026-06-20 18:52:00,2026-06-20 18:57:00,2026-06-20 18:53:00,4.0,1.0,2026-06-20 19:02:00,2026-06-20 19:03:00,,0.0,2026-06-20 18:59:00,2026-06-20 19:03:00,,,,,Ушаков Г. А.,Ютэйр,Выдача до 30 минут
2026-06-20,ФВ 6179 ,СУ9,САНКТ-ПЕТЕРБУРГ(ПУЛКОВО),9,Y(А04),19:09,110,2026-06-20 19:20:00,2026-06-20 19:20:00,,2026-06-20 19:21:00,2026-06-20 19:23:00,2026-06-20 19:21:00,2026-06-20 19:23:00,2026-06-20 19:25:00,,1.0,2026-06-20 19:26:00,2026-06-20 19:34:00,,0.0,2026-06-20 19:23:00,2026-06-20 19:28:00,,,,,Скулов Е. С.,Россия,Выдача до 30 минут
2026-06-20,ЮТ 296 ,73Х,СУРГУТ,12,Y(А05),19:13,996,2026-06-20 19:20:00,2026-06-20 19:21:00,,2026-06-20 19:23:00,2026-06-20 19:32:00,2026-06-20 19:23:00,2026-06-20 19:32:00,2026-06-20 19:31:00,1.0,2.0,2026-06-20 19:37:00,2026-06-20 19:38:00,,0.0,2026-06-20 19:34:00,2026-06-20 19:36:00,,,,,Федоров Н. В.,Ютэйр,Выдача до 30 минут
2026-06-20,ДР 206 ,7С8,САНКТ-ПЕТЕРБУРГ(ПУЛКОВО),49,Y(А08),19:27,225,2026-06-20 19:32:00,2026-06-20 19:35:00,,2026-06-20 19:37:00,2026-06-20 19:39:00,2026-06-20 19:37:00,2026-06-20 19:39:00,2026-06-20 19:38:00,1.0,,2026-06-20 19:46:00,2026-06-20 19:48:00,,0.0,2026-06-20 19:40:00,2026-06-20 19:47:00,,,,,Черкас В. А.,Победа,Выдача до 30 минут
2026-06-20,ЮТ 250 ,734,СОЧИ,16,Y(А06),19:31,1403,2026-06-20 19:37:00,2026-06-20 19:38:00,,2026-06-20 19:39:00,2026-06-20 19:49:00,2026-06-20 19:39:00,2026-06-20 19:49:00,2026-06-20 19:50:00,,1.0,2026-06-20 19:49:00,2026-06-20 19:56:00,,0.0,2026-06-20 19:46:00,2026-06-20 19:49:00,2026-06-20 19:53:00,2026-06-20 19:57:00,,,Демчук Д. П.,Ютэйр,Выдача до 30 минут
2026-06-20,ЯК 474 ,7С8,СОЧИ,14,Y(А07),19:34,942,2026-06-20 19:41:00,2026-06-20 19:41:00,,2026-06-20 19:43:00,2026-06-20 19:47:00,2026-06-20 19:43:00,2026-06-20 19:47:00,2026-06-20 19:49:00,,,2026-06-20 19:52:00,2026-06-20 19:54:00,,0.0,2026-06-20 19:50:00,2026-06-20 19:55:00,,,,,Рябчевский В. О.,Якутия,Выдача до 30 минут
2026-06-20,ДР 158 ,7С8,КРАСНОДАР(ПАШКОВСКИЙ),48,Y(А05),19:47,869,2026-06-20 19:51:00,2026-06-20 19:53:00,,2026-06-20 19:55:00,2026-06-20 20:01:00,2026-06-20 19:55:00,2026-06-20 20:01:00,2026-06-20 20:01:00,,,2026-06-20 20:09:00,2026-06-20 20:13:00,,0.0,2026-06-20 20:03:00,2026-06-20 20:13:00,,,,,Гаврилов В. А.,Победа,Выдача до 30 минут
2026-06-20,DV 815 ,7М8,АЛМАТЫ(АЛМАТЫ ИНТЛ.),20,Y(А13),20:23,1356,2026-06-20 20:31:00,2026-06-20 20:35:00,1.0,2026-06-20 20:33:00,2026-06-20 20:42:00,2026-06-20 20:35:00,2026-06-20 20:42:00,2026-06-20 20:44:00,,,2026-06-20 20:44:00,2026-06-20 20:47:00,,0.0,2026-06-20 20:42:00,2026-06-20 20:48:00,2026-06-20 20:40:00,2026-06-20 20:45:00,,,"Ушаков Г. А., Ушаков П. А.",SCAT Airlines,Выдача до 30 минут
2026-06-20,ЮТ 374 ,73Х,МИНЕРАЛЬНЫЕ ВОДЫ,15,Y(А06),20:26,1142,2026-06-20 20:35:00,2026-06-20 20:35:00,,2026-06-20 20:40:00,2026-06-20 20:51:00,2026-06-20 20:40:00,2026-06-20 20:51:00,2026-06-20 20:47:00,4.0,3.0,2026-06-20 20:54:00,2026-06-20 20:57:00,,0.0,2026-06-20 20:51:00,2026-06-20 20:55:00,,,,,Попов Д. В.,Ютэйр,Выдача до 30 минут
2026-06-20,ХИ 613 ,763,ТАШКЕНТ(ТАШКЕНТ ИНТЛ.),23,Y(А09),20:30,4671,2026-06-20 20:39:00,2026-06-20 20:41:00,,2026-06-20 20:41:00,2026-06-20 20:53:00,2026-06-20 20:42:00,2026-06-20 20:53:00,2026-06-20 21:14:00,,,2026-06-20 20:55:00,2026-06-20 21:03:00,,0.0,2026-06-20 20:42:00,2026-06-20 20:58:00,2026-06-20 20:53:00,2026-06-20 20:59:00,,,"Демчук Д. П., Федоров Н. В.",UZBEKISTAN AIRWAYS,Выдача до 30 минут
2026-06-20,ДР 994 ,73Х,СТАМБУЛ(СТАМБУЛ НЬЮ),47,Y(А12),20:52,955,2026-06-20 20:57:00,2026-06-20 21:01:00,1.0,2026-06-20 20:58:00,2026-06-20 21:07:00,2026-06-20 20:58:00,2026-06-20 21:07:00,2026-06-20 21:07:00,,3.0,2026-06-20 21:13:00,2026-06-20 21:14:00,,0.0,2026-06-20 21:06:00,2026-06-20 21:13:00,,,,,"Воробьев Т. А., Гаврилов В. А.",Победа,Выдача до 30 минут
2026-06-20,NE 648 ,320,ШАРМ ЭЛЬ ШЕЙХ(ШАРМ ЭЛЬ ШЕЙХ ИНТЛ.),19,Y(А11),21:05,1565,2026-06-20 21:10:00,2026-06-20 21:11:00,,2026-06-20 21:13:00,2026-06-20 21:26:00,2026-06-20 21:13:00,2026-06-20 21:26:00,2026-06-20 21:24:00,2.0,3.0,2026-06-20 21:25:00,2026-06-20 21:34:00,,0.0,2026-06-20 21:20:00,2026-06-20 21:25:00,2026-06-20 21:28:00,2026-06-20 21:33:00,,,Каламбеков У. О.,Nesma Airlines,Выдача до 30 минут
2026-06-20,ФВ 6183 ,СУ9,САНКТ-ПЕТЕРБУРГ(ПУЛКОВО),8,Y(А04),21:09,92,2026-06-20 21:18:00,2026-06-20 21:24:00,3.0,2026-06-20 21:20:00,2026-06-20 21:22:00,2026-06-20 21:20:00,2026-06-20 21:22:00,2026-06-20 21:23:00,,1.0,2026-06-20 21:24:00,2026-06-20 21:25:00,,0.0,2026-06-20 21:22:00,2026-06-20 21:24:00,,,,,Скулов Е. С.,Россия,Выдача до 30 минут
2026-06-20,ЮТ 784 ,73Х,АНТАЛЬЯ,27,Y(А09),21:42,2042,2026-06-20 21:49:00,2026-06-20 21:51:00,,2026-06-20 21:53:00,2026-06-20 22:12:00,2026-06-20 21:53:00,2026-06-20 22:12:00,2026-06-20 22:07:00,5.0,5.0,2026-06-20 22:04:00,2026-06-20 22:51:00,,32.0,2026-06-20 22:01:00,2026-06-20 22:03:00,2026-06-20 22:17:00,2026-06-20 22:21:00,,,Рябчевский В. О.,Ютэйр,Выдача более 40 минут
2026-06-20,УТА 6132 ,73Х,СУРГУТ,58,Y(А05),21:47,619,2026-06-20 21:56:00,2026-06-20 21:56:00,,2026-06-20 21:59:00,2026-06-20 22:04:00,2026-06-20 21:59:00,2026-06-20 22:04:00,2026-06-20 22:04:00,,1.0,2026-06-20 22:10:00,2026-06-20 22:13:00,,0.0,2026-06-20 22:05:00,2026-06-20 22:10:00,,,,,Музафаров А. С.,Ютэйр,Выдача до 30 минут
2026-06-20,J2 803 ,76В,БАКУ(ИМ. ГЕЙДАРА АЛИЕВА),18,Y(А10),21:50,2168,2026-06-20 21:56:00,2026-06-20 21:58:00,,2026-06-20 22:02:00,2026-06-20 22:12:00,2026-06-20 22:02:00,2026-06-20 22:12:00,2026-06-20 22:14:00,,,2026-06-20 22:12:00,2026-06-20 22:27:00,,1.0,2026-06-20 22:14:00,2026-06-20 22:19:00,,,,,Скулов Е. С.,AZAL,Выдача от 30 до 40 минут
2026-06-20,NE 616 ,320,ХУРГАДА(ХУРГАДА ИНТЛ.),21,Y(А12),21:58,1569,2026-06-20 22:05:00,2026-06-20 22:11:00,3.0,2026-06-20 22:10:00,2026-06-20 22:25:00,2026-06-20 22:10:00,2026-06-20 22:25:00,2026-06-20 22:19:00,6.0,5.0,2026-06-20 22:23:00,2026-06-20 22:32:00,,0.0,2026-06-20 22:17:00,2026-06-20 22:22:00,2026-06-20 22:26:00,2026-06-20 22:31:00,,,Гаврилов В. А.,Nesma Airlines,Выдача до 30 минут
2026-06-20,ЮТ 464 ,73Х,ТЮМЕНЬ(РОЩИНО),14,Y(А06),22:05,732,2026-06-20 22:12:00,2026-06-20 22:14:00,,2026-06-20 22:14:00,2026-06-20 22:20:00,2026-06-20 22:14:00,2026-06-20 22:20:00,2026-06-20 22:21:00,,1.0,2026-06-20 22:28:00,2026-06-20 22:32:00,,0.0,2026-06-20 22:24:00,2026-06-20 22:28:00,,,,,Ушаков П. А.,Ютэйр,Выдача до 30 минут
2026-06-20,ЮВ 301 ,ЦР2,БУГУЛЬМА,44,Y(А08),22:23,358,2026-06-20 22:29:00,2026-06-20 22:29:00,,2026-06-20 22:32:00,2026-06-20 22:34:00,2026-06-20 22:32:00,2026-06-20 22:34:00,2026-06-20 22:35:00,,,2026-06-20 22:41:00,2026-06-20 22:43:00,,0.0,2026-06-20 22:35:00,2026-06-20 22:41:00,,,,,Черкас В. А.,ЮВТ АЭРО,Выдача до 30 минут
2026-06-20,NE 490 ,320,ХУРГАДА(ХУРГАДА ИНТЛ.),20,Y(А11),22:27,299,2026-06-20 22:34:00,2026-06-20 22:34:00,,2026-06-20 22:38:00,2026-06-20 22:40:00,2026-06-20 22:38:00,2026-06-20 22:40:00,2026-06-20 22:40:00,,,2026-06-20 22:45:00,2026-06-20 22:53:00,,0.0,2026-06-20 22:41:00,2026-06-20 22:45:00,,,,,Музафаров А. С.,Nesma Airlines,Выдача до 30 минут
2026-06-20,А4 7036 ,СУ9,ПСКОВ(КРЕСТЫ),45,Y(А05),22:33,362,2026-06-20 22:42:00,2026-06-20 22:42:00,,2026-06-20 22:45:00,2026-06-20 22:50:00,2026-06-20 22:45:00,2026-06-20 22:50:00,2026-06-20 22:48:00,2.0,3.0,2026-06-20 22:58:00,2026-06-20 23:00:00,,0.0,2026-06-20 22:51:00,2026-06-20 22:57:00,,,,,Поляков К. Н.,Азимут,Выдача до 30 минут
2026-06-20,DV 813 ,738,АСТАНА(НУРСУЛТАН НАЗАРБАЕВ),22,Y(А13),22:36,1155,2026-06-20 22:44:00,2026-06-20 22:46:00,,2026-06-20 22:47:00,2026-06-20 22:56:00,2026-06-20 22:47:00,2026-06-20 22:56:00,2026-06-20 22:56:00,,1.0,2026-06-20 23:08:00,2026-06-20 23:09:00,4.0,0.0,2026-06-20 23:00:00,2026-06-20 23:04:00,,,,,Фаёзов А. Р.,SCAT Airlines,Выдача до 30 минут
2026-06-20,ГЗП 252 ,СУ9,ЯМБУРГ,Б37,Y(А07),22:42,391,2026-06-20 22:59:00,2026-06-20 23:00:00,,2026-06-20 23:03:00,2026-06-20 23:06:00,2026-06-20 23:03:00,2026-06-20 23:06:00,2026-06-20 23:06:00,,,2026-06-20 23:26:00,2026-06-20 23:29:00,,0.0,2026-06-20 23:07:00,2026-06-20 23:26:00,,,,,Демчук Д. П.,Газпром авиа,Выдача до 30 минут
2026-06-20,PC 1580 ,320,АНТАЛЬЯ,24,Y(А10),22:47,2577,2026-06-20 22:55:00,2026-06-20 22:57:00,,2026-06-20 22:58:00,2026-06-20 23:19:00,2026-06-20 22:58:00,2026-06-20 23:19:00,2026-06-20 23:16:00,3.0,4.0,2026-06-20 23:09:00,2026-06-20 23:26:00,,1.0,2026-06-20 23:05:00,2026-06-20 23:09:00,2026-06-20 23:21:00,2026-06-20 23:26:00,,,Хушвактов П. З.,Pegasus,Выдача от 30 до 40 минут
2026-06-20,ДР 422 ,73Х,САМАРА(КУРУМОЧ),47,Y(А05),22:53,279,2026-06-20 22:58:00,2026-06-20 22:58:00,,2026-06-20 23:05:00,2026-06-20 23:09:00,2026-06-20 23:05:00,2026-06-20 23:09:00,2026-06-20 23:04:00,5.0,2.0,2026-06-20 23:16:00,2026-06-20 23:19:00,,0.0,2026-06-20 23:11:00,2026-06-20 23:16:00,,,,,Гаджиев Н. Т.,Победа,Выдача до 30 минут
2026-06-20,TK 411 ,333,СТАМБУЛ(СТАМБУЛ НЬЮ),23,Y(А09),23:04,4893,2026-06-20 23:17:00,2026-06-20 23:28:00,8.0,2026-06-20 23:21:00,2026-06-20 23:35:00,2026-06-20 23:21:00,2026-06-20 23:35:00,2026-06-20 23:54:00,,,2026-06-20 23:34:00,2026-06-20 23:44:00,,0.0,2026-06-20 23:23:00,2026-06-20 23:34:00,2026-06-20 23:29:00,2026-06-20 23:35:00,2026-06-20 23:38:00,2026-06-20 23:46:00,"Музафаров А. С., Поляков К. Н.",Turkish Airlines,Выдача до 30 минут
2026-06-20,ФВ 6187 ,СУ9,САНКТ-ПЕТЕРБУРГ(ПУЛКОВО),8,Y(А04),23:11,158,2026-06-20 23:19:00,2026-06-20 23:21:00,,2026-06-20 23:22:00,2026-06-20 23:25:00,2026-06-20 23:22:00,2026-06-20 23:25:00,2026-06-20 23:24:00,1.0,2.0,2026-06-20 23:32:00,2026-06-20 23:33:00,,0.0,2026-06-20 23:25:00,2026-06-20 23:29:00,,,,,Попов Д. В.,Россия,Выдача до 30 минут
2026-06-20,А4 7030 ,СУ9,ЕРЕВАН(ЗВАРТНОЦ ИНТЛ),51A,Y(А13),23:16,547,2026-06-20 23:30:00,2026-06-20 23:30:00,,2026-06-20 23:32:00,2026-06-20 23:40:00,2026-06-20 23:32:00,2026-06-20 23:40:00,2026-06-20 23:38:00,2.0,4.0,2026-06-20 23:49:00,2026-06-20 23:51:00,,0.0,2026-06-20 23:43:00,2026-06-20 23:49:00,,,,,Федоров Н. В.,Азимут,Выдача до 30 минут
2026-06-20,TK 211 ,32Б,АНТАЛЬЯ,30,Y(А09),23:45,2263,2026-06-20 23:56:00,2026-06-21 00:00:00,1.0,2026-06-21 00:01:00,2026-06-21 00:21:00,2026-06-21 00:01:00,2026-06-21 00:21:00,2026-06-21 00:15:00,6.0,5.0,2026-06-21 00:18:00,2026-06-21 00:26:00,2.0,0.0,2026-06-21 00:16:00,2026-06-21 00:26:00,,,,,Попов Д. В.,Turkish Airlines,Выдача до 30 минут
2026-06-20,ДР 194 ,7С8,НАЛЬЧИК,46,Y(А06),23:48,922,2026-06-20 23:52:00,2026-06-20 23:55:00,,2026-06-20 23:57:00,2026-06-21 00:05:00,2026-06-20 23:57:00,2026-06-21 00:05:00,2026-06-21 00:02:00,3.0,2.0,2026-06-21 00:13:00,2026-06-21 00:15:00,,0.0,2026-06-21 00:07:00,2026-06-21 00:13:00,,,,,Омурбе У. Б.,Победа,Выдача до 30 минут
2026-06-20,ХИ 9619 ,32Н,НАМАНГАН,25,Y(А10),23:56,2125,2026-06-21 00:05:00,2026-06-21 00:07:00,,2026-06-21 00:09:00,2026-06-21 00:27:00,2026-06-21 00:09:00,2026-06-21 00:27:00,2026-06-21 00:23:00,4.0,4.0,2026-06-21 00:20:00,2026-06-21 00:35:00,,0.0,2026-06-21 00:15:00,2026-06-21 00:21:00,2026-06-21 00:29:00,2026-06-21 00:33:00,,,Дубинский В. Д.,UZBEKISTAN AIRWAYS,Выдача до 30 минут
2026-06-21,AZV 3014 ,763,АНТАЛЬЯ,63,Y(А10),00:00,2598,2026-06-21 00:08:00,2026-06-21 00:10:00,,2026-06-21 00:11:00,2026-06-21 00:33:00,2026-06-21 00:11:00,2026-06-21 00:33:00,2026-06-21 00:29:00,4.0,5.0,2026-06-21 00:38:00,2026-06-21 00:45:00,,7.0,2026-06-21 00:16:00,2026-06-21 00:38:00,2026-06-21 00:17:00,2026-06-21 00:45:00,,,Гаджиев Н. Т.,АЗУР эйр,Выдача от 30 до 40 минут
2026-06-21,ДР 476 ,73Х,САРАТОВ(ГАГАРИН),48,Y(А07),00:04,292,2026-06-21 00:10:00,2026-06-21 00:12:00,,2026-06-21 00:15:00,2026-06-21 00:17:00,2026-06-21 00:15:00,2026-06-21 00:17:00,2026-06-21 00:16:00,1.0,,2026-06-21 00:26:00,2026-06-21 00:28:00,,0.0,2026-06-21 00:19:00,2026-06-21 00:26:00,,,,,Гаврилов В. А.,Победа,Выдача до 30 минут
2026-06-21,УР 512D,75В,БОДРУМ(МИЛАС),19,Y(А12),00:07,834,2026-06-21 00:15:00,2026-06-21 00:18:00,,2026-06-21 00:19:00,2026-06-21 00:24:00,2026-06-21 00:19:00,2026-06-21 00:24:00,2026-06-21 00:25:00,,,2026-06-21 00:33:00,2026-06-21 00:37:00,,0.0,2026-06-21 00:26:00,2026-06-21 00:32:00,,,,,Ушаков П. А.,FLYONE Armenia,Выдача до 30 минут
2026-06-21,ЮТ 358 ,734,САМАРА(КУРУМОЧ),15,Y(А05),00:11,359,2026-06-21 00:18:00,2026-06-21 00:21:00,,2026-06-21 00:21:00,2026-06-21 00:24:00,2026-06-21 00:21:00,2026-06-21 00:24:00,2026-06-21 00:24:00,,1.0,2026-06-21 00:31:00,2026-06-21 00:32:00,,0.0,2026-06-21 00:26:00,2026-06-21 00:33:00,,,,,Каламбеков У. О.,Ютэйр,Выдача до 30 минут
2026-06-21,TK 3060 ,321,АНТАЛЬЯ,26,Y(А09),00:14,2430,2026-06-21 00:22:00,2026-06-21 00:23:00,,2026-06-21 00:25:00,2026-06-21 00:41:00,2026-06-21 00:25:00,2026-06-21 00:41:00,2026-06-21 00:42:00,,,2026-06-21 00:37:00,2026-06-21 00:48:00,,0.0,2026-06-21 00:28:00,2026-06-21 00:36:00,2026-06-21 00:41:00,2026-06-21 00:47:00,,,Фаёзов А. Р.,Turkish Airlines,Выдача до 30 минут
2026-06-21,PBD 860 ,73Х,АНТАЛЬЯ,50,Y(А11),00:19,1446,2026-06-21 00:23:00,2026-06-21 00:27:00,1.0,2026-06-21 00:25:00,2026-06-21 00:40:00,2026-06-21 00:25:00,2026-06-21 00:40:00,2026-06-21 00:37:00,3.0,5.0,2026-06-21 00:42:00,2026-06-21 00:54:00,,1.0,2026-06-21 00:34:00,2026-06-21 00:39:00,2026-06-21 00:42:00,2026-06-21 00:50:00,,,Хушвактов П. З.,Победа,Выдача от 30 до 40 минут
2026-06-21,TK 409 ,32Б,СТАМБУЛ(СТАМБУЛ НЬЮ),29,Y(А09),00:23,2735,2026-06-21 00:34:00,2026-06-21 00:37:00,,2026-06-21 00:40:00,2026-06-21 00:53:00,2026-06-21 00:40:00,2026-06-21 00:53:00,2026-06-21 00:56:00,,,2026-06-21 00:54:00,2026-06-21 01:03:00,,0.0,2026-06-21 00:36:00,2026-06-21 00:50:00,2026-06-21 00:41:00,2026-06-21 01:09:00,,,Ушаков Г. А.,Turkish Airlines,Выдача до 30 минут
2026-06-21,TK 3178 ,321,ДАЛАМАН,22,Y(А09),00:26,2415,2026-06-21 00:35:00,2026-06-21 00:35:00,,2026-06-21 00:37:00,2026-06-21 00:47:00,2026-06-21 00:37:00,2026-06-21 00:47:00,2026-06-21 00:55:00,,,2026-06-21 00:47:00,2026-06-21 00:57:00,,0.0,2026-06-21 00:37:00,2026-06-21 00:46:00,2026-06-21 00:41:00,2026-06-21 00:53:00,,,Федоров Н. В.,Turkish Airlines,Выдача до 30 минут
2026-06-21,ДР 168 ,73Х,МИНЕРАЛЬНЫЕ ВОДЫ,47,Y(А06),00:28,829,2026-06-21 00:33:00,2026-06-21 00:37:00,1.0,2026-06-21 00:49:00,2026-06-21 00:57:00,2026-06-21 00:49:00,2026-06-21 00:57:00,2026-06-21 00:43:00,14.0,2.0,2026-06-21 01:04:00,2026-06-21 01:07:00,1.0,4.0,2026-06-21 00:58:00,2026-06-21 01:04:00,,,,,Воробьев Т. А.,Победа,Выдача от 30 до 40 минут
2026-06-21,PC 1576 ,32Щ,АНТАЛЬЯ,36,Y(А10),00:31,3146,2026-06-21 00:40:00,2026-06-21 00:43:00,,2026-06-21 00:46:00,2026-06-21 01:06:00,2026-06-21 00:46:00,2026-06-21 01:06:00,2026-06-21 01:05:00,1.0,,2026-06-21 00:57:00,2026-06-21 01:14:00,,4.0,2026-06-21 00:50:00,2026-06-21 00:56:00,2026-06-21 01:08:00,2026-06-21 01:14:00,,,Омурбе У. Б.,Pegasus,Выдача от 30 до 40 минут
2026-06-21,VF 275 ,73Х,СТАМБУЛ(САБИХА ГОКЦЕН),37,Y(А13),00:37,2630,2026-06-21 00:47:00,2026-06-21 00:53:00,3.0,2026-06-21 00:51:00,2026-06-21 01:16:00,2026-06-21 00:51:00,2026-06-21 01:16:00,2026-06-21 01:09:00,7.0,7.0,2026-06-21 01:07:00,2026-06-21 01:26:00,,9.0,2026-06-21 01:21:00,2026-06-21 01:26:00,2026-06-21 00:57:00,2026-06-21 01:03:00,,,Ушаков П. А.,AJET,Выдача от 30 до 40 минут
2026-06-21,TK 3014 ,321,АНТАЛЬЯ,21,Y(А09),00:44,2841,2026-06-21 00:52:00,2026-06-21 00:55:00,,2026-06-21 00:56:00,2026-06-21 01:11:00,2026-06-21 00:56:00,2026-06-21 01:11:00,2026-06-21 01:15:00,,,2026-06-21 01:09:00,2026-06-21 01:23:00,,1.0,2026-06-21 01:03:00,2026-06-21 01:08:00,2026-06-21 01:07:00,2026-06-21 01:24:00,,,Музафаров А. С.,Turkish Airlines,Выдача от 30 до 40 минут
2026-06-21,TK 3084 ,321,ДАЛАМАН,20,Y(А09),00:47,2274,2026-06-21 00:56:00,2026-06-21 01:00:00,1.0,2026-06-21 00:59:00,2026-06-21 01:19:00,2026-06-21 00:59:00,2026-06-21 01:19:00,2026-06-21 01:15:00,4.0,5.0,2026-06-21 01:10:00,2026-06-21 01:27:00,,1.0,2026-06-21 01:19:00,2026-06-21 01:24:00,,,,,Скулов Е. С.,Turkish Airlines,Выдача от 30 до 40 минут
2026-06-21,TK 3002 ,321,АНТАЛЬЯ,24,Y(А09),00:51,2620,2026-06-21 01:02:00,2026-06-21 01:02:00,,2026-06-21 01:04:00,2026-06-21 01:19:00,2026-06-21 01:04:00,2026-06-21 01:19:00,2026-06-21 01:23:00,,,2026-06-21 01:18:00,2026-06-21 01:40:00,,8.0,2026-06-21 01:05:00,2026-06-21 01:17:00,2026-06-21 01:20:00,2026-06-21 01:49:00,,,Поляков К. Н.,Turkish Airlines,Выдача от 30 до 40 минут
2026-06-21,TK 421 ,333,СТАМБУЛ(СТАМБУЛ НЬЮ),23,Y(А09),00:54,5185,2026-06-21 01:05:00,2026-06-21 01:07:00,,2026-06-21 01:09:00,2026-06-21 01:22:00,2026-06-21 01:09:00,2026-06-21 01:22:00,2026-06-21 01:44:00,,,2026-06-21 01:19:00,2026-06-21 01:52:00,,17.0,2026-06-21 01:04:00,2026-06-21 01:18:00,2026-06-21 01:04:00,2026-06-21 01:39:00,2026-06-21 01:30:00,2026-06-21 01:58:00,Демчук Д. П.,Turkish Airlines,Выдача более 40 минут
2026-06-21,TK 217 ,321,АНТАЛЬЯ,27,Y(А09),00:57,2141,2026-06-21 01:05:00,2026-06-21 01:08:00,,2026-06-21 01:09:00,2026-06-21 01:21:00,2026-06-21 01:09:00,2026-06-21 01:21:00,2026-06-21 01:23:00,,,2026-06-21 01:19:00,2026-06-21 01:20:00,,0.0,2026-06-21 01:10:00,2026-06-21 01:41:00,,,,,Черкас В. А.,Turkish Airlines,Выдача до 30 минут
2026-06-21,TK 3036 ,321,АНТАЛЬЯ,18,Y(А09),01:02,2893,2026-06-21 01:11:00,2026-06-21 01:13:00,,2026-06-21 01:13:00,2026-06-21 01:27:00,2026-06-21 01:13:00,2026-06-21 01:27:00,2026-06-21 01:34:00,,,2026-06-21 01:29:00,2026-06-21 01:40:00,,0.0,2026-06-21 01:18:00,2026-06-21 01:25:00,2026-06-21 01:28:00,2026-06-21 01:55:00,,,Каламбеков У. О.,Turkish Airlines,Выдача до 30 минут
2026-06-21,PC 1521 ,32Н,ИЗМИР(АДНАН МЕНДЕРЕС),37A,Y(А10),01:07,2146,2026-06-21 01:16:00,2026-06-21 01:19:00,,2026-06-21 01:20:00,2026-06-21 01:38:00,2026-06-21 01:20:00,2026-06-21 01:38:00,2026-06-21 01:34:00,4.0,4.0,2026-06-21 01:39:00,2026-06-21 01:47:00,,1.0,2026-06-21 01:28:00,2026-06-21 01:38:00,2026-06-21 01:42:00,2026-06-21 01:48:00,,,Гаврилов В. А.,Pegasus,Выдача от 30 до 40 минут
2026-06-21,ФВ 6161 ,СУ9,САНКТ-ПЕТЕРБУРГ(ПУЛКОВО),8,Y(А04),01:12,77,2026-06-21 01:19:00,2026-06-21 01:21:00,,2026-06-21 01:21:00,2026-06-21 01:23:00,2026-06-21 01:21:00,2026-06-21 01:23:00,2026-06-21 01:24:00,,1.0,2026-06-21 01:40:00,2026-06-21 01:41:00,1.0,0.0,2026-06-21 01:22:00,2026-06-21 01:29:00,,,,,Музафаров А. С.,Россия,Выдача до 30 минут
2026-06-21,AZO 7008 ,СУ9,ТБИЛИСИ(ТБИЛИСИ ИНТЛ.),57,Y(А12),01:15,1054,2026-06-21 01:24:00,2026-06-21 01:27:00,,2026-06-21 01:28:00,2026-06-21 01:40:00,2026-06-21 01:28:00,2026-06-21 01:40:00,2026-06-21 01:35:00,5.0,5.0,2026-06-21 01:49:00,2026-06-21 01:51:00,,0.0,2026-06-21 01:42:00,2026-06-21 01:49:00,,,,,Воробьев Т. А.,GEORGIAN AIRWAYS,Выдача до 30 минут
2026-06-21,ЮТ 1376 ,73Е,СЫКТЫВКАР,14,Y(А05),01:22,385,2026-06-21 01:30:00,2026-06-20 08:35:00,-1015.0,2026-06-21 01:22:00,2026-06-21 01:39:00,2026-06-21 01:22:00,2026-06-21 01:39:00,2026-06-21 01:37:00,2.0,14.0,2026-06-21 01:45:00,2026-06-21 01:46:00,,0.0,2026-06-21 01:41:00,2026-06-21 01:46:00,,,,,Дубинский В. Д.,Ютэйр,Выдача до 30 минут
2026-06-21,ДР 190 ,7С8,МАХАЧКАЛА,44,Y(А08),01:30,530,2026-06-21 01:37:00,2026-06-21 01:39:00,,2026-06-21 01:44:00,2026-06-21 01:51:00,2026-06-21 01:44:00,2026-06-21 01:51:00,2026-06-21 01:45:00,6.0,3.0,2026-06-21 02:00:00,2026-06-21 02:03:00,,0.0,2026-06-21 01:56:00,2026-06-21 02:00:00,,,,,Музафаров А. С.,Победа,Выдача до 30 минут
2026-06-21,ДР 198 ,73Х,ВЛАДИКАВКАЗ(БЕСЛАН),46,Y(А06),01:33,714,2026-06-21 01:43:00,2026-06-21 01:44:00,,2026-06-21 01:42:00,2026-06-21 01:47:00,2026-06-21 01:42:00,2026-06-21 01:47:00,2026-06-21 01:52:00,,,2026-06-21 01:57:00,2026-06-21 02:01:00,,0.0,2026-06-21 01:50:00,2026-06-21 01:57:00,,,,,Попов Д. В.,Победа,Выдача до 30 минут
2026-06-21,TK 3154 ,32Б,БОДРУМ(МИЛАС),19,Y(А09),01:40,2316,2026-06-21 01:49:00,2026-06-21 01:50:00,,2026-06-21 01:57:00,2026-06-21 02:11:00,2026-06-21 01:57:00,2026-06-21 02:11:00,2026-06-21 02:08:00,3.0,,2026-06-21 02:11:00,2026-06-21 02:17:00,2.0,0.0,2026-06-21 02:05:00,2026-06-21 02:21:00,,,,,Федоров Н. В.,Turkish Airlines,Выдача до 30 минут
2026-06-21,ЮТ 810B,73Х,САМАРКАНД(САМАРКАНД ИНТЛ.),16,Y(А12),01:44,812,2026-06-21 01:52:00,2026-06-21 01:54:00,,2026-06-21 01:54:00,2026-06-21 02:00:00,2026-06-21 01:54:00,2026-06-21 02:00:00,2026-06-21 02:01:00,,1.0,2026-06-21 02:07:00,2026-06-21 02:09:00,,0.0,2026-06-21 02:02:00,2026-06-21 02:06:00,,,,,Воробьев Т. А.,Ютэйр,Выдача до 30 минут
2026-06-21,ЖГ 932 ,73Й,ТБИЛИСИ(ТБИЛИСИ ИНТЛ.),30,Y(А10),01:48,2571,2026-06-21 01:58:00,2026-06-21 02:01:00,,2026-06-21 02:14:00,2026-06-21 02:32:00,2026-06-21 02:14:00,2026-06-21 02:32:00,2026-06-21 02:19:00,13.0,1.0,2026-06-21 02:23:00,2026-06-21 02:37:00,5.0,9.0,2026-06-21 02:20:00,2026-06-21 02:23:00,2026-06-21 02:32:00,2026-06-21 02:36:00,,,Ушаков Г. А.,GEORGIAN AIRWAYS,Выдача от 30 до 40 минут
2026-06-21,3F 323 ,320,ЕРЕВАН(ЗВАРТНОЦ ИНТЛ),25,Y(А13),01:51,928,2026-06-21 02:01:00,2026-06-21 02:01:00,,2026-06-21 02:24:00,2026-06-21 02:27:00,2026-06-21 02:24:00,2026-06-21 02:27:00,2026-06-21 02:11:00,16.0,,2026-06-21 02:34:00,2026-06-21 02:38:00,13.0,7.0,2026-06-21 02:29:00,2026-06-21 02:34:00,,,,,Омурбе У. Б.,FLYONE Armenia,Выдача от 30 до 40 минут
2026-06-21,ЮТ 764 ,735,НАХИЧЕВАНЬ,28,Y(А11),01:55,1189,2026-06-21 02:05:00,2026-06-21 02:07:00,,2026-06-21 02:27:00,2026-06-21 02:28:00,2026-06-21 02:27:00,2026-06-21 02:28:00,2026-06-21 02:17:00,11.0,,2026-06-21 02:33:00,2026-06-21 02:35:00,8.0,0.0,2026-06-21 02:29:00,2026-06-21 02:33:00,,,,,Рябчевский В. О.,Ютэйр,Выдача до 30 минут
2026-06-21,4S 315 ,73Х,ШАРМ ЭЛЬ ШЕЙХ(ШАРМ ЭЛЬ ШЕЙХ ИНТЛ.),24,Y(А10),02:10,2169,2026-06-21 02:18:00,2026-06-21 02:22:00,1.0,2026-06-21 02:32:00,2026-06-21 02:49:00,2026-06-21 02:32:00,2026-06-21 02:49:00,2026-06-21 02:36:00,13.0,3.0,2026-06-21 02:43:00,2026-06-21 02:56:00,5.0,8.0,2026-06-21 02:38:00,2026-06-21 02:42:00,2026-06-21 02:52:00,2026-06-21 02:57:00,,,Гаврилов В. А.,Red Sea,Выдача от 30 до 40 минут
2026-06-21,NE 642 ,321,ШАРМ ЭЛЬ ШЕЙХ(ШАРМ ЭЛЬ ШЕЙХ ИНТЛ.),26,Y(А12),02:19,1731,2026-06-21 02:32:00,2026-06-21 02:32:00,,2026-06-21 02:29:00,2026-06-21 02:54:00,2026-06-21 02:29:00,2026-06-21 02:54:00,2026-06-21 02:48:00,6.0,13.0,2026-06-21 02:40:00,2026-06-21 02:56:00,,0.0,2026-06-21 02:34:00,2026-06-21 02:37:00,2026-06-21 02:55:00,2026-06-21 02:59:00,,,Хушвактов П. З.,Nesma Airlines,Выдача до 30 минут
2026-06-21,TK 3122 ,321,БОДРУМ(МИЛАС),22,Y(А09),02:34,2210,2026-06-21 02:44:00,2026-06-21 02:46:00,,2026-06-21 02:45:00,2026-06-21 02:59:00,2026-06-21 02:45:00,2026-06-21 02:59:00,2026-06-21 03:03:00,,,2026-06-21 02:59:00,2026-06-21 03:11:00,,0.0,2026-06-21 02:54:00,2026-06-21 03:05:00,,,,,Скулов Е. С.,Turkish Airlines,Выдача до 30 минут
2026-06-21,FZ 987 ,7М8,ДУБАЙ(ДУБАЙ ИНТЛ.),29,Y(А10),02:38,2108,2026-06-21 02:49:00,2026-06-21 02:50:00,,2026-06-21 02:50:00,2026-06-21 03:07:00,2026-06-21 02:50:00,2026-06-21 03:07:00,2026-06-21 03:07:00,,3.0,2026-06-21 02:59:00,2026-06-21 03:13:00,,0.0,2026-06-21 02:56:00,2026-06-21 02:59:00,2026-06-21 03:09:00,2026-06-21 03:13:00,,,"Демчук Д. П., Рябчевский В. О.",flydubai,Выдача до 30 минут
2026-06-21,ДР 486B,73Х,УЛЬЯНОВСК(БАРАТАЕВКА),43,Y(А04),02:42,188,2026-06-21 02:52:00,2026-06-21 02:52:00,,2026-06-21 02:53:00,2026-06-21 02:55:00,2026-06-21 02:53:00,2026-06-21 02:55:00,2026-06-21 02:57:00,,1.0,2026-06-21 03:06:00,2026-06-21 03:11:00,,0.0,2026-06-21 02:57:00,2026-06-21 03:06:00,,,,,Каламбеков У. О.,Победа,Выдача до 30 минут
2026-06-21,NE 600 ,320,ХУРГАДА(ХУРГАДА ИНТЛ.),27,Y(А11),02:57,1839,2026-06-21 03:06:00,2026-06-21 03:09:00,,2026-06-21 03:10:00,2026-06-21 03:27:00,2026-06-21 03:10:00,2026-06-21 03:27:00,2026-06-21 03:22:00,5.0,5.0,2026-06-21 03:19:00,2026-06-21 03:35:00,,0.0,2026-06-21 03:16:00,2026-06-21 03:19:00,2026-06-21 03:29:00,2026-06-21 03:33:00,,,Дубинский В. Д.,Nesma Airlines,Выдача до 30 минут
2026-06-21,ЮТ 364F,73Х,УФА,13,Y(А05),03:00,284,2026-06-21 03:10:00,2026-06-21 03:10:00,,2026-06-21 03:16:00,2026-06-21 03:19:00,2026-06-21 03:16:00,2026-06-21 03:19:00,2026-06-21 03:16:00,3.0,1.0,2026-06-21 03:24:00,2026-06-21 03:27:00,,0.0,2026-06-21 03:21:00,2026-06-21 03:25:00,,,,,Воробьев Т. А.,Ютэйр,Выдача до 30 минут
2026-06-21,ДР 116B,7С8,СОЧИ,49,Y(А06),03:06,1017,2026-06-21 03:11:00,2026-06-21 03:13:00,,2026-06-21 03:14:00,2026-06-21 03:24:00,2026-06-21 03:14:00,2026-06-21 03:24:00,2026-06-21 03:22:00,2.0,3.0,2026-06-21 03:30:00,2026-06-21 03:35:00,,0.0,2026-06-21 03:25:00,2026-06-21 03:31:00,,,,,Ушаков Г. А.,Победа,Выдача до 30 минут
2026-06-21,PC 386 ,32Щ,СТАМБУЛ(САБИХА ГОКЦЕН),20,Y(А10),03:13,2851,2026-06-21 03:19:00,2026-06-21 03:21:00,,2026-06-21 03:22:00,2026-06-21 03:50:00,2026-06-21 03:22:00,2026-06-21 03:50:00,2026-06-21 03:42:00,8.0,9.0,2026-06-21 03:35:00,2026-06-21 03:56:00,,7.0,2026-06-21 03:30:00,2026-06-21 03:34:00,,,,,Хушвактов П. З.,Pegasus,Выдача от 30 до 40 минут
2026-06-21,4S 325 ,73Х,ХУРГАДА(ХУРГАДА ИНТЛ.),23,Y(А13),03:19,2220,2026-06-21 03:29:00,2026-06-21 03:33:00,1.0,2026-06-21 03:32:00,2026-06-21 03:52:00,2026-06-21 03:32:00,2026-06-21 03:52:00,2026-06-21 03:48:00,4.0,5.0,2026-06-21 04:00:00,2026-06-21 04:15:00,11.0,16.0,2026-06-21 03:54:00,2026-06-21 04:00:00,2026-06-21 03:39:00,2026-06-21 03:43:00,,,Омурбе У. Б.,Red Sea,Выдача более 40 минут
2026-06-21,ДР 1188 ,7С8,МАХАЧКАЛА,48,Y(А07),03:22,289,2026-06-21 03:28:00,2026-06-21 03:29:00,,2026-06-21 03:31:00,2026-06-21 03:36:00,2026-06-21 03:31:00,2026-06-21 03:36:00,2026-06-21 03:34:00,2.0,3.0,2026-06-21 03:43:00,2026-06-21 03:44:00,,0.0,2026-06-21 03:38:00,2026-06-21 03:42:00,,,,,Демчук Д. П.,Победа,Выдача до 30 минут
2026-06-21,ХИ 9627A,32Н,ФЕРГАНА(ФЕРГАНА ИНТЛ.),25,Y(А09),03:26,1884,2026-06-21 03:41:00,2026-06-21 03:41:00,,2026-06-21 03:42:00,2026-06-21 04:02:00,2026-06-21 03:42:00,2026-06-21 04:02:00,2026-06-21 03:58:00,4.0,7.0,2026-06-21 03:58:00,2026-06-21 04:07:00,,0.0,2026-06-21 03:55:00,2026-06-21 03:58:00,2026-06-21 04:04:00,2026-06-21 04:10:00,,,Федоров Н. В.,UZBEKISTAN AIRWAYS,Выдача до 30 минут
2026-06-21,ДР 424B,7С8,САМАРА(КУРУМОЧ),46,Y(А08),03:30,180,2026-06-21 03:35:00,2026-06-21 03:37:00,,2026-06-21 03:40:00,2026-06-21 03:43:00,2026-06-21 03:40:00,2026-06-21 03:43:00,2026-06-21 03:40:00,3.0,2.0,2026-06-21 03:50:00,2026-06-21 03:52:00,,0.0,2026-06-21 03:43:00,2026-06-21 03:50:00,,,,,Каламбеков У. О.,Победа,Выдача до 30 минут
2026-06-21,ЮТ 270 ,73Х,СОЧИ,11,Y(А06),03:43,1124,2026-06-21 03:49:00,2026-06-21 03:51:00,,2026-06-21 03:53:00,2026-06-21 04:02:00,2026-06-21 03:53:00,2026-06-21 04:02:00,2026-06-21 04:00:00,2.0,2.0,2026-06-21 04:11:00,2026-06-21 04:13:00,2.0,0.0,2026-06-21 04:03:00,2026-06-21 04:05:00,,,,,Ушаков Г. А.,Ютэйр,Выдача до 30 минут
2026-06-21,VF 587 ,73Х,АНКАРА(ЕСЕНБОГА),21,Y(А10),04:03,2407,2026-06-21 04:12:00,2026-06-21 04:15:00,,2026-06-21 04:14:00,2026-06-21 04:29:00,2026-06-21 04:14:00,2026-06-21 04:29:00,2026-06-21 04:32:00,,,2026-06-21 04:25:00,2026-06-21 04:37:00,,0.0,2026-06-21 04:20:00,2026-06-21 04:24:00,2026-06-21 04:30:00,2026-06-21 04:34:00,,,Каламбеков У. О.,AJET,Выдача до 30 минут
2026-06-21,NE 604 ,320,ХУРГАДА(ХУРГАДА ИНТЛ.),29,Y(А11),04:08,1754,2026-06-21 04:18:00,2026-06-21 04:19:00,,2026-06-21 04:20:00,2026-06-21 04:34:00,2026-06-21 04:20:00,2026-06-21 04:34:00,2026-06-21 04:34:00,,2.0,2026-06-21 04:29:00,2026-06-21 04:40:00,,0.0,2026-06-21 04:26:00,2026-06-21 04:29:00,2026-06-21 04:35:00,2026-06-21 04:40:00,,,Демчук Д. П.,Nesma Airlines,Выдача до 30 минут
2026-06-21,PC 1456 ,32Щ,БОДРУМ(МИЛАС),19,Y(А12),04:14,2277,2026-06-21 04:21:00,2026-06-21 04:24:00,,2026-06-21 04:24:00,2026-06-21 04:48:00,2026-06-21 04:24:00,2026-06-21 04:48:00,2026-06-21 04:40:00,8.0,9.0,2026-06-21 04:36:00,2026-06-21 04:54:00,,3.0,2026-06-21 04:31:00,2026-06-21 04:36:00,2026-06-21 04:49:00,2026-06-21 04:54:00,,,Воробьев Т. А.,Pegasus,Выдача от 30 до 40 минут
2026-06-21,VF 277 ,73Х,СТАМБУЛ(САБИХА ГОКЦЕН),22,Y(А09),04:23,2003,2026-06-21 04:32:00,2026-06-21 04:37:00,2.0,2026-06-21 04:35:00,2026-06-21 04:51:00,2026-06-21 04:35:00,2026-06-21 04:51:00,2026-06-21 04:49:00,2.0,3.0,2026-06-21 04:46:00,2026-06-21 04:59:00,,0.0,2026-06-21 04:40:00,2026-06-21 04:47:00,2026-06-21 04:52:00,2026-06-21 04:55:00,,,Музафаров А. С.,AJET,Выдача до 30 минут
2026-06-21,PC 390 ,32Щ,СТАМБУЛ(САБИХА ГОКЦЕН),24,Y(А10),04:48,2685,2026-06-21 04:56:00,2026-06-21 04:57:00,,2026-06-21 04:56:00,2026-06-21 05:37:00,2026-06-21 05:32:00,2026-06-21 05:37:00,2026-06-21 05:18:00,19.0,,2026-06-21 05:15:00,2026-06-21 05:32:00,,6.0,2026-06-21 05:37:00,2026-06-21 05:43:00,2026-06-21 05:11:00,2026-06-21 05:15:00,,,"Ушаков Г. А., Черкас В. А.",Pegasus,Выдача от 30 до 40 минут
2026-06-21,TK 419 ,32Б,СТАМБУЛ(СТАМБУЛ НЬЮ),20,Y(А09),04:54,3458,2026-06-21 05:03:00,2026-06-21 05:04:00,,2026-06-21 05:05:00,2026-06-21 05:21:00,2026-06-21 05:05:00,2026-06-21 05:21:00,2026-06-21 05:30:00,,,2026-06-21 05:19:00,2026-06-21 05:30:00,,0.0,2026-06-21 05:11:00,2026-06-21 05:18:00,2026-06-21 05:24:00,2026-06-21 05:30:00,,,Демчук Д. П.,Turkish Airlines,Выдача до 30 минут
2026-06-21,NE 618 ,320,ХУРГАДА(ХУРГАДА ИНТЛ.),26,Y(А11),04:58,1591,2026-06-21 05:05:00,2026-06-21 05:06:00,,2026-06-21 05:08:00,2026-06-21 05:25:00,2026-06-21 05:08:00,2026-06-21 05:25:00,2026-06-21 05:20:00,5.0,6.0,2026-06-21 05:22:00,2026-06-21 05:31:00,,0.0,2026-06-21 05:19:00,2026-06-21 05:22:00,2026-06-21 05:26:00,2026-06-21 05:32:00,,,Хушвактов П. З.,Nesma Airlines,Выдача до 30 минут
2026-06-21,ЮТ 786 ,73Х,ЕРЕВАН(ЗВАРТНОЦ ИНТЛ),27,Y(А13),05:02,1414,2026-06-21 05:10:00,2026-06-21 05:10:00,,2026-06-21 05:14:00,2026-06-21 05:30:00,2026-06-21 05:29:00,2026-06-21 05:30:00,2026-06-21 05:23:00,7.0,,2026-06-21 05:27:00,2026-06-21 05:30:00,,0.0,2026-06-21 05:21:00,2026-06-21 05:27:00,2026-06-21 05:26:00,2026-06-21 05:30:00,,,"Дубинский В. Д., Рябчевский В. О.",Ютэйр,Выдача до 30 минут
2026-06-21,J2 5830 ,320,ГЯНДЖА,25,Y(А12),05:07,1900,2026-06-21 05:15:00,2026-06-21 05:18:00,,2026-06-21 05:18:00,2026-06-21 05:33:00,2026-06-21 05:18:00,2026-06-21 05:33:00,2026-06-21 05:32:00,1.0,2.0,2026-06-21 05:29:00,2026-06-21 05:38:00,,0.0,2026-06-21 05:25:00,2026-06-21 05:28:00,2026-06-21 05:35:00,2026-06-21 05:38:00,,,Каламбеков У. О.,AZAL,Выдача до 30 минут
2026-06-21,PC 1458 ,32Щ,ДАЛАМАН,21,Y(А10),05:52,2831,2026-06-21 05:58:00,2026-06-21 06:01:00,,2026-06-21 06:01:00,2026-06-21 06:22:00,2026-06-21 06:01:00,2026-06-21 06:22:00,2026-06-21 06:21:00,1.0,2.0,2026-06-21 06:19:00,2026-06-21 06:28:00,1.0,0.0,2026-06-21 06:08:00,2026-06-21 06:12:00,2026-06-21 06:24:00,2026-06-21 06:28:00,,,Каламбеков У. О.,Pegasus,Выдача до 30 минут
2026-06-21,4S 313 ,7С8,ШАРМ ЭЛЬ ШЕЙХ(ШАРМ ЭЛЬ ШЕЙХ ИНТЛ.),19,Y(А10),06:05,2314,2026-06-21 06:16:00,2026-06-21 06:16:00,,2026-06-21 06:26:00,2026-06-21 06:41:00,2026-06-21 06:26:00,2026-06-21 06:41:00,2026-06-21 06:35:00,6.0,,2026-06-21 06:37:00,2026-06-21 06:53:00,1.0,7.0,2026-06-21 06:33:00,2026-06-21 06:37:00,2026-06-21 06:47:00,2026-06-21 06:53:00,,,Музафаров А. С.,Red Sea,Выдача от 30 до 40 минут
2026-06-21,TK 407 ,333,СТАМБУЛ(СТАМБУЛ НЬЮ),22,Y(А09),06:09,5261,2026-06-21 06:18:00,2026-06-21 06:22:00,1.0,2026-06-21 06:22:00,2026-06-21 06:39:00,2026-06-21 06:26:00,2026-06-21 06:39:00,2026-06-21 06:57:00,,,2026-06-21 06:41:00,2026-06-21 06:48:00,3.0,0.0,2026-06-21 06:22:00,2026-06-21 06:41:00,2026-06-21 06:40:00,2026-06-21 06:46:00,2026-06-21 06:36:00,2026-06-21 06:55:00,"Гафуров О. Ф., Рябчевский В. О.",Turkish Airlines,Выдача до 30 минут
2026-06-21,ДР 414 ,7С8,ЧЕЛЯБИНСК(БАЛАНДИНО),51,Y(А07),06:13,389,2026-06-21 06:20:00,2026-06-21 06:23:00,,2026-06-21 06:24:00,2026-06-21 06:27:00,2026-06-21 06:24:00,2026-06-21 06:27:00,2026-06-21 06:27:00,,,2026-06-21 06:33:00,2026-06-21 06:35:00,,0.0,2026-06-21 06:29:00,2026-06-21 06:33:00,,,,,Гаврилов В. А.,Победа,Выдача до 30 минут
2026-06-21,ДР 436 ,73Х,УФА,47,Y(А05),06:55,268,2026-06-21 07:00:00,2026-06-21 07:03:00,,2026-06-21 07:04:00,2026-06-21 07:06:00,2026-06-21 07:04:00,2026-06-21 07:06:00,2026-06-21 07:06:00,,,2026-06-21 07:16:00,2026-06-21 07:17:00,,0.0,2026-06-21 07:09:00,2026-06-21 07:16:00,,,,,Дубинский В. Д.,Победа,Выдача до 30 минут
2026-06-21,ДР 742 ,73Х,ТАШКЕНТ(ТАШКЕНТ ИНТЛ.),43,Y(А11),07:00,180,2026-06-21 07:07:00,2026-06-21 07:07:00,,2026-06-21 07:12:00,2026-06-21 07:14:00,2026-06-21 07:12:00,2026-06-21 07:14:00,2026-06-21 07:12:00,2.0,1.0,2026-06-21 07:21:00,2026-06-21 07:22:00,,0.0,2026-06-21 07:16:00,2026-06-21 07:21:00,,,,,Гаврилов В. А.,Победа,Выдача до 30 минут
2026-06-21,ФВ 6019 ,СУ9,САНКТ-ПЕТЕРБУРГ(ПУЛКОВО),9,Y(А04),07:05,45,2026-06-21 07:11:00,2026-06-21 07:13:00,,2026-06-21 07:14:00,2026-06-21 07:15:00,2026-06-21 07:14:00,2026-06-21 07:15:00,2026-06-21 07:15:00,,1.0,2026-06-21 07:17:00,2026-06-21 07:18:00,,0.0,2026-06-21 07:17:00,2026-06-21 07:20:00,,,,,Саидов А. С.,Россия,Выдача до 30 минут
2026-06-21,ДР 408 ,73Х,ЕКАТЕРИНБУРГ(КОЛЬЦОВО),48,Y(А08),07:42,375,2026-06-21 07:49:00,2026-06-21 07:50:00,,2026-06-21 07:52:00,2026-06-21 07:55:00,2026-06-21 07:52:00,2026-06-21 07:55:00,2026-06-21 07:56:00,,,2026-06-21 08:05:00,2026-06-21 08:06:00,,0.0,2026-06-21 07:56:00,2026-06-21 08:06:00,,,,,Резчиков А. А.,Победа,Выдача до 30 минут
2026-06-21,В2 981 ,Е95,МИНСК(МИНСК ИНТЛ.),29,Y(А13),07:45,226,2026-06-21 07:54:00,2026-06-21 07:57:00,,2026-06-21 07:56:00,2026-06-21 07:58:00,2026-06-21 07:56:00,2026-06-21 07:58:00,2026-06-21 08:00:00,,,2026-06-21 08:02:00,2026-06-21 08:04:00,,0.0,2026-06-21 07:59:00,2026-06-21 08:02:00,,,,,Смирнов Н. В.,Белавиа,Выдача до 30 минут
2026-06-21,ЮТ 572 ,73Х,КРАСНОЯРСК,21,Y(А06),07:52,907,2026-06-21 08:02:00,2026-06-21 08:02:00,,2026-06-21 08:06:00,2026-06-21 08:14:00,2026-06-21 08:06:00,2026-06-21 08:14:00,2026-06-21 08:12:00,2.0,2.0,2026-06-21 08:19:00,2026-06-21 08:21:00,,0.0,2026-06-21 08:15:00,2026-06-21 08:20:00,,,,,Острых В. А.,Ютэйр,Выдача до 30 минут
2026-06-21,ЮТ 454 ,73Х,ТЮМЕНЬ(РОЩИНО),24,Y(А07),08:06,676,2026-06-21 08:16:00,2026-06-21 08:18:00,,2026-06-21 08:18:00,2026-06-21 08:24:00,2026-06-21 08:18:00,2026-06-21 08:24:00,2026-06-21 08:25:00,,1.0,2026-06-21 08:29:00,2026-06-21 08:30:00,,0.0,2026-06-21 08:25:00,2026-06-21 08:28:00,,,,,Аганин А. А.,Ютэйр,Выдача до 30 минут
2026-06-21,ЮТ 808 ,73Х,БУХАРА(БУХАРА ИНТЛ.),23,Y(А11),08:15,741,2026-06-21 08:26:00,2026-06-21 08:27:00,,2026-06-21 08:28:00,2026-06-21 08:35:00,2026-06-21 08:28:00,2026-06-21 08:35:00,2026-06-21 08:35:00,,2.0,2026-06-21 08:37:00,2026-06-21 08:38:00,,0.0,2026-06-21 08:34:00,2026-06-21 08:37:00,,,,,Екимов С. С.,Ютэйр,Выдача до 30 минут
2026-06-21,3F 321 ,321,ЕРЕВАН(ЗВАРТНОЦ ИНТЛ),18,Y(А13),08:18,1642,2026-06-21 08:27:00,2026-06-21 08:29:00,,2026-06-21 08:29:00,2026-06-21 08:38:00,2026-06-21 08:29:00,2026-06-21 08:38:00,2026-06-21 08:42:00,,,2026-06-21 08:42:00,2026-06-21 08:45:00,,0.0,2026-06-21 08:34:00,2026-06-21 08:42:00,2026-06-21 08:39:00,2026-06-21 08:45:00,,,Михайлов М. С.,FLYONE Armenia,Выдача до 30 минут
2026-06-21,ФВ 6051 ,СУ9,САНКТ-ПЕТЕРБУРГ(ПУЛКОВО),8,Y(А04),08:23,16,2026-06-21 08:33:00,2026-06-21 08:34:00,,2026-06-21 08:35:00,2026-06-21 08:36:00,2026-06-21 08:35:00,2026-06-21 08:36:00,2026-06-21 08:37:00,,1.0,2026-06-21 08:39:00,2026-06-21 08:40:00,,0.0,2026-06-21 08:37:00,2026-06-21 08:39:00,,,,,Андреев А. М.,Россия,Выдача до 30 минут
2026-06-21,ЮТ 356 ,734,ГРОЗНЫЙ(СЕВЕРНЫЙ),26,Y(А05),08:27,266,2026-06-21 08:42:00,2026-06-21 08:42:00,,2026-06-21 08:44:00,2026-06-21 08:47:00,2026-06-21 08:44:00,2026-06-21 08:47:00,2026-06-21 08:48:00,,1.0,2026-06-21 08:50:00,2026-06-21 08:51:00,,0.0,2026-06-21 08:48:00,2026-06-21 08:51:00,,,,,Чеканов В. А.,Ютэйр,Выдача до 30 минут
2026-06-21,ХИ 9613 ,32Н,ТАШКЕНТ(ТАШКЕНТ ИНТЛ.),30,Y(А10),08:33,2004,2026-06-21 08:45:00,2026-06-21 08:47:00,,2026-06-21 08:48:00,2026-06-21 09:01:00,2026-06-21 08:48:00,2026-06-21 09:01:00,2026-06-21 09:02:00,,,2026-06-21 08:58:00,2026-06-21 09:06:00,,0.0,2026-06-21 08:55:00,2026-06-21 08:58:00,2026-06-21 09:04:00,2026-06-21 09:06:00,,,"Науну М., Прохачев И. А.",UZBEKISTAN AIRWAYS,Выдача до 30 минут
2026-06-21,ДР 714 ,73Х,САМАРКАНД(САМАРКАНД ИНТЛ.),46,Y(А11),08:38,254,2026-06-21 08:46:00,2026-06-21 08:48:00,,2026-06-21 08:46:00,2026-06-21 08:49:00,2026-06-21 08:46:00,2026-06-21 08:49:00,2026-06-21 08:52:00,,1.0,2026-06-21 08:56:00,2026-06-21 08:57:00,,0.0,2026-06-21 08:50:00,2026-06-21 08:57:00,,,,,"Резчиков А. А., Фартушный А. И.",Победа,Выдача до 30 минут
2026-06-21,ЮТ 364 ,734,УФА,12,Y(А07),08:44,595,2026-06-21 09:02:00,2026-06-21 09:02:00,,2026-06-21 09:06:00,2026-06-21 09:15:00,2026-06-21 09:06:00,2026-06-21 09:15:00,2026-06-21 09:10:00,5.0,5.0,2026-06-21 09:19:00,2026-06-21 09:20:00,,0.0,2026-06-21 09:16:00,2026-06-21 09:19:00,,,,,Гафуров О. Ф.,Ютэйр,Выдача до 30 минут
2026-06-21,AZO 7154 ,СУ9,БАТУМИ,28,Y(А12),08:47,740,2026-06-21 08:58:00,2026-06-21 08:58:00,,2026-06-21 09:01:00,2026-06-21 09:09:00,2026-06-21 09:01:00,2026-06-21 09:09:00,2026-06-21 09:07:00,2.0,3.0,2026-06-21 09:14:00,2026-06-21 09:17:00,,0.0,2026-06-21 09:10:00,2026-06-21 09:13:00,,,,,Острых В. А.,GEORGIAN AIRWAYS,Выдача до 30 минут
2026-06-21,КГ 555 ,320,ОШ,19,Y(А13),08:55,2661,2026-06-21 09:05:00,2026-06-21 09:07:00,,2026-06-21 09:08:00,2026-06-21 09:27:00,2026-06-21 09:08:00,2026-06-21 09:27:00,2026-06-21 09:27:00,,1.0,2026-06-21 09:21:00,2026-06-21 09:35:00,,0.0,2026-06-21 09:14:00,2026-06-21 09:20:00,2026-06-21 09:30:00,2026-06-21 09:35:00,,,Рустамов М. А.,Aero Nomad,Выдача до 30 минут
2026-06-21,ЮТ 248 ,735,СУРГУТ,15,Y(А05),09:09,457,2026-06-21 09:18:00,2026-06-21 09:19:00,,2026-06-21 09:23:00,2026-06-21 09:26:00,2026-06-21 09:23:00,2026-06-21 09:26:00,2026-06-21 09:25:00,1.0,,2026-06-21 09:32:00,2026-06-21 09:33:00,,0.0,2026-06-21 09:28:00,2026-06-21 09:48:00,,,,,Баташан В. Ю.,Ютэйр,Выдача до 30 минут
2026-06-21,ФВ 6003 ,СУ9,САНКТ-ПЕТЕРБУРГ(ПУЛКОВО),9,Y(А04),09:12,53,2026-06-21 09:20:00,2026-06-21 09:20:00,,2026-06-21 09:23:00,2026-06-21 09:24:00,2026-06-21 09:23:00,2026-06-21 09:24:00,2026-06-21 09:24:00,,1.0,2026-06-21 09:27:00,2026-06-21 09:28:00,,0.0,2026-06-21 09:24:00,2026-06-21 09:26:00,,,,,Резчиков А. А.,Россия,Выдача до 30 минут
2026-06-21,DV 801 ,7М8,ШЫМКЕНТ(ШЫМКЕНТ ИНТЛ.),20,Y(А13),09:39,1200,2026-06-21 09:49:00,2026-06-21 09:49:00,,2026-06-21 09:50:00,2026-06-21 09:59:00,2026-06-21 09:52:00,2026-06-21 09:59:00,2026-06-21 10:01:00,,,2026-06-21 10:04:00,2026-06-21 10:06:00,,0.0,2026-06-21 09:59:00,2026-06-21 10:06:00,,,,,"Аганин А. А., Фартушный А. И.",SCAT Airlines,Выдача до 30 минут
2026-06-21,ФВ 6013 ,СУ9,САНКТ-ПЕТЕРБУРГ(ПУЛКОВО),8,Y(А04),09:50,96,2026-06-21 10:04:00,2026-06-21 10:05:00,,2026-06-21 10:06:00,2026-06-21 10:09:00,2026-06-21 10:06:00,2026-06-21 10:09:00,2026-06-21 10:09:00,,2.0,2026-06-21 10:11:00,2026-06-21 10:12:00,,0.0,2026-06-21 10:08:00,2026-06-21 10:10:00,,,,,Екимов С. С.,Россия,Выдача до 30 минут
2026-06-21,ДР 734 ,73Х,ТЕРМЕЗ,49,Y(А12),10:11,275,2026-06-21 10:22:00,2026-06-21 10:24:00,,2026-06-21 10:24:00,2026-06-21 10:27:00,2026-06-21 10:24:00,2026-06-21 10:27:00,2026-06-21 10:28:00,,1.0,2026-06-21 10:32:00,2026-06-21 10:33:00,,0.0,2026-06-21 10:28:00,2026-06-21 10:32:00,,,,,Михайлов М. С.,Победа,Выдача до 30 минут
2026-06-21,ФВ 6005 ,СУ9,САНКТ-ПЕТЕРБУРГ(ПУЛКОВО),10,Y(А04),10:14,115,2026-06-21 10:31:00,2026-06-21 10:33:00,,2026-06-21 10:33:00,2026-06-21 10:38:00,2026-06-21 10:33:00,2026-06-21 10:38:00,2026-06-21 10:36:00,2.0,4.0,2026-06-21 10:37:00,2026-06-21 10:38:00,,0.0,2026-06-21 10:35:00,2026-06-21 10:38:00,,,,,Науну М.,Россия,Выдача до 30 минут
2026-06-21,ЮТ 446 ,73Е,КОГАЛЫМ,13,Y(А05),10:29,233,2026-06-21 10:37:00,2026-06-21 10:39:00,,2026-06-21 10:40:00,2026-06-21 10:42:00,2026-06-21 10:40:00,2026-06-21 10:42:00,2026-06-21 10:43:00,,,2026-06-21 10:46:00,2026-06-21 10:47:00,,0.0,2026-06-21 10:45:00,2026-06-21 10:47:00,,,,,Смирнов Н. В.,Ютэйр,Выдача до 30 минут
2026-06-21,ЮТ 560 ,73Х,МАХАЧКАЛА,14,Y(А05),10:53,511,2026-06-21 11:01:00,2026-06-21 11:03:00,,2026-06-21 11:05:00,2026-06-21 11:09:00,2026-06-21 11:05:00,2026-06-21 11:09:00,2026-06-21 11:08:00,1.0,1.0,2026-06-21 11:13:00,2026-06-21 11:14:00,,0.0,2026-06-21 11:13:00,2026-06-21 11:15:00,,,,,Чеканов В. А.,Ютэйр,Выдача до 30 минут
2026-06-21,ЖГ 936 ,73Х,ТБИЛИСИ(ТБИЛИСИ ИНТЛ.),30,Y(А11),10:56,1710,2026-06-21 11:05:00,2026-06-21 11:05:00,,2026-06-21 11:08:00,2026-06-21 11:17:00,2026-06-21 11:08:00,2026-06-21 11:17:00,2026-06-21 11:20:00,,,2026-06-21 11:17:00,2026-06-21 11:23:00,,0.0,2026-06-21 11:14:00,2026-06-21 11:17:00,2026-06-21 11:20:00,2026-06-21 11:24:00,,,Смирнов Н. В.,GEORGIAN AIRWAYS,Выдача до 30 минут
2026-06-21,J2 807 ,76В,БАКУ(ИМ. ГЕЙДАРА АЛИЕВА),18,Y(А10),11:00,1751,2026-06-21 11:11:00,2026-06-21 11:13:00,,2026-06-21 11:16:00,2026-06-21 11:25:00,2026-06-21 11:16:00,2026-06-21 11:25:00,2026-06-21 11:27:00,,,2026-06-21 11:25:00,2026-06-21 11:32:00,,0.0,2026-06-21 11:25:00,2026-06-21 11:31:00,,,,,Баташан В. Ю.,AZAL,Выдача до 30 минут
2026-06-21,TK 413 ,333,СТАМБУЛ(СТАМБУЛ НЬЮ),22,Y(А09),11:09,4077,2026-06-21 11:21:00,2026-06-21 11:24:00,,2026-06-21 11:25:00,2026-06-21 11:40:00,2026-06-21 11:25:00,2026-06-21 11:40:00,2026-06-21 11:52:00,,,2026-06-21 11:39:00,2026-06-21 11:48:00,,0.0,2026-06-21 11:34:00,2026-06-21 11:40:00,2026-06-21 11:41:00,2026-06-21 11:49:00,,,"Резчиков А. А., Рустамов М. А.",Turkish Airlines,Выдача до 30 минут
2026-06-21,ЯК 475 ,7С8,ЯКУТСК,59,Y(А06),11:19,1078,2026-06-21 11:33:00,2026-06-21 11:37:00,1.0,2026-06-21 11:35:00,2026-06-21 11:48:00,2026-06-21 11:35:00,2026-06-21 11:48:00,2026-06-21 11:44:00,4.0,6.0,2026-06-21 11:58:00,2026-06-21 11:59:00,,0.0,2026-06-21 11:52:00,2026-06-21 11:58:00,,,,,Прохачев И. А.,Якутия,Выдача до 30 минут
2026-06-21,ФВ 6007 ,СУ9,САНКТ-ПЕТЕРБУРГ(ПУЛКОВО),9,Y(А04),11:28,249,2026-06-21 11:37:00,2026-06-21 11:39:00,,2026-06-21 11:41:00,2026-06-21 11:43:00,2026-06-21 11:41:00,2026-06-21 11:43:00,2026-06-21 11:43:00,,,2026-06-21 11:46:00,2026-06-21 11:47:00,,0.0,2026-06-21 11:44:00,2026-06-21 11:46:00,,,,,Андреев А. М.,Россия,Выдача до 30 минут
2026-06-21,ЮБГ 509 ,735,ЕРЕВАН(ЗВАРТНОЦ ИНТЛ),28,Y(А13),12:00,1634,2026-06-21 12:09:00,2026-06-21 12:09:00,,2026-06-21 12:11:00,2026-06-21 12:26:00,2026-06-21 12:11:00,2026-06-21 12:26:00,2026-06-21 12:24:00,2.0,4.0,2026-06-21 12:21:00,2026-06-21 12:31:00,,0.0,2026-06-21 12:18:00,2026-06-21 12:21:00,2026-06-21 12:27:00,2026-06-21 12:33:00,,,"Андреев А. М., Гафуров О. Ф.",Shirak Avia,Выдача до 30 минут
2026-06-21,ФВ 6009 ,СУ9,САНКТ-ПЕТЕРБУРГ(ПУЛКОВО),8,Y(А04),12:10,209,2026-06-21 12:20:00,2026-06-21 12:22:00,,2026-06-21 12:23:00,2026-06-21 12:26:00,2026-06-21 12:23:00,2026-06-21 12:26:00,2026-06-21 12:25:00,1.0,2.0,2026-06-21 12:29:00,2026-06-21 12:30:00,,0.0,2026-06-21 12:27:00,2026-06-21 12:30:00,,,,,Прохачев И. А.,Россия,Выдача до 30 минут
2026-06-21,ДР 114 ,73Х,СОЧИ,46,Y(А05),12:13,545,2026-06-21 12:21:00,2026-06-21 12:23:00,,2026-06-21 12:24:00,2026-06-21 12:28:00,2026-06-21 12:24:00,2026-06-21 12:28:00,2026-06-21 12:29:00,,,2026-06-21 12:35:00,2026-06-21 12:36:00,,0.0,2026-06-21 12:31:00,2026-06-21 12:36:00,,,,,Королев А. А.,Победа,Выдача до 30 минут
2026-06-21,TK 3070 ,32Б,АНТАЛЬЯ,24,Y(А10),12:16,2333,2026-06-21 12:26:00,2026-06-21 12:37:00,8.0,2026-06-21 12:35:00,2026-06-21 12:49:00,2026-06-21 12:35:00,2026-06-21 12:49:00,2026-06-21 12:46:00,3.0,,2026-06-21 12:43:00,2026-06-21 12:57:00,,1.0,2026-06-21 12:42:00,2026-06-21 12:55:00,,,,,Острых В. А.,Turkish Airlines,Выдача от 30 до 40 минут
2026-06-21,TK 3012 ,321,АНТАЛЬЯ,23,Y(А09),12:19,2582,2026-06-21 12:32:00,2026-06-21 12:33:00,,2026-06-21 12:41:00,2026-06-21 12:53:00,2026-06-21 12:41:00,2026-06-21 12:53:00,2026-06-21 12:53:00,,,2026-06-21 12:51:00,2026-06-21 13:05:00,,3.0,2026-06-21 12:51:00,2026-06-21 13:09:00,2026-06-21 12:46:00,2026-06-21 12:50:00,,,Саидов А. С.,Turkish Airlines,Выдача от 30 до 40 минут
2026-06-21,TK 3076 ,321,ДАЛАМАН,21,Y(А10),12:23,2361,2026-06-21 12:33:00,2026-06-21 12:37:00,1.0,2026-06-21 12:38:00,2026-06-21 12:46:00,2026-06-21 12:38:00,2026-06-21 12:46:00,2026-06-21 12:53:00,,,2026-06-21 12:52:00,2026-06-21 12:54:00,,0.0,2026-06-21 12:48:00,2026-06-21 12:54:00,,,,,Михайлов М. С.,Turkish Airlines,Выдача до 30 минут
2026-06-21,TK 1231 ,321,АНТАЛЬЯ,20,Y(А13),12:26,1822,2026-06-21 12:35:00,2026-06-21 12:41:00,3.0,2026-06-21 12:40:00,2026-06-21 12:52:00,2026-06-21 12:40:00,2026-06-21 12:52:00,2026-06-21 12:51:00,1.0,,2026-06-21 12:50:00,2026-06-21 13:00:00,,0.0,2026-06-21 12:52:00,2026-06-21 13:00:00,,,,,Рустамов М. А.,Turkish Airlines,Выдача до 30 минут
2026-06-21,TK 3024 ,321,АНТАЛЬЯ,19,Y(А09),12:29,2625,2026-06-21 12:45:00,2026-06-21 12:45:00,,2026-06-21 12:40:00,2026-06-21 12:56:00,2026-06-21 12:40:00,2026-06-21 12:56:00,2026-06-21 13:07:00,,,2026-06-21 12:53:00,2026-06-21 13:02:00,,0.0,2026-06-21 12:44:00,2026-06-21 12:53:00,2026-06-21 12:52:00,2026-06-21 13:03:00,,,Прохачев И. А.,Turkish Airlines,Выдача до 30 минут
2026-06-21,TK 3164 ,32Б,БОДРУМ(МИЛАС),25,Y(А13),12:41,1975,2026-06-21 12:53:00,2026-06-21 12:53:00,,2026-06-21 12:56:00,2026-06-21 13:12:00,2026-06-21 12:56:00,2026-06-21 13:12:00,2026-06-21 13:10:00,2.0,3.0,2026-06-21 13:12:00,2026-06-21 13:19:00,,0.0,2026-06-21 13:15:00,2026-06-21 13:19:00,,,,,Резчиков А. А.,Turkish Airlines,Выдача до 30 минут
2026-06-21,NE 620 ,320,ХУРГАДА(ХУРГАДА ИНТЛ.),30,Y(А12),12:49,1142,2026-06-21 13:03:00,2026-06-21 13:07:00,1.0,2026-06-21 13:09:00,2026-06-21 13:19:00,2026-06-21 13:09:00,2026-06-21 13:19:00,2026-06-21 13:15:00,4.0,2.0,2026-06-21 13:27:00,2026-06-21 13:29:00,4.0,0.0,2026-06-21 13:20:00,2026-06-21 13:25:00,,,,,Науну М.,Nesma Airlines,Выдача до 30 минут
2026-06-21,TK 3046 ,321,АНТАЛЬЯ,26,Y(А09),12:55,2669,2026-06-21 13:08:00,2026-06-21 13:08:00,,2026-06-21 13:10:00,2026-06-21 13:21:00,2026-06-21 13:10:00,2026-06-21 13:21:00,2026-06-21 13:30:00,,,2026-06-21 13:23:00,2026-06-21 13:26:00,,0.0,2026-06-21 13:22:00,2026-06-21 13:26:00,2026-06-21 13:15:00,2026-06-21 13:18:00,,,Королев А. А.,Turkish Airlines,Выдача до 30 минут
2026-06-21,ГЗП 292 ,СУ9,ТАЛАКАН,Б36,Y(А05),12:57,217,2026-06-21 13:06:00,2026-06-21 13:07:00,,2026-06-21 13:09:00,2026-06-21 13:14:00,2026-06-21 13:09:00,2026-06-21 13:14:00,2026-06-21 13:11:00,3.0,4.0,2026-06-21 13:28:00,2026-06-21 13:30:00,,0.0,2026-06-21 13:15:00,2026-06-21 13:37:00,,,,,Чеканов В. А.,Газпром авиа,Выдача до 30 минут
2026-06-21,ФВ 6025 ,СУ9,САНКТ-ПЕТЕРБУРГ(ПУЛКОВО),9,Y(А04),13:06,245,2026-06-21 13:15:00,2026-06-21 13:17:00,,2026-06-21 13:17:00,2026-06-21 13:21:00,2026-06-21 13:17:00,2026-06-21 13:21:00,2026-06-21 13:21:00,,2.0,2026-06-21 13:24:00,2026-06-21 13:25:00,,0.0,2026-06-21 13:21:00,2026-06-21 13:23:00,,,,,Андреев А. М.,Россия,Выдача до 30 минут
2026-06-21,TK 417 ,32Б,СТАМБУЛ(СТАМБУЛ НЬЮ),22,Y(А10),13:35,3221,2026-06-21 13:48:00,2026-06-21 13:50:00,,2026-06-21 13:48:00,2026-06-21 14:04:00,2026-06-21 13:48:00,2026-06-21 14:04:00,2026-06-21 14:13:00,,,2026-06-21 14:03:00,2026-06-21 14:13:00,,0.0,2026-06-21 13:56:00,2026-06-21 14:03:00,2026-06-21 14:08:00,2026-06-21 14:13:00,,,"Смирнов Н. В., Фартушный А. И.",Turkish Airlines,Выдача до 30 минут
2026-06-21,ХИ 9607 ,32Н,БУХАРА(БУХАРА ИНТЛ.),24,Y(А11),13:38,2088,2026-06-21 13:52:00,2026-06-21 13:53:00,,2026-06-21 13:55:00,2026-06-21 14:09:00,2026-06-21 13:55:00,2026-06-21 14:09:00,2026-06-21 14:10:00,,,2026-06-21 14:06:00,2026-06-21 14:16:00,,0.0,2026-06-21 14:01:00,2026-06-21 14:05:00,2026-06-21 14:10:00,2026-06-21 14:14:00,,,Острых В. А.,UZBEKISTAN AIRWAYS,Выдача до 30 минут
2026-06-21,PC 388 ,32Щ,СТАМБУЛ(САБИХА ГОКЦЕН),18,Y(А12),13:43,2396,2026-06-21 13:54:00,2026-06-21 13:57:00,,2026-06-21 13:57:00,2026-06-21 14:10:00,2026-06-21 13:57:00,2026-06-21 14:10:00,2026-06-21 14:14:00,,,2026-06-21 14:08:00,2026-06-21 14:21:00,,0.0,2026-06-21 14:03:00,2026-06-21 14:09:00,2026-06-21 14:14:00,2026-06-21 14:21:00,,,"Андреев А. М., Гафуров О. Ф.",Pegasus,Выдача до 30 минут
2026-06-21,ЮТ 802B,73Х,ДУШАНБЕ(ДУШАНБЕ ИНТЛ.),16,Y(А09),13:52,2566,2026-06-21 14:03:00,2026-06-21 14:05:00,,2026-06-21 14:05:00,2026-06-21 14:23:00,2026-06-21 14:05:00,2026-06-21 14:23:00,2026-06-21 14:24:00,,1.0,2026-06-21 14:14:00,2026-06-21 14:27:00,,0.0,2026-06-21 14:11:00,2026-06-21 14:13:00,2026-06-21 14:26:00,2026-06-21 14:31:00,,,"Королёв Е. А., Саидов А. С.",Ютэйр,Выдача до 30 минут
2026-06-21,В2 983 ,Е95,МИНСК(МИНСК ИНТЛ.),29,Y(А13),14:01,479,2026-06-21 14:12:00,2026-06-21 14:16:00,1.0,2026-06-21 14:15:00,2026-06-21 14:19:00,2026-06-21 14:15:00,2026-06-21 14:19:00,2026-06-21 14:19:00,,1.0,2026-06-21 14:25:00,2026-06-21 14:26:00,,0.0,2026-06-21 14:20:00,2026-06-21 14:24:00,,,,,Прохачев И. А.,Белавиа,Выдача до 30 минут
2026-06-21,ФВ 6027 ,СУ9,САНКТ-ПЕТЕРБУРГ(ПУЛКОВО),8,Y(А04),14:12,149,2026-06-21 14:24:00,2026-06-21 14:27:00,,2026-06-21 14:27:00,2026-06-21 14:29:00,2026-06-21 14:27:00,2026-06-21 14:29:00,2026-06-21 14:29:00,,1.0,2026-06-21 14:34:00,2026-06-21 14:35:00,,0.0,2026-06-21 14:31:00,2026-06-21 14:33:00,,,,,Науну М.,Россия,Выдача до 30 минут
2026-06-21,ЮТ 334 ,73Е,НАРЬЯН-МАР,15,Y(А06),14:16,988,2026-06-21 14:27:00,2026-06-21 14:28:00,,2026-06-21 14:31:00,2026-06-21 14:42:00,2026-06-21 14:31:00,2026-06-21 14:42:00,2026-06-21 14:38:00,4.0,4.0,2026-06-21 14:46:00,2026-06-21 14:48:00,,0.0,2026-06-21 14:42:00,2026-06-21 14:48:00,,,,,Королев А. А.,Ютэйр,Выдача до 30 минут
2026-06-21,ДР 170 ,7С8,МИНЕРАЛЬНЫЕ ВОДЫ,47,Y(А05),14:38,622,2026-06-21 14:49:00,2026-06-21 14:49:00,,2026-06-21 14:49:00,2026-06-21 14:55:00,2026-06-21 14:49:00,2026-06-21 14:55:00,2026-06-21 14:57:00,,2.0,2026-06-21 15:01:00,2026-06-21 15:02:00,,0.0,2026-06-21 15:02:00,2026-06-21 15:03:00,,,,,Баташан В. Ю.,Победа,Выдача до 30 минут
2026-06-21,ЖГЖ 9576 ,ЯК4,ВОЛОГДА,41A,0,15:02,0,2026-06-21 15:08:00,2026-06-21 15:08:00,,2026-06-21 15:08:00,2026-06-21 15:10:00,2026-06-21 15:08:00,2026-06-21 15:10:00,,,2.0,,-1,,0.0,,,,,,,Фартушный А. И.,GEORGIAN AIRWAYS,Не определено
2026-06-21,ФВ 6031 ,СУ9,САНКТ-ПЕТЕРБУРГ(ПУЛКОВО),9,Y(А04),15:14,134,2026-06-21 15:20:00,2026-06-21 15:21:00,,2026-06-21 15:24:00,2026-06-21 15:26:00,2026-06-21 15:24:00,2026-06-21 15:26:00,2026-06-21 15:25:00,1.0,1.0,2026-06-21 15:28:00,2026-06-21 15:29:00,,0.0,2026-06-21 15:26:00,2026-06-21 15:28:00,,,,,Смирнов Н. В.,Россия,Выдача до 30 минут
2026-06-21,ЖГ 926 ,73Й,ТБИЛИСИ(ТБИЛИСИ ИНТЛ.),30,Y(А11),15:33,2061,2026-06-21 15:38:00,2026-06-21 15:50:00,9.0,2026-06-21 15:50:00,2026-06-21 16:08:00,2026-06-21 15:50:00,2026-06-21 16:08:00,2026-06-21 15:56:00,12.0,4.0,2026-06-21 16:00:00,2026-06-21 16:07:00,2.0,0.0,2026-06-21 15:57:00,2026-06-21 16:00:00,2026-06-21 16:06:00,2026-06-21 16:07:00,,,"Королев А. А., Резчиков А. А.",GEORGIAN AIRWAYS,Выдача до 30 минут
2026-06-21,ДР 262 ,73Х,КАЛИНИНГРАД(ХРАБРОВО),48,Y(А06),15:56,763,2026-06-21 16:04:00,2026-06-21 16:07:00,,2026-06-21 16:06:00,2026-06-21 16:10:00,2026-06-21 16:06:00,2026-06-21 16:10:00,2026-06-21 16:13:00,,,2026-06-21 16:17:00,2026-06-21 16:18:00,,0.0,2026-06-21 16:12:00,2026-06-21 16:16:00,,,,,Баташан В. Ю.,Победа,Выдача до 30 минут
2026-06-21,ДР 466 ,7С8,УЛЬЯНОВСК(БАРАТАЕВКА),49,Y(А05),16:05,365,2026-06-21 16:11:00,2026-06-21 16:12:00,,2026-06-21 16:15:00,2026-06-21 16:18:00,2026-06-21 16:15:00,2026-06-21 16:18:00,2026-06-21 16:17:00,1.0,1.0,2026-06-21 16:24:00,2026-06-21 16:25:00,,0.0,2026-06-21 16:19:00,2026-06-21 16:24:00,,,,,Острых В. А.,Победа,Выдача до 30 минут
2026-06-21,А4 7010 ,СУ9,ТБИЛИСИ(ТБИЛИСИ ИНТЛ.),28,Y(А12),16:10,1169,2026-06-21 16:17:00,2026-06-21 16:20:00,,2026-06-21 16:21:00,2026-06-21 16:32:00,2026-06-21 16:21:00,2026-06-21 16:32:00,2026-06-21 16:29:00,3.0,3.0,2026-06-21 16:31:00,2026-06-21 16:37:00,,0.0,2026-06-21 16:34:00,2026-06-21 16:37:00,,,,,Михайлов М. С.,Азимут,Выдача до 30 минут
2026-06-21,ФВ 6037 ,СУ9,САНКТ-ПЕТЕРБУРГ(ПУЛКОВО),8,Y(А04),16:13,277,2026-06-21 16:22:00,2026-06-21 16:23:00,,2026-06-21 16:26:00,2026-06-21 16:29:00,2026-06-21 16:26:00,2026-06-21 16:29:00,2026-06-21 16:28:00,1.0,1.0,2026-06-21 16:31:00,2026-06-21 16:32:00,,0.0,2026-06-21 16:30:00,2026-06-21 16:33:00,,,,,Чеканов В. А.,Россия,Выдача до 30 минут
2026-06-21,PBD 980 ,7С8,АНТАЛЬЯ,47,Y(А11),16:56,1244,2026-06-21 17:00:00,2026-06-21 17:02:00,,2026-06-21 17:02:00,2026-06-21 17:10:00,2026-06-21 17:02:00,2026-06-21 17:10:00,2026-06-21 17:12:00,,,2026-06-21 17:14:00,2026-06-21 17:18:00,,0.0,2026-06-21 17:13:00,2026-06-21 17:14:00,,,,,Фартушный А. И.,Победа,Выдача до 30 минут
2026-06-21,ФВ 6175 ,СУ9,САНКТ-ПЕТЕРБУРГ(ПУЛКОВО),9,Y(А04),17:09,219,2026-06-21 17:15:00,2026-06-21 17:16:00,,2026-06-21 17:18:00,2026-06-21 17:20:00,2026-06-21 17:18:00,2026-06-21 17:20:00,2026-06-21 17:20:00,,1.0,2026-06-21 17:22:00,2026-06-21 17:24:00,,0.0,2026-06-21 17:20:00,2026-06-21 17:22:00,,,,,Рустамов М. А.,Россия,Выдача до 30 минут
2026-06-21,ЮТ 746 ,73Х,БАКУ(ИМ. ГЕЙДАРА АЛИЕВА),16,Y(А12),17:12,0,2026-06-21 17:19:00,2026-06-21 17:19:00,,2026-06-21 17:22:00,2026-06-21 17:35:00,2026-06-21 17:22:00,2026-06-21 17:35:00,,,13.0,2026-06-21 17:35:00,2026-06-21 17:36:00,,0.0,2026-06-21 17:29:00,2026-06-21 17:34:00,,,,,Науну М.,Ютэйр,Выдача до 30 минут
2026-06-21,3F 325 ,320,ЕРЕВАН(ЗВАРТНОЦ ИНТЛ),25,Y(А13),17:15,1489,2026-06-21 17:29:00,2026-06-21 17:33:00,1.0,2026-06-21 17:42:00,2026-06-21 17:50:00,2026-06-21 17:42:00,2026-06-21 17:50:00,2026-06-21 17:43:00,7.0,,2026-06-21 17:53:00,2026-06-21 18:00:00,4.0,1.0,2026-06-21 17:46:00,2026-06-21 17:51:00,,,,,Смирнов Н. В.,FLYONE Armenia,Выдача от 30 до 40 минут
2026-06-21,ДР 836 ,73Х,ГАЗИПАША,48,Y(А10),17:20,1623,2026-06-21 17:27:00,2026-06-21 17:30:00,,2026-06-21 17:29:00,2026-06-21 17:41:00,2026-06-21 17:29:00,2026-06-21 17:41:00,2026-06-21 17:42:00,,1.0,2026-06-21 17:40:00,2026-06-21 17:49:00,,0.0,2026-06-21 17:34:00,2026-06-21 17:40:00,,,,,Королёв Е. А.,Победа,Выдача до 30 минут
2026-06-21,FZ 989 ,7М8,ДУБАЙ(ДУБАЙ ИНТЛ.),26A,Y(А09),17:28,2198,2026-06-21 17:35:00,2026-06-21 17:37:00,,2026-06-21 17:38:00,2026-06-21 17:56:00,2026-06-21 17:40:00,2026-06-21 17:56:00,2026-06-21 17:54:00,2.0,1.0,2026-06-21 17:49:00,2026-06-21 18:00:00,,0.0,2026-06-21 17:45:00,2026-06-21 17:50:00,2026-06-21 17:58:00,2026-06-21 18:00:00,,,"Аганин А. А., Давлатов Б. Ч.",flydubai,Выдача до 30 минут
2026-06-21,ЯМ 624 ,73Г,САНКТ-ПЕТЕРБУРГ(ПУЛКОВО),6,Y(А06),17:31,360,2026-06-21 17:38:00,2026-06-21 17:41:00,,2026-06-21 17:43:00,2026-06-21 17:47:00,2026-06-21 17:43:00,2026-06-21 17:47:00,2026-06-21 17:44:00,3.0,2.0,2026-06-21 17:51:00,2026-06-21 17:52:00,,0.0,2026-06-21 17:48:00,2026-06-21 17:51:00,,,,,Саидов А. С.,Алроса,Выдача до 30 минут
2026-06-21,ДР 210 ,7С8,САНКТ-ПЕТЕРБУРГ(ПУЛКОВО),46,Y(А05),17:33,275,2026-06-21 17:38:00,2026-06-21 17:58:00,17.0,2026-06-21 17:41:00,2026-06-21 17:42:00,2026-06-21 17:41:00,2026-06-21 17:42:00,2026-06-21 17:44:00,,,2026-06-21 17:49:00,2026-06-21 17:50:00,,0.0,2026-06-21 17:45:00,2026-06-21 17:50:00,,,,,Чеканов В. А.,Победа,Выдача до 30 минут
2026-06-21,ДР 856 ,73Х,ГЮМРИ(ШИРАК),49,Y(А13),17:55,1428,2026-06-21 18:03:00,2026-06-21 18:05:00,,2026-06-21 18:10:00,2026-06-21 18:20:00,2026-06-21 18:10:00,2026-06-21 18:20:00,2026-06-21 18:17:00,3.0,,2026-06-21 18:22:00,2026-06-21 18:29:00,,0.0,2026-06-21 18:18:00,2026-06-21 18:21:00,2026-06-21 18:27:00,2026-06-21 18:30:00,,,Острых В. А.,Победа,Выдача до 30 минут
2026-06-21,ДР 964 ,7С8,ДАЛАМАН,47,Y(А12),18:10,1577,2026-06-21 18:17:00,2026-06-21 18:20:00,,2026-06-21 18:20:00,2026-06-21 18:31:00,2026-06-21 18:20:00,2026-06-21 18:31:00,2026-06-21 18:32:00,,,2026-06-21 18:32:00,2026-06-21 18:42:00,,0.0,2026-06-21 18:26:00,2026-06-21 18:31:00,,,,,Королёв Е. А.,Победа,Выдача до 30 минут
2026-06-21,ФВ 6177 ,СУ9,САНКТ-ПЕТЕРБУРГ(ПУЛКОВО),10,Y(А04),18:13,95,2026-06-21 18:22:00,2026-06-21 18:23:00,,2026-06-21 18:25:00,2026-06-21 18:26:00,2026-06-21 18:25:00,2026-06-21 18:26:00,2026-06-21 18:27:00,,,2026-06-21 18:28:00,2026-06-21 18:29:00,,0.0,2026-06-21 18:27:00,2026-06-21 18:28:00,,,,,Науну М.,Россия,Выдача до 30 минут
2026-06-21,TK 415 ,333,СТАМБУЛ(СТАМБУЛ НЬЮ),22,Y(А10),18:20,4638,2026-06-21 18:29:00,2026-06-21 18:33:00,1.0,2026-06-21 18:30:00,2026-06-21 18:50:00,2026-06-21 18:31:00,2026-06-21 18:50:00,2026-06-21 19:04:00,,,2026-06-21 18:43:00,2026-06-21 18:49:00,,0.0,2026-06-21 18:32:00,2026-06-21 18:50:00,2026-06-21 18:49:00,2026-06-21 18:54:00,,,"Баташан В. Ю., Михайлов М. С.",Turkish Airlines,Выдача до 30 минут
2026-06-21,ЮТ 744 ,734,ГЯНДЖА,19,Y(А11),18:24,1134,2026-06-21 18:30:00,2026-06-21 18:37:00,4.0,2026-06-21 18:33:00,2026-06-21 18:41:00,2026-06-21 18:33:00,2026-06-21 18:41:00,2026-06-21 18:42:00,,,2026-06-21 18:48:00,2026-06-21 18:50:00,,0.0,2026-06-21 18:43:00,2026-06-21 18:48:00,,,,,Фартушный А. И.,Ютэйр,Выдача до 30 минут
2026-06-21,ЮТ 464 ,73Х,ТЮМЕНЬ(РОЩИНО),17,Y(А07),18:28,746,2026-06-21 18:37:00,2026-06-21 18:37:00,,2026-06-21 18:38:00,2026-06-21 18:49:00,2026-06-21 18:38:00,2026-06-21 18:49:00,2026-06-21 18:46:00,3.0,6.0,2026-06-21 18:56:00,2026-06-21 18:57:00,,0.0,2026-06-21 18:51:00,2026-06-21 18:56:00,,,,,Прохачев И. А.,Ютэйр,Выдача до 30 минут
2026-06-21,ЮТ 802 ,73Х,ДУШАНБЕ(ДУШАНБЕ ИНТЛ.),11,Y(А09),18:32,2174,2026-06-21 18:40:00,2026-06-21 18:45:00,2.0,2026-06-21 18:43:00,2026-06-21 19:02:00,2026-06-21 18:43:00,2026-06-21 19:02:00,2026-06-21 18:58:00,4.0,5.0,2026-06-21 18:54:00,2026-06-21 19:09:00,,0.0,2026-06-21 18:52:00,2026-06-21 18:55:00,,,,,Саидов А. С.,Ютэйр,Выдача до 30 минут
2026-06-21,ЮТ 400 ,73Х,ГРОЗНЫЙ(СЕВЕРНЫЙ),21,Y(А05),18:34,627,2026-06-21 18:39:00,2026-06-21 18:42:00,,2026-06-21 18:43:00,2026-06-21 18:48:00,2026-06-21 18:43:00,2026-06-21 18:48:00,2026-06-21 18:47:00,1.0,1.0,2026-06-21 18:55:00,2026-06-21 18:56:00,,0.0,2026-06-21 18:50:00,2026-06-21 18:55:00,,,,,Смирнов Н. В.,Ютэйр,Выдача до 30 минут
2026-06-21,В2 985 ,Е95,ГОМЕЛЬ,29,Y(А13),18:38,318,2026-06-21 18:44:00,2026-06-21 18:45:00,,2026-06-21 18:48:00,2026-06-21 18:54:00,2026-06-21 18:48:00,2026-06-21 18:54:00,2026-06-21 18:50:00,4.0,4.0,2026-06-21 19:02:00,2026-06-21 19:04:00,,0.0,2026-06-21 18:59:00,2026-06-21 19:02:00,,,,,Королев А. А.,Белавиа,Выдача до 30 минут
2026-06-21,ЮТ 398 ,734,ГЕЛЕНДЖИК,14,Y(А06),18:41,1124,2026-06-21 18:47:00,2026-06-21 18:47:00,,2026-06-21 18:50:00,2026-06-21 19:01:00,2026-06-21 18:50:00,2026-06-21 19:01:00,2026-06-21 18:58:00,3.0,4.0,2026-06-21 19:13:00,2026-06-21 19:14:00,6.0,0.0,2026-06-21 19:09:00,2026-06-21 19:16:00,,,,,Рустамов М. А.,Ютэйр,Выдача до 30 минут
2026-06-21,ДР 738 ,73Х,СТАМБУЛ(СТАМБУЛ НЬЮ),48,Y(А12),18:47,1298,2026-06-21 18:53:00,2026-06-21 18:55:00,,2026-06-21 18:57:00,2026-06-21 19:05:00,2026-06-21 18:57:00,2026-06-21 19:05:00,2026-06-21 19:06:00,,,2026-06-21 19:18:00,2026-06-21 19:21:00,,0.0,,,2026-06-21 19:12:00,2026-06-21 19:18:00,,,Аганин А. А.,Победа,Выдача до 30 минут
2026-06-21,AZO 7054 ,СУ9,БАТУМИ,58,Y(А11),18:51,781,2026-06-21 19:02:00,2026-06-21 19:05:00,,2026-06-21 19:05:00,2026-06-21 19:15:00,2026-06-21 19:05:00,2026-06-21 19:15:00,2026-06-21 19:11:00,4.0,5.0,2026-06-21 19:22:00,2026-06-21 19:25:00,,0.0,2026-06-21 19:16:00,2026-06-21 19:23:00,,,,,Острых В. А.,GEORGIAN AIRWAYS,Выдача до 30 минут
2026-06-21,УР 512 ,75В,БОДРУМ(МИЛАС),18,Y(А13),18:57,999,2026-06-21 19:05:00,2026-06-21 19:08:00,,2026-06-21 19:07:00,2026-06-21 19:13:00,2026-06-21 19:07:00,2026-06-21 19:13:00,2026-06-21 19:16:00,,,2026-06-21 19:25:00,2026-06-21 19:30:00,,0.0,2026-06-21 19:23:00,2026-06-21 19:27:00,,,,,Фартушный А. И.,FLYONE Armenia,Выдача до 30 минут
2026-06-21,ЮТ 810 ,73Х,САМАРКАНД(САМАРКАНД ИНТЛ.),8,Y(А11),18:59,962,2026-06-21 19:07:00,2026-06-21 19:09:00,,2026-06-21 19:12:00,2026-06-21 19:17:00,2026-06-21 19:12:00,2026-06-21 19:17:00,2026-06-21 19:17:00,,,2026-06-21 19:26:00,2026-06-21 19:29:00,,0.0,2026-06-21 19:21:00,2026-06-21 19:24:00,,,,,Чеканов В. А.,Ютэйр,Выдача до 30 минут
2026-06-21,PBD 840 ,73Х,АНТАЛЬЯ,46,Y(А10),19:35,1824,2026-06-21 19:43:00,2026-06-21 19:44:00,,2026-06-21 19:45:00,2026-06-21 19:56:00,2026-06-21 19:45:00,2026-06-21 19:56:00,2026-06-21 19:59:00,,,2026-06-21 19:54:00,2026-06-21 20:06:00,,0.0,2026-06-21 19:49:00,2026-06-21 19:54:00,2026-06-21 20:00:00,2026-06-21 20:05:00,,,"Фартушный А. И., Шодманов А. А.",Победа,Выдача до 30 минут
2026-06-21,ФВ 6179 ,СУ9,САНКТ-ПЕТЕРБУРГ(ПУЛКОВО),9,Y(А04),19:42,218,2026-06-21 19:54:00,2026-06-21 19:54:00,,2026-06-21 19:56:00,2026-06-21 19:59:00,2026-06-21 19:56:00,2026-06-21 19:59:00,2026-06-21 19:59:00,,2.0,2026-06-21 20:03:00,2026-06-21 20:04:00,,0.0,2026-06-21 20:01:00,2026-06-21 20:03:00,,,,,Поляков К. Н.,Россия,Выдача до 30 минут
2026-06-21,ГЗП 9642 ,СУ9,БОВАНЕНКОВО,Б37,Y(А06),19:45,614,2026-06-21 19:53:00,2026-06-21 19:53:00,,2026-06-21 19:55:00,2026-06-21 20:04:00,2026-06-21 19:55:00,2026-06-21 20:04:00,2026-06-21 20:01:00,3.0,5.0,2026-06-21 20:22:00,2026-06-21 20:23:00,,0.0,2026-06-21 20:05:00,2026-06-21 20:22:00,,,,,Саидов А. С.,Газпром авиа,Выдача до 30 минут
2026-06-21,ВГ 2390 ,ЯК4,ВОЛОГДА,45,Y(А04),19:49,57,2026-06-21 19:56:00,2026-06-21 19:56:00,,2026-06-21 19:58:00,2026-06-21 19:59:00,2026-06-21 19:58:00,2026-06-21 19:59:00,2026-06-21 20:00:00,,1.0,,-1,,0.0,,,,,,,Коваленко О. И.,Вологодское АП,Некорректно проставлены отметки
2026-06-21,ЮТ 296 ,73Х,СУРГУТ,13,Y(А05),20:06,584,2026-06-21 20:16:00,2026-06-21 20:18:00,,2026-06-21 20:18:00,2026-06-21 20:24:00,2026-06-21 20:18:00,2026-06-21 20:24:00,2026-06-21 20:24:00,,2.0,2026-06-21 20:30:00,2026-06-21 20:33:00,,0.0,2026-06-21 20:29:00,2026-06-21 20:30:00,,,,,Кутейников А. В.,Ютэйр,Выдача до 30 минут
2026-06-21,ХИ 613 ,763,ТАШКЕНТ(ТАШКЕНТ ИНТЛ.),23,Y(А09),20:12,3409,2026-06-21 20:28:00,2026-06-21 20:29:00,,2026-06-21 20:30:00,2026-06-21 20:38:00,2026-06-21 20:31:00,2026-06-21 20:38:00,2026-06-21 20:55:00,,,2026-06-21 20:40:00,2026-06-21 20:46:00,,0.0,2026-06-21 20:36:00,2026-06-21 20:40:00,2026-06-21 20:34:00,2026-06-21 20:50:00,,,"Виноградов А. А., Ушаков М. В.",UZBEKISTAN AIRWAYS,Выдача до 30 минут
2026-06-21,ДР 158 ,73Х,КРАСНОДАР(ПАШКОВСКИЙ),48,Y(А07),20:15,596,2026-06-21 20:24:00,2026-06-21 20:26:00,,2026-06-21 20:27:00,2026-06-21 20:32:00,2026-06-21 20:27:00,2026-06-21 20:32:00,2026-06-21 20:32:00,,1.0,2026-06-21 20:42:00,2026-06-21 20:44:00,,0.0,2026-06-21 20:35:00,2026-06-21 20:41:00,,,,,Корнилов Н. А.,Победа,Выдача до 30 минут
2026-06-21,ХИ 9619 ,32Н,НАМАНГАН,24,Y(А10),20:21,1650,2026-06-21 20:35:00,2026-06-21 20:37:00,,2026-06-21 20:38:00,2026-06-21 20:51:00,2026-06-21 20:38:00,2026-06-21 20:51:00,2026-06-21 20:50:00,1.0,2.0,2026-06-21 20:46:00,2026-06-21 20:56:00,,0.0,2026-06-21 20:42:00,2026-06-21 20:46:00,2026-06-21 20:53:00,2026-06-21 20:56:00,,,Аганин А. А.,UZBEKISTAN AIRWAYS,Выдача до 30 минут
2026-06-21,ЮТ 276 ,73Х,СОЧИ,12,Y(А06),20:30,706,2026-06-21 20:44:00,2026-06-21 20:44:00,,2026-06-21 20:48:00,2026-06-21 20:54:00,2026-06-21 20:48:00,2026-06-21 20:54:00,2026-06-21 20:53:00,1.0,1.0,2026-06-21 20:59:00,2026-06-21 21:02:00,,0.0,2026-06-21 20:56:00,2026-06-21 20:59:00,,,,,Шодманов А. А.,Ютэйр,Выдача до 30 минут
2026-06-21,DV 815 ,7М8,АЛМАТЫ(АЛМАТЫ ИНТЛ.),20,Y(А13),20:33,1406,2026-06-21 20:44:00,2026-06-21 20:46:00,,2026-06-21 20:46:00,2026-06-21 20:57:00,2026-06-21 20:47:00,2026-06-21 20:57:00,2026-06-21 20:57:00,,1.0,2026-06-21 21:01:00,2026-06-21 21:13:00,,0.0,2026-06-21 20:54:00,2026-06-21 21:00:00,2026-06-21 21:07:00,2026-06-21 21:12:00,,,"Фаёзов А. Р., Шамсов Б. С.",SCAT Airlines,Выдача до 30 минут
2026-06-21,NE 646 ,320,ШАРМ ЭЛЬ ШЕЙХ(ШАРМ ЭЛЬ ШЕЙХ ИНТЛ.),26,Y(А12),20:36,1537,2026-06-21 20:48:00,2026-06-21 20:49:00,,2026-06-21 20:51:00,2026-06-21 21:01:00,2026-06-21 20:51:00,2026-06-21 21:01:00,2026-06-21 21:02:00,,,2026-06-21 20:58:00,2026-06-21 21:05:00,,0.0,2026-06-21 20:55:00,2026-06-21 20:59:00,2026-06-21 21:02:00,2026-06-21 21:06:00,,,Баташан В. Ю.,Nesma Airlines,Выдача до 30 минут
2026-06-21,ДР 994 ,7С8,СТАМБУЛ(СТАМБУЛ НЬЮ),50,Y(А11),20:39,1453,2026-06-21 20:51:00,2026-06-21 20:53:00,,2026-06-21 20:54:00,2026-06-21 21:04:00,2026-06-21 20:54:00,2026-06-21 21:04:00,2026-06-21 21:05:00,,,2026-06-21 21:07:00,2026-06-21 21:20:00,,0.0,2026-06-21 21:01:00,2026-06-21 21:07:00,2026-06-21 21:16:00,2026-06-21 21:21:00,,,Минченко А. И.,Победа,Выдача до 30 минут
2026-06-21,ФВ 6181 ,СУ9,САНКТ-ПЕТЕРБУРГ(ПУЛКОВО),10,Y(А04),20:44,68,2026-06-21 20:57:00,2026-06-21 20:58:00,,2026-06-21 21:01:00,2026-06-21 21:02:00,2026-06-21 21:01:00,2026-06-21 21:02:00,2026-06-21 21:01:00,1.0,1.0,2026-06-21 21:06:00,2026-06-21 21:07:00,,0.0,2026-06-21 21:04:00,2026-06-21 21:08:00,,,,,Королев А. А.,Россия,Выдача до 30 минут
2026-06-21,ЮВ 301 ,ЦР2,БУГУЛЬМА,44,Y(А05),21:07,288,2026-06-21 21:14:00,2026-06-21 21:14:00,,2026-06-21 21:15:00,2026-06-21 21:19:00,2026-06-21 21:15:00,2026-06-21 21:19:00,2026-06-21 21:20:00,,2.0,2026-06-21 21:30:00,2026-06-21 21:31:00,,0.0,2026-06-21 21:20:00,2026-06-21 21:29:00,,,,,Саидов А. С.,ЮВТ АЭРО,Выдача до 30 минут
2026-06-21,ДР 206 ,73Х,САНКТ-ПЕТЕРБУРГ(ПУЛКОВО),49,Y(А04),21:12,208,2026-06-21 21:22:00,2026-06-21 21:23:00,,2026-06-21 21:25:00,2026-06-21 21:26:00,2026-06-21 21:25:00,2026-06-21 21:26:00,2026-06-21 21:27:00,,,2026-06-21 21:32:00,2026-06-21 21:33:00,,0.0,2026-06-21 21:27:00,2026-06-21 21:32:00,,,,,Соболь М. Ф.,Победа,Выдача до 30 минут
2026-06-21,ФВ 6183 ,СУ9,САНКТ-ПЕТЕРБУРГ(ПУЛКОВО),9,Y(А04),21:15,125,2026-06-21 21:31:00,2026-06-21 21:30:00,-1.0,2026-06-21 21:32:00,2026-06-21 21:34:00,2026-06-21 21:32:00,2026-06-21 21:34:00,2026-06-21 21:36:00,,1.0,2026-06-21 21:36:00,2026-06-21 21:37:00,,0.0,2026-06-21 21:34:00,2026-06-21 21:38:00,,,,,Скулов Е. С.,Россия,Выдача до 30 минут
2026-06-21,ДР 768 ,7С8,МИНСК(МИНСК ИНТЛ.),47,Y(А13),21:18,302,2026-06-21 21:27:00,2026-06-21 21:29:00,,2026-06-21 21:30:00,2026-06-21 21:32:00,2026-06-21 21:30:00,2026-06-21 21:32:00,2026-06-21 21:33:00,,,2026-06-21 21:45:00,2026-06-21 21:46:00,,0.0,2026-06-21 21:37:00,2026-06-21 21:44:00,,,,,Федоров Н. В.,Победа,Выдача до 30 минут
2026-06-21,ЮТ 784 ,73Х,АНТАЛЬЯ,11,Y(А10),21:23,2273,2026-06-21 21:36:00,2026-06-21 21:37:00,,2026-06-21 21:39:00,2026-06-21 21:57:00,2026-06-21 21:39:00,2026-06-21 21:57:00,2026-06-21 21:55:00,2.0,3.0,2026-06-21 21:57:00,2026-06-21 22:50:00,,44.0,2026-06-21 21:46:00,2026-06-21 21:51:00,2026-06-21 21:59:00,2026-06-21 22:02:00,,,Кутейников А. В.,Ютэйр,Выдача более 40 минут
2026-06-21,J2 803 ,76В,БАКУ(ИМ. ГЕЙДАРА АЛИЕВА),22,Y(А12),21:34,1702,2026-06-21 21:48:00,2026-06-21 21:51:00,,2026-06-21 21:52:00,2026-06-21 21:59:00,2026-06-21 21:52:00,2026-06-21 21:59:00,2026-06-21 22:03:00,,,2026-06-21 22:10:00,2026-06-21 22:11:00,2.0,0.0,2026-06-21 22:01:00,2026-06-21 22:10:00,,,,,Поляков К. Н.,AZAL,Выдача до 30 минут
2026-06-21,ФВ 6169 ,СУ9,САНКТ-ПЕТЕРБУРГ(ПУЛКОВО),10,Y(А04),22:17,55,2026-06-21 22:27:00,2026-06-21 22:28:00,,2026-06-21 22:30:00,2026-06-21 22:32:00,2026-06-21 22:30:00,2026-06-21 22:32:00,2026-06-21 22:31:00,1.0,2.0,2026-06-21 22:34:00,2026-06-21 22:35:00,,0.0,2026-06-21 22:33:00,2026-06-21 22:34:00,,,,,Королев А. А.,Россия,Выдача до 30 минут
2026-06-21,DV 813 ,738,АСТАНА(НУРСУЛТАН НАЗАРБАЕВ),20,Y(А13),22:26,853,2026-06-21 22:35:00,2026-06-21 22:37:00,,2026-06-21 22:43:00,2026-06-21 22:54:00,2026-06-21 22:43:00,2026-06-21 22:54:00,2026-06-21 22:45:00,9.0,5.0,2026-06-21 23:02:00,2026-06-21 23:03:00,7.0,0.0,2026-06-21 22:56:00,2026-06-21 23:02:00,,,,,Корнилов Н. А.,SCAT Airlines,Выдача до 30 минут
2026-06-21,ЮТ 374 ,73Х,МИНЕРАЛЬНЫЕ ВОДЫ,15,Y(А06),22:30,1066,2026-06-21 22:38:00,2026-06-21 22:38:00,,2026-06-21 22:40:00,2026-06-21 22:47:00,2026-06-21 22:40:00,2026-06-21 22:47:00,2026-06-21 22:49:00,,,2026-06-21 22:53:00,2026-06-21 22:54:00,,0.0,2026-06-21 22:48:00,2026-06-21 22:54:00,,,,,Ушаков М. В.,Ютэйр,Выдача до 30 минут
2026-06-21,ФВ 6185 ,СУ9,САНКТ-ПЕТЕРБУРГ(ПУЛКОВО),8,Y(А04),22:35,151,2026-06-21 22:42:00,2026-06-21 22:43:00,,2026-06-21 22:47:00,2026-06-21 22:50:00,2026-06-21 22:47:00,2026-06-21 22:50:00,2026-06-21 22:47:00,3.0,2.0,2026-06-21 22:52:00,2026-06-21 22:53:00,,0.0,2026-06-21 22:49:00,2026-06-21 22:51:00,,,,,Королев А. А.,Россия,Выдача до 30 минут
2026-06-21,А4 7036 ,СУ9,ПСКОВ(КРЕСТЫ),45,Y(А05),22:40,285,2026-06-21 22:50:00,2026-06-21 22:51:00,,2026-06-21 22:54:00,2026-06-21 22:57:00,2026-06-21 22:54:00,2026-06-21 22:57:00,2026-06-21 22:56:00,1.0,1.0,2026-06-21 23:03:00,2026-06-21 23:04:00,,0.0,2026-06-21 22:57:00,2026-06-21 23:04:00,,,,,Фартушный А. И.,Азимут,Выдача до 30 минут
2026-06-21,BJ 814 ,320,МОНАСТИР(ХАБИБ БУРДЖИБА ИНТ),25,Y(А09),22:47,2316,2026-06-21 22:57:00,2026-06-21 22:59:00,,2026-06-21 23:01:00,2026-06-21 23:12:00,2026-06-21 23:01:00,2026-06-21 23:12:00,2026-06-21 23:16:00,,,2026-06-21 23:10:00,2026-06-21 23:19:00,,0.0,2026-06-21 23:06:00,2026-06-21 23:10:00,2026-06-21 23:15:00,2026-06-21 23:19:00,,,"Давлатов Б. Ч., Михайлов М. С.",Nouvelair Tunisie,Выдача до 30 минут
2026-06-21,PC 1580 ,32Н,АНТАЛЬЯ,27,Y(А10),22:56,2338,2026-06-21 23:07:00,2026-06-21 23:08:00,,2026-06-21 23:11:00,2026-06-21 23:28:00,2026-06-21 23:11:00,2026-06-21 23:28:00,2026-06-21 23:27:00,1.0,1.0,2026-06-21 23:22:00,2026-06-21 23:33:00,,0.0,2026-06-21 23:19:00,2026-06-21 23:22:00,2026-06-21 23:28:00,2026-06-21 23:31:00,,,Чеканов В. А.,Pegasus,Выдача до 30 минут
2026-06-21,ДР 190 ,7С8,МАХАЧКАЛА,51,Y(А07),23:00,600,2026-06-21 23:08:00,2026-06-21 23:09:00,,2026-06-21 23:12:00,2026-06-21 23:15:00,2026-06-21 23:12:00,2026-06-21 23:15:00,2026-06-21 23:16:00,,,2026-06-21 23:25:00,2026-06-21 23:26:00,,0.0,2026-06-21 23:20:00,2026-06-21 23:25:00,,,,,Шодманов А. А.,Победа,Выдача до 30 минут
2026-06-21,ДР 194 ,73Х,НАЛЬЧИК,48,Y(А05),23:05,731,2026-06-21 23:12:00,2026-06-21 23:14:00,,2026-06-21 23:15:00,2026-06-21 23:20:00,2026-06-21 23:15:00,2026-06-21 23:20:00,2026-06-21 23:21:00,,,2026-06-21 23:27:00,2026-06-21 23:29:00,,0.0,2026-06-21 23:21:00,2026-06-21 23:27:00,,,,,Ушаков М. В.,Победа,Выдача до 30 минут
2026-06-21,ДР 968 ,73Х,МИНСК(МИНСК ИНТЛ.),46,Y(А13),23:10,294,2026-06-21 23:17:00,2026-06-21 23:19:00,,2026-06-21 23:24:00,2026-06-21 23:26:00,2026-06-21 23:24:00,2026-06-21 23:26:00,2026-06-21 23:23:00,3.0,,2026-06-21 23:33:00,2026-06-21 23:34:00,,0.0,2026-06-21 23:28:00,2026-06-21 23:33:00,,,,,Фартушный А. И.,Победа,Выдача до 30 минут
2026-06-21,ХИ 605 ,320,САМАРКАНД(САМАРКАНД ИНТЛ.),26,Y(А11),23:15,913,2026-06-21 23:27:00,2026-06-21 23:29:00,,2026-06-21 23:31:00,2026-06-21 23:35:00,2026-06-21 23:31:00,2026-06-21 23:35:00,2026-06-21 23:37:00,,,2026-06-21 23:41:00,2026-06-21 23:42:00,,0.0,2026-06-21 23:37:00,2026-06-21 23:41:00,,,,,Фаёзов А. Р.,UZBEKISTAN AIRWAYS,Выдача до 30 минут
2026-06-21,ФВ 6187 ,СУ9,САНКТ-ПЕТЕРБУРГ(ПУЛКОВО),9,Y(А04),23:18,98,2026-06-21 23:29:00,2026-06-21 23:30:00,,2026-06-21 23:32:00,2026-06-21 23:33:00,2026-06-21 23:32:00,2026-06-21 23:33:00,2026-06-21 23:34:00,,,2026-06-21 23:36:00,2026-06-21 23:37:00,,0.0,2026-06-21 23:34:00,2026-06-21 23:51:00,,,,,Шамсов Б. С.,Россия,Выдача до 30 минут
2026-06-21,TK 411 ,333,СТАМБУЛ(СТАМБУЛ НЬЮ),23,Y(А09),23:23,5089,2026-06-21 23:37:00,2026-06-21 23:39:00,,2026-06-21 23:39:00,2026-06-21 23:56:00,2026-06-21 23:39:00,2026-06-21 23:56:00,2026-06-22 00:15:00,,,2026-06-21 23:49:00,2026-06-22 00:01:00,,0.0,2026-06-21 23:39:00,2026-06-21 23:56:00,2026-06-21 23:06:00,2026-06-21 23:56:00,2026-06-21 23:39:00,2026-06-22 01:36:00,"Виноградов А. А., Коваленко О. И.",Turkish Airlines,Выдача до 30 минут
2026-06-21,PBD 736 ,73Х,ГАЗИПАША,50,Y(А12),23:31,1360,2026-06-21 23:39:00,2026-06-21 23:40:00,,2026-06-21 23:41:00,2026-06-21 23:51:00,2026-06-21 23:41:00,2026-06-21 23:51:00,2026-06-21 23:52:00,,1.0,2026-06-22 00:05:00,2026-06-22 00:10:00,,1.0,2026-06-21 23:48:00,2026-06-21 23:53:00,2026-06-21 23:57:00,2026-06-22 00:03:00,,,Баташан В. Ю.,Победа,Выдача от 30 до 40 минут
2026-06-21,ДР 264 ,73Х,КАЛИНИНГРАД(ХРАБРОВО),44,Y(А05),23:57,519,2026-06-22 00:09:00,2026-06-22 00:09:00,,2026-06-22 00:11:00,2026-06-22 00:14:00,2026-06-22 00:11:00,2026-06-22 00:14:00,2026-06-22 00:16:00,,,2026-06-22 00:21:00,2026-06-22 00:25:00,,0.0,2026-06-22 00:16:00,2026-06-22 00:22:00,,,,,Соболь М. Ф.,Победа,Выдача до 30 минут
2026-06-22,TK 211 ,321,АНТАЛЬЯ,30,Y(А10),00:04,2130,2026-06-22 00:18:00,2026-06-22 00:22:00,1.0,2026-06-22 00:23:00,2026-06-22 00:32:00,2026-06-22 00:23:00,2026-06-22 00:32:00,2026-06-22 00:36:00,,,2026-06-22 00:30:00,2026-06-22 00:38:00,,0.0,2026-06-21 23:57:00,2026-06-22 00:38:00,,,,,Скулов Е. С.,Turkish Airlines,Некорректно проставлены отметки
2026-06-22,J2 809 ,320,БАКУ(ИМ. ГЕЙДАРА АЛИЕВА),31,Y(А13),00:11,2553,2026-06-22 00:23:00,2026-06-22 00:26:00,,2026-06-22 00:26:00,2026-06-22 00:41:00,2026-06-22 00:31:00,2026-06-22 00:41:00,2026-06-22 00:44:00,,,2026-06-22 00:36:00,2026-06-22 00:47:00,,0.0,2026-06-22 00:31:00,2026-06-22 00:35:00,2026-06-22 00:42:00,2026-06-22 00:47:00,,,"Соболь М. Ф., Шодманов А. А.",AZAL,Некорректно проставлены отметки
2026-06-22,TK 3060 ,321,АНТАЛЬЯ,18,Y(А10),00:15,2256,2026-06-22 00:24:00,2026-06-22 00:27:00,,2026-06-22 00:27:00,2026-06-22 00:45:00,2026-06-22 00:27:00,2026-06-22 00:45:00,2026-06-22 00:43:00,2.0,3.0,2026-06-22 00:52:00,2026-06-22 00:56:00,8.0,2.0,2026-06-22 00:15:00,2026-06-22 01:01:00,,,,,Фартушный А. И.,Turkish Airlines,Некорректно проставлены отметки
2026-06-22,PC 1576 ,32Щ,АНТАЛЬЯ,36,Y(А09),00:20,2712,2026-06-22 00:31:00,2026-06-22 00:34:00,,2026-06-22 00:34:00,2026-06-22 00:49:00,2026-06-22 00:35:00,2026-06-22 00:49:00,2026-06-22 00:53:00,,,2026-06-22 00:48:00,2026-06-22 00:57:00,,0.0,2026-06-22 00:40:00,2026-06-22 00:48:00,2026-06-22 00:52:00,2026-06-22 00:57:00,,,"Саидов А. С., Шамсов Б. С.",Pegasus,Некорректно проставлены отметки
2026-06-22,TK 409 ,32Б,СТАМБУЛ(СТАМБУЛ НЬЮ),29,Y(А09),00:22,3351,2026-06-22 00:37:00,2026-06-22 00:40:00,,2026-06-22 00:39:00,2026-06-22 00:56:00,2026-06-22 00:39:00,2026-06-22 00:56:00,2026-06-22 01:03:00,,,2026-06-22 00:44:00,2026-06-22 00:59:00,,0.0,2026-06-22 00:16:00,2026-06-22 00:44:00,2026-06-22 00:44:00,2026-06-22 01:00:00,,,Михайлов М. С.,Turkish Airlines,Некорректно проставлены отметки
2026-06-22,ФВ 6189 ,СУ9,САНКТ-ПЕТЕРБУРГ(ПУЛКОВО),8,Y(А04),00:27,63,2026-06-22 00:37:00,2026-06-22 00:39:00,,2026-06-22 00:39:00,2026-06-22 00:41:00,2026-06-22 00:39:00,2026-06-22 00:41:00,2026-06-22 00:41:00,,2.0,2026-06-22 00:44:00,2026-06-22 00:45:00,,0.0,2026-06-22 00:40:00,2026-06-22 00:44:00,,,,,Аганин А. А.,Россия,Некорректно проставлены отметки
2026-06-22,AZO 7008 ,СУ9,ТБИЛИСИ(ТБИЛИСИ ИНТЛ.),28,Y(А11),00:30,1170,2026-06-22 00:43:00,2026-06-22 00:44:00,,2026-06-22 00:47:00,2026-06-22 00:59:00,2026-06-22 00:47:00,2026-06-22 00:59:00,2026-06-22 00:55:00,4.0,4.0,2026-06-22 01:05:00,2026-06-22 01:09:00,2.0,0.0,2026-06-22 00:43:00,2026-06-22 01:04:00,,,,,Баташан В. Ю.,GEORGIAN AIRWAYS,Некорректно проставлены отметки
2026-06-22,TK 3178 ,321,ДАЛАМАН,24,Y(А10),00:33,2479,2026-06-22 00:49:00,2026-06-22 00:49:00,,2026-06-22 00:51:00,2026-06-22 01:02:00,2026-06-22 00:51:00,2026-06-22 01:02:00,2026-06-22 01:10:00,,,2026-06-22 01:00:00,2026-06-22 01:10:00,,0.0,2026-06-22 00:30:00,2026-06-22 01:01:00,2026-06-22 00:57:00,2026-06-22 01:12:00,,,Корнилов Н. А.,Turkish Airlines,Некорректно проставлены отметки
2026-06-22,TK 217 ,32Б,АНТАЛЬЯ,25,Y(А09),00:38,2243,2026-06-22 00:50:00,2026-06-22 00:51:00,,2026-06-22 00:53:00,2026-06-22 01:12:00,2026-06-22 00:53:00,2026-06-22 01:12:00,2026-06-22 01:09:00,3.0,4.0,2026-06-22 01:07:00,2026-06-22 01:19:00,,0.0,2026-06-22 00:43:00,2026-06-22 01:19:00,,,,,Чеканов В. А.,Turkish Airlines,Некорректно проставлены отметки
2026-06-22,TK 3002 ,321,АНТАЛЬЯ,21,Y(А12),00:43,2546,2026-06-22 00:54:00,2026-06-22 00:54:00,,2026-06-22 00:57:00,2026-06-22 01:08:00,2026-06-22 00:57:00,2026-06-22 01:08:00,2026-06-22 01:15:00,,,2026-06-22 01:12:00,2026-06-22 01:18:00,,0.0,2026-06-22 00:40:00,2026-06-22 01:11:00,2026-06-22 00:48:00,2026-06-22 01:19:00,,,Федоров Н. В.,Turkish Airlines,Некорректно проставлены отметки
2026-06-22,TK 3084 ,321,ДАЛАМАН,20,Y(А09),00:47,2271,2026-06-22 00:59:00,2026-06-22 01:01:00,,2026-06-22 01:03:00,2026-06-22 01:19:00,2026-06-22 01:03:00,2026-06-22 01:19:00,2026-06-22 01:18:00,1.0,1.0,2026-06-22 01:15:00,2026-06-22 01:27:00,,0.0,2026-06-22 01:21:00,2026-06-22 01:27:00,,,,,Кутейников А. В.,Turkish Airlines,Некорректно проставлены отметки
2026-06-22,ДР 422 ,73Х,САМАРА(КУРУМОЧ),49,Y(А04),00:52,252,2026-06-22 01:00:00,2026-06-22 01:02:00,,2026-06-22 01:03:00,2026-06-22 01:05:00,2026-06-22 01:03:00,2026-06-22 01:05:00,2026-06-22 01:06:00,,,2026-06-22 01:16:00,2026-06-22 01:17:00,,0.0,2026-06-22 01:09:00,2026-06-22 01:16:00,,,,,Ушаков М. В.,Победа,Некорректно проставлены отметки
2026-06-22,TK 3014 ,321,АНТАЛЬЯ,19,Y(А13),00:57,2633,2026-06-22 01:06:00,2026-06-22 01:08:00,,2026-06-22 01:09:00,2026-06-22 01:20:00,2026-06-22 01:09:00,2026-06-22 01:20:00,2026-06-22 01:28:00,,,2026-06-22 01:25:00,2026-06-22 01:29:00,,0.0,2026-06-22 01:01:00,2026-06-22 01:29:00,2026-06-22 01:14:00,2026-06-22 01:25:00,,,Минченко А. И.,Turkish Airlines,Некорректно проставлены отметки
2026-06-22,ДР 168 ,7С8,МИНЕРАЛЬНЫЕ ВОДЫ,47,Y(А06),01:01,703,2026-06-22 01:12:00,2026-06-22 01:13:00,,2026-06-22 01:13:00,2026-06-22 01:18:00,2026-06-22 01:13:00,2026-06-22 01:18:00,2026-06-22 01:21:00,,,2026-06-22 01:25:00,2026-06-22 01:28:00,,0.0,2026-06-22 01:20:00,2026-06-22 01:25:00,,,,,Аганин А. А.,Победа,Некорректно проставлены отметки
2026-06-22,VF 275 ,73Х,СТАМБУЛ(САБИХА ГОКЦЕН),37,Y(А11),01:04,2194,2026-06-22 01:15:00,2026-06-22 01:15:00,,2026-06-22 01:17:00,2026-06-22 01:37:00,2026-06-22 01:17:00,2026-06-22 01:37:00,2026-06-22 01:34:00,3.0,5.0,2026-06-22 01:30:00,2026-06-22 01:44:00,,0.0,2026-06-22 01:24:00,2026-06-22 01:30:00,2026-06-22 01:38:00,2026-06-22 01:45:00,,,Поляков К. Н.,AJET,Некорректно проставлены отметки
2026-06-22,TK 421 ,333,СТАМБУЛ(СТАМБУЛ НЬЮ),22,Y(А10),01:07,4406,2026-06-22 01:22:00,2026-06-22 01:27:00,2.0,2026-06-22 01:25:00,2026-06-22 01:42:00,2026-06-22 01:34:00,2026-06-22 01:42:00,2026-06-22 01:55:00,,,2026-06-22 01:39:00,2026-06-22 01:44:00,,0.0,2026-06-22 01:34:00,2026-06-22 01:42:00,2026-06-22 01:20:00,2026-06-22 01:47:00,,,"Баташан В. Ю., Ушаков М. В.",Turkish Airlines,Некорректно проставлены отметки
2026-06-22,ХИ 9627A,32Н,ФЕРГАНА(ФЕРГАНА ИНТЛ.),27,Y(А12),01:11,2155,2026-06-22 01:24:00,2026-06-22 01:27:00,,2026-06-22 01:27:00,2026-06-22 01:42:00,2026-06-22 01:27:00,2026-06-22 01:42:00,2026-06-22 01:42:00,,1.0,2026-06-22 01:36:00,2026-06-22 01:50:00,,0.0,2026-06-22 01:32:00,2026-06-22 01:36:00,2026-06-22 01:45:00,2026-06-22 01:51:00,,,Королев А. А.,UZBEKISTAN AIRWAYS,Некорректно проставлены отметки
2026-06-22,ДР 198 ,73Х,ВЛАДИКАВКАЗ(БЕСЛАН),43,Y(А07),01:13,663,2026-06-22 01:20:00,2026-06-22 01:23:00,,2026-06-22 01:22:00,2026-06-22 01:26:00,2026-06-22 01:22:00,2026-06-22 01:26:00,2026-06-22 01:28:00,,,2026-06-22 01:34:00,2026-06-22 01:35:00,,0.0,2026-06-22 01:29:00,2026-06-22 01:33:00,,,,,Соболь М. Ф.,Победа,Некорректно проставлены отметки
2026-06-22,ДР 486 ,7С8,УЛЬЯНОВСК(БАРАТАЕВКА),16,Y(А05),01:18,123,2026-06-22 01:27:00,2026-06-22 01:28:00,,2026-06-22 01:30:00,2026-06-22 01:31:00,2026-06-22 01:30:00,2026-06-22 01:31:00,2026-06-22 01:32:00,,,2026-06-22 01:36:00,2026-06-22 01:38:00,,0.0,2026-06-22 01:32:00,2026-06-22 01:36:00,,,,,Коваленко О. И.,Победа,Некорректно проставлены отметки
2026-06-22,PC 1521 ,32Н,ИЗМИР(АДНАН МЕНДЕРЕС),36,Y(А10),01:24,2150,2026-06-22 01:34:00,2026-06-22 01:41:00,4.0,2026-06-22 01:39:00,2026-06-22 01:57:00,2026-06-22 01:39:00,2026-06-22 01:57:00,2026-06-22 01:52:00,5.0,4.0,2026-06-22 01:57:00,2026-06-22 02:09:00,,5.0,2026-06-22 01:48:00,2026-06-22 01:56:00,2026-06-22 02:02:00,2026-06-22 02:08:00,,,"Саидов А. С., Шамсов Б. С.",Pegasus,Некорректно проставлены отметки
2026-06-22,TK 3036 ,321,АНТАЛЬЯ,23,Y(А09),01:29,2897,2026-06-22 01:39:00,2026-06-22 01:40:00,,2026-06-22 01:42:00,2026-06-22 01:55:00,2026-06-22 01:42:00,2026-06-22 01:55:00,2026-06-22 02:02:00,,,2026-06-22 01:57:00,2026-06-22 02:02:00,,0.0,2026-06-22 01:57:00,2026-06-22 01:58:00,2026-06-22 01:34:00,2026-06-22 02:02:00,,,Фаёзов А. Р.,Turkish Airlines,Некорректно проставлены отметки
2026-06-22,ЮТ 358 ,73Х,САМАРА(КУРУМОЧ),13,Y(А05),01:33,262,2026-06-22 01:43:00,2026-06-22 01:44:00,,2026-06-22 01:47:00,2026-06-22 01:50:00,2026-06-22 01:47:00,2026-06-22 01:50:00,2026-06-22 01:49:00,1.0,1.0,2026-06-22 01:52:00,2026-06-22 01:54:00,,0.0,2026-06-22 01:50:00,2026-06-22 01:52:00,,,,,Скулов Е. С.,Ютэйр,Некорректно проставлены отметки
2026-06-22,ЖГ 932 ,73Й,ТБИЛИСИ(ТБИЛИСИ ИНТЛ.),30,Y(А09),01:37,1936,2026-06-22 01:47:00,2026-06-22 01:50:00,,2026-06-22 01:58:00,2026-06-22 02:09:00,2026-06-22 01:58:00,2026-06-22 02:09:00,2026-06-22 02:04:00,5.0,,2026-06-22 02:05:00,2026-06-22 02:13:00,,0.0,2026-06-22 02:02:00,2026-06-22 02:05:00,2026-06-22 02:10:00,2026-06-22 02:12:00,,,Соболь М. Ф.,GEORGIAN AIRWAYS,Некорректно проставлены отметки
2026-06-22,TK 3154 ,321,БОДРУМ(МИЛАС),26,Y(А10),01:42,2173,2026-06-22 01:55:00,2026-06-22 01:56:00,,2026-06-22 01:58:00,2026-06-22 02:10:00,2026-06-22 01:58:00,2026-06-22 02:10:00,2026-06-22 02:13:00,,,2026-06-22 02:08:00,2026-06-22 02:15:00,,0.0,2026-06-22 02:04:00,2026-06-22 02:15:00,,,,,Аганин А. А.,Turkish Airlines,Некорректно проставлены отметки
2026-06-22,ФВ 6161 ,СУ9,САНКТ-ПЕТЕРБУРГ(ПУЛКОВО),9,Y(А04),01:46,124,2026-06-22 01:56:00,2026-06-22 01:57:00,,2026-06-22 01:58:00,2026-06-22 02:01:00,2026-06-22 01:58:00,2026-06-22 02:01:00,2026-06-22 02:01:00,,2.0,2026-06-22 02:02:00,2026-06-22 02:04:00,,0.0,2026-06-22 02:00:00,2026-06-22 02:04:00,,,,,Шодманов А. А.,Россия,Некорректно проставлены отметки
2026-06-22,ДР 476 ,73Х,САРАТОВ(ГАГАРИН),50,Y(А05),01:51,151,-1,,,2026-06-22 02:03:00,2026-06-22 02:04:00,2026-06-22 02:03:00,2026-06-22 02:04:00,,,,2026-06-22 02:11:00,2026-06-22 02:12:00,,0.0,2026-06-22 02:06:00,2026-06-22 02:10:00,,,,,Федоров Н. В.,Победа,Некорректно проставлены отметки
2026-06-22,3F 323 ,320,ЕРЕВАН(ЗВАРТНОЦ ИНТЛ),31,Y(А13),01:56,1236,2026-06-22 02:18:00,2026-06-22 02:20:00,,2026-06-22 02:22:00,2026-06-22 02:31:00,2026-06-22 02:22:00,2026-06-22 02:31:00,2026-06-22 02:30:00,1.0,1.0,2026-06-22 02:33:00,2026-06-22 02:41:00,,0.0,2026-06-22 02:28:00,2026-06-22 02:32:00,2026-06-22 02:36:00,2026-06-22 02:41:00,,,Баташан В. Ю.,FLYONE Armenia,Некорректно проставлены отметки
2026-06-22,NE 644 ,320,ШАРМ ЭЛЬ ШЕЙХ(ШАРМ ЭЛЬ ШЕЙХ ИНТЛ.),25,Y(А10),02:00,1633,2026-06-22 02:12:00,2026-06-22 02:15:00,,2026-06-22 02:15:00,2026-06-22 02:30:00,2026-06-22 02:15:00,2026-06-22 02:30:00,2026-06-22 02:27:00,3.0,4.0,2026-06-22 02:25:00,2026-06-22 02:35:00,,0.0,2026-06-22 02:22:00,2026-06-22 02:25:00,2026-06-22 02:32:00,2026-06-22 02:36:00,,,Шодманов А. А.,Nesma Airlines,Некорректно проставлены отметки
2026-06-22,NE 610 ,320,ХУРГАДА(ХУРГАДА ИНТЛ.),21,Y(А11),02:21,1828,2026-06-22 02:37:00,2026-06-22 02:35:00,-2.0,2026-06-22 02:38:00,2026-06-22 02:58:00,2026-06-22 02:38:00,2026-06-22 02:58:00,2026-06-22 02:53:00,5.0,8.0,2026-06-22 02:52:00,2026-06-22 03:05:00,,0.0,2026-06-22 02:35:00,2026-06-22 02:52:00,2026-06-22 03:00:00,2026-06-22 03:06:00,,,Кутейников А. В.,Nesma Airlines,Некорректно проставлены отметки
2026-06-22,FZ 987 ,7М8,ДУБАЙ(ДУБАЙ ИНТЛ.),29,Y(А12),02:25,1709,2026-06-22 02:39:00,2026-06-22 02:41:00,,2026-06-22 02:41:00,2026-06-22 02:54:00,2026-06-22 02:42:00,2026-06-22 02:54:00,2026-06-22 02:54:00,,1.0,2026-06-22 02:54:00,2026-06-22 02:55:00,,0.0,2026-06-22 02:50:00,2026-06-22 02:53:00,2026-06-22 02:55:00,2026-06-22 02:58:00,,,"Минченко А. И., Соболь М. Ф.",flydubai,Некорректно проставлены отметки
2026-06-22,PC 386 ,32Щ,СТАМБУЛ(САБИХА ГОКЦЕН),20,Y(А09),02:43,2784,2026-06-22 02:53:00,2026-06-22 02:54:00,,2026-06-22 02:55:00,2026-06-22 03:08:00,2026-06-22 02:56:00,2026-06-22 03:08:00,2026-06-22 03:16:00,,,2026-06-22 03:08:00,2026-06-22 03:17:00,,0.0,2026-06-22 03:03:00,2026-06-22 03:08:00,2026-06-22 03:12:00,2026-06-22 03:17:00,,,"Поляков К. Н., Фаёзов А. Р.",Pegasus,Некорректно проставлены отметки
2026-06-22,СДМ 6074 ,СУ9,ПЕРМЬ(БОЛЬШОЕ САВИНО),51,Y(А04),03:12,258,2026-06-22 03:31:00,2026-06-22 03:38:00,4.0,2026-06-22 03:50:00,2026-06-22 03:53:00,2026-06-22 03:50:00,2026-06-22 03:53:00,2026-06-22 03:37:00,16.0,1.0,2026-06-22 03:59:00,2026-06-22 04:00:00,,0.0,2026-06-22 03:53:00,2026-06-22 03:58:00,,,,,Федоров Н. В.,Россия,Некорректно проставлены отметки
2026-06-22,TK 3122 ,321,БОДРУМ(МИЛАС),24,Y(А10),03:18,2189,2026-06-22 03:31:00,2026-06-22 03:33:00,,2026-06-22 03:36:00,2026-06-22 03:43:00,2026-06-22 03:36:00,2026-06-22 03:43:00,2026-06-22 03:50:00,,,2026-06-22 03:45:00,2026-06-22 03:48:00,,0.0,2026-06-22 03:44:00,2026-06-22 03:48:00,,,,,Скулов Е. С.,Turkish Airlines,Некорректно проставлены отметки
2026-06-22,AFL 425 ,738,ХУРГАДА(ХУРГАДА ИНТЛ.),60,Y(А12),03:27,798,2026-06-22 03:45:00,2026-06-22 03:47:00,,2026-06-22 04:05:00,2026-06-22 04:25:00,2026-06-22 04:05:00,2026-06-22 04:25:00,2026-06-22 03:54:00,31.0,15.0,2026-06-22 04:33:00,2026-06-22 04:35:00,18.0,20.0,2026-06-22 04:27:00,2026-06-22 04:33:00,,,,,Шамсов Б. С.,Аэрофлот,Некорректно проставлены отметки
2026-06-22,7Q 1777 ,320,ТАШКЕНТ(ТАШКЕНТ ИНТЛ.),26,Y(А12),06:22,1581,2026-06-22 06:33:00,2026-06-22 06:33:00,,2026-06-22 06:36:00,2026-06-22 06:48:00,2026-06-22 06:36:00,2026-06-22 06:48:00,2026-06-22 06:48:00,,1.0,2026-06-22 06:44:00,2026-06-22 06:52:00,,0.0,2026-06-22 06:41:00,2026-06-22 06:44:00,2026-06-22 06:48:00,2026-06-22 06:51:00,,,Кутейников А. В.,Asia Union Airlines,Некорректно проставлены отметки
2026-06-22,PC 1456 ,32Щ,БОДРУМ(МИЛАС),19,Y(А09),06:31,2100,2026-06-22 06:44:00,2026-06-22 06:45:00,,2026-06-22 06:47:00,2026-06-22 07:05:00,2026-06-22 06:47:00,2026-06-22 07:05:00,2026-06-22 07:02:00,3.0,4.0,2026-06-22 07:04:00,2026-06-22 07:14:00,,0.0,2026-06-22 06:57:00,2026-06-22 07:04:00,2026-06-22 07:08:00,2026-06-22 07:12:00,,,Соболь М. Ф.,Pegasus,Некорректно проставлены отметки
2026-06-22,TK 407 ,333,СТАМБУЛ(СТАМБУЛ НЬЮ),22,Y(А10),06:37,4192,2026-06-22 06:52:00,2026-06-22 06:56:00,1.0,2026-06-22 06:54:00,2026-06-22 07:08:00,2026-06-22 06:54:00,2026-06-22 07:08:00,2026-06-22 07:24:00,,,2026-06-22 07:04:00,2026-06-22 07:14:00,,0.0,2026-06-22 06:54:00,2026-06-22 07:08:00,2026-06-22 07:07:00,2026-06-22 07:15:00,,,"Минченко А. И., Скулов Е. С.",Turkish Airlines,Некорректно проставлены отметки
2026-06-22,TK 419 ,333,СТАМБУЛ(СТАМБУЛ НЬЮ),23,Y(А09),06:47,3309,2026-06-22 06:59:00,2026-06-22 07:01:00,,2026-06-22 07:03:00,2026-06-22 07:15:00,2026-06-22 07:03:00,2026-06-22 07:15:00,2026-06-22 07:25:00,,,2026-06-22 07:10:00,2026-06-22 07:24:00,,0.0,2026-06-22 07:03:00,2026-06-22 07:15:00,2026-06-22 07:14:00,2026-06-22 07:25:00,,,"Андреев А. М., Поляков К. Н.",Turkish Airlines,Некорректно проставлены отметки
2026-06-22,ДР 408 ,7С8,ЕКАТЕРИНБУРГ(КОЛЬЦОВО),62,Y(А05),06:57,417,2026-06-22 07:04:00,2026-06-22 07:07:00,,2026-06-22 07:07:00,2026-06-22 07:09:00,2026-06-22 07:07:00,2026-06-22 07:09:00,2026-06-22 07:11:00,,,2026-06-22 07:20:00,2026-06-22 07:23:00,,0.0,2026-06-22 07:13:00,2026-06-22 07:20:00,,,,,Шамсов Б. С.,Победа,Некорректно проставлены отметки
2026-06-22,ХИ 9607 ,32Н,БУХАРА(БУХАРА ИНТЛ.),24,Y(А09),07:11,1662,2026-06-22 07:23:00,2026-06-22 07:23:00,,2026-06-22 07:25:00,2026-06-22 07:41:00,2026-06-22 07:25:00,2026-06-22 07:41:00,2026-06-22 07:38:00,3.0,5.0,2026-06-22 07:34:00,2026-06-22 07:44:00,,0.0,2026-06-22 07:31:00,2026-06-22 07:34:00,,,,,Коляскин А. Г.,UZBEKISTAN AIRWAYS,Некорректно проставлены отметки
2026-06-22,4S 337 ,7С8,ШАРМ ЭЛЬ ШЕЙХ(ШАРМ ЭЛЬ ШЕЙХ ИНТЛ.),21,Y(А11),07:17,1939,2026-06-22 07:29:00,2026-06-22 07:30:00,,2026-06-22 07:31:00,2026-06-22 07:44:00,2026-06-22 07:31:00,2026-06-22 07:44:00,2026-06-22 07:46:00,,,2026-06-22 07:41:00,2026-06-22 07:52:00,,0.0,2026-06-22 07:36:00,2026-06-22 07:41:00,,,,,Фанин Н. О.,Red Sea,Некорректно проставлены отметки
2026-06-22,ХИ 9813 ,32Н,ТАШКЕНТ(ТАШКЕНТ ИНТЛ.),27,Y(А10),07:21,1605,2026-06-22 07:32:00,2026-06-22 07:35:00,,2026-06-22 07:34:00,2026-06-22 07:49:00,2026-06-22 07:34:00,2026-06-22 07:49:00,2026-06-22 07:47:00,2.0,4.0,2026-06-22 07:47:00,2026-06-22 07:55:00,,0.0,2026-06-22 07:31:00,2026-06-22 07:48:00,2026-06-22 07:51:00,2026-06-22 07:54:00,,,Ушаков Г. А.,UZBEKISTAN AIRWAYS,Некорректно проставлены отметки
2026-06-22,VF 277 ,73Х,СТАМБУЛ(САБИХА ГОКЦЕН),30,Y(А09),07:24,1949,2026-06-22 07:34:00,2026-06-22 07:37:00,,2026-06-22 07:37:00,2026-06-22 07:51:00,2026-06-22 07:37:00,2026-06-22 07:51:00,2026-06-22 07:51:00,,1.0,2026-06-22 07:52:00,2026-06-22 07:57:00,,0.0,2026-06-22 07:53:00,2026-06-22 07:56:00,2026-06-22 07:49:00,2026-06-22 07:52:00,,,Михайлов М. С.,AJET,Некорректно проставлены отметки
2026-06-22,ЮВ 301 ,ЦР2,БУГУЛЬМА,45,Y(А04),07:28,163,2026-06-22 07:34:00,2026-06-22 07:34:00,,2026-06-22 07:35:00,2026-06-22 07:37:00,2026-06-22 07:35:00,2026-06-22 07:37:00,2026-06-22 07:39:00,,1.0,2026-06-22 07:46:00,2026-06-22 07:47:00,,0.0,2026-06-22 07:38:00,2026-06-22 07:46:00,,,,,Иванов В. А.,ЮВТ АЭРО,Некорректно проставлены отметки
2026-06-22,ДР 116B,7С8,СОЧИ,49,Y(А06),07:32,938,2026-06-22 07:40:00,2026-06-22 07:40:00,,2026-06-22 07:44:00,2026-06-22 07:51:00,2026-06-22 07:44:00,2026-06-22 07:51:00,2026-06-22 07:50:00,1.0,1.0,2026-06-22 07:58:00,2026-06-22 08:00:00,,0.0,2026-06-22 07:52:00,2026-06-22 08:00:00,,,,,Барабанов А. М.,Победа,Некорректно проставлены отметки
2026-06-22,ДР 744 ,73Х,ОШ,48,Y(А13),07:36,492,2026-06-22 07:43:00,2026-06-22 07:43:00,,2026-06-22 07:45:00,2026-06-22 07:49:00,2026-06-22 07:46:00,2026-06-22 07:49:00,2026-06-22 07:50:00,,,2026-06-22 08:00:00,2026-06-22 08:02:00,,0.0,2026-06-22 07:50:00,2026-06-22 07:58:00,,,,,"Бородин А. В., Екимов С. С.",Победа,Некорректно проставлены отметки
2026-06-22,ДР 436 ,73Х,УФА,50,Y(А05),07:40,284,2026-06-22 07:51:00,2026-06-22 07:51:00,,2026-06-22 07:53:00,2026-06-22 07:56:00,2026-06-22 07:53:00,2026-06-22 07:56:00,2026-06-22 07:57:00,,1.0,2026-06-22 08:03:00,2026-06-22 08:04:00,,0.0,2026-06-22 07:58:00,2026-06-22 08:03:00,,,,,Вазиров Т. В.,Победа,Некорректно проставлены отметки
2026-06-22,VF 587 ,73Х,АНКАРА(ЕСЕНБОГА),20,Y(А10),07:44,2304,2026-06-22 07:55:00,2026-06-22 07:57:00,,2026-06-22 07:58:00,2026-06-22 08:15:00,2026-06-22 07:58:00,2026-06-22 08:15:00,2026-06-22 08:14:00,1.0,2.0,2026-06-22 08:07:00,2026-06-22 08:23:00,,0.0,2026-06-22 08:18:00,2026-06-22 08:22:00,2026-06-22 08:02:00,2026-06-22 08:07:00,,,Семиченков С. А.,AJET,Некорректно проставлены отметки
2026-06-22,В2 981 ,Е95,МИНСК(МИНСК ИНТЛ.),29,Y(А13),07:49,163,2026-06-22 07:56:00,2026-06-22 07:57:00,,2026-06-22 07:59:00,2026-06-22 08:02:00,2026-06-22 07:59:00,2026-06-22 08:02:00,2026-06-22 08:01:00,1.0,2.0,2026-06-22 08:05:00,2026-06-22 08:06:00,,0.0,2026-06-22 08:03:00,2026-06-22 08:07:00,,,,,Ушаков П. А.,Белавиа,Некорректно проставлены отметки
2026-06-22,3F 321 ,320,ЕРЕВАН(ЗВАРТНОЦ ИНТЛ),18,Y(А13),07:54,1021,2026-06-22 08:00:00,2026-06-22 08:02:00,,2026-06-22 08:04:00,2026-06-22 08:13:00,2026-06-22 08:04:00,2026-06-22 08:13:00,2026-06-22 08:11:00,2.0,2.0,2026-06-22 08:17:00,2026-06-22 08:18:00,,0.0,2026-06-22 08:12:00,2026-06-22 08:16:00,,,,,Коляскин А. Г.,FLYONE Armenia,Некорректно проставлены отметки
2026-06-22,ЮТ 572 ,73Х,КРАСНОЯРСК,13,Y(А06),08:08,842,2026-06-22 08:16:00,2026-06-22 08:22:00,3.0,2026-06-22 08:26:00,2026-06-22 08:35:00,2026-06-22 08:26:00,2026-06-22 08:35:00,2026-06-22 08:26:00,9.0,3.0,2026-06-22 08:41:00,2026-06-22 08:44:00,5.0,0.0,2026-06-22 08:37:00,2026-06-22 08:41:00,,,,,Рустамов М. А.,Ютэйр,Некорректно проставлены отметки
2026-06-22,NE 600 ,320,ХУРГАДА(ХУРГАДА ИНТЛ.),25,Y(А10),08:13,1828,2026-06-22 08:22:00,2026-06-22 08:23:00,,2026-06-22 08:25:00,2026-06-22 08:35:00,2026-06-22 08:27:00,2026-06-22 08:35:00,2026-06-22 08:38:00,,,2026-06-22 08:35:00,2026-06-22 08:47:00,,0.0,2026-06-22 08:30:00,2026-06-22 08:35:00,2026-06-22 08:43:00,2026-06-22 08:46:00,,,"Андреев А. М., Ушаков П. А.",Nesma Airlines,Некорректно проставлены отметки
2026-06-22,DV 809 ,738,АЛМАТЫ(АЛМАТЫ ИНТЛ.),22,Y(А13),08:17,1263,2026-06-22 08:26:00,2026-06-22 08:27:00,,2026-06-22 08:27:00,2026-06-22 08:37:00,2026-06-22 08:27:00,2026-06-22 08:37:00,2026-06-22 08:38:00,,2.0,2026-06-22 08:40:00,2026-06-22 08:42:00,,0.0,2026-06-22 08:34:00,2026-06-22 08:38:00,2026-06-22 08:37:00,2026-06-22 08:42:00,,,"Королёв Е. А., Тихонов С. М.",SCAT Airlines,Некорректно проставлены отметки
2026-06-22,NE 618 ,320,ХУРГАДА(ХУРГАДА ИНТЛ.),26,Y(А12),08:19,1627,2026-06-22 08:31:00,2026-06-22 08:34:00,,2026-06-22 08:34:00,2026-06-22 08:49:00,2026-06-22 08:34:00,2026-06-22 08:49:00,2026-06-22 08:46:00,3.0,4.0,2026-06-22 08:44:00,2026-06-22 08:59:00,,0.0,2026-06-22 08:40:00,2026-06-22 08:44:00,2026-06-22 08:55:00,2026-06-22 08:58:00,,,Кейта А. С.,Nesma Airlines,Некорректно проставлены отметки
2026-06-22,PC 390D,320,САНКТ-ПЕТЕРБУРГ(ПУЛКОВО),19,Y(А09),08:22,1986,2026-06-22 08:35:00,2026-06-22 08:36:00,,2026-06-22 08:38:00,2026-06-22 08:54:00,2026-06-22 08:38:00,2026-06-22 08:54:00,2026-06-22 08:52:00,2.0,3.0,2026-06-22 08:49:00,2026-06-22 09:00:00,,0.0,2026-06-22 08:55:00,2026-06-22 08:59:00,2026-06-22 08:58:00,2026-06-22 08:59:00,,,Коляскин А. Г.,Pegasus,Некорректно проставлены отметки
2026-06-22,ДР 434 ,7С8,ПЕРМЬ(БОЛЬШОЕ САВИНО),47,Y(А05),08:26,447,2026-06-22 08:31:00,2026-06-22 08:34:00,,2026-06-22 08:35:00,2026-06-22 08:38:00,2026-06-22 08:35:00,2026-06-22 08:38:00,2026-06-22 08:38:00,,,2026-06-22 08:44:00,2026-06-22 08:46:00,,0.0,2026-06-22 08:39:00,2026-06-22 08:44:00,,,,,Барабанов А. М.,Победа,Некорректно проставлены отметки
2026-06-22,ФВ 6051 ,СУ9,САНКТ-ПЕТЕРБУРГ(ПУЛКОВО),9,Y(А04),08:28,73,2026-06-22 08:40:00,2026-06-22 08:41:00,,2026-06-22 08:43:00,2026-06-22 08:44:00,2026-06-22 08:43:00,2026-06-22 08:44:00,2026-06-22 08:44:00,,1.0,2026-06-22 08:48:00,2026-06-22 08:49:00,,0.0,2026-06-22 08:46:00,2026-06-22 08:49:00,,,,,Чеканов В. А.,Россия,Некорректно проставлены отметки
2026-06-22,ЯК 473 ,73В,ЯКУТСК,14,Y(А07),08:32,726,2026-06-22 08:39:00,2026-06-22 08:41:00,,2026-06-22 08:43:00,2026-06-22 08:56:00,2026-06-22 08:43:00,2026-06-22 08:56:00,2026-06-22 08:46:00,10.0,10.0,2026-06-22 09:04:00,2026-06-22 09:05:00,5.0,0.0,2026-06-22 08:57:00,2026-06-22 09:02:00,,,,,Иванов В. А.,Якутия,Некорректно проставлены отметки
2026-06-22,ЮТ 786 ,73Х,ЕРЕВАН(ЗВАРТНОЦ ИНТЛ),16,Y(А13),08:35,1303,2026-06-22 08:44:00,2026-06-22 08:46:00,,2026-06-22 08:47:00,2026-06-22 09:21:00,2026-06-22 08:48:00,2026-06-22 09:21:00,2026-06-22 08:57:00,24.0,24.0,2026-06-22 08:59:00,2026-06-22 09:12:00,,0.0,2026-06-22 08:53:00,2026-06-22 08:59:00,2026-06-22 09:21:00,2026-06-22 09:27:00,,,"Бородин А. В., Вазиров Т. В.",Ютэйр,Некорректно проставлены отметки
2026-06-22,А4 7020 ,СУ9,САНКТ-ПЕТЕРБУРГ(ПУЛКОВО),46,Y(А04),08:40,56,2026-06-22 08:47:00,2026-06-22 08:49:00,,2026-06-22 08:54:00,2026-06-22 08:55:00,2026-06-22 08:54:00,2026-06-22 08:55:00,2026-06-22 08:51:00,4.0,1.0,2026-06-22 09:09:00,2026-06-22 09:10:00,,0.0,2026-06-22 09:04:00,2026-06-22 09:10:00,,,,,Екимов С. С.,Азимут,Некорректно проставлены отметки
2026-06-22,А4 7062 ,СУ9,МАГНИТОГОРСК,44,Y(А08),08:55,309,2026-06-22 09:05:00,2026-06-22 09:05:00,,2026-06-22 09:07:00,2026-06-22 09:11:00,2026-06-22 09:07:00,2026-06-22 09:11:00,2026-06-22 09:11:00,,2.0,2026-06-22 09:16:00,2026-06-22 09:17:00,,0.0,2026-06-22 09:11:00,2026-06-22 09:16:00,,,,,Рустамов М. А.,Азимут,Некорректно проставлены отметки
2026-06-22,ЯМ 597 ,73Х,МИРНЫЙ,4,Y(А06),09:12,1353,2026-06-22 09:23:00,2026-06-22 09:27:00,1.0,2026-06-22 09:29:00,2026-06-22 09:38:00,2026-06-22 09:29:00,2026-06-22 09:38:00,2026-06-22 09:36:00,2.0,,2026-06-22 09:38:00,2026-06-22 09:45:00,,0.0,2026-06-22 09:41:00,2026-06-22 09:44:00,2026-06-22 09:34:00,2026-06-22 09:38:00,,,Тихонов С. М.,Алроса,Некорректно проставлены отметки
2026-06-22,ВГ 2390 ,ЯК4,ВОЛОГДА,45,0,09:19,100,2026-06-22 09:27:00,2026-06-22 09:27:00,,2026-06-22 09:27:00,2026-06-22 09:34:00,2026-06-22 09:27:00,2026-06-22 09:34:00,2026-06-22 09:32:00,2.0,6.0,,-1,,0.0,,,,,,,Барабанов А. М.,Вологодское АП,Не определено
2026-06-22,ФВ 6003 ,СУ9,САНКТ-ПЕТЕРБУРГ(ПУЛКОВО),8,Y(А04),09:23,123,2026-06-22 09:38:00,2026-06-22 09:39:00,,2026-06-22 09:40:00,2026-06-22 09:42:00,2026-06-22 09:40:00,2026-06-22 09:42:00,2026-06-22 09:43:00,,1.0,2026-06-22 09:46:00,2026-06-22 09:47:00,,0.0,2026-06-22 09:44:00,2026-06-22 09:45:00,,,,,Чеканов В. А.,Россия,Некорректно проставлены отметки
2026-06-22,КГ 555 ,320,ОШ,29,Y(А13),09:26,2970,2026-06-22 09:41:00,2026-06-22 09:41:00,,2026-06-22 09:48:00,2026-06-22 10:05:00,2026-06-22 09:48:00,2026-06-22 10:05:00,2026-06-22 10:05:00,,,2026-06-22 09:57:00,2026-06-22 10:09:00,,0.0,2026-06-22 09:54:00,2026-06-22 09:58:00,2026-06-22 09:53:00,2026-06-22 10:10:00,,,"Барабанов А. М., Михайлов М. С.",Aero Nomad,Некорректно проставлены отметки
2026-06-22,ЮТ 560 ,73Х,МАХАЧКАЛА,21,Y(А08),09:29,264,2026-06-22 09:36:00,2026-06-22 09:38:00,,2026-06-22 09:39:00,2026-06-22 09:40:00,2026-06-22 09:39:00,2026-06-22 09:40:00,2026-06-22 09:42:00,,,2026-06-22 09:48:00,2026-06-22 09:49:00,,0.0,2026-06-22 09:42:00,2026-06-22 09:47:00,,,,,Фанин Н. О.,Ютэйр,Некорректно проставлены отметки
2026-06-22,ЮТ 356 ,73Х,ГРОЗНЫЙ(СЕВЕРНЫЙ),11,Y(А07),09:32,222,2026-06-22 09:45:00,2026-06-22 09:46:00,,2026-06-22 09:48:00,2026-06-22 09:49:00,2026-06-22 09:48:00,2026-06-22 09:49:00,2026-06-22 09:50:00,,,2026-06-22 09:53:00,2026-06-22 09:54:00,,0.0,2026-06-22 09:50:00,2026-06-22 09:55:00,,,,,Коляскин А. Г.,Ютэйр,Некорректно проставлены отметки
2026-06-22,ЮТ 454 ,73Х,ТЮМЕНЬ(РОЩИНО),12,Y(А05),09:34,855,2026-06-22 09:46:00,2026-06-22 09:46:00,,2026-06-22 09:49:00,2026-06-22 09:56:00,2026-06-22 09:49:00,2026-06-22 09:56:00,2026-06-22 09:56:00,,1.0,2026-06-22 09:59:00,2026-06-22 10:02:00,,0.0,2026-06-22 09:56:00,2026-06-22 10:00:00,,,,,Семиченков С. А.,Ютэйр,Некорректно проставлены отметки
2026-06-22,ДР 5568 ,73Х,ЧЕЛЯБИНСК(БАЛАНДИНО),50,Y(А07),09:40,465,2026-06-22 09:55:00,2026-06-22 09:56:00,,2026-06-22 09:59:00,2026-06-22 10:04:00,2026-06-22 09:59:00,2026-06-22 10:04:00,2026-06-22 10:02:00,2.0,2.0,2026-06-22 10:10:00,2026-06-22 10:11:00,,0.0,,,,,,,Кейта А. С.,Победа,Некорректно проставлены отметки
2026-06-22,СУ 1055 ,320,МАХАЧКАЛА,33,Y(А06),09:42,728,2026-06-22 09:52:00,2026-06-22 10:28:00,33.0,2026-06-22 10:34:00,2026-06-22 10:41:00,2026-06-22 10:34:00,2026-06-22 10:41:00,2026-06-22 10:01:00,40.0,2.0,,-1,,0.0,2026-06-22 11:04:00,2026-06-22 11:19:00,,,,,Ушаков П. А.,Аэрофлот,Некорректно проставлены отметки
2026-06-22,СУ 1173 ,320,АСТРАХАНЬ(НАРИМАНОВО),34,Y(А06),09:45,981,2026-06-22 09:59:00,2026-06-22 10:21:00,19.0,2026-06-22 11:14:00,2026-06-22 11:31:00,2026-06-22 11:14:00,2026-06-22 11:31:00,2026-06-22 10:10:00,81.0,10.0,,-1,,0.0,2026-06-22 11:37:00,2026-06-22 11:43:00,,,,,Бородин А. В.,Аэрофлот,Некорректно проставлены отметки
2026-06-22,СУ 1421 ,321,ЧЕЛЯБИНСК(БАЛАНДИНО),35,Y(А08),09:54,563,2026-06-22 10:16:00,2026-06-22 12:18:00,119.0,2026-06-22 11:05:00,2026-06-22 11:12:00,2026-06-22 11:05:00,2026-06-22 11:12:00,2026-06-22 10:24:00,48.0,3.0,,-1,,0.0,,,,,,,Чеканов В. А.,Аэрофлот,Некорректно проставлены отметки
2026-06-22,ДР 6542 ,73Х,ЕКАТЕРИНБУРГ(КОЛЬЦОВО),48,Y(А04),09:56,299,2026-06-22 10:09:00,2026-06-22 10:39:00,27.0,2026-06-22 10:43:00,2026-06-22 10:46:00,2026-06-22 10:43:00,2026-06-22 10:46:00,2026-06-22 10:15:00,31.0,1.0,2026-06-22 11:00:00,2026-06-22 11:01:00,21.0,22.0,,,,,,,Королёв Е. А.,Победа,Некорректно проставлены отметки
2026-06-22,СУ 1951 ,320,ШЫМКЕНТ(ШЫМКЕНТ ИНТЛ.),58A,Y(А13),10:01,868,2026-06-22 10:20:00,2026-06-22 10:33:00,10.0,2026-06-22 11:42:00,2026-06-22 11:49:00,2026-06-22 11:42:00,2026-06-22 11:49:00,2026-06-22 10:30:00,79.0,1.0,,-1,,0.0,2026-06-22 11:28:00,2026-06-22 11:56:00,,,,,Тихонов С. М.,Аэрофлот,Некорректно проставлены отметки
2026-06-22,СУ 1569 ,738,ТЮМЕНЬ(РОЩИНО),60A,Y(А07),10:05,801,2026-06-22 10:26:00,2026-06-22 10:36:00,7.0,2026-06-22 10:40:00,2026-06-22 10:46:00,2026-06-22 10:40:00,2026-06-22 10:46:00,2026-06-22 10:35:00,11.0,1.0,,-1,,0.0,2026-06-22 11:00:00,2026-06-22 11:11:00,,,,,Ушаков Г. А.,Аэрофлот,Некорректно проставлены отметки
2026-06-22,ЮТ 364 ,73Х,УФА,25,Y(А05),10:06,580,2026-06-22 10:21:00,2026-06-22 10:23:00,,2026-06-22 10:25:00,2026-06-22 10:30:00,2026-06-22 10:25:00,2026-06-22 10:30:00,2026-06-22 10:29:00,1.0,1.0,2026-06-22 10:33:00,2026-06-22 10:36:00,,0.0,2026-06-22 10:30:00,2026-06-22 10:33:00,,,,,Чеканов В. А.,Ютэйр,Некорректно проставлены отметки
2026-06-22,ЮТ 352 ,73Е,ХАНТЫ-МАНСИЙСК,14,Y(А06),10:08,764,2026-06-22 10:27:00,2026-06-22 10:29:00,,2026-06-22 10:31:00,2026-06-22 10:36:00,2026-06-22 10:31:00,2026-06-22 10:36:00,2026-06-22 10:36:00,,,2026-06-22 10:42:00,2026-06-22 10:49:00,,0.0,2026-06-22 10:38:00,2026-06-22 10:42:00,,,,,Гафуров О. Ф.,Ютэйр,Некорректно проставлены отметки
2026-06-22,ФВ 6013 ,СУ9,САНКТ-ПЕТЕРБУРГ(ПУЛКОВО),9,Y(А04),10:14,77,2026-06-22 10:44:00,2026-06-22 10:52:00,5.0,2026-06-22 10:51:00,2026-06-22 10:53:00,2026-06-22 10:51:00,2026-06-22 10:53:00,2026-06-22 10:49:00,4.0,1.0,2026-06-22 10:55:00,2026-06-22 10:56:00,,0.0,2026-06-22 10:53:00,2026-06-22 10:56:00,,,,,Екимов С. С.,Россия,Некорректно проставлены отметки
2026-06-22,СУ 1511 ,320,СУРГУТ,61A,Y(А05),10:16,815,2026-06-22 10:31:00,2026-06-22 10:55:00,21.0,2026-06-22 10:57:00,2026-06-22 11:04:00,2026-06-22 10:57:00,2026-06-22 11:04:00,2026-06-22 10:40:00,24.0,2.0,,-1,,0.0,2026-06-22 11:14:00,2026-06-22 11:24:00,,,,,Аганин А. А.,Аэрофлот,Некорректно проставлены отметки
2026-06-22,ЮТ 248 ,73Х,СУРГУТ,24,Y(А07),10:18,774,2026-06-22 10:27:00,2026-06-22 10:34:00,4.0,2026-06-22 10:31:00,2026-06-22 10:37:00,2026-06-22 10:31:00,2026-06-22 10:37:00,2026-06-22 10:36:00,1.0,1.0,2026-06-22 10:44:00,2026-06-22 10:49:00,,0.0,2026-06-22 10:40:00,2026-06-22 10:43:00,,,,,Иванов В. А.,Ютэйр,Некорректно проставлены отметки
2026-06-22,DV 801 ,7М8,ШЫМКЕНТ(ШЫМКЕНТ ИНТЛ.),20,Y(А13),10:21,1204,2026-06-22 10:30:00,2026-06-22 10:33:00,,2026-06-22 10:43:00,2026-06-22 10:44:00,2026-06-22 10:43:00,2026-06-22 10:44:00,2026-06-22 10:42:00,2.0,,2026-06-22 10:49:00,2026-06-22 10:50:00,,0.0,2026-06-22 10:45:00,2026-06-22 10:49:00,,,,,Семиченков С. А.,SCAT Airlines,Некорректно проставлены отметки
2026-06-22,СУ 1967 ,321,ЕРЕВАН(ЗВАРТНОЦ ИНТЛ),36,Y(А13),10:23,1445,2026-06-22 10:33:00,2026-06-22 11:02:00,26.0,2026-06-22 11:52:00,2026-06-22 12:02:00,2026-06-22 11:52:00,2026-06-22 12:02:00,2026-06-22 10:47:00,75.0,,2026-06-22 12:09:00,2026-06-22 12:14:00,66.0,71.0,2026-06-22 12:03:00,2026-06-22 12:28:00,,,,,Бородин А. В.,Аэрофлот,Некорректно проставлены отметки
2026-06-22,ДР 6522 ,73Х,ОМСК(ЦЕНТРАЛЬНЫЙ),47,Y(А05),10:25,383,2026-06-22 10:42:00,2026-06-22 16:38:00,353.0,2026-06-22 11:36:00,2026-06-22 11:39:00,2026-06-22 11:36:00,2026-06-22 11:39:00,2026-06-22 10:49:00,50.0,,2026-06-22 11:44:00,2026-06-22 11:46:00,32.0,34.0,2026-06-22 12:36:00,2026-06-22 12:37:00,,,,,Коляскин А. Г.,Победа,Некорректно проставлены отметки
2026-06-22,AZV 3004 ,763,АНТАЛЬЯ,19,Y(А09),10:28,2722,2026-06-22 10:39:00,2026-06-22 10:39:00,,2026-06-22 10:47:00,2026-06-22 11:06:00,2026-06-22 10:47:00,2026-06-22 11:06:00,2026-06-22 11:01:00,5.0,1.0,2026-06-22 10:59:00,2026-06-22 11:07:00,,0.0,2026-06-22 10:47:00,2026-06-22 11:06:00,2026-06-22 11:16:00,2026-06-22 11:24:00,,,Кейта А. С.,АЗУР эйр,Некорректно проставлены отметки
2026-06-22,СУ 1009 ,321,КАЛИНИНГРАД(ХРАБРОВО),32A,Y(А06),10:36,1377,2026-06-22 10:49:00,2026-06-22 11:12:00,20.0,2026-06-22 12:21:00,2026-06-22 12:25:00,2026-06-22 12:21:00,2026-06-22 12:25:00,2026-06-22 11:02:00,83.0,,2026-06-22 10:57:00,2026-06-22 11:03:00,,0.0,2026-06-22 12:06:00,2026-06-22 12:41:00,2026-06-22 12:41:00,2026-06-22 13:31:00,,,Бородин А. В.,Аэрофлот,Некорректно проставлены отметки
2026-06-22,СУ 1481 ,321,КРАСНОЯРСК,62,Y(А08),10:39,608,2026-06-22 10:57:00,2026-06-22 11:09:00,9.0,2026-06-22 12:01:00,2026-06-22 12:53:00,2026-06-22 12:46:00,2026-06-22 12:53:00,2026-06-22 11:05:00,108.0,3.0,2026-06-22 12:18:00,2026-06-22 12:19:00,51.0,52.0,2026-06-22 12:11:00,2026-06-22 12:18:00,,,,,"Рустамов М. А., Фанин Н. О.",Аэрофлот,Некорректно проставлены отметки
2026-06-22,ФВ 6005 ,СУ9,САНКТ-ПЕТЕРБУРГ(ПУЛКОВО),10,Y(А04),10:42,131,2026-06-22 10:55:00,2026-06-22 10:56:00,,2026-06-22 11:00:00,2026-06-22 11:02:00,2026-06-22 11:00:00,2026-06-22 11:02:00,2026-06-22 11:00:00,2.0,1.0,2026-06-22 11:05:00,2026-06-22 11:06:00,,0.0,2026-06-22 11:02:00,2026-06-22 11:05:00,,,,,Барабанов А. М.,Россия,Некорректно проставлены отметки
2026-06-22,ЮТ 446 ,73Е,КОГАЛЫМ,16,Y(А08),10:45,379,2026-06-22 10:56:00,2026-06-22 10:58:00,,2026-06-22 10:59:00,2026-06-22 11:03:00,2026-06-22 10:59:00,2026-06-22 11:03:00,2026-06-22 11:03:00,,1.0,2026-06-22 11:11:00,2026-06-22 11:12:00,,0.0,2026-06-22 11:04:00,2026-06-22 11:11:00,,,,,Кузин К. С.,Ютэйр,Некорректно проставлены отметки
2026-06-22,ЖГ 936 ,73Х,ТБИЛИСИ(ТБИЛИСИ ИНТЛ.),30,Y(А11),11:01,1391,2026-06-22 11:10:00,2026-06-22 11:13:00,,2026-06-22 11:14:00,2026-06-22 11:23:00,2026-06-22 11:14:00,2026-06-22 11:23:00,2026-06-22 11:23:00,,,2026-06-22 11:24:00,2026-06-22 11:28:00,,0.0,2026-06-22 11:20:00,2026-06-22 11:29:00,2026-06-22 11:23:00,2026-06-22 11:28:00,,,Фанин Н. О.,GEORGIAN AIRWAYS,Некорректно проставлены отметки
2026-06-22,J2 807 ,320,БАКУ(ИМ. ГЕЙДАРА АЛИЕВА),26,Y(А12),11:14,1446,2026-06-22 11:25:00,2026-06-22 11:25:00,,2026-06-22 11:29:00,2026-06-22 11:37:00,2026-06-22 11:29:00,2026-06-22 11:37:00,2026-06-22 11:39:00,,,2026-06-22 11:37:00,2026-06-22 11:44:00,,0.0,2026-06-22 11:33:00,2026-06-22 11:37:00,2026-06-22 11:39:00,2026-06-22 11:43:00,,,Кузин К. С.,AZAL,Некорректно проставлены отметки
2026-06-22,ДР 6548 ,7С8,КРАСНОЯРСК,46,Y(А07),11:22,507,2026-06-22 11:39:00,2026-06-22 11:40:00,,2026-06-22 12:14:00,2026-06-22 12:15:00,2026-06-22 12:14:00,2026-06-22 12:15:00,2026-06-22 11:46:00,29.0,,2026-06-22 12:25:00,2026-06-22 12:26:00,16.0,17.0,2026-06-22 12:19:00,2026-06-22 12:25:00,,,,,Тихонов С. М.,Победа,Некорректно проставлены отметки
2026-06-22,TK 413 ,333,СТАМБУЛ(СТАМБУЛ НЬЮ),23,Y(А10),11:35,3370,2026-06-22 11:53:00,2026-06-22 11:55:00,,2026-06-22 11:56:00,2026-06-22 12:12:00,2026-06-22 12:11:00,2026-06-22 12:12:00,2026-06-22 12:19:00,,,2026-06-22 12:08:00,2026-06-22 12:18:00,,0.0,2026-06-22 12:11:00,2026-06-22 12:12:00,2026-06-22 12:15:00,2026-06-22 12:16:00,,,"Гафуров О. Ф., Чеканов В. А.",Turkish Airlines,Некорректно проставлены отметки
2026-06-22,ФВ 6007 ,СУ9,САНКТ-ПЕТЕРБУРГ(ПУЛКОВО),8,Y(А04),11:39,113,2026-06-22 11:51:00,2026-06-22 11:53:00,,2026-06-22 11:54:00,2026-06-22 11:56:00,2026-06-22 11:54:00,2026-06-22 11:56:00,2026-06-22 11:56:00,,1.0,2026-06-22 11:59:00,2026-06-22 12:00:00,,0.0,2026-06-22 11:57:00,2026-06-22 12:00:00,,,,,Семиченков С. А.,Россия,Некорректно проставлены отметки
2026-06-22,А4 7034 ,СУ9,ПСКОВ(КРЕСТЫ),43,Y(А08),11:46,408,2026-06-22 11:59:00,2026-06-22 12:04:00,2.0,2026-06-22 12:05:00,2026-06-22 12:11:00,2026-06-22 12:05:00,2026-06-22 12:11:00,2026-06-22 12:06:00,5.0,3.0,2026-06-22 12:16:00,2026-06-22 12:17:00,,0.0,2026-06-22 12:11:00,2026-06-22 12:16:00,,,,,Екимов С. С.,Азимут,Некорректно проставлены отметки
2026-06-22,TK 1231 ,32Б,АНТАЛЬЯ,22,Y(А09),11:58,1910,2026-06-22 12:11:00,2026-06-22 12:13:00,,2026-06-22 12:15:00,2026-06-22 12:26:00,2026-06-22 12:15:00,2026-06-22 12:26:00,2026-06-22 12:28:00,,,2026-06-22 12:26:00,2026-06-22 12:32:00,,0.0,2026-06-22 12:26:00,2026-06-22 12:31:00,,,,,Барабанов А. М.,Turkish Airlines,Некорректно проставлены отметки
2026-06-22,РГ 193 ,ЦР1,ТАМБОВ,55,0,12:21,83,2026-06-22 12:35:00,,,,,,,2026-06-22 12:39:00,,,2026-06-22 12:35:00,2026-06-22 12:36:00,,0.0,,,,,,,,Руслайн,Не определено
2026-06-22,ФВ 6009 ,СУ9,САНКТ-ПЕТЕРБУРГ(ПУЛКОВО),10,Y(А04),12:27,221,2026-06-22 12:42:00,2026-06-22 12:42:00,,2026-06-22 12:44:00,2026-06-22 12:46:00,2026-06-22 12:44:00,2026-06-22 12:46:00,2026-06-22 12:47:00,,1.0,2026-06-22 12:49:00,2026-06-22 12:50:00,,0.0,2026-06-22 12:47:00,2026-06-22 12:49:00,,,,,Рустамов М. А.,Россия,Некорректно проставлены отметки
2026-06-22,ЮБГ 509 ,738,ЕРЕВАН(ЗВАРТНОЦ ИНТЛ),20,Y(А13),13:31,1550,2026-06-22 13:40:00,2026-06-22 13:43:00,,2026-06-22 14:00:00,2026-06-22 14:14:00,2026-06-22 14:03:00,2026-06-22 14:14:00,2026-06-22 13:54:00,20.0,1.0,2026-06-22 14:05:00,2026-06-22 14:17:00,5.0,7.0,2026-06-22 14:00:00,2026-06-22 14:05:00,,,,,"Кейта А. С., Коляскин А. Г.",Shirak Avia,Некорректно проставлены отметки
2026-06-22,ЯМ 543 ,73Х,НОВОСИБИРСК(ТОЛМАЧЕВО),5,Y(А06),13:35,1099,2026-06-22 13:47:00,2026-06-22 13:49:00,,2026-06-22 13:50:00,2026-06-22 14:04:00,2026-06-22 13:50:00,2026-06-22 14:04:00,2026-06-22 13:58:00,6.0,7.0,2026-06-22 14:07:00,2026-06-22 14:08:00,,0.0,2026-06-22 14:04:00,2026-06-22 14:07:00,,,,,Иванов В. А.,Алроса,Некорректно проставлены отметки
2026-06-22,ФВ 6025 ,СУ9,САНКТ-ПЕТЕРБУРГ(ПУЛКОВО),9,Y(А04),13:43,231,2026-06-22 13:55:00,2026-06-22 13:57:00,,2026-06-22 13:59:00,2026-06-22 14:03:00,2026-06-22 13:59:00,2026-06-22 14:03:00,2026-06-22 14:01:00,2.0,2.0,2026-06-22 14:05:00,2026-06-22 14:06:00,,0.0,2026-06-22 14:04:00,2026-06-22 14:05:00,,,,,Королёв Е. А.,Россия,Некорректно проставлены отметки
2026-06-22,PC 1458D,32Щ,СТАМБУЛ(САБИХА ГОКЦЕН),23,Y(А09),13:52,2934,2026-06-22 14:02:00,2026-06-22 14:02:00,,2026-06-22 14:05:00,2026-06-22 14:23:00,2026-06-22 14:20:00,2026-06-22 14:23:00,2026-06-22 14:26:00,,,2026-06-22 14:14:00,2026-06-22 14:32:00,,0.0,2026-06-22 14:11:00,2026-06-22 14:14:00,,,,,"Рустамов М. А., Семиченков С. А.",Pegasus,Некорректно проставлены отметки
2026-06-22,PC 388 ,32Щ,СТАМБУЛ(САБИХА ГОКЦЕН),24,Y(А09),14:00,2355,2026-06-22 14:11:00,2026-06-22 14:14:00,,2026-06-22 14:16:00,2026-06-22 14:33:00,2026-06-22 14:32:00,2026-06-22 14:33:00,2026-06-22 14:31:00,2.0,,2026-06-22 14:27:00,2026-06-22 14:39:00,,0.0,2026-06-22 14:23:00,2026-06-22 14:26:00,2026-06-22 14:33:00,2026-06-22 14:37:00,,,"Бородин А. В., Коляскин А. Г.",Pegasus,Некорректно проставлены отметки
2026-06-22,TK 417 ,321,СТАМБУЛ(СТАМБУЛ НЬЮ),21,Y(А10),14:03,1990,2026-06-22 14:14:00,2026-06-22 14:17:00,,2026-06-22 14:20:00,2026-06-22 14:30:00,2026-06-22 14:25:00,2026-06-22 14:30:00,2026-06-22 14:31:00,,,2026-06-22 14:29:00,2026-06-22 14:36:00,,0.0,2026-06-22 14:30:00,2026-06-22 14:43:00,,,,,"Кейта А. С., Чеканов В. А.",Turkish Airlines,Некорректно проставлены отметки
2026-06-22,ДР 732 ,73Х,НУКУС,47,Y(А11),14:23,775,2026-06-22 14:31:00,2026-06-22 14:33:00,,2026-06-22 14:34:00,2026-06-22 14:39:00,2026-06-22 14:34:00,2026-06-22 14:39:00,2026-06-22 14:40:00,,,2026-06-22 14:46:00,2026-06-22 14:48:00,,0.0,2026-06-22 14:40:00,2026-06-22 14:45:00,,,,,"Гафуров О. Ф., Кузин К. С.",Победа,Некорректно проставлены отметки
2026-06-22,TK 3026 ,321,БОДРУМ(МИЛАС),23,Y(А12),15:19,793,2026-06-22 15:33:00,2026-06-22 15:34:00,,2026-06-22 15:38:00,2026-06-22 15:40:00,2026-06-22 15:38:00,2026-06-22 15:40:00,2026-06-22 15:42:00,,,2026-06-22 15:46:00,2026-06-22 15:47:00,,0.0,2026-06-22 15:40:00,2026-06-22 15:46:00,,,,,Фанин Н. О.,Turkish Airlines,Некорректно проставлены отметки
2026-06-22,ЖГ 926 ,73Й,ТБИЛИСИ(ТБИЛИСИ ИНТЛ.),30,Y(А09),15:34,1862,2026-06-22 15:44:00,2026-06-22 15:46:00,,2026-06-22 15:57:00,2026-06-22 16:08:00,2026-06-22 15:57:00,2026-06-22 16:08:00,2026-06-22 16:00:00,8.0,,2026-06-22 16:05:00,2026-06-22 16:14:00,1.0,0.0,2026-06-22 16:00:00,2026-06-22 16:04:00,2026-06-22 16:11:00,2026-06-22 16:15:00,,,Кейта А. С.,GEORGIAN AIRWAYS,Некорректно проставлены отметки
2026-06-22,ДР 114 ,7С8,СОЧИ,50,Y(А05),15:58,614,2026-06-22 16:04:00,2026-06-22 16:07:00,,2026-06-22 16:08:00,2026-06-22 16:16:00,2026-06-22 16:08:00,2026-06-22 16:16:00,2026-06-22 16:12:00,4.0,4.0,2026-06-22 16:21:00,2026-06-22 16:23:00,,0.0,2026-06-22 16:16:00,2026-06-22 16:21:00,,,,,Барабанов А. М.,Победа,Некорректно проставлены отметки
2026-06-22,А4 7010 ,СУ9,ТБИЛИСИ(ТБИЛИСИ ИНТЛ.),51A,Y(А11),16:03,845,2026-06-22 16:15:00,2026-06-22 16:20:00,2.0,2026-06-22 16:20:00,2026-06-22 16:36:00,2026-06-22 16:20:00,2026-06-22 16:36:00,2026-06-22 16:25:00,11.0,10.0,2026-06-22 16:43:00,2026-06-22 16:44:00,,0.0,2026-06-22 16:38:00,2026-06-22 16:42:00,,,,,Кузин К. С.,Азимут,Некорректно проставлены отметки
2026-06-22,ФВ 6031 ,СУ9,САНКТ-ПЕТЕРБУРГ(ПУЛКОВО),9,Y(А04),16:15,196,2026-06-22 16:29:00,2026-06-22 16:31:00,,2026-06-22 16:32:00,2026-06-22 16:35:00,2026-06-22 16:32:00,2026-06-22 16:35:00,2026-06-22 16:34:00,1.0,2.0,2026-06-22 16:38:00,2026-06-22 16:39:00,,0.0,2026-06-22 16:35:00,2026-06-22 16:38:00,,,,,Королёв Е. А.,Россия,Некорректно проставлены отметки
2026-06-22,ДР 194 ,7С8,НАЛЬЧИК,44,Y(А05),16:25,547,2026-06-22 16:38:00,2026-06-22 16:41:00,,2026-06-22 16:41:00,2026-06-22 16:45:00,2026-06-22 16:41:00,2026-06-22 16:45:00,2026-06-22 16:46:00,,,2026-06-22 16:53:00,2026-06-22 16:55:00,,0.0,2026-06-22 16:46:00,2026-06-22 16:53:00,,,,,Иванов В. А.,Победа,Некорректно проставлены отметки
2026-06-22,ФВ 6027 ,СУ9,САНКТ-ПЕТЕРБУРГ(ПУЛКОВО),8,Y(А04),16:27,228,2026-06-22 16:35:00,2026-06-22 16:35:00,,2026-06-22 16:38:00,2026-06-22 16:41:00,2026-06-22 16:38:00,2026-06-22 16:41:00,2026-06-22 16:41:00,,1.0,2026-06-22 16:44:00,2026-06-22 16:45:00,,0.0,2026-06-22 16:42:00,2026-06-22 16:45:00,,,,,Вазиров Т. В.,Россия,Некорректно проставлены отметки
2026-06-22,ДР 836 ,73Х,ГАЗИПАША,48,Y(А10),16:31,1565,2026-06-22 16:42:00,2026-06-22 16:45:00,,2026-06-22 16:45:00,2026-06-22 16:57:00,2026-06-22 16:45:00,2026-06-22 16:57:00,2026-06-22 16:56:00,1.0,2.0,2026-06-22 17:08:00,2026-06-22 17:11:00,,0.0,2026-06-22 16:52:00,2026-06-22 16:57:00,2026-06-22 17:00:00,2026-06-22 17:04:00,,,Бородин А. В.,Победа,Некорректно проставлены отметки
2026-06-22,ДР 466 ,7С8,УЛЬЯНОВСК(БАРАТАЕВКА),47,Y(А07),16:34,492,2026-06-22 16:41:00,2026-06-22 16:43:00,,2026-06-22 16:43:00,2026-06-22 16:51:00,2026-06-22 16:43:00,2026-06-22 16:51:00,2026-06-22 16:48:00,3.0,5.0,2026-06-22 16:54:00,2026-06-22 16:55:00,,0.0,2026-06-22 16:50:00,2026-06-22 16:55:00,,,,,Екимов С. С.,Победа,Некорректно проставлены отметки
2026-06-22,В2 979 ,Е95,МИНСК(МИНСК ИНТЛ.),29,Y(А13),16:38,691,2026-06-22 16:45:00,2026-06-22 16:47:00,,2026-06-22 16:49:00,2026-06-22 17:02:00,2026-06-22 16:49:00,2026-06-22 17:02:00,2026-06-22 16:54:00,8.0,8.0,2026-06-22 16:54:00,2026-06-22 17:08:00,,0.0,2026-06-22 17:03:00,2026-06-22 17:06:00,,,,,Королёв Е. А.,Белавиа,Некорректно проставлены отметки
2026-06-22,ФВ 6037 ,СУ9,САНКТ-ПЕТЕРБУРГ(ПУЛКОВО),10,Y(А04),16:40,239,2026-06-22 16:51:00,2026-06-22 16:51:00,,2026-06-22 16:55:00,2026-06-22 16:58:00,2026-06-22 16:55:00,2026-06-22 16:58:00,2026-06-22 16:57:00,1.0,1.0,2026-06-22 17:03:00,2026-06-22 17:04:00,,0.0,2026-06-22 16:59:00,2026-06-22 17:01:00,,,,,Фанин Н. О.,Россия,Некорректно проставлены отметки
2026-06-22,4S 341 ,73Х,ХУРГАДА(ХУРГАДА ИНТЛ.),23,Y(А09),16:59,1920,2026-06-22 17:12:00,2026-06-22 17:14:00,,2026-06-22 17:15:00,2026-06-22 17:30:00,2026-06-22 17:18:00,2026-06-22 17:30:00,2026-06-22 17:29:00,1.0,,2026-06-22 17:24:00,2026-06-22 17:34:00,,0.0,2026-06-22 17:21:00,2026-06-22 17:24:00,,,,,"Иванов В. А., Рустамов М. А.",Red Sea,Некорректно проставлены отметки
2026-06-22,3F 325 ,320,ЕРЕВАН(ЗВАРТНОЦ ИНТЛ),24,Y(А13),17:03,1637,2026-06-22 17:14:00,2026-06-22 17:19:00,2.0,2026-06-22 17:21:00,2026-06-22 17:57:00,2026-06-22 17:56:00,2026-06-22 17:57:00,2026-06-22 17:29:00,28.0,,2026-06-22 17:32:00,2026-06-22 17:38:00,,0.0,2026-06-22 17:26:00,2026-06-22 17:31:00,,,,,"Коляскин А. Г., Михайлов М. С.",FLYONE Armenia,Некорректно проставлены отметки
2026-06-22,ФВ 6175 ,СУ9,САНКТ-ПЕТЕРБУРГ(ПУЛКОВО),9,Y(А04),17:21,405,2026-06-22 17:33:00,2026-06-22 17:35:00,,2026-06-22 17:38:00,2026-06-22 17:43:00,2026-06-22 17:38:00,2026-06-22 17:43:00,2026-06-22 17:40:00,3.0,2.0,2026-06-22 17:46:00,2026-06-22 17:47:00,,0.0,2026-06-22 17:44:00,2026-06-22 17:47:00,,,,,Чеканов В. А.,Россия,Некорректно проставлены отметки
2026-06-22,AZO 7054 ,СУ9,БАТУМИ,28,Y(А11),17:39,870,2026-06-22 17:48:00,2026-06-22 17:50:00,,2026-06-22 17:52:00,2026-06-22 18:05:00,2026-06-22 17:52:00,2026-06-22 18:05:00,2026-06-22 17:58:00,7.0,7.0,2026-06-22 18:09:00,2026-06-22 18:14:00,1.0,0.0,2026-06-22 18:06:00,2026-06-22 18:09:00,,,,,Королёв Е. А.,GEORGIAN AIRWAYS,Некорректно проставлены отметки
2026-06-22,ЮТ 596 ,73Е,УСИНСК,12,Y(А06),17:42,704,2026-06-22 17:51:00,2026-06-22 17:54:00,,2026-06-22 17:54:00,2026-06-22 17:58:00,2026-06-22 17:54:00,2026-06-22 17:58:00,2026-06-22 18:00:00,,,2026-06-22 18:02:00,2026-06-22 18:04:00,,0.0,2026-06-22 17:58:00,2026-06-22 18:02:00,,,,,"Екимов С. С., Чеканов В. А.",Ютэйр,Некорректно проставлены отметки
2026-06-22,FZ 989 ,7М8,ДУБАЙ(ДУБАЙ ИНТЛ.),26A,Y(А09),17:45,2259,2026-06-22 17:55:00,2026-06-22 17:56:00,,2026-06-22 17:58:00,2026-06-22 18:15:00,2026-06-22 17:58:00,2026-06-22 18:15:00,2026-06-22 18:14:00,1.0,2.0,2026-06-22 18:08:00,2026-06-22 18:19:00,,0.0,2026-06-22 18:15:00,2026-06-22 18:17:00,2026-06-22 18:05:00,2026-06-22 18:09:00,,,"Давлатов Б. Ч., Тихонов С. М.",flydubai,Некорректно проставлены отметки
2026-06-22,ЮТ 374 ,73Х,МИНЕРАЛЬНЫЕ ВОДЫ,17,Y(А06),18:24,1290,2026-06-22 18:36:00,2026-06-22 18:37:00,,2026-06-22 18:40:00,2026-06-22 18:47:00,2026-06-22 18:40:00,2026-06-22 18:47:00,2026-06-22 18:49:00,,,2026-06-22 18:49:00,2026-06-22 18:55:00,,0.0,2026-06-22 18:45:00,2026-06-22 18:49:00,2026-06-22 18:50:00,2026-06-22 18:55:00,,,Мурсалиев С. Р.,Ютэйр,Некорректно проставлены отметки
2026-06-22,ФВ 6177 ,СУ9,САНКТ-ПЕТЕРБУРГ(ПУЛКОВО),8,Y(А04),18:27,188,2026-06-22 18:41:00,2026-06-22 18:43:00,,2026-06-22 18:44:00,2026-06-22 18:46:00,2026-06-22 18:44:00,2026-06-22 18:46:00,2026-06-22 18:46:00,,1.0,2026-06-22 18:55:00,2026-06-22 18:56:00,,0.0,2026-06-22 18:53:00,2026-06-22 18:56:00,,,,,Коляскин А. Г.,Россия,Некорректно проставлены отметки
2026-06-22,PBD 840 ,73Х,АНТАЛЬЯ,50,Y(А09),18:30,1518,2026-06-22 18:36:00,2026-06-22 18:38:00,,2026-06-22 18:38:00,2026-06-22 18:49:00,2026-06-22 18:38:00,2026-06-22 18:49:00,2026-06-22 18:50:00,,1.0,2026-06-22 18:48:00,2026-06-22 18:57:00,,0.0,2026-06-22 18:44:00,2026-06-22 18:48:00,2026-06-22 18:52:00,2026-06-22 18:58:00,,,Барабанов А. М.,Победа,Некорректно проставлены отметки
2026-06-22,PBD 980 ,73Х,АНТАЛЬЯ,49,Y(А12),18:35,1305,2026-06-22 18:49:00,2026-06-22 18:49:00,,2026-06-22 18:50:00,2026-06-22 18:59:00,2026-06-22 18:50:00,2026-06-22 18:59:00,2026-06-22 19:02:00,,,2026-06-22 19:06:00,2026-06-22 19:10:00,,0.0,2026-06-22 19:00:00,2026-06-22 19:06:00,,,,,Кейта А. С.,Победа,Некорректно проставлены отметки
2026-06-22,TK 415 ,321,СТАМБУЛ(СТАМБУЛ НЬЮ),22,Y(А10),18:39,2533,2026-06-22 18:51:00,2026-06-22 18:52:00,,2026-06-22 18:58:00,2026-06-22 19:10:00,2026-06-22 18:58:00,2026-06-22 19:10:00,2026-06-22 19:12:00,,,2026-06-22 19:08:00,2026-06-22 19:14:00,,0.0,2026-06-22 19:05:00,2026-06-22 19:08:00,2026-06-22 19:15:00,2026-06-22 19:16:00,,,Бородин А. В.,Turkish Airlines,Некорректно проставлены отметки
2026-06-22,ЮТ 456 ,735,НОЯБРЬСК,14,Y(А07),18:43,861,2026-06-22 18:51:00,2026-06-22 18:56:00,2.0,2026-06-22 18:55:00,2026-06-22 19:11:00,2026-06-22 18:55:00,2026-06-22 19:11:00,2026-06-22 19:01:00,10.0,10.0,2026-06-22 19:18:00,2026-06-22 19:21:00,7.0,0.0,2026-06-22 19:13:00,2026-06-22 19:18:00,,,,,Вазиров Т. В.,Ютэйр,Некорректно проставлены отметки
2026-06-22,УР 514 ,75В,БОДРУМ(МИЛАС),19,Y(А11),18:47,1120,2026-06-22 18:57:00,2026-06-22 18:58:00,,2026-06-22 19:02:00,2026-06-22 19:14:00,2026-06-22 19:02:00,2026-06-22 19:14:00,2026-06-22 19:08:00,6.0,5.0,2026-06-22 19:23:00,2026-06-22 19:24:00,6.0,0.0,2026-06-22 19:10:00,2026-06-22 19:15:00,,,,,Семиченков С. А.,FLYONE Armenia,Некорректно проставлены отметки
2026-06-22,ЮТ 464 ,73Х,ТЮМЕНЬ(РОЩИНО),21,Y(А05),18:51,725,2026-06-22 19:00:00,2026-06-22 19:04:00,1.0,2026-06-22 19:04:00,2026-06-22 19:12:00,2026-06-22 19:04:00,2026-06-22 19:12:00,2026-06-22 19:09:00,3.0,3.0,2026-06-22 19:16:00,2026-06-22 19:19:00,,0.0,2026-06-22 19:13:00,2026-06-22 19:16:00,,,,,Иванов В. А.,Ютэйр,Некорректно проставлены отметки
2026-06-22,ЮТ 296 ,73Х,СУРГУТ,11,Y(А06),19:01,740,2026-06-22 19:11:00,2026-06-22 19:12:00,,2026-06-22 19:14:00,2026-06-22 19:23:00,2026-06-22 19:14:00,2026-06-22 19:23:00,2026-06-22 19:20:00,3.0,4.0,2026-06-22 19:30:00,2026-06-22 19:36:00,,0.0,2026-06-22 19:28:00,2026-06-22 19:31:00,,,,,Давлатов Б. Ч.,Ютэйр,Некорректно проставлены отметки
2026-06-22,ЮТ 400 ,73Х,ГРОЗНЫЙ(СЕВЕРНЫЙ),12,Y(А08),19:04,595,2026-06-22 19:17:00,2026-06-22 19:18:00,,2026-06-22 19:21:00,2026-06-22 19:27:00,2026-06-22 19:21:00,2026-06-22 19:27:00,2026-06-22 19:25:00,2.0,2.0,2026-06-22 19:28:00,2026-06-22 19:29:00,,0.0,2026-06-22 19:25:00,2026-06-22 19:28:00,,,,,Фаёзов А. Р.,Ютэйр,Некорректно проставлены отметки
2026-06-22,ГЗП 204 ,СУ9,НОВЫЙ УРЕНГОЙ,Б63,Y(А05),19:08,91,2026-06-22 19:13:00,2026-06-22 19:13:00,,2026-06-22 19:16:00,2026-06-22 19:17:00,2026-06-22 19:16:00,2026-06-22 19:17:00,2026-06-22 19:18:00,,,2026-06-22 19:34:00,2026-06-22 19:35:00,,0.0,2026-06-22 19:21:00,2026-06-22 19:38:00,,,,,Фанин Н. О.,Газпром авиа,Некорректно проставлены отметки
2026-06-22,ДР 856 ,73Х,ГЮМРИ(ШИРАК),47,Y(А05),19:11,781,2026-06-22 19:21:00,2026-06-22 19:24:00,,2026-06-22 19:23:00,2026-06-22 19:28:00,2026-06-22 19:23:00,2026-06-22 19:28:00,2026-06-22 19:30:00,,,2026-06-22 19:39:00,2026-06-22 19:47:00,,0.0,2026-06-22 19:30:00,2026-06-22 19:44:00,,,,,Науну М.,Победа,Некорректно проставлены отметки
2026-06-22,РГ 194 ,ЦР2,ТАМБОВ,55,Y(А04),19:15,73,2026-06-22 19:25:00,2026-06-22 19:25:00,,2026-06-22 19:25:00,2026-06-22 19:28:00,2026-06-22 19:25:00,2026-06-22 19:28:00,2026-06-22 19:29:00,,3.0,2026-06-22 19:32:00,2026-06-22 19:33:00,,0.0,2026-06-22 19:28:00,2026-06-22 19:33:00,,,,,Баташан В. Ю.,Руслайн,Некорректно проставлены отметки
2026-06-22,ХИ 9627 ,32Н,ФЕРГАНА(ФЕРГАНА ИНТЛ.),25,Y(А11),19:19,1949,2026-06-22 19:30:00,2026-06-22 19:30:00,,2026-06-22 19:35:00,2026-06-22 19:48:00,2026-06-22 19:35:00,2026-06-22 19:48:00,2026-06-22 19:47:00,1.0,,2026-06-22 19:48:00,2026-06-22 19:53:00,,0.0,2026-06-22 19:42:00,2026-06-22 19:47:00,2026-06-22 19:50:00,2026-06-22 19:52:00,,,Рустамов М. А.,UZBEKISTAN AIRWAYS,Некорректно проставлены отметки
2026-06-22,ФВ 6179 ,СУ9,САНКТ-ПЕТЕРБУРГ(ПУЛКОВО),9,Y(А04),19:23,214,2026-06-22 19:35:00,2026-06-22 19:37:00,,2026-06-22 19:37:00,2026-06-22 19:41:00,2026-06-22 19:37:00,2026-06-22 19:41:00,2026-06-22 19:40:00,1.0,3.0,2026-06-22 19:43:00,2026-06-22 19:45:00,,0.0,2026-06-22 19:42:00,2026-06-22 19:44:00,,,,,Королев А. А.,Россия,Некорректно проставлены отметки
2026-06-22,ХИ 613 ,788,ТАШКЕНТ(ТАШКЕНТ ИНТЛ.),23,Y(А09),19:43,2546,2026-06-22 19:56:00,2026-06-22 19:58:00,,2026-06-22 20:01:00,2026-06-22 20:11:00,2026-06-22 20:01:00,2026-06-22 20:11:00,2026-06-22 20:17:00,,,2026-06-22 20:15:00,2026-06-22 20:19:00,,0.0,2026-06-22 20:02:00,2026-06-22 20:15:00,2026-06-22 20:13:00,2026-06-22 20:18:00,,,Корнилов Н. А.,UZBEKISTAN AIRWAYS,Некорректно проставлены отметки
2026-06-22,ЮТ 746 ,73Х,БАКУ(ИМ. ГЕЙДАРА АЛИЕВА),16,Y(А12),19:47,1255,2026-06-22 19:58:00,2026-06-22 19:58:00,,2026-06-22 20:00:00,2026-06-22 20:11:00,2026-06-22 20:00:00,2026-06-22 20:11:00,2026-06-22 20:10:00,1.0,3.0,2026-06-22 20:10:00,2026-06-22 20:20:00,,0.0,2026-06-22 20:13:00,2026-06-22 20:20:00,2026-06-22 20:16:00,2026-06-22 20:19:00,,,Кейта А. С.,Ютэйр,Некорректно проставлены отметки
2026-06-22,ЮТ 576 ,734,КРАСНОДАР(ПАШКОВСКИЙ),17,Y(А07),19:51,664,2026-06-22 20:01:00,2026-06-22 20:03:00,,2026-06-22 20:03:00,2026-06-22 20:08:00,2026-06-22 20:03:00,2026-06-22 20:08:00,2026-06-22 20:09:00,,1.0,2026-06-22 20:16:00,2026-06-22 20:17:00,,0.0,2026-06-22 20:09:00,2026-06-22 20:16:00,,,,,Саидов А. С.,Ютэйр,Некорректно проставлены отметки
2026-06-22,ДР 262 ,7С8,КАЛИНИНГРАД(ХРАБРОВО),49,Y(А05),20:18,967,2026-06-22 20:29:00,2026-06-22 20:31:00,,2026-06-22 20:31:00,2026-06-22 20:39:00,2026-06-22 20:31:00,2026-06-22 20:39:00,2026-06-22 20:39:00,,2.0,,-1,,0.0,2026-06-22 20:39:00,2026-06-22 20:45:00,,,,,Давлатов Б. Ч.,Победа,Некорректно проставлены отметки
2026-06-22,ХИ 9619 ,32Н,НАМАНГАН,24,Y(А09),20:21,1639,2026-06-22 20:35:00,2026-06-22 20:37:00,,2026-06-22 20:37:00,2026-06-22 20:49:00,2026-06-22 20:37:00,2026-06-22 20:49:00,2026-06-22 20:50:00,,1.0,2026-06-22 20:46:00,2026-06-22 20:55:00,,0.0,2026-06-22 20:42:00,2026-06-22 20:46:00,2026-06-22 20:50:00,2026-06-22 20:55:00,,,Вазиров Т. В.,UZBEKISTAN AIRWAYS,Некорректно проставлены отметки
2026-06-22,ДР 994 ,73Х,СТАМБУЛ(СТАМБУЛ НЬЮ),50,Y(А11),20:32,1026,2026-06-22 20:43:00,2026-06-22 20:44:00,,2026-06-22 20:45:00,2026-06-22 20:52:00,2026-06-22 20:45:00,2026-06-22 20:52:00,2026-06-22 20:54:00,,,2026-06-22 21:01:00,2026-06-22 21:02:00,,0.0,2026-06-22 20:58:00,2026-06-22 21:00:00,,,,,Науну М.,Победа,Некорректно проставлены отметки
2026-06-22,J2 5830 ,320,ГЯНДЖА,26,Y(А10),20:36,2040,2026-06-22 20:46:00,2026-06-22 20:47:00,,2026-06-22 20:50:00,2026-06-22 21:04:00,2026-06-22 20:54:00,2026-06-22 21:04:00,2026-06-22 21:04:00,,,2026-06-22 21:00:00,2026-06-22 21:08:00,,0.0,2026-06-22 20:56:00,2026-06-22 21:00:00,2026-06-22 21:04:00,2026-06-22 21:07:00,,,"Баташан В. Ю., Королев А. А.",AZAL,Некорректно проставлены отметки
2026-06-22,DV 815 ,7М8,АЛМАТЫ(АЛМАТЫ ИНТЛ.),22,Y(А13),20:41,1211,2026-06-22 20:56:00,2026-06-22 20:57:00,,2026-06-22 20:55:00,2026-06-22 21:04:00,2026-06-22 20:56:00,2026-06-22 21:04:00,2026-06-22 21:08:00,,,2026-06-22 21:06:00,2026-06-22 21:09:00,,0.0,2026-06-22 21:01:00,2026-06-22 21:07:00,,,,,"Саидов А. С., Фартушный А. И.",SCAT Airlines,Некорректно проставлены отметки
2026-06-22,А4 7030 ,СУ9,ЕРЕВАН(ЗВАРТНОЦ ИНТЛ),59,Y(А13),20:44,527,2026-06-22 21:00:00,2026-06-22 21:05:00,2.0,2026-06-22 21:15:00,2026-06-22 21:19:00,2026-06-22 21:15:00,2026-06-22 21:19:00,2026-06-22 21:08:00,11.0,,2026-06-22 21:25:00,2026-06-22 21:29:00,,0.0,2026-06-22 21:19:00,2026-06-22 21:25:00,,,,,Лизенко Е. В.,Азимут,Некорректно проставлены отметки
2026-06-22,ДР 158 ,73Х,КРАСНОДАР(ПАШКОВСКИЙ),47,Y(А07),20:48,498,2026-06-22 20:57:00,2026-06-22 20:59:00,,2026-06-22 20:59:00,2026-06-22 21:03:00,2026-06-22 20:59:00,2026-06-22 21:03:00,2026-06-22 21:04:00,,1.0,2026-06-22 21:12:00,2026-06-22 21:14:00,,0.0,2026-06-22 21:06:00,2026-06-22 21:12:00,,,,,Виноградов А. А.,Победа,Некорректно проставлены отметки
2026-06-22,ФВ 6181 ,СУ9,САНКТ-ПЕТЕРБУРГ(ПУЛКОВО),8,Y(А04),21:29,214,2026-06-22 21:37:00,2026-06-22 21:37:00,,2026-06-22 21:40:00,2026-06-22 21:43:00,2026-06-22 21:40:00,2026-06-22 21:43:00,2026-06-22 21:42:00,1.0,2.0,2026-06-22 21:46:00,2026-06-22 21:47:00,,0.0,2026-06-22 21:43:00,2026-06-22 21:45:00,,,,,Королёв Е. А.,Россия,Некорректно проставлены отметки
2026-06-22,ЮТ 784 ,73Х,АНТАЛЬЯ,20,Y(А09),21:38,2425,2026-06-22 21:47:00,2026-06-22 21:51:00,1.0,2026-06-22 21:51:00,2026-06-22 22:07:00,2026-06-22 21:51:00,2026-06-22 22:07:00,2026-06-22 22:07:00,,,2026-06-22 22:01:00,2026-06-22 22:13:00,,0.0,2026-06-22 21:56:00,2026-06-22 22:02:00,2026-06-22 22:09:00,2026-06-22 22:14:00,,,Скулов Е. С.,Ютэйр,Некорректно проставлены отметки
2026-06-22,ФВ 6183 ,СУ9,САНКТ-ПЕТЕРБУРГ(ПУЛКОВО),9,Y(А04),21:41,224,2026-06-22 21:50:00,2026-06-22 21:51:00,,2026-06-22 21:54:00,2026-06-22 21:57:00,2026-06-22 21:54:00,2026-06-22 21:57:00,2026-06-22 21:55:00,2.0,2.0,2026-06-22 21:59:00,2026-06-22 22:00:00,,0.0,2026-06-22 21:57:00,2026-06-22 21:59:00,,,,,Барабанов А. М.,Россия,Некорректно проставлены отметки
2026-06-22,J2 803 ,763,БАКУ(ИМ. ГЕЙДАРА АЛИЕВА),19,Y(А10),21:44,1651,2026-06-22 21:50:00,2026-06-22 21:52:00,,2026-06-22 21:58:00,2026-06-22 22:03:00,2026-06-22 21:58:00,2026-06-22 22:03:00,2026-06-22 22:05:00,,,2026-06-22 22:10:00,2026-06-22 22:12:00,,0.0,2026-06-22 22:03:00,2026-06-22 22:11:00,,,,,Науну М.,AZAL,Некорректно проставлены отметки
2026-06-22,ГЗП 496 ,73В,ТАЛАКАН,Б66,Y(А05),21:57,610,2026-06-22 22:13:00,2026-06-22 22:15:00,,2026-06-22 22:16:00,2026-06-22 22:21:00,2026-06-22 22:16:00,2026-06-22 22:21:00,2026-06-22 22:21:00,,1.0,2026-06-22 22:39:00,2026-06-22 22:43:00,,0.0,2026-06-22 22:23:00,2026-06-22 22:39:00,,,,,Михайлов М. С.,Газпром авиа,Некорректно проставлены отметки
2026-06-22,4S 311 ,7С8,ШАРМ ЭЛЬ ШЕЙХ(ШАРМ ЭЛЬ ШЕЙХ ИНТЛ.),21,Y(А11),22:01,2097,2026-06-22 22:11:00,2026-06-22 22:14:00,,2026-06-22 22:13:00,2026-06-22 22:25:00,2026-06-22 22:13:00,2026-06-22 22:25:00,2026-06-22 22:29:00,,,2026-06-22 22:27:00,2026-06-22 22:35:00,,0.0,2026-06-22 22:17:00,2026-06-22 22:23:00,2026-06-22 22:28:00,2026-06-22 22:34:00,,,Соколов И. С.,Red Sea,Некорректно проставлены отметки
2026-06-22,ЮВ 204 ,ЦР2,ТОБОЛЬСК(РЕМЕЗОВ),45,Y(А07),22:07,402,2026-06-22 22:12:00,2026-06-22 22:15:00,,2026-06-22 22:14:00,2026-06-22 22:19:00,2026-06-22 22:14:00,2026-06-22 22:19:00,2026-06-22 22:19:00,,2.0,2026-06-22 22:31:00,2026-06-22 22:34:00,,0.0,2026-06-22 22:19:00,2026-06-22 22:31:00,,,,,Семиченков С. А.,ЮВТ АЭРО,Некорректно проставлены отметки
2026-06-22,ДР 968 ,73Х,МИНСК(МИНСК ИНТЛ.),49,Y(А13),22:11,304,2026-06-22 22:17:00,2026-06-22 22:20:00,,2026-06-22 22:19:00,2026-06-22 22:22:00,2026-06-22 22:19:00,2026-06-22 22:22:00,2026-06-22 22:23:00,,1.0,2026-06-22 22:28:00,2026-06-22 22:29:00,,0.0,2026-06-22 22:23:00,2026-06-22 22:27:00,,,,,Фартушный А. И.,Победа,Некорректно проставлены отметки
2026-06-22,ДР 206 ,7С8,САНКТ-ПЕТЕРБУРГ(ПУЛКОВО),46,Y(А05),22:18,252,2026-06-22 22:23:00,2026-06-22 22:25:00,,2026-06-22 22:25:00,2026-06-22 22:28:00,2026-06-22 22:25:00,2026-06-22 22:28:00,2026-06-22 22:29:00,,1.0,2026-06-22 22:39:00,2026-06-22 22:40:00,,0.0,2026-06-22 22:31:00,2026-06-22 22:37:00,,,,,Поляков К. Н.,Победа,Некорректно проставлены отметки
2026-06-22,ЮТ 810 ,73Х,САМАРКАНД(САМАРКАНД ИНТЛ.),11,Y(А12),22:21,797,2026-06-22 22:31:00,2026-06-22 22:31:00,,2026-06-22 22:34:00,2026-06-22 22:39:00,2026-06-22 22:34:00,2026-06-22 22:39:00,2026-06-22 22:40:00,,,2026-06-22 22:42:00,2026-06-22 22:45:00,,0.0,2026-06-22 22:39:00,2026-06-22 22:43:00,,,,,Фаёзов А. Р.,Ютэйр,Некорректно проставлены отметки
2026-06-22,ФВ 6185 ,СУ9,САНКТ-ПЕТЕРБУРГ(ПУЛКОВО),10,Y(А04),22:23,227,2026-06-22 22:31:00,2026-06-22 22:33:00,,2026-06-22 22:34:00,2026-06-22 22:38:00,2026-06-22 22:34:00,2026-06-22 22:38:00,2026-06-22 22:37:00,1.0,2.0,2026-06-22 22:40:00,2026-06-22 22:41:00,,0.0,2026-06-22 22:38:00,2026-06-22 22:39:00,,,,,Королёв Е. А.,Россия,Некорректно проставлены отметки
2026-06-22,TK 411 ,333,СТАМБУЛ(СТАМБУЛ НЬЮ),23,Y(А10),22:37,4728,2026-06-22 22:47:00,2026-06-22 22:49:00,,2026-06-22 22:49:00,2026-06-22 23:10:00,2026-06-22 22:50:00,2026-06-22 23:10:00,2026-06-22 23:23:00,,,2026-06-22 22:58:00,2026-06-22 23:11:00,,0.0,2026-06-22 22:53:00,2026-06-22 23:10:00,2026-06-22 23:05:00,2026-06-22 23:12:00,,,"Барабанов А. М., Рустамов М. А.",Turkish Airlines,Некорректно проставлены отметки
2026-06-22,PC 1580 ,32Н,АНТАЛЬЯ,25,Y(А11),22:40,1900,2026-06-22 22:49:00,2026-06-22 22:53:00,1.0,2026-06-22 22:54:00,2026-06-22 23:06:00,2026-06-22 22:54:00,2026-06-22 23:06:00,2026-06-22 23:06:00,,,2026-06-22 23:04:00,2026-06-22 23:12:00,,0.0,2026-06-22 23:09:00,2026-06-22 23:14:00,2026-06-22 23:01:00,2026-06-22 23:04:00,,,Давлатов Б. Ч.,Pegasus,Некорректно проставлены отметки
2026-06-22,DV 813 ,738,АСТАНА(НУРСУЛТАН НАЗАРБАЕВ),22,Y(А13),22:45,898,2026-06-22 22:53:00,2026-06-22 22:54:00,,2026-06-22 22:56:00,2026-06-22 23:08:00,2026-06-22 22:56:00,2026-06-22 23:08:00,2026-06-22 23:03:00,5.0,6.0,2026-06-22 23:13:00,2026-06-22 23:15:00,,0.0,2026-06-22 23:07:00,2026-06-22 23:13:00,,,,,Бородин А. В.,SCAT Airlines,Некорректно проставлены отметки
2026-06-22,ДР 210 ,73Х,САНКТ-ПЕТЕРБУРГ(ПУЛКОВО),50,Y(А05),22:56,236,2026-06-22 23:03:00,2026-06-22 23:05:00,,2026-06-22 23:05:00,2026-06-22 23:07:00,2026-06-22 23:05:00,2026-06-22 23:07:00,2026-06-22 23:09:00,,,2026-06-22 23:15:00,2026-06-22 23:19:00,,0.0,2026-06-22 23:10:00,2026-06-22 23:16:00,,,,,Саидов А. С.,Победа,Некорректно проставлены отметки
2026-06-22,ЯК 474 ,73В,СОЧИ,12,Y(А07),23:05,671,2026-06-22 23:16:00,2026-06-22 23:18:00,,2026-06-22 23:20:00,2026-06-22 23:26:00,2026-06-22 23:20:00,2026-06-22 23:26:00,2026-06-22 23:22:00,4.0,4.0,2026-06-22 23:34:00,2026-06-22 23:35:00,,0.0,2026-06-22 23:26:00,2026-06-22 23:29:00,,,,,Фаёзов А. Р.,Якутия,Некорректно проставлены отметки
2026-06-22,ФВ 6187 ,СУ9,САНКТ-ПЕТЕРБУРГ(ПУЛКОВО),9,Y(А04),23:08,79,2026-06-23 00:12:00,2026-06-22 23:22:00,-50.0,2026-06-22 23:23:00,2026-06-22 23:25:00,2026-06-22 23:23:00,2026-06-22 23:25:00,2026-06-23 00:17:00,,1.0,2026-06-22 23:27:00,2026-06-22 23:28:00,,0.0,2026-06-22 23:25:00,2026-06-22 23:28:00,,,,,Лизенко Е. В.,Россия,Некорректно проставлены отметки
2026-06-22,ЮТ 802 ,73Х,ДУШАНБЕ(ДУШАНБЕ ИНТЛ.),16,Y(А09),23:12,2255,2026-06-22 23:21:00,2026-06-22 23:22:00,,2026-06-22 23:26:00,2026-06-22 23:43:00,2026-06-22 23:26:00,2026-06-22 23:43:00,2026-06-22 23:40:00,3.0,2.0,2026-06-22 23:38:00,2026-06-22 23:52:00,,1.0,2026-06-22 23:34:00,2026-06-22 23:39:00,2026-06-22 23:49:00,2026-06-22 23:54:00,,,Фанин Н. О.,Ютэйр,Некорректно проставлены отметки
2026-06-22,ХИ 605 ,320,САМАРКАНД(САМАРКАНД ИНТЛ.),24,Y(А12),23:22,1149,2026-06-22 23:36:00,2026-06-22 23:37:00,,2026-06-22 23:40:00,2026-06-22 23:47:00,2026-06-22 23:40:00,2026-06-22 23:47:00,2026-06-22 23:48:00,,,2026-06-22 23:52:00,2026-06-22 23:53:00,,0.0,2026-06-22 23:47:00,2026-06-22 23:52:00,,,,,Корнилов Н. А.,UZBEKISTAN AIRWAYS,Некорректно проставлены отметки
2026-06-22,TK 211 ,32Б,АНТАЛЬЯ,29,Y(А09),23:33,2154,2026-06-22 23:43:00,2026-06-22 23:43:00,,2026-06-22 23:47:00,2026-06-23 00:08:00,2026-06-22 23:47:00,2026-06-23 00:08:00,2026-06-23 00:01:00,7.0,7.0,2026-06-22 23:54:00,2026-06-23 00:12:00,,0.0,2026-06-22 23:59:00,2026-06-23 00:17:00,,,,,Баташан В. Ю.,Turkish Airlines,Некорректно проставлены отметки
2026-06-22,J2 809 ,76В,БАКУ(ИМ. ГЕЙДАРА АЛИЕВА),19,Y(А10),23:36,1613,2026-06-22 23:47:00,2026-06-22 23:51:00,1.0,2026-06-22 23:55:00,2026-06-23 00:01:00,2026-06-22 23:55:00,2026-06-23 00:01:00,2026-06-23 00:02:00,,,2026-06-23 00:08:00,2026-06-23 00:09:00,1.0,0.0,2026-06-22 23:55:00,2026-06-23 00:09:00,,,,,Лизенко Е. В.,AZAL,Некорректно проставлены отметки
2026-06-22,ЮТ 276 ,73Х,СОЧИ,15,Y(А06),23:43,1108,2026-06-22 23:55:00,2026-06-22 23:58:00,,2026-06-23 00:01:00,2026-06-23 00:07:00,2026-06-23 00:01:00,2026-06-23 00:07:00,2026-06-23 00:06:00,1.0,,2026-06-23 00:13:00,2026-06-23 00:20:00,,0.0,2026-06-23 00:08:00,2026-06-23 00:13:00,,,,,Кейта А. С.,Ютэйр,Некорректно проставлены отметки
2026-06-22,TK 409 ,32Б,СТАМБУЛ(СТАМБУЛ НЬЮ),30,Y(А10),23:46,2284,2026-06-22 23:57:00,2026-06-23 00:00:00,,2026-06-23 00:02:00,2026-06-23 00:16:00,2026-06-23 00:02:00,2026-06-23 00:16:00,2026-06-23 00:16:00,,,2026-06-23 00:12:00,2026-06-23 00:21:00,,0.0,2026-06-23 00:17:00,2026-06-23 00:24:00,,,,,Королев А. А.,Turkish Airlines,Некорректно проставлены отметки
2026-06-22,TK 3060 ,321,АНТАЛЬЯ,20,Y(А13),23:50,2226,2026-06-23 00:00:00,2026-06-23 00:11:00,8.0,2026-06-23 00:05:00,2026-06-23 00:15:00,2026-06-23 00:05:00,2026-06-23 00:15:00,2026-06-23 00:19:00,,,2026-06-23 00:17:00,2026-06-23 00:24:00,,0.0,2026-06-23 00:17:00,2026-06-23 00:29:00,,,,,Скулов Е. С.,Turkish Airlines,Некорректно проставлены отметки
2026-06-22,ДР 168 ,7С8,МИНЕРАЛЬНЫЕ ВОДЫ,44,Y(А05),23:55,665,2026-06-23 00:06:00,2026-06-23 00:11:00,2.0,2026-06-23 00:09:00,2026-06-23 00:13:00,2026-06-23 00:09:00,2026-06-23 00:13:00,2026-06-23 00:14:00,,,2026-06-23 00:20:00,2026-06-23 00:24:00,,0.0,2026-06-23 00:15:00,2026-06-23 00:20:00,,,,,Вазиров Т. В.,Победа,Некорректно проставлены отметки
