date,flight,type,route,mc,lent_num,arrive_runway,bag_waight,mc_arrive,hatch_open,err_hatch_open,beg_unload_spo,end_unload_spo,beg_unload_sobgp,end_unload_sobgp,end_unload_tgo,err_end_unload,violation_standart,time_beg_lenta,time_end_lenta,violation_first_bag,violation_last_bag,deliver_1_beg,deliver_1_end,deliver_2_beg,deliver_2_end,deliver_3_beg,deliver_3_end,senior_loader,company,bag_status
2026-09-01,PC 1576 ,32Щ,АНТАЛЬЯ,37,Y(А10),00:07,2726,2026-09-01 00:18:00,2026-09-01 00:19:00,,2026-09-01 00:20:00,2026-09-01 00:34:00,2026-09-01 00:20:00,2026-09-01 00:34:00,2026-09-01 00:40:00,,,2026-09-01 00:32:00,2026-09-01 00:45:00,,0.0,2026-09-01 00:25:00,2026-09-01 00:32:00,2026-09-01 00:34:00,2026-09-01 00:41:00,,,"Наполов С. Н., Тано Б. А.",Pegasus,Выдача до 30 минут
2026-09-01,PC 1521 ,32Н,ИЗМИР(АДНАН МЕНДЕРЕС),37A,Y(А10),00:16,2267,2026-09-01 00:28:00,2026-09-01 00:28:00,,2026-09-01 00:31:00,2026-09-01 00:51:00,2026-09-01 00:31:00,2026-09-01 00:51:00,2026-09-01 00:47:00,4.0,5.0,2026-09-01 00:43:00,2026-09-01 00:58:00,,0.0,2026-09-01 00:38:00,2026-09-01 00:42:00,2026-09-01 00:52:00,2026-09-01 00:58:00,,,Ушаков Г. А.,Pegasus,Выдача до 30 минут
2026-09-01,ЮТ 1376 ,734,СЫКТЫВКАР,16,Y(А08),00:20,285,2026-09-01 00:28:00,2026-09-01 00:30:00,,2026-09-01 00:32:00,2026-09-01 00:37:00,2026-09-01 00:32:00,2026-09-01 00:37:00,2026-09-01 00:34:00,3.0,3.0,2026-09-01 01:09:00,2026-09-01 01:10:00,21.0,12.0,2026-09-01 00:38:00,2026-09-01 00:42:00,,,,,Федоров Н. В.,Ютэйр,Выдача более 40 минут
2026-09-01,ДР 210 ,7С8,САНКТ-ПЕТЕРБУРГ(ПУЛКОВО),46,Y(А04),00:25,154,2026-09-01 00:33:00,2026-09-01 00:35:00,,2026-09-01 00:38:00,2026-09-01 00:40:00,2026-09-01 00:38:00,2026-09-01 00:40:00,2026-09-01 00:38:00,2.0,1.0,2026-09-01 00:47:00,2026-09-01 00:49:00,,0.0,2026-09-01 00:42:00,2026-09-01 00:49:00,,,,,Рябчевский В. О.,Победа,Выдача до 30 минут
2026-09-01,TK 3060 ,321,АНТАЛЬЯ,18,Y(А10),00:29,2321,2026-09-01 00:37:00,2026-09-01 00:45:00,5.0,2026-09-01 00:41:00,2026-09-01 00:54:00,2026-09-01 00:41:00,2026-09-01 00:54:00,2026-09-01 00:56:00,,,2026-09-01 00:59:00,2026-09-01 01:06:00,2.0,0.0,2026-09-01 00:30:00,2026-09-01 01:04:00,,,,,Соболь М. Ф.,Turkish Airlines,Выдача до 30 минут
2026-09-01,ДР 1264 ,73Х,КАЛИНИНГРАД(ХРАБРОВО),48,Y(А06),00:33,630,2026-09-01 00:45:00,2026-09-01 00:45:00,,2026-09-01 00:47:00,2026-09-01 00:51:00,2026-09-01 00:47:00,2026-09-01 00:51:00,2026-09-01 00:53:00,,,2026-09-01 00:58:00,2026-09-01 01:01:00,,0.0,2026-09-01 00:53:00,2026-09-01 00:58:00,,,,,Киричек А. А.,Победа,Выдача до 30 минут
2026-09-01,ДР 436 ,7С8,УФА,50,Y(А08),11:45,363,2026-09-01 11:51:00,2026-09-01 11:53:00,,2026-09-01 11:53:00,2026-09-01 11:58:00,2026-09-01 11:53:00,2026-09-01 11:58:00,2026-09-01 11:57:00,1.0,3.0,2026-09-01 12:03:00,2026-09-01 12:04:00,,0.0,2026-09-01 11:56:00,2026-09-01 12:03:00,,,,,Баташан В. Ю.,Победа,Выдача до 30 минут
2026-09-01,ДР 1422 ,73Х,САМАРА(КУРУМОЧ),47,Y(А04),01:22,197,2026-09-01 01:30:00,2026-09-01 01:31:00,,2026-09-01 01:31:00,2026-09-01 01:33:00,2026-09-01 01:31:00,2026-09-01 01:33:00,2026-09-01 01:35:00,,1.0,,-1,,0.0,2026-09-01 01:37:00,2026-09-01 01:40:00,,,,,Киричек А. А.,Победа,Некорректно проставлены отметки
2026-09-01,TK 3084 ,321,ДАЛАМАН,24,Y(А13),00:42,2310,2026-09-01 00:51:00,2026-09-01 00:52:00,,2026-09-01 00:54:00,2026-09-01 01:10:00,2026-09-01 00:54:00,2026-09-01 01:10:00,2026-09-01 01:10:00,,1.0,2026-09-01 01:06:00,2026-09-01 01:21:00,,0.0,2026-09-01 00:57:00,2026-09-01 01:18:00,,,,,Музафаров А. С.,Turkish Airlines,Выдача до 30 минут
2026-09-01,TK 409 ,73Й,СТАМБУЛ(СТАМБУЛ НЬЮ),20,Y(А09),00:51,4247,2026-09-01 01:04:00,2026-09-01 01:05:00,,2026-09-01 01:06:00,2026-09-01 01:40:00,2026-09-01 01:06:00,2026-09-01 01:40:00,2026-09-01 01:36:00,4.0,6.0,2026-09-01 01:17:00,2026-09-01 01:42:00,,8.0,2026-09-01 01:26:00,2026-09-01 01:30:00,2026-09-01 01:15:00,2026-09-01 01:17:00,2026-09-01 01:35:00,2026-09-01 01:46:00,"Хушвактов П. З., Юрков С.",Turkish Airlines,Выдача от 30 до 40 минут
2026-09-01,TK 3002 ,321,АНТАЛЬЯ,27,Y(А09),01:00,2632,2026-09-01 01:09:00,2026-09-01 01:12:00,,2026-09-01 01:15:00,2026-09-01 01:20:00,2026-09-01 01:15:00,2026-09-01 01:20:00,2026-09-01 01:31:00,,,2026-09-01 01:23:00,2026-09-01 01:26:00,,0.0,2026-09-01 00:59:00,2026-09-01 01:24:00,2026-09-01 01:21:00,2026-09-01 01:27:00,,,Рябчевский В. О.,Turkish Airlines,Выдача до 30 минут
2026-09-01,ДР 1168 ,7С8,МИНЕРАЛЬНЫЕ ВОДЫ,51,Y(А06),01:02,639,2026-09-01 01:16:00,2026-09-01 01:19:00,,2026-09-01 01:17:00,2026-09-01 01:21:00,2026-09-01 01:17:00,2026-09-01 01:21:00,2026-09-01 01:24:00,,,2026-09-01 01:31:00,2026-09-01 01:36:00,,0.0,2026-09-01 01:25:00,2026-09-01 01:34:00,,,,,Тано Б. А.,Победа,Выдача до 30 минут
2026-09-01,TK 217 ,32Б,АНТАЛЬЯ,21,Y(А10),01:06,2321,2026-09-01 01:20:00,2026-09-01 01:22:00,,2026-09-01 01:24:00,2026-09-01 01:36:00,2026-09-01 01:24:00,2026-09-01 01:36:00,2026-09-01 01:39:00,,,2026-09-01 01:36:00,2026-09-01 01:46:00,,0.0,2026-09-01 01:28:00,2026-09-01 01:42:00,,,,,Демчук Д. П.,Turkish Airlines,Выдача до 30 минут
2026-09-01,ДР 208 ,73Х,САНКТ-ПЕТЕРБУРГ(ПУЛКОВО),50,Y(А08),01:11,236,2026-09-01 01:17:00,2026-09-01 01:20:00,,2026-09-01 01:27:00,2026-09-01 01:28:00,2026-09-01 01:27:00,2026-09-01 01:28:00,2026-09-01 01:23:00,5.0,,2026-09-01 01:36:00,2026-09-01 01:38:00,,0.0,2026-09-01 01:28:00,2026-09-01 01:40:00,,,,,Федоров Н. В.,Победа,Выдача до 30 минут
2026-09-01,TK 421 ,333,СТАМБУЛ(СТАМБУЛ НЬЮ),23,Y(А09),01:14,5927,2026-09-01 01:27:00,2026-09-01 01:30:00,,2026-09-01 01:35:00,2026-09-01 01:56:00,2026-09-01 01:35:00,2026-09-01 01:56:00,2026-09-01 02:11:00,,,2026-09-01 01:55:00,2026-09-01 02:05:00,8.0,8.0,2026-09-01 01:35:00,2026-09-01 01:56:00,2026-09-01 01:33:00,2026-09-01 02:02:00,2026-09-01 01:28:00,2026-09-01 02:05:00,Михайлов М. С.,Turkish Airlines,Выдача от 30 до 40 минут
2026-09-01,VF 275 ,73Х,СТАМБУЛ(САБИХА ГОКЦЕН),42,Y(А10),00:47,2825,2026-09-01 00:58:00,2026-09-01 01:00:00,,2026-09-01 00:59:00,2026-09-01 01:22:00,2026-09-01 00:59:00,2026-09-01 01:22:00,2026-09-01 01:21:00,1.0,4.0,2026-09-01 01:10:00,2026-09-01 01:29:00,,1.0,2026-09-01 01:05:00,2026-09-01 01:10:00,2026-09-01 01:22:00,2026-09-01 01:29:00,,,"Барабанов А. М., Пельгуев Д.",AJET,Выдача от 30 до 40 минут
2026-09-01,TK 211 ,32Б,АНТАЛЬЯ,29,Y(А09),00:11,2455,2026-09-01 00:26:00,2026-09-01 00:27:00,,2026-09-01 00:29:00,2026-09-01 00:43:00,2026-09-01 00:29:00,2026-09-01 00:43:00,2026-09-01 00:46:00,,,2026-09-01 00:40:00,2026-09-01 00:50:00,,0.0,2026-09-01 00:34:00,2026-09-01 00:40:00,2026-09-01 00:41:00,2026-09-01 00:54:00,,,Шарипов Д. А.,Turkish Airlines,Выдача до 30 минут
2026-09-01,AZO 7008 ,СУ9,ТБИЛИСИ(ТБИЛИСИ ИНТЛ.),45,Y(А11),01:17,1372,2026-09-01 01:26:00,2026-09-01 01:26:00,,2026-09-01 01:30:00,2026-09-01 01:45:00,2026-09-01 01:30:00,2026-09-01 01:45:00,2026-09-01 01:39:00,6.0,6.0,2026-09-01 01:45:00,2026-09-01 01:53:00,,0.0,2026-09-01 01:39:00,2026-09-01 01:44:00,2026-09-01 01:37:00,2026-09-01 01:52:00,,,Сыргаков Б. А.,GEORGIAN AIRWAYS,Выдача до 30 минут
2026-09-01,TK 3036 ,321,АНТАЛЬЯ,19,Y(А10),01:33,2693,2026-09-01 01:45:00,2026-09-01 01:45:00,,2026-09-01 01:47:00,2026-09-01 01:59:00,2026-09-01 01:47:00,2026-09-01 01:59:00,2026-09-01 02:07:00,,,2026-09-01 01:58:00,2026-09-01 02:06:00,,0.0,2026-09-01 01:46:00,2026-09-01 01:57:00,2026-09-01 01:45:00,2026-09-01 02:07:00,,,Ушаков П. А.,Turkish Airlines,Выдача до 30 минут
2026-09-01,PC 1458 ,32Щ,ДАЛАМАН,25,Y(А10),05:48,2599,2026-09-01 05:59:00,2026-09-01 06:00:00,,2026-09-01 06:02:00,2026-09-01 06:24:00,2026-09-01 06:02:00,2026-09-01 06:24:00,2026-09-01 06:20:00,4.0,5.0,2026-09-01 06:11:00,2026-09-01 06:28:00,,0.0,2026-09-01 06:08:00,2026-09-01 06:12:00,2026-09-01 06:26:00,2026-09-01 06:30:00,,,"Тано Б. А., Хушвактов П. З.",Pegasus,Выдача до 30 минут
2026-09-01,ЖГ 932 ,73Х,ТБИЛИСИ(ТБИЛИСИ ИНТЛ.),30,Y(А10),02:30,2612,2026-09-01 02:38:00,2026-09-01 02:40:00,,2026-09-01 02:41:00,2026-09-01 02:53:00,2026-09-01 02:41:00,2026-09-01 02:53:00,2026-09-01 02:59:00,,,2026-09-01 02:50:00,2026-09-01 03:01:00,,0.0,2026-09-01 02:47:00,2026-09-01 02:54:00,2026-09-01 02:56:00,2026-09-01 02:59:00,,,"Сыргаков Б. А., Ушаков Г. А.",GEORGIAN AIRWAYS,Выдача до 30 минут
2026-09-01,TK 3122 ,32Б,БОДРУМ(МИЛАС),18,Y(А09),02:39,2082,2026-09-01 02:49:00,2026-09-01 02:51:00,,2026-09-01 02:54:00,2026-09-01 03:01:00,2026-09-01 02:54:00,2026-09-01 03:01:00,2026-09-01 03:07:00,,,2026-09-01 03:03:00,2026-09-01 03:08:00,,0.0,2026-09-01 03:02:00,2026-09-01 03:08:00,,,,,Дубинский В. Д.,Turkish Airlines,Выдача до 30 минут
2026-09-01,PC 386 ,32Щ,СТАМБУЛ(САБИХА ГОКЦЕН),20,Y(А10),02:46,3443,2026-09-01 02:58:00,2026-09-01 02:58:00,,2026-09-01 02:58:00,2026-09-01 03:16:00,2026-09-01 02:59:00,2026-09-01 03:16:00,2026-09-01 03:25:00,,,2026-09-01 03:11:00,2026-09-01 03:24:00,,0.0,2026-09-01 03:04:00,2026-09-01 03:11:00,2026-09-01 03:18:00,2026-09-01 03:25:00,,,"Музафаров А. С., Тано Б. А.",Pegasus,Выдача до 30 минут
2026-09-01,3F 323 ,320,ЕРЕВАН(ЗВАРТНОЦ ИНТЛ),22,Y(А13),02:51,1216,2026-09-01 03:05:00,2026-09-01 03:08:00,,2026-09-01 03:09:00,2026-09-01 03:17:00,2026-09-01 03:09:00,2026-09-01 03:17:00,2026-09-01 03:17:00,,,2026-09-01 03:22:00,2026-09-01 03:25:00,,0.0,2026-09-01 03:19:00,2026-09-01 03:25:00,2026-09-01 03:16:00,2026-09-01 03:22:00,,,"Каламбеков У. О., Черкас В. А.",FLYONE Armenia,Выдача до 30 минут
2026-09-01,NE 642 ,320,ШАРМ ЭЛЬ ШЕЙХ(ШАРМ ЭЛЬ ШЕЙХ ИНТЛ.),24,Y(А12),03:04,1902,2026-09-01 03:21:00,2026-09-01 03:22:00,,2026-09-01 03:23:00,2026-09-01 03:39:00,2026-09-01 03:23:00,2026-09-01 03:39:00,2026-09-01 03:38:00,1.0,3.0,2026-09-01 03:32:00,2026-09-01 03:44:00,,0.0,2026-09-01 03:28:00,2026-09-01 03:33:00,2026-09-01 03:41:00,2026-09-01 03:45:00,,,Федоров Н. В.,Nesma Airlines,Выдача до 30 минут
2026-09-01,TK 3006 ,32Б,АНТАЛЬЯ,19,Y(А09),03:21,1908,2026-09-01 03:31:00,2026-09-01 03:33:00,,2026-09-01 03:37:00,2026-09-01 03:50:00,2026-09-01 03:37:00,2026-09-01 03:50:00,2026-09-01 03:48:00,2.0,,2026-09-01 03:52:00,2026-09-01 03:59:00,1.0,0.0,2026-09-01 03:49:00,2026-09-01 04:00:00,,,,,Киричек А. А.,Turkish Airlines,Выдача до 30 минут
2026-09-01,FZ 965 ,7М8,ДУБАЙ(ДУБАЙ ИНТЛ.),29,Y(А10),01:51,2622,2026-09-01 02:03:00,2026-09-01 02:07:00,1.0,2026-09-01 02:06:00,2026-09-01 02:18:00,2026-09-01 02:06:00,2026-09-01 02:18:00,2026-09-01 02:24:00,,,2026-09-01 02:22:00,2026-09-01 02:26:00,,0.0,2026-09-01 02:12:00,2026-09-01 02:15:00,2026-09-01 02:20:00,2026-09-01 02:23:00,,,"Дубинский В. Д., Литвин И. С.",flydubai,Выдача до 30 минут
2026-09-01,TK 407 ,333,СТАМБУЛ(СТАМБУЛ НЬЮ),22,Y(А09),05:51,5537,2026-09-01 06:04:00,2026-09-01 06:05:00,,2026-09-01 06:08:00,2026-09-01 06:25:00,2026-09-01 06:09:00,2026-09-01 06:25:00,2026-09-01 06:45:00,,,2026-09-01 06:21:00,2026-09-01 06:38:00,,4.0,2026-09-01 06:10:00,2026-09-01 06:30:00,2026-09-01 05:54:00,2026-09-01 06:23:00,2026-09-01 06:04:00,2026-09-01 06:35:00,"Ушаков Г. А., Ушаков П. А.",Turkish Airlines,Выдача от 30 до 40 минут
2026-09-01,VF 587 ,73Х,АНКАРА(ЕСЕНБОГА),25,Y(А09),04:03,2523,2026-09-01 04:15:00,2026-09-01 04:18:00,,2026-09-01 04:19:00,2026-09-01 04:35:00,2026-09-01 04:19:00,2026-09-01 04:35:00,2026-09-01 04:36:00,,,2026-09-01 04:32:00,2026-09-01 04:40:00,,0.0,2026-09-01 04:36:00,2026-09-01 04:40:00,2026-09-01 04:28:00,2026-09-01 04:32:00,,,"Хушвактов П. З., Юрков С.",AJET,Выдача до 30 минут
2026-09-01,VF 277 ,73Х,СТАМБУЛ(САБИХА ГОКЦЕН),27,Y(А12),04:45,2192,2026-09-01 04:58:00,2026-09-01 05:02:00,1.0,2026-09-01 05:04:00,2026-09-01 05:19:00,2026-09-01 05:04:00,2026-09-01 05:19:00,2026-09-01 05:17:00,2.0,,2026-09-01 05:11:00,2026-09-01 05:29:00,,1.0,2026-09-01 05:06:00,2026-09-01 05:10:00,2026-09-01 05:20:00,2026-09-01 05:24:00,,,"Ушаков Г. А., Ушаков П. А.",AJET,Выдача от 30 до 40 минут
2026-09-01,PC 390 ,32Щ,СТАМБУЛ(САБИХА ГОКЦЕН),21,Y(А10),04:56,3095,2026-09-01 05:06:00,2026-09-01 05:09:00,,2026-09-01 05:10:00,2026-09-01 05:34:00,2026-09-01 05:10:00,2026-09-01 05:34:00,2026-09-01 05:31:00,3.0,3.0,2026-09-01 05:21:00,2026-09-01 05:40:00,,4.0,2026-09-01 05:16:00,2026-09-01 05:20:00,2026-09-01 05:26:00,2026-09-01 05:40:00,,,"Литвин И. С., Омурбек У. Б.",Pegasus,Выдача от 30 до 40 минут
2026-09-01,PC 1456 ,32Щ,БОДРУМ(МИЛАС),20,Y(А10),05:00,2405,2026-09-01 05:10:00,2026-09-01 05:13:00,,2026-09-01 05:14:00,2026-09-01 05:29:00,2026-09-01 05:28:00,2026-09-01 05:29:00,2026-09-01 05:30:00,,,2026-09-01 05:23:00,2026-09-01 05:35:00,,0.0,2026-09-01 05:23:00,2026-09-01 05:24:00,2026-09-01 05:18:00,2026-09-01 05:35:00,,,"Попов А. И., Рябчевский В. О.",Pegasus,Выдача до 30 минут
2026-09-01,NE 602 ,320,ХУРГАДА(ХУРГАДА ИНТЛ.),24,Y(А11),05:05,1773,2026-09-01 05:17:00,2026-09-01 05:19:00,,2026-09-01 05:29:00,2026-09-01 05:36:00,2026-09-01 05:29:00,2026-09-01 05:36:00,2026-09-01 05:33:00,3.0,,2026-09-01 05:35:00,2026-09-01 05:40:00,,0.0,2026-09-01 05:29:00,2026-09-01 05:33:00,2026-09-01 05:37:00,2026-09-01 05:49:00,,,Дубинский В. Д.,Nesma Airlines,Выдача до 30 минут
2026-09-01,FZ 967 ,7М8,ДУБАЙ(ДУБАЙ ИНТЛ.),29,Y(А10),05:14,2594,2026-09-01 05:26:00,2026-09-01 05:28:00,,2026-09-01 05:27:00,2026-09-01 05:50:00,2026-09-01 05:28:00,2026-09-01 05:50:00,2026-09-01 05:47:00,3.0,5.0,2026-09-01 05:39:00,2026-09-01 06:04:00,,8.0,2026-09-01 05:35:00,2026-09-01 05:37:00,2026-09-01 05:52:00,2026-09-01 06:03:00,,,"Михайлов М. С., Черкас В. А.",flydubai,Выдача от 30 до 40 минут
2026-09-01,TK 419 ,333,СТАМБУЛ(СТАМБУЛ НЬЮ),23,Y(А09),05:18,4674,2026-09-01 05:35:00,2026-09-01 05:37:00,,2026-09-01 05:36:00,2026-09-01 05:59:00,2026-09-01 05:36:00,2026-09-01 05:59:00,2026-09-01 06:10:00,,,2026-09-01 05:47:00,2026-09-01 06:04:00,,0.0,2026-09-01 05:39:00,2026-09-01 06:07:00,2026-09-01 05:30:00,2026-09-01 06:07:00,,,Демчук Д. П.,Turkish Airlines,Выдача до 30 минут
2026-09-01,SVR 2462 ,321,ТАШКЕНТ(ТАШКЕНТ ИНТЛ.),37,Y(А09),04:35,1442,2026-09-01 04:47:00,,,2026-09-01 05:29:00,2026-09-01 05:42:00,2026-09-01 05:29:00,2026-09-01 05:42:00,2026-09-01 05:01:00,41.0,3.0,,-1,,0.0,,,,,2026-09-01 05:32:00,2026-09-01 05:51:00,Каламбеков У. О.,Уральские Авиалинии,Некорректно проставлены отметки
2026-09-01,TK 3014A,321,АНТАЛЬЯ,26,Y(А09),04:43,2748,2026-09-01 04:57:00,2026-09-01 04:59:00,,2026-09-01 05:12:00,2026-09-01 05:22:00,2026-09-01 05:12:00,2026-09-01 05:22:00,2026-09-01 05:19:00,3.0,,2026-09-01 05:26:00,2026-09-01 05:29:00,9.0,2.0,2026-09-01 05:22:00,2026-09-01 05:23:00,2026-09-01 05:11:00,2026-09-01 05:26:00,,,Хушвактов П. З.,Turkish Airlines,Выдача от 30 до 40 минут
2026-09-01,ДР 486 ,7С8,УЛЬЯНОВСК(БАРАТАЕВКА),49,Y(А08),00:37,319,2026-09-01 00:47:00,2026-09-01 00:47:00,,2026-09-01 00:49:00,2026-09-01 00:53:00,2026-09-01 00:49:00,2026-09-01 00:53:00,2026-09-01 00:53:00,,2.0,2026-09-01 01:04:00,2026-09-01 01:05:00,,0.0,2026-09-01 00:56:00,2026-09-01 01:03:00,,,,,Дубинский В. Д.,Победа,Выдача до 30 минут
2026-09-01,ДР 434 ,73Х,ПЕРМЬ(БОЛЬШОЕ САВИНО),50,Y(А08),06:27,358,2026-09-01 06:33:00,2026-09-01 06:37:00,1.0,2026-09-01 06:38:00,2026-09-01 06:41:00,2026-09-01 06:38:00,2026-09-01 06:41:00,2026-09-01 06:39:00,2.0,1.0,2026-09-01 06:49:00,2026-09-01 06:52:00,,0.0,2026-09-01 06:45:00,2026-09-01 06:48:00,,,,,Омурбек У. Б.,Победа,Выдача до 30 минут
2026-09-01,NE 614 ,320,ХУРГАДА(ХУРГАДА ИНТЛ.),18,Y(А09),09:12,1242,2026-09-01 09:20:00,2026-09-01 09:23:00,,2026-09-01 09:28:00,2026-09-01 09:39:00,2026-09-01 09:28:00,2026-09-01 09:39:00,2026-09-01 09:32:00,7.0,3.0,2026-09-01 09:39:00,2026-09-01 09:45:00,,0.0,2026-09-01 09:35:00,2026-09-01 09:39:00,2026-09-01 09:41:00,2026-09-01 09:46:00,,,Потапов Е. А.,Nesma Airlines,Выдача до 30 минут
2026-09-01,ЮТ 786 ,762,ЕРЕВАН(ЗВАРТНОЦ ИНТЛ),19,Y(А13),06:38,1905,2026-09-01 06:48:00,2026-09-01 06:50:00,,2026-09-01 06:53:00,2026-09-01 07:06:00,2026-09-01 06:53:00,2026-09-01 07:06:00,2026-09-01 07:05:00,1.0,,2026-09-01 07:06:00,2026-09-01 07:08:00,,0.0,2026-09-01 06:55:00,2026-09-01 07:27:00,,,,,Михайлов М. С.,Ютэйр,Выдача до 30 минут
2026-09-01,ДР 742 ,7С8,ТАШКЕНТ(ТАШКЕНТ ИНТЛ.),49,Y(А11),07:16,284,2026-09-01 07:28:00,2026-09-01 07:29:00,,2026-09-01 07:30:00,2026-09-01 07:32:00,2026-09-01 07:30:00,2026-09-01 07:32:00,2026-09-01 07:34:00,,,2026-09-01 07:39:00,2026-09-01 07:40:00,,0.0,2026-09-01 07:34:00,2026-09-01 07:39:00,,,,,Рустамов М. А.,Победа,Выдача до 30 минут
2026-09-01,В2 981 ,Е75,МИНСК(МИНСК ИНТЛ.),29,Y(А13),07:39,179,2026-09-01 07:46:00,2026-09-01 07:48:00,,2026-09-01 07:52:00,2026-09-01 07:53:00,2026-09-01 07:52:00,2026-09-01 07:53:00,2026-09-01 07:51:00,2.0,,2026-09-01 07:57:00,2026-09-01 07:58:00,,0.0,2026-09-01 07:54:00,2026-09-01 07:57:00,,,,,Фанин Н. О.,Белавиа,Выдача до 30 минут
2026-09-01,ДР 414 ,73Х,ЧЕЛЯБИНСК(БАЛАНДИНО),44,Y(А08),07:41,493,2026-09-01 07:50:00,2026-09-01 07:53:00,,2026-09-01 07:55:00,2026-09-01 07:59:00,2026-09-01 07:55:00,2026-09-01 07:59:00,2026-09-01 07:57:00,2.0,1.0,2026-09-01 08:04:00,2026-09-01 08:07:00,,0.0,2026-09-01 08:01:00,2026-09-01 08:06:00,,,,,Баташан В. Ю.,Победа,Выдача до 30 минут
2026-09-01,ЮТ 454 ,73Х,ТЮМЕНЬ(РОЩИНО),14,Y(А06),07:45,776,2026-09-01 07:53:00,2026-09-01 07:55:00,,2026-09-01 07:57:00,2026-09-01 08:09:00,2026-09-01 07:57:00,2026-09-01 08:09:00,2026-09-01 08:02:00,7.0,7.0,2026-09-01 08:18:00,2026-09-01 08:21:00,5.0,0.0,2026-09-01 08:14:00,2026-09-01 08:18:00,,,,,Фартушный А. И.,Ютэйр,Выдача до 30 минут
2026-09-01,ХИ 9607 ,32Н,БУХАРА(БУХАРА ИНТЛ.),24,Y(А10),07:52,1758,2026-09-01 08:02:00,2026-09-01 08:03:00,,2026-09-01 08:06:00,2026-09-01 08:19:00,2026-09-01 08:06:00,2026-09-01 08:19:00,2026-09-01 08:18:00,1.0,1.0,2026-09-01 08:16:00,2026-09-01 08:24:00,,0.0,2026-09-01 08:13:00,2026-09-01 08:17:00,2026-09-01 08:26:00,2026-09-01 08:29:00,,,Саидов А. С.,UZBEKISTAN AIRWAYS,Выдача до 30 минут
2026-09-01,AZO 7072 ,СУ9,КУТАИСИ(КУТАИСИ ИНТЛ.),28,Y(А12),07:31,1331,2026-09-01 07:42:00,2026-09-01 07:44:00,,2026-09-01 07:47:00,2026-09-01 07:57:00,2026-09-01 07:47:00,2026-09-01 07:57:00,2026-09-01 07:55:00,2.0,1.0,2026-09-01 07:55:00,2026-09-01 08:01:00,,0.0,2026-09-01 07:51:00,2026-09-01 07:54:00,2026-09-01 07:58:00,2026-09-01 08:02:00,,,Чеканов В. А.,GEORGIAN AIRWAYS,Выдача до 30 минут
2026-09-01,ДР 714 ,73Х,САМАРКАНД(САМАРКАНД ИНТЛ.),47,Y(А12),08:47,396,2026-09-01 08:55:00,2026-09-01 08:57:00,,2026-09-01 08:59:00,2026-09-01 09:05:00,2026-09-01 08:59:00,2026-09-01 09:05:00,2026-09-01 09:02:00,3.0,3.0,2026-09-01 09:17:00,2026-09-01 09:19:00,,0.0,2026-09-01 09:11:00,2026-09-01 09:17:00,,,,,Острых В. А.,Победа,Выдача до 30 минут
2026-09-01,ЮТ 808 ,73Х,БУХАРА(БУХАРА ИНТЛ.),11,Y(А11),08:01,795,2026-09-01 08:11:00,2026-09-01 08:14:00,,2026-09-01 08:14:00,2026-09-01 08:21:00,2026-09-01 08:14:00,2026-09-01 08:21:00,2026-09-01 08:20:00,1.0,2.0,2026-09-01 08:25:00,2026-09-01 08:26:00,,0.0,2026-09-01 08:24:00,2026-09-01 08:25:00,,,,,Королёв Е. А.,Ютэйр,Выдача до 30 минут
2026-09-01,ХИ 9615 ,32Н,УРГЕНЧ(УРГЕНЧ ИНТЛ.),23,Y(А10),07:56,1576,2026-09-01 08:08:00,2026-09-01 08:15:00,4.0,2026-09-01 08:13:00,2026-09-01 08:25:00,2026-09-01 08:13:00,2026-09-01 08:25:00,2026-09-01 08:23:00,2.0,1.0,2026-09-01 08:22:00,2026-09-01 08:29:00,,0.0,2026-09-01 08:17:00,2026-09-01 08:22:00,2026-09-01 08:26:00,2026-09-01 08:29:00,,,Потапов Е. А.,UZBEKISTAN AIRWAYS,Выдача до 30 минут
2026-09-01,4S 315 ,7С8,ШАРМ ЭЛЬ ШЕЙХ(ШАРМ ЭЛЬ ШЕЙХ ИНТЛ.),30,Y(А09),08:23,2281,2026-09-01 08:41:00,2026-09-01 08:41:00,,2026-09-01 08:41:00,2026-09-01 08:57:00,2026-09-01 08:41:00,2026-09-01 08:57:00,2026-09-01 09:00:00,,1.0,2026-09-01 08:50:00,2026-09-01 09:02:00,,0.0,2026-09-01 08:47:00,2026-09-01 08:52:00,2026-09-01 08:59:00,2026-09-01 09:03:00,,,Чеканов В. А.,Red Sea,Выдача до 30 минут
2026-09-01,ФВ 6051 ,СУ9,САНКТ-ПЕТЕРБУРГ(ПУЛКОВО),8,Y(А04),08:19,73,2026-09-01 08:28:00,2026-09-01 08:30:00,,2026-09-01 08:31:00,2026-09-01 08:32:00,2026-09-01 08:31:00,2026-09-01 08:32:00,2026-09-01 08:32:00,,1.0,2026-09-01 08:34:00,2026-09-01 08:35:00,,0.0,2026-09-01 08:31:00,2026-09-01 08:35:00,,,,,Баташан В. Ю.,Россия,Выдача до 30 минут
2026-09-01,ДР 730 ,73Х,ФЕРГАНА(ФЕРГАНА ИНТЛ.),48,Y(А11),06:32,294,2026-09-01 06:40:00,2026-09-01 06:44:00,1.0,2026-09-01 06:42:00,2026-09-01 06:43:00,2026-09-01 06:42:00,2026-09-01 06:43:00,2026-09-01 06:46:00,,,2026-09-01 06:50:00,2026-09-01 06:57:00,,0.0,2026-09-01 06:45:00,2026-09-01 06:50:00,,,,,"Гафуров О. Ф., Музафаров А. С.",Победа,Выдача до 30 минут
2026-09-01,ЮТ 248 ,73Х,СУРГУТ,25,Y(А08),08:14,597,2026-09-01 08:22:00,2026-09-01 08:23:00,,2026-09-01 08:28:00,2026-09-01 08:34:00,2026-09-01 08:28:00,2026-09-01 08:34:00,2026-09-01 08:30:00,4.0,2.0,2026-09-01 08:38:00,2026-09-01 08:39:00,,0.0,2026-09-01 08:35:00,2026-09-01 08:38:00,,,,,Науну М.,Ютэйр,Выдача до 30 минут
2026-09-01,NE 406 ,321,ДАБАА(ЭЛЬ АЛАМЕЙН ИНТЛ),20,0,08:10,0,2026-09-01 08:24:00,2026-09-01 08:25:00,,2026-09-01 08:28:00,2026-09-01 08:29:00,2026-09-01 08:28:00,2026-09-01 08:29:00,,,1.0,,-1,,0.0,,,,,,,Гафуров О. Ф.,Nesma Airlines,Не определено
2026-09-01,ЮТ 572 ,73Х,КРАСНОЯРСК,21,Y(А06),08:05,1174,2026-09-01 08:12:00,2026-09-01 08:14:00,,2026-09-01 08:16:00,2026-09-01 08:24:00,2026-09-01 08:16:00,2026-09-01 08:24:00,2026-09-01 08:24:00,,,2026-09-01 08:31:00,2026-09-01 08:34:00,,0.0,2026-09-01 08:27:00,2026-09-01 08:32:00,,,,,Шамсов Б. С.,Ютэйр,Выдача до 30 минут
2026-09-01,ХИ 9613 ,320,ТАШКЕНТ(ТАШКЕНТ ИНТЛ.),26,Y(А10),08:27,1843,2026-09-01 08:39:00,2026-09-01 08:41:00,,2026-09-01 08:44:00,2026-09-01 09:01:00,2026-09-01 08:44:00,2026-09-01 09:01:00,2026-09-01 08:55:00,6.0,5.0,2026-09-01 08:54:00,2026-09-01 09:08:00,,0.0,2026-09-01 08:51:00,2026-09-01 08:54:00,2026-09-01 09:02:00,2026-09-01 09:05:00,,,Рустамов М. А.,UZBEKISTAN AIRWAYS,Выдача до 30 минут
2026-09-01,TK 3154 ,321,БОДРУМ(МИЛАС),26,Y(А09),01:53,2369,2026-09-01 02:09:00,2026-09-01 02:12:00,,2026-09-01 02:14:00,2026-09-01 02:29:00,2026-09-01 02:14:00,2026-09-01 02:29:00,2026-09-01 02:29:00,,,2026-09-01 02:25:00,2026-09-01 02:37:00,,0.0,2026-09-01 02:22:00,2026-09-01 02:33:00,,,,,Попов А. И.,Turkish Airlines,Выдача до 30 минут
2026-09-01,ЮТ 352 ,735,ХАНТЫ-МАНСИЙСК,15,Y(А08),08:31,274,2026-09-01 08:38:00,2026-09-01 08:39:00,,2026-09-01 08:44:00,2026-09-01 08:47:00,2026-09-01 08:44:00,2026-09-01 08:47:00,2026-09-01 08:44:00,3.0,1.0,2026-09-01 08:52:00,2026-09-01 08:53:00,,0.0,2026-09-01 08:48:00,2026-09-01 08:52:00,,,,,Резчиков А. А.,Ютэйр,Выдача до 30 минут
2026-09-01,DV 809 ,738,АЛМАТЫ(АЛМАТЫ ИНТЛ.),19,Y(А13),08:54,1639,2026-09-01 09:01:00,2026-09-01 09:03:00,,2026-09-01 09:04:00,2026-09-01 09:12:00,2026-09-01 09:05:00,2026-09-01 09:12:00,2026-09-01 09:16:00,,,2026-09-01 09:13:00,2026-09-01 09:25:00,,0.0,2026-09-01 09:08:00,2026-09-01 09:14:00,2026-09-01 09:21:00,2026-09-01 09:25:00,,,"Лаптев В. В., Науну М.",SCAT Airlines,Выдача до 30 минут
2026-09-01,ДР 744 ,73Х,ОШ,49,Y(А13),09:15,655,2026-09-01 09:21:00,2026-09-01 09:24:00,,2026-09-01 09:24:00,2026-09-01 09:30:00,2026-09-01 09:25:00,2026-09-01 09:30:00,2026-09-01 09:29:00,1.0,1.0,2026-09-01 09:37:00,2026-09-01 09:40:00,,0.0,2026-09-01 09:30:00,2026-09-01 09:38:00,,,,,"Баташан В. Ю., Бородин А. В.",Победа,Выдача до 30 минут
2026-09-01,ЮТ 560 ,73Х,МАХАЧКАЛА,24,Y(А06),09:18,950,2026-09-01 09:31:00,2026-09-01 09:34:00,,2026-09-01 09:38:00,2026-09-01 09:48:00,2026-09-01 09:38:00,2026-09-01 09:48:00,2026-09-01 09:41:00,7.0,4.0,2026-09-01 09:52:00,2026-09-01 09:55:00,,0.0,2026-09-01 09:49:00,2026-09-01 09:54:00,,,,,Конюхов Я. А.,Ютэйр,Выдача до 30 минут
2026-09-01,ФВ 6003 ,СУ9,САНКТ-ПЕТЕРБУРГ(ПУЛКОВО),9,Y(А04),09:21,89,2026-09-01 09:31:00,2026-09-01 09:32:00,,2026-09-01 09:33:00,2026-09-01 09:35:00,2026-09-01 09:33:00,2026-09-01 09:35:00,2026-09-01 09:36:00,,1.0,2026-09-01 09:38:00,2026-09-01 09:39:00,,0.0,2026-09-01 09:36:00,2026-09-01 09:39:00,,,,,Ушаков Г. А.,Россия,Выдача до 30 минут
2026-09-01,ВГ 2390 ,ЯК4,ВОЛОГДА,45,0,09:26,0,2026-09-01 09:32:00,2026-09-01 09:33:00,,2026-09-01 09:32:00,2026-09-01 09:34:00,2026-09-01 09:32:00,2026-09-01 09:34:00,,,2.0,,-1,,0.0,,,,,,,Острых В. А.,Вологодское АП,Не определено
2026-09-01,ЮТ 400 ,73Х,ГРОЗНЫЙ(СЕВЕРНЫЙ),12,Y(А08),09:51,357,2026-09-01 10:02:00,2026-09-01 10:03:00,,2026-09-01 10:05:00,2026-09-01 10:08:00,2026-09-01 10:05:00,2026-09-01 10:08:00,2026-09-01 10:08:00,,1.0,2026-09-01 10:12:00,2026-09-01 10:13:00,,0.0,2026-09-01 10:09:00,2026-09-01 10:12:00,,,,,Острых В. А.,Ютэйр,Выдача до 30 минут
2026-09-01,ЮБГ 809 ,735,ЕРЕВАН(ЗВАРТНОЦ ИНТЛ),29,Y(А13),09:55,1125,2026-09-01 10:06:00,2026-09-01 10:09:00,,2026-09-01 10:12:00,2026-09-01 10:19:00,2026-09-01 10:12:00,2026-09-01 10:19:00,2026-09-01 10:18:00,1.0,,2026-09-01 10:23:00,2026-09-01 10:25:00,,0.0,2026-09-01 10:20:00,2026-09-01 10:24:00,,,,,Ушаков Г. А.,Shirak Avia,Выдача до 30 минут
2026-09-01,AZO 7108 ,СУ9,ТБИЛИСИ(ТБИЛИСИ ИНТЛ.),51A,Y(А11),08:59,1388,2026-09-01 09:15:00,2026-09-01 09:19:00,1.0,2026-09-01 09:19:00,2026-09-01 09:37:00,2026-09-01 09:19:00,2026-09-01 09:37:00,2026-09-01 09:28:00,9.0,9.0,2026-09-01 09:35:00,2026-09-01 09:48:00,,3.0,2026-09-01 09:29:00,2026-09-01 09:35:00,2026-09-01 09:40:00,2026-09-01 09:45:00,,,Королев А. А.,GEORGIAN AIRWAYS,Выдача от 30 до 40 минут
2026-09-01,DV 801 ,7М8,ШЫМКЕНТ(ШЫМКЕНТ ИНТЛ.),20,Y(А13),10:55,2199,2026-09-01 11:01:00,2026-09-01 11:09:00,5.0,2026-09-01 11:09:00,2026-09-01 11:25:00,2026-09-01 11:09:00,2026-09-01 11:25:00,2026-09-01 11:20:00,5.0,1.0,2026-09-01 11:20:00,2026-09-01 11:35:00,,4.0,2026-09-01 11:15:00,2026-09-01 11:23:00,2026-09-01 11:28:00,2026-09-01 11:36:00,,,Смирнов Н. В.,SCAT Airlines,Выдача от 30 до 40 минут
2026-09-01,TC 422 ,788,ДАР-ЭС-САЛАМ(ДЖ. НИЕРЕРЕ ИНТЛ),22,Y(А10),09:58,3250,2026-09-01 10:15:00,2026-09-01 10:20:00,2.0,2026-09-01 10:20:00,2026-09-01 10:33:00,2026-09-01 10:20:00,2026-09-01 10:33:00,2026-09-01 10:41:00,,,2026-09-01 10:33:00,2026-09-01 10:41:00,,0.0,2026-09-01 10:20:00,2026-09-01 10:37:00,2026-09-01 10:18:00,2026-09-01 10:40:00,,,Королев А. А.,Не найдено,Выдача до 30 минут
2026-09-01,ФВ 6005 ,СУ9,САНКТ-ПЕТЕРБУРГ(ПУЛКОВО),8,Y(А04),10:34,120,2026-09-01 10:44:00,2026-09-01 10:46:00,,2026-09-01 10:47:00,2026-09-01 10:48:00,2026-09-01 10:47:00,2026-09-01 10:48:00,2026-09-01 10:49:00,,,2026-09-01 10:52:00,2026-09-01 10:53:00,,0.0,2026-09-01 10:53:00,2026-09-01 10:56:00,,,,,Фанин Н. О.,Россия,Выдача до 30 минут
2026-09-01,ЮТ 364 ,734,УФА,13,Y(А06),10:43,942,2026-09-01 10:56:00,2026-09-01 10:56:00,,2026-09-01 10:58:00,2026-09-01 11:05:00,2026-09-01 10:58:00,2026-09-01 11:05:00,2026-09-01 11:06:00,,1.0,2026-09-01 11:10:00,2026-09-01 11:12:00,,0.0,2026-09-01 11:01:00,2026-09-01 11:11:00,,,,,Бородин А. В.,Ютэйр,Выдача до 30 минут
2026-09-01,TK 413 ,333,СТАМБУЛ(СТАМБУЛ НЬЮ),23,Y(А09),11:01,4928,2026-09-01 11:10:00,2026-09-01 11:12:00,,2026-09-01 11:14:00,2026-09-01 11:35:00,2026-09-01 11:17:00,2026-09-01 11:35:00,2026-09-01 11:47:00,,,2026-09-01 11:31:00,2026-09-01 11:39:00,1.0,0.0,2026-09-01 11:17:00,2026-09-01 11:35:00,2026-09-01 10:58:00,2026-09-01 11:38:00,2026-09-01 11:10:00,2026-09-01 12:11:00,"Екимов С. С., Конюхов Я. А.",Turkish Airlines,Выдача до 30 минут
2026-09-01,J2 807 ,763,БАКУ(ИМ. ГЕЙДАРА АЛИЕВА),18,Y(А10),11:12,3101,2026-09-01 11:24:00,2026-09-01 11:28:00,1.0,2026-09-01 11:31:00,2026-09-01 11:40:00,2026-09-01 11:31:00,2026-09-01 11:40:00,2026-09-01 11:49:00,,,2026-09-01 11:42:00,2026-09-01 11:50:00,,0.0,2026-09-01 11:31:00,2026-09-01 11:40:00,2026-09-01 11:12:00,2026-09-01 11:51:00,,,Королев А. А.,AZAL,Выдача до 30 минут
2026-09-01,РГ 194 ,ЦР1,ТАМБОВ,57,Y(А04),11:19,85,2026-09-01 11:31:00,2026-09-01 11:31:00,,2026-09-01 11:32:00,2026-09-01 11:34:00,2026-09-01 11:32:00,2026-09-01 11:34:00,2026-09-01 11:36:00,,1.0,2026-09-01 11:40:00,2026-09-01 11:41:00,,0.0,2026-09-01 11:35:00,2026-09-01 11:41:00,,,,,Рустамов М. А.,Руслайн,Выдача до 30 минут
2026-09-01,NE 604 ,320,ХУРГАДА(ХУРГАДА ИНТЛ.),27,Y(А10),06:00,1843,2026-09-01 06:12:00,2026-09-01 06:13:00,,2026-09-01 06:16:00,2026-09-01 06:33:00,2026-09-01 06:16:00,2026-09-01 06:33:00,2026-09-01 06:28:00,5.0,5.0,2026-09-01 06:26:00,2026-09-01 06:40:00,,0.0,2026-09-01 06:22:00,2026-09-01 06:40:00,2026-09-01 06:13:00,2026-09-01 06:26:00,,,Каламбеков У. О.,Nesma Airlines,Выдача до 30 минут
2026-09-01,3F 321 ,320,ЕРЕВАН(ЗВАРТНОЦ ИНТЛ),27,Y(А13),10:02,1931,2026-09-01 10:15:00,2026-09-01 10:17:00,,2026-09-01 10:18:00,2026-09-01 10:35:00,2026-09-01 10:27:00,2026-09-01 10:35:00,2026-09-01 10:32:00,3.0,,2026-09-01 10:27:00,2026-09-01 10:38:00,,0.0,2026-09-01 10:24:00,2026-09-01 10:28:00,2026-09-01 10:37:00,2026-09-01 10:38:00,,,"Рустамов М. А., Саидов А. С.",FLYONE Armenia,Выдача до 30 минут
2026-09-01,ЮТ 356 ,73Х,ГРОЗНЫЙ(СЕВЕРНЫЙ),17,Y(А04),10:06,267,2026-09-01 10:23:00,2026-09-01 10:24:00,,2026-09-01 10:19:00,2026-09-01 10:22:00,2026-09-01 10:19:00,2026-09-01 10:22:00,2026-09-01 10:29:00,,1.0,2026-09-01 10:29:00,2026-09-01 10:30:00,,0.0,2026-09-01 10:24:00,2026-09-01 10:29:00,,,,,Королёв Е. А.,Ютэйр,Выдача до 30 минут
2026-09-01,ДР 734 ,7С8,ТЕРМЕЗ,48,Y(А12),11:43,443,2026-09-01 11:48:00,2026-09-01 11:54:00,3.0,2026-09-01 11:50:00,2026-09-01 11:54:00,2026-09-01 11:50:00,2026-09-01 11:54:00,2026-09-01 11:55:00,,1.0,2026-09-01 12:01:00,2026-09-01 12:02:00,,0.0,2026-09-01 11:55:00,2026-09-01 12:02:00,,,,,Фартушный А. И.,Победа,Выдача до 30 минут
2026-09-01,TK 3178 ,321,ДАЛАМАН,25,Y(А13),00:55,2209,2026-09-01 01:07:00,2026-09-01 01:08:00,,2026-09-01 01:11:00,2026-09-01 01:33:00,2026-09-01 01:11:00,2026-09-01 01:33:00,2026-09-01 01:26:00,7.0,7.0,2026-09-01 01:25:00,2026-09-01 01:38:00,,1.0,2026-09-01 01:15:00,2026-09-01 01:38:00,,,,,Черкас В. А.,Turkish Airlines,Выдача от 30 до 40 минут
2026-09-01,ЖГ 936 ,73Х,ТБИЛИСИ(ТБИЛИСИ ИНТЛ.),30,Y(А11),11:51,1361,2026-09-01 11:57:00,2026-09-01 11:59:00,,2026-09-01 12:02:00,2026-09-01 12:11:00,2026-09-01 12:02:00,2026-09-01 12:11:00,2026-09-01 12:10:00,1.0,,2026-09-01 12:11:00,2026-09-01 12:17:00,,0.0,2026-09-01 12:09:00,2026-09-01 12:11:00,2026-09-01 12:18:00,2026-09-01 12:19:00,,,Острых В. А.,GEORGIAN AIRWAYS,Выдача до 30 минут
2026-09-01,ЮБГ 509 ,738,ЕРЕВАН(ЗВАРТНОЦ ИНТЛ),27,Y(А13),12:04,3347,2026-09-01 12:13:00,2026-09-01 12:15:00,,2026-09-01 12:16:00,2026-09-01 12:37:00,2026-09-01 12:16:00,2026-09-01 12:37:00,2026-09-01 12:39:00,,,2026-09-01 12:26:00,2026-09-01 12:40:00,,0.0,2026-09-01 12:21:00,2026-09-01 12:28:00,2026-09-01 12:34:00,2026-09-01 12:39:00,,,"Бородин А. В., Рустамов М. А.",Shirak Avia,Выдача до 30 минут
2026-09-01,УР 412 ,763,ДАЛАМАН,19,Y(А10),12:16,2728,2026-09-01 12:26:00,2026-09-01 12:30:00,1.0,2026-09-01 12:33:00,2026-09-01 12:50:00,2026-09-01 12:33:00,2026-09-01 12:50:00,2026-09-01 12:48:00,2.0,,2026-09-01 12:49:00,2026-09-01 12:56:00,3.0,0.0,2026-09-01 12:33:00,2026-09-01 12:52:00,2026-09-01 12:26:00,2026-09-01 12:58:00,,,Смирнов Н. В.,FLYONE Armenia,Выдача до 30 минут
2026-09-01,ДР 114 ,73Х,СОЧИ,49,Y(А04),12:20,434,2026-09-01 12:26:00,2026-09-01 12:29:00,,2026-09-01 12:28:00,2026-09-01 12:33:00,2026-09-01 12:28:00,2026-09-01 12:33:00,2026-09-01 12:33:00,,2.0,2026-09-01 12:38:00,2026-09-01 12:40:00,,0.0,2026-09-01 12:34:00,2026-09-01 12:39:00,,,,,Екимов С. С.,Победа,Выдача до 30 минут
2026-09-01,ЖГ 937 ,735,БАТУМИ,28,Y(А09),12:47,0,2026-09-01 12:55:00,2026-09-01 12:55:00,,2026-09-01 12:58:00,2026-09-01 13:10:00,2026-09-01 12:58:00,2026-09-01 13:10:00,,,12.0,2026-09-01 13:15:00,2026-09-01 13:17:00,,0.0,2026-09-01 13:15:00,2026-09-01 13:16:00,,,,,Саидов А. С.,GEORGIAN AIRWAYS,Выдача до 30 минут
2026-09-01,ЯМ 543 ,73Х,НОВОСИБИРСК(ТОЛМАЧЕВО),12,Y(А06),13:08,1159,2026-09-01 13:16:00,2026-09-01 13:17:00,,2026-09-01 13:19:00,2026-09-01 13:32:00,2026-09-01 13:19:00,2026-09-01 13:32:00,2026-09-01 13:28:00,4.0,5.0,2026-09-01 13:37:00,2026-09-01 13:39:00,1.0,0.0,2026-09-01 13:34:00,2026-09-01 13:38:00,,,,,Потапов Е. А.,Алроса,Выдача до 30 минут
2026-09-01,TK 417 ,73Х,СТАМБУЛ(СТАМБУЛ НЬЮ),23,Y(А09),13:17,3150,2026-09-01 13:30:00,2026-09-01 13:34:00,1.0,2026-09-01 13:33:00,2026-09-01 13:46:00,2026-09-01 13:33:00,2026-09-01 13:46:00,2026-09-01 13:55:00,,,2026-09-01 13:47:00,2026-09-01 13:54:00,,0.0,2026-09-01 13:40:00,2026-09-01 13:45:00,,,2026-09-01 13:51:00,2026-09-01 13:54:00,"Гафуров О. Ф., Науну М.",Turkish Airlines,Выдача до 30 минут
2026-09-01,TK 415 ,321,СТАМБУЛ(СТАМБУЛ НЬЮ),22,Y(А10),18:47,3266,2026-09-01 18:54:00,2026-09-01 18:55:00,,2026-09-01 18:58:00,2026-09-01 19:10:00,2026-09-01 18:58:00,2026-09-01 19:10:00,2026-09-01 19:20:00,,,2026-09-01 19:11:00,2026-09-01 19:15:00,,0.0,2026-09-01 18:40:00,2026-09-01 19:06:00,2026-09-01 19:06:00,2026-09-01 19:20:00,,,Королев А. А.,Turkish Airlines,Выдача до 30 минут
2026-09-01,TK 1231 ,321,АНТАЛЬЯ,26,Y(А09),11:59,1344,2026-09-01 12:06:00,2026-09-01 12:07:00,,2026-09-01 12:10:00,2026-09-01 12:18:00,2026-09-01 12:10:00,2026-09-01 12:18:00,2026-09-01 12:19:00,,,2026-09-01 12:24:00,2026-09-01 12:25:00,,0.0,2026-09-01 12:11:00,2026-09-01 12:40:00,,,,,Резчиков А. А.,Turkish Airlines,Выдача до 30 минут
2026-09-01,ФВ 6025 ,СУ9,САНКТ-ПЕТЕРБУРГ(ПУЛКОВО),9,Y(А04),13:24,214,2026-09-01 13:33:00,2026-09-01 13:35:00,,2026-09-01 13:37:00,2026-09-01 13:40:00,2026-09-01 13:37:00,2026-09-01 13:40:00,2026-09-01 13:38:00,2.0,2.0,2026-09-01 13:43:00,2026-09-01 13:44:00,,0.0,2026-09-01 13:42:00,2026-09-01 13:44:00,,,,,Фартушный А. И.,Россия,Выдача до 30 минут
2026-09-01,FZ 989 ,7М8,ДУБАЙ(ДУБАЙ ИНТЛ.),26A,Y(А10),14:00,2539,2026-09-01 14:08:00,2026-09-01 14:11:00,,2026-09-01 14:12:00,2026-09-01 14:36:00,2026-09-01 14:12:00,2026-09-01 14:36:00,2026-09-01 14:29:00,7.0,7.0,2026-09-01 14:26:00,2026-09-01 14:40:00,,2.0,2026-09-01 14:22:00,2026-09-01 14:27:00,2026-09-01 14:36:00,2026-09-01 15:56:00,,,"Науну М., Потапов Е. А.",flydubai,Выдача от 30 до 40 минут
2026-09-01,TK 3192 ,32Б,АНТАЛЬЯ,22,Y(А09),14:04,2009,2026-09-01 14:15:00,2026-09-01 14:16:00,,2026-09-01 14:21:00,2026-09-01 14:27:00,2026-09-01 14:21:00,2026-09-01 14:27:00,2026-09-01 14:32:00,,,2026-09-01 14:28:00,2026-09-01 14:38:00,,0.0,2026-09-01 14:07:00,2026-09-01 14:48:00,,,,,Шамсов Б. С.,Turkish Airlines,Выдача до 30 минут
2026-09-01,А4 7030 ,СУ9,ЕРЕВАН(ЗВАРТНОЦ ИНТЛ),59,Y(А13),14:08,553,2026-09-01 14:19:00,2026-09-02 14:21:00,1439.0,2026-09-01 14:22:00,2026-09-01 14:28:00,2026-09-01 14:22:00,2026-09-01 14:28:00,2026-09-01 14:27:00,1.0,2.0,2026-09-01 14:36:00,2026-09-01 14:37:00,,0.0,2026-09-01 14:30:00,2026-09-01 14:37:00,,,,,Острых В. А.,Азимут,Выдача до 30 минут
2026-09-01,ЮТ 334 ,73Е,НАРЬЯН-МАР,14,Y(А08),14:14,386,2026-09-01 14:21:00,2026-09-01 14:21:00,,2026-09-01 14:25:00,2026-09-01 14:30:00,2026-09-01 14:25:00,2026-09-01 14:30:00,2026-09-01 14:28:00,2.0,2.0,2026-09-01 14:33:00,2026-09-01 14:34:00,,0.0,2026-09-01 14:30:00,2026-09-01 14:34:00,,,,,Фартушный А. И.,Ютэйр,Выдача до 30 минут
2026-09-01,ФВ 6027 ,СУ9,САНКТ-ПЕТЕРБУРГ(ПУЛКОВО),8,Y(А04),14:20,277,2026-09-01 14:31:00,2026-09-01 14:31:00,,2026-09-01 14:32:00,2026-09-01 14:35:00,2026-09-01 14:32:00,2026-09-01 14:35:00,2026-09-01 14:37:00,,1.0,2026-09-01 14:38:00,2026-09-01 14:39:00,,0.0,2026-09-01 14:36:00,2026-09-01 14:39:00,,,,,Конюхов Я. А.,Россия,Выдача до 30 минут
2026-09-01,TK 3012 ,321,АНТАЛЬЯ,21,Y(А09),14:51,2034,2026-09-01 15:01:00,2026-09-01 15:03:00,,2026-09-01 15:05:00,2026-09-01 15:11:00,2026-09-01 15:05:00,2026-09-01 15:11:00,2026-09-01 15:19:00,,,2026-09-01 15:14:00,2026-09-01 15:19:00,,0.0,2026-09-01 14:50:00,2026-09-01 15:21:00,,,,,Чеканов В. А.,Turkish Airlines,Выдача до 30 минут
2026-09-01,ДР 160 ,73Х,КРАСНОДАР(ПАШКОВСКИЙ),47,Y(А08),13:44,694,2026-09-01 13:49:00,2026-09-01 13:52:00,,2026-09-01 13:53:00,2026-09-01 13:58:00,2026-09-01 13:53:00,2026-09-01 13:58:00,2026-09-01 13:58:00,,,2026-09-01 14:04:00,2026-09-01 14:06:00,,0.0,2026-09-01 14:00:00,2026-09-01 14:05:00,,,,,Королёв Е. А.,Победа,Выдача до 30 минут
2026-09-01,PC 388 ,32Щ,СТАМБУЛ(САБИХА ГОКЦЕН),25,Y(А10),13:48,2888,2026-09-01 13:56:00,2026-09-01 13:59:00,,2026-09-01 14:01:00,2026-09-01 14:18:00,2026-09-01 14:03:00,2026-09-01 14:18:00,2026-09-01 14:19:00,,,2026-09-01 14:16:00,2026-09-01 14:22:00,,0.0,2026-09-01 14:12:00,2026-09-01 14:15:00,2026-09-01 14:19:00,2026-09-01 14:22:00,,,"Баташан В. Ю., Чеканов В. А.",Pegasus,Выдача до 30 минут
2026-09-01,В2 979 ,733,МИНСК(МИНСК ИНТЛ.),29,Y(А13),18:58,624,2026-09-01 19:03:00,2026-09-01 19:05:00,,2026-09-01 19:06:00,2026-09-01 19:10:00,2026-09-01 19:06:00,2026-09-01 19:10:00,2026-09-01 19:11:00,,,2026-09-01 19:25:00,2026-09-01 19:26:00,2.0,0.0,2026-09-01 19:11:00,2026-09-01 19:15:00,,,,,Фартушный А. И.,Белавиа,Выдача до 30 минут
2026-09-01,AZV 3014 ,763,АНТАЛЬЯ,3,Y(А10),15:08,2350,2026-09-01 15:24:00,2026-09-01 15:25:00,,2026-09-01 15:27:00,2026-09-01 15:42:00,2026-09-01 15:27:00,2026-09-01 15:42:00,2026-09-01 15:44:00,,,2026-09-01 15:43:00,2026-09-01 15:47:00,,0.0,2026-09-01 15:27:00,2026-09-01 15:45:00,,,,,Королев А. А.,АЗУР эйр,Выдача до 30 минут
2026-09-01,ДР 856 ,73Х,ГЮМРИ(ШИРАК),48,Y(А13),16:08,1030,2026-09-01 16:14:00,2026-09-01 16:20:00,3.0,2026-09-01 16:21:00,2026-09-01 16:30:00,2026-09-01 16:21:00,2026-09-01 16:30:00,2026-09-01 16:25:00,5.0,2.0,2026-09-01 16:38:00,2026-09-01 16:40:00,,0.0,2026-09-01 16:30:00,2026-09-01 16:38:00,,,,,"Смирнов Н. В., Фартушный А. И.",Победа,Выдача до 30 минут
2026-09-01,ЮТ 276 ,73Х,СОЧИ,15,Y(А07),16:13,614,2026-09-01 16:20:00,2026-09-01 16:20:00,,2026-09-01 16:23:00,2026-09-01 16:28:00,2026-09-01 16:23:00,2026-09-01 16:28:00,2026-09-01 16:28:00,,1.0,2026-09-01 16:34:00,2026-09-01 16:37:00,,0.0,2026-09-01 16:29:00,2026-09-01 16:34:00,,,,,Острых В. А.,Ютэйр,Выдача до 30 минут
2026-09-01,ДР 116 ,73Х,СОЧИ,49,Y(А05),17:06,531,2026-09-01 17:12:00,2026-09-01 17:13:00,,2026-09-01 17:15:00,2026-09-01 17:18:00,2026-09-01 17:15:00,2026-09-01 17:18:00,2026-09-01 17:20:00,,,2026-09-01 17:25:00,2026-09-01 17:26:00,,0.0,2026-09-01 17:21:00,2026-09-01 17:26:00,,,,,Рустамов М. А.,Победа,Выдача до 30 минут
2026-09-01,ФВ 6175 ,СУ9,САНКТ-ПЕТЕРБУРГ(ПУЛКОВО),8,Y(А04),17:09,204,2026-09-01 17:14:00,2026-09-01 17:16:00,,2026-09-01 17:18:00,2026-09-01 17:20:00,2026-09-01 17:18:00,2026-09-01 17:20:00,2026-09-01 17:19:00,1.0,1.0,2026-09-01 17:24:00,2026-09-01 17:25:00,,0.0,2026-09-01 17:21:00,2026-09-01 17:26:00,,,,,Острых В. А.,Россия,Выдача до 30 минут
2026-09-01,ЮТ 374 ,73Х,МИНЕРАЛЬНЫЕ ВОДЫ,12,Y(А06),17:13,986,2026-09-01 17:19:00,2026-09-01 17:19:00,,2026-09-01 17:21:00,2026-09-01 17:29:00,2026-09-01 17:21:00,2026-09-01 17:29:00,2026-09-01 17:30:00,,1.0,2026-09-01 17:37:00,2026-09-01 17:40:00,,0.0,2026-09-01 17:34:00,2026-09-01 17:37:00,,,,,Шамсов Б. С.,Ютэйр,Выдача до 30 минут
2026-09-01,3F 325 ,320,ЕРЕВАН(ЗВАРТНОЦ ИНТЛ),25,Y(А13),17:16,1727,2026-09-01 17:22:00,2026-09-01 17:23:00,,2026-09-01 17:25:00,2026-09-01 17:36:00,2026-09-01 17:27:00,2026-09-01 17:36:00,2026-09-01 17:38:00,,,2026-09-01 17:33:00,2026-09-01 17:39:00,,0.0,2026-09-01 17:32:00,2026-09-01 17:33:00,2026-09-01 17:38:00,2026-09-01 17:41:00,,,"Конюхов Я. А., Резчиков А. А.",FLYONE Armenia,Выдача до 30 минут
2026-09-01,ДР 836 ,73Х,ГАЗИПАША,48,Y(А10),17:46,1701,2026-09-01 17:50:00,2026-09-01 17:56:00,3.0,2026-09-01 17:56:00,2026-09-01 18:07:00,2026-09-01 17:56:00,2026-09-01 18:07:00,2026-09-01 18:05:00,2.0,,2026-09-01 18:11:00,2026-09-01 18:23:00,,3.0,2026-09-01 18:02:00,2026-09-01 18:11:00,2026-09-01 18:18:00,2026-09-01 18:24:00,,,"Бородин А. В., Саидов А. С.",Победа,Выдача от 30 до 40 минут
2026-09-01,PBD 840 ,73Х,АНТАЛЬЯ,47,Y(А10),18:04,901,2026-09-01 18:08:00,2026-09-01 18:12:00,1.0,2026-09-01 18:11:00,2026-09-01 18:16:00,2026-09-01 18:11:00,2026-09-01 18:16:00,2026-09-01 18:18:00,,,2026-09-01 18:28:00,2026-09-01 18:29:00,,0.0,2026-09-01 18:16:00,2026-09-01 18:23:00,,,,,Баташан В. Ю.,Победа,Выдача до 30 минут
2026-09-01,ЖГ 926 ,73Х,ТБИЛИСИ(ТБИЛИСИ ИНТЛ.),29,Y(А11),16:04,1374,2026-09-01 16:14:00,2026-09-01 16:19:00,2.0,2026-09-01 16:18:00,2026-09-01 16:28:00,2026-09-01 16:18:00,2026-09-01 16:28:00,2026-09-01 16:27:00,1.0,1.0,2026-09-01 16:26:00,2026-09-01 16:32:00,,0.0,2026-09-01 16:24:00,2026-09-01 16:26:00,2026-09-01 16:29:00,2026-09-01 16:32:00,,,Королёв Е. А.,GEORGIAN AIRWAYS,Выдача до 30 минут
2026-09-01,ДР 466 ,73Х,УЛЬЯНОВСК(БАРАТАЕВКА),16,Y(А05),17:57,364,2026-09-01 18:05:00,2026-09-01 18:14:00,6.0,2026-09-01 18:10:00,2026-09-01 18:12:00,2026-09-01 18:10:00,2026-09-01 18:12:00,2026-09-01 18:11:00,1.0,,2026-09-01 18:17:00,2026-09-01 18:19:00,,0.0,2026-09-01 18:14:00,2026-09-01 18:17:00,,,,,Давлатов Б. Ч.,Победа,Выдача до 30 минут
2026-09-01,PBD 736 ,73Х,ГАЗИПАША,50,Y(А12),18:12,1471,2026-09-01 18:17:00,2026-09-01 18:17:00,,2026-09-01 18:20:00,2026-09-01 18:30:00,2026-09-01 18:20:00,2026-09-01 18:30:00,2026-09-01 18:31:00,,,2026-09-01 18:31:00,2026-09-01 18:44:00,,0.0,2026-09-01 18:26:00,2026-09-01 18:32:00,2026-09-01 18:42:00,2026-09-01 18:43:00,,,Острых В. А.,Победа,Выдача до 30 минут
2026-09-01,НВЦ 9152 ,32Щ,САБЕТТА,13,Y(А06),18:15,1438,2026-09-01 18:23:00,2026-09-01 18:25:00,,2026-09-01 18:27:00,2026-09-01 18:40:00,2026-09-01 18:27:00,2026-09-01 18:40:00,2026-09-01 18:37:00,3.0,3.0,2026-09-01 18:36:00,2026-09-01 18:45:00,,0.0,2026-09-01 18:32:00,2026-09-01 18:37:00,2026-09-01 18:40:00,2026-09-01 18:44:00,,,Чеканов В. А.,Северо-Запад,Выдача до 30 минут
2026-09-01,ЮТ 456 ,735,НОЯБРЬСК,10,Y(А07),18:20,398,2026-09-01 18:26:00,2026-09-01 18:26:00,,2026-09-01 18:29:00,2026-09-01 18:35:00,2026-09-01 18:29:00,2026-09-01 18:35:00,2026-09-01 18:33:00,2.0,3.0,2026-09-01 18:38:00,2026-09-01 18:40:00,,0.0,2026-09-01 18:35:00,2026-09-01 18:38:00,,,,,Рустамов М. А.,Ютэйр,Выдача до 30 минут
2026-09-01,ФВ 6177 ,СУ9,САНКТ-ПЕТЕРБУРГ(ПУЛКОВО),9,Y(А04),18:23,153,2026-09-01 18:28:00,2026-09-01 18:32:00,1.0,2026-09-01 18:34:00,2026-09-01 18:37:00,2026-09-01 18:34:00,2026-09-01 18:37:00,2026-09-01 18:33:00,4.0,2.0,2026-09-01 18:41:00,2026-09-01 18:42:00,,0.0,2026-09-01 18:38:00,2026-09-01 18:43:00,,,,,Конюхов Я. А.,Россия,Выдача до 30 минут
2026-09-01,ДР 404 ,7С8,ЕКАТЕРИНБУРГ(КОЛЬЦОВО),49,Y(А08),18:38,449,2026-09-01 18:44:00,2026-09-01 18:46:00,,2026-09-01 18:47:00,2026-09-01 18:50:00,2026-09-01 18:47:00,2026-09-01 18:50:00,2026-09-01 18:51:00,,,2026-09-01 18:57:00,2026-09-01 19:00:00,,0.0,2026-09-01 18:49:00,2026-09-01 18:57:00,,,,,Баташан В. Ю.,Победа,Выдача до 30 минут
2026-09-01,ЮТ 464 ,73Х,ТЮМЕНЬ(РОЩИНО),17,Y(А05),18:42,1034,2026-09-01 18:50:00,2026-09-01 18:52:00,,2026-09-01 18:53:00,2026-09-01 19:02:00,2026-09-01 18:53:00,2026-09-01 19:02:00,2026-09-01 19:01:00,1.0,2.0,2026-09-01 19:09:00,2026-09-01 19:11:00,,0.0,2026-09-01 19:05:00,2026-09-01 19:09:00,,,,,Конюхов Я. А.,Ютэйр,Выдача до 30 минут
2026-09-01,А4 7010 ,СУ9,ТБИЛИСИ(ТБИЛИСИ ИНТЛ.),24,Y(А12),16:10,1475,2026-09-01 16:24:00,2026-09-01 16:25:00,,2026-09-01 16:22:00,2026-09-01 16:36:00,2026-09-01 16:22:00,2026-09-01 16:36:00,2026-09-01 16:38:00,,4.0,2026-09-01 16:36:00,2026-09-01 16:41:00,,0.0,2026-09-01 16:34:00,2026-09-01 16:39:00,2026-09-01 16:42:00,2026-09-01 16:43:00,,,Конюхов Я. А.,Азимут,Выдача до 30 минут
2026-09-01,ЮТ 746 ,73Х,БАКУ(ИМ. ГЕЙДАРА АЛИЕВА),19,Y(А12),18:00,1707,2026-09-01 18:06:00,2026-09-01 18:13:00,4.0,2026-09-01 18:14:00,2026-09-01 18:29:00,2026-09-01 18:14:00,2026-09-01 18:29:00,2026-09-01 18:21:00,8.0,4.0,2026-09-01 18:30:00,2026-09-01 18:43:00,4.0,7.0,2026-09-01 18:25:00,2026-09-01 18:29:00,2026-09-01 18:33:00,2026-09-01 18:39:00,,,Королёв Е. А.,Ютэйр,Выдача от 30 до 40 минут
2026-09-01,ЮТ 398 ,735,ГЕЛЕНДЖИК,41A,Y(А07),19:09,631,2026-09-01 19:15:00,2026-09-01 19:16:00,,2026-09-01 19:20:00,2026-09-01 19:26:00,2026-09-01 19:20:00,2026-09-01 19:26:00,2026-09-01 19:23:00,3.0,2.0,2026-09-01 19:36:00,2026-09-01 19:37:00,,0.0,2026-09-01 19:29:00,2026-09-01 19:33:00,,,,,Шамсов Б. С.,Ютэйр,Выдача до 30 минут
2026-09-01,ЮТ 744 ,734,ГЯНДЖА,11,Y(А11),17:53,1589,2026-09-01 17:59:00,2026-09-01 18:01:00,,2026-09-01 18:02:00,2026-09-01 18:15:00,2026-09-01 18:02:00,2026-09-01 18:15:00,2026-09-01 18:14:00,1.0,2.0,2026-09-01 18:12:00,2026-09-01 18:46:00,,17.0,2026-09-01 18:09:00,2026-09-01 18:12:00,2026-09-01 18:20:00,2026-09-01 18:21:00,,,Смирнов Н. В.,Ютэйр,Выдача более 40 минут
2026-09-01,PC 1580 ,32Н,АНТАЛЬЯ,24,Y(А11),22:27,2081,2026-09-01 22:35:00,2026-09-01 22:37:00,,2026-09-01 22:38:00,2026-09-01 22:55:00,2026-09-01 22:38:00,2026-09-01 22:55:00,2026-09-01 22:53:00,2.0,3.0,2026-09-01 22:52:00,2026-09-01 23:01:00,,0.0,2026-09-01 22:47:00,2026-09-01 22:51:00,2026-09-01 22:58:00,2026-09-01 23:01:00,,,Фартушный А. И.,Pegasus,Выдача до 30 минут
2026-09-01,УР 512 ,75В,БОДРУМ(МИЛАС),18,Y(А11),19:32,1103,2026-09-01 19:39:00,2026-09-01 19:42:00,,2026-09-01 19:42:00,2026-09-01 19:55:00,2026-09-01 19:42:00,2026-09-01 19:55:00,2026-09-01 19:50:00,5.0,6.0,2026-09-01 19:56:00,2026-09-01 19:58:00,,0.0,2026-09-01 19:51:00,2026-09-01 19:56:00,,,,,Кутейников А. В.,FLYONE Armenia,Выдача до 30 минут
2026-09-01,ЮТ 250 ,73Х,СОЧИ,11,Y(А06),19:38,931,2026-09-01 19:46:00,2026-09-01 19:46:00,,2026-09-01 19:48:00,2026-09-01 19:56:00,2026-09-01 19:48:00,2026-09-01 19:56:00,2026-09-01 19:56:00,,2.0,2026-09-01 20:00:00,2026-09-01 20:01:00,,0.0,2026-09-01 19:55:00,2026-09-01 19:58:00,,,,,Михайлов М. С.,Ютэйр,Выдача до 30 минут
2026-09-01,ХИ 9627 ,32Н,ФЕРГАНА(ФЕРГАНА ИНТЛ.),24,Y(А10),19:44,1870,2026-09-01 19:51:00,2026-09-01 19:53:00,,2026-09-01 19:55:00,2026-09-01 20:09:00,2026-09-01 19:55:00,2026-09-01 20:09:00,2026-09-01 20:07:00,2.0,2.0,2026-09-01 20:05:00,2026-09-01 20:15:00,,0.0,2026-09-01 20:01:00,2026-09-01 20:06:00,2026-09-01 20:15:00,2026-09-01 20:16:00,,,"Давлатов Б. Ч., Лаптев В. В.",UZBEKISTAN AIRWAYS,Выдача до 30 минут
2026-09-01,ЮТ 296 ,73Х,СУРГУТ,16,Y(А05),19:46,794,2026-09-01 19:53:00,2026-09-01 19:53:00,,2026-09-01 19:55:00,2026-09-01 19:59:00,2026-09-01 19:55:00,2026-09-01 19:59:00,2026-09-01 20:02:00,,,2026-09-01 20:06:00,2026-09-01 20:10:00,,0.0,2026-09-01 20:03:00,2026-09-01 20:07:00,,,,,Скулов Е. С.,Ютэйр,Выдача до 30 минут
2026-09-01,AZO 7054 ,СУ9,БАТУМИ,28,Y(А12),19:50,1036,2026-09-01 19:58:00,2026-09-01 20:02:00,1.0,2026-09-01 20:02:00,2026-09-01 20:12:00,2026-09-01 20:02:00,2026-09-01 20:12:00,2026-09-01 20:09:00,3.0,3.0,2026-09-01 20:17:00,2026-09-01 20:19:00,,0.0,2026-09-01 20:14:00,2026-09-01 20:17:00,,,,,Шамсов Б. С.,GEORGIAN AIRWAYS,Выдача до 30 минут
2026-09-01,ХИ 9621 ,320,АНДИЖАН,26,Y(А10),20:14,1897,2026-09-01 20:25:00,2026-09-01 20:27:00,,2026-09-01 20:28:00,2026-09-01 20:42:00,2026-09-01 20:28:00,2026-09-01 20:42:00,2026-09-01 20:42:00,,1.0,2026-09-01 20:38:00,2026-09-01 20:48:00,,0.0,2026-09-01 20:35:00,2026-09-01 20:38:00,2026-09-01 20:48:00,2026-09-01 20:49:00,,,Пельгуев Д.,UZBEKISTAN AIRWAYS,Выдача до 30 минут
2026-09-01,ДР 994 ,7С8,СТАМБУЛ(СТАМБУЛ НЬЮ),49,Y(А11),21:30,1590,2026-09-01 21:39:00,2026-09-01 21:40:00,,2026-09-01 21:41:00,2026-09-01 21:49:00,2026-09-01 21:41:00,2026-09-01 21:49:00,2026-09-01 21:54:00,,,2026-09-01 21:52:00,2026-09-01 22:06:00,,0.0,2026-09-01 21:46:00,2026-09-01 21:53:00,2026-09-01 21:58:00,2026-09-01 22:06:00,,,Ушаков М. В.,Победа,Выдача до 30 минут
2026-09-01,ЮТ 802 ,762,ДУШАНБЕ(ДУШАНБЕ ИНТЛ.),64,Y(А09),19:28,3058,2026-09-01 19:43:00,2026-09-01 19:45:00,,2026-09-01 19:46:00,2026-09-01 20:06:00,2026-09-01 19:46:00,2026-09-01 20:06:00,2026-09-01 20:07:00,,,2026-09-01 20:03:00,2026-09-01 21:26:00,,73.0,2026-09-01 19:46:00,2026-09-01 20:06:00,2026-09-01 19:45:00,2026-09-01 20:24:00,,,Соболь М. Ф.,Ютэйр,Выдача более 40 минут
2026-09-01,ЮТ 810 ,73Х,САМАРКАНД(САМАРКАНД ИНТЛ.),20,Y(А11),20:17,877,2026-09-01 20:25:00,2026-09-01 20:27:00,,2026-09-01 20:27:00,2026-09-01 20:33:00,2026-09-01 20:27:00,2026-09-01 20:33:00,2026-09-01 20:35:00,,,2026-09-01 20:38:00,2026-09-01 20:41:00,,0.0,2026-09-01 20:33:00,2026-09-01 20:37:00,,,,,"Фозылов Б. З., Чеканов В. А.",Ютэйр,Выдача до 30 минут
2026-09-01,ХИ 613 ,763,ТАШКЕНТ(ТАШКЕНТ ИНТЛ.),23,Y(А09),20:47,4586,2026-09-01 21:00:00,2026-09-01 21:02:00,,2026-09-01 21:05:00,2026-09-01 21:31:00,2026-09-01 21:05:00,2026-09-01 21:31:00,2026-09-01 21:35:00,,,2026-09-01 21:30:00,2026-09-01 21:38:00,10.0,8.0,2026-09-01 21:05:00,2026-09-01 21:31:00,,,,,Минченко А. И.,UZBEKISTAN AIRWAYS,Выдача от 30 до 40 минут
2026-09-01,ДР 206 ,73Х,САНКТ-ПЕТЕРБУРГ(ПУЛКОВО),46,Y(А04),20:52,190,2026-09-01 21:00:00,2026-09-01 21:03:00,,2026-09-01 21:02:00,2026-09-01 21:04:00,2026-09-01 21:02:00,2026-09-01 21:04:00,2026-09-01 21:05:00,,1.0,2026-09-01 21:11:00,2026-09-01 21:13:00,,0.0,2026-09-01 21:06:00,2026-09-01 21:12:00,,,,,Ушаков М. В.,Победа,Выдача до 30 минут
2026-09-01,ДР 158 ,7С8,КРАСНОДАР(ПАШКОВСКИЙ),48,Y(А05),21:04,517,2026-09-01 21:08:00,2026-09-01 21:09:00,,2026-09-01 21:11:00,2026-09-01 21:15:00,2026-09-01 21:11:00,2026-09-01 21:15:00,2026-09-01 21:15:00,,1.0,2026-09-01 21:23:00,2026-09-01 21:24:00,,0.0,2026-09-01 21:16:00,2026-09-01 21:23:00,,,,,Скулов Е. С.,Победа,Выдача до 30 минут
2026-09-01,ЯК 736 ,73Х,ПЕВЕК,17,Y(А06),21:18,2079,2026-09-01 21:27:00,2026-09-01 21:27:00,,2026-09-01 21:31:00,2026-09-01 21:55:00,2026-09-01 21:31:00,2026-09-01 21:55:00,2026-09-01 21:45:00,10.0,10.0,2026-09-01 21:42:00,2026-09-01 22:01:00,,4.0,2026-09-01 21:37:00,2026-09-01 21:43:00,2026-09-01 21:55:00,2026-09-01 22:24:00,,,Саидов А. С.,Якутия,Выдача от 30 до 40 минут
2026-09-01,ФВ 6183 ,СУ9,САНКТ-ПЕТЕРБУРГ(ПУЛКОВО),8,Y(А04),21:23,128,2026-09-01 21:33:00,2026-09-01 21:33:00,,2026-09-01 21:35:00,2026-09-01 21:37:00,2026-09-01 21:35:00,2026-09-01 21:37:00,2026-09-01 21:38:00,,1.0,2026-09-01 21:41:00,2026-09-01 21:42:00,,0.0,2026-09-01 21:37:00,2026-09-01 21:41:00,,,,,Михайлов М. С.,Россия,Выдача до 30 минут
2026-09-01,PBD 860 ,73Х,АНТАЛЬЯ,47,Y(А12),20:36,1164,2026-09-01 20:43:00,2026-09-01 20:46:00,,2026-09-01 20:46:00,2026-09-01 20:56:00,2026-09-01 20:46:00,2026-09-01 20:56:00,2026-09-01 20:55:00,1.0,2.0,2026-09-01 21:07:00,2026-09-01 21:10:00,,0.0,2026-09-01 20:57:00,2026-09-01 21:07:00,,,,,Бородин А. В.,Победа,Выдача до 30 минут
2026-09-01,ФВ 6179 ,СУ9,САНКТ-ПЕТЕРБУРГ(ПУЛКОВО),8,Y(А04),19:25,108,2026-09-01 19:34:00,2026-09-01 19:35:00,,2026-09-01 19:38:00,2026-09-01 19:39:00,2026-09-01 19:38:00,2026-09-01 19:39:00,2026-09-01 19:39:00,,,2026-09-01 19:42:00,2026-09-01 19:43:00,,0.0,2026-09-01 19:41:00,2026-09-01 19:42:00,,,,,Музафаров А. С.,Россия,Выдача до 30 минут
2026-09-01,ХИ 9619 ,32Н,НАМАНГАН,25,Y(А10),20:39,2000,2026-09-01 20:49:00,2026-09-01 20:50:00,,2026-09-01 20:51:00,2026-09-01 21:07:00,2026-09-01 20:51:00,2026-09-01 21:07:00,2026-09-01 21:06:00,1.0,3.0,2026-09-01 21:02:00,2026-09-01 21:13:00,,0.0,2026-09-01 20:57:00,2026-09-01 21:01:00,2026-09-01 21:07:00,2026-09-01 21:11:00,,,Кутейников А. В.,UZBEKISTAN AIRWAYS,Выдача до 30 минут
2026-09-01,ЮТ 576 ,734,КРАСНОДАР(ПАШКОВСКИЙ),15,Y(А07),21:26,992,2026-09-01 21:34:00,2026-09-01 21:36:00,,2026-09-01 21:36:00,2026-09-01 21:45:00,2026-09-01 21:36:00,2026-09-01 21:45:00,2026-09-01 21:45:00,,2.0,2026-09-01 21:57:00,2026-09-01 21:58:00,3.0,0.0,2026-09-01 21:47:00,2026-09-01 21:55:00,,,,,Соболь М. Ф.,Ютэйр,Выдача до 30 минут
2026-09-01,DV 815 ,7М8,АЛМАТЫ(АЛМАТЫ ИНТЛ.),19,Y(А13),21:14,1557,2026-09-01 21:21:00,2026-09-01 21:23:00,,2026-09-01 21:24:00,2026-09-01 21:36:00,2026-09-01 21:24:00,2026-09-01 21:36:00,2026-09-01 21:35:00,1.0,2.0,2026-09-01 21:37:00,2026-09-01 21:53:00,,2.0,2026-09-01 21:37:00,2026-09-01 21:38:00,2026-09-01 21:48:00,2026-09-01 21:53:00,,,"Науну М., Острых В. А.",SCAT Airlines,Выдача от 30 до 40 минут
2026-09-01,TK 3070 ,321,АНТАЛЬЯ,21,Y(А09),11:54,2029,2026-09-01 12:01:00,2026-09-01 12:04:00,,2026-09-01 12:06:00,2026-09-01 12:16:00,2026-09-01 12:06:00,2026-09-01 12:16:00,2026-09-01 12:19:00,,,2026-09-01 12:15:00,2026-09-01 12:26:00,,0.0,2026-09-01 12:18:00,2026-09-01 12:32:00,,,,,Шамсов Б. С.,Turkish Airlines,Выдача до 30 минут
2026-09-01,ЮТ 784 ,73Х,АНТАЛЬЯ,11,Y(А12),21:45,980,2026-09-01 21:55:00,2026-09-01 21:57:00,,2026-09-01 21:58:00,2026-09-01 22:07:00,2026-09-01 21:58:00,2026-09-01 22:07:00,2026-09-01 22:06:00,1.0,2.0,2026-09-01 22:09:00,2026-09-01 22:15:00,,0.0,2026-09-01 22:08:00,2026-09-01 22:09:00,,,,,Лаптев В. В.,Ютэйр,Выдача до 30 минут
2026-09-01,DV 813 ,738,АСТАНА(НУРСУЛТАН НАЗАРБАЕВ),19,Y(А13),22:39,1319,2026-09-01 22:51:00,2026-09-01 22:51:00,,2026-09-01 22:54:00,2026-09-01 23:07:00,2026-09-01 22:54:00,2026-09-01 23:07:00,2026-09-01 23:04:00,3.0,4.0,2026-09-01 23:11:00,2026-09-01 23:21:00,,0.0,2026-09-01 23:01:00,2026-09-01 23:11:00,2026-09-01 23:16:00,2026-09-01 23:22:00,,,Лаптев В. В.,SCAT Airlines,Выдача до 30 минут
2026-09-01,А4 7036 ,СУ9,ПСКОВ(КРЕСТЫ),45,Y(А04),22:43,197,2026-09-01 22:49:00,2026-09-01 22:50:00,,2026-09-01 22:54:00,2026-09-01 22:56:00,2026-09-01 22:54:00,2026-09-01 22:56:00,2026-09-01 22:54:00,2.0,1.0,2026-09-01 23:02:00,2026-09-01 23:03:00,,0.0,2026-09-01 22:56:00,2026-09-01 23:02:00,,,,,Науну М.,Азимут,Выдача до 30 минут
2026-09-01,FZ 951 ,7М8,ДУБАЙ(ДУБАЙ ИНТЛ.),29,Y(А10),22:53,1815,2026-09-01 23:01:00,2026-09-01 23:02:00,,2026-09-01 23:04:00,2026-09-01 23:17:00,2026-09-01 23:04:00,2026-09-01 23:17:00,2026-09-01 23:17:00,,1.0,2026-09-01 23:13:00,2026-09-01 23:24:00,,0.0,2026-09-01 23:11:00,2026-09-01 23:17:00,2026-09-01 23:19:00,2026-09-01 23:24:00,,,Музафаров А. С.,flydubai,Выдача до 30 минут
2026-09-01,ДР 964 ,7С8,ДАЛАМАН,50,Y(А12),22:57,1078,2026-09-01 23:06:00,2026-09-01 23:09:00,,2026-09-01 23:11:00,2026-09-01 23:19:00,2026-09-01 23:11:00,2026-09-01 23:19:00,2026-09-01 23:17:00,2.0,1.0,2026-09-01 23:29:00,2026-09-01 23:36:00,,0.0,2026-09-01 23:22:00,2026-09-01 23:28:00,,,,,Острых В. А.,Победа,Выдача до 30 минут
2026-09-01,NE 610 ,320,ХУРГАДА(ХУРГАДА ИНТЛ.),21,Y(А09),22:16,1799,2026-09-01 22:26:00,2026-09-01 22:30:00,1.0,2026-09-01 22:31:00,2026-09-01 22:46:00,2026-09-01 22:31:00,2026-09-01 22:46:00,2026-09-01 22:42:00,4.0,3.0,2026-09-01 22:41:00,2026-09-01 22:55:00,,0.0,2026-09-01 22:37:00,2026-09-01 22:41:00,2026-09-01 22:51:00,2026-09-01 22:55:00,,,Литвин И. С.,Nesma Airlines,Выдача до 30 минут
2026-09-01,TK 411 ,333,СТАМБУЛ(СТАМБУЛ НЬЮ),22,Y(А09),23:01,5608,2026-09-01 23:14:00,2026-09-01 23:16:00,,2026-09-01 23:17:00,2026-09-01 23:39:00,2026-09-01 23:17:00,2026-09-01 23:39:00,2026-09-01 23:55:00,,,2026-09-01 23:32:00,2026-09-01 23:42:00,,0.0,2026-09-01 23:17:00,2026-09-01 23:34:00,2026-09-01 23:08:00,2026-09-01 23:38:00,2026-09-01 23:17:00,2026-09-01 23:42:00,"Бородин А. В., Шамсов Б. С.",Turkish Airlines,Выдача до 30 минут
2026-09-01,ДР 422 ,73Х,САМАРА(КУРУМОЧ),47,Y(А07),22:47,313,2026-09-01 22:53:00,2026-09-01 22:55:00,,2026-09-01 22:55:00,2026-09-01 22:57:00,2026-09-01 22:55:00,2026-09-01 22:57:00,2026-09-01 22:59:00,,,2026-09-01 23:06:00,2026-09-01 23:07:00,,0.0,2026-09-01 22:55:00,2026-09-01 23:06:00,,,,,Давлатов Б. Ч.,Победа,Выдача до 30 минут
2026-09-01,ХИ 605 ,320,САМАРКАНД(САМАРКАНД ИНТЛ.),26,Y(А11),23:24,1302,2026-09-01 23:38:00,2026-09-01 23:40:00,,2026-09-01 23:41:00,2026-09-01 23:49:00,2026-09-01 23:41:00,2026-09-01 23:49:00,2026-09-01 23:51:00,,,2026-09-01 23:54:00,2026-09-01 23:57:00,,0.0,2026-09-01 23:35:00,2026-09-01 23:57:00,2026-09-02 00:03:00,2026-09-02 00:04:00,,,Науну М.,UZBEKISTAN AIRWAYS,Выдача до 30 минут
2026-09-01,ДР 190 ,73Х,МАХАЧКАЛА,44,Y(А05),23:14,592,2026-09-01 23:23:00,2026-09-01 23:28:00,2.0,2026-09-01 23:27:00,2026-09-01 23:34:00,2026-09-01 23:27:00,2026-09-01 23:34:00,2026-09-01 23:31:00,3.0,3.0,2026-09-01 23:41:00,2026-09-01 23:43:00,,0.0,2026-09-01 23:35:00,2026-09-01 23:41:00,,,,,Саидов А. С.,Победа,Выдача до 30 минут
2026-09-01,ДР 486 ,73Х,УЛЬЯНОВСК(БАРАТАЕВКА),48,Y(А04),23:19,247,2026-09-01 23:27:00,2026-09-01 23:29:00,,2026-09-01 23:29:00,2026-09-01 23:31:00,2026-09-01 23:29:00,2026-09-01 23:31:00,2026-09-01 23:33:00,,,2026-09-01 23:38:00,2026-09-01 23:39:00,,0.0,2026-09-01 23:33:00,2026-09-01 23:39:00,,,,,Баташан В. Ю.,Победа,Выдача до 30 минут
2026-09-01,TK 3060 ,321,АНТАЛЬЯ,20,Y(А09),23:57,2374,2026-09-02 00:06:00,2026-09-02 00:09:00,,2026-09-02 00:10:00,2026-09-02 00:31:00,2026-09-02 00:10:00,2026-09-02 00:31:00,2026-09-02 00:26:00,5.0,5.0,2026-09-02 00:24:00,2026-09-02 00:34:00,,0.0,2026-09-02 00:07:00,2026-09-02 00:57:00,,,,,Литвин И. С.,Turkish Airlines,Выдача до 30 минут
2026-09-01,ФВ 6189 ,СУ9,САНКТ-ПЕТЕРБУРГ(ПУЛКОВО),8,Y(А04),23:53,107,2026-09-02 00:01:00,2026-09-02 00:03:00,,2026-09-02 00:05:00,2026-09-02 00:07:00,2026-09-02 00:05:00,2026-09-02 00:07:00,2026-09-02 00:06:00,1.0,1.0,2026-09-02 00:10:00,2026-09-02 00:11:00,,0.0,2026-09-02 00:08:00,2026-09-02 00:10:00,,,,,Давлатов Б. Ч.,Россия,Выдача до 30 минут
2026-09-01,J2 805 ,76В,БАКУ(ИМ. ГЕЙДАРА АЛИЕВА),18,Y(А10),22:35,3956,-1,,,2026-09-01 22:49:00,2026-09-01 23:07:00,2026-09-01 22:49:00,2026-09-01 23:07:00,,,,2026-09-01 23:03:00,2026-09-01 23:15:00,,0.0,2026-09-01 22:49:00,2026-09-01 23:07:00,2026-09-01 22:36:00,2026-09-01 23:22:00,,,Королев А. А.,AZAL,Некорректно проставлены отметки
2026-09-01,J2 809 ,763,БАКУ(ИМ. ГЕЙДАРА АЛИЕВА),19,Y(А09),23:46,2966,2026-09-02 00:00:00,2026-09-02 00:02:00,,2026-09-02 00:05:00,2026-09-02 00:26:00,2026-09-02 00:05:00,2026-09-02 00:26:00,2026-09-02 00:24:00,2.0,1.0,2026-09-02 00:13:00,2026-09-02 00:35:00,,5.0,2026-09-02 00:05:00,2026-09-02 00:26:00,2026-09-01 23:51:00,2026-09-02 00:31:00,,,Ушаков М. В.,AZAL,Выдача от 30 до 40 минут
2026-09-01,FZ 987 ,7М8,ДУБАЙ(ДУБАЙ ИНТЛ.),30,Y(А12),23:35,2019,2026-09-01 23:45:00,2026-09-01 23:48:00,,2026-09-01 23:48:00,2026-09-02 00:02:00,2026-09-01 23:48:00,2026-09-02 00:02:00,2026-09-02 00:02:00,,1.0,2026-09-01 23:54:00,2026-09-02 00:07:00,,0.0,2026-09-01 23:51:00,2026-09-01 23:54:00,2026-09-02 00:03:00,2026-09-02 00:07:00,,,"Пельгуев Д., Скулов Е. С.",flydubai,Выдача до 30 минут
2026-09-01,TK 211 ,321,АНТАЛЬЯ,23,Y(А10),23:28,1924,2026-09-01 23:40:00,2026-09-01 23:43:00,,2026-09-01 23:43:00,2026-09-02 00:05:00,2026-09-01 23:43:00,2026-09-02 00:05:00,2026-09-01 23:57:00,8.0,9.0,2026-09-01 23:59:00,2026-09-02 00:12:00,,2.0,2026-09-01 23:45:00,2026-09-02 00:30:00,,,,,Кутейников А. В.,Turkish Airlines,Выдача от 30 до 40 минут
2026-09-02,ЮТ 444 ,735,ТЮМЕНЬ(РОЩИНО),12,Y(А04),00:51,437,2026-09-02 01:00:00,2026-09-02 01:01:00,,2026-09-02 01:06:00,2026-09-02 01:09:00,2026-09-02 01:06:00,2026-09-02 01:09:00,2026-09-02 01:07:00,2.0,,2026-09-02 01:12:00,2026-09-02 01:15:00,,0.0,2026-09-02 01:10:00,2026-09-02 01:14:00,,,,,Пельгуев Д.,Ютэйр,Выдача до 30 минут
2026-09-02,TK 421 ,333,СТАМБУЛ(СТАМБУЛ НЬЮ),22,Y(А09),00:48,5236,2026-09-02 01:02:00,2026-09-02 01:05:00,,2026-09-02 01:03:00,2026-09-02 01:20:00,2026-09-02 01:04:00,2026-09-02 01:20:00,2026-09-02 01:41:00,,,2026-09-02 01:24:00,2026-09-02 01:30:00,2.0,0.0,2026-09-02 01:04:00,2026-09-02 01:25:00,2026-09-02 00:34:00,2026-09-02 01:27:00,2026-09-02 01:00:00,2026-09-02 01:25:00,"Михайлов М. С., Фартушный А. И.",Turkish Airlines,Выдача до 30 минут
2026-09-02,ДР 264 ,73Х,КАЛИНИНГРАД(ХРАБРОВО),47,Y(А05),00:46,462,2026-09-02 00:53:00,2026-09-02 00:55:00,,2026-09-02 00:57:00,2026-09-02 01:00:00,2026-09-02 00:57:00,2026-09-02 01:00:00,2026-09-02 01:00:00,,,2026-09-02 01:11:00,2026-09-02 01:12:00,,0.0,2026-09-02 01:02:00,2026-09-02 01:08:00,,,,,Фозылов Б. З.,Победа,Выдача до 30 минут
2026-09-02,AZO 7008 ,СУ9,ТБИЛИСИ(ТБИЛИСИ ИНТЛ.),51A,Y(А11),00:41,1580,2026-09-02 00:53:00,2026-09-02 00:56:00,,2026-09-02 00:59:00,2026-09-02 01:17:00,2026-09-02 00:59:00,2026-09-02 01:17:00,2026-09-02 01:08:00,9.0,7.0,2026-09-02 01:20:00,2026-09-02 01:27:00,,4.0,2026-09-02 01:07:00,2026-09-02 01:15:00,2026-09-02 01:20:00,2026-09-02 01:27:00,,,Бородин А. В.,GEORGIAN AIRWAYS,Выдача от 30 до 40 минут
2026-09-02,TK 3178 ,321,ДАЛАМАН,31,Y(А10),00:38,2459,2026-09-02 00:53:00,2026-09-02 00:53:00,,2026-09-02 00:57:00,2026-09-02 01:12:00,2026-09-02 00:57:00,2026-09-02 01:12:00,2026-09-02 01:13:00,,,2026-09-02 01:06:00,2026-09-02 01:22:00,,0.0,2026-09-02 01:03:00,2026-09-02 01:07:00,2026-09-02 01:22:00,2026-09-02 01:23:00,,,Давлатов Б. Ч.,Turkish Airlines,Выдача до 30 минут
2026-09-02,TK 3084 ,321,ДАЛАМАН,21,Y(А10),00:30,2160,2026-09-02 00:41:00,2026-09-02 00:43:00,,2026-09-02 00:46:00,2026-09-02 01:00:00,2026-09-02 00:46:00,2026-09-02 01:00:00,2026-09-02 00:59:00,1.0,,2026-09-02 00:50:00,2026-09-02 01:13:00,,2.0,2026-09-02 01:02:00,2026-09-02 01:12:00,,,,,Острых В. А.,Turkish Airlines,Выдача от 30 до 40 минут
2026-09-02,TK 3014 ,321,АНТАЛЬЯ,25,Y(А10),00:28,2646,2026-09-02 00:39:00,2026-09-02 00:40:00,,2026-09-02 00:43:00,2026-09-02 01:00:00,2026-09-02 00:43:00,2026-09-02 01:00:00,2026-09-02 01:01:00,,,2026-09-02 00:52:00,2026-09-02 01:06:00,,0.0,2026-09-02 00:32:00,2026-09-02 00:55:00,2026-09-02 00:46:00,2026-09-02 01:09:00,,,Чеканов В. А.,Turkish Airlines,Выдача до 30 минут
2026-09-02,TK 217 ,32Б,АНТАЛЬЯ,29,Y(А12),00:25,1283,2026-09-02 00:37:00,2026-09-02 00:41:00,1.0,2026-09-02 00:45:00,2026-09-02 00:52:00,2026-09-02 00:45:00,2026-09-02 00:52:00,2026-09-02 00:50:00,2.0,,2026-09-02 00:49:00,2026-09-02 00:59:00,,0.0,2026-09-02 01:17:00,2026-09-02 01:26:00,,,,,Баташан В. Ю.,Turkish Airlines,Выдача до 30 минут
2026-09-02,TK 3002 ,321,АНТАЛЬЯ,27,Y(А09),00:22,2788,2026-09-02 00:35:00,2026-09-02 00:37:00,,2026-09-02 00:39:00,2026-09-02 01:00:00,2026-09-02 00:39:00,2026-09-02 01:00:00,2026-09-02 00:58:00,2.0,2.0,2026-09-02 00:51:00,2026-09-02 01:04:00,,0.0,2026-09-02 00:10:00,2026-09-02 00:51:00,2026-09-02 00:27:00,2026-09-02 01:07:00,,,Лаптев В. В.,Turkish Airlines,Выдача до 30 минут
2026-09-02,ЖГ 936 ,73Х,ТБИЛИСИ(ТБИЛИСИ ИНТЛ.),30,Y(А11),12:25,893,2026-09-02 12:30:00,2026-09-02 12:33:00,,2026-09-02 12:36:00,2026-09-02 12:43:00,2026-09-02 12:36:00,2026-09-02 12:43:00,2026-09-02 12:40:00,3.0,1.0,2026-09-02 12:48:00,2026-09-02 12:50:00,,0.0,2026-09-02 12:44:00,2026-09-02 12:47:00,,,,,Соколов И. С.,GEORGIAN AIRWAYS,Выдача до 30 минут
2026-09-02,ЮТ 358 ,73Х,САМАРА(КУРУМОЧ),16,Y(А05),00:14,340,2026-09-02 00:22:00,2026-09-02 00:26:00,1.0,2026-09-02 00:25:00,2026-09-02 00:28:00,2026-09-02 00:25:00,2026-09-02 00:28:00,2026-09-02 00:28:00,,1.0,2026-09-02 00:36:00,2026-09-02 00:38:00,,0.0,2026-09-02 00:28:00,2026-09-02 00:36:00,,,,,Фартушный А. И.,Ютэйр,Выдача до 30 минут
2026-09-02,TK 409 ,32Б,СТАМБУЛ(СТАМБУЛ НЬЮ),24,Y(А10),00:04,3254,2026-09-02 00:17:00,2026-09-02 00:20:00,,2026-09-02 00:21:00,2026-09-02 00:35:00,2026-09-02 00:21:00,2026-09-02 00:35:00,2026-09-02 00:43:00,,,2026-09-02 00:33:00,2026-09-02 00:48:00,,1.0,2026-09-02 00:04:00,2026-09-02 00:34:00,2026-09-02 00:16:00,2026-09-02 00:49:00,,,Минченко А. И.,Turkish Airlines,Выдача от 30 до 40 минут
2026-09-02,ЮТ 376 ,734,СЫКТЫВКАР,17,Y(А04),00:00,110,2026-09-02 00:08:00,2026-09-02 00:09:00,,2026-09-02 00:13:00,2026-09-02 00:14:00,2026-09-02 00:13:00,2026-09-02 00:14:00,2026-09-02 00:13:00,1.0,,2026-09-02 00:21:00,2026-09-02 00:22:00,,0.0,2026-09-02 00:19:00,2026-09-02 00:25:00,,,,,Фозылов Б. З.,Ютэйр,Выдача до 30 минут
2026-09-02,VF 275 ,73Х,СТАМБУЛ(САБИХА ГОКЦЕН),37,Y(А13),00:18,2386,2026-09-02 00:28:00,2026-09-02 00:32:00,1.0,2026-09-02 00:30:00,2026-09-02 00:49:00,2026-09-02 00:30:00,2026-09-02 00:49:00,2026-09-02 00:48:00,1.0,3.0,2026-09-02 00:46:00,2026-09-02 01:01:00,,3.0,2026-09-02 00:39:00,2026-09-02 00:46:00,2026-09-02 00:51:00,2026-09-02 01:01:00,,,"Музафаров А. С., Соболь М. Ф.",AJET,Выдача от 30 до 40 минут
2026-09-02,NE 638 ,320,ШАРМ ЭЛЬ ШЕЙХ(ШАРМ ЭЛЬ ШЕЙХ ИНТЛ.),26,Y(А10),02:38,1887,2026-09-02 02:47:00,2026-09-02 02:50:00,,2026-09-02 02:50:00,2026-09-02 03:04:00,2026-09-02 02:50:00,2026-09-02 03:04:00,2026-09-02 03:04:00,,1.0,2026-09-02 03:02:00,2026-09-02 03:09:00,,0.0,2026-09-02 02:58:00,2026-09-02 03:01:00,2026-09-02 03:07:00,2026-09-02 03:09:00,,,Шамсов Б. С.,Nesma Airlines,Выдача до 30 минут
2026-09-02,3F 323 ,320,ЕРЕВАН(ЗВАРТНОЦ ИНТЛ),24,Y(А13),01:34,2782,2026-09-02 01:44:00,2026-09-02 01:44:00,,2026-09-02 01:46:00,2026-09-02 01:59:00,2026-09-02 01:47:00,2026-09-02 01:59:00,2026-09-02 02:07:00,,,2026-09-02 02:03:00,2026-09-02 02:38:00,,24.0,2026-09-02 01:50:00,2026-09-02 02:04:00,2026-09-02 02:07:00,2026-09-02 02:08:00,,,"Кутейников А. В., Минченко А. И.",FLYONE Armenia,Выдача более 40 минут
2026-09-02,ЖГ 932 ,73Х,ТБИЛИСИ(ТБИЛИСИ ИНТЛ.),30,Y(А11),01:38,1028,2026-09-02 01:49:00,2026-09-02 01:51:00,,2026-09-02 01:52:00,2026-09-02 01:59:00,2026-09-02 01:52:00,2026-09-02 01:59:00,2026-09-02 02:00:00,,,2026-09-02 02:03:00,2026-09-02 02:12:00,,0.0,2026-09-02 02:08:00,2026-09-02 02:12:00,,,,,Скулов Е. С.,GEORGIAN AIRWAYS,Выдача до 30 минут
2026-09-02,TK 3006 ,321,АНТАЛЬЯ,20,Y(А10),02:00,2014,2026-09-02 02:12:00,2026-09-02 02:14:00,,2026-09-02 02:18:00,2026-09-02 02:26:00,2026-09-02 02:18:00,2026-09-02 02:26:00,2026-09-02 02:29:00,,,2026-09-02 02:27:00,2026-09-02 02:30:00,,0.0,2026-09-02 02:17:00,2026-09-02 02:44:00,,,,,Ушаков М. В.,Turkish Airlines,Выдача до 30 минут
2026-09-02,TK 3172 ,321,АНТАЛЬЯ,19,Y(А09),02:09,1807,2026-09-02 02:19:00,2026-09-02 02:22:00,,2026-09-02 02:23:00,2026-09-02 02:34:00,2026-09-02 02:23:00,2026-09-02 02:34:00,2026-09-02 02:35:00,,,2026-09-02 02:40:00,2026-09-02 02:47:00,1.0,0.0,2026-09-02 02:16:00,2026-09-02 02:50:00,,,,,Литвин И. С.,Turkish Airlines,Выдача до 30 минут
2026-09-02,TK 3028 ,32Б,АНТАЛЬЯ,25,Y(А09),02:15,2280,2026-09-02 02:30:00,2026-09-02 02:33:00,,2026-09-02 02:32:00,2026-09-02 02:50:00,2026-09-02 02:32:00,2026-09-02 02:50:00,2026-09-02 02:49:00,1.0,3.0,2026-09-02 02:46:00,2026-09-02 02:55:00,,0.0,2026-09-02 02:23:00,2026-09-02 02:55:00,,,,,Фозылов Б. З.,Turkish Airlines,Выдача до 30 минут
2026-09-02,4S 319 ,73Х,ХУРГАДА(ХУРГАДА ИНТЛ.),27,Y(А12),02:34,2192,2026-09-02 02:44:00,2026-09-02 02:47:00,,2026-09-02 02:50:00,2026-09-02 03:02:00,2026-09-02 02:50:00,2026-09-02 03:02:00,2026-09-02 03:03:00,,,2026-09-02 02:58:00,2026-09-02 03:09:00,,0.0,2026-09-02 02:54:00,2026-09-02 02:58:00,2026-09-02 03:04:00,2026-09-02 03:09:00,,,Давлатов Б. Ч.,Red Sea,Выдача до 30 минут
2026-09-02,FZ 975 ,7М8,ДУБАЙ(ДУБАЙ ИНТЛ.),21,Y(А11),02:46,1090,2026-09-02 02:54:00,2026-09-02 02:56:00,,2026-09-02 02:59:00,2026-09-02 03:07:00,2026-09-02 02:59:00,2026-09-02 03:07:00,2026-09-02 03:05:00,2.0,1.0,2026-09-02 03:14:00,2026-09-02 03:15:00,,0.0,2026-09-02 03:12:00,2026-09-02 03:15:00,,,,,Чеканов В. А.,flydubai,Выдача до 30 минут
2026-09-02,FZ 967 ,7М8,ДУБАЙ(ДУБАЙ ИНТЛ.),29,Y(А13),03:51,2025,2026-09-02 04:02:00,2026-09-02 04:02:00,,2026-09-02 04:06:00,2026-09-02 04:16:00,2026-09-02 04:06:00,2026-09-02 04:16:00,2026-09-02 04:20:00,,,2026-09-02 04:16:00,2026-09-02 04:23:00,,0.0,2026-09-02 04:12:00,2026-09-02 04:17:00,2026-09-02 04:19:00,2026-09-02 04:23:00,,,"Кутейников А. В., Минченко А. И.",flydubai,Выдача до 30 минут
2026-09-02,VF 587 ,73Х,АНКАРА(ЕСЕНБОГА),24,Y(А09),04:24,2888,2026-09-02 04:34:00,2026-09-02 04:37:00,,2026-09-02 04:36:00,2026-09-02 04:54:00,2026-09-02 04:37:00,2026-09-02 04:54:00,2026-09-02 04:57:00,,,2026-09-02 04:45:00,2026-09-02 04:57:00,,0.0,2026-09-02 04:42:00,2026-09-02 04:45:00,2026-09-02 04:52:00,2026-09-02 04:55:00,,,"Давлатов Б. Ч., Музафаров А. С.",AJET,Выдача до 30 минут
2026-09-02,VF 277 ,73Х,СТАМБУЛ(САБИХА ГОКЦЕН),25,Y(А11),04:28,2078,2026-09-02 04:41:00,2026-09-02 04:41:00,,2026-09-02 04:45:00,2026-09-02 04:54:00,2026-09-02 04:45:00,2026-09-02 04:54:00,2026-09-02 04:59:00,,,2026-09-02 04:59:00,2026-09-02 05:04:00,,0.0,2026-09-02 04:55:00,2026-09-02 04:59:00,2026-09-02 05:06:00,2026-09-02 05:07:00,,,"Чеканов В. А., Шамсов Б. С.",AJET,Выдача до 30 минут
2026-09-02,FZ 965A,7М8,ДУБАЙ(ДУБАЙ ИНТЛ.),26A,Y(А10),04:38,2452,2026-09-02 04:49:00,2026-09-02 04:52:00,,2026-09-02 04:51:00,2026-09-02 05:10:00,2026-09-02 04:51:00,2026-09-02 05:10:00,2026-09-02 05:09:00,1.0,3.0,2026-09-02 05:00:00,2026-09-02 05:13:00,,0.0,2026-09-02 04:57:00,2026-09-02 05:04:00,2026-09-02 05:09:00,2026-09-02 05:13:00,,,"Михайлов М. С., Скулов Е. С.",flydubai,Выдача до 30 минут
2026-09-02,ДР 998 ,7С8,САМАРКАНД(САМАРКАНД ИНТЛ.),50,Y(А12),04:55,488,2026-09-02 05:05:00,2026-09-02 05:05:00,,2026-09-02 05:05:00,2026-09-02 05:09:00,2026-09-02 05:05:00,2026-09-02 05:09:00,2026-09-02 05:12:00,,1.0,2026-09-02 05:17:00,2026-09-02 05:19:00,,0.0,2026-09-02 05:10:00,2026-09-02 05:17:00,,,,,Фозылов Б. З.,Победа,Выдача до 30 минут
2026-09-02,ДР 408 ,7С8,ЕКАТЕРИНБУРГ(КОЛЬЦОВО),48,Y(А05),05:17,323,-1,,,2026-09-02 05:31:00,2026-09-02 05:33:00,2026-09-02 05:31:00,2026-09-02 05:33:00,,,,2026-09-02 05:41:00,2026-09-02 05:42:00,,0.0,2026-09-02 05:35:00,2026-09-02 05:42:00,,,,,Фозылов Б. З.,Победа,Некорректно проставлены отметки
2026-09-02,ЮТ 786 ,73Х,ЕРЕВАН(ЗВАРТНОЦ ИНТЛ),20,Y(А13),05:07,1195,2026-09-02 05:13:00,2026-09-02 05:17:00,1.0,2026-09-02 05:46:00,2026-09-02 05:55:00,2026-09-02 05:46:00,2026-09-02 05:55:00,2026-09-02 05:25:00,30.0,1.0,2026-09-02 06:30:00,2026-09-02 06:31:00,57.0,48.0,2026-09-02 05:57:00,2026-09-02 06:04:00,,,,,Литвин И. С.,Ютэйр,Выдача более 40 минут
2026-09-02,TK 3036 ,321,АНТАЛЬЯ,26,Y(А13),00:54,2222,2026-09-02 01:02:00,2026-09-02 01:05:00,,2026-09-02 01:05:00,2026-09-02 01:14:00,2026-09-02 01:05:00,2026-09-02 01:14:00,2026-09-02 01:21:00,,,2026-09-02 01:15:00,2026-09-02 01:23:00,,0.0,2026-09-02 00:59:00,2026-09-02 01:28:00,,,,,Шамсов Б. С.,Turkish Airlines,Выдача до 30 минут
2026-09-02,ДР 414 ,7С8,ЧЕЛЯБИНСК(БАЛАНДИНО),47,Y(А04),05:33,381,2026-09-02 05:41:00,2026-09-02 05:41:00,,2026-09-02 05:42:00,2026-09-02 05:44:00,2026-09-02 05:42:00,2026-09-02 05:44:00,2026-09-02 05:48:00,,,2026-09-02 05:52:00,2026-09-02 05:55:00,,0.0,2026-09-02 05:45:00,2026-09-02 05:52:00,,,,,Михайлов М. С.,Победа,Выдача до 30 минут
2026-09-02,В2 981 ,Е75,МИНСК(МИНСК ИНТЛ.),29,Y(А13),07:55,70,2026-09-02 08:01:00,2026-09-02 08:02:00,,2026-09-02 08:06:00,2026-09-02 08:07:00,2026-09-02 08:06:00,2026-09-02 08:07:00,2026-09-02 08:05:00,2.0,1.0,2026-09-02 08:10:00,2026-09-02 08:11:00,,0.0,2026-09-02 08:07:00,2026-09-02 08:10:00,,,,,Кейта А. С.,Белавиа,Выдача до 30 минут
2026-09-02,NE 600 ,320,ХУРГАДА(ХУРГАДА ИНТЛ.),22,Y(А09),06:30,1990,2026-09-02 06:36:00,2026-09-02 06:39:00,,2026-09-02 06:41:00,2026-09-02 07:01:00,2026-09-02 06:41:00,2026-09-02 07:01:00,2026-09-02 06:53:00,8.0,7.0,2026-09-02 06:54:00,2026-09-02 07:09:00,,3.0,2026-09-02 06:50:00,2026-09-02 06:55:00,2026-09-02 07:04:00,2026-09-02 07:08:00,,,Гафуров О. Ф.,Nesma Airlines,Выдача от 30 до 40 минут
2026-09-02,УТА 6316 ,73Е,БОВАНЕНКОВО,8,Y(А06),12:18,1183,2026-09-02 12:25:00,2026-09-02 12:26:00,,2026-09-02 12:30:00,2026-09-02 12:40:00,2026-09-02 12:30:00,2026-09-02 12:40:00,2026-09-02 12:37:00,3.0,2.0,2026-09-02 12:48:00,2026-09-02 12:49:00,3.0,0.0,2026-09-02 12:45:00,2026-09-02 12:49:00,,,,,Харитонов И. А.,Ютэйр,Выдача до 30 минут
2026-09-02,ХИ 9607 ,32Н,БУХАРА(БУХАРА ИНТЛ.),27,Y(А10),07:22,1632,2026-09-02 07:31:00,2026-09-02 07:34:00,,2026-09-02 07:34:00,2026-09-02 07:47:00,2026-09-02 07:34:00,2026-09-02 07:47:00,2026-09-02 07:46:00,1.0,2.0,2026-09-02 07:43:00,2026-09-02 07:51:00,,0.0,2026-09-02 07:39:00,2026-09-02 07:43:00,2026-09-02 07:48:00,2026-09-02 07:52:00,,,Семиченков С. А.,UZBEKISTAN AIRWAYS,Выдача до 30 минут
2026-09-02,ФВ 6003 ,СУ9,САНКТ-ПЕТЕРБУРГ(ПУЛКОВО),9,Y(А04),09:53,109,2026-09-02 10:07:00,2026-09-02 10:09:00,,2026-09-02 10:13:00,2026-09-02 10:14:00,2026-09-02 10:13:00,2026-09-02 10:14:00,2026-09-02 10:12:00,2.0,,2026-09-02 10:17:00,2026-09-02 10:18:00,,0.0,2026-09-02 10:15:00,2026-09-02 10:17:00,,,,,Соколов И. С.,Россия,Выдача до 30 минут
2026-09-02,ЮТ 356 ,73Х,ГРОЗНЫЙ(СЕВЕРНЫЙ),24,Y(А07),08:58,367,2026-09-02 09:10:00,2026-09-02 09:11:00,,2026-09-02 09:13:00,2026-09-02 09:18:00,2026-09-02 09:13:00,2026-09-02 09:18:00,2026-09-02 09:16:00,2.0,3.0,2026-09-02 09:22:00,2026-09-02 09:23:00,,0.0,2026-09-02 09:20:00,2026-09-02 09:23:00,,,,,Гафуров О. Ф.,Ютэйр,Выдача до 30 минут
2026-09-02,ЮТ 248 ,73Х,СУРГУТ,21,Y(А05),08:50,632,2026-09-02 08:59:00,2026-09-02 09:01:00,,2026-09-02 09:00:00,2026-09-02 09:05:00,2026-09-02 09:00:00,2026-09-02 09:05:00,2026-09-02 09:07:00,,1.0,2026-09-02 09:12:00,2026-09-02 09:13:00,,0.0,2026-09-02 09:07:00,2026-09-02 09:12:00,,,,,"Андреев А. М., Рустамов М. А.",Ютэйр,Выдача до 30 минут
2026-09-02,ДР 714 ,73Х,САМАРКАНД(САМАРКАНД ИНТЛ.),47,Y(А12),08:46,306,2026-09-02 08:52:00,2026-09-02 08:57:00,2.0,2026-09-02 08:56:00,2026-09-02 09:00:00,2026-09-02 08:56:00,2026-09-02 09:00:00,2026-09-02 08:58:00,2.0,2.0,2026-09-02 09:07:00,2026-09-02 09:08:00,,0.0,2026-09-02 09:00:00,2026-09-02 09:06:00,,,,,"Кейта А. С., Тришкин А. В.",Победа,Выдача до 30 минут
2026-09-02,ЮТ 364 ,734,УФА,10,Y(А08),08:42,536,2026-09-02 08:52:00,2026-09-02 09:01:00,6.0,2026-09-02 09:03:00,2026-09-02 09:08:00,2026-09-02 09:04:00,2026-09-02 09:08:00,2026-09-02 09:00:00,8.0,,2026-09-02 09:10:00,2026-09-02 09:12:00,,0.0,2026-09-02 09:08:00,2026-09-02 09:10:00,,,,,"Иванов В. А., Лаптев В. В.",Ютэйр,Выдача до 30 минут
2026-09-02,ЮТ 454 ,73Х,ТЮМЕНЬ(РОЩИНО),14,Y(А05),08:39,654,2026-09-02 08:48:00,2026-09-02 08:48:00,,2026-09-02 08:53:00,2026-09-02 08:58:00,2026-09-02 08:53:00,2026-09-02 08:58:00,2026-09-02 08:56:00,2.0,1.0,2026-09-02 09:05:00,2026-09-02 09:06:00,,0.0,2026-09-02 09:02:00,2026-09-02 09:08:00,,,,,Харитонов И. А.,Ютэйр,Выдача до 30 минут
2026-09-02,ЯМ 597 ,73Х,МИРНЫЙ,5,Y(А06),10:01,1424,2026-09-02 10:12:00,2026-09-02 10:13:00,,2026-09-02 10:14:00,2026-09-02 10:28:00,2026-09-02 10:14:00,2026-09-02 10:28:00,2026-09-02 10:25:00,3.0,5.0,2026-09-02 10:25:00,2026-09-02 10:39:00,,0.0,2026-09-02 10:22:00,2026-09-02 10:25:00,2026-09-02 10:37:00,2026-09-02 10:40:00,,,Харитонов И. А.,Алроса,Выдача до 30 минут
2026-09-02,ЮТ 572 ,73Х,КРАСНОЯРСК,13,Y(А06),08:36,1026,2026-09-02 08:44:00,2026-09-02 08:46:00,,2026-09-02 08:45:00,2026-09-02 08:53:00,2026-09-02 08:46:00,2026-09-02 08:53:00,2026-09-02 08:55:00,,,2026-09-02 08:57:00,2026-09-02 08:58:00,,0.0,2026-09-02 08:53:00,2026-09-02 08:57:00,,,,,"Гаджиев Н. Т., Королёв Е. А.",Ютэйр,Выдача до 30 минут
2026-09-02,ДР 742 ,73Х,ТАШКЕНТ(ТАШКЕНТ ИНТЛ.),49,Y(А12),06:40,324,2026-09-02 06:49:00,2026-09-02 06:52:00,,2026-09-02 06:52:00,2026-09-02 06:55:00,2026-09-02 06:52:00,2026-09-02 06:55:00,2026-09-02 06:55:00,,1.0,2026-09-02 07:02:00,2026-09-02 07:03:00,,0.0,2026-09-02 06:58:00,2026-09-02 07:03:00,,,,,Соболь М. Ф.,Победа,Выдача до 30 минут
2026-09-02,ДР 744 ,73Х,ОШ,44,Y(А13),08:19,811,2026-09-02 08:25:00,2026-09-02 08:28:00,,2026-09-02 08:28:00,2026-09-02 08:41:00,2026-09-02 08:29:00,2026-09-02 08:41:00,2026-09-02 08:34:00,7.0,7.0,2026-09-02 08:45:00,2026-09-02 08:46:00,,0.0,2026-09-02 08:37:00,2026-09-02 08:43:00,,,,,"Екимов С. С., Пельгуев Д.",Победа,Выдача до 30 минут
2026-09-02,ХИ 9617 ,320,НАВОИ(НАВОИ ИНТЛ.),26,Y(А09),08:13,1484,2026-09-02 08:26:00,2026-09-02 08:27:00,,2026-09-02 08:29:00,2026-09-02 08:37:00,2026-09-02 08:29:00,2026-09-02 08:37:00,2026-09-02 08:40:00,,,2026-09-02 08:36:00,2026-09-02 08:45:00,,0.0,2026-09-02 08:34:00,2026-09-02 08:36:00,2026-09-02 08:39:00,2026-09-02 08:42:00,,,Соколов И. С.,UZBEKISTAN AIRWAYS,Выдача до 30 минут
2026-09-02,ХИ 9615 ,32Н,УРГЕНЧ(УРГЕНЧ ИНТЛ.),25,Y(А10),08:08,1473,2026-09-02 08:24:00,2026-09-02 08:27:00,,2026-09-02 08:26:00,2026-09-02 08:37:00,2026-09-02 08:26:00,2026-09-02 08:37:00,2026-09-02 08:38:00,,1.0,2026-09-02 08:34:00,2026-09-02 08:42:00,,0.0,2026-09-02 08:31:00,2026-09-02 08:33:00,2026-09-02 08:38:00,2026-09-02 08:42:00,,,Вазиров Т. В.,UZBEKISTAN AIRWAYS,Выдача до 30 минут
2026-09-02,TK 3154 ,32Б,БОДРУМ(МИЛАС),23,Y(А09),01:27,2135,2026-09-02 01:42:00,2026-09-02 01:44:00,,2026-09-02 01:45:00,2026-09-02 02:00:00,2026-09-02 01:45:00,2026-09-02 02:00:00,2026-09-02 02:00:00,,1.0,2026-09-02 01:57:00,2026-09-02 02:08:00,,0.0,2026-09-02 01:26:00,2026-09-02 02:07:00,,,,,Королев А. А.,Turkish Airlines,Выдача до 30 минут
2026-09-02,ФВ 6051 ,СУ9,САНКТ-ПЕТЕРБУРГ(ПУЛКОВО),8,Y(А04),08:32,34,2026-09-02 08:41:00,2026-09-02 08:41:00,,2026-09-02 08:43:00,2026-09-02 08:44:00,2026-09-02 08:43:00,2026-09-02 08:44:00,2026-09-02 08:45:00,,1.0,2026-09-02 08:47:00,2026-09-02 08:48:00,,0.0,2026-09-02 08:45:00,2026-09-02 08:47:00,,,,,Фанин Н. О.,Россия,Выдача до 30 минут
2026-09-02,ВГ 2390 ,ЯК4,ВОЛОГДА,45,0,10:11,0,2026-09-02 10:14:00,2026-09-02 10:16:00,,2026-09-02 10:18:00,2026-09-02 10:20:00,2026-09-02 10:18:00,2026-09-02 10:20:00,,,2.0,,-1,,0.0,,,,,,,Пельгуев Д.,Вологодское АП,Не определено
2026-09-02,КГ 555 ,320,ОШ,27,Y(А13),10:16,2790,2026-09-02 10:27:00,2026-09-02 10:29:00,,2026-09-02 10:30:00,2026-09-02 10:44:00,2026-09-02 10:36:00,2026-09-02 10:44:00,2026-09-02 10:50:00,,,2026-09-02 10:40:00,2026-09-02 10:52:00,,0.0,2026-09-02 10:36:00,2026-09-02 10:40:00,2026-09-02 10:44:00,2026-09-02 10:51:00,,,"Барабанов А. М., Гаджиев Н. Т.",Aero Nomad,Выдача до 30 минут
2026-09-02,ФВ 6005 ,СУ9,САНКТ-ПЕТЕРБУРГ(ПУЛКОВО),8,Y(А04),10:20,75,2026-09-02 10:28:00,2026-09-02 10:31:00,,2026-09-02 10:33:00,2026-09-02 10:34:00,2026-09-02 10:33:00,2026-09-02 10:34:00,2026-09-02 10:33:00,1.0,,2026-09-02 10:39:00,2026-09-02 10:40:00,,0.0,2026-09-02 10:37:00,2026-09-02 10:39:00,,,,,Рустамов М. А.,Россия,Выдача до 30 минут
2026-09-02,ЮТ 446 ,73Е,КОГАЛЫМ,10,Y(А05),10:35,162,2026-09-02 10:42:00,2026-09-02 10:46:00,1.0,2026-09-02 10:45:00,2026-09-02 10:46:00,2026-09-02 10:45:00,2026-09-02 10:46:00,2026-09-02 10:47:00,,,2026-09-02 10:51:00,2026-09-02 10:52:00,,0.0,2026-09-02 10:47:00,2026-09-02 10:51:00,,,,,Пельгуев Д.,Ютэйр,Выдача до 30 минут
2026-09-02,DV 801 ,7М8,ШЫМКЕНТ(ШЫМКЕНТ ИНТЛ.),21,Y(А13),10:44,1184,2026-09-02 10:51:00,2026-09-02 10:53:00,,2026-09-02 10:55:00,2026-09-02 11:09:00,2026-09-02 10:57:00,2026-09-02 11:09:00,2026-09-02 11:03:00,6.0,4.0,2026-09-02 11:18:00,2026-09-02 11:19:00,7.0,0.0,2026-09-02 11:11:00,2026-09-02 11:18:00,,,,,"Королёв Е. А., Соколов И. С.",SCAT Airlines,Выдача до 30 минут
2026-09-02,J2 807 ,763,БАКУ(ИМ. ГЕЙДАРА АЛИЕВА),19,Y(А09),11:36,3401,2026-09-02 11:45:00,2026-09-02 11:47:00,,2026-09-02 11:48:00,2026-09-02 12:04:00,2026-09-02 11:48:00,2026-09-02 12:04:00,2026-09-02 12:12:00,,,2026-09-02 12:05:00,2026-09-02 12:11:00,,0.0,2026-09-02 11:48:00,2026-09-02 12:05:00,2026-09-02 12:03:00,2026-09-02 12:17:00,,,"Тришкин А. В., Фанин Н. О.",AZAL,Выдача до 30 минут
2026-09-02,TK 3070 ,321,АНТАЛЬЯ,24,Y(А11),11:45,1965,2026-09-02 11:52:00,2026-09-02 11:55:00,,2026-09-02 11:56:00,2026-09-02 12:10:00,2026-09-02 11:56:00,2026-09-02 12:10:00,2026-09-02 12:09:00,1.0,1.0,2026-09-02 12:07:00,2026-09-02 12:16:00,,0.0,2026-09-02 11:58:00,2026-09-02 12:23:00,,,,,Гафуров О. Ф.,Turkish Airlines,Выдача до 30 минут
2026-09-02,РГ 194 ,ЦР1,ТАМБОВ,57,Y(А05),11:49,43,2026-09-02 11:59:00,2026-09-02 12:00:00,,2026-09-02 11:59:00,2026-09-02 12:01:00,2026-09-02 11:59:00,2026-09-02 12:01:00,2026-09-02 12:03:00,,2.0,2026-09-02 12:06:00,2026-09-02 12:07:00,,0.0,2026-09-02 12:01:00,2026-09-02 12:07:00,,,,,Лаптев В. В.,Руслайн,Выдача до 30 минут
2026-09-02,ДР 466 ,73Х,УЛЬЯНОВСК(БАРАТАЕВКА),49,Y(А07),11:55,383,2026-09-02 12:00:00,2026-09-02 12:03:00,,2026-09-02 12:03:00,2026-09-02 12:08:00,2026-09-02 12:03:00,2026-09-02 12:08:00,2026-09-02 12:07:00,1.0,2.0,2026-09-02 12:14:00,2026-09-02 12:16:00,,0.0,2026-09-02 12:07:00,2026-09-02 12:14:00,,,,,Екимов С. С.,Победа,Выдача до 30 минут
2026-09-02,TK 1231 ,321,АНТАЛЬЯ,20,Y(А09),12:00,1350,2026-09-02 12:07:00,2026-09-02 12:09:00,,2026-09-02 12:10:00,2026-09-02 12:22:00,2026-09-02 12:10:00,2026-09-02 12:22:00,2026-09-02 12:20:00,2.0,3.0,2026-09-02 12:28:00,2026-09-02 12:35:00,1.0,0.0,2026-09-02 12:21:00,2026-09-02 12:47:00,,,,,Иванов В. А.,Turkish Airlines,Выдача до 30 минут
2026-09-02,TK 3012 ,321,АНТАЛЬЯ,23,Y(А10),12:03,2373,2026-09-02 12:11:00,2026-09-02 12:13:00,,2026-09-02 12:18:00,2026-09-02 12:25:00,2026-09-02 12:18:00,2026-09-02 12:25:00,2026-09-02 12:31:00,,,2026-09-02 12:25:00,2026-09-02 12:34:00,,0.0,2026-09-02 12:26:00,2026-09-02 12:34:00,,,,,Вазиров Т. В.,Turkish Airlines,Выдача до 30 минут
2026-09-02,УТА 9026 ,73Х,САБЕТТА,15,Y(А05),12:09,603,2026-09-02 12:16:00,2026-09-02 12:18:00,,2026-09-02 12:19:00,2026-09-02 12:25:00,2026-09-02 12:19:00,2026-09-02 12:25:00,2026-09-02 12:24:00,1.0,2.0,2026-09-02 12:30:00,2026-09-02 12:32:00,,0.0,2026-09-02 12:27:00,2026-09-02 12:30:00,,,,,Аганин А. А.,Ютэйр,Выдача до 30 минут
2026-09-02,AZO 7072 ,СУ9,КУТАИСИ(КУТАИСИ ИНТЛ.),28,Y(А11),06:13,1328,2026-09-02 06:22:00,2026-09-02 06:28:00,3.0,2026-09-02 06:28:00,2026-09-02 06:40:00,2026-09-02 06:28:00,2026-09-02 06:40:00,2026-09-02 06:35:00,5.0,3.0,2026-09-02 06:41:00,2026-09-02 06:44:00,,0.0,2026-09-02 06:33:00,2026-09-02 06:36:00,2026-09-02 06:42:00,2026-09-02 06:44:00,,,Минченко А. И.,GEORGIAN AIRWAYS,Выдача до 30 минут
2026-09-02,ЮТ 560 ,73Х,МАХАЧКАЛА,11,Y(А08),12:12,888,2026-09-02 12:21:00,2026-09-02 12:24:00,,2026-09-02 12:24:00,2026-09-02 12:34:00,2026-09-02 12:24:00,2026-09-02 12:34:00,2026-09-02 12:31:00,3.0,4.0,2026-09-02 12:40:00,2026-09-02 12:43:00,,0.0,2026-09-02 12:35:00,2026-09-02 12:40:00,,,,,Андреев А. М.,Ютэйр,Выдача до 30 минут
2026-09-02,ФВ 6007 ,СУ9,САНКТ-ПЕТЕРБУРГ(ПУЛКОВО),9,Y(А04),11:30,254,2026-09-02 11:37:00,2026-09-02 11:39:00,,2026-09-02 11:41:00,2026-09-02 11:43:00,2026-09-02 11:41:00,2026-09-02 11:43:00,2026-09-02 11:43:00,,,2026-09-02 11:47:00,2026-09-02 11:48:00,,0.0,2026-09-02 11:45:00,2026-09-02 11:46:00,,,,,Кейта А. С.,Россия,Выдача до 30 минут
2026-09-02,ФВ 6181 ,СУ9,САНКТ-ПЕТЕРБУРГ(ПУЛКОВО),8,Y(А04),20:13,120,2026-09-02 20:23:00,2026-09-02 20:23:00,,2026-09-02 20:25:00,2026-09-02 20:28:00,2026-09-02 20:25:00,2026-09-02 20:28:00,2026-09-02 20:28:00,,2.0,2026-09-02 20:30:00,2026-09-02 20:31:00,,0.0,2026-09-02 20:28:00,2026-09-02 20:30:00,,,,,Тришкин А. В.,Россия,Выдача до 30 минут
2026-09-02,TK 413 ,333,СТАМБУЛ(СТАМБУЛ НЬЮ),22,Y(А10),10:48,7577,2026-09-02 10:58:00,2026-09-02 11:02:00,1.0,2026-09-02 11:00:00,2026-09-02 11:21:00,2026-09-02 11:00:00,2026-09-02 11:21:00,2026-09-02 11:53:00,,,2026-09-02 11:19:00,2026-09-02 11:51:00,1.0,23.0,2026-09-02 11:14:00,2026-09-02 11:19:00,2026-09-02 11:15:00,2026-09-02 11:27:00,2026-09-02 11:21:00,2026-09-02 11:28:00,"Коляскин А. Г., Рустамов М. А.",Turkish Airlines,Выдача более 40 минут
2026-09-02,ХИ 9619 ,32Н,НАМАНГАН,24,Y(А09),21:23,1613,2026-09-02 21:31:00,2026-09-02 21:32:00,,2026-09-02 21:38:00,2026-09-02 21:50:00,2026-09-02 21:38:00,2026-09-02 21:50:00,2026-09-02 21:46:00,4.0,1.0,2026-09-02 21:45:00,2026-09-02 21:57:00,,0.0,2026-09-02 21:41:00,2026-09-02 21:46:00,2026-09-02 21:53:00,2026-09-02 21:58:00,,,Королев А. А.,UZBEKISTAN AIRWAYS,Выдача до 30 минут
2026-09-02,TK 417 ,321,СТАМБУЛ(СТАМБУЛ НЬЮ),22,Y(А10),13:12,3688,2026-09-02 13:21:00,2026-09-02 13:24:00,,2026-09-02 13:23:00,2026-09-02 13:39:00,2026-09-02 13:23:00,2026-09-02 13:39:00,2026-09-02 13:50:00,,,2026-09-02 13:37:00,2026-09-02 13:42:00,,0.0,2026-09-02 13:34:00,2026-09-02 13:40:00,2026-09-02 13:39:00,2026-09-02 13:47:00,,,Харитонов И. А.,Turkish Airlines,Выдача до 30 минут
2026-09-02,TK 415 ,32Б,СТАМБУЛ(СТАМБУЛ НЬЮ),22,Y(А10),18:20,2837,2026-09-02 18:31:00,2026-09-02 18:33:00,,2026-09-02 18:37:00,2026-09-02 18:55:00,2026-09-02 18:37:00,2026-09-02 18:55:00,2026-09-02 18:54:00,1.0,,2026-09-02 18:52:00,2026-09-02 18:56:00,1.0,0.0,2026-09-02 18:39:00,2026-09-02 18:56:00,2026-09-02 18:52:00,2026-09-02 19:05:00,,,Королёв Е. А.,Turkish Airlines,Выдача до 30 минут
2026-09-02,NE 640 ,321,ШАРМ ЭЛЬ ШЕЙХ(ШАРМ ЭЛЬ ШЕЙХ ИНТЛ.),29,Y(А09),13:16,2130,2026-09-02 13:25:00,2026-09-02 13:27:00,,2026-09-02 13:28:00,2026-09-02 13:42:00,2026-09-02 13:28:00,2026-09-02 13:42:00,2026-09-02 13:43:00,,,2026-09-02 13:37:00,2026-09-02 13:45:00,,0.0,2026-09-02 13:34:00,2026-09-02 13:36:00,2026-09-02 13:42:00,2026-09-02 13:44:00,,,"Екимов С. С., Кейта А. С.",Nesma Airlines,Выдача до 30 минут
2026-09-02,ФВ 6025 ,СУ9,САНКТ-ПЕТЕРБУРГ(ПУЛКОВО),9,Y(А04),13:30,185,2026-09-02 13:39:00,2026-09-02 13:41:00,,2026-09-02 13:43:00,2026-09-02 13:45:00,2026-09-02 13:43:00,2026-09-02 13:45:00,2026-09-02 13:44:00,1.0,1.0,2026-09-02 13:48:00,2026-09-02 13:50:00,,0.0,2026-09-02 13:46:00,2026-09-02 13:47:00,,,,,Фанин Н. О.,Россия,Выдача до 30 минут
2026-09-02,ДР 732 ,73Х,НУКУС,48,Y(А12),13:33,636,2026-09-02 13:38:00,2026-09-02 13:42:00,1.0,2026-09-02 13:43:00,2026-09-02 13:52:00,2026-09-02 13:43:00,2026-09-02 13:52:00,2026-09-02 13:46:00,6.0,5.0,2026-09-02 14:00:00,2026-09-02 14:01:00,,0.0,2026-09-02 13:52:00,2026-09-02 13:58:00,,,,,Семиченков С. А.,Победа,Выдача до 30 минут
2026-09-02,ЯК 475 ,73В,ЯКУТСК,14,Y(А08),13:37,1273,2026-09-02 13:45:00,2026-09-02 13:47:00,,2026-09-02 13:48:00,2026-09-02 13:58:00,2026-09-02 13:48:00,2026-09-02 13:58:00,2026-09-02 13:57:00,1.0,2.0,2026-09-02 14:04:00,2026-09-02 14:05:00,,0.0,2026-09-02 14:00:00,2026-09-02 14:04:00,,,,,Андреев А. М.,Якутия,Выдача до 30 минут
2026-09-02,НВЦ 9152 ,32Щ,САБЕТТА,13,Y(А06),13:41,1159,2026-09-02 13:52:00,2026-09-02 13:52:00,,2026-09-02 13:55:00,2026-09-02 14:05:00,2026-09-02 13:55:00,2026-09-02 14:05:00,2026-09-02 14:04:00,1.0,2.0,2026-09-02 14:11:00,2026-09-02 14:16:00,,0.0,2026-09-02 14:06:00,2026-09-02 14:10:00,,,,,Иванов В. А.,Северо-Запад,Выдача до 30 минут
2026-09-02,ЯМ 543 ,73Х,НОВОСИБИРСК(ТОЛМАЧЕВО),12,Y(А07),13:49,1109,2026-09-02 13:56:00,2026-09-02 13:57:00,,2026-09-02 13:58:00,2026-09-02 14:11:00,2026-09-02 13:58:00,2026-09-02 14:11:00,2026-09-02 14:07:00,4.0,6.0,2026-09-02 14:13:00,2026-09-02 14:17:00,,0.0,2026-09-02 14:11:00,2026-09-02 14:13:00,,,,,Лаптев В. В.,Алроса,Выдача до 30 минут
2026-09-02,КГ 503 ,320,БИШКЕК(МАНАС ИНТЛ),25,Y(А13),13:56,2700,2026-09-02 14:04:00,2026-09-02 14:07:00,,2026-09-02 14:06:00,2026-09-02 14:24:00,2026-09-02 14:20:00,2026-09-02 14:24:00,2026-09-02 14:26:00,,,2026-09-02 14:20:00,2026-09-02 14:32:00,,0.0,2026-09-02 14:15:00,2026-09-02 14:21:00,2026-09-02 14:26:00,2026-09-02 14:33:00,,,"Гафуров О. Ф., Иванов В. А.",Aero Nomad,Выдача до 30 минут
2026-09-02,ДР 712 ,73Х,САМАРКАНД(САМАРКАНД ИНТЛ.),47,Y(А12),13:59,370,2026-09-02 14:09:00,2026-09-02 14:09:00,,2026-09-02 14:07:00,2026-09-02 14:12:00,2026-09-02 14:07:00,2026-09-02 14:12:00,2026-09-02 14:15:00,,3.0,2026-09-02 14:19:00,2026-09-02 14:20:00,,0.0,2026-09-02 14:13:00,2026-09-02 14:18:00,,,,,Вазиров Т. В.,Победа,Выдача до 30 минут
2026-09-02,3F 321 ,320,ЕРЕВАН(ЗВАРТНОЦ ИНТЛ),24,Y(А13),14:03,1691,2026-09-02 14:12:00,2026-09-02 14:13:00,,2026-09-02 14:15:00,2026-09-02 14:29:00,2026-09-02 14:20:00,2026-09-02 14:29:00,2026-09-02 14:27:00,2.0,,2026-09-02 14:29:00,2026-09-02 14:36:00,,0.0,2026-09-02 14:21:00,2026-09-02 14:26:00,2026-09-02 14:30:00,2026-09-02 14:35:00,,,"Королёв Е. А., Лаптев В. В.",FLYONE Armenia,Выдача до 30 минут
2026-09-02,ГЗП 260 ,СУ9,НОВЫЙ УРЕНГОЙ,Б36,Y(А05),14:15,289,2026-09-02 14:20:00,2026-09-02 14:20:00,,2026-09-02 14:24:00,2026-09-02 14:27:00,2026-09-02 14:24:00,2026-09-02 14:27:00,2026-09-02 14:26:00,1.0,1.0,2026-09-02 14:45:00,2026-09-02 14:47:00,,0.0,2026-09-02 14:27:00,2026-09-02 14:45:00,,,,,Фанин Н. О.,Газпром авиа,Выдача до 30 минут
2026-09-02,ЮТ 334 ,735,НАРЬЯН-МАР,10,Y(А07),14:41,264,2026-09-02 14:48:00,2026-09-02 14:48:00,,2026-09-02 14:51:00,2026-09-02 14:54:00,2026-09-02 14:51:00,2026-09-02 14:54:00,2026-09-02 14:54:00,,1.0,2026-09-02 14:58:00,2026-09-02 15:02:00,,0.0,2026-09-02 14:55:00,2026-09-02 14:58:00,,,,,Андреев А. М.,Ютэйр,Выдача до 30 минут
2026-09-02,ФВ 6031 ,СУ9,САНКТ-ПЕТЕРБУРГ(ПУЛКОВО),9,Y(А04),15:11,278,2026-09-02 15:18:00,2026-09-02 15:20:00,,2026-09-02 15:23:00,2026-09-02 15:25:00,2026-09-02 15:23:00,2026-09-02 15:25:00,2026-09-02 15:24:00,1.0,,2026-09-02 15:28:00,2026-09-02 15:29:00,,0.0,2026-09-02 15:26:00,2026-09-02 15:28:00,,,,,Фанин Н. О.,Россия,Выдача до 30 минут
2026-09-02,PBD 980 ,7С8,АНТАЛЬЯ,49,Y(А11),17:53,1042,2026-09-02 18:00:00,2026-09-02 18:02:00,,2026-09-02 18:03:00,2026-09-02 18:07:00,2026-09-02 18:05:00,2026-09-02 18:07:00,2026-09-02 18:11:00,,,2026-09-02 18:16:00,2026-09-02 18:22:00,,0.0,2026-09-02 18:08:00,2026-09-02 18:15:00,,,,,"Давлатов Б. Ч., Кейта А. С.",Победа,Выдача до 30 минут
2026-09-02,ЮТ 746 ,73Х,БАКУ(ИМ. ГЕЙДАРА АЛИЕВА),30,Y(А12),18:14,1955,2026-09-02 18:26:00,2026-09-02 18:28:00,,2026-09-02 18:30:00,2026-09-02 18:49:00,2026-09-02 18:30:00,2026-09-02 18:49:00,2026-09-02 18:43:00,6.0,6.0,2026-09-02 18:42:00,2026-09-02 18:56:00,,0.0,2026-09-02 18:38:00,2026-09-02 18:41:00,2026-09-02 18:50:00,2026-09-02 18:55:00,,,Рустамов М. А.,Ютэйр,Выдача до 30 минут
2026-09-02,ФВ 6175 ,СУ9,САНКТ-ПЕТЕРБУРГ(ПУЛКОВО),9,Y(А04),18:05,182,2026-09-02 18:14:00,2026-09-02 18:16:00,,2026-09-02 18:18:00,2026-09-02 18:20:00,2026-09-02 18:18:00,2026-09-02 18:20:00,2026-09-02 18:19:00,1.0,1.0,2026-09-02 18:23:00,2026-09-02 18:24:00,,0.0,2026-09-02 18:21:00,2026-09-02 18:23:00,,,,,Андреев А. М.,Россия,Выдача до 30 минут
2026-09-02,ДР 836 ,7С8,ГАЗИПАША,48,Y(А09),17:56,1568,2026-09-02 18:01:00,2026-09-02 18:05:00,1.0,2026-09-02 18:03:00,2026-09-02 18:13:00,2026-09-02 18:03:00,2026-09-02 18:13:00,2026-09-02 18:15:00,,,2026-09-02 18:15:00,2026-09-02 18:21:00,,0.0,2026-09-02 18:08:00,2026-09-02 18:15:00,2026-09-02 18:13:00,2026-09-02 18:20:00,,,"Аганин А. А., Фанин Н. О.",Победа,Выдача до 30 минут
2026-09-02,ФВ 6177 ,СУ9,САНКТ-ПЕТЕРБУРГ(ПУЛКОВО),8,Y(А04),18:17,286,2026-09-02 18:27:00,2026-09-02 18:29:00,,2026-09-02 18:32:00,2026-09-02 18:35:00,2026-09-02 18:32:00,2026-09-02 18:35:00,2026-09-02 18:33:00,2.0,1.0,2026-09-02 18:40:00,2026-09-02 18:41:00,,0.0,2026-09-02 18:37:00,2026-09-02 18:40:00,,,,,Харитонов И. А.,Россия,Выдача до 30 минут
2026-09-02,ЮТ 596 ,735,УСИНСК,17,Y(А07),17:50,406,2026-09-02 17:57:00,2026-09-02 17:57:00,,2026-09-02 18:00:00,2026-09-02 18:04:00,2026-09-02 18:00:00,2026-09-02 18:04:00,2026-09-02 18:04:00,,1.0,2026-09-02 18:04:00,2026-09-02 18:06:00,,0.0,2026-09-02 18:06:00,2026-09-02 18:13:00,,,,,Вазиров Т. В.,Ютэйр,Выдача до 30 минут
2026-09-02,ГЗП 472 ,СУ9,БОВАНЕНКОВО,Б37,Y(А05),17:38,692,2026-09-02 17:44:00,2026-09-02 17:44:00,,2026-09-02 17:47:00,2026-09-02 17:53:00,2026-09-02 17:47:00,2026-09-02 17:53:00,2026-09-02 17:53:00,,1.0,2026-09-02 17:54:00,2026-09-02 17:57:00,,0.0,2026-09-02 17:59:00,2026-09-02 18:17:00,,,,,Тришкин А. В.,Газпром авиа,Выдача до 30 минут
2026-09-02,ЮТ 400 ,73Х,ГРОЗНЫЙ(СЕВЕРНЫЙ),14,Y(А08),17:36,550,2026-09-02 17:44:00,2026-09-02 17:45:00,,2026-09-02 17:48:00,2026-09-02 17:53:00,2026-09-02 17:48:00,2026-09-02 17:53:00,2026-09-02 17:52:00,1.0,1.0,2026-09-02 17:57:00,2026-09-02 17:59:00,,0.0,2026-09-02 17:54:00,2026-09-02 17:56:00,,,,,Андреев А. М.,Ютэйр,Выдача до 30 минут
2026-09-02,3F 325 ,321,ЕРЕВАН(ЗВАРТНОЦ ИНТЛ),20,Y(А13),17:31,1619,2026-09-02 17:39:00,2026-09-02 17:40:00,,2026-09-02 17:43:00,2026-09-02 17:55:00,2026-09-02 17:50:00,2026-09-02 17:55:00,2026-09-02 17:54:00,1.0,,2026-09-02 17:53:00,2026-09-02 18:03:00,,0.0,2026-09-02 17:57:00,2026-09-02 18:08:00,2026-09-02 17:49:00,2026-09-02 17:54:00,,,"Барабанов А. М., Коляскин А. Г.",FLYONE Armenia,Выдача до 30 минут
2026-09-02,ДР 856 ,73Х,ГЮМРИ(ШИРАК),47,Y(А13),17:28,1074,2026-09-02 17:36:00,2026-09-02 17:37:00,,2026-09-02 17:38:00,2026-09-02 17:47:00,2026-09-02 17:38:00,2026-09-02 17:47:00,2026-09-02 17:47:00,,2.0,2026-09-02 17:53:00,2026-09-02 17:56:00,,0.0,2026-09-02 17:48:00,2026-09-02 17:53:00,,,,,Лаптев В. В.,Победа,Выдача до 30 минут
2026-09-02,А4 7010 ,СУ9,ТБИЛИСИ(ТБИЛИСИ ИНТЛ.),44,Y(А12),17:09,1634,2026-09-02 17:16:00,2026-09-02 17:17:00,,2026-09-02 17:19:00,2026-09-02 17:33:00,2026-09-02 17:19:00,2026-09-02 17:33:00,2026-09-02 17:31:00,2.0,3.0,2026-09-02 17:32:00,2026-09-02 17:43:00,,0.0,2026-09-02 17:28:00,2026-09-02 17:31:00,2026-09-02 17:36:00,2026-09-02 17:42:00,,,Харитонов И. А.,Азимут,Выдача до 30 минут
2026-09-02,ЖГ 926 ,73Х,ТБИЛИСИ(ТБИЛИСИ ИНТЛ.),30,Y(А09),16:21,1837,2026-09-02 16:29:00,2026-09-02 16:31:00,,2026-09-02 16:30:00,2026-09-02 16:49:00,2026-09-02 16:33:00,2026-09-02 16:49:00,2026-09-02 16:45:00,4.0,4.0,2026-09-02 16:41:00,2026-09-02 16:55:00,,0.0,2026-09-02 16:39:00,2026-09-02 16:41:00,2026-09-02 16:50:00,2026-09-02 16:54:00,,,"Аганин А. А., Семиченков С. А.",GEORGIAN AIRWAYS,Выдача до 30 минут
2026-09-02,TK 6917 ,77В,СТАМБУЛ(СТАМБУЛ НЬЮ),23,Y(А10),16:12,6993,2026-09-02 16:25:00,2026-09-02 16:27:00,,2026-09-02 16:28:00,2026-09-02 16:50:00,2026-09-02 16:29:00,2026-09-02 16:50:00,2026-09-02 17:16:00,,,2026-09-02 16:48:00,2026-09-02 17:02:00,3.0,7.0,2026-09-02 16:47:00,2026-09-02 16:58:00,2026-09-02 16:45:00,2026-09-02 16:46:00,2026-09-02 17:13:00,2026-09-02 17:14:00,"Иванов В. А., Соколов И. С.",Turkish Airlines,Выдача от 30 до 40 минут
2026-09-02,В2 979 ,Е95,МИНСК(МИНСК ИНТЛ.),29,Y(А13),15:54,594,2026-09-02 16:02:00,2026-09-02 16:02:00,,2026-09-02 16:04:00,2026-09-02 16:10:00,2026-09-02 16:04:00,2026-09-02 16:10:00,2026-09-02 16:10:00,,2.0,2026-09-02 16:14:00,2026-09-02 16:15:00,,0.0,2026-09-02 16:10:00,2026-09-02 16:13:00,,,,,Аганин А. А.,Белавиа,Выдача до 30 минут
2026-09-02,TK 3046 ,321,АНТАЛЬЯ,21,Y(А09),12:29,2522,2026-09-02 12:40:00,2026-09-02 12:41:00,,2026-09-02 12:44:00,2026-09-02 12:57:00,2026-09-02 12:44:00,2026-09-02 12:57:00,2026-09-02 13:01:00,,,2026-09-02 12:58:00,2026-09-02 13:04:00,,0.0,2026-09-02 12:36:00,2026-09-02 12:58:00,2026-09-02 12:54:00,2026-09-02 13:07:00,,,Королёв Е. А.,Turkish Airlines,Выдача до 30 минут
2026-09-02,FZ 989 ,7М8,ДУБАЙ(ДУБАЙ ИНТЛ.),26A,Y(А09),15:16,3761,2026-09-02 15:24:00,2026-09-02 15:27:00,,2026-09-02 15:27:00,2026-09-02 15:49:00,2026-09-02 15:27:00,2026-09-02 15:49:00,2026-09-02 15:53:00,,,2026-09-02 15:37:00,2026-09-02 15:54:00,,0.0,2026-09-02 15:47:00,2026-09-02 15:50:00,2026-09-02 15:49:00,2026-09-02 15:54:00,2026-09-02 15:33:00,2026-09-02 15:36:00,"Андреев А. М., Харитонов И. А.",flydubai,Выдача до 30 минут
2026-09-02,PBD 840 ,73Х,АНТАЛЬЯ,50,Y(А13),18:57,1158,2026-09-02 19:05:00,2026-09-02 19:07:00,,2026-09-02 19:08:00,2026-09-02 19:18:00,2026-09-02 19:08:00,2026-09-02 19:18:00,2026-09-02 19:17:00,1.0,2.0,2026-09-02 19:27:00,2026-09-02 19:29:00,,0.0,2026-09-02 19:19:00,2026-09-02 19:25:00,,,,,Семиченков С. А.,Победа,Выдача до 30 минут
2026-09-02,PC 388 ,32Щ,СТАМБУЛ(САБИХА ГОКЦЕН),19,Y(А09),13:53,3202,2026-09-02 13:59:00,2026-09-02 14:01:00,,2026-09-02 14:02:00,2026-09-02 14:18:00,2026-09-02 14:03:00,2026-09-02 14:18:00,2026-09-02 14:24:00,,,2026-09-02 14:13:00,2026-09-02 14:25:00,,0.0,2026-09-02 14:06:00,2026-09-02 14:12:00,2026-09-02 14:18:00,2026-09-02 14:25:00,,,"Аганин А. А., Барабанов А. М.",Pegasus,Выдача до 30 минут
2026-09-02,ЮТ 398 ,734,ГЕЛЕНДЖИК,60,Y(А05),19:03,724,2026-09-02 19:12:00,2026-09-02 19:15:00,,2026-09-02 19:15:00,2026-09-02 19:20:00,2026-09-02 19:15:00,2026-09-02 19:20:00,2026-09-02 19:21:00,,,2026-09-02 19:28:00,2026-09-02 19:31:00,,0.0,2026-09-02 19:21:00,2026-09-02 19:28:00,,,,,Фанин Н. О.,Ютэйр,Выдача до 30 минут
2026-09-02,ЮТ 802 ,762,ДУШАНБЕ(ДУШАНБЕ ИНТЛ.),21,Y(А09),19:06,3125,2026-09-02 19:16:00,2026-09-02 19:18:00,,2026-09-02 19:20:00,2026-09-02 19:34:00,2026-09-02 19:20:00,2026-09-02 19:34:00,2026-09-02 19:41:00,,,2026-09-02 19:37:00,2026-09-02 19:45:00,1.0,0.0,2026-09-02 19:20:00,2026-09-02 19:37:00,2026-09-02 19:18:00,2026-09-02 19:49:00,,,Барабанов А. М.,Ютэйр,Выдача до 30 минут
2026-09-02,NE 616 ,320,ХУРГАДА(ХУРГАДА ИНТЛ.),21,Y(А09),21:31,1837,2026-09-02 21:40:00,2026-09-02 21:42:00,,2026-09-02 21:46:00,2026-09-02 22:01:00,2026-09-02 21:46:00,2026-09-02 22:01:00,2026-09-02 21:56:00,5.0,3.0,2026-09-02 21:50:00,2026-09-02 21:56:00,,0.0,2026-09-02 21:51:00,2026-09-02 21:55:00,2026-09-02 22:03:00,2026-09-02 22:08:00,,,Науну М.,Nesma Airlines,Выдача до 30 минут
2026-09-02,ЮТ 464 ,73Х,ТЮМЕНЬ(РОЩИНО),13,Y(А07),19:11,788,2026-09-02 19:18:00,2026-09-02 19:18:00,,2026-09-02 19:23:00,2026-09-02 19:33:00,2026-09-02 19:23:00,2026-09-02 19:33:00,2026-09-02 19:27:00,6.0,5.0,2026-09-02 19:39:00,2026-09-02 19:43:00,1.0,0.0,2026-09-02 19:34:00,2026-09-02 19:38:00,,,,,Рустамов М. А.,Ютэйр,Выдача до 30 минут
2026-09-02,ЮТ 576 ,734,КРАСНОДАР(ПАШКОВСКИЙ),58,Y(А05),19:13,990,2026-09-02 19:25:00,2026-09-02 19:25:00,,2026-09-02 19:27:00,2026-09-02 19:35:00,2026-09-02 19:27:00,2026-09-02 19:35:00,2026-09-02 19:36:00,,1.0,2026-09-02 19:41:00,2026-09-02 19:42:00,,0.0,2026-09-02 19:35:00,2026-09-02 19:41:00,,,,,Давлатов Б. Ч.,Ютэйр,Выдача до 30 минут
2026-09-02,ЮТ 296 ,73Х,СУРГУТ,12,Y(А08),19:25,767,2026-09-02 19:33:00,2026-09-02 19:33:00,,2026-09-02 19:36:00,2026-09-02 19:40:00,2026-09-02 19:36:00,2026-09-02 19:40:00,2026-09-02 19:42:00,,,2026-09-02 19:46:00,2026-09-02 19:49:00,,0.0,2026-09-02 19:43:00,2026-09-02 19:46:00,,,,,Михайлов М. С.,Ютэйр,Выдача до 30 минут
2026-09-02,УР 514 ,75В,БОДРУМ(МИЛАС),19,Y(А11),19:49,994,2026-09-02 19:57:00,2026-09-02 20:00:00,,2026-09-02 20:02:00,2026-09-02 20:08:00,2026-09-02 20:02:00,2026-09-02 20:08:00,2026-09-02 20:08:00,,,2026-09-02 20:16:00,2026-09-02 20:19:00,,0.0,2026-09-02 20:08:00,2026-09-02 20:14:00,,,,,Фаёзов А. Р.,FLYONE Armenia,Выдача до 30 минут
2026-09-02,ЮТ 250 ,73Х,СОЧИ,11,Y(А06),19:52,1302,2026-09-02 19:58:00,2026-09-02 20:01:00,,2026-09-02 20:01:00,2026-09-02 20:10:00,2026-09-02 20:01:00,2026-09-02 20:10:00,2026-09-02 20:11:00,,,2026-09-02 20:10:00,2026-09-02 20:14:00,,0.0,2026-09-02 20:07:00,2026-09-02 20:10:00,2026-09-02 20:14:00,2026-09-02 20:16:00,,,"Бородин А. В., Конюхов Я. А.",Ютэйр,Выдача до 30 минут
2026-09-02,ХИ 9627 ,32Н,ФЕРГАНА(ФЕРГАНА ИНТЛ.),25,Y(А10),20:04,2130,2026-09-02 20:14:00,2026-09-02 20:14:00,,2026-09-02 20:18:00,2026-09-02 20:31:00,2026-09-02 20:19:00,2026-09-02 20:31:00,2026-09-02 20:32:00,,,2026-09-02 20:27:00,2026-09-02 20:35:00,,0.0,2026-09-02 20:23:00,2026-09-02 20:26:00,2026-09-02 20:30:00,2026-09-02 20:34:00,,,"Науну М., Смирнов Н. В.",UZBEKISTAN AIRWAYS,Выдача до 30 минут
2026-09-02,ХИ 9621 ,320,АНДИЖАН,26,Y(А09),20:06,1714,2026-09-02 20:18:00,2026-09-02 20:20:00,,2026-09-02 20:22:00,2026-09-02 20:33:00,2026-09-02 20:22:00,2026-09-02 20:33:00,2026-09-02 20:33:00,,,2026-09-02 20:29:00,2026-09-02 20:39:00,,0.0,2026-09-02 20:27:00,2026-09-02 20:30:00,2026-09-02 20:33:00,2026-09-02 20:38:00,,,Екимов С. С.,UZBEKISTAN AIRWAYS,Выдача до 30 минут
2026-09-02,ДР 158 ,73Х,КРАСНОДАР(ПАШКОВСКИЙ),48,Y(А05),20:46,553,2026-09-02 20:52:00,2026-09-02 20:54:00,,2026-09-02 20:55:00,2026-09-02 21:01:00,2026-09-02 20:55:00,2026-09-02 21:01:00,2026-09-02 21:00:00,1.0,2.0,2026-09-02 21:03:00,2026-09-02 21:04:00,,0.0,2026-09-02 21:03:00,2026-09-02 21:08:00,,,,,Фартушный А. И.,Победа,Выдача до 30 минут
2026-09-02,ЮТ 810 ,73Х,САМАРКАНД(САМАРКАНД ИНТЛ.),16,Y(А11),20:56,777,2026-09-02 21:05:00,2026-09-02 21:05:00,,2026-09-02 21:07:00,2026-09-02 21:11:00,2026-09-02 21:08:00,2026-09-02 21:11:00,2026-09-02 21:14:00,,,2026-09-02 21:18:00,2026-09-02 21:20:00,,0.0,2026-09-02 21:11:00,2026-09-02 21:18:00,,,,,"Фаёзов А. Р., Фанин Н. О.",Ютэйр,Выдача до 30 минут
2026-09-02,DV 815 ,7М8,АЛМАТЫ(АЛМАТЫ ИНТЛ.),20,Y(А13),21:06,1375,2026-09-02 21:14:00,2026-09-02 21:14:00,,2026-09-02 21:15:00,2026-09-02 21:22:00,2026-09-02 21:16:00,2026-09-02 21:22:00,2026-09-02 21:27:00,,,2026-09-02 21:25:00,2026-09-02 21:35:00,,0.0,2026-09-02 21:20:00,2026-09-02 21:24:00,2026-09-02 21:30:00,2026-09-02 21:34:00,,,"Кейта А. С., Семиченков С. А.",SCAT Airlines,Выдача до 30 минут
2026-09-02,ДР 116 ,73Х,СОЧИ,49,Y(А07),21:10,607,2026-09-02 21:17:00,2026-09-02 21:26:00,6.0,2026-09-02 21:19:00,2026-09-02 21:23:00,2026-09-02 21:19:00,2026-09-02 21:23:00,2026-09-02 21:25:00,,,2026-09-02 21:30:00,2026-09-02 21:32:00,,0.0,2026-09-02 21:24:00,2026-09-02 21:30:00,,,,,Вазиров Т. В.,Победа,Выдача до 30 минут
2026-09-02,ХИ 613 ,763,ТАШКЕНТ(ТАШКЕНТ ИНТЛ.),23,Y(А10),21:13,3043,2026-09-02 21:23:00,2026-09-02 21:27:00,1.0,2026-09-02 21:32:00,2026-09-02 21:51:00,2026-09-02 21:32:00,2026-09-02 21:51:00,2026-09-02 21:47:00,4.0,,2026-09-02 21:42:00,2026-09-02 21:59:00,,6.0,2026-09-02 21:32:00,2026-09-02 21:51:00,2026-09-02 21:32:00,2026-09-02 21:59:00,,,Конюхов Я. А.,UZBEKISTAN AIRWAYS,Выдача от 30 до 40 минут
2026-09-02,ЮТ 180 ,73Е,УХТА,14,Y(А05),21:27,251,2026-09-02 21:36:00,2026-09-02 21:36:00,,2026-09-02 21:39:00,2026-09-02 21:44:00,2026-09-02 21:39:00,2026-09-02 21:44:00,2026-09-02 21:42:00,2.0,3.0,2026-09-02 21:47:00,2026-09-02 21:48:00,,0.0,2026-09-02 21:45:00,2026-09-02 21:56:00,,,,,Лаптев В. В.,Ютэйр,Выдача до 30 минут
2026-09-02,ФВ 6179 ,СУ9,САНКТ-ПЕТЕРБУРГ(ПУЛКОВО),9,Y(А04),20:09,36,2026-09-02 20:18:00,2026-09-02 20:22:00,1.0,2026-09-02 20:24:00,2026-09-02 20:25:00,2026-09-02 20:24:00,2026-09-02 20:25:00,2026-09-02 20:22:00,3.0,1.0,2026-09-02 20:28:00,2026-09-02 20:29:00,,0.0,2026-09-02 20:25:00,2026-09-02 20:29:00,,,,,Королев А. А.,Россия,Выдача до 30 минут
2026-09-02,PC 1580 ,32Н,АНТАЛЬЯ,19,Y(А13),23:26,2342,2026-09-02 23:35:00,2026-09-02 23:37:00,,2026-09-02 23:39:00,2026-09-02 23:57:00,2026-09-02 23:40:00,2026-09-02 23:57:00,2026-09-02 23:55:00,2.0,1.0,2026-09-02 23:51:00,2026-09-03 00:06:00,,1.0,2026-09-02 23:46:00,2026-09-02 23:52:00,2026-09-02 23:59:00,2026-09-03 00:04:00,,,"Барабанов А. М., Баташан В. Ю.",Pegasus,Выдача от 30 до 40 минут
2026-09-02,TK 411 ,333,СТАМБУЛ(СТАМБУЛ НЬЮ),22,Y(А09),23:49,4941,2026-09-03 00:03:00,2026-09-03 00:04:00,,2026-09-03 00:08:00,2026-09-03 00:22:00,2026-09-03 00:08:00,2026-09-03 00:22:00,2026-09-03 00:40:00,,,2026-09-03 00:21:00,2026-09-03 00:27:00,,0.0,2026-09-03 00:08:00,2026-09-03 00:22:00,2026-09-02 23:56:00,2026-09-03 00:30:00,2026-09-02 23:55:00,2026-09-03 00:25:00,Фанин Н. О.,Turkish Airlines,Выдача до 30 минут
2026-09-02,ХИ 605 ,320,САМАРКАНД(САМАРКАНД ИНТЛ.),26,Y(А11),23:46,1244,2026-09-02 23:58:00,2026-09-02 23:58:00,,2026-09-03 00:03:00,2026-09-03 00:13:00,2026-09-03 00:03:00,2026-09-03 00:13:00,2026-09-03 00:10:00,3.0,2.0,2026-09-03 00:15:00,2026-09-03 00:36:00,,8.0,2026-09-03 00:09:00,2026-09-03 00:12:00,2026-09-03 00:18:00,2026-09-03 00:35:00,,,Тихонов С. М.,UZBEKISTAN AIRWAYS,Выдача от 30 до 40 минут
2026-09-02,FZ 951 ,7М8,ДУБАЙ(ДУБАЙ ИНТЛ.),30,Y(А12),23:42,1203,2026-09-02 23:51:00,2026-09-02 23:53:00,,2026-09-02 23:54:00,2026-09-03 00:02:00,2026-09-02 23:54:00,2026-09-03 00:02:00,2026-09-03 00:03:00,,,2026-09-03 00:10:00,2026-09-03 00:14:00,,0.0,2026-09-03 00:05:00,2026-09-03 00:09:00,,,,,Фаёзов А. Р.,flydubai,Выдача до 30 минут
2026-09-02,NE 606 ,320,ХУРГАДА(ХУРГАДА ИНТЛ.),44,Y(А10),23:38,2374,2026-09-02 23:46:00,2026-09-02 23:46:00,,2026-09-02 23:48:00,2026-09-03 00:05:00,2026-09-02 23:48:00,2026-09-03 00:05:00,2026-09-03 00:06:00,,1.0,2026-09-03 00:00:00,2026-09-03 00:17:00,,1.0,2026-09-02 23:53:00,2026-09-02 23:59:00,2026-09-03 00:07:00,2026-09-03 00:15:00,,,Смирнов Н. В.,Nesma Airlines,Выдача от 30 до 40 минут
2026-09-02,ДР 160 ,7С8,КРАСНОДАР(ПАШКОВСКИЙ),49,Y(А05),13:09,822,2026-09-02 13:16:00,2026-09-02 13:18:00,,2026-09-02 13:20:00,2026-09-02 13:31:00,2026-09-02 13:20:00,2026-09-02 13:31:00,2026-09-02 13:25:00,6.0,6.0,2026-09-02 13:34:00,2026-09-02 13:35:00,,0.0,2026-09-02 13:28:00,2026-09-02 13:34:00,,,,,Барабанов А. М.,Победа,Выдача до 30 минут
2026-09-02,ЮТ 784 ,73Х,АНТАЛЬЯ,11,Y(А09),23:22,1943,2026-09-02 23:33:00,2026-09-02 23:34:00,,2026-09-02 23:35:00,2026-09-02 23:56:00,2026-09-02 23:35:00,2026-09-02 23:56:00,2026-09-02 23:50:00,6.0,8.0,2026-09-02 23:46:00,2026-09-02 23:51:00,,0.0,2026-09-02 23:44:00,2026-09-02 23:46:00,2026-09-02 23:59:00,2026-09-03 00:02:00,,,Саидов А. С.,Ютэйр,Выдача до 30 минут
2026-09-02,AZO 7054 ,СУ9,БАТУМИ,41A,Y(А12),19:00,1096,2026-09-02 19:10:00,2026-09-02 19:11:00,,2026-09-02 19:13:00,2026-09-02 19:25:00,2026-09-02 19:13:00,2026-09-02 19:25:00,2026-09-02 19:21:00,4.0,5.0,2026-09-02 19:31:00,2026-09-02 19:32:00,,0.0,2026-09-02 19:24:00,2026-09-02 19:30:00,,,,,Тришкин А. В.,GEORGIAN AIRWAYS,Выдача до 30 минут
2026-09-02,А4 7036 ,СУ9,ПСКОВ(КРЕСТЫ),45,Y(А04),23:18,325,2026-09-02 23:27:00,2026-09-02 23:28:00,,2026-09-02 23:29:00,2026-09-02 23:33:00,2026-09-02 23:29:00,2026-09-02 23:33:00,2026-09-02 23:33:00,,2.0,2026-09-02 23:24:00,2026-09-02 23:51:00,,0.0,2026-09-02 23:32:00,2026-09-02 23:43:00,,,,,Лаптев В. В.,Азимут,Выдача до 30 минут
2026-09-02,ЮТ 374 ,73Х,МИНЕРАЛЬНЫЕ ВОДЫ,15,Y(А05),23:10,724,2026-09-02 23:24:00,2026-09-02 23:24:00,,2026-09-02 23:30:00,2026-09-02 23:37:00,2026-09-02 23:30:00,2026-09-02 23:37:00,2026-09-02 23:33:00,4.0,2.0,2026-09-02 23:45:00,2026-09-02 23:47:00,1.0,0.0,2026-09-02 23:39:00,2026-09-02 23:43:00,,,,,Королёв Е. А.,Ютэйр,Выдача до 30 минут
2026-09-02,AZO 7018 ,СУ9,ТБИЛИСИ(ТБИЛИСИ ИНТЛ.),28,Y(А12),22:05,1406,2026-09-02 22:13:00,2026-09-02 22:13:00,,2026-09-02 22:16:00,2026-09-02 22:27:00,2026-09-02 22:16:00,2026-09-02 22:27:00,2026-09-02 22:26:00,1.0,2.0,2026-09-02 22:26:00,2026-09-02 22:32:00,,0.0,2026-09-02 22:22:00,2026-09-02 22:27:00,2026-09-02 22:36:00,2026-09-02 22:37:00,,,Вазиров Т. В.,GEORGIAN AIRWAYS,Выдача до 30 минут
2026-09-02,ДР 994 ,7С8,СТАМБУЛ(СТАМБУЛ НЬЮ),50,Y(А11),21:58,877,-1,,,2026-09-02 22:11:00,2026-09-02 22:18:00,2026-09-02 22:11:00,2026-09-02 22:18:00,,,1.0,2026-09-02 22:26:00,2026-09-02 22:33:00,,0.0,2026-09-02 22:21:00,2026-09-02 22:33:00,,,,,Михайлов М. С.,Победа,Некорректно проставлены отметки
2026-09-02,ДР 206 ,73Х,САНКТ-ПЕТЕРБУРГ(ПУЛКОВО),48,Y(А04),21:50,139,2026-09-02 22:00:00,2026-09-02 22:02:00,,2026-09-02 22:04:00,2026-09-02 22:06:00,2026-09-02 22:04:00,2026-09-02 22:06:00,2026-09-02 22:05:00,1.0,1.0,2026-09-02 22:12:00,2026-09-02 22:13:00,,0.0,2026-09-02 22:08:00,2026-09-02 22:14:00,,,,,Соколов И. С.,Победа,Выдача до 30 минут
2026-09-02,ДР 964 ,73Х,ДАЛАМАН,47,Y(А12),21:36,1548,2026-09-02 21:43:00,2026-09-02 21:44:00,,2026-09-02 21:46:00,2026-09-02 21:57:00,2026-09-02 21:46:00,2026-09-02 21:57:00,2026-09-02 21:57:00,,1.0,2026-09-02 22:00:00,2026-09-02 22:14:00,,1.0,2026-09-02 21:52:00,2026-09-02 21:58:00,2026-09-02 22:05:00,2026-09-02 22:10:00,,,Фартушный А. И.,Победа,Выдача от 30 до 40 минут
2026-09-02,J2 805 ,320,БАКУ(ИМ. ГЕЙДАРА АЛИЕВА),62,Y(А10),23:54,2544,2026-09-03 00:03:00,2026-09-03 00:11:00,5.0,2026-09-03 00:13:00,2026-09-03 00:36:00,2026-09-03 00:13:00,2026-09-03 00:36:00,2026-09-03 00:24:00,12.0,6.0,2026-09-03 00:14:00,2026-09-03 00:21:00,,0.0,2026-09-03 00:19:00,2026-09-03 00:28:00,2026-09-03 00:34:00,2026-09-03 00:49:00,,,"Рустамов М. А., Соколов И. С.",AZAL,Выдача до 30 минут
2026-09-03,TK 3060 ,321,АНТАЛЬЯ,20,Y(А09),00:26,1752,2026-09-03 00:36:00,2026-09-03 00:38:00,,2026-09-03 00:43:00,2026-09-03 00:56:00,2026-09-03 00:43:00,2026-09-03 00:56:00,2026-09-03 00:52:00,4.0,1.0,2026-09-03 00:56:00,2026-09-03 01:05:00,,0.0,2026-09-03 00:20:00,2026-09-03 01:10:00,,,,,Екимов С. С.,Turkish Airlines,Выдача до 30 минут
2026-09-03,PC 1576 ,32Щ,АНТАЛЬЯ,37,Y(А11),00:22,2968,-1,,,2026-09-03 00:37:00,2026-09-03 00:59:00,2026-09-03 00:37:00,2026-09-03 00:59:00,,,2.0,2026-09-03 00:49:00,2026-09-03 01:06:00,,0.0,2026-09-03 00:43:00,2026-09-03 00:48:00,2026-09-03 00:58:00,2026-09-03 01:06:00,,,"Кейта А. С., Тришкин А. В.",Pegasus,Некорректно проставлены отметки
2026-09-03,J2 809 ,763,БАКУ(ИМ. ГЕЙДАРА АЛИЕВА),63,Y(А10),01:15,4050,2026-09-03 01:50:00,2026-09-03 01:59:00,6.0,2026-09-03 01:55:00,2026-09-03 02:13:00,2026-09-03 01:55:00,2026-09-03 02:13:00,2026-09-03 02:21:00,,,2026-09-03 02:18:00,2026-09-03 02:33:00,,13.0,2026-09-03 01:55:00,2026-09-03 02:18:00,2026-09-03 01:04:00,2026-09-03 02:26:00,,,Тришкин А. В.,AZAL,Выдача более 40 минут
2026-09-03,FZ 987 ,7М8,ДУБАЙ(ДУБАЙ ИНТЛ.),29,Y(А12),00:14,1687,2026-09-03 00:28:00,2026-09-03 00:30:00,,2026-09-03 00:31:00,2026-09-03 00:47:00,2026-09-03 00:31:00,2026-09-03 00:47:00,2026-09-03 00:43:00,4.0,5.0,2026-09-03 00:43:00,2026-09-03 00:56:00,,0.0,2026-09-03 00:40:00,2026-09-03 00:43:00,2026-09-03 00:49:00,2026-09-03 00:52:00,,,Бородин А. В.,flydubai,Выдача до 30 минут
2026-09-03,DV 813 ,738,АСТАНА(НУРСУЛТАН НАЗАРБАЕВ),46,Y(А13),00:09,1508,2026-09-03 00:20:00,2026-09-03 00:22:00,,2026-09-03 00:22:00,2026-09-03 00:37:00,2026-09-03 00:22:00,2026-09-03 00:37:00,2026-09-03 00:34:00,3.0,5.0,2026-09-03 00:39:00,2026-09-03 00:52:00,,2.0,2026-09-03 00:27:00,2026-09-03 00:39:00,2026-09-03 00:47:00,2026-09-03 00:53:00,,,Фартушный А. И.,SCAT Airlines,Выдача от 30 до 40 минут
2026-09-03,TK 409 ,321,СТАМБУЛ(СТАМБУЛ НЬЮ),25,Y(А10),00:18,3672,2026-09-03 00:30:00,2026-09-03 00:32:00,,2026-09-03 00:33:00,2026-09-03 00:53:00,2026-09-03 00:33:00,2026-09-03 00:53:00,2026-09-03 00:58:00,,,2026-09-03 00:47:00,2026-09-03 01:00:00,,0.0,2026-09-03 00:23:00,2026-09-03 00:59:00,2026-09-03 00:29:00,2026-09-03 00:56:00,,,Михайлов М. С.,Turkish Airlines,Выдача до 30 минут
2026-09-03,NE 602 ,320,ХУРГАДА(ХУРГАДА ИНТЛ.),24,Y(А09),03:04,1717,2026-09-03 03:15:00,2026-09-03 03:18:00,,2026-09-03 03:20:00,2026-09-03 03:32:00,2026-09-03 03:20:00,2026-09-03 03:32:00,2026-09-03 03:30:00,2.0,1.0,2026-09-03 03:29:00,2026-09-03 03:33:00,,0.0,2026-09-03 03:25:00,2026-09-03 03:29:00,2026-09-03 03:33:00,2026-09-03 03:38:00,,,Давлатов Б. Ч.,Nesma Airlines,Выдача до 30 минут
2026-09-03,ФВ 6189 ,СУ9,САНКТ-ПЕТЕРБУРГ(ПУЛКОВО),9,Y(А04),01:11,104,2026-09-03 01:21:00,2026-09-03 01:26:00,2.0,2026-09-03 01:29:00,2026-09-03 01:32:00,2026-09-03 01:29:00,2026-09-03 01:32:00,2026-09-03 01:26:00,6.0,2.0,2026-09-03 01:35:00,2026-09-03 01:36:00,,0.0,2026-09-03 01:33:00,2026-09-03 01:34:00,,,,,Тихонов С. М.,Россия,Выдача до 30 минут
2026-09-03,TK 3002 ,321,АНТАЛЬЯ,27,Y(А10),00:48,1136,2026-09-03 01:00:00,2026-09-03 01:03:00,,2026-09-03 01:07:00,2026-09-03 01:14:00,2026-09-03 01:07:00,2026-09-03 01:14:00,2026-09-03 01:12:00,2.0,,2026-09-03 01:10:00,2026-09-03 01:11:00,,0.0,2026-09-03 00:55:00,2026-09-03 01:19:00,,,,,Барабанов А. М.,Turkish Airlines,Выдача до 30 минут
2026-09-03,TK 3178 ,321,ДАЛАМАН,24,Y(А09),00:50,2440,2026-09-03 01:03:00,2026-09-03 01:03:00,,2026-09-03 01:10:00,2026-09-03 01:31:00,2026-09-03 01:10:00,2026-09-03 01:31:00,2026-09-03 01:23:00,8.0,5.0,2026-09-03 01:22:00,2026-09-03 01:38:00,,5.0,2026-09-03 00:57:00,2026-09-03 01:22:00,2026-09-03 01:24:00,2026-09-03 01:39:00,,,Конюхов Я. А.,Turkish Airlines,Выдача от 30 до 40 минут
2026-09-03,TK 3084 ,321,ДАЛАМАН,23,Y(А13),00:56,2416,2026-09-03 01:11:00,2026-09-03 01:14:00,,2026-09-03 01:16:00,2026-09-03 01:35:00,2026-09-03 01:16:00,2026-09-03 01:35:00,2026-09-03 01:31:00,4.0,3.0,2026-09-03 01:27:00,2026-09-03 01:43:00,,2.0,2026-09-03 01:03:00,2026-09-03 01:27:00,2026-09-03 01:31:00,2026-09-03 01:53:00,,,Баташан В. Ю.,Turkish Airlines,Выдача от 30 до 40 минут
2026-09-03,TK 3014 ,321,АНТАЛЬЯ,26,Y(А13),00:59,2332,2026-09-03 01:18:00,2026-09-03 01:18:00,,2026-09-03 01:19:00,2026-09-03 01:32:00,2026-09-03 01:19:00,2026-09-03 01:32:00,2026-09-03 01:38:00,,,2026-09-03 01:32:00,2026-09-03 01:44:00,,0.0,2026-09-03 01:18:00,2026-09-03 01:53:00,,,,,Королёв Е. А.,Turkish Airlines,Выдача до 30 минут
2026-09-03,TK 3036 ,321,АНТАЛЬЯ,31,Y(А10),01:02,2937,2026-09-03 00:42:00,2026-09-03 01:32:00,47.0,2026-09-03 01:21:00,2026-09-03 01:39:00,2026-09-03 01:21:00,2026-09-03 01:39:00,2026-09-03 01:06:00,33.0,,2026-09-03 01:21:00,2026-09-03 01:43:00,9.0,31.0,2026-09-03 01:02:00,2026-09-03 01:50:00,2026-09-03 01:07:00,2026-09-03 01:33:00,,,Лаптев В. В.,Turkish Airlines,Выдача более 40 минут
2026-09-03,ЯК 476 ,73В,СОЧИ,13,Y(А05),00:01,904,2026-09-03 00:13:00,2026-09-03 00:16:00,,2026-09-03 00:17:00,2026-09-03 00:24:00,2026-09-03 00:17:00,2026-09-03 00:24:00,2026-09-03 00:20:00,4.0,4.0,2026-09-03 00:28:00,2026-09-03 00:29:00,,0.0,2026-09-03 00:24:00,2026-09-03 00:28:00,,,,,"Саидов А. С., Семиченков С. А.",Якутия,Выдача до 30 минут
2026-09-03,TK 217 ,321,АНТАЛЬЯ,18,Y(А13),00:34,2068,2026-09-03 00:43:00,2026-09-03 00:48:00,2.0,2026-09-03 00:49:00,2026-09-03 00:59:00,2026-09-03 00:49:00,2026-09-03 00:59:00,2026-09-03 01:01:00,,,2026-09-03 01:02:00,2026-09-03 01:15:00,,2.0,2026-09-03 00:42:00,2026-09-03 01:10:00,,,,,Вазиров Т. В.,Turkish Airlines,Выдача от 30 до 40 минут
2026-09-03,TK 211 ,321,АНТАЛЬЯ,21,Y(А09),00:30,908,2026-09-03 00:40:00,2026-09-03 00:43:00,,2026-09-03 00:42:00,2026-09-03 00:57:00,2026-09-03 00:42:00,2026-09-03 00:57:00,2026-09-03 00:50:00,7.0,9.0,2026-09-03 00:48:00,2026-09-03 00:52:00,,0.0,2026-09-03 00:21:00,2026-09-03 01:03:00,,,,,Науну М.,Turkish Airlines,Выдача до 30 минут
2026-09-03,ЮТ 364 ,73Х,УФА,24,Y(А05),13:35,709,2026-09-03 13:42:00,2026-09-03 13:44:00,,,,,,2026-09-03 13:51:00,,,2026-09-03 13:51:00,2026-09-03 13:54:00,,0.0,,,,,,,,Ютэйр,Выдача до 30 минут
2026-09-03,ДР 968 ,73Х,МИНСК(МИНСК ИНТЛ.),49,Y(А13),01:54,336,2026-09-03 02:01:00,2026-09-03 02:07:00,3.0,2026-09-03 02:06:00,2026-09-03 02:10:00,2026-09-03 02:06:00,2026-09-03 02:10:00,2026-09-03 02:07:00,3.0,2.0,2026-09-03 02:23:00,2026-09-03 02:27:00,,0.0,2026-09-03 02:16:00,2026-09-03 02:24:00,,,,,Давлатов Б. Ч.,Победа,Выдача до 30 минут
2026-09-03,PC 1521 ,32Н,ИЗМИР(АДНАН МЕНДЕРЕС),37A,Y(А11),01:28,2362,2026-09-03 01:41:00,2026-09-03 01:43:00,,2026-09-03 01:41:00,2026-09-03 02:00:00,2026-09-03 01:41:00,2026-09-03 02:00:00,2026-09-03 02:01:00,,3.0,2026-09-03 01:55:00,2026-09-03 02:19:00,,8.0,2026-09-03 01:43:00,2026-09-03 01:56:00,2026-09-03 02:05:00,2026-09-03 02:18:00,,,Королев А. А.,Pegasus,Выдача от 30 до 40 минут
2026-09-03,ДР 208 ,7С8,САНКТ-ПЕТЕРБУРГ(ПУЛКОВО),8,Y(А04),01:43,176,2026-09-03 01:54:00,2026-09-03 01:55:00,,2026-09-03 01:56:00,2026-09-03 02:01:00,2026-09-03 01:56:00,2026-09-03 02:01:00,2026-09-03 01:59:00,2.0,4.0,2026-09-03 02:04:00,2026-09-03 02:05:00,,0.0,2026-09-03 02:04:00,2026-09-03 02:05:00,,,,,Тихонов С. М.,Победа,Выдача до 30 минут
2026-09-03,AZO 7008 ,СУ9,ТБИЛИСИ(ТБИЛИСИ ИНТЛ.),28,Y(А11),03:08,1510,2026-09-03 03:18:00,2026-09-03 03:22:00,1.0,2026-09-03 03:21:00,2026-09-03 03:38:00,2026-09-03 03:21:00,2026-09-03 03:38:00,2026-09-03 03:32:00,6.0,7.0,2026-09-03 03:41:00,2026-09-03 03:51:00,3.0,3.0,2026-09-03 03:37:00,2026-09-03 03:41:00,2026-09-03 03:30:00,2026-09-03 03:32:00,,,Королев А. А.,GEORGIAN AIRWAYS,Выдача от 30 до 40 минут
2026-09-03,ДР 264B,7С8,КАЛИНИНГРАД(ХРАБРОВО),48,Y(А07),01:47,507,2026-09-03 01:54:00,2026-09-03 01:56:00,,2026-09-03 01:57:00,2026-09-03 02:01:00,2026-09-03 01:57:00,2026-09-03 02:01:00,2026-09-03 02:01:00,,1.0,2026-09-03 02:15:00,2026-09-03 02:18:00,,0.0,2026-09-03 02:14:00,2026-09-03 02:20:00,,,,,Фаёзов А. Р.,Победа,Выдача до 30 минут
2026-09-03,TK 3154 ,32Б,БОДРУМ(МИЛАС),25,Y(А09),01:57,2127,2026-09-03 02:09:00,2026-09-03 02:12:00,,2026-09-03 02:24:00,2026-09-03 02:37:00,2026-09-03 02:24:00,2026-09-03 02:37:00,2026-09-03 02:27:00,10.0,,2026-09-03 02:32:00,2026-09-03 02:47:00,3.0,8.0,2026-09-03 02:05:00,2026-09-03 02:48:00,,,,,Фанин Н. О.,Turkish Airlines,Выдача от 30 до 40 минут
2026-09-03,FZ 965 ,7М8,ДУБАЙ(ДУБАЙ ИНТЛ.),30,Y(А12),02:01,1520,2026-09-03 02:19:00,2026-09-03 02:21:00,,2026-09-03 02:24:00,2026-09-03 02:40:00,2026-09-03 02:24:00,2026-09-03 02:40:00,2026-09-03 02:33:00,7.0,6.0,2026-09-03 02:35:00,2026-09-03 02:47:00,,0.0,2026-09-03 02:27:00,2026-09-03 02:30:00,2026-09-03 02:34:00,2026-09-03 02:47:00,,,Барабанов А. М.,flydubai,Выдача до 30 минут
2026-09-03,3F 323 ,320,ЕРЕВАН(ЗВАРТНОЦ ИНТЛ),22,Y(А13),02:05,1767,2026-09-03 02:21:00,2026-09-03 02:23:00,,2026-09-03 02:24:00,2026-09-03 02:36:00,2026-09-03 02:24:00,2026-09-03 02:36:00,2026-09-03 02:37:00,,,2026-09-03 02:25:00,2026-09-03 02:34:00,,0.0,2026-09-03 02:31:00,2026-09-03 02:35:00,2026-09-03 02:40:00,2026-09-03 02:46:00,,,"Екимов С. С., Саидов А. С.",FLYONE Armenia,Выдача до 30 минут
2026-09-03,FZ 975 ,7М8,ДУБАЙ(ДУБАЙ ИНТЛ.),29,Y(А12),02:09,763,2026-09-03 02:22:00,2026-09-03 02:23:00,,2026-09-03 02:28:00,2026-09-03 02:32:00,2026-09-03 02:28:00,2026-09-03 02:32:00,2026-09-03 02:31:00,1.0,,2026-09-03 02:39:00,2026-09-03 02:41:00,,0.0,2026-09-03 02:28:00,2026-09-03 02:38:00,,,,,Конюхов Я. А.,flydubai,Выдача до 30 минут
2026-09-03,ЮТ 376 ,735,СЫКТЫВКАР,13,Y(А05),02:13,294,2026-09-03 02:32:00,2026-09-03 02:35:00,,2026-09-03 02:38:00,2026-09-03 02:43:00,2026-09-03 02:38:00,2026-09-03 02:43:00,2026-09-03 02:38:00,5.0,3.0,2026-09-03 02:49:00,2026-09-03 02:50:00,,0.0,2026-09-03 02:44:00,2026-09-03 02:58:00,,,,,Науну М.,Ютэйр,Выдача до 30 минут
2026-09-03,4S 337 ,7С8,ШАРМ ЭЛЬ ШЕЙХ(ШАРМ ЭЛЬ ШЕЙХ ИНТЛ.),20,Y(А09),02:20,2316,2026-09-03 02:36:00,2026-09-03 02:39:00,,2026-09-03 02:40:00,2026-09-03 02:56:00,2026-09-03 02:40:00,2026-09-03 02:56:00,2026-09-03 02:55:00,1.0,1.0,2026-09-03 02:52:00,2026-09-03 03:10:00,,4.0,2026-09-03 02:45:00,2026-09-03 02:52:00,2026-09-03 02:58:00,2026-09-03 03:06:00,,,Королёв Е. А.,Red Sea,Выдача от 30 до 40 минут
2026-09-03,ФВ 6185 ,СУ9,САНКТ-ПЕТЕРБУРГ(ПУЛКОВО),10,Y(А04),02:28,144,2026-09-03 02:39:00,2026-09-03 02:39:00,,2026-09-03 02:40:00,2026-09-03 02:42:00,2026-09-03 02:40:00,2026-09-03 02:42:00,2026-09-03 02:44:00,,1.0,2026-09-03 02:46:00,2026-09-03 02:47:00,,0.0,2026-09-03 02:41:00,2026-09-03 02:47:00,,,,,Фаёзов А. Р.,Россия,Выдача до 30 минут
2026-09-03,TK 3122 ,321,БОДРУМ(МИЛАС),21,Y(А09),02:44,713,2026-09-03 02:53:00,2026-09-03 02:55:00,,2026-09-03 02:58:00,2026-09-03 03:04:00,2026-09-03 02:58:00,2026-09-03 03:04:00,2026-09-03 03:02:00,2.0,1.0,2026-09-03 03:12:00,2026-09-03 03:14:00,,0.0,2026-09-03 02:44:00,2026-09-03 03:19:00,,,,,Михайлов М. С.,Turkish Airlines,Выдача до 30 минут
2026-09-03,ДР 486B,73Х,УЛЬЯНОВСК(БАРАТАЕВКА),50,Y(А04),02:48,361,2026-09-03 02:57:00,2026-09-03 03:01:00,1.0,2026-09-03 03:00:00,2026-09-03 03:03:00,2026-09-03 03:00:00,2026-09-03 03:03:00,2026-09-03 03:03:00,,1.0,2026-09-03 03:09:00,2026-09-03 03:10:00,,0.0,2026-09-03 03:04:00,2026-09-03 03:10:00,,,,,Бородин А. В.,Победа,Выдача до 30 минут
2026-09-03,ДР 168B,7С8,МИНЕРАЛЬНЫЕ ВОДЫ,16,Y(А07),02:58,734,2026-09-03 03:08:00,2026-09-03 03:10:00,,2026-09-03 03:10:00,2026-09-03 03:18:00,2026-09-03 03:10:00,2026-09-03 03:18:00,2026-09-03 03:17:00,1.0,3.0,2026-09-03 03:24:00,2026-09-03 03:29:00,,0.0,2026-09-03 03:15:00,2026-09-03 03:25:00,,,,,Баташан В. Ю.,Победа,Выдача до 30 минут
2026-09-03,ЮТ 358 ,73Х,САМАРА(КУРУМОЧ),15,Y(А08),01:34,527,2026-09-03 01:45:00,2026-09-03 01:47:00,,2026-09-03 01:53:00,2026-09-03 01:55:00,2026-09-03 01:53:00,2026-09-03 01:55:00,2026-09-03 01:53:00,2.0,,2026-09-03 02:01:00,2026-09-03 02:03:00,,0.0,2026-09-03 01:53:00,2026-09-03 02:01:00,,,,,Семиченков С. А.,Ютэйр,Выдача до 30 минут
2026-09-03,ДР 422 ,73Х,САМАРА(КУРУМОЧ),47,Y(А05),01:31,175,2026-09-03 01:37:00,2026-09-03 01:40:00,,2026-09-03 01:43:00,2026-09-03 01:44:00,2026-09-03 01:43:00,2026-09-03 01:44:00,2026-09-03 01:42:00,2.0,,2026-09-03 01:51:00,2026-09-03 01:52:00,,0.0,2026-09-03 01:47:00,2026-09-03 01:56:00,,,,,Фартушный А. И.,Победа,Выдача до 30 минут
2026-09-03,TK 421 ,333,СТАМБУЛ(СТАМБУЛ НЬЮ),19,Y(А09),01:23,6950,2026-09-03 01:34:00,2026-09-03 01:38:00,1.0,2026-09-03 01:36:00,2026-09-03 02:02:00,2026-09-03 01:36:00,2026-09-03 02:02:00,2026-09-03 02:24:00,,,2026-09-03 01:52:00,2026-09-03 02:08:00,,4.0,2026-09-03 01:42:00,2026-09-03 02:10:00,2026-09-03 01:17:00,2026-09-03 01:59:00,2026-09-03 01:33:00,2026-09-03 02:08:00,Рустамов М. А.,Turkish Airlines,Выдача от 30 до 40 минут
2026-09-03,VF 275 ,73Х,СТАМБУЛ(САБИХА ГОКЦЕН),43,Y(А12),01:19,2544,2026-09-03 01:31:00,2026-09-03 01:34:00,,2026-09-03 01:32:00,2026-09-03 01:54:00,2026-09-03 01:32:00,2026-09-03 01:54:00,2026-09-03 01:52:00,2.0,5.0,2026-09-03 01:40:00,2026-09-03 01:52:00,,0.0,2026-09-03 01:39:00,2026-09-03 01:43:00,2026-09-03 01:50:00,2026-09-03 02:29:00,,,Смирнов Н. В.,AJET,Выдача до 30 минут
2026-09-03,PC 1456 ,32Щ,БОДРУМ(МИЛАС),21,Y(А10),04:44,2032,2026-09-03 04:53:00,2026-09-03 04:54:00,,2026-09-03 04:58:00,2026-09-03 05:21:00,2026-09-03 04:58:00,2026-09-03 05:21:00,2026-09-03 05:11:00,10.0,9.0,2026-09-03 05:11:00,2026-09-03 05:28:00,,5.0,2026-09-03 05:06:00,2026-09-03 05:11:00,2026-09-03 05:23:00,2026-09-03 05:29:00,,,Рустамов М. А.,Pegasus,Выдача от 30 до 40 минут
2026-09-03,ХИ 9607 ,32Н,БУХАРА(БУХАРА ИНТЛ.),23,Y(А09),07:58,1822,2026-09-03 08:08:00,2026-09-03 08:10:00,,2026-09-03 08:11:00,2026-09-03 08:29:00,2026-09-03 08:11:00,2026-09-03 08:29:00,2026-09-03 08:24:00,5.0,6.0,2026-09-03 08:22:00,2026-09-03 08:35:00,,0.0,2026-09-03 08:18:00,2026-09-03 08:22:00,2026-09-03 08:29:00,2026-09-03 08:33:00,,,Лаптев В. В.,UZBEKISTAN AIRWAYS,Выдача до 30 минут
2026-09-03,FZ 967 ,7М8,ДУБАЙ(ДУБАЙ ИНТЛ.),29,Y(А09),03:36,1382,2026-09-03 03:47:00,2026-09-03 03:51:00,1.0,2026-09-03 03:57:00,2026-09-03 04:06:00,2026-09-03 03:57:00,2026-09-03 04:06:00,2026-09-03 04:00:00,6.0,,2026-09-03 04:03:00,2026-09-03 04:07:00,,0.0,2026-09-03 04:00:00,2026-09-03 04:03:00,2026-09-03 04:12:00,2026-09-03 04:14:00,,,Конюхов Я. А.,flydubai,Выдача до 30 минут
2026-09-03,ЮТ 786 ,762,ЕРЕВАН(ЗВАРТНОЦ ИНТЛ),19,Y(А13),06:42,2171,2026-09-03 06:52:00,2026-09-03 06:52:00,,2026-09-03 06:58:00,2026-09-03 07:11:00,2026-09-03 06:58:00,2026-09-03 07:11:00,2026-09-03 07:10:00,1.0,,2026-09-03 07:20:00,2026-09-03 07:22:00,8.0,0.0,2026-09-03 07:34:00,2026-09-03 07:35:00,,,,,Михайлов М. С.,Ютэйр,Выдача до 30 минут
2026-09-03,NE 490 ,320,ХУРГАДА(ХУРГАДА ИНТЛ.),25,Y(А13),03:42,1657,2026-09-03 03:55:00,2026-09-03 04:12:00,14.0,2026-09-03 04:04:00,2026-09-03 04:20:00,2026-09-03 04:04:00,2026-09-03 04:20:00,2026-09-03 04:10:00,10.0,5.0,2026-09-03 04:16:00,2026-09-03 04:26:00,1.0,1.0,2026-09-03 04:12:00,2026-09-03 04:16:00,2026-09-03 04:21:00,2026-09-03 04:25:00,,,Саидов А. С.,Nesma Airlines,Выдача от 30 до 40 минут
2026-09-03,ЮВ 301 ,ЦР2,БУГУЛЬМА,45,Y(А04),03:46,243,2026-09-03 03:52:00,2026-09-03 03:53:00,,2026-09-03 03:55:00,2026-09-03 03:59:00,2026-09-03 03:55:00,2026-09-03 03:59:00,2026-09-03 03:58:00,1.0,2.0,2026-09-03 04:07:00,2026-09-03 04:11:00,,0.0,2026-09-03 03:58:00,2026-09-03 04:10:00,,,,,Екимов С. С.,ЮВТ АЭРО,Выдача до 30 минут
2026-09-03,PC 386 ,32Щ,СТАМБУЛ(САБИХА ГОКЦЕН),19,Y(А10),03:56,3563,2026-09-03 04:05:00,2026-09-03 04:07:00,,2026-09-03 04:08:00,2026-09-03 04:27:00,2026-09-03 04:08:00,2026-09-03 04:27:00,2026-09-03 04:33:00,,,2026-09-03 04:18:00,2026-09-03 04:38:00,,3.0,2026-09-03 04:14:00,2026-09-03 04:18:00,,,2026-09-03 04:23:00,2026-09-03 04:32:00,"Королёв Е. А., Королев А. А.",Pegasus,Выдача от 30 до 40 минут
2026-09-03,ЖГ 932 ,73Х,ТБИЛИСИ(ТБИЛИСИ ИНТЛ.),30,Y(А11),04:07,1492,2026-09-03 04:18:00,2026-09-03 04:22:00,1.0,2026-09-03 04:21:00,2026-09-03 04:32:00,2026-09-03 04:21:00,2026-09-03 04:32:00,2026-09-03 04:32:00,,1.0,2026-09-03 04:31:00,2026-09-03 04:41:00,,0.0,2026-09-03 04:27:00,2026-09-03 04:30:00,2026-09-03 04:35:00,2026-09-03 04:39:00,,,Бородин А. В.,GEORGIAN AIRWAYS,Выдача до 30 минут
2026-09-03,VF 587 ,73Х,АНКАРА(ЕСЕНБОГА),20,Y(А09),04:22,2549,2026-09-03 04:32:00,2026-09-03 04:37:00,2.0,2026-09-03 04:35:00,2026-09-03 04:52:00,2026-09-03 04:35:00,2026-09-03 04:52:00,2026-09-03 04:53:00,,,2026-09-03 04:46:00,2026-09-03 05:03:00,,1.0,2026-09-03 04:40:00,2026-09-03 04:46:00,2026-09-03 04:55:00,2026-09-03 04:57:00,,,"Баташан В. Ю., Михайлов М. С.",AJET,Выдача от 30 до 40 минут
2026-09-03,PC 7458 ,32Щ,ДАЛАМАН,27,Y(А10),03:32,1707,2026-09-03 03:45:00,2026-09-03 03:47:00,,2026-09-03 03:51:00,2026-09-03 04:04:00,2026-09-03 03:51:00,2026-09-03 04:04:00,2026-09-03 04:00:00,4.0,2.0,2026-09-03 04:03:00,2026-09-03 04:15:00,,0.0,2026-09-03 03:58:00,2026-09-03 04:04:00,2026-09-03 04:11:00,2026-09-03 04:12:00,,,Барабанов А. М.,Pegasus,Выдача до 30 минут
2026-09-03,VF 277 ,73Х,СТАМБУЛ(САБИХА ГОКЦЕН),24,Y(А12),04:36,1777,2026-09-03 04:46:00,2026-09-03 04:49:00,,2026-09-03 04:49:00,2026-09-03 05:03:00,2026-09-03 04:49:00,2026-09-03 05:03:00,2026-09-03 05:02:00,1.0,2.0,2026-09-03 04:59:00,2026-09-03 05:06:00,,0.0,2026-09-03 04:54:00,2026-09-03 05:05:00,2026-09-03 05:18:00,2026-09-03 05:19:00,,,Давлатов Б. Ч.,AJET,Выдача до 30 минут
2026-09-03,ДР 860B,73Х,АНТАЛЬЯ,44,Y(А11),01:40,1438,2026-09-03 01:52:00,2026-09-03 01:54:00,,2026-09-03 01:54:00,2026-09-03 02:08:00,2026-09-03 01:54:00,2026-09-03 02:08:00,2026-09-03 02:06:00,2.0,4.0,2026-09-03 01:56:00,2026-09-03 02:06:00,,0.0,2026-09-03 02:02:00,2026-09-03 02:10:00,2026-09-03 02:18:00,2026-09-03 02:24:00,,,Саидов А. С.,Победа,Выдача до 30 минут
2026-09-03,TK 419 ,332,СТАМБУЛ(СТАМБУЛ НЬЮ),23,Y(А09),05:11,4314,2026-09-03 05:30:00,2026-09-03 05:32:00,,2026-09-03 05:33:00,2026-09-03 05:50:00,2026-09-03 05:33:00,2026-09-03 05:50:00,2026-09-03 06:03:00,,,2026-09-03 05:45:00,2026-09-03 06:03:00,,3.0,2026-09-03 05:33:00,2026-09-03 05:50:00,2026-09-03 05:14:00,2026-09-03 06:00:00,,,"Баташан В. Ю., Тришкин А. В.",Turkish Airlines,Выдача от 30 до 40 минут
2026-09-03,PC 390 ,32Щ,СТАМБУЛ(САБИХА ГОКЦЕН),27,Y(А10),05:42,3019,2026-09-03 05:59:00,2026-09-03 05:59:00,,2026-09-03 05:58:00,2026-09-03 06:11:00,2026-09-03 05:58:00,2026-09-03 06:11:00,2026-09-03 06:23:00,,,2026-09-03 06:06:00,2026-09-03 06:16:00,,0.0,2026-09-03 05:39:00,2026-09-03 06:05:00,2026-09-03 06:13:00,2026-09-03 06:16:00,,,"Екимов С. С., Фанин Н. О.",Pegasus,Выдача до 30 минут
2026-09-03,PC 1458 ,32Щ,ДАЛАМАН,25,Y(А11),05:47,2303,2026-09-03 05:58:00,2026-09-03 06:00:00,,2026-09-03 06:03:00,2026-09-03 06:14:00,2026-09-03 06:05:00,2026-09-03 06:14:00,2026-09-03 06:17:00,,,2026-09-03 06:15:00,2026-09-03 06:22:00,,0.0,2026-09-03 06:08:00,2026-09-03 06:12:00,2026-09-03 06:17:00,2026-09-03 06:21:00,,,"Конюхов Я. А., Королёв Е. А.",Pegasus,Выдача до 30 минут
2026-09-03,TK 407 ,333,СТАМБУЛ(СТАМБУЛ НЬЮ),22,Y(А09),05:56,4495,2026-09-03 06:11:00,2026-09-03 06:13:00,,2026-09-03 06:15:00,2026-09-03 06:35:00,2026-09-03 06:15:00,2026-09-03 06:35:00,2026-09-03 06:45:00,,,2026-09-03 06:30:00,2026-09-03 06:40:00,,0.0,2026-09-03 06:15:00,2026-09-03 06:52:00,2026-09-03 05:56:00,2026-09-03 06:39:00,,,"Саидов А. С., Смирнов Н. В.",Turkish Airlines,Выдача до 30 минут
2026-09-03,ПБД 1002 ,7С8,ТЮМЕНЬ(РОЩИНО),50,0,06:11,0,2026-09-03 06:18:00,,,,,,,,,,,-1,,0.0,,,,,,,Королев А. А.,Победа,Не определено
2026-09-03,AZV 3010 ,763,АНТАЛЬЯ,2,Y(А10),06:20,2473,2026-09-03 06:32:00,2026-09-03 06:34:00,,2026-09-03 06:35:00,2026-09-03 06:54:00,2026-09-03 06:35:00,2026-09-03 06:54:00,2026-09-03 06:52:00,2.0,3.0,2026-09-03 07:04:00,2026-09-03 07:06:00,2.0,4.0,2026-09-03 06:35:00,2026-09-03 07:05:00,,,,,Давлатов Б. Ч.,АЗУР эйр,Выдача от 30 до 40 минут
2026-09-03,NE 646 ,320,ШАРМ ЭЛЬ ШЕЙХ(ШАРМ ЭЛЬ ШЕЙХ ИНТЛ.),26,Y(А12),04:00,1600,2026-09-03 04:11:00,2026-09-03 04:17:00,3.0,2026-09-03 04:20:00,2026-09-03 04:34:00,2026-09-03 04:20:00,2026-09-03 04:34:00,2026-09-03 04:26:00,8.0,3.0,2026-09-03 04:32:00,2026-09-03 04:38:00,1.0,0.0,2026-09-03 04:25:00,2026-09-03 04:32:00,2026-09-03 04:34:00,2026-09-03 04:41:00,,,Смирнов Н. В.,Nesma Airlines,Выдача до 30 минут
2026-09-03,PC 7456 ,32Щ,БОДРУМ(МИЛАС),23,Y(А12),03:27,1235,2026-09-03 03:35:00,2026-09-03 03:40:00,2.0,2026-09-03 03:56:00,2026-09-03 04:05:00,2026-09-03 03:56:00,2026-09-03 04:05:00,2026-09-03 03:47:00,18.0,1.0,2026-09-03 03:47:00,2026-09-03 04:02:00,,0.0,2026-09-03 03:48:00,2026-09-03 04:15:00,2026-09-03 04:22:00,2026-09-03 04:23:00,,,Фанин Н. О.,Pegasus,Выдача до 30 минут
2026-09-03,ДР 408 ,73Х,ЕКАТЕРИНБУРГ(КОЛЬЦОВО),49,Y(А04),06:36,373,2026-09-03 06:42:00,2026-09-03 06:50:00,5.0,2026-09-03 06:45:00,2026-09-03 06:47:00,2026-09-03 06:45:00,2026-09-03 06:47:00,2026-09-03 06:48:00,,,2026-09-03 06:54:00,2026-09-03 06:55:00,,0.0,2026-09-03 06:50:00,2026-09-03 06:54:00,,,,,Андреев А. М.,Победа,Выдача до 30 минут
2026-09-03,ФВ 6019 ,СУ9,САНКТ-ПЕТЕРБУРГ(ПУЛКОВО),8,Y(А04),07:17,49,2026-09-03 07:27:00,2026-09-03 07:29:00,,2026-09-03 07:30:00,2026-09-03 07:31:00,2026-09-03 07:30:00,2026-09-03 07:31:00,2026-09-03 07:31:00,,1.0,2026-09-03 07:34:00,2026-09-03 07:35:00,,0.0,2026-09-03 07:31:00,2026-09-03 07:34:00,,,,,Пельгуев Д.,Россия,Выдача до 30 минут
2026-09-03,В2 981 ,Е75,МИНСК(МИНСК ИНТЛ.),29,Y(А13),08:05,85,2026-09-03 08:12:00,2026-09-03 08:12:00,,2026-09-03 08:15:00,2026-09-03 08:16:00,2026-09-03 08:15:00,2026-09-03 08:16:00,2026-09-03 08:17:00,,,2026-09-03 08:21:00,2026-09-03 08:22:00,,0.0,2026-09-03 08:16:00,2026-09-03 08:21:00,,,,,Дубинский В. Д.,Белавиа,Выдача до 30 минут
2026-09-03,ЮТ 248 ,73Х,СУРГУТ,16,Y(А05),08:33,626,2026-09-03 08:42:00,2026-09-03 08:42:00,,2026-09-03 08:45:00,2026-09-03 08:50:00,2026-09-03 08:45:00,2026-09-03 08:50:00,2026-09-03 08:50:00,,1.0,2026-09-03 08:55:00,2026-09-03 08:56:00,,0.0,2026-09-03 08:51:00,2026-09-03 08:55:00,,,,,Омурбек У. Б.,Ютэйр,Выдача до 30 минут
2026-09-03,ФВ 6051 ,СУ9,САНКТ-ПЕТЕРБУРГ(ПУЛКОВО),9,Y(А04),08:39,63,2026-09-03 08:48:00,2026-09-03 08:50:00,,2026-09-03 08:52:00,2026-09-03 08:54:00,2026-09-03 08:52:00,2026-09-03 08:54:00,2026-09-03 08:52:00,2.0,2.0,2026-09-03 08:56:00,2026-09-03 08:57:00,,0.0,2026-09-03 08:54:00,2026-09-03 08:58:00,,,,,Скулов Е. С.,Россия,Выдача до 30 минут
2026-09-03,ЮТ 454 ,73Х,ТЮМЕНЬ(РОЩИНО),21,Y(А06),08:42,1208,2026-09-03 08:49:00,2026-09-03 08:52:00,,2026-09-03 08:54:00,2026-09-03 09:04:00,2026-09-03 08:54:00,2026-09-03 09:04:00,2026-09-03 09:01:00,3.0,2.0,2026-09-03 09:09:00,2026-09-03 09:10:00,,0.0,2026-09-03 09:06:00,2026-09-03 09:10:00,,,,,Литвин И. С.,Ютэйр,Выдача до 30 минут
2026-09-03,DV 809 ,738,АЛМАТЫ(АЛМАТЫ ИНТЛ.),20,Y(А13),08:46,1412,2026-09-03 08:55:00,2026-09-03 08:58:00,,2026-09-03 08:58:00,2026-09-03 09:04:00,2026-09-03 08:58:00,2026-09-03 09:04:00,2026-09-03 09:08:00,,,2026-09-03 09:09:00,2026-09-03 09:13:00,,0.0,2026-09-03 09:02:00,2026-09-03 09:09:00,2026-09-03 09:06:00,2026-09-03 09:11:00,,,"Каламбеков У. О., Ушаков П. А.",SCAT Airlines,Выдача до 30 минут
2026-09-03,ХИ 9615 ,32Н,УРГЕНЧ(УРГЕНЧ ИНТЛ.),30,Y(А10),08:52,1617,2026-09-03 09:05:00,2026-09-03 09:07:00,,2026-09-03 09:10:00,2026-09-03 09:22:00,2026-09-03 09:10:00,2026-09-03 09:22:00,2026-09-03 09:20:00,2.0,1.0,2026-09-03 09:18:00,2026-09-03 09:30:00,,0.0,2026-09-03 09:14:00,2026-09-03 09:18:00,2026-09-03 09:14:00,2026-09-03 09:28:00,,,Хушвактов П. З.,UZBEKISTAN AIRWAYS,Выдача до 30 минут
2026-09-03,NE 644 ,321,ШАРМ ЭЛЬ ШЕЙХ(ШАРМ ЭЛЬ ШЕЙХ ИНТЛ.),25,Y(А10),07:51,2316,2026-09-03 08:01:00,2026-09-03 08:03:00,,2026-09-03 08:04:00,2026-09-03 08:20:00,2026-09-03 08:04:00,2026-09-03 08:20:00,2026-09-03 08:20:00,,1.0,2026-09-03 08:14:00,2026-09-03 08:28:00,,0.0,2026-09-03 08:11:00,2026-09-03 08:15:00,2026-09-03 08:21:00,2026-09-03 08:28:00,,,"Аганин А. А., Чеканов В. А.",Nesma Airlines,Выдача до 30 минут
2026-09-03,ДР 730 ,73Х,ФЕРГАНА(ФЕРГАНА ИНТЛ.),48,Y(А11),08:55,363,2026-09-03 09:01:00,2026-09-03 09:12:00,8.0,2026-09-03 09:07:00,2026-09-03 09:09:00,2026-09-03 09:07:00,2026-09-03 09:09:00,2026-09-03 09:07:00,2.0,,2026-09-03 09:19:00,2026-09-03 09:22:00,,0.0,2026-09-03 09:11:00,2026-09-03 09:18:00,,,,,Юрков С.,Победа,Выдача до 30 минут
2026-09-03,СБИ 2504 ,321,НОВОСИБИРСК(ТОЛМАЧЕВО),34,Y(А06),08:57,884,2026-09-03 09:11:00,2026-09-03 09:19:00,5.0,2026-09-03 09:32:00,2026-09-03 09:43:00,2026-09-03 09:32:00,2026-09-03 09:43:00,2026-09-03 09:21:00,22.0,5.0,2026-09-03 09:51:00,2026-09-03 09:54:00,10.0,13.0,2026-09-03 09:43:00,2026-09-03 09:50:00,,,,,Дубинский В. Д.,Сибирь,Выдача более 40 минут
2026-09-03,ДР 434 ,7С8,ПЕРМЬ(БОЛЬШОЕ САВИНО),46,Y(А08),09:14,328,2026-09-03 09:21:00,2026-09-03 09:29:00,5.0,2026-09-03 09:23:00,2026-09-03 09:26:00,2026-09-03 09:23:00,2026-09-03 09:26:00,2026-09-03 09:27:00,,1.0,2026-09-03 09:33:00,2026-09-03 09:34:00,,0.0,2026-09-03 09:28:00,2026-09-03 09:33:00,,,,,Тано Б. А.,Победа,Выдача до 30 минут
2026-09-03,ДР 436 ,7С8,УФА,49,Y(А04),09:19,413,2026-09-03 09:25:00,2026-09-03 09:27:00,,2026-09-03 09:28:00,2026-09-03 09:31:00,2026-09-03 09:28:00,2026-09-03 09:31:00,2026-09-03 09:32:00,,,2026-09-03 09:38:00,2026-09-03 09:40:00,,0.0,2026-09-03 09:32:00,2026-09-03 09:39:00,,,,,Музафаров А. С.,Победа,Выдача до 30 минут
2026-09-03,ВГ 2390 ,ЯК4,ВОЛОГДА,45,0,09:28,590,2026-09-03 09:37:00,2026-09-03 09:37:00,,2026-09-03 09:35:00,2026-09-03 09:41:00,2026-09-03 09:35:00,2026-09-03 09:41:00,2026-09-03 09:45:00,,2.0,,-1,,0.0,,,,,,,Андреев А. М.,Вологодское АП,Не определено
2026-09-03,СЖР 388 ,321,ОМСК(ЦЕНТРАЛЬНЫЙ),62,Y(А06),09:45,965,2026-09-03 09:55:00,2026-09-03 10:07:00,9.0,2026-09-03 10:10:00,2026-09-03 10:23:00,2026-09-03 10:10:00,2026-09-03 10:23:00,2026-09-03 10:05:00,18.0,7.0,2026-09-03 10:34:00,2026-09-03 10:38:00,9.0,13.0,2026-09-03 10:23:00,2026-09-03 10:35:00,,,,,Михайлов М. С.,Уральские Авиалинии,Выдача более 40 минут
2026-09-03,ДР 114 ,73Х,СОЧИ,46,Y(А05),03:23,626,2026-09-03 03:31:00,2026-09-03 03:32:00,,2026-09-03 03:34:00,2026-09-03 03:37:00,2026-09-03 03:34:00,2026-09-03 03:37:00,2026-09-03 03:39:00,,,2026-09-03 03:45:00,2026-09-03 03:49:00,,0.0,2026-09-03 03:40:00,2026-09-03 03:46:00,,,,,Тришкин А. В.,Победа,Выдача до 30 минут
2026-09-03,ФВ 6003 ,СУ9,САНКТ-ПЕТЕРБУРГ(ПУЛКОВО),8,Y(А04),09:55,41,2026-09-03 10:03:00,2026-09-03 10:05:00,,2026-09-03 10:07:00,2026-09-03 10:09:00,2026-09-03 10:07:00,2026-09-03 10:09:00,2026-09-03 10:07:00,2.0,2.0,2026-09-03 10:11:00,2026-09-03 10:12:00,,0.0,2026-09-03 10:08:00,2026-09-03 10:11:00,,,,,Скулов Е. С.,Россия,Выдача до 30 минут
2026-09-03,ЮТ 352 ,735,ХАНТЫ-МАНСИЙСК,10,Y(А05),09:05,336,2026-09-03 09:12:00,2026-09-03 09:14:00,,2026-09-03 09:16:00,2026-09-03 09:19:00,2026-09-03 09:16:00,2026-09-03 09:19:00,2026-09-03 09:18:00,1.0,1.0,2026-09-03 09:23:00,2026-09-03 09:24:00,,0.0,2026-09-03 09:22:00,2026-09-03 09:26:00,,,,,Пельгуев Д.,Ютэйр,Выдача до 30 минут
2026-09-03,СБИ 2616 ,319,ТОМСК(БОГАШЕВО),35,Y(А07),09:11,634,2026-09-03 09:25:00,2026-09-03 09:32:00,4.0,2026-09-03 09:54:00,2026-09-03 09:59:00,2026-09-03 09:54:00,2026-09-03 09:59:00,2026-09-03 09:33:00,26.0,1.0,2026-09-03 10:01:00,2026-09-03 10:05:00,6.0,10.0,2026-09-03 09:58:00,2026-09-03 10:03:00,,,,,Дубинский В. Д.,Сибирь,Выдача от 30 до 40 минут
2026-09-03,TK 3012 ,321,АНТАЛЬЯ,19,Y(А09),13:00,2187,2026-09-03 13:09:00,2026-09-03 13:12:00,,2026-09-03 13:17:00,2026-09-03 13:21:00,2026-09-03 13:17:00,2026-09-03 13:21:00,2026-09-03 13:28:00,,,2026-09-03 13:26:00,2026-09-03 13:32:00,,0.0,2026-09-03 13:20:00,2026-09-03 13:32:00,,,,,Андреев А. М.,Turkish Airlines,Выдача до 30 минут
2026-09-03,TK 3006 ,32Б,АНТАЛЬЯ,18,Y(А10),02:37,1982,2026-09-03 02:47:00,2026-09-03 02:51:00,1.0,2026-09-03 02:58:00,2026-09-03 03:06:00,2026-09-03 02:58:00,2026-09-03 03:06:00,2026-09-03 03:04:00,2.0,,2026-09-03 03:04:00,2026-09-03 03:15:00,,0.0,2026-09-03 02:46:00,2026-09-03 03:19:00,,,,,Фаёзов А. Р.,Turkish Airlines,Выдача до 30 минут
2026-09-03,ЯМ 543 ,73Х,НОВОСИБИРСК(ТОЛМАЧЕВО),14,Y(А06),13:56,969,2026-09-03 14:04:00,2026-09-03 14:05:00,,2026-09-03 14:07:00,2026-09-03 14:20:00,2026-09-03 14:07:00,2026-09-03 14:20:00,2026-09-03 14:14:00,6.0,7.0,2026-09-03 14:26:00,2026-09-03 14:34:00,2.0,0.0,2026-09-03 14:21:00,2026-09-03 14:26:00,,,,,Хушвактов П. З.,Алроса,Выдача до 30 минут
2026-09-03,3F 325 ,320,ЕРЕВАН(ЗВАРТНОЦ ИНТЛ),25,Y(А13),18:12,1693,2026-09-03 18:22:00,2026-09-03 18:24:00,,2026-09-03 18:25:00,2026-09-03 18:38:00,2026-09-03 18:26:00,2026-09-03 18:38:00,2026-09-03 18:37:00,1.0,1.0,2026-09-03 18:36:00,2026-09-03 18:46:00,,0.0,2026-09-03 18:38:00,2026-09-03 18:43:00,2026-09-03 18:31:00,2026-09-03 18:38:00,,,"Давлатов Б. Ч., Каламбеков У. О.",FLYONE Armenia,Выдача до 30 минут
2026-09-03,ЖГ 937 ,735,БАТУМИ,28,Y(А11),14:07,1680,2026-09-03 14:16:00,2026-09-03 14:19:00,,2026-09-03 14:20:00,2026-09-03 14:35:00,2026-09-03 14:20:00,2026-09-03 14:35:00,2026-09-03 14:31:00,4.0,4.0,2026-09-03 14:31:00,2026-09-03 14:39:00,,0.0,2026-09-03 14:35:00,2026-09-03 14:40:00,2026-09-03 14:27:00,2026-09-03 14:31:00,,,Аганин А. А.,GEORGIAN AIRWAYS,Выдача до 30 минут
2026-09-03,PC 388 ,32Щ,СТАМБУЛ(САБИХА ГОКЦЕН),27,Y(А09),14:17,3521,2026-09-03 14:26:00,2026-09-03 14:28:00,,2026-09-03 14:30:00,2026-09-03 14:50:00,2026-09-03 14:30:00,2026-09-03 14:50:00,2026-09-03 14:53:00,,,2026-09-03 14:40:00,2026-09-03 14:55:00,,0.0,2026-09-03 14:36:00,2026-09-03 14:38:00,,,2026-09-03 14:55:00,2026-09-03 14:56:00,"Демчук Д. П., Музафаров А. С.",Pegasus,Выдача до 30 минут
2026-09-03,ДР 998 ,73Х,САМАРКАНД(САМАРКАНД ИНТЛ.),49,Y(А12),14:22,396,2026-09-03 14:29:00,2026-09-03 14:32:00,,2026-09-03 14:31:00,2026-09-03 14:35:00,2026-09-03 14:31:00,2026-09-03 14:35:00,2026-09-03 14:36:00,,1.0,2026-09-03 14:43:00,2026-09-03 14:44:00,,0.0,2026-09-03 14:36:00,2026-09-03 14:41:00,,,,,Тано Б. А.,Победа,Выдача до 30 минут
2026-09-03,ХИ 9609 ,320,ТЕРМЕЗ,30,Y(А10),14:25,1278,2026-09-03 14:36:00,2026-09-03 14:39:00,,2026-09-03 14:43:00,2026-09-03 14:54:00,2026-09-03 14:43:00,2026-09-03 14:54:00,2026-09-03 14:49:00,5.0,2.0,2026-09-03 14:53:00,2026-09-03 15:02:00,,0.0,2026-09-03 14:49:00,2026-09-03 14:56:00,2026-09-03 14:58:00,2026-09-03 15:02:00,,,Рябчевский В. О.,UZBEKISTAN AIRWAYS,Выдача до 30 минут
2026-09-03,ДР 714 ,73Х,САМАРКАНД(САМАРКАНД ИНТЛ.),47,Y(А11),14:28,366,2026-09-03 14:35:00,2026-09-03 14:37:00,,2026-09-03 14:42:00,2026-09-03 14:43:00,2026-09-03 14:42:00,2026-09-03 14:43:00,2026-09-03 14:41:00,2.0,,2026-09-03 14:54:00,2026-09-03 14:57:00,,0.0,2026-09-03 14:47:00,2026-09-03 14:54:00,,,,,Черкас В. А.,Победа,Выдача до 30 минут
2026-09-03,TK 3070 ,32Б,АНТАЛЬЯ,22,Y(А10),14:35,2037,2026-09-03 14:45:00,2026-09-03 14:46:00,,2026-09-03 14:45:00,2026-09-03 14:57:00,2026-09-03 14:45:00,2026-09-03 14:57:00,2026-09-03 15:03:00,,,2026-09-03 14:57:00,2026-09-03 15:02:00,,0.0,2026-09-03 14:46:00,2026-09-03 15:01:00,,,,,Скулов Е. С.,Turkish Airlines,Выдача до 30 минут
2026-09-03,В2 983 ,Е95,МИНСК(МИНСК ИНТЛ.),29,Y(А13),14:39,547,2026-09-03 14:46:00,2026-09-03 14:49:00,,2026-09-03 14:50:00,2026-09-03 14:55:00,2026-09-03 14:50:00,2026-09-03 14:55:00,2026-09-03 14:54:00,1.0,1.0,2026-09-03 14:59:00,2026-09-03 15:03:00,,0.0,2026-09-03 14:56:00,2026-09-03 14:59:00,,,,,Андреев А. М.,Белавиа,Выдача до 30 минут
2026-09-03,ЮТ 572 ,73Х,КРАСНОЯРСК,12,Y(А06),14:43,795,2026-09-03 14:50:00,2026-09-03 14:54:00,1.0,2026-09-03 15:17:00,2026-09-03 15:21:00,2026-09-03 15:17:00,2026-09-03 15:21:00,2026-09-03 14:59:00,22.0,,2026-09-03 15:27:00,2026-09-03 15:28:00,17.0,8.0,2026-09-03 15:23:00,2026-09-03 15:27:00,,,,,Гафуров О. Ф.,Ютэйр,Выдача от 30 до 40 минут
2026-09-03,TK 417 ,32Б,СТАМБУЛ(СТАМБУЛ НЬЮ),19,Y(А10),14:56,2497,2026-09-03 15:06:00,2026-09-03 15:12:00,3.0,2026-09-03 15:14:00,2026-09-03 15:24:00,2026-09-03 15:14:00,2026-09-03 15:24:00,2026-09-03 15:27:00,,,2026-09-03 15:29:00,2026-09-03 15:39:00,3.0,3.0,2026-09-03 15:03:00,2026-09-03 15:28:00,2026-09-03 14:59:00,2026-09-03 15:30:00,,,Попов А. И.,Turkish Airlines,Выдача от 30 до 40 минут
2026-09-03,NE 614 ,320,ХУРГАДА(ХУРГАДА ИНТЛ.),26,Y(А09),15:00,1624,2026-09-03 15:12:00,2026-09-03 15:13:00,,2026-09-03 15:13:00,2026-09-03 15:24:00,2026-09-03 15:13:00,2026-09-03 15:24:00,2026-09-03 15:27:00,,,2026-09-03 15:21:00,2026-09-03 15:35:00,,0.0,2026-09-03 15:10:00,2026-09-03 15:20:00,2026-09-03 15:28:00,2026-09-03 15:31:00,,,Юрков С.,Nesma Airlines,Выдача до 30 минут
2026-09-03,AZV 3002 ,763,АНТАЛЬЯ,18,Y(А09),15:07,1356,2026-09-03 15:17:00,2026-09-03 15:20:00,,2026-09-03 15:21:00,2026-09-03 15:38:00,2026-09-03 15:21:00,2026-09-03 15:38:00,2026-09-03 15:30:00,8.0,8.0,2026-09-03 15:40:00,2026-09-03 15:41:00,3.0,0.0,2026-09-03 15:21:00,2026-09-03 15:47:00,,,,,Дубинский В. Д.,АЗУР эйр,Выдача до 30 минут
2026-09-03,TK 413 ,333,СТАМБУЛ(СТАМБУЛ НЬЮ),23,Y(А10),15:13,4566,2026-09-03 15:27:00,2026-09-03 15:35:00,5.0,2026-09-03 15:33:00,2026-09-03 15:51:00,2026-09-03 15:33:00,2026-09-03 15:51:00,2026-09-03 16:01:00,,,2026-09-03 15:51:00,2026-09-03 16:08:00,4.0,11.0,2026-09-03 15:33:00,2026-09-03 15:57:00,2026-09-03 15:39:00,2026-09-03 15:59:00,,,Демчук Д. П.,Turkish Airlines,Выдача более 40 минут
2026-09-03,ЮБГ 809 ,735,ЕРЕВАН(ЗВАРТНОЦ ИНТЛ),28,Y(А13),15:18,1034,2026-09-03 15:27:00,2026-09-03 15:29:00,,2026-09-03 15:29:00,2026-09-03 15:41:00,2026-09-03 15:29:00,2026-09-03 15:41:00,2026-09-03 15:38:00,3.0,5.0,2026-09-03 15:47:00,2026-09-03 16:24:00,,27.0,2026-09-03 15:43:00,2026-09-03 15:46:00,,,,,Аганин А. А.,Shirak Avia,Выдача более 40 минут
2026-09-03,ЮТ 400 ,73Х,ГРОЗНЫЙ(СЕВЕРНЫЙ),24,Y(А05),15:29,432,2026-09-03 15:39:00,2026-09-03 15:43:00,1.0,2026-09-03 15:46:00,2026-09-03 15:48:00,2026-09-03 15:46:00,2026-09-03 15:48:00,2026-09-03 15:46:00,2.0,,2026-09-03 15:53:00,2026-09-03 15:55:00,,0.0,2026-09-03 15:49:00,2026-09-03 15:54:00,,,,,Омурбек У. Б.,Ютэйр,Выдача до 30 минут
2026-09-03,BJ 804 ,320,МОНАСТИР(ХАБИБ БУРДЖИБА ИНТ),20,Y(А09),14:04,2471,2026-09-03 14:16:00,2026-09-03 14:17:00,,2026-09-03 14:18:00,2026-09-03 14:33:00,2026-09-03 14:18:00,2026-09-03 14:33:00,2026-09-03 14:36:00,,,2026-09-03 14:28:00,2026-09-03 14:47:00,,1.0,2026-09-03 14:23:00,2026-09-03 14:28:00,2026-09-03 14:41:00,2026-09-03 14:47:00,,,Литвин И. С.,Nouvelair Tunisie,Выдача от 30 до 40 минут
2026-09-03,FZ 989 ,7М8,ДУБАЙ(ДУБАЙ ИНТЛ.),20,Y(А09),15:22,1711,2026-09-03 15:35:00,2026-09-03 15:35:00,,2026-09-03 15:36:00,2026-09-03 15:58:00,2026-09-03 15:36:00,2026-09-03 15:58:00,2026-09-03 15:50:00,8.0,11.0,2026-09-03 15:57:00,2026-09-03 16:05:00,2.0,0.0,2026-09-03 15:37:00,2026-09-03 15:52:00,2026-09-03 16:01:00,2026-09-03 16:05:00,,,Тано Б. А.,flydubai,Выдача до 30 минут
2026-09-03,ДР 742 ,73Х,ТАШКЕНТ(ТАШКЕНТ ИНТЛ.),50,Y(А12),14:11,320,2026-09-03 14:18:00,2026-09-03 14:21:00,,2026-09-03 14:21:00,2026-09-03 14:23:00,2026-09-03 14:21:00,2026-09-03 14:23:00,2026-09-03 14:24:00,,,2026-09-03 14:35:00,2026-09-03 14:36:00,,0.0,2026-09-03 14:28:00,2026-09-03 14:35:00,,,,,Омурбек У. Б.,Победа,Выдача до 30 минут
2026-09-03,ФВ 6031 ,СУ9,САНКТ-ПЕТЕРБУРГ(ПУЛКОВО),9,Y(А04),15:33,123,2026-09-03 15:43:00,2026-09-03 15:43:00,,2026-09-03 15:46:00,2026-09-03 15:49:00,2026-09-03 15:46:00,2026-09-03 15:49:00,2026-09-03 15:48:00,1.0,2.0,2026-09-03 15:53:00,2026-09-03 15:55:00,,0.0,2026-09-03 15:50:00,2026-09-03 15:55:00,,,,,Литвин И. С.,Россия,Выдача до 30 минут
2026-09-03,ЮТ 744 ,734,ГЯНДЖА,11,Y(А12),14:46,1602,2026-09-03 14:54:00,2026-09-03 14:56:00,,2026-09-03 14:57:00,2026-09-03 15:08:00,2026-09-03 14:57:00,2026-09-03 15:08:00,2026-09-03 15:09:00,,,2026-09-03 15:09:00,2026-09-03 15:16:00,,0.0,2026-09-03 15:05:00,2026-09-03 15:09:00,2026-09-03 15:01:00,2026-09-03 15:14:00,,,Каламбеков У. О.,Ютэйр,Выдача до 30 минут
2026-09-03,ДР 160 ,73Х,КРАСНОДАР(ПАШКОВСКИЙ),49,Y(А05),16:16,417,2026-09-03 16:24:00,2026-09-03 16:27:00,,2026-09-03 16:26:00,2026-09-03 16:29:00,2026-09-03 16:26:00,2026-09-03 16:29:00,2026-09-03 16:31:00,,,2026-09-03 16:35:00,2026-09-03 16:40:00,,0.0,2026-09-03 16:30:00,2026-09-03 16:36:00,,,,,Каламбеков У. О.,Победа,Выдача до 30 минут
2026-09-03,TC 422 ,788,ДАР-ЭС-САЛАМ(ДЖ. НИЕРЕРЕ ИНТЛ),32,Y(А09),16:12,3365,2026-09-03 16:33:00,2026-09-03 16:49:00,13.0,2026-09-03 16:45:00,2026-09-03 17:06:00,2026-09-03 16:45:00,2026-09-03 17:06:00,2026-09-03 16:59:00,7.0,,2026-09-03 17:12:00,2026-09-03 17:16:00,9.0,13.0,2026-09-03 16:45:00,2026-09-03 17:11:00,2026-09-03 16:20:00,2026-09-03 17:11:00,,,Аганин А. А.,Не найдено,Выдача более 40 минут
2026-09-03,ЮТ 356 ,73Х,ГРОЗНЫЙ(СЕВЕРНЫЙ),13,Y(А07),17:34,636,2026-09-03 17:43:00,2026-09-03 17:46:00,,2026-09-03 17:46:00,2026-09-03 17:53:00,2026-09-03 17:46:00,2026-09-03 17:53:00,2026-09-03 17:51:00,2.0,3.0,2026-09-03 17:59:00,2026-09-03 18:00:00,,0.0,2026-09-03 17:54:00,2026-09-03 18:00:00,,,,,Музафаров А. С.,Ютэйр,Выдача до 30 минут
2026-09-03,3F 321 ,320,ЕРЕВАН(ЗВАРТНОЦ ИНТЛ),30,Y(А13),15:54,1215,2026-09-03 16:12:00,2026-09-03 16:16:00,1.0,,,,,2026-09-03 16:24:00,,,2026-09-03 16:14:00,2026-09-03 16:19:00,,0.0,2026-09-03 16:20:00,2026-09-03 16:21:00,,,,,,FLYONE Armenia,Выдача до 30 минут
2026-09-03,ЖГ 936 ,73Х,ТБИЛИСИ(ТБИЛИСИ ИНТЛ.),22,Y(А11),15:41,1109,2026-09-03 15:53:00,2026-09-03 15:53:00,,2026-09-03 15:56:00,2026-09-03 16:02:00,2026-09-03 15:56:00,2026-09-03 16:02:00,2026-09-03 16:04:00,,,2026-09-03 16:11:00,2026-09-03 16:12:00,,0.0,2026-09-03 16:05:00,2026-09-03 16:10:00,,,,,Дубинский В. Д.,GEORGIAN AIRWAYS,Выдача до 30 минут
2026-09-03,ЖГ 926 ,73Х,ТБИЛИСИ(ТБИЛИСИ ИНТЛ.),25,Y(А10),16:00,1874,2026-09-03 16:12:00,2026-09-03 16:15:00,,2026-09-03 16:17:00,2026-09-03 16:42:00,2026-09-03 16:17:00,2026-09-03 16:42:00,2026-09-03 16:28:00,14.0,13.0,2026-09-03 16:24:00,2026-09-03 16:41:00,,0.0,2026-09-03 16:21:00,2026-09-03 16:24:00,2026-09-03 16:20:00,2026-09-03 16:38:00,,,Черкас В. А.,GEORGIAN AIRWAYS,Выдача до 30 минут
2026-09-03,ЮТ 276 ,734,СОЧИ,16,Y(А06),18:18,892,2026-09-03 18:25:00,2026-09-03 18:26:00,,2026-09-03 18:29:00,2026-09-03 18:38:00,2026-09-03 18:29:00,2026-09-03 18:38:00,2026-09-03 18:35:00,3.0,3.0,2026-09-03 18:47:00,2026-09-03 18:48:00,2.0,0.0,2026-09-03 18:41:00,2026-09-03 18:48:00,,,,,Чеканов В. А.,Ютэйр,Выдача до 30 минут
2026-09-03,ФВ 6027 ,СУ9,САНКТ-ПЕТЕРБУРГ(ПУЛКОВО),8,Y(А04),16:20,133,2026-09-03 16:29:00,2026-09-03 16:32:00,,2026-09-03 16:35:00,2026-09-03 16:38:00,2026-09-03 16:35:00,2026-09-03 16:38:00,2026-09-03 16:34:00,4.0,2.0,2026-09-03 16:42:00,2026-09-03 16:44:00,,0.0,2026-09-03 16:38:00,2026-09-03 16:40:00,,,,,Литвин И. С.,Россия,Выдача до 30 минут
2026-09-03,А4 7030 ,СУ9,ЕРЕВАН(ЗВАРТНОЦ ИНТЛ),27,Y(А13),16:33,594,2026-09-03 16:43:00,2026-09-03 16:47:00,1.0,2026-09-03 16:49:00,2026-09-03 16:53:00,2026-09-03 16:49:00,2026-09-03 16:53:00,2026-09-03 16:51:00,2.0,,2026-09-03 16:59:00,2026-09-03 17:01:00,,0.0,2026-09-03 16:55:00,2026-09-03 16:59:00,,,,,Литвин И. С.,Азимут,Выдача до 30 минут
2026-09-03,А4 7010 ,СУ9,ТБИЛИСИ(ТБИЛИСИ ИНТЛ.),26,Y(А11),16:46,1558,2026-09-03 16:59:00,2026-09-03 17:00:00,,2026-09-03 17:04:00,2026-09-03 17:16:00,2026-09-03 17:04:00,2026-09-03 17:16:00,2026-09-03 17:13:00,3.0,2.0,2026-09-03 17:17:00,2026-09-03 17:25:00,,0.0,2026-09-03 17:12:00,2026-09-03 17:17:00,2026-09-03 17:18:00,2026-09-03 17:22:00,,,Рябчевский В. О.,Азимут,Выдача до 30 минут
2026-09-03,КГ 555 ,320,ОШ,60,Y(А13),16:53,2962,2026-09-03 17:11:00,2026-09-03 17:12:00,,2026-09-03 17:12:00,2026-09-03 17:39:00,2026-09-03 17:12:00,2026-09-03 17:39:00,2026-09-03 17:35:00,4.0,7.0,2026-09-03 17:26:00,2026-09-03 17:47:00,,6.0,2026-09-03 17:18:00,2026-09-03 17:26:00,2026-09-03 17:40:00,2026-09-03 17:47:00,,,Тано Б. А.,Aero Nomad,Выдача от 30 до 40 минут
2026-09-03,ДР 992 ,7С8,ДУБАЙ(АЛЬ-МАКТУМ ИНТЛ),47,Y(А12),16:58,1692,2026-09-03 17:08:00,2026-09-03 17:10:00,,2026-09-03 17:10:00,2026-09-03 17:24:00,2026-09-03 17:10:00,2026-09-03 17:24:00,2026-09-03 17:23:00,1.0,3.0,2026-09-03 17:23:00,2026-09-03 17:42:00,,4.0,2026-09-03 17:17:00,2026-09-03 17:23:00,2026-09-03 17:28:00,2026-09-03 17:38:00,,,Гафуров О. Ф.,Победа,Выдача от 30 до 40 минут
2026-09-03,AZO 7154 ,СУ9,БАТУМИ,59,0,17:11,300,2026-09-03 17:28:00,2026-09-03 17:31:00,,2026-09-03 17:33:00,2026-09-03 17:36:00,2026-09-03 17:33:00,2026-09-03 17:36:00,2026-09-03 17:34:00,2.0,1.0,2026-09-03 17:44:00,2026-09-03 17:45:00,,0.0,2026-09-03 17:36:00,2026-09-03 17:44:00,,,,,Попов А. И.,GEORGIAN AIRWAYS,Не определено
2026-09-03,TK 1231 ,321,АНТАЛЬЯ,21,Y(А12),15:36,1132,2026-09-03 15:47:00,2026-09-03 15:50:00,,2026-09-03 15:51:00,2026-09-03 16:05:00,2026-09-03 15:51:00,2026-09-03 16:05:00,2026-09-03 15:59:00,6.0,6.0,2026-09-03 16:12:00,2026-09-03 16:15:00,5.0,0.0,2026-09-03 16:06:00,2026-09-03 16:11:00,,,,,Скулов Е. С.,Turkish Airlines,Выдача до 30 минут
2026-09-03,ДР 116 ,7С8,СОЧИ,50,Y(А05),17:44,809,2026-09-03 17:56:00,2026-09-03 17:59:00,,2026-09-03 18:00:00,2026-09-03 18:06:00,2026-09-03 18:00:00,2026-09-03 18:06:00,2026-09-03 18:05:00,1.0,1.0,2026-09-03 18:16:00,2026-09-03 18:21:00,,0.0,2026-09-03 18:10:00,2026-09-03 18:16:00,,,,,Дубинский В. Д.,Победа,Выдача до 30 минут
2026-09-03,ФВ 6175 ,СУ9,САНКТ-ПЕТЕРБУРГ(ПУЛКОВО),9,Y(А04),17:28,103,2026-09-03 17:39:00,2026-09-03 17:40:00,,2026-09-03 17:42:00,2026-09-03 17:45:00,2026-09-03 17:42:00,2026-09-03 17:45:00,2026-09-03 17:44:00,1.0,2.0,2026-09-03 17:46:00,2026-09-03 17:47:00,,0.0,2026-09-03 17:44:00,2026-09-03 17:46:00,,,,,Рябчевский В. О.,Россия,Выдача до 30 минут
2026-09-03,AZO 7054 ,СУ9,БАТУМИ,41A,Y(А11),23:04,1273,2026-09-03 23:13:00,2026-09-03 23:16:00,,2026-09-03 23:19:00,2026-09-03 23:30:00,2026-09-03 23:19:00,2026-09-03 23:30:00,2026-09-03 23:25:00,5.0,3.0,2026-09-03 23:31:00,2026-09-03 23:39:00,,0.0,2026-09-03 23:25:00,2026-09-03 23:31:00,2026-09-03 23:32:00,2026-09-03 23:38:00,,,Коляскин А. Г.,GEORGIAN AIRWAYS,Выдача до 30 минут
2026-09-03,ФВ 6037 ,СУ9,САНКТ-ПЕТЕРБУРГ(ПУЛКОВО),10,Y(А04),16:27,200,2026-09-03 16:40:00,2026-09-03 16:42:00,,2026-09-03 16:43:00,2026-09-03 16:45:00,2026-09-03 16:43:00,2026-09-03 16:45:00,2026-09-03 16:45:00,,1.0,2026-09-03 16:49:00,2026-09-03 16:51:00,,0.0,2026-09-03 16:46:00,2026-09-03 16:48:00,,,,,Тано Б. А.,Россия,Выдача до 30 минут
2026-09-03,ХИ 9619 ,32Н,НАМАНГАН,24,Y(А09),22:25,1748,2026-09-03 22:38:00,2026-09-03 22:40:00,,2026-09-03 22:42:00,2026-09-03 22:56:00,2026-09-03 22:42:00,2026-09-03 22:56:00,2026-09-03 22:54:00,2.0,2.0,2026-09-03 22:53:00,2026-09-03 23:00:00,,0.0,2026-09-03 22:49:00,2026-09-03 22:52:00,2026-09-03 22:56:00,2026-09-03 23:00:00,,,Михайлов М. С.,UZBEKISTAN AIRWAYS,Выдача до 30 минут
2026-09-03,ЮТ 464 ,73Х,ТЮМЕНЬ(РОЩИНО),15,Y(А06),18:59,783,2026-09-03 19:08:00,2026-09-03 19:12:00,1.0,2026-09-03 19:11:00,2026-09-03 19:16:00,2026-09-03 19:11:00,2026-09-03 19:16:00,2026-09-03 19:17:00,,,2026-09-03 19:22:00,2026-09-03 19:23:00,,0.0,2026-09-03 19:20:00,2026-09-03 19:21:00,,,,,Литвин И. С.,Ютэйр,Выдача до 30 минут
2026-09-03,ФВ 6179 ,СУ9,САНКТ-ПЕТЕРБУРГ(ПУЛКОВО),9,Y(А04),19:32,37,2026-09-03 19:45:00,2026-09-03 19:47:00,,2026-09-03 19:50:00,2026-09-03 19:51:00,2026-09-03 19:50:00,2026-09-03 19:51:00,2026-09-03 19:49:00,2.0,1.0,2026-09-03 19:55:00,2026-09-03 19:56:00,,0.0,2026-09-03 19:52:00,2026-09-03 19:55:00,,,,,Соколов И. С.,Россия,Выдача до 30 минут
2026-09-03,AZO 7072 ,СУ9,КУТАИСИ(КУТАИСИ ИНТЛ.),26,0,19:41,10,2026-09-03 19:48:00,2026-09-03 19:49:00,,2026-09-03 19:52:00,2026-09-03 19:55:00,2026-09-03 19:52:00,2026-09-03 19:55:00,2026-09-03 19:52:00,3.0,3.0,2026-09-03 20:04:00,2026-09-03 20:05:00,,0.0,2026-09-03 19:59:00,2026-09-03 20:00:00,,,,,Семиченков С. А.,GEORGIAN AIRWAYS,Не определено
2026-09-03,ФВ 6177 ,СУ9,САНКТ-ПЕТЕРБУРГ(ПУЛКОВО),8,Y(А04),19:46,265,2026-09-03 19:56:00,2026-09-03 19:58:00,,2026-09-03 20:02:00,2026-09-03 20:04:00,2026-09-03 20:02:00,2026-09-03 20:04:00,2026-09-03 20:02:00,2.0,,2026-09-03 20:07:00,2026-09-03 20:08:00,,0.0,2026-09-03 20:05:00,2026-09-03 20:07:00,,,,,Кейта А. С.,Россия,Выдача до 30 минут
2026-09-03,ХИ 9627 ,32Н,ФЕРГАНА(ФЕРГАНА ИНТЛ.),24,Y(А10),19:51,2180,2026-09-03 20:03:00,2026-09-03 20:04:00,,2026-09-03 20:06:00,2026-09-03 20:23:00,2026-09-03 20:06:00,2026-09-03 20:23:00,2026-09-03 20:22:00,1.0,2.0,2026-09-03 20:18:00,2026-09-03 20:28:00,,0.0,2026-09-03 20:15:00,2026-09-03 20:16:00,2026-09-03 20:24:00,2026-09-03 20:28:00,,,"Кузин К. С., Тихонов С. М.",UZBEKISTAN AIRWAYS,Выдача до 30 минут
2026-09-03,ХИ 613 ,32Н,ТАШКЕНТ(ТАШКЕНТ ИНТЛ.),23,Y(А10),20:07,1647,2026-09-03 20:18:00,2026-09-03 20:19:00,,2026-09-03 20:21:00,2026-09-03 20:32:00,2026-09-03 20:21:00,2026-09-03 20:32:00,2026-09-03 20:33:00,,,2026-09-03 20:30:00,2026-09-03 20:40:00,,0.0,2026-09-03 20:35:00,2026-09-03 20:39:00,2026-09-03 20:26:00,2026-09-03 20:31:00,,,"Вазиров Т. В., Тришкин А. В.",UZBEKISTAN AIRWAYS,Выдача до 30 минут
2026-09-03,ДР 856 ,73Х,ГЮМРИ(ШИРАК),49,Y(А13),22:10,1179,2026-09-03 22:19:00,2026-09-03 22:21:00,,2026-09-03 22:21:00,2026-09-03 22:30:00,2026-09-03 22:21:00,2026-09-03 22:30:00,2026-09-03 22:31:00,,1.0,2026-09-03 22:36:00,2026-09-03 22:37:00,,0.0,2026-09-03 22:31:00,2026-09-03 22:36:00,,,,,Аганин А. А.,Победа,Выдача до 30 минут
2026-09-03,ЮТ 596 ,73Е,УСИНСК,14,Y(А07),18:36,264,2026-09-03 18:44:00,2026-09-03 18:46:00,,2026-09-03 18:48:00,2026-09-03 18:53:00,2026-09-03 18:48:00,2026-09-03 18:53:00,2026-09-03 18:50:00,3.0,3.0,2026-09-03 18:55:00,2026-09-03 18:56:00,,0.0,2026-09-03 18:51:00,2026-09-03 18:55:00,,,,,Скулов Е. С.,Ютэйр,Выдача до 30 минут
2026-09-03,РГ 194 ,ЦР1,ТАМБОВ,57,Y(А05),20:28,110,-1,,,2026-09-03 20:38:00,2026-09-03 20:41:00,2026-09-03 20:38:00,2026-09-03 20:41:00,,,2.0,2026-09-03 20:45:00,2026-09-03 20:46:00,,0.0,2026-09-03 20:40:00,2026-09-03 20:46:00,,,,,Аганин А. А.,Руслайн,Некорректно проставлены отметки
2026-09-03,DV 815 ,7М8,АЛМАТЫ(АЛМАТЫ ИНТЛ.),20,Y(А13),20:39,1466,2026-09-03 20:48:00,2026-09-03 20:49:00,,2026-09-03 20:50:00,2026-09-03 21:00:00,2026-09-03 20:50:00,2026-09-03 21:00:00,2026-09-03 21:02:00,,,2026-09-03 21:00:00,2026-09-03 21:08:00,,0.0,2026-09-03 20:56:00,2026-09-03 20:59:00,2026-09-03 21:02:00,2026-09-03 21:08:00,,,"Чеканов В. А., Юрков С.",SCAT Airlines,Выдача до 30 минут
2026-09-03,ЮВ 204 ,ЦР2,ТОБОЛЬСК(РЕМЕЗОВ),45,Y(А04),20:46,272,2026-09-03 20:52:00,2026-09-03 20:52:00,,2026-09-03 20:55:00,2026-09-03 20:57:00,2026-09-03 20:55:00,2026-09-03 20:57:00,2026-09-03 20:58:00,,,2026-09-03 21:02:00,2026-09-03 21:04:00,,0.0,2026-09-03 20:58:00,2026-09-03 21:03:00,,,,,Омурбек У. Б.,ЮВТ АЭРО,Выдача до 30 минут
2026-09-03,ЯК 465 ,73В,ЯКУТСК,14,Y(А06),20:57,1095,2026-09-03 21:05:00,2026-09-03 21:09:00,1.0,2026-09-03 21:09:00,2026-09-03 21:26:00,2026-09-03 21:10:00,2026-09-03 21:26:00,2026-09-03 21:16:00,10.0,9.0,2026-09-03 21:30:00,2026-09-03 21:32:00,5.0,0.0,2026-09-03 21:27:00,2026-09-03 21:30:00,,,,,"Литвин И. С., Никишин А. В.",Якутия,Выдача до 30 минут
2026-09-03,ДР 404 ,73Х,ЕКАТЕРИНБУРГ(КОЛЬЦОВО),47,Y(А05),21:29,460,2026-09-03 21:38:00,2026-09-03 21:38:00,,2026-09-03 21:39:00,2026-09-03 21:43:00,2026-09-03 21:39:00,2026-09-03 21:43:00,2026-09-03 21:45:00,,1.0,2026-09-03 21:51:00,2026-09-03 21:52:00,,0.0,2026-09-03 21:43:00,2026-09-03 21:50:00,,,,,Кейта А. С.,Победа,Выдача до 30 минут
2026-09-03,ЮТ 374 ,73Х,МИНЕРАЛЬНЫЕ ВОДЫ,13,Y(А06),21:48,1056,2026-09-03 21:57:00,2026-09-03 21:58:00,,2026-09-03 22:00:00,2026-09-03 22:09:00,2026-09-03 22:01:00,2026-09-03 22:09:00,2026-09-03 22:08:00,1.0,1.0,2026-09-03 22:13:00,2026-09-03 22:18:00,,0.0,2026-09-03 22:09:00,2026-09-03 22:12:00,,,,,"Харитонов И. А., Хушвактов П. З.",Ютэйр,Выдача до 30 минут
2026-09-03,TK 415 ,321,СТАМБУЛ(СТАМБУЛ НЬЮ),22,Y(А10),18:28,3752,2026-09-03 18:39:00,2026-09-03 18:40:00,,2026-09-03 18:44:00,2026-09-03 19:00:00,2026-09-03 18:44:00,2026-09-03 19:00:00,2026-09-03 19:08:00,,,2026-09-03 18:58:00,2026-09-03 19:01:00,,0.0,2026-09-03 19:01:00,2026-09-03 19:09:00,2026-09-03 18:55:00,2026-09-03 19:03:00,,,Рябчевский В. О.,Turkish Airlines,Выдача до 30 минут
2026-09-03,ЮТ 802 ,762,ДУШАНБЕ(ДУШАНБЕ ИНТЛ.),19,Y(А09),20:24,2826,2026-09-03 20:35:00,2026-09-03 20:37:00,,2026-09-03 20:38:00,2026-09-03 20:48:00,2026-09-03 20:38:00,2026-09-03 20:48:00,2026-09-03 20:58:00,,,2026-09-03 20:48:00,2026-09-03 20:54:00,,0.0,2026-09-03 20:43:00,2026-09-03 20:49:00,2026-09-03 20:43:00,2026-09-03 21:01:00,,,"Барабанов А. М., Фанин Н. О.",Ютэйр,Выдача до 30 минут
2026-09-03,В2 985 ,Е95,ГОМЕЛЬ,29,Y(А13),20:34,520,2026-09-03 20:41:00,2026-09-03 20:43:00,,2026-09-03 20:50:00,2026-09-03 21:02:00,2026-09-03 20:50:00,2026-09-03 21:02:00,2026-09-03 20:48:00,14.0,9.0,2026-09-03 21:08:00,2026-09-03 21:09:00,7.0,0.0,2026-09-03 21:03:00,2026-09-03 21:11:00,,,,,Семиченков С. А.,Белавиа,Выдача до 30 минут
2026-09-03,ДР 158 ,73Х,КРАСНОДАР(ПАШКОВСКИЙ),48,Y(А05),21:53,493,2026-09-03 22:00:00,2026-09-03 22:01:00,,2026-09-03 22:02:00,2026-09-03 22:06:00,2026-09-03 22:02:00,2026-09-03 22:06:00,2026-09-03 22:07:00,,1.0,2026-09-03 22:13:00,2026-09-03 22:15:00,,0.0,2026-09-03 22:08:00,2026-09-03 22:13:00,,,,,Рябчевский В. О.,Победа,Выдача до 30 минут
2026-09-03,УР 512 ,75В,БОДРУМ(МИЛАС),18,Y(А12),20:16,553,2026-09-03 20:25:00,2026-09-03 20:27:00,,2026-09-03 20:29:00,2026-09-03 20:35:00,2026-09-03 20:29:00,2026-09-03 20:35:00,2026-09-03 20:33:00,2.0,2.0,2026-09-03 20:38:00,2026-09-03 20:40:00,,0.0,2026-09-03 20:33:00,2026-09-03 20:38:00,,,,,Харитонов И. А.,FLYONE Armenia,Выдача до 30 минут
2026-09-03,ДР 744 ,73Х,ОШ,46,Y(А13),18:25,722,2026-09-03 18:31:00,2026-09-03 18:33:00,,2026-09-03 18:32:00,2026-09-03 18:39:00,2026-09-03 18:33:00,2026-09-03 18:39:00,2026-09-03 18:40:00,,1.0,2026-09-03 18:49:00,2026-09-03 18:51:00,,0.0,2026-09-03 18:48:00,2026-09-03 18:49:00,,,,,"Тано Б. А., Хушвактов П. З.",Победа,Выдача до 30 минут
2026-09-03,ЮТ 398 ,734,ГЕЛЕНДЖИК,14,Y(А05),22:30,928,2026-09-03 22:38:00,2026-09-03 22:38:00,,2026-09-03 22:43:00,2026-09-03 22:53:00,2026-09-03 22:43:00,2026-09-03 22:53:00,2026-09-03 22:48:00,5.0,4.0,2026-09-03 22:59:00,2026-09-03 23:13:00,1.0,5.0,2026-09-03 22:54:00,2026-09-03 22:59:00,,,,,Кейта А. С.,Ютэйр,Выдача от 30 до 40 минут
2026-09-03,ФВ 6185 ,320,САНКТ-ПЕТЕРБУРГ(ПУЛКОВО),8,Y(А04),22:35,179,2026-09-03 22:48:00,2026-09-03 22:50:00,,2026-09-03 22:52:00,2026-09-03 22:54:00,2026-09-03 22:52:00,2026-09-03 22:54:00,2026-09-03 22:53:00,1.0,1.0,2026-09-03 23:00:00,2026-09-03 23:01:00,,0.0,2026-09-03 22:55:00,2026-09-03 23:01:00,,,,,Фанин Н. О.,Россия,Выдача до 30 минут
2026-09-03,ФВ 6183 ,СУ9,САНКТ-ПЕТЕРБУРГ(ПУЛКОВО),9,Y(А04),22:15,35,2026-09-03 22:24:00,2026-09-03 22:26:00,,2026-09-03 22:27:00,2026-09-03 22:28:00,2026-09-03 22:27:00,2026-09-03 22:28:00,2026-09-03 22:28:00,,1.0,2026-09-03 22:30:00,2026-09-03 22:31:00,,0.0,2026-09-03 22:28:00,2026-09-03 22:30:00,,,,,Фанин Н. О.,Россия,Выдача до 30 минут
2026-09-03,ЮТ 250 ,73Х,СОЧИ,17,Y(А06),22:37,1362,2026-09-03 22:46:00,2026-09-03 22:48:00,,2026-09-03 22:49:00,2026-09-03 22:57:00,2026-09-03 22:49:00,2026-09-03 22:57:00,2026-09-03 22:59:00,,,2026-09-03 23:00:00,2026-09-03 23:08:00,,0.0,2026-09-03 22:54:00,2026-09-03 22:59:00,2026-09-03 23:00:00,2026-09-03 23:06:00,,,Соколов И. С.,Ютэйр,Выдача до 30 минут
2026-09-03,ЮТ 576 ,735,КРАСНОДАР(ПАШКОВСКИЙ),58,Y(А08),22:42,717,2026-09-03 22:55:00,2026-09-03 23:02:00,4.0,2026-09-03 22:59:00,2026-09-03 23:06:00,2026-09-03 22:59:00,2026-09-03 23:06:00,2026-09-03 23:04:00,2.0,2.0,2026-09-03 23:16:00,2026-09-03 23:17:00,,0.0,2026-09-03 23:07:00,2026-09-03 23:17:00,,,,,Литвин И. С.,Ютэйр,Выдача до 30 минут
2026-09-03,ДР 968 ,7С8,МИНСК(МИНСК ИНТЛ.),50,Y(А13),22:46,303,2026-09-03 22:53:00,2026-09-03 22:56:00,,2026-09-03 22:56:00,2026-09-03 22:58:00,2026-09-03 22:56:00,2026-09-03 22:58:00,2026-09-03 22:59:00,,,2026-09-03 23:07:00,2026-09-03 23:09:00,,0.0,2026-09-03 22:59:00,2026-09-03 23:06:00,,,,,Кузин К. С.,Победа,Выдача до 30 минут
2026-09-03,ЮТ 296 ,73Х,СУРГУТ,12,Y(А07),22:22,822,2026-09-03 22:31:00,2026-09-03 22:33:00,,2026-09-03 22:33:00,2026-09-03 22:41:00,2026-09-03 22:34:00,2026-09-03 22:41:00,2026-09-03 22:40:00,1.0,2.0,2026-09-03 22:46:00,2026-09-03 22:47:00,,0.0,2026-09-03 22:40:00,2026-09-03 22:46:00,,,,,"Никишин А. В., Тихонов С. М.",Ютэйр,Выдача до 30 минут
2026-09-03,FZ 951 ,7М8,ДУБАЙ(ДУБАЙ ИНТЛ.),29,Y(А11),22:55,607,2026-09-03 23:07:00,2026-09-03 23:10:00,,2026-09-03 23:11:00,2026-09-03 23:16:00,2026-09-03 23:11:00,2026-09-03 23:16:00,2026-09-03 23:15:00,1.0,1.0,2026-09-03 23:20:00,2026-09-03 23:21:00,,0.0,2026-09-03 23:17:00,2026-09-03 23:20:00,,,,,Барабанов А. М.,flydubai,Выдача до 30 минут
2026-09-03,NE 610 ,320,ХУРГАДА(ХУРГАДА ИНТЛ.),25,Y(А10),14:02,2098,2026-09-03 14:13:00,2026-09-03 14:15:00,,2026-09-03 14:14:00,2026-09-03 14:32:00,2026-09-03 14:14:00,2026-09-03 14:32:00,2026-09-03 14:31:00,1.0,4.0,2026-09-03 14:24:00,2026-09-03 14:38:00,,0.0,2026-09-03 14:19:00,2026-09-03 14:24:00,2026-09-03 14:33:00,2026-09-03 14:38:00,,,Юрков С.,Nesma Airlines,Выдача до 30 минут
2026-09-03,J2 805 ,76В,БАКУ(ИМ. ГЕЙДАРА АЛИЕВА),19,Y(А09),22:52,3839,2026-09-03 23:01:00,2026-09-03 23:05:00,1.0,2026-09-03 23:04:00,2026-09-03 23:22:00,2026-09-03 23:15:00,2026-09-03 23:22:00,2026-09-03 23:31:00,,,2026-09-03 23:24:00,2026-09-03 23:30:00,3.0,0.0,2026-09-03 23:15:00,2026-09-03 23:24:00,2026-09-03 23:22:00,2026-09-03 23:30:00,,,"Вазиров Т. В., Семиченков С. А.",AZAL,Выдача до 30 минут
2026-09-03,ЮТ 560 ,734,МАХАЧКАЛА,11,Y(А07),23:12,749,2026-09-03 23:19:00,2026-09-03 23:21:00,,2026-09-03 23:23:00,2026-09-03 23:32:00,2026-09-03 23:23:00,2026-09-03 23:32:00,2026-09-03 23:28:00,4.0,4.0,2026-09-03 23:38:00,2026-09-03 23:39:00,,0.0,2026-09-03 23:35:00,2026-09-03 23:39:00,,,,,Аганин А. А.,Ютэйр,Выдача до 30 минут
2026-09-03,ХИ 605 ,320,САМАРКАНД(САМАРКАНД ИНТЛ.),26,Y(А12),23:15,1453,2026-09-03 23:28:00,2026-09-03 23:30:00,,2026-09-03 23:31:00,2026-09-03 23:41:00,2026-09-03 23:31:00,2026-09-03 23:41:00,2026-09-03 23:42:00,,,2026-09-03 23:42:00,2026-09-03 23:48:00,,0.0,2026-09-03 23:38:00,2026-09-03 23:42:00,2026-09-03 23:43:00,2026-09-03 23:49:00,,,Юрков С.,UZBEKISTAN AIRWAYS,Выдача до 30 минут
2026-09-03,ЮТ 746 ,73Х,БАКУ(ИМ. ГЕЙДАРА АЛИЕВА),20,Y(А11),23:18,1816,2026-09-03 23:27:00,2026-09-03 23:28:00,,2026-09-03 23:29:00,2026-09-03 23:43:00,2026-09-03 23:29:00,2026-09-03 23:43:00,2026-09-03 23:43:00,,2.0,2026-09-03 23:43:00,2026-09-03 23:51:00,,0.0,2026-09-03 23:35:00,2026-09-03 23:40:00,2026-09-03 23:44:00,2026-09-03 23:50:00,,,"Давлатов Б. Ч., Тришкин А. В.",Ютэйр,Выдача до 30 минут
2026-09-03,TK 411 ,333,СТАМБУЛ(СТАМБУЛ НЬЮ),22,Y(А10),23:33,6331,2026-09-03 23:48:00,2026-09-03 23:49:00,,2026-09-03 23:48:00,2026-09-04 00:07:00,2026-09-03 23:48:00,2026-09-04 00:07:00,2026-09-04 00:34:00,,,2026-09-03 23:59:00,2026-09-04 00:11:00,,0.0,2026-09-04 00:13:00,2026-09-04 00:17:00,2026-09-03 23:48:00,2026-09-03 23:59:00,2026-09-04 00:08:00,2026-09-04 00:15:00,"Лаптев В. В., Омурбек У. Б.",Turkish Airlines,Выдача до 30 минут
2026-09-03,FZ 987 ,7М8,ДУБАЙ(ДУБАЙ ИНТЛ.),30,Y(А10),23:39,2094,2026-09-03 23:50:00,2026-09-03 23:51:00,,2026-09-03 23:59:00,2026-09-04 00:10:00,2026-09-03 23:59:00,2026-09-04 00:10:00,2026-09-04 00:08:00,2.0,,2026-09-04 00:03:00,2026-09-04 00:15:00,,0.0,2026-09-04 00:00:00,2026-09-04 00:02:00,2026-09-04 00:11:00,2026-09-04 00:15:00,,,"Никишин А. В., Хушвактов П. З.",flydubai,Выдача до 30 минут
2026-09-03,ДР 264 ,7С8,КАЛИНИНГРАД(ХРАБРОВО),46,Y(А05),23:46,602,2026-09-03 23:51:00,2026-09-04 00:00:00,6.0,2026-09-03 23:54:00,2026-09-03 23:58:00,2026-09-03 23:54:00,2026-09-03 23:58:00,2026-09-03 23:59:00,,,2026-09-04 00:10:00,2026-09-04 00:13:00,,0.0,2026-09-04 00:01:00,2026-09-04 00:10:00,,,,,Кузин К. С.,Победа,Выдача до 30 минут
2026-09-03,PC 1580 ,32Щ,АНТАЛЬЯ,23,Y(А10),23:00,2102,2026-09-03 23:14:00,2026-09-03 23:15:00,,2026-09-03 23:18:00,2026-09-03 23:34:00,2026-09-03 23:18:00,2026-09-03 23:34:00,2026-09-03 23:32:00,2.0,2.0,2026-09-03 23:27:00,2026-09-03 23:41:00,,0.0,2026-09-03 23:35:00,2026-09-03 23:40:00,2026-09-03 23:22:00,2026-09-03 23:27:00,,,Рябчевский В. О.,Pegasus,Выдача до 30 минут
2026-09-04,TK 211 ,32Б,АНТАЛЬЯ,21,Y(А13),00:45,2319,2026-09-04 00:57:00,2026-09-04 00:59:00,,2026-09-04 00:59:00,2026-09-04 01:15:00,2026-09-04 00:59:00,2026-09-04 01:15:00,2026-09-04 01:16:00,,1.0,2026-09-04 01:14:00,2026-09-04 01:26:00,,0.0,2026-09-04 01:03:00,2026-09-04 01:21:00,,,,,Аганин А. А.,Turkish Airlines,Выдача до 30 минут
2026-09-04,4S 341 ,73Х,ХУРГАДА(ХУРГАДА ИНТЛ.),44,Y(А13),00:12,2034,2026-09-04 00:24:00,2026-09-04 00:28:00,1.0,2026-09-04 00:30:00,2026-09-04 00:45:00,2026-09-04 00:30:00,2026-09-04 00:45:00,2026-09-04 00:42:00,3.0,1.0,2026-09-04 00:44:00,2026-09-04 01:02:00,,8.0,2026-09-04 00:36:00,2026-09-04 00:43:00,2026-09-04 00:52:00,2026-09-04 00:57:00,,,Попов А. И.,Red Sea,Выдача от 30 до 40 минут
2026-09-04,J2 809 ,763,БАКУ(ИМ. ГЕЙДАРА АЛИЕВА),18,Y(А09),00:15,3992,2026-09-04 00:26:00,2026-09-04 00:28:00,,2026-09-04 00:32:00,2026-09-04 00:46:00,2026-09-04 00:32:00,2026-09-04 00:46:00,2026-09-04 00:57:00,,,2026-09-04 00:42:00,2026-09-04 00:56:00,,0.0,2026-09-04 00:32:00,2026-09-04 00:46:00,2026-09-04 00:42:00,2026-09-04 00:55:00,,,Фанин Н. О.,AZAL,Выдача до 30 минут
2026-09-04,ЮТ 358 ,734,САМАРА(КУРУМОЧ),17,Y(А04),00:19,361,2026-09-04 00:26:00,2026-09-04 00:30:00,1.0,2026-09-04 00:32:00,2026-09-04 00:34:00,2026-09-04 00:32:00,2026-09-04 00:34:00,2026-09-04 00:32:00,2.0,,2026-09-04 00:40:00,2026-09-04 00:43:00,,0.0,2026-09-04 00:35:00,2026-09-04 00:40:00,,,,,Соколов И. С.,Ютэйр,Выдача до 30 минут
2026-09-04,НВЦ 9152B,32Щ,САБЕТТА,15,Y(А06),00:32,1285,2026-09-04 00:45:00,2026-09-04 00:48:00,,2026-09-04 00:49:00,2026-09-04 01:01:00,2026-09-04 00:49:00,2026-09-04 01:01:00,2026-09-04 00:58:00,3.0,3.0,2026-09-04 01:00:00,2026-09-04 01:01:00,,0.0,2026-09-04 00:55:00,2026-09-04 01:02:00,2026-09-04 01:02:00,2026-09-04 01:05:00,,,Михайлов М. С.,Северо-Запад,Выдача до 30 минут
2026-09-04,ДР 836 ,7С8,ГАЗИПАША,47,Y(А12),00:35,1409,2026-09-04 00:41:00,2026-09-04 00:47:00,3.0,2026-09-04 00:47:00,2026-09-04 00:57:00,2026-09-04 00:47:00,2026-09-04 00:57:00,2026-09-04 00:54:00,3.0,1.0,2026-09-04 01:04:00,2026-09-04 01:13:00,,2.0,2026-09-04 00:53:00,2026-09-04 01:01:00,2026-09-04 01:01:00,2026-09-04 01:14:00,,,Кузин К. С.,Победа,Выдача от 30 до 40 минут
2026-09-04,TK 413 ,333,СТАМБУЛ(СТАМБУЛ НЬЮ),22,Y(А09),11:06,3568,2026-09-04 11:16:00,2026-09-04 11:18:00,,2026-09-04 11:19:00,2026-09-04 11:30:00,2026-09-04 11:19:00,2026-09-04 11:30:00,2026-09-04 11:44:00,,,2026-09-04 11:27:00,2026-09-04 11:37:00,,0.0,2026-09-04 11:19:00,2026-09-04 11:30:00,2026-09-04 11:27:00,2026-09-04 11:46:00,,,"Михайлов М. С., Ушаков М. В.",Turkish Airlines,Выдача до 30 минут
2026-09-04,NE 640 ,321,ШАРМ ЭЛЬ ШЕЙХ(ШАРМ ЭЛЬ ШЕЙХ ИНТЛ.),33,Y(А12),00:08,2311,2026-09-04 00:28:00,2026-09-04 00:30:00,,2026-09-04 00:31:00,2026-09-04 00:52:00,2026-09-04 00:31:00,2026-09-04 00:52:00,2026-09-04 00:47:00,5.0,6.0,2026-09-04 00:41:00,2026-09-04 00:59:00,,1.0,2026-09-04 00:36:00,2026-09-04 00:41:00,2026-09-04 00:53:00,2026-09-04 00:57:00,,,Коляскин А. Г.,Nesma Airlines,Выдача от 30 до 40 минут
2026-09-04,ФВ 6189 ,СУ9,САНКТ-ПЕТЕРБУРГ(ПУЛКОВО),9,Y(А04),00:50,209,2026-09-04 00:57:00,2026-09-04 01:02:00,2.0,2026-09-04 01:02:00,2026-09-04 01:04:00,2026-09-04 01:02:00,2026-09-04 01:04:00,2026-09-04 01:02:00,2.0,1.0,2026-09-04 01:08:00,2026-09-04 01:10:00,,0.0,2026-09-04 01:05:00,2026-09-04 01:07:00,,,,,Семиченков С. А.,Россия,Выдача до 30 минут
2026-09-04,ЮТ 810G,73Х,САМАРКАНД(САМАРКАНД ИНТЛ.),16,Y(А12),01:16,1017,2026-09-04 01:26:00,2026-09-04 01:29:00,,2026-09-04 01:30:00,2026-09-04 01:38:00,2026-09-04 01:30:00,2026-09-04 01:38:00,2026-09-04 01:37:00,1.0,1.0,2026-09-04 01:46:00,2026-09-04 01:47:00,,0.0,2026-09-04 01:39:00,2026-09-04 01:44:00,,,,,Соколов И. С.,Ютэйр,Выдача до 30 минут
2026-09-04,TK 3178 ,321,ДАЛАМАН,29,Y(А10),00:56,2437,2026-09-04 01:12:00,2026-09-04 01:14:00,,2026-09-04 01:16:00,2026-09-04 01:36:00,2026-09-04 01:16:00,2026-09-04 01:36:00,2026-09-04 01:32:00,4.0,4.0,2026-09-04 01:28:00,2026-09-04 01:44:00,,2.0,2026-09-04 01:19:00,2026-09-04 01:27:00,2026-09-04 01:33:00,2026-09-04 01:44:00,,,Рябчевский В. О.,Turkish Airlines,Выдача от 30 до 40 минут
2026-09-04,TK 217 ,321,АНТАЛЬЯ,24,Y(А11),01:01,1165,2026-09-04 01:13:00,2026-09-04 01:15:00,,2026-09-04 01:15:00,2026-09-04 01:27:00,2026-09-04 01:15:00,2026-09-04 01:27:00,2026-09-04 01:25:00,2.0,4.0,2026-09-04 01:23:00,2026-09-04 01:34:00,,0.0,2026-09-04 01:19:00,2026-09-04 01:36:00,,,,,Чеканов В. А.,Turkish Airlines,Выдача до 30 минут
2026-09-04,VF 275 ,73Х,СТАМБУЛ(САБИХА ГОКЦЕН),42,Y(А09),01:06,2849,2026-09-04 01:18:00,2026-09-04 01:21:00,,2026-09-04 01:27:00,2026-09-04 01:42:00,2026-09-04 01:35:00,2026-09-04 01:42:00,2026-09-04 01:41:00,1.0,,2026-09-04 01:32:00,2026-09-04 01:51:00,,3.0,2026-09-04 01:27:00,2026-09-04 01:31:00,2026-09-04 01:46:00,2026-09-04 01:51:00,,,"Давлатов Б. Ч., Юрков С.",AJET,Выдача от 30 до 40 минут
2026-09-04,ДР 964B,7С8,ДАЛАМАН,50,Y(А12),01:10,817,2026-09-04 01:22:00,2026-09-04 01:23:00,,2026-09-04 01:24:00,2026-09-04 01:34:00,2026-09-04 01:33:00,2026-09-04 01:34:00,2026-09-04 01:31:00,3.0,,2026-09-04 01:36:00,2026-09-04 01:37:00,,0.0,2026-09-04 01:29:00,2026-09-04 01:35:00,,,,,"Вазиров Т. В., Омурбек У. Б.",Победа,Выдача до 30 минут
2026-09-04,TK 3014 ,321,АНТАЛЬЯ,23,Y(А10),01:13,2584,2026-09-04 01:24:00,2026-09-04 01:24:00,,2026-09-04 01:27:00,2026-09-04 01:36:00,2026-09-04 01:27:00,2026-09-04 01:36:00,2026-09-04 01:45:00,,,2026-09-04 01:37:00,2026-09-04 01:47:00,,0.0,2026-09-04 01:28:00,2026-09-04 01:38:00,2026-09-04 01:35:00,2026-09-04 01:49:00,,,Тришкин А. В.,Turkish Airlines,Выдача до 30 минут
2026-09-04,TK 3002 ,321,АНТАЛЬЯ,25,Y(А09),01:19,1824,2026-09-04 01:33:00,2026-09-04 01:35:00,,2026-09-04 01:37:00,2026-09-04 01:50:00,2026-09-04 01:37:00,2026-09-04 01:50:00,2026-09-04 01:49:00,1.0,1.0,2026-09-04 01:55:00,2026-09-04 01:57:00,2.0,0.0,2026-09-04 01:39:00,2026-09-04 01:58:00,,,,,Литвин И. С.,Turkish Airlines,Выдача до 30 минут
2026-09-04,FZ 965 ,7М8,ДУБАЙ(ДУБАЙ ИНТЛ.),20,Y(А10),01:22,1783,2026-09-04 01:33:00,2026-09-04 01:36:00,,2026-09-04 01:38:00,2026-09-04 01:54:00,2026-09-04 01:40:00,2026-09-04 01:54:00,2026-09-04 01:49:00,5.0,2.0,2026-09-04 01:49:00,2026-09-04 02:02:00,,0.0,2026-09-04 01:43:00,2026-09-04 01:49:00,2026-09-04 01:56:00,2026-09-04 02:02:00,,,"Никишин А. В., Семиченков С. А.",flydubai,Выдача до 30 минут
2026-09-04,PBD 736 ,73Х,ГАЗИПАША,51,Y(А11),01:33,1401,2026-09-04 01:46:00,2026-09-04 01:47:00,,2026-09-04 01:49:00,2026-09-04 02:01:00,2026-09-04 01:49:00,2026-09-04 02:01:00,2026-09-04 01:59:00,2.0,3.0,2026-09-04 02:01:00,2026-09-04 02:10:00,,0.0,2026-09-04 01:55:00,2026-09-04 02:00:00,2026-09-04 02:01:00,2026-09-04 02:08:00,,,Барабанов А. М.,Победа,Выдача до 30 минут
2026-09-04,PC 1576 ,32Щ,АНТАЛЬЯ,37A,Y(А09),01:26,2884,2026-09-04 01:38:00,2026-09-04 01:43:00,2.0,2026-09-04 01:44:00,2026-09-04 02:01:00,2026-09-04 01:45:00,2026-09-04 02:01:00,2026-09-04 02:01:00,,,2026-09-04 02:02:00,2026-09-04 02:10:00,,2.0,2026-09-04 01:49:00,2026-09-04 01:58:00,2026-09-04 02:03:00,2026-09-04 02:07:00,,,"Михайлов М. С., Хушвактов П. З.",Pegasus,Выдача от 30 до 40 минут
2026-09-04,TK 3060 ,321,АНТАЛЬЯ,19,Y(А09),00:52,2437,2026-09-04 01:02:00,2026-09-04 01:03:00,,2026-09-04 01:05:00,2026-09-04 01:18:00,2026-09-04 01:05:00,2026-09-04 01:18:00,2026-09-04 01:22:00,,,2026-09-04 01:26:00,2026-09-04 01:27:00,4.0,0.0,2026-09-04 01:18:00,2026-09-04 01:28:00,2026-09-04 01:08:00,2026-09-04 01:19:00,,,Харитонов И. А.,Turkish Airlines,Выдача до 30 минут
2026-09-04,ЮТ 376 ,73Е,СЫКТЫВКАР,10,Y(А05),01:41,312,2026-09-04 01:51:00,2026-09-04 01:51:00,,2026-09-04 01:55:00,2026-09-04 01:57:00,2026-09-04 01:55:00,2026-09-04 01:57:00,2026-09-04 01:57:00,,,2026-09-04 02:02:00,2026-09-04 02:03:00,,0.0,2026-09-04 01:58:00,2026-09-04 02:02:00,,,,,Коляскин А. Г.,Ютэйр,Выдача до 30 минут
2026-09-04,ДР 486B,73Х,УЛЬЯНОВСК(БАРАТАЕВКА),44,Y(А04),02:16,228,2026-09-04 02:31:00,2026-09-04 02:32:00,,2026-09-04 02:27:00,2026-09-04 02:29:00,2026-09-04 02:27:00,2026-09-04 02:29:00,2026-09-04 02:37:00,,,2026-09-04 02:44:00,2026-09-04 02:45:00,,0.0,2026-09-04 02:33:00,2026-09-04 02:45:00,,,,,Омурбек У. Б.,Победа,Выдача до 30 минут
2026-09-04,TK 409 ,321,СТАМБУЛ(СТАМБУЛ НЬЮ),22,Y(А10),01:43,3378,2026-09-04 01:57:00,2026-09-04 01:59:00,,2026-09-04 01:59:00,2026-09-04 02:16:00,2026-09-04 01:59:00,2026-09-04 02:16:00,2026-09-04 02:24:00,,,2026-09-04 02:16:00,2026-09-04 02:23:00,,0.0,2026-09-04 02:08:00,2026-09-04 02:25:00,2026-09-04 02:04:00,2026-09-04 02:22:00,,,Лаптев В. В.,Turkish Airlines,Выдача до 30 минут
2026-09-04,PBD 840B,73Х,АНТАЛЬЯ,48,Y(А12),01:35,956,2026-09-04 01:43:00,2026-09-04 01:43:00,,2026-09-04 01:47:00,2026-09-04 01:56:00,2026-09-04 01:47:00,2026-09-04 01:56:00,2026-09-04 01:53:00,3.0,3.0,2026-09-04 02:04:00,2026-09-04 02:05:00,,0.0,2026-09-04 01:58:00,2026-09-04 02:03:00,,,,,Кейта А. С.,Победа,Выдача до 30 минут
2026-09-04,PC 1521 ,32Н,ИЗМИР(АДНАН МЕНДЕРЕС),43,Y(А09),01:47,2338,2026-09-04 01:55:00,2026-09-04 02:00:00,2.0,2026-09-04 02:00:00,2026-09-04 02:23:00,2026-09-04 02:00:00,2026-09-04 02:23:00,2026-09-04 02:15:00,8.0,7.0,2026-09-04 02:25:00,2026-09-04 02:36:00,,11.0,2026-09-04 02:10:00,2026-09-04 02:33:00,2026-09-04 02:25:00,2026-09-04 02:37:00,,,Фанин Н. О.,Pegasus,Выдача более 40 минут
2026-09-04,DV 813 ,7М9,АСТАНА(НУРСУЛТАН НАЗАРБАЕВ),32A,Y(А13),01:53,1403,2026-09-04 02:04:00,2026-09-04 02:07:00,,2026-09-04 02:07:00,2026-09-04 02:17:00,2026-09-04 02:07:00,2026-09-04 02:17:00,2026-09-04 02:17:00,,1.0,2026-09-04 02:20:00,2026-09-04 02:35:00,,1.0,2026-09-04 02:20:00,2026-09-04 02:35:00,2026-09-04 02:14:00,2026-09-04 02:16:00,,,Тихонов С. М.,SCAT Airlines,Выдача от 30 до 40 минут
2026-09-04,TK 3084 ,321,ДАЛАМАН,27,Y(А09),01:55,2200,2026-09-04 02:08:00,2026-09-04 02:10:00,,2026-09-04 02:12:00,2026-09-04 02:27:00,2026-09-04 02:12:00,2026-09-04 02:27:00,2026-09-04 02:27:00,,,2026-09-04 02:25:00,2026-09-04 02:40:00,,2.0,2026-09-04 02:21:00,2026-09-04 02:40:00,,,,,Харитонов И. А.,Turkish Airlines,Выдача от 30 до 40 минут
2026-09-04,FZ 975 ,7М8,ДУБАЙ(ДУБАЙ ИНТЛ.),29,Y(А13),02:20,860,2026-09-04 02:33:00,2026-09-04 02:34:00,,2026-09-04 02:38:00,2026-09-04 02:42:00,2026-09-04 02:38:00,2026-09-04 02:42:00,2026-09-04 02:43:00,,,2026-09-04 02:48:00,2026-09-04 02:50:00,,0.0,2026-09-04 02:44:00,2026-09-04 02:48:00,,,,,Никишин А. В.,flydubai,Выдача до 30 минут
2026-09-04,TK 3154 ,321,БОДРУМ(МИЛАС),19,Y(А09),02:22,2566,2026-09-04 02:35:00,2026-09-04 02:37:00,,2026-09-04 02:44:00,2026-09-04 02:56:00,2026-09-04 02:44:00,2026-09-04 02:56:00,2026-09-04 02:56:00,,,2026-09-04 03:01:00,2026-09-04 03:06:00,6.0,1.0,2026-09-04 02:46:00,2026-09-04 03:02:00,2026-09-04 02:51:00,2026-09-04 03:04:00,,,Давлатов Б. Ч.,Turkish Airlines,Выдача от 30 до 40 минут
2026-09-04,TK 3036 ,321,АНТАЛЬЯ,26,Y(А10),02:25,2682,2026-09-04 02:35:00,2026-09-04 02:37:00,,2026-09-04 02:39:00,2026-09-04 02:49:00,2026-09-04 02:39:00,2026-09-04 02:49:00,2026-09-04 02:57:00,,,2026-09-04 02:53:00,2026-09-04 02:55:00,,0.0,2026-09-04 02:43:00,2026-09-04 02:53:00,2026-09-04 02:42:00,2026-09-04 02:55:00,,,Коляскин А. Г.,Turkish Airlines,Выдача до 30 минут
2026-09-04,TK 421 ,32Б,СТАМБУЛ(СТАМБУЛ НЬЮ),23,Y(А10),02:29,4236,2026-09-04 03:04:00,2026-09-04 03:07:00,,2026-09-04 03:08:00,2026-09-04 03:32:00,2026-09-04 03:08:00,2026-09-04 03:32:00,2026-09-04 03:36:00,,,2026-09-04 03:24:00,2026-09-04 03:42:00,,8.0,2026-09-04 03:22:00,2026-09-04 03:42:00,2026-09-04 03:30:00,2026-09-04 03:48:00,,,Тришкин А. В.,Turkish Airlines,Выдача от 30 до 40 минут
2026-09-04,ХИ 9621 ,320,АНДИЖАН,18,Y(А12),02:31,1585,2026-09-04 02:42:00,2026-09-04 02:44:00,,2026-09-04 02:48:00,2026-09-04 03:00:00,2026-09-04 02:48:00,2026-09-04 03:00:00,2026-09-04 02:57:00,3.0,1.0,2026-09-04 03:02:00,2026-09-04 03:24:00,,12.0,2026-09-04 02:53:00,2026-09-04 03:01:00,2026-09-04 03:00:00,2026-09-04 03:05:00,,,Кейта А. С.,UZBEKISTAN AIRWAYS,Выдача более 40 минут
2026-09-04,ЖГ 932 ,73Х,ТБИЛИСИ(ТБИЛИСИ ИНТЛ.),30,Y(А11),02:40,1488,2026-09-04 02:52:00,2026-09-04 02:54:00,,2026-09-04 02:58:00,2026-09-04 03:12:00,2026-09-04 02:58:00,2026-09-04 03:12:00,2026-09-04 03:06:00,6.0,4.0,2026-09-04 03:09:00,2026-09-04 03:20:00,,0.0,2026-09-04 03:05:00,2026-09-04 03:09:00,2026-09-04 03:15:00,2026-09-04 03:18:00,,,Барабанов А. М.,GEORGIAN AIRWAYS,Выдача до 30 минут
2026-09-04,PBD 860B,73Х,АНТАЛЬЯ,49,Y(А10),02:48,1138,2026-09-04 02:56:00,2026-09-04 02:59:00,,2026-09-04 03:04:00,2026-09-04 03:14:00,2026-09-04 03:04:00,2026-09-04 03:14:00,2026-09-04 03:08:00,6.0,2.0,2026-09-04 03:22:00,2026-09-04 03:27:00,,1.0,2026-09-04 03:15:00,2026-09-04 03:23:00,,,,,Литвин И. С.,Победа,Выдача от 30 до 40 минут
2026-09-04,TK 3006 ,321,АНТАЛЬЯ,24,Y(А09),02:52,2183,2026-09-04 03:07:00,2026-09-04 03:10:00,,2026-09-04 03:13:00,2026-09-04 03:27:00,2026-09-04 03:13:00,2026-09-04 03:27:00,2026-09-04 03:26:00,1.0,,2026-09-04 03:41:00,2026-09-04 03:42:00,14.0,5.0,2026-09-04 03:18:00,2026-09-04 03:37:00,,,,,Вазиров Т. В.,Turkish Airlines,Выдача от 30 до 40 минут
2026-09-04,4S 325 ,73Х,ШАРМ ЭЛЬ ШЕЙХ(ШАРМ ЭЛЬ ШЕЙХ ИНТЛ.),25,Y(А10),02:56,2255,2026-09-04 03:10:00,2026-09-04 03:12:00,,2026-09-04 03:13:00,2026-09-04 03:29:00,2026-09-04 03:23:00,2026-09-04 03:29:00,2026-09-04 03:29:00,,,2026-09-04 03:32:00,2026-09-04 03:35:00,2.0,0.0,2026-09-04 03:19:00,2026-09-04 03:28:00,2026-09-04 03:30:00,2026-09-04 03:36:00,,,"Аганин А. А., Литвин И. С.",Red Sea,Выдача до 30 минут
2026-09-04,TK 3172 ,32Б,АНТАЛЬЯ,21,Y(А09),03:00,1986,2026-09-04 03:11:00,2026-09-04 03:12:00,,2026-09-04 03:15:00,2026-09-04 03:23:00,2026-09-04 03:15:00,2026-09-04 03:23:00,2026-09-04 03:28:00,,,2026-09-04 03:31:00,2026-09-04 03:33:00,,0.0,2026-09-04 03:14:00,2026-09-04 03:35:00,,,,,Семиченков С. А.,Turkish Airlines,Выдача до 30 минут
2026-09-04,А4 7036G,СУ9,ПСКОВ(КРЕСТЫ),51A,Y(А04),03:14,307,2026-09-04 03:30:00,2026-09-04 03:34:00,1.0,2026-09-04 03:35:00,2026-09-04 03:38:00,2026-09-04 03:35:00,2026-09-04 03:38:00,2026-09-04 03:36:00,2.0,1.0,2026-09-04 03:46:00,2026-09-04 03:50:00,,0.0,2026-09-04 03:40:00,2026-09-04 03:50:00,,,,,Соколов И. С.,Азимут,Выдача до 30 минут
2026-09-04,PC 386 ,32Щ,СТАМБУЛ(САБИХА ГОКЦЕН),22,Y(А09),04:26,3779,2026-09-04 04:34:00,2026-09-04 04:37:00,,2026-09-04 04:39:00,2026-09-04 05:04:00,2026-09-04 04:39:00,2026-09-04 05:04:00,2026-09-04 05:03:00,1.0,,2026-09-04 04:52:00,2026-09-04 05:16:00,,12.0,2026-09-04 04:48:00,2026-09-04 04:49:00,2026-09-04 05:13:00,2026-09-04 05:14:00,,,Давлатов Б. Ч.,Pegasus,Выдача более 40 минут
2026-09-04,VF 587 ,73Х,АНКАРА(ЕСЕНБОГА),19,Y(А10),04:32,2091,2026-09-04 04:38:00,2026-09-04 04:42:00,1.0,2026-09-04 04:47:00,2026-09-04 05:05:00,2026-09-04 04:56:00,2026-09-04 05:05:00,2026-09-04 04:56:00,9.0,,2026-09-04 04:58:00,2026-09-04 05:15:00,,7.0,2026-09-04 04:54:00,2026-09-04 05:05:00,2026-09-04 05:08:00,2026-09-04 05:15:00,,,"Фанин Н. О., Харитонов И. А.",AJET,Выдача от 30 до 40 минут
2026-09-04,AZO 7008 ,СУ9,ТБИЛИСИ(ТБИЛИСИ ИНТЛ.),28,Y(А11),04:35,1386,2026-09-04 04:52:00,2026-09-04 04:58:00,3.0,2026-09-04 04:56:00,2026-09-04 05:15:00,2026-09-04 04:56:00,2026-09-04 05:15:00,2026-09-04 05:05:00,10.0,10.0,2026-09-04 05:11:00,2026-09-04 05:23:00,,1.0,2026-09-04 05:07:00,2026-09-04 05:11:00,2026-09-04 05:16:00,2026-09-04 05:20:00,,,Лаптев В. В.,GEORGIAN AIRWAYS,Выдача от 30 до 40 минут
2026-09-04,NE 604 ,320,ХУРГАДА(ХУРГАДА ИНТЛ.),27,Y(А13),04:38,1251,2026-09-04 05:02:00,2026-09-04 05:07:00,2.0,2026-09-04 05:05:00,2026-09-04 05:14:00,2026-09-04 05:05:00,2026-09-04 05:14:00,2026-09-04 05:14:00,,1.0,2026-09-04 05:13:00,2026-09-04 05:15:00,,0.0,2026-09-04 05:10:00,2026-09-04 05:14:00,2026-09-04 05:20:00,2026-09-04 05:24:00,,,Семиченков С. А.,Nesma Airlines,Выдача до 30 минут
2026-09-04,ЮТ 808G,73Х,БУХАРА(БУХАРА ИНТЛ.),31,0,04:42,265,2026-09-04 04:55:00,2026-09-04 04:57:00,,2026-09-04 04:58:00,2026-09-04 05:05:00,2026-09-04 04:58:00,2026-09-04 05:05:00,2026-09-04 05:01:00,4.0,5.0,2026-09-04 05:12:00,2026-09-04 05:13:00,,0.0,2026-09-04 05:07:00,2026-09-04 05:11:00,,,,,Аганин А. А.,Ютэйр,Не определено
2026-09-04,FZ 967 ,7М8,ДУБАЙ(ДУБАЙ ИНТЛ.),29,Y(А12),04:44,1419,2026-09-04 04:55:00,2026-09-04 04:57:00,,2026-09-04 05:05:00,2026-09-04 05:18:00,2026-09-04 05:05:00,2026-09-04 05:18:00,2026-09-04 05:08:00,10.0,4.0,2026-09-04 05:29:00,2026-09-04 05:30:00,14.0,5.0,2026-09-04 05:13:00,2026-09-04 05:17:00,2026-09-04 05:22:00,2026-09-04 05:27:00,,,Тришкин А. В.,flydubai,Выдача от 30 до 40 минут
2026-09-04,3F 323 ,320,ЕРЕВАН(ЗВАРТНОЦ ИНТЛ),25,Y(А13),07:12,1809,2026-09-04 07:24:00,2026-09-04 07:24:00,,2026-09-04 07:27:00,2026-09-04 07:40:00,2026-09-04 07:27:00,2026-09-04 07:40:00,2026-09-04 07:40:00,,1.0,2026-09-04 07:41:00,2026-09-04 07:48:00,,0.0,2026-09-04 07:37:00,2026-09-04 07:42:00,2026-09-04 07:44:00,2026-09-04 07:48:00,,,Пельгуев Д.,FLYONE Armenia,Выдача до 30 минут
2026-09-04,NE 600 ,320,ХУРГАДА(ХУРГАДА ИНТЛ.),26,Y(А13),04:50,1450,2026-09-04 05:00:00,2026-09-04 05:03:00,,2026-09-04 05:05:00,2026-09-04 05:13:00,2026-09-04 05:05:00,2026-09-04 05:13:00,2026-09-04 05:14:00,,,2026-09-04 05:11:00,2026-09-04 05:17:00,,0.0,2026-09-04 05:07:00,2026-09-04 05:12:00,2026-09-04 05:20:00,2026-09-04 05:24:00,,,Никишин А. В.,Nesma Airlines,Выдача до 30 минут
2026-09-04,NE 618 ,320,ХУРГАДА(ХУРГАДА ИНТЛ.),26,Y(А09),07:34,1804,2026-09-04 07:45:00,2026-09-04 07:48:00,,2026-09-04 07:48:00,2026-09-04 07:58:00,2026-09-04 07:48:00,2026-09-04 07:58:00,2026-09-04 08:01:00,,,2026-09-04 07:54:00,2026-09-04 08:02:00,,0.0,2026-09-04 07:52:00,2026-09-04 07:55:00,2026-09-04 08:01:00,2026-09-04 08:02:00,,,Ушаков Г. А.,Nesma Airlines,Выдача до 30 минут
2026-09-04,PC 390 ,32Щ,СТАМБУЛ(САБИХА ГОКЦЕН),21,Y(А09),05:07,3376,2026-09-04 05:19:00,2026-09-04 05:21:00,,2026-09-04 05:23:00,2026-09-04 05:47:00,2026-09-04 05:23:00,2026-09-04 05:47:00,2026-09-04 05:46:00,1.0,1.0,2026-09-04 05:34:00,2026-09-04 05:54:00,,5.0,2026-09-04 05:44:00,2026-09-04 05:45:00,2026-09-04 05:29:00,2026-09-04 05:33:00,2026-09-04 05:50:00,2026-09-04 05:53:00,Коляскин А. Г.,Pegasus,Выдача от 30 до 40 минут
2026-09-04,ЮТ 784G,73Х,АНТАЛЬЯ,16,Y(А11),05:19,1300,2026-09-04 05:28:00,2026-09-04 05:29:00,,2026-09-04 05:35:00,2026-09-04 05:54:00,2026-09-04 05:35:00,2026-09-04 05:54:00,2026-09-04 05:41:00,13.0,10.0,2026-09-04 05:45:00,2026-09-04 06:03:00,,5.0,2026-09-04 05:50:00,2026-09-04 06:00:00,2026-09-04 05:40:00,2026-09-04 05:45:00,,,Тихонов С. М.,Ютэйр,Выдача от 30 до 40 минут
2026-09-04,TK 419 ,333,СТАМБУЛ(СТАМБУЛ НЬЮ),23,Y(А10),05:29,3755,2026-09-04 05:45:00,2026-09-04 05:48:00,,2026-09-04 05:47:00,2026-09-04 06:04:00,2026-09-04 05:48:00,2026-09-04 06:04:00,2026-09-04 06:14:00,,,2026-09-04 06:06:00,2026-09-04 06:10:00,1.0,0.0,2026-09-04 06:00:00,2026-09-04 06:10:00,2026-09-04 06:06:00,2026-09-04 06:14:00,,,"Аганин А. А., Харитонов И. А.",Turkish Airlines,Выдача до 30 минут
2026-09-04,4S 315 ,7С8,ШАРМ ЭЛЬ ШЕЙХ(ШАРМ ЭЛЬ ШЕЙХ ИНТЛ.),20,Y(А09),05:34,2135,2026-09-04 05:45:00,2026-09-04 05:47:00,,2026-09-04 05:48:00,2026-09-04 06:05:00,2026-09-04 05:48:00,2026-09-04 06:05:00,2026-09-04 06:03:00,2.0,3.0,2026-09-04 06:01:00,2026-09-04 06:10:00,,0.0,2026-09-04 05:55:00,2026-09-04 06:01:00,2026-09-04 06:06:00,2026-09-04 06:11:00,,,Соколов И. С.,Red Sea,Выдача до 30 минут
2026-09-04,ЮВ 303 ,ЦР2,БУГУЛЬМА,45,Y(А04),05:37,176,2026-09-04 05:45:00,2026-09-04 05:45:00,,2026-09-04 05:49:00,2026-09-04 05:50:00,2026-09-04 05:49:00,2026-09-04 05:50:00,2026-09-04 05:50:00,,,2026-09-04 05:56:00,2026-09-04 05:57:00,,0.0,2026-09-04 05:51:00,2026-09-04 05:57:00,,,,,Лаптев В. В.,ЮВТ АЭРО,Выдача до 30 минут
2026-09-04,NE 642 ,320,ШАРМ ЭЛЬ ШЕЙХ(ШАРМ ЭЛЬ ШЕЙХ ИНТЛ.),26,Y(А12),05:50,1932,2026-09-04 06:10:00,2026-09-04 06:11:00,,2026-09-04 06:14:00,2026-09-04 06:35:00,2026-09-04 06:14:00,2026-09-04 06:35:00,2026-09-04 06:27:00,8.0,8.0,2026-09-04 06:26:00,2026-09-04 06:42:00,,2.0,2026-09-04 06:23:00,2026-09-04 06:26:00,2026-09-04 06:39:00,2026-09-04 06:41:00,,,Кейта А. С.,Nesma Airlines,Выдача от 30 до 40 минут
2026-09-04,ДР 730 ,73Х,ФЕРГАНА(ФЕРГАНА ИНТЛ.),50,Y(А11),05:53,133,2026-09-04 06:02:00,2026-09-04 06:05:00,,2026-09-04 06:07:00,2026-09-04 06:08:00,2026-09-04 06:07:00,2026-09-04 06:08:00,2026-09-04 06:07:00,1.0,,2026-09-04 06:07:00,2026-09-04 06:38:00,,6.0,2026-09-04 06:09:00,2026-09-04 06:17:00,,,,,Ушаков П. А.,Победа,Выдача от 30 до 40 минут
2026-09-04,J2 807 ,319,БАКУ(ИМ. ГЕЙДАРА АЛИЕВА),28,Y(А10),10:58,2736,2026-09-04 11:09:00,2026-09-04 11:10:00,,2026-09-04 11:12:00,2026-09-04 11:24:00,2026-09-04 11:12:00,2026-09-04 11:24:00,2026-09-04 11:31:00,,,2026-09-04 11:19:00,2026-09-04 11:27:00,,0.0,2026-09-04 11:24:00,2026-09-04 11:27:00,2026-09-04 11:15:00,2026-09-04 11:19:00,,,"Минченко А. И., Федоров Н. В.",AZAL,Выдача до 30 минут
2026-09-04,TK 407 ,333,СТАМБУЛ(СТАМБУЛ НЬЮ),22,Y(А10),06:01,4870,2026-09-04 06:15:00,2026-09-04 06:19:00,1.0,2026-09-04 06:21:00,2026-09-04 06:46:00,2026-09-04 06:21:00,2026-09-04 06:46:00,2026-09-04 06:51:00,,,2026-09-04 06:46:00,2026-09-04 06:55:00,11.0,10.0,2026-09-04 06:41:00,2026-09-04 06:47:00,2026-09-04 06:32:00,2026-09-04 07:08:00,2026-09-04 06:36:00,2026-09-04 06:54:00,Фанин Н. О.,Turkish Airlines,Выдача от 30 до 40 минут
2026-09-04,AZO 7156 ,СУ9,БАТУМИ,61A,Y(А12),05:57,817,-1,,,2026-09-04 06:16:00,2026-09-04 06:25:00,2026-09-04 06:16:00,2026-09-04 06:25:00,,,4.0,2026-09-04 06:32:00,2026-09-04 06:34:00,,0.0,2026-09-04 06:25:00,2026-09-04 06:32:00,,,,,Давлатов Б. Ч.,GEORGIAN AIRWAYS,Некорректно проставлены отметки
2026-09-04,ФВ 6019 ,СУ9,САНКТ-ПЕТЕРБУРГ(ПУЛКОВО),8,Y(А04),07:23,186,2026-09-04 07:35:00,2026-09-04 07:39:00,1.0,2026-09-04 07:41:00,2026-09-04 07:46:00,2026-09-04 07:41:00,2026-09-04 07:46:00,2026-09-04 07:40:00,6.0,4.0,2026-09-04 07:38:00,2026-09-04 08:33:00,,28.0,2026-09-04 07:48:00,2026-09-04 07:51:00,,,,,Хушвактов П. З.,Россия,Выдача более 40 минут
2026-09-04,ДР 434 ,73Х,ПЕРМЬ(БОЛЬШОЕ САВИНО),48,Y(А05),07:07,315,2026-09-04 07:14:00,2026-09-04 07:16:00,,2026-09-04 07:17:00,2026-09-04 07:21:00,2026-09-04 07:18:00,2026-09-04 07:21:00,2026-09-04 07:20:00,1.0,1.0,2026-09-04 07:25:00,2026-09-04 07:26:00,,0.0,2026-09-04 07:22:00,2026-09-04 07:28:00,,,,,"Ушаков П. А., Фаёзов А. Р.",Победа,Выдача до 30 минут
2026-09-04,ЮТ 786 ,762,ЕРЕВАН(ЗВАРТНОЦ ИНТЛ),21,Y(А13),06:28,2051,2026-09-04 06:47:00,2026-09-04 06:49:00,,2026-09-04 06:51:00,2026-09-04 07:01:00,2026-09-04 06:51:00,2026-09-04 07:01:00,2026-09-04 07:05:00,,,2026-09-04 07:03:00,2026-09-04 07:05:00,,0.0,2026-09-04 07:15:00,2026-09-04 07:38:00,,,,,"Давлатов Б. Ч., Лаптев В. В.",Ютэйр,Выдача до 30 минут
2026-09-04,ХИ 9607 ,32Н,БУХАРА(БУХАРА ИНТЛ.),20,Y(А10),07:27,1840,2026-09-04 07:39:00,2026-09-04 07:40:00,,2026-09-04 07:44:00,2026-09-04 07:57:00,2026-09-04 07:44:00,2026-09-04 07:57:00,2026-09-04 07:55:00,2.0,1.0,2026-09-04 07:54:00,2026-09-04 08:03:00,,0.0,2026-09-04 07:50:00,2026-09-04 07:57:00,2026-09-04 07:58:00,2026-09-04 08:04:00,,,Чеканов В. А.,UZBEKISTAN AIRWAYS,Выдача до 30 минут
2026-09-04,NE 620 ,321,ХУРГАДА(ХУРГАДА ИНТЛ.),24,Y(А09),06:15,0,2026-09-04 06:33:00,2026-09-04 06:37:00,1.0,2026-09-04 06:33:00,2026-09-04 06:49:00,2026-09-04 06:33:00,2026-09-04 06:49:00,,,,2026-09-04 06:44:00,2026-09-04 07:04:00,,1.0,2026-09-04 06:40:00,2026-09-04 06:44:00,2026-09-04 06:53:00,2026-09-04 07:00:00,,,Барабанов А. М.,Nesma Airlines,Выдача от 30 до 40 минут
2026-09-04,PC 1458 ,32Щ,ДАЛАМАН,19,Y(А09),06:05,2250,2026-09-04 06:14:00,2026-09-04 06:16:00,,2026-09-04 06:23:00,2026-09-04 06:39:00,2026-09-04 06:23:00,2026-09-04 06:39:00,2026-09-04 06:33:00,6.0,1.0,2026-09-04 06:36:00,2026-09-04 06:46:00,2.0,2.0,2026-09-04 06:30:00,2026-09-04 06:36:00,2026-09-04 06:41:00,2026-09-04 06:46:00,,,Семиченков С. А.,Pegasus,Выдача от 30 до 40 минут
2026-09-04,7Q 1777 ,320,ТАШКЕНТ(ТАШКЕНТ ИНТЛ.),30,Y(А11),06:08,1588,2026-09-04 06:20:00,2026-09-04 06:22:00,,2026-09-04 06:26:00,2026-09-04 06:38:00,2026-09-04 06:26:00,2026-09-04 06:38:00,2026-09-04 06:35:00,3.0,1.0,2026-09-04 06:36:00,2026-09-04 06:43:00,,0.0,2026-09-04 06:32:00,2026-09-04 06:35:00,2026-09-04 06:36:00,2026-09-04 06:41:00,,,Тришкин А. В.,Asia Union Airlines,Выдача до 30 минут
2026-09-04,ЮТ 790 ,73Х,ФЕРГАНА(ФЕРГАНА ИНТЛ.),16,Y(А11),11:02,1318,2026-09-04 11:10:00,2026-09-04 11:11:00,,2026-09-04 11:12:00,2026-09-04 11:25:00,2026-09-04 11:12:00,2026-09-04 11:25:00,2026-09-04 11:23:00,2.0,4.0,2026-09-04 11:27:00,2026-09-04 12:02:00,,22.0,2026-09-04 11:21:00,2026-09-04 11:26:00,2026-09-04 11:34:00,2026-09-04 11:35:00,,,Ушаков П. А.,Ютэйр,Выдача более 40 минут
2026-09-04,VF 277 ,73Х,СТАМБУЛ(САБИХА ГОКЦЕН),24,Y(А10),04:54,2208,2026-09-04 05:09:00,2026-09-04 05:11:00,,2026-09-04 05:14:00,2026-09-04 05:33:00,2026-09-04 05:14:00,2026-09-04 05:33:00,2026-09-04 05:28:00,5.0,4.0,2026-09-04 05:28:00,2026-09-04 05:39:00,,0.0,2026-09-04 05:34:00,2026-09-04 05:39:00,2026-09-04 05:18:00,2026-09-04 05:21:00,,,Барабанов А. М.,AJET,Выдача до 30 минут
2026-09-04,ДР 998 ,73Х,САМАРКАНД(САМАРКАНД ИНТЛ.),47,Y(А11),07:31,244,2026-09-04 07:40:00,2026-09-04 07:43:00,,2026-09-04 07:44:00,2026-09-04 07:46:00,2026-09-04 07:44:00,2026-09-04 07:46:00,2026-09-04 07:46:00,,,2026-09-04 07:56:00,2026-09-04 07:57:00,,0.0,2026-09-04 07:45:00,2026-09-04 07:56:00,,,,,Ушаков М. В.,Победа,Выдача до 30 минут
2026-09-04,ЮТ 446 ,735,КОГАЛЫМ,12,Y(А05),10:40,313,2026-09-04 10:47:00,2026-09-04 10:47:00,,2026-09-04 10:51:00,2026-09-04 10:54:00,2026-09-04 10:51:00,2026-09-04 10:54:00,2026-09-04 10:53:00,1.0,1.0,2026-09-04 10:58:00,2026-09-04 11:00:00,,0.0,2026-09-04 10:55:00,2026-09-04 10:58:00,,,,,Ушаков М. В.,Ютэйр,Выдача до 30 минут
2026-09-04,В2 981 ,Е75,МИНСК(МИНСК ИНТЛ.),29,Y(А13),07:49,245,2026-09-04 07:55:00,2026-09-04 07:57:00,,2026-09-04 07:58:00,2026-09-04 08:00:00,2026-09-04 07:58:00,2026-09-04 08:00:00,2026-09-04 08:01:00,,,2026-09-04 08:04:00,2026-09-04 08:06:00,,0.0,2026-09-04 08:00:00,2026-09-04 08:04:00,,,,,Баташан В. Ю.,Белавиа,Выдача до 30 минут
2026-09-04,ЮТ 572 ,73Х,КРАСНОЯРСК,12,Y(А07),08:05,745,2026-09-04 08:15:00,2026-09-04 08:16:00,,2026-09-04 08:35:00,2026-09-04 08:40:00,2026-09-04 08:35:00,2026-09-04 08:40:00,2026-09-04 08:24:00,16.0,,2026-09-04 08:45:00,2026-09-04 08:47:00,10.0,2.0,2026-09-04 08:42:00,2026-09-04 08:47:00,,,,,Хушвактов П. З.,Ютэйр,Выдача от 30 до 40 минут
2026-09-04,ЮТ 454 ,73Х,ТЮМЕНЬ(РОЩИНО),13,Y(А08),08:10,714,2026-09-04 08:22:00,2026-09-04 08:25:00,,2026-09-04 08:46:00,2026-09-04 08:51:00,2026-09-04 08:46:00,2026-09-04 08:51:00,2026-09-04 08:31:00,20.0,,2026-09-04 08:05:00,2026-09-04 08:39:00,,0.0,2026-09-04 08:33:00,2026-09-04 08:55:00,,,,,Чеканов В. А.,Ютэйр,Выдача до 30 минут
2026-09-04,ФВ 6051 ,СУ9,САНКТ-ПЕТЕРБУРГ(ПУЛКОВО),9,Y(А04),08:15,95,2026-09-04 08:26:00,2026-09-04 08:29:00,,2026-09-04 08:30:00,2026-09-04 08:32:00,2026-09-04 08:30:00,2026-09-04 08:32:00,2026-09-04 08:31:00,1.0,1.0,2026-09-04 08:34:00,2026-09-04 08:35:00,,0.0,2026-09-04 08:32:00,2026-09-04 08:35:00,,,,,Каламбеков У. О.,Россия,Выдача до 30 минут
2026-09-04,ХИ 9615 ,32Н,УРГЕНЧ(УРГЕНЧ ИНТЛ.),22,Y(А09),08:26,1776,2026-09-04 08:40:00,2026-09-04 08:41:00,,2026-09-04 08:43:00,2026-09-04 08:59:00,2026-09-04 08:43:00,2026-09-04 08:59:00,2026-09-04 08:56:00,3.0,4.0,2026-09-04 09:01:00,2026-09-04 09:06:00,1.0,0.0,2026-09-04 08:56:00,2026-09-04 08:59:00,2026-09-04 08:58:00,2026-09-04 09:06:00,,,Фозылов Б. З.,UZBEKISTAN AIRWAYS,Выдача до 30 минут
2026-09-04,ЯК 479 ,73Х,ЯКУТСК,15,Y(А06),08:30,1358,2026-09-04 08:37:00,2026-09-04 08:38:00,,2026-09-04 08:39:00,2026-09-04 08:44:00,2026-09-04 08:39:00,2026-09-04 08:44:00,2026-09-04 08:46:00,,,2026-09-04 08:49:00,2026-09-04 08:51:00,,0.0,2026-09-04 08:43:00,2026-09-04 08:51:00,,,,,Минченко А. И.,Якутия,Выдача до 30 минут
2026-09-04,ЮТ 356 ,73Х,ГРОЗНЫЙ(СЕВЕРНЫЙ),21,Y(А07),08:35,315,2026-09-04 08:42:00,2026-09-04 08:42:00,,2026-09-04 08:46:00,2026-09-04 08:50:00,2026-09-04 08:46:00,2026-09-04 08:50:00,2026-09-04 08:48:00,2.0,2.0,2026-09-04 08:55:00,2026-09-04 08:58:00,,0.0,2026-09-04 08:50:00,2026-09-04 08:54:00,,,,,Баташан В. Ю.,Ютэйр,Выдача до 30 минут
2026-09-04,ЮТ 352 ,735,ХАНТЫ-МАНСИЙСК,10,Y(А05),08:42,376,2026-09-04 08:50:00,2026-09-04 08:52:00,,2026-09-04 08:55:00,2026-09-04 08:57:00,2026-09-04 08:55:00,2026-09-04 08:57:00,2026-09-04 08:57:00,,,2026-09-04 09:01:00,2026-09-04 09:02:00,,0.0,2026-09-04 08:59:00,2026-09-04 09:01:00,,,,,Михайлов М. С.,Ютэйр,Выдача до 30 минут
2026-09-04,DV 809 ,738,АЛМАТЫ(АЛМАТЫ ИНТЛ.),19,Y(А13),08:49,1709,2026-09-04 08:56:00,2026-09-04 08:58:00,,2026-09-04 08:59:00,2026-09-04 09:09:00,2026-09-04 09:00:00,2026-09-04 09:09:00,2026-09-04 09:11:00,,,2026-09-04 09:09:00,2026-09-04 09:22:00,,0.0,2026-09-04 09:03:00,2026-09-04 09:10:00,2026-09-04 09:19:00,2026-09-04 09:21:00,,,"Скулов Е. С., Ушаков П. А.",SCAT Airlines,Выдача до 30 минут
2026-09-04,ЮТ 248 ,73Х,СУРГУТ,14,Y(А08),08:53,517,2026-09-04 09:00:00,2026-09-04 09:00:00,,2026-09-04 09:04:00,2026-09-04 09:09:00,2026-09-04 09:04:00,2026-09-04 09:09:00,2026-09-04 09:07:00,2.0,2.0,2026-09-04 09:13:00,2026-09-04 09:14:00,,0.0,2026-09-04 09:11:00,2026-09-04 09:16:00,,,,,Каламбеков У. О.,Ютэйр,Выдача до 30 минут
2026-09-04,ДР 994 ,7С8,СТАМБУЛ(СТАМБУЛ НЬЮ),48,Y(А11),00:29,1131,2026-09-04 00:41:00,2026-09-04 00:41:00,,2026-09-04 00:41:00,2026-09-04 00:48:00,2026-09-04 00:42:00,2026-09-04 00:48:00,2026-09-04 00:53:00,,,2026-09-04 01:00:00,2026-09-04 01:01:00,,0.0,2026-09-04 00:53:00,2026-09-04 00:58:00,,,,,"Барабанов А. М., Кейта А. С.",Победа,Выдача до 30 минут
2026-09-04,ДР 742 ,7С8,ТАШКЕНТ(ТАШКЕНТ ИНТЛ.),49,Y(А12),08:56,253,2026-09-04 09:03:00,2026-09-04 09:07:00,1.0,2026-09-04 09:08:00,2026-09-04 09:12:00,2026-09-04 09:08:00,2026-09-04 09:12:00,2026-09-04 09:09:00,3.0,2.0,2026-09-04 09:19:00,2026-09-04 09:20:00,,0.0,2026-09-04 09:12:00,2026-09-04 09:17:00,,,,,Лаптев В. В.,Победа,Выдача до 30 минут
2026-09-04,ФВ 6003 ,СУ9,САНКТ-ПЕТЕРБУРГ(ПУЛКОВО),8,Y(А04),09:09,61,2026-09-04 09:18:00,2026-09-04 09:18:00,,2026-09-04 09:20:00,2026-09-04 09:22:00,2026-09-04 09:20:00,2026-09-04 09:22:00,2026-09-04 09:22:00,,2.0,2026-09-04 09:24:00,2026-09-04 09:25:00,,0.0,2026-09-04 09:21:00,2026-09-04 09:24:00,,,,,Баташан В. Ю.,Россия,Выдача до 30 минут
2026-09-04,ЯМ 597 ,73Х,МИРНЫЙ,5,Y(А06),09:14,1830,2026-09-04 09:21:00,2026-09-04 09:21:00,,2026-09-04 09:25:00,2026-09-04 09:44:00,2026-09-04 09:25:00,2026-09-04 09:44:00,2026-09-04 09:37:00,7.0,7.0,2026-09-04 09:37:00,2026-09-04 09:53:00,,2.0,2026-09-04 09:32:00,2026-09-04 09:43:00,2026-09-04 09:49:00,2026-09-04 09:53:00,,,Пельгуев Д.,Алроса,Выдача от 30 до 40 минут
2026-09-04,ВГ 2390 ,ЯК4,ВОЛОГДА,45,0,09:21,0,2026-09-04 09:24:00,2026-09-04 09:25:00,,2026-09-04 09:28:00,2026-09-04 09:29:00,2026-09-04 09:28:00,2026-09-04 09:29:00,,,1.0,,-1,,0.0,,,,,,,Королев А. А.,Вологодское АП,Не определено
2026-09-04,DV 801 ,7М8,ШЫМКЕНТ(ШЫМКЕНТ ИНТЛ.),19,Y(А13),10:11,1372,2026-09-04 10:17:00,2026-09-04 10:25:00,5.0,2026-09-04 10:21:00,2026-09-04 10:31:00,2026-09-04 10:21:00,2026-09-04 10:31:00,2026-09-04 10:30:00,1.0,1.0,2026-09-04 10:30:00,2026-09-04 10:38:00,,0.0,2026-09-04 10:25:00,2026-09-04 10:30:00,2026-09-04 10:34:00,2026-09-04 10:39:00,,,Фаёзов А. Р.,SCAT Airlines,Выдача до 30 минут
2026-09-04,ФВ 6005 ,СУ9,САНКТ-ПЕТЕРБУРГ(ПУЛКОВО),9,Y(А04),10:14,87,2026-09-04 10:23:00,2026-09-04 10:23:00,,2026-09-04 10:25:00,2026-09-04 10:26:00,2026-09-04 10:25:00,2026-09-04 10:26:00,2026-09-04 10:28:00,,,2026-09-04 10:29:00,2026-09-04 10:30:00,,0.0,2026-09-04 10:27:00,2026-09-04 10:28:00,,,,,Пельгуев Д.,Россия,Выдача до 30 минут
2026-09-04,КГ 503 ,320,БИШКЕК(МАНАС ИНТЛ),26,Y(А13),10:44,2884,2026-09-04 10:52:00,2026-09-04 10:53:00,,2026-09-04 10:57:00,2026-09-04 11:10:00,2026-09-04 10:57:00,2026-09-04 11:10:00,2026-09-04 11:15:00,,,2026-09-04 11:06:00,2026-09-04 11:19:00,,0.0,2026-09-04 11:02:00,2026-09-04 11:05:00,2026-09-04 11:14:00,2026-09-04 11:17:00,,,"Ушаков Г. А., Фозылов Б. З.",Aero Nomad,Выдача до 30 минут
2026-09-04,ЮБГ 809 ,735,ЕРЕВАН(ЗВАРТНОЦ ИНТЛ),25,Y(А13),10:48,1545,2026-09-04 10:55:00,2026-09-04 10:58:00,,2026-09-04 11:00:00,2026-09-04 11:15:00,2026-09-04 11:00:00,2026-09-04 11:15:00,2026-09-04 11:09:00,6.0,5.0,2026-09-04 11:14:00,2026-09-04 11:21:00,,0.0,2026-09-04 11:11:00,2026-09-04 11:15:00,2026-09-04 11:22:00,2026-09-04 11:25:00,,,Чеканов В. А.,Shirak Avia,Выдача до 30 минут
2026-09-04,PC 1456 ,32Щ,БОДРУМ(МИЛАС),25,Y(А09),04:47,2083,2026-09-04 04:58:00,2026-09-04 04:59:00,,2026-09-04 05:01:00,2026-09-04 05:16:00,2026-09-04 05:01:00,2026-09-04 05:16:00,2026-09-04 05:16:00,,1.0,2026-09-04 05:27:00,2026-09-04 05:29:00,9.0,1.0,2026-09-04 05:08:00,2026-09-04 05:12:00,2026-09-04 05:18:00,2026-09-04 05:22:00,,,Вазиров Т. В.,Pegasus,Выдача от 30 до 40 минут
2026-09-04,ДР 414 ,7С8,ЧЕЛЯБИНСК(БАЛАНДИНО),50,Y(А05),08:02,342,2026-09-04 08:07:00,2026-09-04 08:11:00,1.0,2026-09-04 08:11:00,2026-09-04 08:16:00,2026-09-04 08:11:00,2026-09-04 08:16:00,2026-09-04 08:13:00,3.0,3.0,2026-09-04 08:16:00,2026-09-04 08:32:00,,0.0,2026-09-04 08:18:00,2026-09-04 08:25:00,,,,,Тано Б. А.,Победа,Выдача до 30 минут
2026-09-04,ДР 744 ,73Х,ОШ,48,Y(А13),09:02,1060,2026-09-04 09:12:00,2026-09-04 09:13:00,,2026-09-04 09:14:00,2026-09-04 09:20:00,2026-09-04 09:14:00,2026-09-04 09:20:00,2026-09-04 09:23:00,,,2026-09-04 09:27:00,2026-09-04 09:29:00,,0.0,2026-09-04 09:21:00,2026-09-04 09:28:00,,,,,Соболь М. Ф.,Победа,Выдача до 30 минут
2026-09-04,TK 3122 ,32Б,БОДРУМ(МИЛАС),20,Y(А13),03:05,1466,2026-09-04 03:18:00,2026-09-04 03:19:00,,2026-09-04 03:21:00,2026-09-04 03:32:00,2026-09-04 03:21:00,2026-09-04 03:32:00,2026-09-04 03:32:00,,1.0,2026-09-04 03:41:00,2026-09-04 03:46:00,3.0,0.0,2026-09-04 03:30:00,2026-09-04 03:41:00,,,,,Лаптев В. В.,Turkish Airlines,Выдача до 30 минут
2026-09-04,ЮТ 576 ,734,КРАСНОДАР(ПАШКОВСКИЙ),15,Y(А05),20:26,1125,2026-09-04 20:34:00,2026-09-04 20:36:00,,2026-09-04 20:43:00,2026-09-04 20:52:00,2026-09-04 20:43:00,2026-09-04 20:52:00,2026-09-04 20:46:00,6.0,1.0,2026-09-04 20:58:00,2026-09-04 21:23:00,4.0,19.0,2026-09-04 20:54:00,2026-09-04 20:59:00,,,,,Демчук Д. П.,Ютэйр,Выдача более 40 минут
2026-09-04,ДР 158 ,7С8,КРАСНОДАР(ПАШКОВСКИЙ),49,Y(А08),20:34,499,2026-09-04 20:42:00,2026-09-04 20:43:00,,2026-09-04 20:45:00,2026-09-04 20:51:00,2026-09-04 20:45:00,2026-09-04 20:51:00,2026-09-04 20:49:00,2.0,3.0,2026-09-04 21:01:00,2026-09-04 21:02:00,,0.0,2026-09-04 20:55:00,2026-09-04 21:02:00,,,,,Сыргаков Б. А.,Победа,Выдача до 30 минут
2026-09-04,ЮТ 802 ,762,ДУШАНБЕ(ДУШАНБЕ ИНТЛ.),21,Y(А09),19:04,2937,2026-09-04 19:11:00,2026-09-04 19:16:00,2.0,2026-09-04 19:22:00,2026-09-04 19:32:00,2026-09-04 19:22:00,2026-09-04 19:32:00,2026-09-04 19:35:00,,,2026-09-04 19:35:00,2026-09-04 19:43:00,4.0,2.0,2026-09-04 19:22:00,2026-09-04 19:46:00,2026-09-04 19:21:00,2026-09-04 19:29:00,,,Федоров Н. В.,Ютэйр,Выдача от 30 до 40 минут
2026-09-04,ЖГ 936 ,73Х,ТБИЛИСИ(ТБИЛИСИ ИНТЛ.),30,Y(А12),12:07,1254,2026-09-04 12:12:00,2026-09-04 12:14:00,,2026-09-04 12:15:00,2026-09-04 12:21:00,2026-09-04 12:15:00,2026-09-04 12:21:00,2026-09-04 12:24:00,,,2026-09-04 12:25:00,2026-09-04 12:32:00,,0.0,2026-09-04 12:21:00,2026-09-04 12:22:00,2026-09-04 12:26:00,2026-09-04 12:29:00,,,"Соболь М. Ф., Тано Б. А.",GEORGIAN AIRWAYS,Выдача до 30 минут
2026-09-04,ДР 714 ,73Х,САМАРКАНД(САМАРКАНД ИНТЛ.),49,Y(А11),12:20,400,2026-09-04 12:26:00,2026-09-04 12:26:00,,2026-09-04 12:29:00,2026-09-04 12:32:00,2026-09-04 12:29:00,2026-09-04 12:32:00,2026-09-04 12:33:00,,,2026-09-04 12:39:00,2026-09-04 12:40:00,,0.0,2026-09-04 12:35:00,2026-09-04 12:39:00,,,,,Чеканов В. А.,Победа,Выдача до 30 минут
2026-09-04,TK 3070 ,321,АНТАЛЬЯ,23,Y(А10),12:24,1745,2026-09-04 12:31:00,2026-09-04 12:35:00,1.0,2026-09-04 12:35:00,2026-09-04 12:40:00,2026-09-04 12:35:00,2026-09-04 12:40:00,2026-09-04 12:47:00,,,2026-09-04 12:49:00,2026-09-04 12:54:00,,0.0,2026-09-04 12:21:00,2026-09-04 12:48:00,,,,,Шамсов Б. С.,Turkish Airlines,Выдача до 30 минут
2026-09-04,ЮБГ 509 ,738,ЕРЕВАН(ЗВАРТНОЦ ИНТЛ),27,Y(А13),12:39,3600,2026-09-04 12:46:00,2026-09-04 12:47:00,,2026-09-04 12:49:00,2026-09-04 13:07:00,2026-09-04 12:49:00,2026-09-04 13:07:00,2026-09-04 13:14:00,,,2026-09-04 12:58:00,2026-09-04 13:11:00,,0.0,2026-09-04 12:55:00,2026-09-04 12:58:00,,,2026-09-04 13:08:00,2026-09-04 13:11:00,"Минченко А. И., Фозылов Б. З.",Shirak Avia,Выдача до 30 минут
2026-09-04,3F 321 ,320,ЕРЕВАН(ЗВАРТНОЦ ИНТЛ),25,Y(А13),12:44,1850,2026-09-04 12:51:00,2026-09-04 12:51:00,,2026-09-04 12:54:00,2026-09-04 13:06:00,2026-09-04 12:54:00,2026-09-04 13:06:00,2026-09-04 13:07:00,,,2026-09-04 13:05:00,2026-09-04 13:14:00,,0.0,2026-09-04 13:01:00,2026-09-04 13:04:00,2026-09-04 13:10:00,2026-09-04 13:13:00,,,"Пельгуев Д., Скулов Е. С.",FLYONE Armenia,Выдача до 30 минут
2026-09-04,TK 1231 ,321,АНТАЛЬЯ,20,Y(А09),12:49,1077,2026-09-04 12:55:00,2026-09-04 12:57:00,,2026-09-04 13:03:00,2026-09-04 13:10:00,2026-09-04 13:03:00,2026-09-04 13:10:00,2026-09-04 13:06:00,4.0,,2026-09-04 13:16:00,2026-09-04 13:17:00,1.0,0.0,2026-09-04 12:45:00,2026-09-04 13:16:00,,,,,Ушаков М. В.,Turkish Airlines,Выдача до 30 минут
2026-09-04,ЯМ 543 ,73Х,НОВОСИБИРСК(ТОЛМАЧЕВО),3,Y(А06),13:20,1141,2026-09-04 13:27:00,2026-09-04 13:27:00,,2026-09-04 13:31:00,2026-09-04 13:47:00,2026-09-04 13:31:00,2026-09-04 13:47:00,2026-09-04 13:39:00,8.0,8.0,2026-09-04 13:52:00,2026-09-04 13:55:00,,0.0,2026-09-04 13:38:00,2026-09-04 13:57:00,,,,,Хушвактов П. З.,Алроса,Выдача до 30 минут
2026-09-04,TK 417 ,32Б,СТАМБУЛ(СТАМБУЛ НЬЮ),22,Y(А09),13:30,3072,2026-09-04 13:40:00,2026-09-04 13:43:00,,2026-09-04 13:44:00,2026-09-04 14:01:00,2026-09-04 13:44:00,2026-09-04 14:01:00,2026-09-04 14:04:00,,,2026-09-04 13:52:00,2026-09-04 14:07:00,,0.0,2026-09-04 13:42:00,2026-09-04 14:10:00,2026-09-04 13:37:00,2026-09-04 13:54:00,,,Михайлов М. С.,Turkish Airlines,Выдача до 30 минут
2026-09-04,ФВ 6025 ,СУ9,САНКТ-ПЕТЕРБУРГ(ПУЛКОВО),10,Y(А04),13:36,169,2026-09-04 13:46:00,2026-09-04 13:47:00,,2026-09-04 13:50:00,2026-09-04 13:52:00,2026-09-04 13:50:00,2026-09-04 13:52:00,2026-09-04 13:51:00,1.0,1.0,2026-09-04 13:55:00,2026-09-04 13:57:00,,0.0,2026-09-04 13:50:00,2026-09-04 13:58:00,,,,,Тано Б. А.,Россия,Выдача до 30 минут
2026-09-04,ДР 734 ,73Х,ТЕРМЕЗ,49,Y(А12),13:48,490,2026-09-04 13:54:00,2026-09-04 13:54:00,,2026-09-04 13:55:00,2026-09-04 13:59:00,2026-09-04 13:55:00,2026-09-04 13:59:00,2026-09-04 14:01:00,,1.0,2026-09-04 14:06:00,2026-09-04 14:08:00,,0.0,2026-09-04 13:59:00,2026-09-04 14:05:00,,,,,Ушаков П. А.,Победа,Выдача до 30 минут
2026-09-04,TK 3164 ,321,БОДРУМ(МИЛАС),21,Y(А11),13:56,1095,2026-09-04 14:03:00,2026-09-04 14:03:00,,2026-09-04 14:06:00,2026-09-04 14:16:00,2026-09-04 14:06:00,2026-09-04 14:16:00,2026-09-04 14:14:00,2.0,3.0,2026-09-04 14:17:00,2026-09-04 14:28:00,,0.0,2026-09-04 14:02:00,2026-09-04 14:27:00,,,,,Соболь М. Ф.,Turkish Airlines,Выдача до 30 минут
2026-09-04,ХИ 9623 ,320,КАРШИ(КАРШИ МЕЖДУНАРОДНЫЙ),29,Y(А12),14:21,1116,2026-09-04 14:30:00,2026-09-04 14:33:00,,2026-09-04 14:40:00,2026-09-04 14:42:00,2026-09-04 14:40:00,2026-09-04 14:42:00,2026-09-04 14:41:00,1.0,,2026-09-04 14:45:00,2026-09-04 14:47:00,,0.0,2026-09-04 14:42:00,2026-09-04 14:47:00,,,,,Федоров Н. В.,UZBEKISTAN AIRWAYS,Выдача до 30 минут
2026-09-04,ЮТ 334 ,73Е,НАРЬЯН-МАР,15,Y(А05),14:21,491,2026-09-04 14:25:00,2026-09-04 14:27:00,,2026-09-04 14:30:00,2026-09-04 14:35:00,2026-09-04 14:30:00,2026-09-04 14:35:00,2026-09-04 14:32:00,3.0,2.0,2026-09-04 14:43:00,2026-09-04 14:45:00,,0.0,2026-09-04 14:37:00,2026-09-04 14:43:00,,,,,Шамсов Б. С.,Ютэйр,Выдача до 30 минут
2026-09-04,TK 3008 ,32Б,АНТАЛЬЯ,23,Y(А09),14:23,1983,2026-09-04 14:29:00,2026-09-04 14:31:00,,2026-09-04 14:34:00,2026-09-04 14:44:00,2026-09-04 14:34:00,2026-09-04 14:44:00,2026-09-04 14:46:00,,,2026-09-04 14:43:00,2026-09-04 14:52:00,,0.0,2026-09-04 14:28:00,2026-09-04 14:54:00,,,,,Скулов Е. С.,Turkish Airlines,Выдача до 30 минут
2026-09-04,ФВ 6027 ,СУ9,САНКТ-ПЕТЕРБУРГ(ПУЛКОВО),9,Y(А04),14:29,115,2026-09-04 14:39:00,2026-09-04 14:40:00,,2026-09-04 14:41:00,2026-09-04 14:44:00,2026-09-04 14:41:00,2026-09-04 14:44:00,2026-09-04 14:44:00,,2.0,2026-09-04 14:47:00,2026-09-04 14:48:00,,0.0,2026-09-04 14:46:00,2026-09-04 14:47:00,,,,,Пельгуев Д.,Россия,Выдача до 30 минут
2026-09-04,PC 388 ,32Щ,СТАМБУЛ(САБИХА ГОКЦЕН),19,Y(А10),14:34,3017,2026-09-04 14:41:00,2026-09-04 14:46:00,2.0,2026-09-04 14:42:00,2026-09-04 14:59:00,2026-09-04 14:43:00,2026-09-04 14:59:00,2026-09-04 15:05:00,,,2026-09-04 14:55:00,2026-09-04 15:04:00,,0.0,2026-09-04 14:50:00,2026-09-04 14:55:00,2026-09-04 15:03:00,2026-09-04 15:18:00,,,"Тано Б. А., Фаёзов А. Р.",Pegasus,Выдача до 30 минут
2026-09-04,FZ 989 ,7М8,ДУБАЙ(ДУБАЙ ИНТЛ.),26A,Y(А11),14:35,1142,2026-09-04 14:43:00,2026-09-04 14:46:00,,2026-09-04 14:47:00,2026-09-04 14:55:00,2026-09-04 14:47:00,2026-09-04 14:55:00,2026-09-04 14:55:00,,,2026-09-04 15:00:00,2026-09-04 15:02:00,,0.0,2026-09-04 14:56:00,2026-09-04 15:00:00,,,,,"Каламбеков У. О., Чеканов В. А.",flydubai,Выдача до 30 минут
2026-09-04,ГЗП 262 ,СУ9,ЯМБУРГ,Б36,Y(А07),14:42,597,2026-09-04 14:48:00,2026-09-04 14:50:00,,2026-09-04 14:51:00,2026-09-04 14:57:00,2026-09-04 14:51:00,2026-09-04 14:57:00,2026-09-04 14:56:00,1.0,2.0,2026-09-04 15:13:00,2026-09-04 15:14:00,,0.0,2026-09-04 14:56:00,2026-09-04 15:13:00,,,,,Хушвактов П. З.,Газпром авиа,Выдача до 30 минут
2026-09-04,НВЦ 9152 ,32Щ,САБЕТТА,14,Y(А06),14:49,2164,2026-09-04 14:59:00,2026-09-04 15:02:00,,2026-09-04 15:06:00,2026-09-04 15:26:00,2026-09-04 15:06:00,2026-09-04 15:26:00,2026-09-04 15:17:00,9.0,6.0,2026-09-04 15:17:00,2026-09-04 15:37:00,,8.0,2026-09-04 15:13:00,2026-09-04 15:16:00,2026-09-04 15:29:00,2026-09-04 15:32:00,,,Пельгуев Д.,Северо-Запад,Выдача от 30 до 40 минут
2026-09-04,ЮТ 364 ,73Х,УФА,24,Y(А05),14:57,725,2026-09-04 15:05:00,2026-09-04 15:06:00,,2026-09-04 15:21:00,2026-09-04 15:27:00,2026-09-04 15:21:00,2026-09-04 15:27:00,2026-09-04 15:14:00,13.0,1.0,2026-09-04 15:32:00,2026-09-04 15:33:00,,0.0,2026-09-04 15:32:00,2026-09-04 15:33:00,,,,,Соболь М. Ф.,Ютэйр,Выдача до 30 минут
2026-09-04,ФВ 6009 ,СУ9,САНКТ-ПЕТЕРБУРГ(ПУЛКОВО),8,Y(А04),12:26,181,2026-09-04 12:35:00,2026-09-04 12:37:00,,2026-09-04 12:38:00,2026-09-04 12:42:00,2026-09-04 12:38:00,2026-09-04 12:42:00,2026-09-04 12:40:00,2.0,3.0,2026-09-04 12:45:00,2026-09-04 12:46:00,,0.0,2026-09-04 12:43:00,2026-09-04 12:45:00,,,,,Фаёзов А. Р.,Россия,Выдача до 30 минут
2026-09-04,ЯК 480 ,73Х,МИНЕРАЛЬНЫЕ ВОДЫ,14,Y(А07),17:45,1398,2026-09-04 17:51:00,2026-09-04 17:57:00,3.0,2026-09-04 17:54:00,2026-09-04 17:58:00,2026-09-04 17:54:00,2026-09-04 17:58:00,2026-09-04 17:58:00,,1.0,2026-09-04 18:04:00,2026-09-04 18:05:00,,0.0,2026-09-04 17:59:00,2026-09-04 18:02:00,,,,,Гафуров О. Ф.,Якутия,Выдача до 30 минут
2026-09-04,ФВ 6007 ,СУ9,САНКТ-ПЕТЕРБУРГ(ПУЛКОВО),10,Y(А04),11:12,53,2026-09-04 11:19:00,2026-09-04 11:23:00,1.0,2026-09-04 11:24:00,2026-09-04 11:27:00,2026-09-04 11:24:00,2026-09-04 11:27:00,2026-09-04 11:23:00,4.0,3.0,2026-09-04 11:29:00,2026-09-04 11:30:00,,0.0,2026-09-04 11:27:00,2026-09-04 11:29:00,,,,,Хушвактов П. З.,Россия,Выдача до 30 минут
2026-09-04,ФВ 6175 ,СУ9,САНКТ-ПЕТЕРБУРГ(ПУЛКОВО),8,Y(А04),17:20,101,2026-09-04 17:28:00,2026-09-04 17:30:00,,2026-09-04 17:32:00,2026-09-04 17:34:00,2026-09-04 17:32:00,2026-09-04 17:34:00,2026-09-04 17:33:00,1.0,1.0,2026-09-04 17:38:00,2026-09-04 17:39:00,,0.0,2026-09-04 17:35:00,2026-09-04 17:38:00,,,,,Фозылов Б. З.,Россия,Выдача до 30 минут
2026-09-04,В2 979 ,7С8,МИНСК(МИНСК ИНТЛ.),29,Y(А13),16:32,594,2026-09-04 16:39:00,2026-09-04 16:41:00,,2026-09-04 16:42:00,2026-09-04 16:46:00,2026-09-04 16:42:00,2026-09-04 16:46:00,2026-09-04 16:47:00,,,2026-09-04 16:49:00,2026-09-04 16:50:00,,0.0,2026-09-04 16:47:00,2026-09-04 16:49:00,,,,,Фаёзов А. Р.,Белавиа,Выдача до 30 минут
2026-09-04,А4 7010 ,СУ9,ТБИЛИСИ(ТБИЛИСИ ИНТЛ.),25,Y(А11),16:36,1359,2026-09-04 16:45:00,2026-09-04 16:49:00,1.0,2026-09-04 16:49:00,2026-09-04 17:00:00,2026-09-04 16:49:00,2026-09-04 17:00:00,2026-09-04 16:58:00,2.0,2.0,2026-09-04 17:01:00,2026-09-04 17:06:00,,0.0,2026-09-04 16:56:00,2026-09-04 17:01:00,2026-09-04 17:03:00,2026-09-04 17:06:00,,,Каламбеков У. О.,Азимут,Выдача до 30 минут
2026-09-04,ДР 466 ,73Х,УЛЬЯНОВСК(БАРАТАЕВКА),50,Y(А05),16:39,421,2026-09-04 16:46:00,2026-09-04 16:47:00,,2026-09-04 16:49:00,2026-09-04 16:51:00,2026-09-04 16:49:00,2026-09-04 16:51:00,2026-09-04 16:53:00,,,2026-09-04 17:01:00,2026-09-04 17:02:00,,0.0,2026-09-04 16:53:00,2026-09-04 17:00:00,,,,,Чеканов В. А.,Победа,Выдача до 30 минут
2026-09-04,PBD 980 ,73Х,АНТАЛЬЯ,48,Y(А12),17:00,1245,2026-09-04 17:06:00,2026-09-04 17:08:00,,2026-09-04 17:08:00,2026-09-04 17:18:00,2026-09-04 17:08:00,2026-09-04 17:18:00,2026-09-04 17:18:00,,2.0,2026-09-04 17:23:00,2026-09-04 17:39:00,,3.0,2026-09-04 17:19:00,2026-09-04 17:24:00,2026-09-04 17:33:00,2026-09-04 17:40:00,,,"Михайлов М. С., Шамсов Б. С.",Победа,Выдача от 30 до 40 минут
2026-09-04,ФВ 6037 ,СУ9,САНКТ-ПЕТЕРБУРГ(ПУЛКОВО),9,Y(А04),16:21,182,2026-09-04 16:30:00,2026-09-04 16:31:00,,2026-09-04 16:34:00,2026-09-04 16:36:00,2026-09-04 16:34:00,2026-09-04 16:36:00,2026-09-04 16:35:00,1.0,1.0,2026-09-04 16:39:00,2026-09-04 16:40:00,,0.0,2026-09-04 16:37:00,2026-09-04 16:38:00,,,,,Минченко А. И.,Россия,Выдача до 30 минут
2026-09-04,ЮТ 560 ,734,МАХАЧКАЛА,16,Y(А06),16:27,766,2026-09-04 16:34:00,2026-09-04 16:34:00,,2026-09-04 16:35:00,2026-09-04 16:45:00,2026-09-04 16:35:00,2026-09-04 16:45:00,2026-09-04 16:43:00,2.0,5.0,2026-09-04 16:51:00,2026-09-04 16:54:00,,0.0,2026-09-04 16:46:00,2026-09-04 16:50:00,,,,,Хушвактов П. З.,Ютэйр,Выдача до 30 минут
2026-09-04,ЮТ 596 ,735,УСИНСК,17,Y(А05),17:23,574,2026-09-04 17:29:00,2026-09-04 17:30:00,,2026-09-04 17:35:00,2026-09-04 17:48:00,2026-09-04 17:35:00,2026-09-04 17:48:00,2026-09-04 17:37:00,11.0,9.0,2026-09-04 17:55:00,2026-09-04 17:56:00,6.0,0.0,2026-09-04 17:52:00,2026-09-04 17:56:00,,,,,Хушвактов П. З.,Ютэйр,Выдача до 30 минут
2026-09-04,AZO 7054 ,СУ9,БАТУМИ,28,Y(А11),18:29,1070,2026-09-04 18:39:00,2026-09-04 18:41:00,,2026-09-04 18:46:00,2026-09-04 18:53:00,2026-09-04 18:46:00,2026-09-04 18:53:00,2026-09-04 18:50:00,3.0,,2026-09-04 18:58:00,2026-09-04 18:59:00,,0.0,2026-09-04 18:54:00,2026-09-04 18:58:00,,,,,Ушаков М. В.,GEORGIAN AIRWAYS,Выдача до 30 минут
2026-09-04,КГ 555 ,320,ОШ,23,Y(А13),18:00,2756,2026-09-04 18:13:00,2026-09-04 18:15:00,,2026-09-04 18:17:00,2026-09-04 18:29:00,2026-09-04 18:18:00,2026-09-04 18:29:00,2026-09-04 18:35:00,,,2026-09-04 18:29:00,2026-09-04 18:42:00,,0.0,2026-09-04 18:24:00,2026-09-04 18:29:00,2026-09-04 18:37:00,2026-09-04 18:42:00,,,"Тано Б. А., Федоров Н. В.",Aero Nomad,Выдача до 30 минут
2026-09-04,3F 325 ,320,ЕРЕВАН(ЗВАРТНОЦ ИНТЛ),20,Y(А13),18:05,1899,2026-09-04 18:19:00,2026-09-04 18:21:00,,2026-09-04 18:28:00,2026-09-04 18:36:00,2026-09-04 18:29:00,2026-09-04 18:36:00,2026-09-04 18:36:00,,,2026-09-04 18:37:00,2026-09-04 18:47:00,,0.0,2026-09-04 18:32:00,2026-09-04 18:37:00,2026-09-04 18:42:00,2026-09-04 18:46:00,,,"Андреев А. М., Минченко А. И.",FLYONE Armenia,Выдача до 30 минут
2026-09-04,ЮТ 374 ,73Х,МИНЕРАЛЬНЫЕ ВОДЫ,12,Y(А06),18:10,1171,2026-09-04 18:20:00,2026-09-04 18:23:00,,2026-09-04 18:24:00,2026-09-04 18:36:00,2026-09-04 18:24:00,2026-09-04 18:36:00,2026-09-04 18:32:00,4.0,4.0,2026-09-04 18:42:00,2026-09-04 18:45:00,2.0,0.0,2026-09-04 18:38:00,2026-09-04 18:41:00,,,,,Каламбеков У. О.,Ютэйр,Выдача до 30 минут
2026-09-04,AZV 3014 ,763,АНТАЛЬЯ,64,Y(А09),18:16,1220,2026-09-04 18:27:00,2026-09-04 18:30:00,,2026-09-04 18:35:00,2026-09-04 18:47:00,2026-09-04 18:35:00,2026-09-04 18:47:00,2026-09-04 18:39:00,8.0,4.0,2026-09-04 18:44:00,2026-09-04 18:56:00,,0.0,2026-09-04 18:35:00,2026-09-04 18:57:00,,,,,Соболь М. Ф.,АЗУР эйр,Выдача до 30 минут
2026-09-04,ЮТ 456 ,735,НОЯБРЬСК,10,Y(А05),18:25,375,2026-09-04 18:32:00,2026-09-04 18:33:00,,2026-09-04 18:36:00,2026-09-04 18:40:00,2026-09-04 18:36:00,2026-09-04 18:40:00,2026-09-04 18:39:00,1.0,1.0,2026-09-04 18:47:00,2026-09-04 18:48:00,,0.0,2026-09-04 18:42:00,2026-09-04 18:46:00,,,,,Михайлов М. С.,Ютэйр,Выдача до 30 минут
2026-09-04,PBD 840 ,73Х,АНТАЛЬЯ,49,Y(А12),18:38,1347,2026-09-04 18:45:00,2026-09-04 18:48:00,,2026-09-04 18:48:00,2026-09-04 19:00:00,2026-09-04 18:48:00,2026-09-04 19:00:00,2026-09-04 18:58:00,2.0,3.0,2026-09-04 19:03:00,2026-09-04 19:04:00,,0.0,2026-09-04 18:57:00,2026-09-04 19:04:00,2026-09-04 19:14:00,2026-09-04 19:16:00,,,Шамсов Б. С.,Победа,Выдача до 30 минут
2026-09-04,TK 415 ,32Б,СТАМБУЛ(СТАМБУЛ НЬЮ),22,Y(А10),18:46,2960,2026-09-04 18:52:00,2026-09-04 18:54:00,,2026-09-04 18:58:00,2026-09-04 19:13:00,2026-09-04 18:58:00,2026-09-04 19:13:00,2026-09-04 19:16:00,,,2026-09-04 19:11:00,2026-09-04 19:20:00,,0.0,2026-09-04 18:54:00,2026-09-04 19:21:00,2026-09-04 18:47:00,2026-09-04 19:12:00,,,Скулов Е. С.,Turkish Airlines,Выдача до 30 минут
2026-09-04,ЖГ 926 ,73Х,ТБИЛИСИ(ТБИЛИСИ ИНТЛ.),30,Y(А10),15:56,1221,2026-09-04 16:03:00,2026-09-04 16:03:00,,2026-09-04 16:04:00,2026-09-04 16:16:00,2026-09-04 16:04:00,2026-09-04 16:16:00,2026-09-04 16:15:00,1.0,4.0,2026-09-04 16:16:00,2026-09-04 16:18:00,,0.0,2026-09-04 16:13:00,2026-09-04 16:16:00,,,,,"Ушаков М. В., Фозылов Б. З.",GEORGIAN AIRWAYS,Выдача до 30 минут
2026-09-04,ЮТ 464 ,73Х,ТЮМЕНЬ(РОЩИНО),13,Y(А06),18:54,673,2026-09-04 19:05:00,2026-09-04 19:07:00,,2026-09-04 19:07:00,2026-09-04 19:11:00,2026-09-04 19:07:00,2026-09-04 19:11:00,2026-09-04 19:13:00,,,2026-09-04 19:17:00,2026-09-04 19:18:00,,0.0,2026-09-04 19:13:00,2026-09-04 19:17:00,,,,,Пельгуев Д.,Ютэйр,Выдача до 30 минут
2026-09-04,ФВ 6031 ,СУ9,САНКТ-ПЕТЕРБУРГ(ПУЛКОВО),8,Y(А04),15:12,356,2026-09-04 15:22:00,2026-09-04 15:22:00,,2026-09-04 15:25:00,2026-09-04 15:30:00,2026-09-04 15:25:00,2026-09-04 15:30:00,2026-09-04 15:28:00,2.0,3.0,2026-09-04 15:34:00,2026-09-04 15:35:00,,0.0,2026-09-04 15:31:00,2026-09-04 15:34:00,,,,,Михайлов М. С.,Россия,Выдача до 30 минут
2026-09-04,ФВ 6179 ,СУ9,САНКТ-ПЕТЕРБУРГ(ПУЛКОВО),8,Y(А04),19:07,211,2026-09-04 19:15:00,2026-09-04 19:18:00,,2026-09-04 19:19:00,2026-09-04 19:21:00,2026-09-04 19:19:00,2026-09-04 19:21:00,2026-09-04 19:20:00,1.0,1.0,2026-09-04 19:25:00,2026-09-04 19:26:00,,0.0,2026-09-04 19:23:00,2026-09-04 19:25:00,,,,,Юрков С.,Россия,Выдача до 30 минут
2026-09-04,ДР 856 ,73Х,ГЮМРИ(ШИРАК),49,Y(А13),16:56,1498,2026-09-04 17:01:00,2026-09-04 17:02:00,,2026-09-04 17:05:00,2026-09-04 17:15:00,2026-09-04 17:05:00,2026-09-04 17:15:00,2026-09-04 17:15:00,,,2026-09-04 17:19:00,2026-09-04 17:35:00,,4.0,2026-09-04 17:12:00,2026-09-04 17:17:00,2026-09-04 17:26:00,2026-09-04 17:31:00,,,Федоров Н. В.,Победа,Выдача от 30 до 40 минут
2026-09-04,ЮТ 400 ,73Х,ГРОЗНЫЙ(СЕВЕРНЫЙ),24,Y(А07),19:18,591,2026-09-04 19:26:00,2026-09-04 19:26:00,,2026-09-04 19:35:00,2026-09-04 19:37:00,2026-09-04 19:35:00,2026-09-04 19:37:00,2026-09-04 19:34:00,3.0,,2026-09-04 19:44:00,2026-09-04 19:47:00,,0.0,2026-09-04 19:39:00,2026-09-04 19:44:00,,,,,Барабанов А. М.,Ютэйр,Выдача до 30 минут
2026-09-04,ФВ 6177 ,СУ9,САНКТ-ПЕТЕРБУРГ(ПУЛКОВО),9,Y(А04),19:20,124,2026-09-04 19:28:00,2026-09-04 19:31:00,,2026-09-04 19:33:00,2026-09-04 19:35:00,2026-09-04 19:33:00,2026-09-04 19:35:00,2026-09-04 19:33:00,2.0,1.0,2026-09-04 19:37:00,2026-09-04 19:38:00,,0.0,2026-09-04 19:35:00,2026-09-04 19:37:00,,,,,Демчук Д. П.,Россия,Выдача до 30 минут
2026-09-04,ЯК 688 ,7С8,НОВОСИБИРСК(ТОЛМАЧЕВО),60,Y(А05),19:29,723,2026-09-04 19:44:00,2026-09-04 19:49:00,2.0,2026-09-04 19:47:00,2026-09-04 19:53:00,2026-09-04 19:47:00,2026-09-04 19:53:00,2026-09-04 19:53:00,,1.0,2026-09-04 20:02:00,2026-09-04 20:03:00,,0.0,2026-09-04 19:56:00,2026-09-04 20:03:00,,,,,Рябчевский В. О.,Якутия,Выдача до 30 минут
2026-09-04,ХИ 9627 ,32Н,ФЕРГАНА(ФЕРГАНА ИНТЛ.),25,Y(А10),19:33,1989,2026-09-04 19:41:00,2026-09-04 19:45:00,1.0,2026-09-04 19:45:00,2026-09-04 20:04:00,2026-09-04 19:45:00,2026-09-04 20:04:00,2026-09-04 19:58:00,6.0,6.0,2026-09-04 19:58:00,2026-09-04 20:09:00,,0.0,2026-09-04 19:51:00,2026-09-04 19:56:00,2026-09-04 20:03:00,2026-09-04 20:06:00,,,Хушвактов П. З.,UZBEKISTAN AIRWAYS,Выдача до 30 минут
2026-09-04,УР 514 ,75В,БОДРУМ(МИЛАС),18,Y(А12),19:38,891,2026-09-04 19:47:00,2026-09-04 19:49:00,,2026-09-04 19:52:00,2026-09-04 20:00:00,2026-09-04 19:52:00,2026-09-04 20:00:00,2026-09-04 19:57:00,3.0,2.0,2026-09-04 20:04:00,2026-09-04 20:05:00,,0.0,2026-09-04 19:59:00,2026-09-04 20:04:00,,,,,Сыргаков Б. А.,FLYONE Armenia,Выдача до 30 минут
2026-09-04,ЮТ 296 ,73Х,СУРГУТ,11,Y(А07),19:56,0,2026-09-04 20:10:00,2026-09-04 20:11:00,,2026-09-04 20:13:00,2026-09-04 20:29:00,2026-09-04 20:13:00,2026-09-04 20:29:00,,,16.0,2026-09-04 20:24:00,2026-09-04 20:26:00,,0.0,2026-09-04 20:22:00,2026-09-04 20:31:00,,,,,"Каламбеков У. О., Музафаров А. С.",Ютэйр,Выдача до 30 минут
2026-09-04,ВГ 2392 ,ЯК4,ВОЛОГДА,45,0,20:19,0,2026-09-04 20:24:00,2026-09-04 20:25:00,,2026-09-04 20:29:00,2026-09-04 20:33:00,2026-09-04 20:29:00,2026-09-04 20:33:00,,,,,-1,,0.0,,,,,,,Дубинский В. Д.,Вологодское АП,Не определено
2026-09-04,ХИ 9619 ,32Н,НАМАНГАН,27,Y(А12),20:23,1700,2026-09-04 20:36:00,2026-09-04 20:40:00,1.0,2026-09-04 20:39:00,2026-09-04 20:52:00,2026-09-04 20:39:00,2026-09-04 20:52:00,2026-09-04 20:51:00,1.0,2.0,2026-09-04 20:48:00,2026-09-04 21:01:00,,0.0,2026-09-04 20:44:00,2026-09-04 20:49:00,2026-09-04 20:53:00,2026-09-04 20:57:00,,,Михайлов М. С.,UZBEKISTAN AIRWAYS,Выдача до 30 минут
2026-09-04,PBD 860 ,7С8,АНТАЛЬЯ,47,Y(А11),20:29,1169,2026-09-04 20:40:00,2026-09-04 20:42:00,,2026-09-04 20:43:00,2026-09-04 20:51:00,2026-09-04 20:43:00,2026-09-04 20:51:00,2026-09-04 20:52:00,,,2026-09-04 20:59:00,2026-09-04 21:07:00,,0.0,2026-09-04 20:53:00,2026-09-04 20:59:00,,,,,Черкас В. А.,Победа,Выдача до 30 минут
2026-09-04,ЮТ 746 ,73Х,БАКУ(ИМ. ГЕЙДАРА АЛИЕВА),59,Y(А11),19:11,1998,2026-09-04 19:21:00,2026-09-04 19:25:00,1.0,2026-09-04 19:25:00,2026-09-04 19:44:00,2026-09-04 19:25:00,2026-09-04 19:44:00,2026-09-04 19:38:00,6.0,6.0,2026-09-04 19:41:00,2026-09-04 19:55:00,,4.0,2026-09-04 19:33:00,2026-09-04 19:41:00,2026-09-04 19:49:00,2026-09-04 19:55:00,,,Дубинский В. Д.,Ютэйр,Выдача от 30 до 40 минут
2026-09-04,ФВ 6181 ,СУ9,САНКТ-ПЕТЕРБУРГ(ПУЛКОВО),9,Y(А04),20:31,116,2026-09-04 20:42:00,2026-09-04 20:45:00,,2026-09-04 20:46:00,2026-09-04 20:47:00,2026-09-04 20:46:00,2026-09-04 20:47:00,2026-09-04 20:47:00,,,2026-09-04 20:49:00,2026-09-04 20:50:00,,0.0,2026-09-04 20:48:00,2026-09-04 20:50:00,,,,,Попов А. И.,Россия,Выдача до 30 минут
2026-09-04,ХИ 613 ,32Н,ТАШКЕНТ(ТАШКЕНТ ИНТЛ.),23,Y(А10),20:38,2459,2026-09-04 20:48:00,2026-09-04 20:50:00,,2026-09-04 20:52:00,2026-09-04 21:13:00,2026-09-04 20:52:00,2026-09-04 21:13:00,2026-09-04 21:08:00,5.0,5.0,2026-09-04 21:05:00,2026-09-04 21:21:00,,3.0,2026-09-04 20:57:00,2026-09-04 21:04:00,2026-09-04 21:15:00,2026-09-04 21:21:00,,,"Омурбек У. Б., Федоров Н. В.",UZBEKISTAN AIRWAYS,Выдача от 30 до 40 минут
2026-09-04,ЮТ 250 ,73Х,СОЧИ,12,Y(А06),20:42,1449,2026-09-04 20:51:00,2026-09-04 20:53:00,,2026-09-04 20:54:00,2026-09-04 21:08:00,2026-09-04 20:54:00,2026-09-04 21:08:00,2026-09-04 21:05:00,3.0,4.0,2026-09-04 21:05:00,2026-09-04 21:15:00,,0.0,2026-09-04 21:02:00,2026-09-04 21:06:00,2026-09-04 21:10:00,2026-09-04 21:14:00,,,Соболь М. Ф.,Ютэйр,Выдача до 30 минут
2026-09-04,AHY 5830 ,319,ГЯНДЖА,29,Y(А09),20:44,2399,2026-09-04 20:53:00,2026-09-04 20:55:00,,2026-09-04 20:56:00,2026-09-04 21:09:00,2026-09-04 20:56:00,2026-09-04 21:09:00,2026-09-04 21:13:00,,,2026-09-04 21:21:00,2026-09-04 21:22:00,8.0,0.0,2026-09-04 21:03:00,2026-09-04 21:07:00,2026-09-04 21:10:00,2026-09-04 21:14:00,,,"Гафуров О. Ф., Литвин И. С.",AZAL,Выдача до 30 минут
2026-09-04,NE 608 ,320,ХУРГАДА(ХУРГАДА ИНТЛ.),20,Y(А13),20:52,2420,2026-09-04 21:01:00,2026-09-04 21:02:00,,2026-09-04 21:04:00,2026-09-04 21:25:00,2026-09-04 21:04:00,2026-09-04 21:25:00,2026-09-04 21:21:00,4.0,5.0,2026-09-04 21:18:00,2026-09-04 21:34:00,,3.0,2026-09-04 21:12:00,2026-09-04 21:16:00,2026-09-04 21:30:00,2026-09-04 21:35:00,,,Тано Б. А.,Nesma Airlines,Выдача от 30 до 40 минут
2026-09-04,ЮВ 204 ,ЦР2,ТОБОЛЬСК(РЕМЕЗОВ),43,Y(А07),21:06,344,2026-09-04 21:23:00,2026-09-04 21:23:00,,2026-09-04 21:25:00,2026-09-04 21:29:00,2026-09-04 21:25:00,2026-09-04 21:29:00,2026-09-04 21:29:00,,2.0,2026-09-04 21:35:00,2026-09-04 21:37:00,,0.0,2026-09-04 21:30:00,2026-09-04 21:34:00,,,,,Рябчевский В. О.,ЮВТ АЭРО,Выдача до 30 минут
2026-09-04,ФВ 6183 ,СУ9,САНКТ-ПЕТЕРБУРГ(ПУЛКОВО),10,Y(А04),21:19,55,2026-09-04 21:27:00,2026-09-04 21:29:00,,2026-09-04 21:30:00,2026-09-04 21:31:00,2026-09-04 21:30:00,2026-09-04 21:31:00,2026-09-04 21:31:00,,1.0,2026-09-04 21:37:00,2026-09-04 21:38:00,,0.0,2026-09-04 21:35:00,2026-09-04 21:37:00,,,,,Шарипов К. А.,Россия,Выдача до 30 минут
2026-09-04,NE 646 ,320,ШАРМ ЭЛЬ ШЕЙХ(ШАРМ ЭЛЬ ШЕЙХ ИНТЛ.),22,Y(А10),21:21,1363,2026-09-04 21:32:00,2026-09-04 21:33:00,,2026-09-04 21:34:00,2026-09-04 21:45:00,2026-09-04 21:34:00,2026-09-04 21:45:00,2026-09-04 21:45:00,,2.0,2026-09-04 21:44:00,2026-09-04 21:51:00,,0.0,2026-09-04 21:40:00,2026-09-04 21:45:00,2026-09-04 21:47:00,2026-09-04 21:56:00,,,Пельгуев Д.,Nesma Airlines,Выдача до 30 минут
2026-09-04,ЮТ 180 ,73Е,УХТА,61,Y(А06),21:25,372,2026-09-04 21:38:00,2026-09-04 21:38:00,,2026-09-04 21:40:00,2026-09-04 21:43:00,2026-09-04 21:40:00,2026-09-04 21:43:00,2026-09-04 21:44:00,,1.0,2026-09-04 21:54:00,2026-09-04 21:57:00,,0.0,2026-09-04 21:45:00,2026-09-04 21:53:00,,,,,Демчук Д. П.,Ютэйр,Выдача до 30 минут
2026-09-04,ХИ 605 ,320,САМАРКАНД(САМАРКАНД ИНТЛ.),26,Y(А12),23:19,1188,2026-09-04 23:31:00,2026-09-04 23:34:00,,2026-09-04 23:35:00,2026-09-04 23:40:00,2026-09-04 23:35:00,2026-09-04 23:40:00,2026-09-04 23:43:00,,,2026-09-04 23:49:00,2026-09-04 23:51:00,,0.0,2026-09-04 23:43:00,2026-09-04 23:48:00,,,,,Андреев А. М.,UZBEKISTAN AIRWAYS,Выдача до 30 минут
2026-09-04,AZV 3006 ,763,АНТАЛЬЯ,63,Y(А09),21:33,2780,2026-09-04 21:41:00,2026-09-04 21:45:00,1.0,2026-09-04 21:50:00,2026-09-04 22:02:00,2026-09-04 21:50:00,2026-09-04 22:02:00,2026-09-04 22:04:00,,,2026-09-04 22:04:00,2026-09-04 22:19:00,,8.0,2026-09-04 21:50:00,2026-09-04 22:05:00,2026-09-04 22:07:00,2026-09-04 22:15:00,,,Юрков С.,АЗУР эйр,Выдача от 30 до 40 минут
2026-09-04,ДР 190 ,73Х,МАХАЧКАЛА,50,Y(А05),21:39,515,2026-09-04 21:48:00,2026-09-04 21:48:00,,2026-09-04 21:50:00,2026-09-04 21:53:00,2026-09-04 21:50:00,2026-09-04 21:53:00,2026-09-04 21:55:00,,,2026-09-04 22:02:00,2026-09-04 22:07:00,,0.0,2026-09-04 22:00:00,2026-09-04 22:04:00,,,,,Попов А. И.,Победа,Выдача до 30 минут
2026-09-04,AZO 7018 ,СУ9,ТБИЛИСИ(ТБИЛИСИ ИНТЛ.),51A,Y(А11),21:10,1528,2026-09-04 21:21:00,2026-09-04 21:27:00,3.0,2026-09-04 21:29:00,2026-09-04 21:42:00,2026-09-04 21:29:00,2026-09-04 21:42:00,2026-09-04 21:35:00,7.0,3.0,2026-09-04 21:41:00,2026-09-04 21:50:00,,0.0,2026-09-04 21:36:00,2026-09-04 21:42:00,2026-09-04 21:44:00,2026-09-04 21:50:00,,,Шарипов Д. А.,GEORGIAN AIRWAYS,Выдача до 30 минут
2026-09-04,DV 815 ,7М8,АЛМАТЫ(АЛМАТЫ ИНТЛ.),21,Y(А13),21:47,1383,2026-09-04 21:55:00,2026-09-04 21:58:00,,2026-09-04 21:58:00,2026-09-04 22:14:00,2026-09-04 22:01:00,2026-09-04 22:14:00,2026-09-04 22:08:00,6.0,4.0,2026-09-04 22:13:00,2026-09-04 22:18:00,,0.0,2026-09-04 22:08:00,2026-09-04 22:14:00,2026-09-04 22:14:00,2026-09-04 22:19:00,,,"Каламбеков У. О., Музафаров А. С.",SCAT Airlines,Выдача до 30 минут
2026-09-04,ЮТ 784 ,73Х,АНТАЛЬЯ,24,Y(А11),21:43,928,2026-09-04 21:54:00,2026-09-04 21:54:00,,2026-09-04 21:55:00,2026-09-04 22:01:00,2026-09-04 21:55:00,2026-09-04 22:01:00,2026-09-04 22:04:00,,,2026-09-04 22:07:00,2026-09-04 22:12:00,,0.0,2026-09-04 22:02:00,2026-09-04 22:08:00,,,,,Андреев А. М.,Ютэйр,Выдача до 30 минут
2026-09-04,ЖГЖ 9571 ,ЯК4,ВОЛОГДА,44,0,21:59,0,2026-09-04 22:04:00,2026-09-04 22:06:00,,2026-09-04 22:04:00,2026-09-04 22:05:00,2026-09-04 22:04:00,2026-09-04 22:05:00,,,1.0,,-1,,0.0,,,,,,,Рябчевский В. О.,GEORGIAN AIRWAYS,Не определено
2026-09-04,ДР 968 ,73Х,МИНСК(МИНСК ИНТЛ.),46,Y(А13),22:20,361,2026-09-04 22:28:00,2026-09-04 22:29:00,,2026-09-04 22:32:00,2026-09-04 22:34:00,2026-09-04 22:32:00,2026-09-04 22:34:00,2026-09-04 22:34:00,,,2026-09-04 22:43:00,2026-09-04 22:45:00,,0.0,2026-09-04 22:35:00,2026-09-04 22:43:00,,,,,Черкас В. А.,Победа,Выдача до 30 минут
2026-09-04,А4 7036 ,СУ9,ПСКОВ(КРЕСТЫ),45,Y(А05),22:32,282,2026-09-04 22:38:00,2026-09-04 22:40:00,,2026-09-04 22:45:00,2026-09-04 22:48:00,2026-09-04 22:45:00,2026-09-04 22:48:00,2026-09-04 22:44:00,4.0,1.0,2026-09-04 22:55:00,2026-09-04 22:57:00,,0.0,2026-09-04 22:51:00,2026-09-04 22:54:00,,,,,Михайлов М. С.,Азимут,Выдача до 30 минут
2026-09-04,PC 1580 ,32Щ,АНТАЛЬЯ,27,Y(А12),22:43,2048,2026-09-04 22:56:00,2026-09-04 22:58:00,,2026-09-04 23:06:00,2026-09-04 23:21:00,2026-09-04 23:06:00,2026-09-04 23:21:00,2026-09-04 23:14:00,7.0,1.0,2026-09-04 23:16:00,2026-09-04 23:27:00,,1.0,2026-09-04 23:11:00,2026-09-04 23:15:00,2026-09-04 23:13:00,2026-09-04 23:29:00,,,Барабанов А. М.,Pegasus,Выдача от 30 до 40 минут
2026-09-04,J2 805 ,76В,БАКУ(ИМ. ГЕЙДАРА АЛИЕВА),18,Y(А10),22:55,3126,2026-09-04 23:07:00,2026-09-04 23:12:00,2.0,2026-09-04 23:10:00,2026-09-04 23:23:00,2026-09-04 23:10:00,2026-09-04 23:23:00,2026-09-04 23:32:00,,,2026-09-04 23:25:00,2026-09-04 23:35:00,,0.0,2026-09-04 23:10:00,2026-09-04 23:27:00,2026-09-04 23:01:00,2026-09-04 23:29:00,,,Соболь М. Ф.,AZAL,Выдача до 30 минут
2026-09-04,DV 813 ,73Х,АСТАНА(НУРСУЛТАН НАЗАРБАЕВ),19,Y(А13),23:00,674,2026-09-04 23:08:00,2026-09-04 23:10:00,,2026-09-04 23:23:00,2026-09-04 23:29:00,2026-09-04 23:23:00,2026-09-04 23:29:00,2026-09-04 23:16:00,13.0,2.0,2026-09-04 23:32:00,2026-09-04 23:35:00,4.0,0.0,2026-09-04 23:27:00,2026-09-04 23:33:00,,,,,Юрков С.,SCAT Airlines,Выдача до 30 минут
2026-09-04,ФВ 6185 ,СУ9,САНКТ-ПЕТЕРБУРГ(ПУЛКОВО),8,Y(А04),23:03,139,2026-09-04 23:12:00,2026-09-04 23:14:00,,2026-09-04 23:15:00,2026-09-04 23:16:00,2026-09-04 23:15:00,2026-09-04 23:16:00,2026-09-04 23:17:00,,,2026-09-04 23:22:00,2026-09-04 23:23:00,,0.0,2026-09-04 23:20:00,2026-09-04 23:21:00,,,,,Шарипов К. А.,Россия,Выдача до 30 минут
2026-09-04,4S 311 ,7С8,ШАРМ ЭЛЬ ШЕЙХ(ШАРМ ЭЛЬ ШЕЙХ ИНТЛ.),21,Y(А10),23:07,2177,2026-09-04 23:18:00,2026-09-04 23:23:00,2.0,2026-09-04 23:23:00,2026-09-04 23:38:00,2026-09-04 23:23:00,2026-09-04 23:38:00,2026-09-04 23:37:00,1.0,,2026-09-04 23:35:00,2026-09-04 23:46:00,,0.0,2026-09-04 23:31:00,2026-09-04 23:35:00,2026-09-04 23:41:00,2026-09-04 23:46:00,,,Черкас В. А.,Red Sea,Выдача до 30 минут
2026-09-04,FZ 951 ,7М8,ДУБАЙ(ДУБАЙ ИНТЛ.),29,Y(А11),22:26,1450,2026-09-04 22:38:00,2026-09-04 22:43:00,2.0,2026-09-04 22:41:00,2026-09-04 22:54:00,2026-09-04 22:41:00,2026-09-04 22:54:00,2026-09-04 22:52:00,2.0,3.0,2026-09-04 22:52:00,2026-09-04 23:01:00,,0.0,2026-09-04 22:48:00,2026-09-04 22:52:00,2026-09-04 22:55:00,2026-09-04 22:58:00,,,Гафуров О. Ф.,flydubai,Выдача до 30 минут
2026-09-04,ДР 964 ,73Х,ДАЛАМАН,48,Y(А11),23:15,1210,2026-09-04 23:23:00,2026-09-04 23:26:00,,2026-09-04 23:24:00,2026-09-04 23:33:00,2026-09-04 23:24:00,2026-09-04 23:33:00,2026-09-04 23:35:00,,1.0,2026-09-04 23:46:00,2026-09-04 23:47:00,,0.0,2026-09-04 23:35:00,2026-09-04 23:43:00,,,,,Пельгуев Д.,Победа,Выдача до 30 минут
2026-09-04,ДР 436 ,73Х,УФА,50,Y(А05),11:55,370,2026-09-04 12:01:00,2026-09-04 12:02:00,,2026-09-04 12:04:00,2026-09-04 12:07:00,2026-09-04 12:04:00,2026-09-04 12:07:00,2026-09-04 12:07:00,,1.0,2026-09-04 12:14:00,2026-09-04 12:16:00,,0.0,2026-09-04 12:09:00,2026-09-04 12:14:00,,,,,Скулов Е. С.,Победа,Выдача до 30 минут
2026-09-04,TK 411 ,333,СТАМБУЛ(СТАМБУЛ НЬЮ),23,Y(А09),23:10,4967,2026-09-04 23:23:00,2026-09-04 23:26:00,,2026-09-04 23:27:00,2026-09-04 23:39:00,2026-09-04 23:27:00,2026-09-04 23:39:00,2026-09-05 00:00:00,,,2026-09-04 23:39:00,2026-09-04 23:52:00,,0.0,2026-09-04 23:27:00,2026-09-04 23:40:00,2026-09-04 23:22:00,2026-09-04 23:47:00,2026-09-04 23:21:00,2026-09-04 23:53:00,Демчук Д. П.,Turkish Airlines,Выдача до 30 минут
2026-09-04,PC 1576 ,32Щ,АНТАЛЬЯ,36,Y(А09),23:52,2479,2026-09-05 00:03:00,2026-09-05 00:07:00,1.0,2026-09-05 00:05:00,2026-09-05 00:25:00,2026-09-05 00:05:00,2026-09-05 00:25:00,2026-09-05 00:24:00,1.0,3.0,2026-09-05 00:21:00,2026-09-05 00:34:00,,1.0,2026-09-05 00:14:00,2026-09-05 00:20:00,2026-09-05 00:17:00,2026-09-05 00:35:00,,,Музафаров А. С.,Pegasus,Выдача от 30 до 40 минут
2026-09-04,FZ 987 ,7М8,ДУБАЙ(ДУБАЙ ИНТЛ.),30,Y(А11),23:49,1288,2026-09-05 00:07:00,2026-09-05 00:07:00,,2026-09-05 00:07:00,2026-09-05 00:20:00,2026-09-05 00:08:00,2026-09-05 00:20:00,2026-09-05 00:20:00,,3.0,2026-09-05 00:19:00,2026-09-05 00:21:00,,0.0,2026-09-05 00:14:00,2026-09-05 00:19:00,2026-09-05 00:17:00,2026-09-05 00:20:00,,,"Омурбек У. Б., Хушвактов П. З.",flydubai,Выдача до 30 минут
2026-09-04,ДР 264 ,73Х,КАЛИНИНГРАД(ХРАБРОВО),47,Y(А06),23:44,528,2026-09-04 23:56:00,2026-09-04 23:58:00,,2026-09-04 23:59:00,2026-09-05 00:02:00,2026-09-04 23:59:00,2026-09-05 00:02:00,2026-09-05 00:04:00,,,2026-09-05 00:10:00,2026-09-05 00:13:00,,0.0,2026-09-05 00:04:00,2026-09-05 00:10:00,,,,,Дубинский В. Д.,Победа,Выдача до 30 минут
2026-09-04,ДР 422 ,73Х,САМАРА(КУРУМОЧ),49,Y(А07),21:51,220,2026-09-04 21:59:00,2026-09-04 22:02:00,,2026-09-04 22:04:00,2026-09-04 22:08:00,2026-09-04 22:04:00,2026-09-04 22:08:00,2026-09-04 22:04:00,4.0,3.0,2026-09-04 22:14:00,2026-09-04 22:17:00,,0.0,2026-09-04 22:10:00,2026-09-04 22:13:00,,,,,Хушвактов П. З.,Победа,Выдача до 30 минут
2026-09-04,TK 211 ,321,АНТАЛЬЯ,25,Y(А09),23:37,1938,2026-09-04 23:51:00,2026-09-04 23:52:00,,2026-09-04 23:57:00,2026-09-05 00:08:00,2026-09-04 23:57:00,2026-09-05 00:08:00,2026-09-05 00:08:00,,,2026-09-05 00:11:00,2026-09-05 00:12:00,,0.0,2026-09-04 23:45:00,2026-09-05 00:15:00,,,,,Рябчевский В. О.,Turkish Airlines,Выдача до 30 минут
2026-09-04,ХИ 9625 ,320,НУКУС,24,Y(А12),23:27,1469,2026-09-04 23:39:00,2026-09-04 23:41:00,,2026-09-04 23:41:00,2026-09-04 23:55:00,2026-09-04 23:41:00,2026-09-04 23:55:00,2026-09-04 23:53:00,2.0,4.0,2026-09-04 23:56:00,2026-09-05 00:04:00,,0.0,2026-09-04 23:57:00,2026-09-05 00:01:00,2026-09-04 23:50:00,2026-09-04 23:56:00,,,Сыргаков Б. А.,UZBEKISTAN AIRWAYS,Выдача до 30 минут
2026-09-04,NE 602 ,320,ХУРГАДА(ХУРГАДА ИНТЛ.),20,Y(А13),23:23,1856,2026-09-04 23:33:00,2026-09-04 23:44:00,8.0,2026-09-04 23:35:00,2026-09-04 23:50:00,2026-09-04 23:35:00,2026-09-04 23:50:00,2026-09-04 23:49:00,1.0,3.0,2026-09-04 23:51:00,2026-09-05 00:00:00,,0.0,2026-09-04 23:42:00,2026-09-04 23:48:00,2026-09-04 23:52:00,2026-09-04 23:57:00,,,Федоров Н. В.,Nesma Airlines,Выдача до 30 минут
2026-09-05,ДР 486B,7С8,УЛЬЯНОВСК(БАРАТАЕВКА),50,Y(А07),01:12,168,2026-09-05 01:20:00,2026-09-05 01:22:00,,2026-09-05 01:22:00,2026-09-05 01:27:00,2026-09-05 01:22:00,2026-09-05 01:27:00,2026-09-05 01:25:00,2.0,4.0,2026-09-05 01:32:00,2026-09-05 01:33:00,,0.0,2026-09-05 01:25:00,2026-09-05 01:30:00,,,,,Скулов Е. С.,Победа,Выдача до 30 минут
2026-09-05,ФВ 6009 ,СУ9,САНКТ-ПЕТЕРБУРГ(ПУЛКОВО),8,Y(А04),12:15,119,2026-09-05 12:24:00,2026-09-05 12:26:00,,2026-09-05 12:27:00,2026-09-05 12:29:00,2026-09-05 12:27:00,2026-09-05 12:29:00,2026-09-05 12:29:00,,1.0,2026-09-05 12:32:00,2026-09-05 12:33:00,,0.0,2026-09-05 12:32:00,2026-09-05 12:33:00,,,,,Фанин Н. О.,Россия,Выдача до 30 минут
2026-09-05,J2 809 ,763,БАКУ(ИМ. ГЕЙДАРА АЛИЕВА),38,Y(А10),00:07,3035,2026-09-05 00:40:00,2026-09-05 00:44:00,1.0,2026-09-05 00:43:00,2026-09-05 00:55:00,2026-09-05 00:43:00,2026-09-05 00:55:00,2026-09-05 01:04:00,,,2026-09-05 00:53:00,2026-09-05 01:06:00,,0.0,2026-09-05 00:43:00,2026-09-05 00:55:00,2026-09-05 00:21:00,2026-09-05 01:07:00,,,Барабанов А. М.,AZAL,Выдача до 30 минут
2026-09-05,ЮТ 358 ,73Х,САМАРА(КУРУМОЧ),13,Y(А05),00:12,446,2026-09-05 00:25:00,2026-09-05 00:30:00,2.0,2026-09-05 00:27:00,2026-09-05 00:32:00,2026-09-05 00:27:00,2026-09-05 00:32:00,2026-09-05 00:32:00,,2.0,2026-09-05 00:36:00,2026-09-05 00:38:00,,0.0,2026-09-05 00:33:00,2026-09-05 00:37:00,,,,,Тано Б. А.,Ютэйр,Выдача до 30 минут
2026-09-05,VF 275 ,73Х,СТАМБУЛ(САБИХА ГОКЦЕН),37,Y(А13),00:15,2793,2026-09-05 00:27:00,2026-09-05 00:32:00,2.0,2026-09-05 00:30:00,2026-09-05 00:51:00,2026-09-05 00:30:00,2026-09-05 00:51:00,2026-09-05 00:50:00,1.0,2.0,2026-09-05 00:46:00,2026-09-05 01:04:00,,7.0,2026-09-05 00:37:00,2026-09-05 00:48:00,2026-09-05 00:43:00,2026-09-05 01:01:00,,,Пельгуев Д.,AJET,Выдача от 30 до 40 минут
2026-09-05,TK 3002 ,321,АНТАЛЬЯ,19,Y(А09),00:19,1657,2026-09-05 00:30:00,2026-09-05 00:31:00,,2026-09-05 00:33:00,2026-09-05 00:41:00,2026-09-05 00:33:00,2026-09-05 00:41:00,2026-09-05 00:45:00,,,2026-09-05 00:48:00,2026-09-05 00:50:00,,0.0,2026-09-05 00:24:00,2026-09-05 00:51:00,,,,,Шарипов К. А.,Turkish Airlines,Выдача до 30 минут
2026-09-05,ДР 168 ,73Х,МИНЕРАЛЬНЫЕ ВОДЫ,48,Y(А06),00:25,807,2026-09-05 00:38:00,2026-09-05 00:41:00,,2026-09-05 00:42:00,2026-09-05 00:52:00,2026-09-05 00:42:00,2026-09-05 00:52:00,2026-09-05 00:47:00,5.0,5.0,2026-09-05 01:01:00,2026-09-05 01:05:00,,0.0,2026-09-05 00:54:00,2026-09-05 01:01:00,,,,,Гафуров О. Ф.,Победа,Выдача до 30 минут
2026-09-05,FZ 965 ,7М8,ДУБАЙ(ДУБАЙ ИНТЛ.),29,Y(А12),00:28,1806,2026-09-05 00:42:00,2026-09-05 00:45:00,,2026-09-05 00:44:00,2026-09-05 01:08:00,2026-09-05 00:45:00,2026-09-05 01:08:00,2026-09-05 00:58:00,10.0,11.0,2026-09-05 00:55:00,2026-09-05 01:15:00,,3.0,2026-09-05 00:51:00,2026-09-05 00:56:00,2026-09-05 01:10:00,2026-09-05 01:14:00,,,"Каламбеков У. О., Литвин И. С.",flydubai,Выдача от 30 до 40 минут
2026-09-05,ЮТ 1376 ,735,СЫКТЫВКАР,14,Y(А08),00:31,325,2026-09-05 00:39:00,2026-09-05 00:41:00,,2026-09-05 00:43:00,2026-09-05 00:47:00,2026-09-05 00:43:00,2026-09-05 00:47:00,2026-09-05 00:45:00,2.0,2.0,2026-09-05 00:54:00,2026-09-05 00:55:00,,0.0,2026-09-05 00:49:00,2026-09-05 00:54:00,,,,,Михайлов М. С.,Ютэйр,Выдача до 30 минут
2026-09-05,PC 1521 ,32Н,ИЗМИР(АДНАН МЕНДЕРЕС),43,Y(А11),01:27,2406,2026-09-05 01:38:00,2026-09-05 01:41:00,,2026-09-05 01:40:00,2026-09-05 01:54:00,2026-09-05 01:40:00,2026-09-05 01:54:00,2026-09-05 01:58:00,,,2026-09-05 02:19:00,2026-09-05 02:22:00,11.0,14.0,2026-09-05 01:33:00,2026-09-05 01:56:00,2026-09-05 01:58:00,2026-09-05 02:07:00,,,"Андреев А. М., Федоров Н. В.",Pegasus,Выдача более 40 минут
2026-09-05,TK 3178 ,321,ДАЛАМАН,27,Y(А10),00:34,2293,2026-09-05 00:51:00,2026-09-05 00:53:00,,2026-09-05 00:54:00,2026-09-05 01:10:00,2026-09-05 00:54:00,2026-09-05 01:10:00,2026-09-05 01:10:00,,1.0,2026-09-05 01:03:00,2026-09-05 01:20:00,,0.0,2026-09-05 00:52:00,2026-09-05 01:18:00,,,,,Шарипов Д. А.,Turkish Airlines,Выдача до 30 минут
2026-09-05,TK 421 ,333,СТАМБУЛ(СТАМБУЛ НЬЮ),23,Y(А09),00:41,5166,2026-09-05 01:16:00,2026-09-05 01:18:00,,2026-09-05 01:21:00,2026-09-05 01:36:00,2026-09-05 01:21:00,2026-09-05 01:36:00,2026-09-05 01:54:00,,,2026-09-05 01:37:00,2026-09-05 01:55:00,1.0,9.0,2026-09-05 01:21:00,2026-09-05 01:39:00,2026-09-05 00:42:00,2026-09-05 01:45:00,2026-09-05 01:37:00,2026-09-05 01:38:00,Демчук Д. П.,Turkish Airlines,Выдача от 30 до 40 минут
2026-09-05,TK 217 ,321,АНТАЛЬЯ,24,Y(А12),00:47,2183,2026-09-05 01:17:00,2026-09-05 01:28:00,8.0,2026-09-05 01:40:00,2026-09-05 01:41:00,2026-09-05 01:40:00,2026-09-05 01:41:00,2026-09-05 01:36:00,5.0,,2026-09-05 01:44:00,2026-09-05 01:53:00,7.0,6.0,2026-09-05 01:11:00,2026-09-05 01:52:00,,,,,Хушвактов П. З.,Turkish Airlines,Выдача от 30 до 40 минут
2026-09-05,TK 3084 ,321,ДАЛАМАН,21,Y(А11),00:53,2093,2026-09-05 01:20:00,2026-09-05 01:23:00,,2026-09-05 01:23:00,2026-09-05 01:39:00,2026-09-05 01:23:00,2026-09-05 01:39:00,2026-09-05 01:38:00,1.0,2.0,2026-09-05 01:36:00,2026-09-05 01:51:00,,1.0,2026-09-05 01:51:00,2026-09-05 01:52:00,,,,,Сыргаков Б. А.,Turkish Airlines,Выдача от 30 до 40 минут
2026-09-05,TK 3036 ,321,АНТАЛЬЯ,26,Y(А10),00:57,2898,2026-09-05 01:25:00,2026-09-05 01:30:00,2.0,2026-09-05 01:31:00,2026-09-05 01:47:00,2026-09-05 01:31:00,2026-09-05 01:47:00,2026-09-05 01:48:00,,,2026-09-05 01:45:00,2026-09-05 01:55:00,,0.0,2026-09-05 01:05:00,2026-09-05 01:44:00,2026-09-05 01:01:00,2026-09-05 01:55:00,,,Дубинский В. Д.,Turkish Airlines,Выдача до 30 минут
2026-09-05,FZ 975 ,7М8,ДУБАЙ(ДУБАЙ ИНТЛ.),20,Y(А12),01:46,1603,2026-09-05 01:58:00,2026-09-05 01:59:00,,2026-09-05 02:00:00,2026-09-05 02:12:00,2026-09-05 02:01:00,2026-09-05 02:12:00,2026-09-05 02:13:00,,,2026-09-05 02:16:00,2026-09-05 02:17:00,,0.0,2026-09-05 02:08:00,2026-09-05 02:13:00,2026-09-05 02:15:00,2026-09-05 02:20:00,,,"Музафаров А. С., Юрков С.",flydubai,Выдача до 30 минут
2026-09-05,TK 3154 ,32Б,БОДРУМ(МИЛАС),22,Y(А09),01:42,2251,2026-09-05 01:53:00,2026-09-05 01:55:00,,2026-09-05 02:00:00,2026-09-05 02:05:00,2026-09-05 02:00:00,2026-09-05 02:05:00,2026-09-05 02:12:00,,,2026-09-05 02:11:00,2026-09-05 02:17:00,,0.0,2026-09-05 01:46:00,2026-09-05 02:14:00,,,,,Попов А. И.,Turkish Airlines,Выдача до 30 минут
2026-09-05,TK 3060 ,321,АНТАЛЬЯ,18,Y(А09),00:50,2323,2026-09-05 01:04:00,2026-09-05 01:06:00,,2026-09-05 01:08:00,2026-09-05 01:19:00,2026-09-05 01:08:00,2026-09-05 01:19:00,2026-09-05 01:23:00,,,2026-09-05 01:24:00,2026-09-05 01:26:00,,0.0,2026-09-05 01:04:00,2026-09-05 01:31:00,,,,,Соболь М. Ф.,Turkish Airlines,Выдача до 30 минут
2026-09-05,VF 587 ,73Х,АНКАРА(ЕСЕНБОГА),21,Y(А09),04:07,2431,2026-09-05 04:27:00,2026-09-05 04:32:00,2.0,2026-09-05 04:30:00,2026-09-05 04:48:00,2026-09-05 04:38:00,2026-09-05 04:48:00,2026-09-05 04:47:00,1.0,,2026-09-05 04:39:00,2026-09-05 04:52:00,,0.0,2026-09-05 04:36:00,2026-09-05 04:42:00,2026-09-05 04:49:00,2026-09-05 04:53:00,,,"Литвин И. С., Сыргаков Б. А.",AJET,Выдача до 30 минут
2026-09-05,TK 3014 ,321,АНТАЛЬЯ,25,Y(А10),01:54,2744,2026-09-05 02:12:00,2026-09-05 02:13:00,,2026-09-05 02:18:00,2026-09-05 02:27:00,2026-09-05 02:18:00,2026-09-05 02:27:00,2026-09-05 02:34:00,,,2026-09-05 02:32:00,2026-09-05 02:34:00,,0.0,2026-09-05 01:56:00,2026-09-05 02:37:00,,,,,Тано Б. А.,Turkish Airlines,Выдача до 30 минут
2026-09-05,TK 3028 ,32Б,АНТАЛЬЯ,18,Y(А10),02:27,2378,2026-09-05 02:36:00,2026-09-05 02:38:00,,2026-09-05 02:43:00,2026-09-05 02:52:00,2026-09-05 02:43:00,2026-09-05 02:52:00,2026-09-05 02:56:00,,,2026-09-05 02:53:00,2026-09-05 03:01:00,,0.0,2026-09-05 02:47:00,2026-09-05 03:02:00,,,,,Юрков С.,Turkish Airlines,Выдача до 30 минут
2026-09-05,ЮТ 398B,734,КРАСНОДАР(ПАШКОВСКИЙ),8,Y(А06),02:32,625,2026-09-05 02:44:00,2026-09-05 02:46:00,,2026-09-05 02:49:00,2026-09-05 02:54:00,2026-09-05 02:49:00,2026-09-05 02:54:00,2026-09-05 02:52:00,2.0,1.0,2026-09-05 03:01:00,2026-09-05 03:06:00,,0.0,2026-09-05 02:55:00,2026-09-05 03:03:00,,,,,Каламбеков У. О.,Ютэйр,Выдача до 30 минут
2026-09-05,ЮТ 786 ,73Х,ЕРЕВАН(ЗВАРТНОЦ ИНТЛ),24,Y(А13),05:27,1392,2026-09-05 05:42:00,2026-09-05 05:44:00,,2026-09-05 05:45:00,2026-09-05 05:54:00,2026-09-05 05:45:00,2026-09-05 05:54:00,2026-09-05 05:55:00,,,2026-09-05 05:55:00,2026-09-05 06:00:00,,0.0,2026-09-05 05:51:00,2026-09-05 05:56:00,2026-09-05 05:55:00,2026-09-05 05:59:00,,,"Андреев А. М., Омурбек У. Б.",Ютэйр,Выдача до 30 минут
2026-09-05,TK 3120 ,73Х,ДАЛАМАН,21,Y(А09),02:35,2284,2026-09-05 02:49:00,2026-09-05 02:51:00,,2026-09-05 02:49:00,2026-09-05 03:04:00,2026-09-05 02:49:00,2026-09-05 03:04:00,2026-09-05 03:08:00,,,2026-09-05 03:02:00,2026-09-05 03:11:00,,0.0,2026-09-05 02:55:00,2026-09-05 03:02:00,2026-09-05 02:55:00,2026-09-05 03:10:00,,,Литвин И. С.,Turkish Airlines,Выдача до 30 минут
2026-09-05,PC 386 ,32Щ,СТАМБУЛ(САБИХА ГОКЦЕН),24,Y(А10),02:38,2736,2026-09-05 02:53:00,2026-09-05 03:04:00,8.0,2026-09-05 02:57:00,2026-09-05 03:11:00,2026-09-05 02:59:00,2026-09-05 03:11:00,2026-09-05 03:15:00,,,2026-09-05 03:08:00,2026-09-05 03:15:00,,0.0,2026-09-05 03:12:00,2026-09-05 03:17:00,2026-09-05 03:04:00,2026-09-05 03:08:00,,,"Гафуров О. Ф., Хушвактов П. З.",Pegasus,Выдача до 30 минут
2026-09-05,ДР 206B,73Х,САНКТ-ПЕТЕРБУРГ(ПУЛКОВО),48,Y(А05),02:41,120,2026-09-05 02:49:00,2026-09-05 02:51:00,,2026-09-05 02:51:00,2026-09-05 02:53:00,2026-09-05 02:51:00,2026-09-05 02:53:00,2026-09-05 02:54:00,,1.0,2026-09-05 03:02:00,2026-09-05 03:04:00,,0.0,2026-09-05 02:54:00,2026-09-05 03:03:00,,,,,Михайлов М. С.,Победа,Выдача до 30 минут
2026-09-05,NE 492 ,320,ХУРГАДА(ХУРГАДА ИНТЛ.),26,Y(А12),02:51,1991,2026-09-05 03:03:00,2026-09-05 03:07:00,1.0,2026-09-05 03:08:00,2026-09-05 03:23:00,2026-09-05 03:08:00,2026-09-05 03:23:00,2026-09-05 03:20:00,3.0,2.0,2026-09-05 03:19:00,2026-09-05 03:30:00,,0.0,2026-09-05 03:15:00,2026-09-05 03:19:00,2026-09-05 03:26:00,2026-09-05 03:30:00,,,Дубинский В. Д.,Nesma Airlines,Выдача до 30 минут
2026-09-05,ЖГ 932 ,73Х,ТБИЛИСИ(ТБИЛИСИ ИНТЛ.),30,Y(А11),02:54,1081,2026-09-05 03:02:00,2026-09-05 03:04:00,,2026-09-05 03:10:00,2026-09-05 03:17:00,2026-09-05 03:10:00,2026-09-05 03:17:00,2026-09-05 03:13:00,4.0,,2026-09-05 03:23:00,2026-09-05 03:28:00,1.0,0.0,2026-09-05 03:19:00,2026-09-05 03:23:00,,,,,Сыргаков Б. А.,GEORGIAN AIRWAYS,Выдача до 30 минут
2026-09-05,TK 3172 ,321,АНТАЛЬЯ,27,Y(А10),02:22,2153,2026-09-05 02:32:00,2026-09-05 02:35:00,,2026-09-05 02:38:00,2026-09-05 02:51:00,2026-09-05 02:38:00,2026-09-05 02:51:00,2026-09-05 02:50:00,1.0,,2026-09-05 02:49:00,2026-09-05 02:58:00,,0.0,2026-09-05 02:44:00,2026-09-05 02:58:00,,,,,Черкас В. А.,Turkish Airlines,Выдача до 30 минут
2026-09-05,FZ 967 ,7М8,ДУБАЙ(ДУБАЙ ИНТЛ.),29,Y(А12),03:31,1226,2026-09-05 03:40:00,2026-09-05 03:44:00,1.0,2026-09-05 03:45:00,2026-09-05 03:57:00,2026-09-05 03:46:00,2026-09-05 03:57:00,2026-09-05 03:52:00,5.0,3.0,2026-09-05 03:54:00,2026-09-05 04:00:00,,0.0,2026-09-05 03:50:00,2026-09-05 03:54:00,2026-09-05 03:57:00,2026-09-05 04:01:00,,,"Омурбек У. Б., Сыргаков Б. А.",flydubai,Выдача до 30 минут
2026-09-05,PC 1456 ,32Щ,БОДРУМ(МИЛАС),20,Y(А11),04:14,2141,2026-09-05 04:27:00,2026-09-05 04:32:00,2.0,2026-09-05 04:32:00,2026-09-05 04:48:00,2026-09-05 04:32:00,2026-09-05 04:48:00,2026-09-05 04:45:00,3.0,2.0,2026-09-05 04:43:00,2026-09-05 04:56:00,,0.0,2026-09-05 04:43:00,2026-09-05 04:44:00,2026-09-05 04:49:00,2026-09-05 04:55:00,,,Рябчевский В. О.,Pegasus,Выдача до 30 минут
2026-09-05,VF 277 ,73Х,СТАМБУЛ(САБИХА ГОКЦЕН),25,Y(А10),04:20,2222,2026-09-05 04:32:00,2026-09-05 04:36:00,1.0,2026-09-05 04:35:00,2026-09-05 04:52:00,2026-09-05 04:45:00,2026-09-05 04:52:00,2026-09-05 04:51:00,1.0,,2026-09-05 04:44:00,2026-09-05 04:57:00,,0.0,2026-09-05 04:41:00,2026-09-05 04:44:00,2026-09-05 04:53:00,2026-09-05 04:57:00,,,"Каламбеков У. О., Тано Б. А.",AJET,Выдача до 30 минут
2026-09-05,PC 390 ,32Щ,СТАМБУЛ(САБИХА ГОКЦЕН),19,Y(А09),04:39,2556,2026-09-05 04:48:00,2026-09-05 04:51:00,,2026-09-05 04:51:00,2026-09-05 05:10:00,2026-09-05 04:53:00,2026-09-05 05:10:00,2026-09-05 05:09:00,1.0,,2026-09-05 05:04:00,2026-09-05 05:16:00,,0.0,2026-09-05 04:56:00,2026-09-05 05:04:00,2026-09-05 05:11:00,2026-09-05 05:17:00,,,"Михайлов М. С., Черкас В. А.",Pegasus,Выдача до 30 минут
2026-09-05,TK 419 ,332,СТАМБУЛ(СТАМБУЛ НЬЮ),23,Y(А10),04:47,4243,2026-09-05 05:01:00,2026-09-05 05:03:00,,2026-09-05 05:07:00,2026-09-05 05:24:00,2026-09-05 05:07:00,2026-09-05 05:24:00,2026-09-05 05:33:00,,,2026-09-05 05:18:00,2026-09-05 05:30:00,,0.0,2026-09-05 05:16:00,2026-09-05 05:26:00,2026-09-05 05:08:00,2026-09-05 05:32:00,,,Демчук Д. П.,Turkish Airlines,Выдача до 30 минут
2026-09-05,NE 614 ,320,ХУРГАДА(ХУРГАДА ИНТЛ.),26,Y(А10),05:15,1777,2026-09-05 05:27:00,2026-09-05 05:29:00,,2026-09-05 05:30:00,2026-09-05 05:50:00,2026-09-05 05:30:00,2026-09-05 05:50:00,2026-09-05 05:43:00,7.0,8.0,2026-09-05 05:45:00,2026-09-05 05:55:00,,0.0,2026-09-05 05:42:00,2026-09-05 05:47:00,2026-09-05 05:57:00,2026-09-05 05:58:00,,,Сыргаков Б. А.,Nesma Airlines,Выдача до 30 минут
2026-09-05,ДР 730 ,73Х,ФЕРГАНА(ФЕРГАНА ИНТЛ.),47,Y(А11),05:20,313,2026-09-05 05:32:00,2026-09-05 05:32:00,,2026-09-05 05:34:00,2026-09-05 05:36:00,2026-09-05 05:34:00,2026-09-05 05:36:00,2026-09-05 05:38:00,,,2026-09-05 05:45:00,2026-09-05 05:46:00,,0.0,2026-09-05 05:36:00,2026-09-05 05:45:00,,,,,Попов А. И.,Победа,Выдача до 30 минут
2026-09-05,3F 1323 ,320,ЕРЕВАН(ЗВАРТНОЦ ИНТЛ),22,Y(А13),03:51,1238,2026-09-05 04:13:00,2026-09-05 04:15:00,,2026-09-05 04:18:00,2026-09-05 04:28:00,2026-09-05 04:19:00,2026-09-05 04:28:00,2026-09-05 04:25:00,3.0,1.0,2026-09-05 04:30:00,2026-09-05 04:39:00,,0.0,2026-09-05 04:25:00,2026-09-05 04:30:00,2026-09-05 04:29:00,2026-09-05 04:34:00,,,"Андреев А. М., Музафаров А. С.",FLYONE Armenia,Выдача до 30 минут
2026-09-05,ЮТ 810 ,73Х,САМАРКАНД(САМАРКАНД ИНТЛ.),11,Y(А12),01:51,1153,2026-09-05 02:02:00,2026-09-05 02:10:00,5.0,2026-09-05 02:04:00,2026-09-05 02:13:00,2026-09-05 02:04:00,2026-09-05 02:13:00,2026-09-05 02:14:00,,1.0,2026-09-05 02:20:00,2026-09-05 02:21:00,,0.0,2026-09-05 02:18:00,2026-09-05 02:22:00,,,,,Омурбек У. Б.,Ютэйр,Выдача до 30 минут
2026-09-05,4S 317 ,73Х,ШАРМ ЭЛЬ ШЕЙХ(ШАРМ ЭЛЬ ШЕЙХ ИНТЛ.),27,Y(А10),05:33,2380,2026-09-05 05:48:00,2026-09-05 05:51:00,,2026-09-05 05:50:00,2026-09-05 06:03:00,2026-09-05 05:51:00,2026-09-05 06:03:00,2026-09-05 06:08:00,,,2026-09-05 06:00:00,2026-09-05 06:10:00,,0.0,2026-09-05 05:55:00,2026-09-05 06:00:00,2026-09-05 06:05:00,2026-09-05 06:09:00,,,"Каламбеков У. О., Федоров Н. В.",Red Sea,Выдача до 30 минут
2026-09-05,ФВ 6005 ,СУ9,САНКТ-ПЕТЕРБУРГ(ПУЛКОВО),8,Y(А04),10:42,157,2026-09-05 10:50:00,2026-09-05 10:53:00,,2026-09-05 10:53:00,2026-09-05 10:56:00,2026-09-05 10:53:00,2026-09-05 10:56:00,2026-09-05 10:55:00,1.0,2.0,2026-09-05 10:57:00,2026-09-05 10:59:00,,0.0,2026-09-05 10:56:00,2026-09-05 10:58:00,,,,,Лаптев В. В.,Россия,Выдача до 30 минут
2026-09-05,TK 407 ,333,СТАМБУЛ(СТАМБУЛ НЬЮ),22,Y(А09),05:44,3955,2026-09-05 05:59:00,2026-09-05 06:02:00,,2026-09-05 06:00:00,2026-09-05 06:12:00,2026-09-05 06:00:00,2026-09-05 06:12:00,2026-09-05 06:29:00,,,2026-09-05 06:14:00,2026-09-05 06:20:00,,0.0,2026-09-05 06:00:00,2026-09-05 06:15:00,2026-09-05 06:10:00,2026-09-05 06:15:00,,,"Михайлов М. С., Рябчевский В. О.",Turkish Airlines,Выдача до 30 минут
2026-09-05,ДР 714 ,73Х,САМАРКАНД(САМАРКАНД ИНТЛ.),49,Y(А11),08:45,350,2026-09-05 08:52:00,2026-09-05 08:57:00,2.0,2026-09-05 08:56:00,2026-09-05 08:58:00,2026-09-05 08:56:00,2026-09-05 08:58:00,2026-09-05 08:58:00,,,2026-09-05 09:05:00,2026-09-05 09:07:00,,0.0,2026-09-05 08:59:00,2026-09-05 09:05:00,,,,,Михайлов М. С.,Победа,Выдача до 30 минут
2026-09-05,ХИ 9607 ,32Н,БУХАРА(БУХАРА ИНТЛ.),23,Y(А09),07:19,1770,2026-09-05 07:30:00,2026-09-05 07:30:00,,2026-09-05 07:34:00,2026-09-05 07:49:00,2026-09-05 07:34:00,2026-09-05 07:49:00,2026-09-05 07:46:00,3.0,3.0,2026-09-05 07:43:00,2026-09-05 07:53:00,,0.0,2026-09-05 07:39:00,2026-09-05 07:43:00,2026-09-05 07:50:00,2026-09-05 07:54:00,,,Бородин А. В.,UZBEKISTAN AIRWAYS,Выдача до 30 минут
2026-09-05,ДР 742 ,7С8,ТАШКЕНТ(ТАШКЕНТ ИНТЛ.),48,Y(А11),07:24,352,2026-09-05 07:32:00,2026-09-05 07:35:00,,2026-09-05 07:35:00,2026-09-05 07:38:00,2026-09-05 07:35:00,2026-09-05 07:38:00,2026-09-05 07:38:00,,1.0,2026-09-05 07:45:00,2026-09-05 07:46:00,,0.0,2026-09-05 07:39:00,2026-09-05 07:46:00,,,,,Шамсов Б. С.,Победа,Выдача до 30 минут
2026-09-05,ХИ 9615 ,32Н,УРГЕНЧ(УРГЕНЧ ИНТЛ.),25,Y(А10),07:28,1611,2026-09-05 07:40:00,2026-09-05 07:42:00,,2026-09-05 07:44:00,2026-09-05 07:57:00,2026-09-05 07:44:00,2026-09-05 07:57:00,2026-09-05 07:55:00,2.0,2.0,2026-09-05 08:02:00,2026-09-05 08:03:00,2.0,0.0,2026-09-05 07:51:00,2026-09-05 07:54:00,2026-09-05 07:56:00,2026-09-05 08:00:00,,,Острых В. А.,UZBEKISTAN AIRWAYS,Выдача до 30 минут
2026-09-05,ДР 744 ,73Х,ОШ,47,Y(А13),07:35,985,2026-09-05 07:47:00,2026-09-05 07:47:00,,2026-09-05 07:48:00,2026-09-05 07:55:00,2026-09-05 07:48:00,2026-09-05 07:55:00,2026-09-05 07:58:00,,,2026-09-05 08:03:00,2026-09-05 08:05:00,,0.0,2026-09-05 07:54:00,2026-09-05 08:04:00,,,,,"Фартушный А. И., Чеканов В. А.",Победа,Выдача до 30 минут
2026-09-05,AZO 7208 ,СУ9,ТБИЛИСИ(ТБИЛИСИ ИНТЛ.),27,Y(А12),07:44,1537,2026-09-05 07:54:00,2026-09-05 07:57:00,,2026-09-05 07:58:00,2026-09-05 08:11:00,2026-09-05 07:58:00,2026-09-05 08:11:00,2026-09-05 08:08:00,3.0,3.0,2026-09-05 08:07:00,2026-09-05 08:17:00,,0.0,2026-09-05 08:03:00,2026-09-05 08:07:00,2026-09-05 08:13:00,2026-09-05 08:16:00,,,Аганин А. А.,GEORGIAN AIRWAYS,Выдача до 30 минут
2026-09-05,ЮТ 276B,762,СОЧИ,63,Y(А06),07:48,1473,2026-09-05 07:58:00,2026-09-05 08:00:00,,2026-09-05 08:02:00,2026-09-05 08:16:00,2026-09-05 08:02:00,2026-09-05 08:16:00,2026-09-05 08:12:00,4.0,4.0,2026-09-05 08:27:00,2026-09-05 08:32:00,,4.0,2026-09-05 08:02:00,2026-09-05 08:27:00,,,,,Конюхов Я. А.,Ютэйр,Выдача от 30 до 40 минут
2026-09-05,PC 1458 ,32Щ,ДАЛАМАН,19,Y(А10),07:01,2360,2026-09-05 07:11:00,2026-09-05 07:12:00,,2026-09-05 07:14:00,2026-09-05 07:28:00,2026-09-05 07:14:00,2026-09-05 07:28:00,2026-09-05 07:31:00,,,2026-09-05 07:26:00,2026-09-05 07:35:00,,0.0,2026-09-05 07:20:00,2026-09-05 07:26:00,2026-09-05 07:30:00,2026-09-05 07:35:00,,,Ушаков Г. А.,Pegasus,Выдача до 30 минут
2026-09-05,ЮТ 454 ,73Х,ТЮМЕНЬ(РОЩИНО),21,Y(А05),07:52,686,2026-09-05 08:00:00,2026-09-05 08:03:00,,2026-09-05 08:04:00,2026-09-05 08:08:00,2026-09-05 08:04:00,2026-09-05 08:08:00,2026-09-05 08:09:00,,,2026-09-05 08:17:00,2026-09-05 08:19:00,,0.0,2026-09-05 08:15:00,2026-09-05 08:17:00,,,,,Ушаков М. В.,Ютэйр,Выдача до 30 минут
2026-09-05,ЮТ 248 ,73Х,СУРГУТ,12,Y(А08),08:16,851,2026-09-05 08:26:00,2026-09-05 08:29:00,,2026-09-05 08:41:00,2026-09-05 08:47:00,2026-09-05 08:41:00,2026-09-05 08:47:00,2026-09-05 08:36:00,11.0,,2026-09-05 08:52:00,2026-09-05 08:55:00,6.0,0.0,2026-09-05 08:48:00,2026-09-05 08:52:00,,,,,Королёв Е. А.,Ютэйр,Выдача до 30 минут
2026-09-05,3F 321 ,321,ЕРЕВАН(ЗВАРТНОЦ ИНТЛ),20,Y(А13),08:19,1279,2026-09-05 08:28:00,2026-09-05 08:28:00,,2026-09-05 08:30:00,2026-09-05 08:39:00,2026-09-05 08:30:00,2026-09-05 08:39:00,2026-09-05 08:41:00,,,2026-09-05 08:41:00,2026-09-05 08:44:00,,0.0,2026-09-05 08:37:00,2026-09-05 08:42:00,2026-09-05 08:39:00,2026-09-05 08:44:00,,,"Корнилов Н. А., Ушаков П. А.",FLYONE Armenia,Выдача до 30 минут
2026-09-05,ЮТ 572 ,73Х,КРАСНОЯРСК,11,Y(А07),08:23,882,2026-09-05 08:32:00,2026-09-05 08:34:00,,2026-09-05 09:05:00,2026-09-05 09:13:00,2026-09-05 09:05:00,2026-09-05 09:13:00,2026-09-05 08:42:00,31.0,2.0,2026-09-05 09:15:00,2026-09-05 09:17:00,23.0,15.0,2026-09-05 09:13:00,2026-09-05 09:15:00,,,,,"Бородин А. В., Лаптев В. В.",Ютэйр,Выдача более 40 минут
2026-09-05,ФВ 6051 ,СУ9,САНКТ-ПЕТЕРБУРГ(ПУЛКОВО),8,Y(А04),08:25,29,2026-09-05 08:35:00,2026-09-05 08:35:00,,2026-09-05 08:38:00,2026-09-05 08:42:00,2026-09-05 08:38:00,2026-09-05 08:42:00,2026-09-05 08:39:00,3.0,4.0,2026-09-05 08:42:00,2026-09-05 08:43:00,,0.0,2026-09-05 08:35:00,2026-09-05 08:40:00,,,,,Королев А. А.,Россия,Выдача до 30 минут
2026-09-05,ЮТ 356 ,73Х,ГРОЗНЫЙ(СЕВЕРНЫЙ),13,Y(А05),08:33,321,2026-09-05 08:44:00,2026-09-05 08:45:00,,2026-09-05 08:48:00,2026-09-05 08:56:00,2026-09-05 08:48:00,2026-09-05 08:56:00,2026-09-05 08:50:00,6.0,6.0,2026-09-05 09:00:00,2026-09-05 09:01:00,,0.0,2026-09-05 08:58:00,2026-09-05 09:01:00,,,,,Саидов А. С.,Ютэйр,Выдача до 30 минут
2026-09-05,ДР 208 ,73Х,САНКТ-ПЕТЕРБУРГ(ПУЛКОВО),46,Y(А08),08:37,170,2026-09-05 08:46:00,2026-09-05 08:47:00,,2026-09-05 08:47:00,2026-09-05 08:49:00,2026-09-05 08:47:00,2026-09-05 08:49:00,2026-09-05 08:51:00,,1.0,2026-09-05 08:58:00,2026-09-05 08:59:00,,0.0,2026-09-05 08:51:00,2026-09-05 08:58:00,,,,,Науну М.,Победа,Выдача до 30 минут
2026-09-05,TK 1231 ,321,АНТАЛЬЯ,22,Y(А09),12:11,1494,2026-09-05 12:22:00,2026-09-05 12:25:00,,2026-09-05 12:25:00,2026-09-05 12:31:00,2026-09-05 12:25:00,2026-09-05 12:31:00,2026-09-05 12:36:00,,,2026-09-05 12:37:00,2026-09-05 12:39:00,,0.0,2026-09-05 12:31:00,2026-09-05 12:37:00,,,,,Фартушный А. И.,Turkish Airlines,Выдача до 30 минут
2026-09-05,ЮТ 364 ,734,УФА,10,Y(А07),07:56,631,2026-09-05 08:08:00,2026-09-05 08:08:00,,2026-09-05 08:11:00,2026-09-05 08:19:00,2026-09-05 08:11:00,2026-09-05 08:19:00,2026-09-05 08:16:00,3.0,4.0,2026-09-05 08:23:00,2026-09-05 08:34:00,,0.0,2026-09-05 08:23:00,2026-09-05 08:24:00,,,,,Рустамов М. А.,Ютэйр,Выдача до 30 минут
2026-09-05,ДР 998 ,73Х,САМАРКАНД(САМАРКАНД ИНТЛ.),50,Y(А12),07:05,299,2026-09-05 07:14:00,2026-09-05 07:16:00,,2026-09-05 07:17:00,2026-09-05 07:22:00,2026-09-05 07:17:00,2026-09-05 07:22:00,2026-09-05 07:20:00,2.0,3.0,2026-09-05 07:26:00,2026-09-05 07:27:00,,0.0,2026-09-05 07:19:00,2026-09-05 07:26:00,,,,,Саидов А. С.,Победа,Выдача до 30 минут
2026-09-05,TK 3006 ,32Б,АНТАЛЬЯ,19,Y(А09),02:07,2252,2026-09-05 02:21:00,2026-09-05 02:21:00,,2026-09-05 02:26:00,2026-09-05 02:33:00,2026-09-05 02:26:00,2026-09-05 02:33:00,2026-09-05 02:40:00,,,2026-09-05 02:40:00,2026-09-05 02:48:00,,0.0,2026-09-05 02:35:00,2026-09-05 02:40:00,,,,,Рябчевский В. О.,Turkish Airlines,Выдача до 30 минут
2026-09-05,В2 981 ,Е75,МИНСК(МИНСК ИНТЛ.),29,Y(А13),07:42,222,2026-09-05 07:50:00,2026-09-05 07:52:00,,2026-09-05 07:53:00,2026-09-05 07:55:00,2026-09-05 07:53:00,2026-09-05 07:55:00,2026-09-05 07:55:00,,1.0,2026-09-05 07:58:00,2026-09-05 07:59:00,,0.0,2026-09-05 07:56:00,2026-09-05 07:58:00,,,,,Фанин Н. О.,Белавиа,Выдача до 30 минут
2026-09-05,ЯК 473 ,73В,ЯКУТСК,15,Y(А06),08:51,1182,2026-09-05 08:59:00,2026-09-05 09:01:00,,2026-09-05 09:02:00,2026-09-05 09:13:00,2026-09-05 09:02:00,2026-09-05 09:13:00,2026-09-05 09:08:00,5.0,6.0,2026-09-05 09:23:00,2026-09-05 09:25:00,4.0,0.0,2026-09-05 09:18:00,2026-09-05 09:24:00,,,,,Шамсов Б. С.,Якутия,Выдача до 30 минут
2026-09-05,А4 7020 ,СУ9,САНКТ-ПЕТЕРБУРГ(ПУЛКОВО),45,Y(А04),08:55,5,2026-09-05 09:03:00,2026-09-05 09:11:00,5.0,2026-09-05 09:12:00,2026-09-05 09:13:00,2026-09-05 09:12:00,2026-09-05 09:13:00,2026-09-05 09:07:00,6.0,1.0,2026-09-05 09:20:00,2026-09-05 09:21:00,,0.0,2026-09-05 09:12:00,2026-09-05 09:20:00,,,,,Фозылов Б. З.,Азимут,Выдача до 30 минут
2026-09-05,DV 809 ,738,АЛМАТЫ(АЛМАТЫ ИНТЛ.),19,Y(А13),09:04,1862,2026-09-05 09:16:00,2026-09-05 09:16:00,,2026-09-05 09:18:00,2026-09-05 09:32:00,2026-09-05 09:19:00,2026-09-05 09:32:00,2026-09-05 09:32:00,,1.0,2026-09-05 09:29:00,2026-09-05 09:38:00,,0.0,2026-09-05 09:23:00,2026-09-05 09:29:00,2026-09-05 09:32:00,2026-09-05 09:38:00,,,"Саидов А. С., Фартушный А. И.",SCAT Airlines,Выдача до 30 минут
2026-09-05,J2 807 ,319,БАКУ(ИМ. ГЕЙДАРА АЛИЕВА),30,Y(А09),09:09,1804,2026-09-05 09:19:00,2026-09-05 09:20:00,,2026-09-05 09:21:00,2026-09-05 09:36:00,2026-09-05 09:21:00,2026-09-05 09:36:00,2026-09-05 09:35:00,1.0,3.0,2026-09-05 09:30:00,2026-09-05 09:40:00,,0.0,2026-09-05 09:28:00,2026-09-05 09:31:00,2026-09-05 09:37:00,2026-09-05 09:41:00,,,Острых В. А.,AZAL,Выдача до 30 минут
2026-09-05,ФВ 6003 ,СУ9,САНКТ-ПЕТЕРБУРГ(ПУЛКОВО),9,Y(А04),09:27,28,2026-09-05 09:35:00,2026-09-05 09:37:00,,2026-09-05 09:40:00,2026-09-05 09:41:00,2026-09-05 09:40:00,2026-09-05 09:41:00,2026-09-05 09:39:00,2.0,1.0,2026-09-05 09:43:00,2026-09-05 09:44:00,,0.0,2026-09-05 09:41:00,2026-09-05 09:44:00,,,,,Рустамов М. А.,Россия,Выдача до 30 минут
2026-09-05,ДР 712 ,73Х,САМАРКАНД(САМАРКАНД ИНТЛ.),48,Y(А11),10:14,452,2026-09-05 10:23:00,2026-09-05 10:25:00,,2026-09-05 10:25:00,2026-09-05 10:29:00,2026-09-05 10:25:00,2026-09-05 10:29:00,2026-09-05 10:30:00,,1.0,2026-09-05 10:36:00,2026-09-05 10:38:00,,0.0,2026-09-05 10:30:00,2026-09-05 10:37:00,,,,,Науну М.,Победа,Выдача до 30 минут
2026-09-05,ВГ 2390 ,ЯК4,ВОЛОГДА,44,0,10:22,100,2026-09-05 10:28:00,2026-09-05 10:29:00,,2026-09-05 10:29:00,2026-09-05 10:30:00,2026-09-05 10:29:00,2026-09-05 10:30:00,2026-09-05 10:33:00,,,,-1,,0.0,,,,,,,Михайлов М. С.,Вологодское АП,Не определено
2026-09-05,ХИ 9621 ,320,АНДИЖАН,25,Y(А09),10:49,1906,2026-09-05 10:58:00,2026-09-05 10:58:00,,2026-09-05 11:02:00,2026-09-05 11:17:00,2026-09-05 11:02:00,2026-09-05 11:17:00,2026-09-05 11:15:00,2.0,2.0,2026-09-05 11:13:00,2026-09-05 11:24:00,,0.0,2026-09-05 11:09:00,2026-09-05 11:13:00,2026-09-05 11:20:00,2026-09-05 11:24:00,,,Конюхов Я. А.,UZBEKISTAN AIRWAYS,Выдача до 30 минут
2026-09-05,TK 413 ,333,СТАМБУЛ(СТАМБУЛ НЬЮ),23,Y(А10),10:53,4973,2026-09-05 11:01:00,2026-09-05 11:04:00,,2026-09-05 11:04:00,2026-09-05 11:27:00,2026-09-05 11:08:00,2026-09-05 11:27:00,2026-09-05 11:38:00,,,2026-09-05 11:21:00,2026-09-05 11:26:00,,0.0,2026-09-05 11:08:00,2026-09-05 11:20:00,2026-09-05 11:17:00,2026-09-05 11:34:00,2026-09-05 11:04:00,2026-09-05 11:27:00,"Баташан В. Ю., Корнилов Н. А.",Turkish Airlines,Выдача до 30 минут
2026-09-05,ДР 732 ,73Х,НУКУС,47,Y(А12),10:58,567,2026-09-05 11:02:00,2026-09-05 11:09:00,4.0,2026-09-05 11:05:00,2026-09-05 11:08:00,2026-09-05 11:05:00,2026-09-05 11:08:00,2026-09-05 11:10:00,,,2026-09-05 11:17:00,2026-09-05 11:19:00,,0.0,2026-09-05 11:10:00,2026-09-05 11:17:00,,,,,Науну М.,Победа,Выдача до 30 минут
2026-09-05,NE 606 ,320,ХУРГАДА(ХУРГАДА ИНТЛ.),26,Y(А13),11:09,1898,2026-09-05 11:16:00,2026-09-05 11:18:00,,2026-09-05 11:21:00,2026-09-05 11:40:00,2026-09-05 11:21:00,2026-09-05 11:40:00,2026-09-05 11:33:00,7.0,6.0,2026-09-05 11:35:00,2026-09-05 11:45:00,,0.0,2026-09-05 11:27:00,2026-09-05 11:32:00,2026-09-05 11:41:00,2026-09-05 11:45:00,,,Аганин А. А.,Nesma Airlines,Выдача до 30 минут
2026-09-05,ФВ 6007 ,СУ9,САНКТ-ПЕТЕРБУРГ(ПУЛКОВО),9,Y(А04),11:14,111,2026-09-05 11:24:00,2026-09-05 11:28:00,1.0,2026-09-05 11:26:00,2026-09-05 11:28:00,2026-09-05 11:26:00,2026-09-05 11:28:00,2026-09-05 11:29:00,,1.0,2026-09-05 11:30:00,2026-09-05 11:31:00,,0.0,2026-09-05 11:28:00,2026-09-05 11:30:00,,,,,Шамсов Б. С.,Россия,Выдача до 30 минут
2026-09-05,УР 412 ,763,ДАЛАМАН,18,Y(А09),11:20,2674,2026-09-05 11:28:00,2026-09-05 11:30:00,,2026-09-05 11:31:00,2026-09-05 11:45:00,2026-09-05 11:31:00,2026-09-05 11:45:00,2026-09-05 11:50:00,,,2026-09-05 11:44:00,2026-09-05 11:54:00,,0.0,2026-09-05 11:43:00,2026-09-05 11:45:00,2026-09-05 11:44:00,2026-09-05 11:52:00,,,Ушаков П. А.,FLYONE Armenia,Выдача до 30 минут
2026-09-05,TK 3076 ,321,ДАЛАМАН,19,Y(А10),11:29,2147,2026-09-05 11:36:00,2026-09-05 11:37:00,,2026-09-05 11:40:00,2026-09-05 11:55:00,2026-09-05 11:40:00,2026-09-05 11:55:00,2026-09-05 11:54:00,1.0,1.0,2026-09-05 11:52:00,2026-09-05 12:03:00,,0.0,2026-09-05 11:57:00,2026-09-05 12:03:00,,,,,Чеканов В. А.,Turkish Airlines,Выдача до 30 минут
2026-09-05,TK 3070 ,321,АНТАЛЬЯ,21,Y(А13),11:44,1948,2026-09-05 11:51:00,2026-09-05 11:55:00,1.0,2026-09-05 11:56:00,2026-09-05 12:11:00,2026-09-05 11:56:00,2026-09-05 12:11:00,2026-09-05 12:08:00,3.0,2.0,2026-09-05 12:10:00,2026-09-05 12:19:00,,0.0,2026-09-05 12:12:00,2026-09-05 12:17:00,,,,,Королев А. А.,Turkish Airlines,Выдача до 30 минут
2026-09-05,ЖГ 936 ,73Х,ТБИЛИСИ(ТБИЛИСИ ИНТЛ.),30,Y(А12),11:48,1297,2026-09-05 11:54:00,2026-09-05 11:57:00,,2026-09-05 11:57:00,2026-09-05 12:07:00,2026-09-05 11:57:00,2026-09-05 12:07:00,2026-09-05 12:07:00,,1.0,2026-09-05 12:12:00,2026-09-05 12:14:00,,0.0,2026-09-05 12:09:00,2026-09-05 12:13:00,,,,,Королёв Е. А.,GEORGIAN AIRWAYS,Выдача до 30 минут
2026-09-05,AZO 7072 ,СУ9,КУТАИСИ(КУТАИСИ ИНТЛ.),28,Y(А12),05:37,1505,2026-09-05 05:47:00,2026-09-05 05:54:00,4.0,2026-09-05 05:53:00,2026-09-05 06:05:00,2026-09-05 05:53:00,2026-09-05 06:05:00,2026-09-05 06:01:00,4.0,2.0,2026-09-05 06:02:00,2026-09-05 06:11:00,,0.0,2026-09-05 05:59:00,2026-09-05 06:02:00,2026-09-05 06:07:00,2026-09-05 06:13:00,,,Музафаров А. С.,GEORGIAN AIRWAYS,Выдача до 30 минут
2026-09-05,IA 241 ,7М8,БАГДАД(БАГДАД ИНТЛ.),20,Y(А10),11:52,3276,2026-09-05 11:58:00,2026-09-05 12:02:00,1.0,2026-09-05 12:01:00,2026-09-05 12:21:00,2026-09-05 12:01:00,2026-09-05 12:21:00,2026-09-05 12:24:00,,,2026-09-05 12:15:00,2026-09-05 12:27:00,,0.0,,,2026-09-05 12:10:00,2026-09-05 12:15:00,2026-09-05 12:22:00,2026-09-05 12:28:00,"Саидов А. С., Ушаков Г. А.",Iraqi Airways,Выдача до 30 минут
2026-09-05,ЮТ 560 ,734,МАХАЧКАЛА,17,Y(А07),08:47,485,2026-09-05 08:56:00,2026-09-05 08:56:00,,2026-09-05 09:01:00,2026-09-05 09:09:00,2026-09-05 09:01:00,2026-09-05 09:09:00,2026-09-05 09:03:00,6.0,5.0,2026-09-05 09:17:00,2026-09-05 09:18:00,1.0,0.0,2026-09-05 09:10:00,2026-09-05 09:16:00,,,,,Ушаков Г. А.,Ютэйр,Выдача до 30 минут
2026-09-05,ЮТ 464 ,73Х,ТЮМЕНЬ(РОЩИНО),12,Y(А06),19:17,1127,2026-09-05 19:26:00,2026-09-05 19:27:00,,2026-09-05 19:28:00,2026-09-05 19:37:00,2026-09-05 19:28:00,2026-09-05 19:37:00,2026-09-05 19:38:00,,1.0,2026-09-05 19:51:00,2026-09-05 19:52:00,5.0,0.0,2026-09-05 19:39:00,2026-09-05 19:49:00,,,,,Минченко А. И.,Ютэйр,Выдача до 30 минут
2026-09-05,ЮТ 352 ,735,ХАНТЫ-МАНСИЙСК,16,Y(А05),08:40,524,2026-09-05 08:48:00,2026-09-05 08:51:00,,2026-09-05 08:54:00,2026-09-05 08:58:00,2026-09-05 08:54:00,2026-09-05 08:58:00,2026-09-05 08:55:00,3.0,1.0,2026-09-05 09:03:00,2026-09-05 09:04:00,,0.0,2026-09-05 08:58:00,2026-09-05 09:02:00,,,,,Острых В. А.,Ютэйр,Выдача до 30 минут
2026-09-05,ЮТ 784 ,73Х,АНТАЛЬЯ,11,Y(А11),21:54,1503,2026-09-05 22:03:00,2026-09-05 22:06:00,,2026-09-05 22:06:00,2026-09-05 22:21:00,2026-09-05 22:06:00,2026-09-05 22:21:00,2026-09-05 22:17:00,4.0,5.0,2026-09-05 22:24:00,2026-09-05 22:32:00,,0.0,2026-09-05 22:17:00,2026-09-05 22:21:00,2026-09-05 22:27:00,2026-09-05 22:31:00,,,Фаёзов А. Р.,Ютэйр,Выдача до 30 минут
2026-09-05,TK 417 ,321,СТАМБУЛ(СТАМБУЛ НЬЮ),23,Y(А10),13:06,2764,2026-09-05 13:17:00,2026-09-05 13:19:00,,2026-09-05 13:22:00,2026-09-05 13:34:00,2026-09-05 13:22:00,2026-09-05 13:34:00,2026-09-05 13:39:00,,,2026-09-05 13:32:00,2026-09-05 13:40:00,,0.0,2026-09-05 13:23:00,2026-09-05 13:31:00,2026-09-05 13:36:00,2026-09-05 13:39:00,,,Ушаков П. А.,Turkish Airlines,Выдача до 30 минут
2026-09-05,PBD 736 ,73Х,ГАЗИПАША,48,Y(А11),19:11,1339,2026-09-05 19:21:00,2026-09-05 19:29:00,5.0,2026-09-05 19:23:00,2026-09-05 19:33:00,2026-09-05 19:23:00,2026-09-05 19:33:00,2026-09-05 19:34:00,,1.0,2026-09-05 19:31:00,2026-09-05 19:37:00,,0.0,2026-09-05 19:29:00,2026-09-05 19:35:00,2026-09-05 19:43:00,2026-09-05 19:50:00,,,Баташан В. Ю.,Победа,Выдача до 30 минут
2026-09-05,TK 3024 ,321,АНТАЛЬЯ,25,Y(А09),13:09,2690,2026-09-05 13:21:00,2026-09-05 13:24:00,,2026-09-05 13:25:00,2026-09-05 13:38:00,2026-09-05 13:25:00,2026-09-05 13:38:00,2026-09-05 13:43:00,,,2026-09-05 13:35:00,2026-09-05 13:43:00,,0.0,2026-09-05 13:25:00,2026-09-05 13:35:00,2026-09-05 13:40:00,2026-09-05 13:45:00,,,Аганин А. А.,Turkish Airlines,Выдача до 30 минут
2026-09-05,ФВ 6025 ,СУ9,САНКТ-ПЕТЕРБУРГ(ПУЛКОВО),9,Y(А04),13:26,118,2026-09-05 13:37:00,2026-09-05 13:37:00,,2026-09-05 13:40:00,2026-09-05 13:42:00,2026-09-05 13:40:00,2026-09-05 13:42:00,2026-09-05 13:42:00,,1.0,2026-09-05 13:44:00,2026-09-05 13:45:00,,0.0,2026-09-05 13:43:00,2026-09-05 13:46:00,,,,,Екимов С. С.,Россия,Выдача до 30 минут
2026-09-05,PC 388 ,32Щ,СТАМБУЛ(САБИХА ГОКЦЕН),19,Y(А13),13:29,2907,2026-09-05 13:37:00,2026-09-05 13:38:00,,2026-09-05 13:40:00,2026-09-05 13:53:00,2026-09-05 13:41:00,2026-09-05 13:53:00,2026-09-05 14:00:00,,,2026-09-05 13:54:00,2026-09-05 14:00:00,,0.0,2026-09-05 13:47:00,2026-09-05 13:52:00,2026-09-05 13:55:00,2026-09-05 14:01:00,,,"Науну М., Ушаков Г. А.",Pegasus,Выдача до 30 минут
2026-09-05,NE 608 ,320,ХУРГАДА(ХУРГАДА ИНТЛ.),30,Y(А11),13:32,1508,2026-09-05 13:43:00,2026-09-05 13:46:00,,2026-09-05 13:46:00,2026-09-05 14:01:00,2026-09-05 13:46:00,2026-09-05 14:01:00,2026-09-05 13:57:00,4.0,5.0,2026-09-05 13:56:00,2026-09-05 14:07:00,,0.0,2026-09-05 13:55:00,2026-09-05 13:56:00,2026-09-05 14:03:00,2026-09-05 14:07:00,,,Королёв Е. А.,Nesma Airlines,Выдача до 30 минут
2026-09-05,TK 3192 ,32Б,АНТАЛЬЯ,24,Y(А09),13:51,2125,2026-09-05 14:02:00,2026-09-05 14:04:00,,2026-09-05 14:07:00,2026-09-05 14:18:00,2026-09-05 14:07:00,2026-09-05 14:18:00,2026-09-05 14:20:00,,,2026-09-05 14:17:00,2026-09-05 14:22:00,,0.0,2026-09-05 14:15:00,2026-09-05 14:22:00,,,,,Рустамов М. А.,Turkish Airlines,Выдача до 30 минут
2026-09-05,ЖГ 937 ,735,БАТУМИ,29,Y(А12),13:01,0,2026-09-05 13:09:00,2026-09-05 13:12:00,,2026-09-05 13:12:00,2026-09-05 13:19:00,2026-09-05 13:12:00,2026-09-05 13:19:00,,,7.0,2026-09-05 13:24:00,2026-09-05 13:27:00,,0.0,2026-09-05 13:21:00,2026-09-05 13:27:00,,,,,Бородин А. В.,GEORGIAN AIRWAYS,Выдача до 30 минут
2026-09-05,ЮТ 744 ,734,ГЯНДЖА,21,Y(А10),14:11,2147,2026-09-05 14:20:00,2026-09-05 14:22:00,,2026-09-05 14:23:00,2026-09-05 14:38:00,2026-09-05 14:23:00,2026-09-05 14:38:00,2026-09-05 14:38:00,,1.0,2026-09-05 14:33:00,2026-09-05 14:43:00,,0.0,2026-09-05 14:28:00,2026-09-05 14:33:00,2026-09-05 14:41:00,2026-09-05 14:43:00,,,Острых В. А.,Ютэйр,Выдача до 30 минут
2026-09-05,ДР 992 ,73Х,ДУБАЙ(АЛЬ-МАКТУМ ИНТЛ),47,Y(А09),14:21,2459,2026-09-05 14:29:00,2026-09-05 14:34:00,2.0,2026-09-05 14:31:00,2026-09-05 14:46:00,2026-09-05 14:31:00,2026-09-05 14:46:00,2026-09-05 14:49:00,,,2026-09-05 14:42:00,2026-09-05 14:53:00,,0.0,2026-09-05 14:36:00,2026-09-05 14:42:00,2026-09-05 14:47:00,2026-09-05 14:53:00,,,"Бородин А. В., Екимов С. С.",Победа,Выдача до 30 минут
2026-09-05,FZ 989 ,7М8,ДУБАЙ(ДУБАЙ ИНТЛ.),26A,Y(А11),14:57,1743,2026-09-05 11:54:00,2026-09-05 15:11:00,194.0,2026-09-05 15:11:00,2026-09-05 15:21:00,2026-09-05 15:12:00,2026-09-05 15:21:00,2026-09-05 12:10:00,191.0,,2026-09-05 15:20:00,2026-09-05 15:28:00,186.0,184.0,2026-09-05 15:16:00,2026-09-05 15:20:00,2026-09-05 15:24:00,2026-09-05 15:28:00,,,"Королёв Е. А., Фартушный А. И.",flydubai,Выдача более 40 минут
2026-09-05,ГЗП 252 ,СУ9,ЯМБУРГ,Б36,Y(А05),15:01,518,2026-09-05 15:08:00,2026-09-05 15:09:00,,2026-09-05 15:11:00,2026-09-05 15:17:00,2026-09-05 15:11:00,2026-09-05 15:17:00,2026-09-05 15:15:00,2.0,3.0,2026-09-05 15:16:00,2026-09-05 15:19:00,,0.0,2026-09-05 15:20:00,2026-09-05 15:36:00,,,,,Королев А. А.,Газпром авиа,Выдача до 30 минут
2026-09-05,TK 3046 ,321,АНТАЛЬЯ,20,Y(А10),15:07,2419,2026-09-05 15:16:00,2026-09-05 15:17:00,,2026-09-05 15:20:00,2026-09-05 15:36:00,2026-09-05 15:20:00,2026-09-05 15:36:00,2026-09-05 15:36:00,,,2026-09-05 15:30:00,2026-09-05 15:35:00,,0.0,2026-09-05 15:25:00,2026-09-05 15:30:00,2026-09-05 15:24:00,2026-09-05 15:36:00,,,"Острых В. А., Шамсов Б. С.",Turkish Airlines,Выдача до 30 минут
2026-09-05,NE 644 ,321,ШАРМ ЭЛЬ ШЕЙХ(ШАРМ ЭЛЬ ШЕЙХ ИНТЛ.),23,Y(А09),15:12,2224,2026-09-05 15:30:00,2026-09-05 15:30:00,,2026-09-05 15:34:00,2026-09-05 15:52:00,2026-09-05 15:34:00,2026-09-05 15:52:00,2026-09-05 15:49:00,3.0,3.0,2026-09-05 15:44:00,2026-09-05 15:57:00,,0.0,2026-09-05 15:42:00,2026-09-05 15:43:00,2026-09-05 15:54:00,2026-09-05 15:58:00,,,Бородин А. В.,Nesma Airlines,Выдача до 30 минут
2026-09-05,ЖГ 926 ,73Х,ТБИЛИСИ(ТБИЛИСИ ИНТЛ.),30,Y(А10),15:36,1828,2026-09-05 15:42:00,2026-09-05 15:44:00,,2026-09-05 15:46:00,2026-09-05 15:57:00,2026-09-05 15:47:00,2026-09-05 15:57:00,2026-09-05 15:58:00,,,2026-09-05 15:55:00,2026-09-05 16:02:00,,0.0,2026-09-05 15:51:00,2026-09-05 15:54:00,2026-09-05 15:58:00,2026-09-05 16:01:00,,,"Корнилов Н. А., Саидов А. С.",GEORGIAN AIRWAYS,Выдача до 30 минут
2026-09-05,ФВ 6037 ,СУ9,САНКТ-ПЕТЕРБУРГ(ПУЛКОВО),9,Y(А04),16:13,309,2026-09-05 16:21:00,2026-09-05 16:22:00,,2026-09-05 16:24:00,2026-09-05 16:29:00,2026-09-05 16:24:00,2026-09-05 16:29:00,2026-09-05 16:27:00,2.0,3.0,2026-09-05 16:31:00,2026-09-05 16:32:00,,0.0,2026-09-05 16:29:00,2026-09-05 16:30:00,,,,,Екимов С. С.,Россия,Выдача до 30 минут
2026-09-05,ФВ 6027 ,СУ9,САНКТ-ПЕТЕРБУРГ(ПУЛКОВО),8,Y(А04),14:15,164,2026-09-05 14:28:00,2026-09-05 14:32:00,1.0,2026-09-05 14:31:00,2026-09-05 14:34:00,2026-09-05 14:31:00,2026-09-05 14:34:00,2026-09-05 14:33:00,1.0,2.0,2026-09-05 14:37:00,2026-09-05 14:38:00,,0.0,2026-09-05 14:37:00,2026-09-05 14:38:00,,,,,Баташан В. Ю.,Россия,Выдача до 30 минут
2026-09-05,В2 979 ,733,МИНСК(МИНСК ИНТЛ.),29,Y(А13),16:38,765,2026-09-05 16:45:00,2026-09-05 16:45:00,,2026-09-05 16:48:00,2026-09-05 16:54:00,2026-09-05 16:48:00,2026-09-05 16:54:00,2026-09-05 16:54:00,,1.0,2026-09-05 17:00:00,2026-09-05 17:02:00,,0.0,2026-09-05 16:55:00,2026-09-05 17:00:00,,,,,Конюхов Я. А.,Белавиа,Выдача до 30 минут
2026-09-05,ДР 116 ,73Х,СОЧИ,50,Y(А06),18:22,802,2026-09-05 18:29:00,2026-09-05 18:32:00,,2026-09-05 18:32:00,2026-09-05 18:37:00,2026-09-05 18:32:00,2026-09-05 18:37:00,2026-09-05 18:38:00,,,2026-09-05 18:44:00,2026-09-05 18:47:00,,0.0,2026-09-05 18:39:00,2026-09-05 18:45:00,,,,,Баташан В. Ю.,Победа,Выдача до 30 минут
2026-09-05,УР 512 ,75В,БОДРУМ(МИЛАС),18,Y(А12),18:59,1207,2026-09-05 19:07:00,2026-09-05 19:11:00,1.0,2026-09-05 19:10:00,2026-09-05 19:18:00,2026-09-05 19:10:00,2026-09-05 19:18:00,2026-09-05 19:19:00,,,2026-09-05 19:23:00,2026-09-05 19:27:00,,0.0,2026-09-05 19:11:00,2026-09-05 19:24:00,,,,,Андреев А. М.,FLYONE Armenia,Выдача до 30 минут
2026-09-05,3F 809 ,320,ЕРЕВАН(ЗВАРТНОЦ ИНТЛ),27,Y(А13),12:23,2017,2026-09-05 12:34:00,2026-09-05 12:35:00,,2026-09-05 12:38:00,2026-09-05 12:51:00,2026-09-05 12:38:00,2026-09-05 12:51:00,2026-09-05 12:51:00,,,2026-09-05 12:48:00,2026-09-05 12:58:00,,0.0,2026-09-05 12:53:00,2026-09-05 12:58:00,2026-09-05 12:44:00,2026-09-05 12:49:00,,,Рустамов М. А.,FLYONE Armenia,Выдача до 30 минут
2026-09-05,ЮТ 250 ,73Х,СОЧИ,13,Y(А06),18:50,1079,2026-09-05 18:58:00,2026-09-05 18:59:00,,2026-09-05 19:01:00,2026-09-05 19:13:00,2026-09-05 19:01:00,2026-09-05 19:13:00,2026-09-05 19:09:00,4.0,5.0,2026-09-05 19:19:00,2026-09-05 19:20:00,1.0,0.0,2026-09-05 19:08:00,2026-09-05 19:18:00,,,,,Фартушный А. И.,Ютэйр,Выдача до 30 минут
2026-09-05,ГЗП 706 ,СУ9,НОВЫЙ УРЕНГОЙ,Б37,Y(А07),17:05,508,2026-09-05 17:13:00,2026-09-05 17:13:00,,2026-09-05 17:17:00,2026-09-05 17:23:00,2026-09-05 17:17:00,2026-09-05 17:23:00,2026-09-05 17:20:00,3.0,3.0,2026-09-05 17:42:00,2026-09-05 17:43:00,,0.0,2026-09-05 17:24:00,2026-09-05 17:42:00,,,,,Фартушный А. И.,Газпром авиа,Выдача до 30 минут
2026-09-05,ЮТ 746 ,73Х,БАКУ(ИМ. ГЕЙДАРА АЛИЕВА),16,Y(А09),17:09,1816,2026-09-05 17:18:00,2026-09-05 17:21:00,,2026-09-05 17:21:00,2026-09-05 17:39:00,2026-09-05 17:21:00,2026-09-05 17:39:00,2026-09-05 17:34:00,5.0,6.0,2026-09-05 17:47:00,2026-09-05 17:48:00,,0.0,2026-09-05 17:31:00,2026-09-05 17:37:00,2026-09-05 17:40:00,2026-09-05 17:44:00,,,Бородин А. В.,Ютэйр,Выдача до 30 минут
2026-09-05,ФВ 6175 ,СУ9,САНКТ-ПЕТЕРБУРГ(ПУЛКОВО),8,Y(А04),17:17,211,2026-09-05 17:27:00,2026-09-05 17:30:00,,2026-09-05 17:31:00,2026-09-05 17:35:00,2026-09-05 17:31:00,2026-09-05 17:35:00,2026-09-05 17:32:00,3.0,3.0,2026-09-05 17:38:00,2026-09-05 17:39:00,,0.0,2026-09-05 17:36:00,2026-09-05 17:39:00,,,,,Саидов А. С.,Россия,Выдача до 30 минут
2026-09-05,3F 325 ,320,ЕРЕВАН(ЗВАРТНОЦ ИНТЛ),25,Y(А13),17:20,1393,2026-09-05 17:29:00,2026-09-05 17:30:00,,2026-09-05 17:34:00,2026-09-05 17:45:00,2026-09-05 17:35:00,2026-09-05 17:45:00,2026-09-05 17:42:00,3.0,1.0,2026-09-05 17:46:00,2026-09-05 17:53:00,,0.0,2026-09-05 17:43:00,2026-09-05 17:45:00,2026-09-05 17:47:00,2026-09-05 17:51:00,,,"Андреев А. М., Екимов С. С.",FLYONE Armenia,Выдача до 30 минут
2026-09-05,ДР 836 ,73Х,ГАЗИПАША,48,Y(А12),17:27,1420,2026-09-05 17:33:00,2026-09-05 17:34:00,,2026-09-05 17:36:00,2026-09-05 17:48:00,2026-09-05 17:36:00,2026-09-05 17:48:00,2026-09-05 17:46:00,2.0,3.0,2026-09-05 17:49:00,2026-09-05 17:55:00,,0.0,2026-09-05 17:43:00,2026-09-05 17:49:00,2026-09-05 17:50:00,2026-09-05 17:56:00,,,Корнилов Н. А.,Победа,Выдача до 30 минут
2026-09-05,ДР 160 ,7С8,КРАСНОДАР(ПАШКОВСКИЙ),49,Y(А06),17:30,784,2026-09-05 17:36:00,2026-09-05 17:40:00,1.0,2026-09-05 17:39:00,2026-09-05 17:45:00,2026-09-05 17:39:00,2026-09-05 17:45:00,2026-09-05 17:45:00,,1.0,2026-09-05 17:54:00,2026-09-05 17:56:00,,0.0,2026-09-05 17:48:00,2026-09-05 17:55:00,,,,,Науну М.,Победа,Выдача до 30 минут
2026-09-05,AZO 7054 ,СУ9,БАТУМИ,59,Y(А11),17:33,869,2026-09-05 17:50:00,2026-09-05 17:52:00,,2026-09-05 17:54:00,2026-09-05 18:00:00,2026-09-05 17:54:00,2026-09-05 18:00:00,2026-09-05 18:00:00,,,2026-09-05 18:08:00,2026-09-05 18:11:00,,0.0,2026-09-05 18:05:00,2026-09-05 18:08:00,,,,,Острых В. А.,GEORGIAN AIRWAYS,Выдача до 30 минут
2026-09-05,ЮТ 374 ,734,МИНЕРАЛЬНЫЕ ВОДЫ,10,Y(А06),18:00,903,2026-09-05 18:09:00,2026-09-05 18:09:00,,2026-09-05 18:11:00,2026-09-05 18:24:00,2026-09-05 18:11:00,2026-09-05 18:24:00,2026-09-05 18:19:00,5.0,7.0,2026-09-05 18:28:00,2026-09-05 18:30:00,,0.0,2026-09-05 18:16:00,2026-09-05 18:28:00,,,,,Саидов А. С.,Ютэйр,Выдача до 30 минут
2026-09-05,ЯК 474 ,73В,СОЧИ,14,Y(А05),18:03,1165,2026-09-05 18:10:00,2026-09-05 18:12:00,,2026-09-05 18:12:00,2026-09-05 18:22:00,2026-09-05 18:12:00,2026-09-05 18:22:00,2026-09-05 18:18:00,4.0,6.0,2026-09-05 18:23:00,2026-09-05 18:24:00,,0.0,2026-09-05 18:19:00,2026-09-05 18:25:00,,,,,Шамсов Б. С.,Якутия,Выдача до 30 минут
2026-09-05,TK 415 ,32Б,СТАМБУЛ(СТАМБУЛ НЬЮ),20,Y(А10),18:12,3303,2026-09-05 18:22:00,2026-09-05 18:23:00,,2026-09-05 18:24:00,2026-09-05 18:38:00,2026-09-05 18:24:00,2026-09-05 18:38:00,2026-09-05 18:48:00,,,2026-09-05 18:37:00,2026-09-05 18:44:00,,0.0,2026-09-05 18:29:00,2026-09-05 18:37:00,2026-09-05 18:33:00,2026-09-05 18:44:00,,,Королев А. А.,Turkish Airlines,Выдача до 30 минут
2026-09-05,ЯМ 597 ,73Х,МИРНЫЙ,3,Y(А05),16:52,1470,2026-09-05 17:01:00,2026-09-05 17:03:00,,2026-09-05 17:05:00,2026-09-05 17:22:00,2026-09-05 17:05:00,2026-09-05 17:22:00,2026-09-05 17:15:00,7.0,7.0,2026-09-05 17:21:00,2026-09-05 17:29:00,,0.0,2026-09-05 17:15:00,2026-09-05 17:18:00,2026-09-05 17:25:00,2026-09-05 17:30:00,,,Королёв Е. А.,Алроса,Выдача до 30 минут
2026-09-05,ЮТ 456 ,73Е,НОЯБРЬСК,26,Y(А04),18:28,468,2026-09-05 18:37:00,2026-09-05 18:40:00,,2026-09-05 18:42:00,2026-09-05 18:46:00,2026-09-05 18:42:00,2026-09-05 18:46:00,2026-09-05 18:44:00,2.0,1.0,2026-09-05 18:53:00,2026-09-05 18:56:00,,0.0,2026-09-05 18:48:00,2026-09-05 18:52:00,,,,,Бородин А. В.,Ютэйр,Выдача до 30 минут
2026-09-05,ЮТ 576 ,735,КРАСНОДАР(ПАШКОВСКИЙ),57,Y(А05),18:43,780,2026-09-05 18:57:00,2026-09-05 18:58:00,,2026-09-05 19:02:00,2026-09-05 19:09:00,2026-09-05 19:02:00,2026-09-05 19:09:00,2026-09-05 19:06:00,3.0,2.0,2026-09-05 19:19:00,2026-09-05 19:20:00,,0.0,2026-09-05 18:52:00,2026-09-05 19:18:00,,,,,Корнилов Н. А.,Ютэйр,Выдача до 30 минут
2026-09-05,PBD 840 ,73Х,АНТАЛЬЯ,49,Y(А11),18:47,1428,2026-09-05 18:58:00,2026-09-05 19:00:00,,2026-09-05 19:00:00,2026-09-05 19:13:00,2026-09-05 19:01:00,2026-09-05 19:13:00,2026-09-05 19:12:00,1.0,2.0,2026-09-05 19:14:00,2026-09-05 19:22:00,,0.0,2026-09-05 19:07:00,2026-09-05 19:14:00,2026-09-05 19:02:00,2026-09-05 19:27:00,,,"Науну М., Фозылов Б. З.",Победа,Выдача до 30 минут
2026-09-05,ЮТ 398 ,735,ГЕЛЕНДЖИК,17,Y(А07),19:03,909,2026-09-05 19:10:00,2026-09-05 19:11:00,,2026-09-05 19:13:00,2026-09-05 19:23:00,2026-09-05 19:13:00,2026-09-05 19:23:00,2026-09-05 19:20:00,3.0,4.0,2026-09-05 19:32:00,2026-09-05 19:33:00,2.0,0.0,2026-09-05 19:21:00,2026-09-05 19:34:00,,,,,Федоров Н. В.,Ютэйр,Выдача до 30 минут
2026-09-05,НВЦ 9152 ,32Щ,САБЕТТА,13,Y(А06),16:48,2164,2026-09-05 17:01:00,2026-09-05 17:02:00,,2026-09-05 17:03:00,2026-09-05 17:20:00,2026-09-05 17:03:00,2026-09-05 17:20:00,2026-09-05 17:19:00,1.0,3.0,2026-09-05 17:12:00,2026-09-05 17:26:00,,0.0,2026-09-05 17:09:00,2026-09-05 17:12:00,2026-09-05 17:22:00,2026-09-05 17:26:00,,,Рустамов М. А.,Северо-Запад,Выдача до 30 минут
2026-09-05,4S 333 ,7С8,ШАРМ ЭЛЬ ШЕЙХ(ШАРМ ЭЛЬ ШЕЙХ ИНТЛ.),22,Y(А12),14:44,1968,2026-09-05 14:57:00,2026-09-05 14:58:00,,2026-09-05 15:01:00,2026-09-05 15:14:00,2026-09-05 15:01:00,2026-09-05 15:14:00,2026-09-05 15:14:00,,,2026-09-05 15:11:00,2026-09-05 15:23:00,,0.0,2026-09-05 15:06:00,2026-09-05 15:11:00,2026-09-05 15:15:00,2026-09-05 15:20:00,,,Конюхов Я. А.,Red Sea,Выдача до 30 минут
2026-09-05,А4 7010 ,СУ9,ТБИЛИСИ(ТБИЛИСИ ИНТЛ.),24,Y(А12),15:53,1455,2026-09-05 16:04:00,2026-09-05 16:07:00,,2026-09-05 16:06:00,2026-09-05 16:19:00,2026-09-05 16:06:00,2026-09-05 16:19:00,2026-09-05 16:18:00,1.0,3.0,2026-09-05 16:17:00,2026-09-05 16:24:00,,0.0,2026-09-05 16:13:00,2026-09-05 16:18:00,2026-09-05 16:20:00,2026-09-05 16:24:00,,,Рустамов М. А.,Азимут,Выдача до 30 минут
2026-09-05,ФВ 6179 ,СУ9,САНКТ-ПЕТЕРБУРГ(ПУЛКОВО),8,Y(А04),19:26,236,2026-09-05 19:38:00,2026-09-05 19:39:00,,2026-09-05 19:40:00,2026-09-05 19:43:00,2026-09-05 19:40:00,2026-09-05 19:43:00,2026-09-05 19:44:00,,1.0,2026-09-05 19:49:00,2026-09-05 19:50:00,,0.0,2026-09-05 19:43:00,2026-09-05 19:46:00,,,,,Музафаров А. С.,Россия,Выдача до 30 минут
2026-09-05,ЮТ 296 ,73Х,СУРГУТ,15,Y(А05),19:30,652,2026-09-05 19:38:00,2026-09-05 19:38:00,,2026-09-05 19:43:00,2026-09-05 19:49:00,2026-09-05 19:43:00,2026-09-05 19:49:00,2026-09-05 19:46:00,3.0,2.0,2026-09-05 19:58:00,2026-09-05 20:00:00,,0.0,2026-09-05 19:54:00,2026-09-05 19:59:00,,,,,Ушаков М. В.,Ютэйр,Выдача до 30 минут
2026-09-05,ХИ 9627 ,32Н,ФЕРГАНА(ФЕРГАНА ИНТЛ.),22,Y(А10),19:34,2421,2026-09-05 19:48:00,2026-09-05 19:48:00,,2026-09-05 19:48:00,2026-09-05 20:04:00,2026-09-05 19:49:00,2026-09-05 20:04:00,2026-09-05 20:08:00,,,2026-09-05 20:01:00,2026-09-05 20:11:00,,0.0,2026-09-05 20:01:00,2026-09-05 20:02:00,2026-09-05 20:06:00,2026-09-05 20:11:00,,,"Лаптев В. В., Чеканов В. А.",UZBEKISTAN AIRWAYS,Выдача до 30 минут
2026-09-05,ЮТ 802 ,762,ДУШАНБЕ(ДУШАНБЕ ИНТЛ.),19,Y(А09),19:38,4126,2026-09-05 19:47:00,2026-09-05 19:48:00,,2026-09-05 19:53:00,2026-09-05 20:10:00,2026-09-05 19:53:00,2026-09-05 20:10:00,2026-09-05 20:19:00,,,2026-09-05 20:07:00,2026-09-05 20:15:00,,0.0,2026-09-05 19:59:00,2026-09-05 20:19:00,2026-09-05 19:32:00,2026-09-05 20:09:00,,,Федоров Н. В.,Ютэйр,Выдача до 30 минут
2026-09-05,PBD 860 ,73Х,АНТАЛЬЯ,50,Y(А11),19:42,1383,2026-09-05 19:48:00,2026-09-05 19:48:00,,2026-09-05 19:50:00,2026-09-05 20:00:00,2026-09-05 19:50:00,2026-09-05 20:00:00,2026-09-05 20:01:00,,1.0,2026-09-05 20:04:00,2026-09-05 20:15:00,,0.0,2026-09-05 19:51:00,2026-09-05 20:03:00,2026-09-05 20:08:00,2026-09-05 20:19:00,,,Пельгуев Д.,Победа,Выдача до 30 минут
2026-09-05,ДР 114 ,73Х,СОЧИ,47,Y(А06),19:45,767,2026-09-05 19:52:00,2026-09-05 19:58:00,3.0,2026-09-05 19:55:00,2026-09-05 20:00:00,2026-09-05 19:55:00,2026-09-05 20:00:00,2026-09-05 20:01:00,,,2026-09-05 20:08:00,2026-09-05 20:09:00,,0.0,2026-09-05 20:00:00,2026-09-05 20:09:00,,,,,Михайлов М. С.,Победа,Выдача до 30 минут
2026-09-05,NE 640 ,321,ШАРМ ЭЛЬ ШЕЙХ(ШАРМ ЭЛЬ ШЕЙХ ИНТЛ.),29,Y(А10),19:48,2053,2026-09-05 20:00:00,2026-09-05 20:00:00,,2026-09-05 20:04:00,2026-09-05 20:19:00,2026-09-05 20:04:00,2026-09-05 20:19:00,2026-09-05 20:18:00,1.0,1.0,2026-09-05 20:14:00,2026-09-05 20:25:00,,0.0,2026-09-05 20:09:00,2026-09-05 20:14:00,2026-09-05 20:22:00,2026-09-05 20:27:00,,,Фаёзов А. Р.,Nesma Airlines,Выдача до 30 минут
2026-09-05,ХИ 9619 ,32Н,НАМАНГАН,24,Y(А12),20:18,2204,2026-09-05 20:30:00,2026-09-05 20:33:00,,2026-09-05 20:34:00,2026-09-05 20:51:00,2026-09-05 20:34:00,2026-09-05 20:51:00,2026-09-05 20:49:00,2.0,2.0,2026-09-05 20:48:00,2026-09-05 20:56:00,,0.0,2026-09-05 20:44:00,2026-09-05 20:49:00,2026-09-05 20:58:00,2026-09-05 21:02:00,,,Андреев А. М.,UZBEKISTAN AIRWAYS,Выдача до 30 минут
2026-09-05,ФВ 6181 ,СУ9,САНКТ-ПЕТЕРБУРГ(ПУЛКОВО),9,Y(А04),20:25,147,2026-09-05 20:33:00,2026-09-05 20:35:00,,2026-09-05 20:38:00,2026-09-05 20:40:00,2026-09-05 20:38:00,2026-09-05 20:40:00,2026-09-05 20:38:00,2.0,1.0,2026-09-05 20:43:00,2026-09-05 20:44:00,,0.0,2026-09-05 20:41:00,2026-09-05 20:43:00,,,,,Баташан В. Ю.,Россия,Выдача до 30 минут
2026-09-05,ДР 404 ,7С8,ЕКАТЕРИНБУРГ(КОЛЬЦОВО),46,"Y(А05),Y(А07)",20:28,557,2026-09-05 19:29:00,2026-09-05 20:37:00,65.0,2026-09-05 20:43:00,2026-09-05 20:50:00,2026-09-05 20:43:00,2026-09-05 20:50:00,2026-09-05 19:37:00,73.0,3.0,2026-09-05 20:58:00,2026-09-05 20:59:00,59.0,60.0,2026-09-05 20:44:00,2026-09-05 20:59:00,,,,,Ушаков М. В.,Победа,Выдача более 40 минут
2026-09-05,ДР 158 ,73Х,КРАСНОДАР(ПАШКОВСКИЙ),49,Y(А05),20:33,516,2026-09-05 20:44:00,2026-09-05 20:46:00,,2026-09-05 20:47:00,2026-09-05 20:51:00,2026-09-05 20:47:00,2026-09-05 20:51:00,2026-09-05 20:51:00,,1.0,2026-09-05 20:58:00,2026-09-05 20:59:00,,0.0,2026-09-05 20:51:00,2026-09-05 20:57:00,,,,,Чеканов В. А.,Победа,Выдача до 30 минут
2026-09-05,ЮТ 808 ,73Х,БУХАРА(БУХАРА ИНТЛ.),21,Y(А11),20:36,861,2026-09-05 20:43:00,2026-09-05 20:45:00,,2026-09-05 20:47:00,2026-09-05 20:56:00,2026-09-05 20:47:00,2026-09-05 20:56:00,2026-09-05 20:53:00,3.0,3.0,2026-09-05 21:03:00,2026-09-05 21:05:00,,0.0,2026-09-05 20:58:00,2026-09-05 21:04:00,,,,,Музафаров А. С.,Ютэйр,Выдача до 30 минут
2026-09-05,ЮТ 400 ,73Х,ГРОЗНЫЙ(СЕВЕРНЫЙ),14,Y(А05),20:43,484,2026-09-05 20:54:00,2026-09-05 20:56:00,,2026-09-05 21:00:00,2026-09-05 21:09:00,2026-09-05 21:00:00,2026-09-05 21:09:00,2026-09-05 21:01:00,8.0,6.0,2026-09-05 21:15:00,2026-09-05 21:16:00,1.0,0.0,2026-09-05 21:11:00,2026-09-05 21:16:00,,,,,Гафуров О. Ф.,Ютэйр,Выдача до 30 минут
2026-09-05,NE 648 ,320,ШАРМ ЭЛЬ ШЕЙХ(ШАРМ ЭЛЬ ШЕЙХ ИНТЛ.),26,Y(А09),21:00,1504,2026-09-05 21:13:00,2026-09-05 21:15:00,,2026-09-05 21:17:00,2026-09-05 21:31:00,2026-09-05 21:17:00,2026-09-05 21:31:00,2026-09-05 21:27:00,4.0,4.0,2026-09-05 21:29:00,2026-09-05 21:36:00,,0.0,2026-09-05 21:24:00,2026-09-05 21:30:00,2026-09-05 21:37:00,2026-09-05 21:38:00,,,Науну М.,Nesma Airlines,Выдача до 30 минут
2026-09-05,DV 815 ,7М8,АЛМАТЫ(АЛМАТЫ ИНТЛ.),20,Y(А13),21:06,1577,2026-09-05 21:16:00,2026-09-05 21:17:00,,2026-09-05 21:17:00,2026-09-05 21:30:00,2026-09-05 21:17:00,2026-09-05 21:30:00,2026-09-05 21:31:00,,2.0,2026-09-05 21:25:00,2026-09-05 21:34:00,,0.0,2026-09-05 21:22:00,2026-09-05 21:26:00,2026-09-05 21:30:00,2026-09-05 21:44:00,,,"Фартушный А. И., Шамсов Б. С.",SCAT Airlines,Выдача до 30 минут
2026-09-05,ДР 206 ,7С8,САНКТ-ПЕТЕРБУРГ(ПУЛКОВО),48,Y(А04),21:14,234,2026-09-05 21:20:00,2026-09-05 21:24:00,1.0,2026-09-05 21:28:00,2026-09-05 21:30:00,2026-09-05 21:28:00,2026-09-05 21:30:00,2026-09-05 21:26:00,4.0,,2026-09-05 21:37:00,2026-09-05 21:38:00,,0.0,2026-09-05 21:32:00,2026-09-05 21:39:00,,,,,Ушаков М. В.,Победа,Выдача до 30 минут
2026-09-05,ДР 466 ,7С8,УЛЬЯНОВСК(БАРАТАЕВКА),50,Y(А05),21:45,451,2026-09-05 21:51:00,2026-09-05 21:53:00,,2026-09-05 21:54:00,2026-09-05 22:01:00,2026-09-05 21:54:00,2026-09-05 22:01:00,2026-09-05 21:58:00,3.0,4.0,2026-09-05 22:13:00,2026-09-05 22:15:00,,0.0,2026-09-05 21:57:00,2026-09-05 22:08:00,,,,,Скулов Е. С.,Победа,Выдача до 30 минут
2026-09-05,ЮВ 301 ,ЦР2,БУГУЛЬМА,45,Y(А05),21:37,481,2026-09-05 21:44:00,2026-09-05 21:44:00,,2026-09-05 21:47:00,2026-09-05 21:52:00,2026-09-05 21:47:00,2026-09-05 21:52:00,2026-09-05 21:51:00,1.0,2.0,2026-09-05 22:08:00,2026-09-05 22:09:00,,0.0,2026-09-05 21:52:00,2026-09-05 22:08:00,,,,,Федоров Н. В.,ЮВТ АЭРО,Выдача до 30 минут
2026-09-05,ДР 994 ,7С8,СТАМБУЛ(СТАМБУЛ НЬЮ),47,Y(А10),21:41,2032,2026-09-05 21:48:00,2026-09-05 21:50:00,,2026-09-05 21:50:00,2026-09-05 22:05:00,2026-09-05 21:50:00,2026-09-05 22:05:00,2026-09-05 22:06:00,,1.0,2026-09-05 22:02:00,2026-09-05 22:15:00,,0.0,2026-09-05 21:55:00,2026-09-05 22:02:00,2026-09-05 22:09:00,2026-09-05 22:15:00,,,Пельгуев Д.,Победа,Выдача до 30 минут
2026-09-05,J2 803 ,763,БАКУ(ИМ. ГЕЙДАРА АЛИЕВА),19,Y(А09),22:00,3243,2026-09-05 22:14:00,2026-09-05 22:16:00,,2026-09-05 22:18:00,2026-09-05 22:32:00,2026-09-05 22:18:00,2026-09-05 22:32:00,2026-09-05 22:40:00,,,2026-09-05 22:36:00,2026-09-05 22:39:00,2.0,0.0,2026-09-05 22:18:00,2026-09-05 22:36:00,2026-09-05 22:13:00,2026-09-05 22:39:00,,,Фартушный А. И.,AZAL,Выдача до 30 минут
2026-09-05,ХИ 613 ,788,ТАШКЕНТ(ТАШКЕНТ ИНТЛ.),23,Y(А10),20:06,3858,2026-09-05 20:22:00,2026-09-05 20:25:00,,2026-09-05 20:28:00,2026-09-05 20:54:00,2026-09-05 20:28:00,2026-09-05 20:54:00,2026-09-05 20:52:00,2.0,,2026-09-05 20:42:00,2026-09-05 20:55:00,,3.0,2026-09-05 20:28:00,2026-09-05 20:54:00,2026-09-05 20:53:00,2026-09-05 21:05:00,,,Минченко А. И.,UZBEKISTAN AIRWAYS,Выдача от 30 до 40 минут
2026-09-05,ДР 856 ,73Х,ГЮМРИ(ШИРАК),44,Y(А13),19:22,1327,2026-09-05 19:29:00,2026-09-05 19:31:00,,2026-09-05 19:32:00,2026-09-05 19:41:00,2026-09-05 19:32:00,2026-09-05 19:41:00,2026-09-05 19:42:00,,,2026-09-05 19:51:00,2026-09-05 20:03:00,,4.0,2026-09-05 19:38:00,2026-09-05 19:47:00,2026-09-05 19:59:00,2026-09-05 20:07:00,,,Скулов Е. С.,Победа,Выдача от 30 до 40 минут
2026-09-05,ФВ 6185 ,СУ9,САНКТ-ПЕТЕРБУРГ(ПУЛКОВО),8,Y(А04),22:18,60,2026-09-05 22:28:00,2026-09-05 22:30:00,,2026-09-05 22:34:00,2026-09-05 22:35:00,2026-09-05 22:34:00,2026-09-05 22:35:00,2026-09-05 22:32:00,3.0,1.0,2026-09-05 22:39:00,2026-09-05 22:40:00,,0.0,2026-09-05 22:35:00,2026-09-05 22:40:00,,,,,Науну М.,Россия,Выдача до 30 минут
2026-09-05,FZ 951 ,7М8,ДУБАЙ(ДУБАЙ ИНТЛ.),29,Y(А12),22:43,722,2026-09-05 22:54:00,2026-09-05 22:54:00,,2026-09-05 22:56:00,2026-09-05 23:02:00,2026-09-05 22:56:00,2026-09-05 23:02:00,2026-09-05 23:03:00,,1.0,2026-09-05 23:06:00,2026-09-05 23:08:00,,0.0,2026-09-05 23:03:00,2026-09-05 23:06:00,,,,,"Гафуров О. Ф., Чеканов В. А.",flydubai,Выдача до 30 минут
2026-09-05,DV 813 ,738,АСТАНА(НУРСУЛТАН НАЗАРБАЕВ),20,Y(А13),22:49,966,2026-09-05 22:56:00,2026-09-05 22:59:00,,2026-09-05 23:00:00,2026-09-05 23:08:00,2026-09-05 23:00:00,2026-09-05 23:08:00,2026-09-05 23:06:00,2.0,2.0,2026-09-05 23:12:00,2026-09-05 23:15:00,,0.0,2026-09-05 23:08:00,2026-09-05 23:12:00,,,,,Лаптев В. В.,SCAT Airlines,Выдача до 30 минут
2026-09-05,TK 411 ,333,СТАМБУЛ(СТАМБУЛ НЬЮ),23,Y(А10),22:53,4473,2026-09-05 23:07:00,2026-09-05 23:07:00,,2026-09-05 23:09:00,2026-09-05 23:26:00,2026-09-05 23:10:00,2026-09-05 23:26:00,2026-09-05 23:41:00,,,2026-09-05 23:18:00,2026-09-05 23:28:00,,0.0,2026-09-05 23:10:00,2026-09-05 23:26:00,2026-09-05 23:11:00,2026-09-05 23:43:00,,,"Королев А. А., Михайлов М. С.",Turkish Airlines,Выдача до 30 минут
2026-09-05,А4 7036 ,СУ9,ПСКОВ(КРЕСТЫ),45,Y(А05),22:57,358,2026-09-05 23:05:00,2026-09-05 23:08:00,,2026-09-05 23:10:00,2026-09-05 23:15:00,2026-09-05 23:10:00,2026-09-05 23:15:00,2026-09-05 23:11:00,4.0,3.0,2026-09-05 23:23:00,2026-09-05 23:24:00,,0.0,2026-09-05 23:15:00,2026-09-05 23:23:00,,,,,Фозылов Б. З.,Азимут,Выдача до 30 минут
2026-09-05,ДР 422 ,73Х,САМАРА(КУРУМОЧ),46,Y(А04),23:01,250,2026-09-05 23:07:00,2026-09-05 23:10:00,,2026-09-05 23:10:00,2026-09-05 23:12:00,2026-09-05 23:10:00,2026-09-05 23:12:00,2026-09-05 23:13:00,,,2026-09-05 23:19:00,2026-09-05 23:20:00,,0.0,2026-09-05 23:19:00,2026-09-05 23:20:00,,,,,Науну М.,Победа,Выдача до 30 минут
2026-09-05,PC 1580 ,32Н,АНТАЛЬЯ,21,Y(А09),23:05,2091,2026-09-05 23:13:00,2026-09-05 23:16:00,,2026-09-05 23:19:00,2026-09-05 23:37:00,2026-09-05 23:19:00,2026-09-05 23:37:00,2026-09-05 23:31:00,6.0,4.0,2026-09-05 23:31:00,2026-09-05 23:43:00,,0.0,2026-09-05 23:26:00,2026-09-05 23:32:00,2026-09-05 23:40:00,2026-09-05 23:44:00,,,Острых В. А.,Pegasus,Выдача до 30 минут
2026-09-05,NE 616 ,320,ХУРГАДА(ХУРГАДА ИНТЛ.),26,Y(А11),23:10,1785,2026-09-05 23:18:00,2026-09-05 23:20:00,,2026-09-05 23:22:00,2026-09-05 23:33:00,2026-09-05 23:22:00,2026-09-05 23:33:00,2026-09-05 23:34:00,,,2026-09-05 23:31:00,2026-09-05 23:39:00,,0.0,2026-09-05 23:26:00,2026-09-05 23:32:00,2026-09-05 23:35:00,2026-09-05 23:39:00,,,Андреев А. М.,Nesma Airlines,Выдача до 30 минут
2026-09-05,ЮТ 376 ,734,СЫКТЫВКАР,16,Y(А05),23:26,200,2026-09-05 23:33:00,2026-09-05 23:34:00,,2026-09-05 23:38:00,2026-09-05 23:41:00,2026-09-05 23:38:00,2026-09-05 23:41:00,2026-09-05 23:38:00,3.0,2.0,2026-09-05 23:47:00,2026-09-05 23:48:00,,0.0,2026-09-05 23:42:00,2026-09-05 23:47:00,,,,,Скулов Е. С.,Ютэйр,Выдача до 30 минут
2026-09-05,ХИ 9609 ,320,ТЕРМЕЗ,24,Y(А10),22:29,1592,2026-09-05 22:41:00,2026-09-05 22:43:00,,2026-09-05 22:45:00,2026-09-05 22:55:00,2026-09-05 22:45:00,2026-09-05 22:55:00,2026-09-05 22:56:00,,,2026-09-05 22:56:00,2026-09-05 23:03:00,,0.0,2026-09-05 22:51:00,2026-09-05 22:56:00,2026-09-05 22:59:00,2026-09-05 23:03:00,,,Музафаров А. С.,UZBEKISTAN AIRWAYS,Выдача до 30 минут
2026-09-05,FZ 987 ,7М8,ДУБАЙ(ДУБАЙ ИНТЛ.),30,Y(А12),23:39,1678,2026-09-05 23:50:00,2026-09-05 23:53:00,,2026-09-05 23:51:00,2026-09-06 00:05:00,2026-09-05 23:52:00,2026-09-06 00:05:00,2026-09-06 00:05:00,,2.0,2026-09-06 00:01:00,2026-09-06 00:10:00,,0.0,2026-09-05 23:58:00,2026-09-06 00:02:00,2026-09-06 00:07:00,2026-09-06 00:11:00,,,"Фартушный А. И., Фозылов Б. З.",flydubai,Выдача до 30 минут
2026-09-05,TK 211 ,32Б,АНТАЛЬЯ,25,Y(А09),23:45,2329,2026-09-06 00:00:00,2026-09-06 00:02:00,,2026-09-06 00:04:00,2026-09-06 00:30:00,2026-09-06 00:04:00,2026-09-06 00:30:00,2026-09-06 00:20:00,10.0,10.0,2026-09-06 00:18:00,2026-09-06 00:36:00,,6.0,2026-09-05 23:56:00,2026-09-06 00:36:00,,,,,Федоров Н. В.,Turkish Airlines,Выдача от 30 до 40 минут
2026-09-05,TK 3060 ,321,АНТАЛЬЯ,19,Y(А10),23:48,2264,2026-09-05 23:58:00,2026-09-06 00:00:00,,2026-09-06 00:03:00,2026-09-06 00:24:00,2026-09-06 00:03:00,2026-09-06 00:24:00,2026-09-06 00:17:00,7.0,6.0,2026-09-06 00:16:00,2026-09-06 00:31:00,,3.0,2026-09-06 00:12:00,2026-09-06 00:51:00,,,,,Соболь М. Ф.,Turkish Airlines,Выдача от 30 до 40 минут
2026-09-05,J2 809 ,76В,БАКУ(ИМ. ГЕЙДАРА АЛИЕВА),18,Y(А09),23:52,3320,2026-09-06 00:02:00,2026-09-06 00:04:00,,2026-09-06 00:06:00,2026-09-06 00:29:00,2026-09-06 00:06:00,2026-09-06 00:29:00,2026-09-06 00:28:00,1.0,1.0,2026-09-06 00:26:00,2026-09-06 00:37:00,4.0,5.0,2026-09-06 00:06:00,2026-09-06 00:38:00,,,,,Гафуров О. Ф.,AZAL,Выдача от 30 до 40 минут
2026-09-05,TK 3012 ,321,АНТАЛЬЯ,24,Y(А09),12:41,2429,2026-09-05 12:50:00,2026-09-05 12:53:00,,2026-09-05 12:54:00,2026-09-05 13:00:00,2026-09-05 12:54:00,2026-09-05 13:00:00,2026-09-05 13:10:00,,,2026-09-05 13:02:00,2026-09-05 13:07:00,,0.0,2026-09-05 12:59:00,2026-09-05 13:02:00,2026-09-05 12:58:00,2026-09-05 13:04:00,,,Фанин Н. О.,Turkish Airlines,Выдача до 30 минут
2026-09-05,ДР 964 ,73Х,ДАЛАМАН,48,Y(А13),23:56,1272,2026-09-06 00:04:00,2026-09-06 00:06:00,,2026-09-06 00:09:00,2026-09-06 00:18:00,2026-09-06 00:09:00,2026-09-06 00:18:00,2026-09-06 00:16:00,2.0,1.0,2026-09-06 00:27:00,2026-09-06 00:28:00,,0.0,2026-09-06 00:15:00,2026-09-06 00:28:00,2026-09-06 00:30:00,2026-09-06 00:36:00,,,Науну М.,Победа,Выдача до 30 минут
2026-09-05,ДР 486 ,73Х,УЛЬЯНОВСК(БАРАТАЕВКА),49,Y(А04),23:32,106,2026-09-05 23:39:00,2026-09-05 23:41:00,,2026-09-05 23:42:00,2026-09-05 23:43:00,2026-09-05 23:42:00,2026-09-05 23:43:00,2026-09-05 23:44:00,,,2026-09-05 23:54:00,2026-09-05 23:55:00,,0.0,2026-09-05 23:46:00,2026-09-05 23:55:00,,,,,Шамсов Б. С.,Победа,Выдача до 30 минут
2026-09-05,А4 7030 ,СУ9,ЕРЕВАН(ЗВАРТНОЦ ИНТЛ),28,Y(А13),22:10,802,2026-09-05 22:21:00,2026-09-05 22:23:00,,2026-09-05 22:27:00,2026-09-05 22:35:00,2026-09-05 22:27:00,2026-09-05 22:35:00,2026-09-05 22:30:00,5.0,3.0,2026-09-05 22:37:00,2026-09-05 22:38:00,,0.0,2026-09-05 22:34:00,2026-09-05 22:38:00,,,,,Острых В. А.,Азимут,Выдача до 30 минут
2026-09-06,ЮТ 358 ,73Х,САМАРА(КУРУМОЧ),14,Y(А05),23:56,317,2026-09-07 00:06:00,2026-09-07 00:06:00,,2026-09-07 00:10:00,2026-09-07 00:15:00,2026-09-07 00:10:00,2026-09-07 00:15:00,2026-09-07 00:12:00,3.0,3.0,2026-09-07 00:23:00,2026-09-07 00:25:00,,0.0,2026-09-07 00:20:00,2026-09-07 00:23:00,,,,,Фаёзов А. Р.,Ютэйр,Выдача до 30 минут
2026-09-06,TK 3178 ,321,ДАЛАМАН,27,Y(А10),00:27,2478,2026-09-06 00:39:00,2026-09-06 00:43:00,1.0,2026-09-06 00:45:00,2026-09-06 01:03:00,2026-09-06 00:45:00,2026-09-06 01:03:00,2026-09-06 01:00:00,3.0,1.0,2026-09-06 00:53:00,2026-09-06 01:09:00,,0.0,2026-09-06 00:28:00,2026-09-06 00:54:00,2026-09-06 01:05:00,2026-09-06 01:12:00,,,Фартушный А. И.,Turkish Airlines,Выдача до 30 минут
2026-09-06,TK 409 ,32Б,СТАМБУЛ(СТАМБУЛ НЬЮ),21,Y(А09),00:23,3105,2026-09-06 00:34:00,2026-09-06 00:37:00,,2026-09-06 00:40:00,2026-09-06 00:57:00,2026-09-06 00:40:00,2026-09-06 00:57:00,2026-09-06 00:59:00,,,2026-09-06 00:55:00,2026-09-06 01:01:00,1.0,0.0,2026-09-06 00:18:00,2026-09-06 00:55:00,2026-09-06 00:21:00,2026-09-06 01:05:00,,,Лаптев В. В.,Turkish Airlines,Выдача до 30 минут
2026-09-06,ЮТ 358 ,73Х,САМАРА(КУРУМОЧ),12,Y(А05),00:07,680,2026-09-06 00:18:00,2026-09-06 00:18:00,,2026-09-06 00:22:00,2026-09-06 00:25:00,2026-09-06 00:22:00,2026-09-06 00:25:00,2026-09-06 00:27:00,,,2026-09-06 00:33:00,2026-09-06 00:34:00,,0.0,2026-09-06 00:29:00,2026-09-06 00:35:00,,,,,Скулов Е. С.,Ютэйр,Выдача до 30 минут
2026-09-06,TK 3002 ,321,АНТАЛЬЯ,24,Y(А09),00:13,2032,2026-09-06 00:24:00,2026-09-06 00:26:00,,2026-09-06 00:29:00,2026-09-06 00:33:00,2026-09-06 00:29:00,2026-09-06 00:33:00,2026-09-06 00:42:00,,,2026-09-06 00:37:00,2026-09-06 01:03:00,,9.0,2026-09-06 00:17:00,2026-09-06 00:37:00,,,,,Пельгуев Д.,Turkish Airlines,Выдача от 30 до 40 минут
2026-09-06,TK 217 ,321,АНТАЛЬЯ,20,Y(А13),00:33,2206,2026-09-06 00:44:00,2026-09-06 00:45:00,,2026-09-06 00:52:00,2026-09-06 01:05:00,2026-09-06 00:52:00,2026-09-06 01:05:00,2026-09-06 01:03:00,2.0,,2026-09-06 01:03:00,2026-09-06 01:17:00,,3.0,2026-09-06 00:45:00,2026-09-06 01:24:00,,,,,Шамсов Б. С.,Turkish Airlines,Выдача от 30 до 40 минут
2026-09-06,NE 600 ,320,ХУРГАДА(ХУРГАДА ИНТЛ.),42,Y(А11),00:03,1792,2026-09-06 00:12:00,2026-09-06 00:17:00,2.0,2026-09-06 00:16:00,2026-09-06 00:30:00,2026-09-06 00:16:00,2026-09-06 00:30:00,2026-09-06 00:28:00,2.0,2.0,2026-09-06 00:30:00,2026-09-06 00:42:00,,0.0,2026-09-06 00:11:00,2026-09-06 00:29:00,2026-09-06 00:36:00,2026-09-06 00:42:00,,,Фаёзов А. Р.,Nesma Airlines,Выдача до 30 минут
2026-09-06,PC 1576 ,32Щ,АНТАЛЬЯ,36,Y(А10),00:16,2852,2026-09-06 00:29:00,2026-09-06 00:30:00,,2026-09-06 00:33:00,2026-09-06 00:51:00,2026-09-06 00:35:00,2026-09-06 00:51:00,2026-09-06 00:52:00,,,2026-09-06 00:46:00,2026-09-06 01:00:00,,1.0,2026-09-06 00:39:00,2026-09-06 00:46:00,2026-09-06 00:53:00,2026-09-06 01:00:00,,,"Баташан В. Ю., Музафаров А. С.",Pegasus,Выдача от 30 до 40 минут
2026-09-06,4S 313 ,7С8,ШАРМ ЭЛЬ ШЕЙХ(ШАРМ ЭЛЬ ШЕЙХ ИНТЛ.),21,Y(А09),05:44,2288,2026-09-06 05:58:00,2026-09-06 06:01:00,,2026-09-06 06:00:00,2026-09-06 06:18:00,2026-09-06 06:00:00,2026-09-06 06:18:00,2026-09-06 06:17:00,1.0,3.0,2026-09-06 06:11:00,2026-09-06 06:23:00,,0.0,2026-09-06 06:06:00,2026-09-06 06:11:00,2026-09-06 06:18:00,2026-09-06 06:27:00,,,Гафуров О. Ф.,Red Sea,Выдача до 30 минут
2026-09-06,AZV 3008 ,763,АНТАЛЬЯ,64,Y(А11),00:54,1132,2026-09-06 01:13:00,2026-09-06 01:15:00,,2026-09-06 01:16:00,2026-09-06 01:31:00,2026-09-06 01:16:00,2026-09-06 01:31:00,2026-09-06 01:25:00,6.0,7.0,2026-09-06 01:47:00,2026-09-06 01:48:00,4.0,5.0,2026-09-06 01:16:00,2026-09-06 01:58:00,,,,,Чеканов В. А.,АЗУР эйр,Выдача от 30 до 40 минут
2026-09-06,PC 1521 ,32Н,ИЗМИР(АДНАН МЕНДЕРЕС),37A,Y(А09),00:44,2557,2026-09-06 00:53:00,2026-09-06 00:56:00,,2026-09-06 00:58:00,2026-09-06 01:20:00,2026-09-06 00:58:00,2026-09-06 01:20:00,2026-09-06 01:14:00,6.0,5.0,2026-09-06 01:10:00,2026-09-06 01:27:00,,4.0,2026-09-06 01:04:00,2026-09-06 01:11:00,2026-09-06 01:20:00,2026-09-06 01:27:00,,,Острых В. А.,Pegasus,Выдача от 30 до 40 минут
2026-09-06,AZO 7008 ,СУ9,ТБИЛИСИ(ТБИЛИСИ ИНТЛ.),51A,Y(А12),00:47,1498,2026-09-06 01:04:00,2026-09-06 01:04:00,,2026-09-06 01:07:00,2026-09-06 01:25:00,2026-09-06 01:07:00,2026-09-06 01:25:00,2026-09-06 01:18:00,7.0,8.0,2026-09-06 01:22:00,2026-09-06 01:32:00,,0.0,2026-09-06 01:16:00,2026-09-06 01:22:00,2026-09-06 01:32:00,2026-09-06 01:33:00,,,Андреев А. М.,GEORGIAN AIRWAYS,Выдача до 30 минут
2026-09-06,TK 3014 ,321,АНТАЛЬЯ,26,Y(А10),00:51,2309,2026-09-06 01:02:00,2026-09-06 01:02:00,,2026-09-06 01:06:00,2026-09-06 01:14:00,2026-09-06 01:06:00,2026-09-06 01:14:00,2026-09-06 01:21:00,,,2026-09-06 01:13:00,2026-09-06 01:19:00,,0.0,2026-09-06 01:02:00,2026-09-06 01:23:00,,,,,Ушаков М. В.,Turkish Airlines,Выдача до 30 минут
2026-09-06,NE 638 ,320,ШАРМ ЭЛЬ ШЕЙХ(ШАРМ ЭЛЬ ШЕЙХ ИНТЛ.),46,Y(А10),00:58,1876,2026-09-06 01:08:00,2026-09-06 01:09:00,,2026-09-06 01:12:00,2026-09-06 01:26:00,2026-09-06 01:12:00,2026-09-06 01:26:00,2026-09-06 01:25:00,1.0,1.0,2026-09-06 01:28:00,2026-09-06 01:46:00,,8.0,2026-09-06 01:17:00,2026-09-06 01:29:00,2026-09-06 01:37:00,2026-09-06 01:46:00,,,Музафаров А. С.,Nesma Airlines,Выдача от 30 до 40 минут
2026-09-06,FZ 965 ,7М8,ДУБАЙ(ДУБАЙ ИНТЛ.),29,Y(А10),01:04,2314,2026-09-06 01:16:00,2026-09-06 01:18:00,,2026-09-06 01:20:00,2026-09-06 01:37:00,2026-09-06 01:36:00,2026-09-06 01:37:00,2026-09-06 01:35:00,2.0,,2026-09-06 01:30:00,2026-09-06 01:41:00,,0.0,2026-09-06 01:26:00,2026-09-06 01:31:00,2026-09-06 01:38:00,2026-09-06 01:41:00,,,"Федоров Н. В., Фозылов Б. З.",flydubai,Выдача до 30 минут
2026-09-06,TK 3036 ,321,АНТАЛЬЯ,25,Y(А10),01:07,2631,2026-09-06 01:17:00,2026-09-06 01:18:00,,2026-09-06 01:23:00,2026-09-06 01:40:00,2026-09-06 01:23:00,2026-09-06 01:40:00,2026-09-06 01:39:00,1.0,,2026-09-06 01:36:00,2026-09-06 01:48:00,,1.0,2026-09-06 01:12:00,2026-09-06 01:56:00,2026-09-06 01:24:05,2026-09-06 01:39:05,,,Скулов Е. С.,Turkish Airlines,Выдача от 30 до 40 минут
2026-09-06,TK 3084 ,321,ДАЛАМАН,22,Y(А09),00:40,2427,2026-09-06 00:48:00,2026-09-06 00:51:00,,2026-09-06 00:52:00,2026-09-06 01:10:00,2026-09-06 00:52:00,2026-09-06 01:10:00,2026-09-06 01:08:00,2.0,2.0,2026-09-06 01:03:00,2026-09-06 01:15:00,,0.0,2026-09-06 00:52:00,2026-09-06 01:03:00,2026-09-06 01:06:00,2026-09-06 01:17:00,,,Михайлов М. С.,Turkish Airlines,Выдача до 30 минут
2026-09-06,TK 421 ,333,СТАМБУЛ(СТАМБУЛ НЬЮ),23,Y(А09),01:13,5626,2026-09-06 01:25:00,2026-09-06 01:25:00,,2026-09-06 01:29:00,2026-09-06 01:47:00,2026-09-06 01:31:00,2026-09-06 01:47:00,2026-09-06 02:07:00,,,2026-09-06 01:45:00,2026-09-06 01:51:00,,0.0,2026-09-06 01:31:00,2026-09-06 01:47:00,2026-09-06 01:24:00,2026-09-06 01:54:00,2026-09-06 01:42:00,2026-09-06 01:54:00,"Баташан В. Ю., Королев А. А.",Turkish Airlines,Выдача до 30 минут
2026-09-06,VF 275 ,73Х,СТАМБУЛ(САБИХА ГОКЦЕН),37,Y(А10),00:37,2324,2026-09-06 00:47:00,2026-09-06 00:49:00,,2026-09-06 00:50:00,2026-09-06 01:09:00,2026-09-06 00:50:00,2026-09-06 01:09:00,2026-09-06 01:06:00,3.0,4.0,2026-09-06 01:04:00,2026-09-06 01:20:00,,3.0,2026-09-06 00:43:00,2026-09-06 01:06:00,2026-09-06 01:13:00,2026-09-06 01:22:00,,,Минченко А. И.,AJET,Выдача от 30 до 40 минут
2026-09-06,ДР 264B,73Х,КАЛИНИНГРАД(ХРАБРОВО),49,Y(А05),01:19,799,2026-09-06 01:25:00,2026-09-06 01:27:00,,2026-09-06 01:30:00,2026-09-06 01:34:00,2026-09-06 01:30:00,2026-09-06 01:34:00,2026-09-06 01:34:00,,,2026-09-06 01:47:00,2026-09-06 01:50:00,,0.0,2026-09-06 01:26:00,2026-09-06 01:47:00,,,,,Науну М.,Победа,Выдача до 30 минут
2026-09-06,PC 386 ,32Щ,СТАМБУЛ(САБИХА ГОКЦЕН),19,Y(А09),02:55,3430,2026-09-06 03:08:00,2026-09-06 03:09:00,,2026-09-06 03:09:00,2026-09-06 03:23:00,2026-09-06 03:10:00,2026-09-06 03:23:00,2026-09-06 03:35:00,,,2026-09-06 03:18:00,2026-09-06 03:30:00,,0.0,2026-09-06 03:14:00,2026-09-06 03:20:00,2026-09-06 03:25:00,2026-09-06 03:31:00,,,"Фаёзов А. Р., Чеканов В. А.",Pegasus,Выдача до 30 минут
2026-09-06,FZ 975 ,7М8,ДУБАЙ(ДУБАЙ ИНТЛ.),30,Y(А12),01:53,637,2026-09-06 02:10:00,2026-09-06 02:11:00,,2026-09-06 02:15:00,2026-09-06 02:19:00,2026-09-06 02:15:00,2026-09-06 02:19:00,2026-09-06 02:18:00,1.0,,2026-09-06 02:26:00,2026-09-06 02:27:00,,0.0,2026-09-06 02:23:00,2026-09-06 02:27:00,,,,,Андреев А. М.,flydubai,Выдача до 30 минут
2026-09-06,PC 1458 ,32Щ,ДАЛАМАН,20,Y(А10),05:58,2325,2026-09-06 06:07:00,2026-09-06 06:09:00,,2026-09-06 06:11:00,2026-09-06 06:24:00,2026-09-06 06:20:00,2026-09-06 06:24:00,2026-09-06 06:27:00,,,2026-09-06 06:21:00,2026-09-06 06:31:00,,0.0,2026-09-06 06:16:00,2026-09-06 06:21:00,2026-09-06 06:26:00,2026-09-06 06:32:00,,,"Пельгуев Д., Фаёзов А. Р.",Pegasus,Выдача до 30 минут
2026-09-06,TK 3006 ,321,АНТАЛЬЯ,24,Y(А10),02:50,2895,2026-09-06 03:02:00,2026-09-06 03:04:00,,2026-09-06 03:06:00,2026-09-06 03:20:00,2026-09-06 03:06:00,2026-09-06 03:20:00,2026-09-06 03:25:00,,,2026-09-06 03:17:00,2026-09-06 03:24:00,,0.0,2026-09-06 03:18:00,2026-09-06 03:27:00,,,,,Ушаков М. В.,Turkish Airlines,Выдача до 30 минут
2026-09-06,NE 490 ,320,ХУРГАДА(ХУРГАДА ИНТЛ.),25,Y(А12),03:27,1721,2026-09-06 03:38:00,2026-09-06 03:41:00,,2026-09-06 03:48:00,2026-09-06 04:00:00,2026-09-06 03:48:00,2026-09-06 04:00:00,2026-09-06 03:53:00,7.0,1.0,2026-09-06 03:56:00,2026-09-06 04:06:00,,0.0,2026-09-06 03:52:00,2026-09-06 03:58:00,2026-09-06 04:02:00,2026-09-06 04:10:00,,,Скулов Е. С.,Nesma Airlines,Выдача до 30 минут
2026-09-06,ЖГ 932 ,73Х,ТБИЛИСИ(ТБИЛИСИ ИНТЛ.),29,Y(А13),03:30,1635,2026-09-06 03:36:00,2026-09-06 03:41:00,2.0,2026-09-06 03:40:00,2026-09-06 03:51:00,2026-09-06 03:40:00,2026-09-06 03:51:00,2026-09-06 03:51:00,,,2026-09-06 03:50:00,2026-09-06 03:56:00,,0.0,2026-09-06 03:47:00,2026-09-06 03:50:00,2026-09-06 03:57:00,2026-09-06 03:58:00,,,Музафаров А. С.,GEORGIAN AIRWAYS,Выдача до 30 минут
2026-09-06,4S 325 ,73Х,ХУРГАДА(ХУРГАДА ИНТЛ.),23,Y(А09),03:38,2400,2026-09-06 03:54:00,2026-09-06 03:57:00,,2026-09-06 04:00:00,2026-09-06 04:20:00,2026-09-06 04:00:00,2026-09-06 04:20:00,2026-09-06 04:14:00,6.0,4.0,2026-09-06 04:13:00,2026-09-06 04:27:00,,3.0,2026-09-06 04:08:00,2026-09-06 04:14:00,2026-09-06 04:23:00,2026-09-06 04:29:00,,,Федоров Н. В.,Red Sea,Выдача от 30 до 40 минут
2026-09-06,FZ 967 ,7М8,ДУБАЙ(ДУБАЙ ИНТЛ.),30,Y(А12),03:51,1791,2026-09-06 04:03:00,2026-09-06 04:08:00,2.0,2026-09-06 04:07:00,2026-09-06 04:24:00,2026-09-06 04:07:00,2026-09-06 04:24:00,2026-09-06 04:19:00,5.0,5.0,2026-09-06 04:20:00,2026-09-06 04:33:00,,0.0,2026-09-06 04:15:00,2026-09-06 04:18:00,2026-09-06 04:26:00,2026-09-06 04:30:00,,,Михайлов М. С.,flydubai,Выдача до 30 минут
2026-09-06,VF 587 ,73Х,АНКАРА(ЕСЕНБОГА),27,Y(А10),04:01,3042,2026-09-06 04:17:00,2026-09-06 04:19:00,,2026-09-06 04:20:00,2026-09-06 04:39:00,2026-09-06 04:23:00,2026-09-06 04:39:00,2026-09-06 04:41:00,,,2026-09-06 04:34:00,2026-09-06 04:42:00,,0.0,2026-09-06 04:30:00,2026-09-06 04:36:00,2026-09-06 04:44:00,2026-09-06 04:54:00,,,"Гафуров О. Ф., Соболь М. Ф.",AJET,Выдача до 30 минут
2026-09-06,PC 1456 ,32Щ,БОДРУМ(МИЛАС),20,Y(А09),04:21,2311,2026-09-06 04:34:00,2026-09-06 04:36:00,,2026-09-06 04:36:00,2026-09-06 04:50:00,2026-09-06 04:36:00,2026-09-06 04:50:00,2026-09-06 04:53:00,,,2026-09-06 04:46:00,2026-09-06 04:59:00,,0.0,2026-09-06 04:42:00,2026-09-06 04:46:00,2026-09-06 04:52:00,2026-09-06 05:02:00,,,Пельгуев Д.,Pegasus,Выдача до 30 минут
2026-09-06,TK 3154 ,32Б,БОДРУМ(МИЛАС),21,Y(А09),01:41,2343,2026-09-06 01:52:00,2026-09-06 01:57:00,2.0,2026-09-06 01:58:00,2026-09-06 02:11:00,2026-09-06 01:58:00,2026-09-06 02:11:00,2026-09-06 02:12:00,,,2026-09-06 02:11:00,2026-09-06 02:17:00,,0.0,2026-09-06 01:51:00,2026-09-06 02:26:00,,,,,Соболь М. Ф.,Turkish Airlines,Выдача до 30 минут
2026-09-06,ЮТ 764 ,73Е,НАХИЧЕВАНЬ,11,Y(А11),04:39,1540,2026-09-06 04:47:00,2026-09-06 04:48:00,,2026-09-06 04:50:00,2026-09-06 05:05:00,2026-09-06 04:50:00,2026-09-06 05:05:00,2026-09-06 05:01:00,4.0,5.0,2026-09-06 05:04:00,2026-09-06 05:30:00,,13.0,2026-09-06 04:58:00,2026-09-06 05:05:00,2026-09-06 05:14:00,2026-09-06 05:31:00,,,Шамсов Б. С.,Ютэйр,Выдача более 40 минут
2026-09-06,TK 419 ,332,СТАМБУЛ(СТАМБУЛ НЬЮ),22,Y(А09),04:55,4781,2026-09-06 05:08:00,2026-09-06 05:25:00,14.0,2026-09-06 05:10:00,2026-09-06 05:28:00,2026-09-06 05:10:00,2026-09-06 05:28:00,2026-09-06 05:44:00,,,2026-09-06 05:23:00,2026-09-06 05:31:00,,0.0,2026-09-06 05:10:00,2026-09-06 05:28:00,2026-09-06 05:18:00,2026-09-06 05:41:00,,,"Соболь М. Ф., Ушаков М. В.",Turkish Airlines,Выдача до 30 минут
2026-09-06,PC 390 ,32Щ,СТАМБУЛ(САБИХА ГОКЦЕН),25,Y(А10),04:59,2643,2026-09-06 05:11:00,2026-09-06 05:13:00,,2026-09-06 05:15:00,2026-09-06 05:29:00,2026-09-06 05:20:00,2026-09-06 05:29:00,2026-09-06 05:33:00,,,2026-09-06 05:23:00,2026-09-06 05:34:00,,0.0,2026-09-06 05:19:00,2026-09-06 05:24:00,2026-09-06 05:30:00,2026-09-06 05:34:00,,,"Федоров Н. В., Фозылов Б. З.",Pegasus,Выдача до 30 минут
2026-09-06,NE 604 ,320,ХУРГАДА(ХУРГАДА ИНТЛ.),26,Y(А12),05:10,1849,2026-09-06 05:22:00,2026-09-06 05:24:00,,2026-09-06 05:27:00,2026-09-06 05:39:00,2026-09-06 05:27:00,2026-09-06 05:39:00,2026-09-06 05:38:00,1.0,,2026-09-06 05:35:00,2026-09-06 05:44:00,,0.0,2026-09-06 05:32:00,2026-09-06 05:37:00,2026-09-06 05:43:00,2026-09-06 06:10:00,,,Чеканов В. А.,Nesma Airlines,Выдача до 30 минут
2026-09-06,AHY 5830 ,319,ГЯНДЖА,30,Y(А10),05:19,2469,2026-09-06 05:33:00,2026-09-06 05:34:00,,2026-09-06 05:37:00,2026-09-06 05:56:00,2026-09-06 05:37:00,2026-09-06 05:56:00,2026-09-06 05:53:00,3.0,3.0,2026-09-06 05:48:00,2026-09-06 06:03:00,,0.0,2026-09-06 05:45:00,2026-09-06 05:49:00,2026-09-06 05:54:00,2026-09-06 06:04:00,,,Минченко А. И.,AZAL,Выдача до 30 минут
2026-09-06,ЮТ 786 ,762,ЕРЕВАН(ЗВАРТНОЦ ИНТЛ),19,Y(А13),05:23,2164,2026-09-06 05:35:00,2026-09-06 05:36:00,,2026-09-06 05:42:00,2026-09-06 06:04:00,2026-09-06 05:42:00,2026-09-06 06:04:00,2026-09-06 05:53:00,11.0,8.0,2026-09-06 06:13:00,2026-09-06 06:17:00,18.0,12.0,2026-09-06 05:42:00,2026-09-06 06:20:00,,,,,Фаёзов А. Р.,Ютэйр,Выдача более 40 минут
2026-09-06,ДР 998 ,73Х,САМАРКАНД(САМАРКАНД ИНТЛ.),51,Y(А11),05:29,367,2026-09-06 05:38:00,2026-09-06 05:41:00,,2026-09-06 05:45:00,2026-09-06 05:51:00,2026-09-06 05:45:00,2026-09-06 05:51:00,2026-09-06 05:44:00,7.0,4.0,2026-09-06 05:57:00,2026-09-06 05:58:00,,0.0,2026-09-06 05:52:00,2026-09-06 05:57:00,,,,,Шамсов Б. С.,Победа,Выдача до 30 минут
2026-09-06,ДР 408 ,73Х,ЕКАТЕРИНБУРГ(КОЛЬЦОВО),50,Y(А04),05:40,272,2026-09-06 05:46:00,2026-09-06 05:49:00,,2026-09-06 05:52:00,2026-09-06 05:54:00,2026-09-06 05:52:00,2026-09-06 05:54:00,2026-09-06 05:52:00,2.0,,2026-09-06 06:03:00,2026-09-06 06:04:00,,0.0,2026-09-06 05:55:00,2026-09-06 06:05:00,,,,,Михайлов М. С.,Победа,Выдача до 30 минут
2026-09-06,TK 3122 ,321,БОДРУМ(МИЛАС),22,Y(А11),02:46,1485,2026-09-06 02:57:00,2026-09-06 02:59:00,,2026-09-06 03:02:00,2026-09-06 03:18:00,2026-09-06 03:02:00,2026-09-06 03:18:00,2026-09-06 03:11:00,7.0,6.0,2026-09-06 03:16:00,2026-09-06 03:26:00,,0.0,2026-09-06 03:14:00,2026-09-06 03:28:00,,,,,Фозылов Б. З.,Turkish Airlines,Выдача до 30 минут
2026-09-06,VF 277 ,73Х,СТАМБУЛ(САБИХА ГОКЦЕН),24,Y(А10),04:47,2155,2026-09-06 05:00:00,2026-09-06 05:00:00,,2026-09-06 05:05:00,2026-09-06 05:22:00,2026-09-06 05:05:00,2026-09-06 05:22:00,2026-09-06 05:18:00,4.0,3.0,2026-09-06 05:14:00,2026-09-06 05:28:00,,0.0,2026-09-06 05:05:00,2026-09-06 05:14:00,2026-09-06 05:25:00,2026-09-06 05:29:00,,,Андреев А. М.,AJET,Выдача до 30 минут
2026-09-06,TK 407 ,333,СТАМБУЛ(СТАМБУЛ НЬЮ),23,Y(А09),06:01,4807,2026-09-06 06:18:00,2026-09-06 06:21:00,,2026-09-06 06:22:00,2026-09-06 06:36:00,2026-09-06 06:22:00,2026-09-06 06:36:00,2026-09-06 06:54:00,,,2026-09-06 06:36:00,2026-09-06 06:42:00,,0.0,2026-09-06 06:22:00,2026-09-06 06:44:00,2026-09-06 06:06:00,2026-09-06 06:37:00,2026-09-06 06:14:00,2026-09-06 06:41:00,"Михайлов М. С., Ушаков Г. А.",Turkish Airlines,Выдача до 30 минут
2026-09-06,ЯК 475 ,73Х,ЯКУТСК,60,Y(А06),08:58,1318,2026-09-06 09:13:00,2026-09-06 09:15:00,,2026-09-06 09:16:00,2026-09-06 09:29:00,2026-09-06 09:16:00,2026-09-06 09:29:00,2026-09-06 09:26:00,3.0,4.0,2026-09-06 09:29:00,2026-09-06 09:36:00,,0.0,2026-09-06 09:12:00,2026-09-06 09:29:00,2026-09-06 09:25:00,2026-09-06 09:37:00,,,Сыргаков Б. А.,Якутия,Выдача до 30 минут
2026-09-06,ЮТ 356 ,73Х,ГРОЗНЫЙ(СЕВЕРНЫЙ),24,Y(А05),09:32,484,2026-09-06 09:41:00,2026-09-06 09:45:00,1.0,2026-09-06 09:45:00,2026-09-06 09:54:00,2026-09-06 09:53:00,2026-09-06 09:54:00,2026-09-06 09:48:00,6.0,,2026-09-06 09:59:00,2026-09-06 10:01:00,,0.0,2026-09-06 09:53:00,2026-09-06 09:57:00,,,,,"Иванов В. А., Каламбеков У. О.",Ютэйр,Выдача до 30 минут
2026-09-06,ДР 742 ,73Х,ТАШКЕНТ(ТАШКЕНТ ИНТЛ.),48,Y(А11),06:41,465,2026-09-06 06:47:00,2026-09-06 06:49:00,,2026-09-06 06:55:00,2026-09-06 06:57:00,2026-09-06 06:55:00,2026-09-06 06:57:00,2026-09-06 06:54:00,3.0,,2026-09-06 07:05:00,2026-09-06 07:06:00,,0.0,2026-09-06 06:59:00,2026-09-06 07:05:00,,,,,Чеканов В. А.,Победа,Выдача до 30 минут
2026-09-06,ХИ 9607 ,32Н,БУХАРА(БУХАРА ИНТЛ.),22,Y(А10),07:14,1660,2026-09-06 07:27:00,2026-09-06 07:30:00,,2026-09-06 07:28:00,2026-09-06 07:44:00,2026-09-06 07:28:00,2026-09-06 07:44:00,2026-09-06 07:42:00,2.0,5.0,2026-09-06 07:37:00,2026-09-06 07:47:00,,0.0,2026-09-06 07:26:00,2026-09-06 07:38:00,2026-09-06 07:32:00,2026-09-06 07:47:00,,,Аганин А. А.,UZBEKISTAN AIRWAYS,Выдача до 30 минут
2026-09-06,ДР 744 ,7С8,ОШ,46,Y(А13),07:29,1075,2026-09-06 07:35:00,2026-09-06 07:40:00,2.0,2026-09-06 07:38:00,2026-09-06 07:46:00,2026-09-06 07:40:00,2026-09-06 07:46:00,2026-09-06 07:46:00,,,2026-09-06 07:52:00,2026-09-06 07:54:00,,0.0,2026-09-06 07:46:00,2026-09-06 07:53:00,,,,,"Гаджиев Н. Т., Екимов С. С.",Победа,Выдача до 30 минут
2026-09-06,ДР 414 ,7С8,ЧЕЛЯБИНСК(БАЛАНДИНО),47,Y(А05),07:38,374,2026-09-06 07:47:00,2026-09-06 07:47:00,,2026-09-06 07:49:00,2026-09-06 07:52:00,2026-09-06 07:49:00,2026-09-06 07:52:00,2026-09-06 07:53:00,,1.0,2026-09-06 08:02:00,2026-09-06 08:03:00,,0.0,2026-09-06 07:54:00,2026-09-06 08:02:00,,,,,Соколов И. С.,Победа,Выдача до 30 минут
2026-09-06,3F 323 ,320,ЕРЕВАН(ЗВАРТНОЦ ИНТЛ),30,Y(А13),07:41,1870,2026-09-06 07:49:00,2026-09-06 07:53:00,1.0,2026-09-06 07:52:00,2026-09-06 08:05:00,2026-09-06 07:53:00,2026-09-06 08:05:00,2026-09-06 08:05:00,,,2026-09-06 08:02:00,2026-09-06 08:12:00,,0.0,2026-09-06 07:57:00,2026-09-06 08:08:00,2026-09-06 07:58:00,2026-09-06 08:02:00,,,"Тихонов С. М., Тришкин А. В.",FLYONE Armenia,Выдача до 30 минут
2026-09-06,ЮТ 808 ,73Х,БУХАРА(БУХАРА ИНТЛ.),16,Y(А12),07:44,760,2026-09-06 07:51:00,2026-09-06 07:51:00,,2026-09-06 07:57:00,2026-09-06 08:05:00,2026-09-06 07:57:00,2026-09-06 08:05:00,2026-09-06 08:00:00,5.0,3.0,2026-09-06 08:14:00,2026-09-06 08:18:00,,0.0,2026-09-06 08:06:00,2026-09-06 08:12:00,,,,,Иванов В. А.,Ютэйр,Выдача до 30 минут
2026-09-06,ХИ 9615 ,320,УРГЕНЧ(УРГЕНЧ ИНТЛ.),26,Y(А09),07:49,1439,2026-09-06 07:58:00,2026-09-06 07:59:00,,2026-09-06 08:01:00,2026-09-06 08:10:00,2026-09-06 08:01:00,2026-09-06 08:10:00,2026-09-06 08:12:00,,,2026-09-06 08:23:00,2026-09-06 08:24:00,5.0,0.0,2026-09-06 08:06:00,2026-09-06 08:10:00,2026-09-06 08:11:00,2026-09-06 08:15:00,,,Вазиров Т. В.,UZBEKISTAN AIRWAYS,Выдача до 30 минут
2026-09-06,КГ 555 ,320,ОШ,19,Y(А13),09:13,2930,2026-09-06 09:24:00,2026-09-06 09:26:00,,2026-09-06 09:29:00,2026-09-06 09:43:00,2026-09-06 09:30:00,2026-09-06 09:43:00,2026-09-06 09:48:00,,,2026-09-06 09:42:00,2026-09-06 09:59:00,,5.0,2026-09-06 09:29:00,2026-09-06 09:40:00,2026-09-06 09:46:00,2026-09-06 09:53:00,,,"Вазиров Т. В., Семиченков С. А.",Aero Nomad,Выдача от 30 до 40 минут
2026-09-06,ДР 404 ,7С8,ЕКАТЕРИНБУРГ(КОЛЬЦОВО),43,Y(А05),06:30,327,2026-09-06 06:39:00,2026-09-06 06:42:00,,2026-09-06 06:42:00,2026-09-06 06:46:00,2026-09-06 06:42:00,2026-09-06 06:46:00,2026-09-06 06:45:00,1.0,2.0,2026-09-06 06:50:00,2026-09-06 06:51:00,,0.0,2026-09-06 06:46:00,2026-09-06 06:51:00,,,,,Андреев А. М.,Победа,Выдача до 30 минут
2026-09-06,ДР 714 ,73Х,САМАРКАНД(САМАРКАНД ИНТЛ.),44,Y(А11),07:54,521,2026-09-06 08:03:00,2026-09-06 08:03:00,,2026-09-06 08:04:00,2026-09-06 08:08:00,2026-09-06 08:04:00,2026-09-06 08:08:00,2026-09-06 08:10:00,,1.0,2026-09-06 08:17:00,2026-09-06 08:18:00,,0.0,2026-09-06 08:09:00,2026-09-06 08:15:00,,,,,Кейта А. С.,Победа,Выдача до 30 минут
2026-09-06,ЮТ 364 ,73Х,УФА,21,Y(А08),08:08,600,2026-09-06 08:19:00,2026-09-06 08:21:00,,2026-09-06 08:34:00,2026-09-06 08:39:00,2026-09-06 08:34:00,2026-09-06 08:39:00,2026-09-06 08:27:00,12.0,1.0,2026-09-06 08:43:00,2026-09-06 08:44:00,,0.0,2026-09-06 08:39:00,2026-09-06 08:42:00,,,,,"Каламбеков У. О., Конюхов Я. А.",Ютэйр,Выдача до 30 минут
2026-09-06,ХИ 9613 ,32Н,ТАШКЕНТ(ТАШКЕНТ ИНТЛ.),27,Y(А10),08:17,1953,2026-09-06 08:27:00,2026-09-06 08:28:00,,2026-09-06 08:31:00,2026-09-06 08:48:00,2026-09-06 08:31:00,2026-09-06 08:48:00,2026-09-06 08:44:00,4.0,4.0,2026-09-06 08:40:00,2026-09-06 08:54:00,,0.0,2026-09-06 08:40:00,2026-09-06 08:41:00,2026-09-06 08:39:00,2026-09-06 08:54:00,,,Иванов В. А.,UZBEKISTAN AIRWAYS,Выдача до 30 минут
2026-09-06,AZO 7154 ,СУ9,БАТУМИ,59,Y(А11),08:21,756,2026-09-06 08:31:00,2026-09-06 08:33:00,,2026-09-06 08:36:00,2026-09-06 08:47:00,2026-09-06 08:36:00,2026-09-06 08:47:00,2026-09-06 08:40:00,7.0,6.0,2026-09-06 08:55:00,2026-09-06 08:57:00,,0.0,2026-09-06 08:48:00,2026-09-06 08:55:00,,,,,Сыргаков Б. А.,GEORGIAN AIRWAYS,Выдача до 30 минут
2026-09-06,ЮТ 572 ,73Х,КРАСНОЯРСК,12,Y(А07),08:28,984,2026-09-06 08:40:00,2026-09-06 08:40:00,,2026-09-06 09:06:00,2026-09-06 09:13:00,2026-09-06 09:08:00,2026-09-06 09:13:00,2026-09-06 08:51:00,22.0,,2026-09-06 09:18:00,2026-09-06 09:21:00,18.0,11.0,2026-09-06 08:57:00,2026-09-06 09:18:00,,,,,"Кейта А. С., Ушаков Г. А.",Ютэйр,Выдача более 40 минут
2026-09-06,ЮТ 248 ,73Х,СУРГУТ,11,Y(А05),08:33,615,2026-09-06 08:41:00,2026-09-06 08:42:00,,2026-09-06 08:46:00,2026-09-06 08:53:00,2026-09-06 08:46:00,2026-09-06 08:53:00,2026-09-06 08:49:00,4.0,3.0,2026-09-06 08:57:00,2026-09-06 09:01:00,,0.0,2026-09-06 08:54:00,2026-09-06 08:57:00,,,,,Соколов И. С.,Ютэйр,Выдача до 30 минут
2026-09-06,ЮТ 560 ,73Х,МАХАЧКАЛА,25,Y(А08),09:04,960,2026-09-06 09:13:00,2026-09-06 09:14:00,,2026-09-06 09:20:00,2026-09-06 09:28:00,2026-09-06 09:20:00,2026-09-06 09:28:00,2026-09-06 09:23:00,5.0,2.0,2026-09-06 09:31:00,2026-09-06 09:35:00,,0.0,2026-09-06 09:28:00,2026-09-06 09:32:00,,,,,Тришкин А. В.,Ютэйр,Выдача до 30 минут
2026-09-06,В2 981 ,Е75,МИНСК(МИНСК ИНТЛ.),29,Y(А13),08:00,376,2026-09-06 08:08:00,2026-09-06 08:10:00,,2026-09-06 08:11:00,2026-09-06 08:13:00,2026-09-06 08:11:00,2026-09-06 08:13:00,2026-09-06 08:15:00,,,2026-09-06 08:18:00,2026-09-06 08:19:00,,0.0,2026-09-06 08:14:00,2026-09-06 08:18:00,,,,,Фанин Н. О.,Белавиа,Выдача до 30 минут
2026-09-06,ФВ 6189 ,СУ9,САНКТ-ПЕТЕРБУРГ(ПУЛКОВО),8,Y(А04),23:59,125,2026-09-07 00:09:00,2026-09-07 00:11:00,,2026-09-07 00:13:00,2026-09-07 00:15:00,2026-09-07 00:13:00,2026-09-07 00:15:00,2026-09-07 00:14:00,1.0,1.0,2026-09-07 00:18:00,2026-09-07 00:19:00,,0.0,2026-09-07 00:15:00,2026-09-07 00:20:00,,,,,Семиченков С. А.,Россия,Выдача до 30 минут
2026-09-06,ЮТ 454 ,73Х,ТЮМЕНЬ(РОЩИНО),14,Y(А06),08:03,1208,2026-09-06 08:17:00,2026-09-06 08:17:00,,2026-09-06 08:18:00,2026-09-06 08:25:00,2026-09-06 08:18:00,2026-09-06 08:25:00,2026-09-06 08:29:00,,,2026-09-06 08:33:00,2026-09-06 08:37:00,,0.0,2026-09-06 08:29:00,2026-09-06 08:33:00,,,,,Харитонов И. А.,Ютэйр,Выдача до 30 минут
2026-09-06,NE 618 ,321,ХУРГАДА(ХУРГАДА ИНТЛ.),27,Y(А12),06:24,2207,2026-09-06 06:42:00,2026-09-06 06:44:00,,2026-09-06 06:45:00,2026-09-06 07:08:00,2026-09-06 06:45:00,2026-09-06 07:08:00,2026-09-06 07:01:00,7.0,8.0,2026-09-06 06:57:00,2026-09-06 07:05:00,,0.0,2026-09-06 06:50:00,2026-09-06 06:57:00,2026-09-06 07:03:00,2026-09-06 07:13:00,,,Соболь М. Ф.,Nesma Airlines,Выдача до 30 минут
2026-09-06,ЮТ 276B,734,СОЧИ,15,Y(А07),09:07,823,2026-09-06 09:15:00,2026-09-06 09:19:00,1.0,2026-09-06 09:21:00,2026-09-06 09:29:00,2026-09-06 09:21:00,2026-09-06 09:29:00,2026-09-06 09:24:00,5.0,3.0,2026-09-06 09:36:00,2026-09-06 09:39:00,1.0,0.0,2026-09-06 09:30:00,2026-09-06 09:35:00,,,,,Тихонов С. М.,Ютэйр,Выдача до 30 минут
2026-09-06,TK 3024 ,321,АНТАЛЬЯ,26,Y(А09),12:55,2496,2026-09-06 13:05:00,2026-09-06 13:09:00,1.0,2026-09-06 13:11:00,2026-09-06 13:18:00,2026-09-06 13:11:00,2026-09-06 13:18:00,2026-09-06 13:26:00,,,2026-09-06 13:18:00,2026-09-06 13:25:00,,0.0,2026-09-06 12:58:00,2026-09-06 13:18:00,2026-09-06 13:02:00,2026-09-06 13:26:00,,,Рустамов М. А.,Turkish Airlines,Выдача до 30 минут
2026-09-06,DV 801 ,7М8,ШЫМКЕНТ(ШЫМКЕНТ ИНТЛ.),18,Y(А13),10:12,1527,2026-09-06 10:17:00,2026-09-06 10:19:00,,2026-09-06 10:18:00,2026-09-06 10:32:00,2026-09-06 10:19:00,2026-09-06 10:32:00,2026-09-06 10:31:00,1.0,3.0,2026-09-06 10:31:00,2026-09-06 10:43:00,,0.0,2026-09-06 10:24:00,2026-09-06 10:31:00,2026-09-06 10:32:00,2026-09-06 10:39:00,,,"Аганин А. А., Кейта А. С.",SCAT Airlines,Выдача до 30 минут
2026-09-06,ФВ 6005 ,СУ9,САНКТ-ПЕТЕРБУРГ(ПУЛКОВО),9,Y(А04),10:17,36,2026-09-06 10:27:00,2026-09-06 10:29:00,,2026-09-06 10:31:00,2026-09-06 10:33:00,2026-09-06 10:31:00,2026-09-06 10:33:00,2026-09-06 10:31:00,2.0,2.0,2026-09-06 10:35:00,2026-09-06 10:36:00,,0.0,2026-09-06 10:33:00,2026-09-06 10:35:00,,,,,Конюхов Я. А.,Россия,Выдача до 30 минут
2026-09-06,ЮТ 446 ,735,КОГАЛЫМ,13,Y(А05),10:22,266,2026-09-06 10:29:00,2026-09-06 10:30:00,,2026-09-06 10:34:00,2026-09-06 10:36:00,2026-09-06 10:34:00,2026-09-06 10:36:00,2026-09-06 10:35:00,1.0,,2026-09-06 10:42:00,2026-09-06 10:44:00,,0.0,2026-09-06 10:39:00,2026-09-06 10:43:00,,,,,Харитонов И. А.,Ютэйр,Выдача до 30 минут
2026-09-06,ДР 734 ,73Х,ТЕРМЕЗ,49,Y(А11),10:39,650,2026-09-06 10:46:00,2026-09-06 10:50:00,1.0,2026-09-06 10:51:00,2026-09-06 10:58:00,2026-09-06 10:51:00,2026-09-06 10:58:00,2026-09-06 10:54:00,4.0,3.0,2026-09-06 11:08:00,2026-09-06 11:11:00,,0.0,2026-09-06 10:59:00,2026-09-06 11:08:00,,,,,Конюхов Я. А.,Победа,Выдача до 30 минут
2026-09-06,TK 413 ,333,СТАМБУЛ(СТАМБУЛ НЬЮ),23,Y(А10),11:06,4867,2026-09-06 11:18:00,2026-09-06 11:21:00,,2026-09-06 11:22:00,2026-09-06 11:38:00,2026-09-06 11:22:00,2026-09-06 11:38:00,2026-09-06 11:54:00,,,2026-09-06 11:35:00,2026-09-06 12:08:00,,20.0,2026-09-06 11:22:00,2026-09-06 11:45:00,2026-09-06 11:22:00,2026-09-06 11:41:00,2026-09-06 11:22:00,2026-09-06 11:33:00,"Семиченков С. А., Харитонов И. А.",Turkish Airlines,Выдача более 40 минут
2026-09-06,J2 807 ,763,БАКУ(ИМ. ГЕЙДАРА АЛИЕВА),22,Y(А09),11:11,3406,2026-09-06 11:23:00,2026-09-06 11:25:00,,2026-09-06 11:26:00,2026-09-06 11:38:00,2026-09-06 11:26:00,2026-09-06 11:38:00,2026-09-06 11:50:00,,,2026-09-06 11:38:00,2026-09-06 11:43:00,,0.0,2026-09-06 11:28:00,2026-09-06 11:40:00,2026-09-06 11:28:00,2026-09-06 11:43:00,,,"Аганин А. А., Тришкин А. В.",AZAL,Выдача до 30 минут
2026-09-06,ДР 466 ,7С8,УЛЬЯНОВСК(БАРАТАЕВКА),50,Y(А05),11:29,383,2026-09-06 11:36:00,2026-09-06 11:38:00,,2026-09-06 11:38:00,2026-09-06 11:41:00,2026-09-06 11:38:00,2026-09-06 11:41:00,2026-09-06 11:43:00,,,2026-09-06 11:50:00,2026-09-06 11:52:00,,0.0,2026-09-06 11:42:00,2026-09-06 11:50:00,,,,,Кейта А. С.,Победа,Выдача до 30 минут
2026-09-06,3F 321 ,320,ЕРЕВАН(ЗВАРТНОЦ ИНТЛ),20,Y(А13),09:22,2167,2026-09-06 09:34:00,2026-09-06 09:35:00,,2026-09-06 09:38:00,2026-09-06 09:49:00,2026-09-06 09:48:00,2026-09-06 09:49:00,2026-09-06 09:52:00,,,2026-09-06 09:54:00,2026-09-06 09:59:00,,0.0,2026-09-06 09:46:00,2026-09-06 09:54:00,2026-09-06 09:48:00,2026-09-06 09:58:00,,,"Минченко А. И., Тихонов С. М.",FLYONE Armenia,Выдача до 30 минут
2026-09-06,ФВ 6003 ,СУ9,САНКТ-ПЕТЕРБУРГ(ПУЛКОВО),8,Y(А04),09:17,50,2026-09-06 09:27:00,2026-09-06 09:29:00,,2026-09-06 09:31:00,2026-09-06 09:33:00,2026-09-06 09:31:00,2026-09-06 09:33:00,2026-09-06 09:31:00,2.0,2.0,2026-09-06 09:34:00,2026-09-06 09:35:00,,0.0,2026-09-06 09:32:00,2026-09-06 09:34:00,,,,,Лаптев В. В.,Россия,Выдача до 30 минут
2026-09-06,ФВ 6007 ,СУ9,САНКТ-ПЕТЕРБУРГ(ПУЛКОВО),8,Y(А04),11:31,226,2026-09-06 11:39:00,2026-09-06 11:40:00,,2026-09-06 11:42:00,2026-09-06 11:44:00,2026-09-06 11:42:00,2026-09-06 11:44:00,2026-09-06 11:45:00,,,2026-09-06 11:48:00,2026-09-06 11:50:00,,0.0,2026-09-06 11:48:00,2026-09-06 11:49:00,,,,,Фанин Н. О.,Россия,Выдача до 30 минут
2026-09-06,ФВ 6009 ,СУ9,САНКТ-ПЕТЕРБУРГ(ПУЛКОВО),9,Y(А04),12:05,277,2026-09-06 12:13:00,2026-09-06 12:15:00,,2026-09-06 12:16:00,2026-09-06 12:18:00,2026-09-06 12:16:00,2026-09-06 12:18:00,2026-09-06 12:19:00,,,2026-09-06 12:23:00,2026-09-06 12:24:00,,0.0,2026-09-06 12:21:00,2026-09-06 12:22:00,,,,,Фанин Н. О.,Россия,Выдача до 30 минут
2026-09-06,TK 3070 ,32Б,АНТАЛЬЯ,21,Y(А10),12:10,2109,2026-09-06 12:22:00,2026-09-06 12:22:00,,2026-09-06 12:23:00,2026-09-06 12:36:00,2026-09-06 12:23:00,2026-09-06 12:36:00,2026-09-06 12:40:00,,,2026-09-06 12:37:00,2026-09-06 12:39:00,,0.0,2026-09-06 12:25:00,2026-09-06 12:39:00,,,,,Лаптев В. В.,Turkish Airlines,Выдача до 30 минут
2026-09-06,TK 3076 ,321,ДАЛАМАН,24,Y(А09),12:15,2317,2026-09-06 12:30:00,2026-09-06 12:31:00,,2026-09-06 12:33:00,2026-09-06 12:51:00,2026-09-06 12:33:00,2026-09-06 12:51:00,2026-09-06 12:49:00,2.0,3.0,2026-09-06 12:45:00,2026-09-06 12:58:00,,0.0,2026-09-06 12:23:00,2026-09-06 12:57:00,,,,,Вазиров Т. В.,Turkish Airlines,Выдача до 30 минут
2026-09-06,NE 642 ,321,ШАРМ ЭЛЬ ШЕЙХ(ШАРМ ЭЛЬ ШЕЙХ ИНТЛ.),27,Y(А10),12:22,2045,2026-09-06 12:36:00,2026-09-06 12:38:00,,2026-09-06 12:39:00,2026-09-06 12:57:00,2026-09-06 12:39:00,2026-09-06 12:57:00,2026-09-06 12:54:00,3.0,4.0,2026-09-06 12:49:00,2026-09-06 13:04:00,,0.0,2026-09-06 12:46:00,2026-09-06 12:49:00,2026-09-06 12:40:00,2026-09-06 13:04:00,,,Каламбеков У. О.,Nesma Airlines,Выдача до 30 минут
2026-09-06,TK 1231 ,321,АНТАЛЬЯ,20,Y(А12),12:25,1515,2026-09-06 12:36:00,2026-09-06 12:38:00,,2026-09-06 12:38:00,2026-09-06 12:47:00,2026-09-06 12:38:00,2026-09-06 12:47:00,2026-09-06 12:50:00,,,2026-09-06 12:54:00,2026-09-06 12:56:00,,0.0,2026-09-06 12:39:05,2026-09-06 12:56:05,,,,,Аганин А. А.,Turkish Airlines,Выдача до 30 минут
2026-09-06,TK 3012 ,321,АНТАЛЬЯ,19,Y(А10),12:30,2089,2026-09-06 12:37:00,2026-09-06 12:42:00,2.0,2026-09-06 12:44:00,2026-09-06 13:00:00,2026-09-06 12:44:00,2026-09-06 13:00:00,2026-09-06 12:55:00,5.0,2.0,2026-09-06 13:03:00,2026-09-06 13:09:00,6.0,2.0,2026-09-06 12:43:00,2026-09-06 13:13:00,,,,,Фанин Н. О.,Turkish Airlines,Выдача от 30 до 40 минут
2026-09-06,ЖГ 937 ,735,БАТУМИ,30,Y(А11),12:44,0,2026-09-06 12:53:00,2026-09-06 12:56:00,,2026-09-06 12:59:00,2026-09-06 13:12:00,2026-09-06 12:59:00,2026-09-06 13:12:00,,,13.0,2026-09-06 13:16:00,2026-09-06 13:19:00,3.0,0.0,2026-09-06 13:12:00,2026-09-06 13:16:00,,,,,Семиченков С. А.,GEORGIAN AIRWAYS,Выдача до 30 минут
2026-09-06,ЖГ 936 ,73Х,ТБИЛИСИ(ТБИЛИСИ ИНТЛ.),29,Y(А11),11:35,1348,2026-09-06 11:43:00,2026-09-06 11:45:00,,2026-09-06 11:45:00,2026-09-06 11:54:00,2026-09-06 11:45:00,2026-09-06 11:54:00,2026-09-06 11:56:00,,,2026-09-06 11:56:00,2026-09-06 12:01:00,,0.0,,,2026-09-06 11:57:00,2026-09-06 12:02:00,,,"Коляскин А. Г., Ушаков Г. А.",GEORGIAN AIRWAYS,Выдача до 30 минут
2026-09-06,ЮБГ 509 ,735,ЕРЕВАН(ЗВАРТНОЦ ИНТЛ),28,Y(А13),11:49,2523,2026-09-06 11:56:00,2026-09-06 11:59:00,,2026-09-06 12:02:00,2026-09-06 12:18:00,2026-09-06 12:03:00,2026-09-06 12:18:00,2026-09-06 12:17:00,1.0,,2026-09-06 12:12:00,2026-09-06 12:25:00,,0.0,2026-09-06 12:08:00,2026-09-06 12:12:00,2026-09-06 12:20:00,2026-09-06 12:24:00,,,"Иванов В. А., Тихонов С. М.",Shirak Avia,Выдача до 30 минут
2026-09-06,TK 3164 ,32Б,БОДРУМ(МИЛАС),25,Y(А12),12:49,1408,2026-09-06 13:01:00,2026-09-06 13:03:00,,2026-09-06 13:03:00,2026-09-06 13:16:00,2026-09-06 13:03:00,2026-09-06 13:16:00,2026-09-06 13:14:00,2.0,4.0,2026-09-06 13:17:00,2026-09-06 13:19:00,,0.0,2026-09-06 12:57:00,2026-09-06 13:18:00,,,,,Харитонов И. А.,Turkish Airlines,Выдача до 30 минут
2026-09-06,TK 3046 ,321,АНТАЛЬЯ,18,Y(А09),13:12,2417,2026-09-06 13:20:00,2026-09-06 13:22:00,,2026-09-06 13:23:00,2026-09-06 13:31:00,2026-09-06 13:23:00,2026-09-06 13:31:00,2026-09-06 13:40:00,,,2026-09-06 13:36:00,2026-09-06 13:39:00,,0.0,2026-09-06 13:12:00,2026-09-06 13:36:00,2026-09-06 13:24:00,2026-09-06 13:38:00,,,Тришкин А. В.,Turkish Airlines,Выдача до 30 минут
2026-09-06,ХИ 613 ,763,ТАШКЕНТ(ТАШКЕНТ ИНТЛ.),23,Y(А09),20:01,2548,2026-09-06 20:16:00,2026-09-06 20:17:00,,2026-09-06 20:19:00,2026-09-06 20:29:00,2026-09-06 20:19:00,2026-09-06 20:29:00,2026-09-06 20:37:00,,,2026-09-06 20:27:00,2026-09-06 20:34:00,,0.0,2026-09-06 20:19:00,2026-09-06 20:29:00,2026-09-06 20:28:00,2026-09-06 20:34:00,,,Прохачев И. А.,UZBEKISTAN AIRWAYS,Выдача до 30 минут
2026-09-06,ДР 160 ,73Х,КРАСНОДАР(ПАШКОВСКИЙ),48,Y(А06),13:24,782,2026-09-06 13:30:00,2026-09-06 13:30:00,,2026-09-06 13:34:00,2026-09-06 13:41:00,2026-09-06 13:34:00,2026-09-06 13:41:00,2026-09-06 13:39:00,2.0,2.0,2026-09-06 13:48:00,2026-09-06 13:49:00,,0.0,2026-09-06 13:43:00,2026-09-06 13:48:00,,,,,Ушаков Г. А.,Победа,Выдача до 30 минут
2026-09-06,TK 3066 ,32Б,АНТАЛЬЯ,22,Y(А10),13:33,1918,2026-09-06 13:46:00,2026-09-06 13:49:00,,2026-09-06 13:48:00,2026-09-06 14:08:00,2026-09-06 13:48:00,2026-09-06 14:08:00,2026-09-06 14:03:00,5.0,7.0,2026-09-06 14:01:00,2026-09-06 14:13:00,,0.0,2026-09-06 13:35:00,2026-09-06 14:18:00,,,,,Лаптев В. В.,Turkish Airlines,Выдача до 30 минут
2026-09-06,NE 620 ,320,ХУРГАДА(ХУРГАДА ИНТЛ.),23,Y(А09),13:37,1678,2026-09-06 13:44:00,2026-09-06 13:45:00,,2026-09-06 13:52:00,2026-09-06 14:02:00,2026-09-06 13:52:00,2026-09-06 14:02:00,2026-09-06 13:59:00,3.0,,2026-09-06 13:58:00,2026-09-06 14:09:00,,0.0,2026-09-06 13:52:00,2026-09-06 13:57:00,2026-09-06 13:54:00,2026-09-06 14:08:00,,,Иванов В. А.,Nesma Airlines,Выдача до 30 минут
2026-09-06,TK 417 ,32Б,СТАМБУЛ(СТАМБУЛ НЬЮ),21,Y(А10),13:41,2283,2026-09-06 13:51:00,2026-09-06 13:52:00,,2026-09-06 13:57:00,2026-09-06 14:07:00,2026-09-06 13:57:00,2026-09-06 14:07:00,2026-09-06 14:10:00,,,2026-09-06 14:08:00,2026-09-06 14:18:00,,0.0,2026-09-06 13:46:00,2026-09-06 14:16:00,,,,,Тихонов С. М.,Turkish Airlines,Выдача до 30 минут
2026-09-06,ЮТ 744 ,734,ГЯНДЖА,11,Y(А11),13:51,1640,2026-09-06 14:01:00,2026-09-06 14:04:00,,2026-09-06 14:05:00,2026-09-06 14:14:00,2026-09-06 14:05:00,2026-09-06 14:14:00,2026-09-06 14:16:00,,,2026-09-06 14:15:00,2026-09-06 14:21:00,,0.0,2026-09-06 14:12:00,2026-09-06 14:16:00,2026-09-06 14:17:00,2026-09-06 14:20:00,,,Соколов И. С.,Ютэйр,Выдача до 30 минут
2026-09-06,В2 983 ,Е75,МИНСК(МИНСК ИНТЛ.),29,Y(А13),14:02,273,2026-09-06 14:10:00,2026-09-06 14:16:00,3.0,2026-09-06 14:16:00,2026-09-06 14:18:00,2026-09-06 14:16:00,2026-09-06 14:18:00,2026-09-06 14:16:00,2.0,,2026-09-06 14:24:00,2026-09-06 14:25:00,,0.0,2026-09-06 14:23:00,2026-09-06 14:24:00,,,,,Вазиров Т. В.,Белавиа,Выдача до 30 минут
2026-09-06,ЮТ 334 ,73Е,НАРЬЯН-МАР,10,Y(А05),14:22,781,2026-09-06 14:34:00,2026-09-06 14:35:00,,2026-09-06 14:38:00,2026-09-06 14:49:00,2026-09-06 14:38:00,2026-09-06 14:49:00,2026-09-06 14:43:00,6.0,6.0,2026-09-06 14:53:00,2026-09-06 14:58:00,,0.0,2026-09-06 14:51:00,2026-09-06 14:53:00,,,,,Конюхов Я. А.,Ютэйр,Выдача до 30 минут
2026-09-06,PBD 980 ,73Х,АНТАЛЬЯ,48,Y(А11),16:50,901,2026-09-06 16:57:00,2026-09-06 16:27:00,-30.0,2026-09-06 16:59:00,2026-09-06 17:07:00,2026-09-06 17:06:00,2026-09-06 17:07:00,2026-09-06 17:07:00,,,2026-09-06 17:14:00,2026-09-06 17:17:00,,0.0,2026-09-06 17:07:00,2026-09-06 17:13:00,,,,,"Аганин А. А., Тихонов С. М.",Победа,Выдача до 30 минут
2026-09-06,ФВ 6027 ,СУ9,САНКТ-ПЕТЕРБУРГ(ПУЛКОВО),9,Y(А04),14:30,129,2026-09-06 14:40:00,2026-09-06 14:42:00,,2026-09-06 14:44:00,2026-09-06 14:47:00,2026-09-06 14:44:00,2026-09-06 14:47:00,2026-09-06 14:45:00,2.0,2.0,2026-09-06 14:49:00,2026-09-06 14:50:00,,0.0,2026-09-06 14:46:00,2026-09-06 14:50:00,,,,,Ушаков Г. А.,Россия,Выдача до 30 минут
2026-09-06,FZ 989 ,7М8,ДУБАЙ(ДУБАЙ ИНТЛ.),26A,Y(А10),14:51,1286,2026-09-06 14:59:00,2026-09-06 15:01:00,,2026-09-06 15:01:00,2026-09-06 15:10:00,2026-09-06 15:02:00,2026-09-06 15:10:00,2026-09-06 15:12:00,,,2026-09-06 15:11:00,2026-09-06 15:14:00,,0.0,2026-09-06 15:11:00,2026-09-06 15:14:00,2026-09-06 15:07:00,2026-09-06 15:12:00,,,"Иванов В. А., Кейта А. С.",flydubai,Выдача до 30 минут
2026-09-06,НВЦ 9152 ,32Щ,САБЕТТА,12,Y(А06),15:04,1099,2026-09-06 15:18:00,2026-09-06 15:20:00,,2026-09-06 15:21:00,2026-09-06 15:29:00,2026-09-06 15:21:00,2026-09-06 15:29:00,2026-09-06 15:29:00,,1.0,2026-09-06 15:34:00,2026-09-06 15:38:00,,0.0,2026-09-06 15:31:00,2026-09-06 15:38:00,,,,,Вазиров Т. В.,Северо-Запад,Выдача до 30 минут
2026-09-06,ФВ 6031 ,СУ9,САНКТ-ПЕТЕРБУРГ(ПУЛКОВО),8,Y(А04),15:14,201,2026-09-06 15:23:00,2026-09-06 15:26:00,,2026-09-06 15:26:00,2026-09-06 15:30:00,2026-09-06 15:26:00,2026-09-06 15:30:00,2026-09-06 15:28:00,2.0,3.0,2026-09-06 15:34:00,2026-09-06 15:36:00,,0.0,2026-09-06 15:32:00,2026-09-06 15:35:00,,,,,Рустамов М. А.,Россия,Выдача до 30 минут
2026-09-06,ЖГ 926 ,73Х,ТБИЛИСИ(ТБИЛИСИ ИНТЛ.),30,Y(А09),15:35,1755,2026-09-06 15:44:00,2026-09-06 15:48:00,1.0,2026-09-06 15:47:00,2026-09-06 15:59:00,2026-09-06 15:48:00,2026-09-06 15:59:00,2026-09-06 16:00:00,,,2026-09-06 15:56:00,2026-09-06 16:02:00,,0.0,2026-09-06 15:53:00,2026-09-06 15:56:00,2026-09-06 15:59:00,2026-09-06 16:02:00,,,"Лаптев В. В., Рустамов М. А.",GEORGIAN AIRWAYS,Выдача до 30 минут
2026-09-06,А4 7012 ,СУ9,ЕРЕВАН(ЗВАРТНОЦ ИНТЛ),24,Y(А13),15:41,808,2026-09-06 15:50:00,2026-09-06 15:54:00,1.0,2026-09-06 15:55:00,2026-09-06 16:01:00,2026-09-06 15:55:00,2026-09-06 16:01:00,2026-09-06 15:59:00,2.0,1.0,2026-09-06 16:07:00,2026-09-06 16:08:00,,0.0,2026-09-06 16:04:00,2026-09-06 16:07:00,,,,,Коляскин А. Г.,Азимут,Выдача до 30 минут
2026-09-06,А4 7010 ,СУ9,ТБИЛИСИ(ТБИЛИСИ ИНТЛ.),28,Y(А12),15:59,1406,2026-09-06 16:16:00,2026-09-06 16:16:00,,2026-09-06 16:19:00,2026-09-06 16:32:00,2026-09-06 16:28:00,2026-09-06 16:32:00,2026-09-06 16:29:00,3.0,,2026-09-06 16:29:00,2026-09-06 16:39:00,,0.0,2026-09-06 16:25:00,2026-09-06 16:29:00,2026-09-06 16:35:00,2026-09-06 16:38:00,,,"Вазиров Т. В., Конюхов Я. А.",Азимут,Выдача до 30 минут
2026-09-06,ДР 856 ,73Х,ГЮМРИ(ШИРАК),49,Y(А13),16:03,1416,2026-09-06 16:12:00,2026-09-06 16:15:00,,2026-09-06 16:15:00,2026-09-06 16:26:00,2026-09-06 16:15:00,2026-09-06 16:26:00,2026-09-06 16:25:00,1.0,2.0,2026-09-06 16:30:00,2026-09-06 16:33:00,,0.0,2026-09-06 16:22:00,2026-09-06 16:29:00,2026-09-06 16:27:00,2026-09-06 16:32:00,,,Аганин А. А.,Победа,Выдача до 30 минут
2026-09-06,NE 608 ,320,ХУРГАДА(ХУРГАДА ИНТЛ.),25,Y(А10),16:12,1864,2026-09-06 16:25:00,2026-09-06 16:28:00,,2026-09-06 16:26:00,2026-09-06 16:42:00,2026-09-06 16:35:00,2026-09-06 16:42:00,2026-09-06 16:41:00,1.0,,2026-09-06 16:37:00,2026-09-06 16:46:00,,0.0,2026-09-06 16:35:00,2026-09-06 16:38:00,2026-09-06 16:41:00,2026-09-06 16:45:00,,,"Иванов В. А., Харитонов И. А.",Nesma Airlines,Выдача до 30 минут
2026-09-06,ДР 116 ,73Х,СОЧИ,47,Y(А07),19:02,798,2026-09-06 19:09:00,2026-09-06 19:11:00,,2026-09-06 19:13:00,2026-09-06 19:22:00,2026-09-06 19:13:00,2026-09-06 19:22:00,2026-09-06 19:18:00,4.0,4.0,2026-09-06 19:28:00,2026-09-06 19:34:00,,0.0,2026-09-06 19:22:00,2026-09-06 19:29:00,,,,,Кейта А. С.,Победа,Выдача до 30 минут
2026-09-06,ФВ 6037 ,СУ9,САНКТ-ПЕТЕРБУРГ(ПУЛКОВО),9,Y(А04),16:14,171,2026-09-06 16:23:00,2026-09-06 16:26:00,,2026-09-06 16:26:00,2026-09-06 16:31:00,2026-09-06 16:26:00,2026-09-06 16:31:00,2026-09-06 16:28:00,3.0,4.0,2026-09-06 16:37:00,2026-09-06 16:38:00,,0.0,2026-09-06 16:31:00,2026-09-06 16:32:00,,,,,Иванов В. А.,Россия,Выдача до 30 минут
2026-09-06,ФВ 6025 ,СУ9,САНКТ-ПЕТЕРБУРГ(ПУЛКОВО),8,Y(А04),13:28,134,2026-09-06 13:37:00,2026-09-06 13:38:00,,2026-09-06 13:41:00,2026-09-06 13:43:00,2026-09-06 13:41:00,2026-09-06 13:43:00,2026-09-06 13:42:00,1.0,1.0,2026-09-06 13:46:00,2026-09-06 13:47:00,,0.0,2026-09-06 13:44:00,2026-09-06 13:46:00,,,,,Соколов И. С.,Россия,Выдача до 30 минут
2026-09-06,ФВ 6175 ,СУ9,САНКТ-ПЕТЕРБУРГ(ПУЛКОВО),8,Y(А04),17:14,156,2026-09-06 17:21:00,2026-09-06 17:22:00,,2026-09-06 17:25:00,2026-09-06 17:26:00,2026-09-06 17:25:00,2026-09-06 17:26:00,2026-09-06 17:26:00,,,2026-09-06 17:30:00,2026-09-06 17:31:00,,0.0,2026-09-06 17:27:00,2026-09-06 17:30:00,,,,,Кейта А. С.,Россия,Выдача до 30 минут
2026-09-06,ЮТ 276 ,734,СОЧИ,15,Y(А06),17:55,971,2026-09-06 18:02:00,2026-09-06 18:03:00,,2026-09-06 18:06:00,2026-09-06 18:15:00,2026-09-06 18:06:00,2026-09-06 18:15:00,2026-09-06 18:12:00,3.0,3.0,2026-09-06 18:20:00,2026-09-06 18:22:00,,0.0,2026-09-06 18:17:00,2026-09-06 18:26:00,,,,,Вазиров Т. В.,Ютэйр,Выдача до 30 минут
2026-09-06,AZO 7054 ,СУ9,БАТУМИ,51A,Y(А12),17:47,896,2026-09-06 17:59:00,2026-09-06 18:01:00,,2026-09-06 18:04:00,2026-09-06 18:14:00,2026-09-06 18:04:00,2026-09-06 18:14:00,2026-09-06 18:09:00,5.0,4.0,2026-09-06 18:21:00,2026-09-06 18:23:00,,0.0,2026-09-06 18:14:00,2026-09-06 18:22:00,,,,,Тихонов С. М.,GEORGIAN AIRWAYS,Выдача до 30 минут
2026-09-06,ФВ 6019 ,СУ9,САНКТ-ПЕТЕРБУРГ(ПУЛКОВО),8,Y(А04),07:19,44,2026-09-06 07:28:00,2026-09-06 07:30:00,,2026-09-06 07:33:00,2026-09-06 07:35:00,2026-09-06 07:33:00,2026-09-06 07:35:00,2026-09-06 07:32:00,3.0,2.0,2026-09-06 07:41:00,2026-09-06 07:42:00,,0.0,2026-09-06 07:35:00,2026-09-06 07:37:00,,,,,Соколов И. С.,Россия,Выдача до 30 минут
2026-09-06,TK 415 ,32Б,СТАМБУЛ(СТАМБУЛ НЬЮ),22,Y(А10),19:00,2885,2026-09-06 19:12:00,2026-09-06 19:15:00,,2026-09-06 19:17:00,2026-09-06 19:28:00,2026-09-06 19:17:00,2026-09-06 19:28:00,2026-09-06 19:35:00,,,2026-09-06 19:28:00,2026-09-06 19:35:00,,0.0,2026-09-06 19:22:00,2026-09-06 19:29:00,2026-09-06 19:20:00,2026-09-06 19:37:00,,,Лаптев В. В.,Turkish Airlines,Выдача до 30 минут
2026-09-06,ЯМ 624 ,73Г,САНКТ-ПЕТЕРБУРГ(ПУЛКОВО),3,Y(А05),17:35,875,2026-09-06 17:43:00,2026-09-06 17:45:00,,2026-09-06 17:46:00,2026-09-06 17:50:00,2026-09-06 17:46:00,2026-09-06 17:50:00,2026-09-06 17:53:00,,,2026-09-06 17:56:00,2026-09-06 18:01:00,,0.0,2026-09-06 17:52:00,2026-09-06 17:55:00,,,,,Вазиров Т. В.,Алроса,Выдача до 30 минут
2026-09-06,ЮТ 746 ,73Х,БАКУ(ИМ. ГЕЙДАРА АЛИЕВА),16,Y(А11),18:10,1685,2026-09-06 18:19:00,2026-09-06 18:19:00,,2026-09-06 18:20:00,2026-09-06 18:41:00,2026-09-06 18:20:00,2026-09-06 18:41:00,2026-09-06 18:34:00,7.0,10.0,2026-09-06 18:34:00,2026-09-06 18:48:00,,0.0,2026-09-06 18:28:00,2026-09-06 18:34:00,2026-09-06 18:38:00,2026-09-06 18:49:00,,,Гафуров О. Ф.,Ютэйр,Выдача до 30 минут
2026-09-06,ЮТ 374 ,73Х,МИНЕРАЛЬНЫЕ ВОДЫ,13,Y(А06),17:31,1261,2026-09-06 17:40:00,2026-09-06 17:42:00,,2026-09-06 17:43:00,2026-09-06 17:56:00,2026-09-06 17:43:00,2026-09-06 17:56:00,2026-09-06 17:52:00,4.0,5.0,2026-09-06 18:00:00,2026-09-06 18:02:00,,0.0,2026-09-06 17:56:00,2026-09-06 18:01:00,,,,,Тришкин А. В.,Ютэйр,Выдача до 30 минут
2026-09-06,ЮТ 596 ,735,УСИНСК,14,Y(А07),17:37,794,2026-09-06 17:46:00,2026-09-06 17:46:00,,2026-09-06 17:57:00,2026-09-06 18:08:00,2026-09-06 17:58:00,2026-09-06 18:08:00,2026-09-06 17:55:00,13.0,5.0,2026-09-06 18:12:00,2026-09-06 18:14:00,6.0,0.0,2026-09-06 17:56:00,2026-09-06 18:13:00,,,,,"Иванов В. А., Семиченков С. А.",Ютэйр,Выдача до 30 минут
2026-09-06,PC 388 ,32Щ,СТАМБУЛ(САБИХА ГОКЦЕН),20,Y(А09),14:34,2522,2026-09-06 14:41:00,2026-09-06 14:43:00,,2026-09-06 14:45:00,2026-09-06 14:59:00,2026-09-06 14:46:00,2026-09-06 14:59:00,2026-09-06 15:02:00,,,2026-09-06 14:58:00,2026-09-06 15:08:00,,0.0,2026-09-06 14:53:00,2026-09-06 14:57:00,2026-09-06 15:01:00,2026-09-06 15:07:00,,,"Каламбеков У. О., Соколов И. С.",Pegasus,Выдача до 30 минут
2026-09-06,В2 985 ,Е75,ГОМЕЛЬ,29,Y(А13),18:13,369,2026-09-06 18:21:00,2026-09-06 18:23:00,,2026-09-06 18:24:00,2026-09-06 18:28:00,2026-09-06 18:24:00,2026-09-06 18:28:00,2026-09-06 18:27:00,1.0,2.0,2026-09-06 18:33:00,2026-09-06 18:35:00,,0.0,2026-09-06 18:30:00,2026-09-06 18:33:00,,,,,Харитонов И. А.,Белавиа,Выдача до 30 минут
2026-09-06,ЮТ 250 ,73Х,СОЧИ,12,Y(А06),18:31,1053,2026-09-06 18:39:00,2026-09-06 18:41:00,,2026-09-06 18:42:00,2026-09-06 18:53:00,2026-09-06 18:42:00,2026-09-06 18:53:00,2026-09-06 18:50:00,3.0,4.0,2026-09-06 18:55:00,2026-09-06 18:59:00,,0.0,2026-09-06 18:51:00,2026-09-06 18:54:00,,,,,Рустамов М. А.,Ютэйр,Выдача до 30 минут
2026-09-06,PBD 840 ,73Х,АНТАЛЬЯ,48,Y(А10),18:34,1261,2026-09-06 18:40:00,2026-09-06 18:41:00,,2026-09-06 18:43:00,2026-09-06 18:53:00,2026-09-06 18:46:00,2026-09-06 18:53:00,2026-09-06 18:52:00,1.0,,2026-09-06 19:00:00,2026-09-06 19:01:00,,0.0,2026-09-06 18:54:00,2026-09-06 19:01:00,,,,,"Гафуров О. Ф., Иванов В. А.",Победа,Выдача до 30 минут
2026-09-06,ДР 190 ,7С8,МАХАЧКАЛА,50,Y(А08),18:38,613,2026-09-06 18:47:00,2026-09-06 18:50:00,,2026-09-06 18:48:00,2026-09-06 18:54:00,2026-09-06 18:50:00,2026-09-06 18:54:00,2026-09-06 18:55:00,,,2026-09-06 19:01:00,2026-09-06 19:06:00,,0.0,2026-09-06 18:55:00,2026-09-06 19:02:00,,,,,"Аганин А. А., Семиченков С. А.",Победа,Выдача до 30 минут
2026-09-06,ЮТ 802 ,762,ДУШАНБЕ(ДУШАНБЕ ИНТЛ.),63,Y(А09),18:41,3596,2026-09-06 18:52:00,2026-09-06 18:55:00,,2026-09-06 18:59:00,2026-09-06 19:09:00,2026-09-06 18:59:00,2026-09-06 19:09:00,2026-09-06 19:20:00,,,2026-09-06 19:00:00,2026-09-06 19:17:00,,0.0,2026-09-06 18:59:00,2026-09-06 19:09:00,2026-09-06 19:02:00,2026-09-06 19:21:00,,,Фанин Н. О.,Ютэйр,Выдача до 30 минут
2026-09-06,ЮТ 576 ,735,КРАСНОДАР(ПАШКОВСКИЙ),58,Y(А05),18:47,806,2026-09-06 18:58:00,2026-09-06 19:02:00,1.0,2026-09-06 19:02:00,2026-09-06 19:09:00,2026-09-06 19:02:00,2026-09-06 19:09:00,2026-09-06 19:07:00,2.0,2.0,2026-09-06 19:15:00,2026-09-06 19:18:00,,0.0,2026-09-06 19:09:00,2026-09-06 19:14:00,,,,,Тришкин А. В.,Ютэйр,Выдача до 30 минут
2026-09-06,ЮТ 464 ,73Х,ТЮМЕНЬ(РОЩИНО),17,Y(А07),18:50,779,2026-09-06 18:59:00,2026-09-06 19:02:00,,2026-09-06 19:02:00,2026-09-06 19:05:00,2026-09-06 19:02:00,2026-09-06 19:05:00,2026-09-06 19:08:00,,,2026-09-06 19:14:00,2026-09-06 19:15:00,,0.0,2026-09-06 19:07:00,2026-09-06 19:12:00,,,,,Андреев А. М.,Ютэйр,Выдача до 30 минут
2026-09-06,ДР 836 ,73Х,ГАЗИПАША,46,Y(А09),17:18,1661,2026-09-06 17:27:00,2026-09-06 17:29:00,,2026-09-06 17:30:00,2026-09-06 17:44:00,2026-09-06 17:36:00,2026-09-06 17:44:00,2026-09-06 17:42:00,2.0,,2026-09-06 17:42:00,2026-09-06 17:49:00,,0.0,2026-09-06 17:36:00,2026-09-06 17:43:00,2026-09-06 17:43:00,2026-09-06 17:50:00,,,"Андреев А. М., Харитонов И. А.",Победа,Выдача до 30 минут
2026-09-06,ФВ 6177 ,СУ9,САНКТ-ПЕТЕРБУРГ(ПУЛКОВО),9,Y(А04),18:14,221,2026-09-06 18:22:00,2026-09-06 18:24:00,,2026-09-06 18:26:00,2026-09-06 18:29:00,2026-09-06 18:26:00,2026-09-06 18:29:00,2026-09-06 18:27:00,2.0,2.0,2026-09-06 18:32:00,2026-09-06 18:34:00,,0.0,2026-09-06 18:30:00,2026-09-06 18:33:00,,,,,Андреев А. М.,Россия,Выдача до 30 минут
2026-09-06,ГЗП 204 ,73В,НОВЫЙ УРЕНГОЙ,Б63,Y(А04),18:55,118,2026-09-06 19:00:00,2026-09-06 19:02:00,,2026-09-06 19:07:00,2026-09-06 19:09:00,2026-09-06 19:07:00,2026-09-06 19:09:00,2026-09-06 19:05:00,4.0,1.0,2026-09-06 19:27:00,2026-09-06 19:28:00,,0.0,2026-09-06 19:09:00,2026-09-06 19:27:00,,,,,Конюхов Я. А.,Газпром авиа,Выдача до 30 минут
2026-09-06,УР 512 ,75В,БОДРУМ(МИЛАС),18,Y(А11),19:05,546,2026-09-06 19:14:00,2026-09-06 19:14:00,,2026-09-06 19:17:00,2026-09-06 19:23:00,2026-09-06 19:17:00,2026-09-06 19:23:00,2026-09-06 19:22:00,1.0,2.0,2026-09-06 19:27:00,2026-09-06 19:30:00,,0.0,2026-09-06 19:22:00,2026-09-06 19:27:00,,,,,Рустамов М. А.,FLYONE Armenia,Выдача до 30 минут
2026-09-06,3F 325 ,320,ЕРЕВАН(ЗВАРТНОЦ ИНТЛ),18,Y(А13),17:41,1391,2026-09-06 17:52:00,2026-09-06 17:52:00,,2026-09-06 17:55:00,2026-09-06 18:09:00,2026-09-06 17:56:00,2026-09-06 18:09:00,2026-09-06 18:05:00,4.0,4.0,2026-09-06 18:09:00,2026-09-06 18:16:00,,0.0,2026-09-06 18:00:00,2026-09-06 18:08:00,2026-09-06 18:09:00,2026-09-06 18:15:00,,,"Коляскин А. Г., Соколов И. С.",FLYONE Armenia,Выдача до 30 минут
2026-09-06,ХИ 9627 ,32Н,ФЕРГАНА(ФЕРГАНА ИНТЛ.),25,Y(А12),19:20,1998,2026-09-06 19:30:00,2026-09-06 19:32:00,,2026-09-06 19:33:00,2026-09-06 19:45:00,2026-09-06 19:33:00,2026-09-06 19:45:00,2026-09-06 19:47:00,,,2026-09-06 19:43:00,2026-09-06 19:52:00,,0.0,2026-09-06 19:38:00,2026-09-06 19:43:00,2026-09-06 19:46:00,2026-09-06 19:51:00,,,"Баташан В. Ю., Корнилов Н. А.",UZBEKISTAN AIRWAYS,Выдача до 30 минут
2026-09-06,ФВ 6179 ,СУ9,САНКТ-ПЕТЕРБУРГ(ПУЛКОВО),8,Y(А04),19:23,119,2026-09-06 19:33:00,2026-09-06 19:35:00,,2026-09-06 19:36:00,2026-09-06 19:37:00,2026-09-06 19:36:00,2026-09-06 19:37:00,2026-09-06 19:38:00,,,2026-09-06 20:04:00,2026-09-06 20:05:00,11.0,2.0,2026-09-06 19:37:00,2026-09-06 19:41:00,,,,,Прохачев И. А.,Россия,Выдача от 30 до 40 минут
2026-09-06,ЮТ 296 ,73Х,СУРГУТ,11,Y(А06),19:25,779,2026-09-06 19:38:00,2026-09-06 19:38:00,,2026-09-06 19:39:00,2026-09-06 19:44:00,2026-09-06 19:39:00,2026-09-06 19:44:00,2026-09-06 19:47:00,,,2026-09-06 19:51:00,2026-09-06 19:53:00,,0.0,2026-09-06 19:47:00,2026-09-06 19:50:00,,,,,Бородин А. В.,Ютэйр,Выдача до 30 минут
2026-09-06,PBD 860 ,7С8,АНТАЛЬЯ,44,Y(А13),19:29,1058,2026-09-06 19:39:00,2026-09-06 19:42:00,,2026-09-06 19:40:00,2026-09-06 19:47:00,2026-09-06 19:40:00,2026-09-06 19:47:00,2026-09-06 19:50:00,,,2026-09-06 19:55:00,2026-09-06 19:58:00,,0.0,2026-09-06 19:49:00,2026-09-06 19:54:00,,,,,Михайлов М. С.,Победа,Выдача до 30 минут
2026-09-06,ХИ 9609 ,320,ТЕРМЕЗ,26,Y(А10),19:34,1863,2026-09-06 19:42:00,2026-09-06 19:45:00,,2026-09-06 19:46:00,2026-09-06 19:59:00,2026-09-06 19:46:00,2026-09-06 19:59:00,2026-09-06 19:58:00,1.0,1.0,2026-09-06 19:58:00,2026-09-06 20:05:00,,0.0,2026-09-06 19:52:00,2026-09-06 19:56:00,2026-09-06 20:02:00,2026-09-06 20:06:00,,,Фанин Н. О.,UZBEKISTAN AIRWAYS,Выдача до 30 минут
2026-09-06,ДР 206 ,7С8,САНКТ-ПЕТЕРБУРГ(ПУЛКОВО),46,Y(А05),19:37,161,2026-09-06 19:43:00,2026-09-06 19:45:00,,2026-09-06 19:46:00,2026-09-06 19:48:00,2026-09-06 19:46:00,2026-09-06 19:48:00,2026-09-06 19:48:00,,1.0,2026-09-06 19:55:00,2026-09-06 19:56:00,,0.0,2026-09-06 19:49:00,2026-09-06 19:57:00,,,,,Соболь М. Ф.,Победа,Выдача до 30 минут
2026-09-06,ЯК 688 ,7С8,НОВОСИБИРСК(ТОЛМАЧЕВО),60,Y(А07),19:40,960,2026-09-06 19:53:00,2026-09-06 19:54:00,,2026-09-06 19:56:00,2026-09-06 20:03:00,2026-09-06 19:56:00,2026-09-06 20:03:00,2026-09-06 20:03:00,,1.0,2026-09-06 20:10:00,2026-09-06 20:11:00,,0.0,2026-09-06 20:06:00,2026-09-06 20:10:00,,,,,Фаёзов А. Р.,Якутия,Выдача до 30 минут
2026-09-06,ЮТ 398 ,734,ГЕЛЕНДЖИК,57,Y(А06),19:43,1181,2026-09-06 19:58:00,2026-09-06 20:03:00,2.0,2026-09-06 20:02:00,2026-09-06 20:10:00,2026-09-06 20:02:00,2026-09-06 20:10:00,2026-09-06 20:10:00,,,2026-09-06 20:18:00,2026-09-06 20:33:00,,5.0,2026-09-06 20:13:00,2026-09-06 20:19:00,,,,,Соколов И. С.,Ютэйр,Выдача от 30 до 40 минут
2026-09-06,ЮТ 810 ,73Х,САМАРКАНД(САМАРКАНД ИНТЛ.),19,Y(А11),19:47,1099,2026-09-06 19:54:00,2026-09-06 19:55:00,,2026-09-06 19:58:00,2026-09-06 20:06:00,2026-09-06 19:58:00,2026-09-06 20:06:00,2026-09-06 20:05:00,1.0,1.0,2026-09-06 20:13:00,2026-09-06 20:14:00,,0.0,2026-09-06 20:08:00,2026-09-06 20:13:00,,,,,Рустамов М. А.,Ютэйр,Выдача до 30 минут
2026-09-06,ЮТ 784 ,73Х,АНТАЛЬЯ,16,Y(А11),21:25,1345,2026-09-06 21:34:00,2026-09-06 21:35:00,,2026-09-06 21:37:00,2026-09-06 21:47:00,2026-09-06 21:37:00,2026-09-06 21:47:00,2026-09-06 21:47:00,,1.0,2026-09-06 21:49:00,2026-09-06 21:55:00,,0.0,2026-09-06 21:42:00,2026-09-06 21:49:00,2026-09-06 21:49:00,2026-09-06 21:55:00,,,Фанин Н. О.,Ютэйр,Выдача до 30 минут
2026-09-06,ЮВ 301 ,ЦР2,БУГУЛЬМА,45,Y(А05),21:29,321,2026-09-06 21:37:00,2026-09-06 21:37:00,,2026-09-06 21:39:00,2026-09-06 21:43:00,2026-09-06 21:39:00,2026-09-06 21:43:00,2026-09-06 21:43:00,,2.0,2026-09-06 21:51:00,2026-09-06 21:53:00,,0.0,2026-09-06 21:44:00,2026-09-06 21:51:00,,,,,Рустамов М. А.,ЮВТ АЭРО,Выдача до 30 минут
2026-09-06,ХИ 9619 ,32Н,НАМАНГАН,24,Y(А10),20:08,1843,2026-09-06 20:20:00,2026-09-06 20:20:00,,2026-09-06 20:23:00,2026-09-06 20:45:00,2026-09-06 20:23:00,2026-09-06 20:45:00,2026-09-06 20:36:00,9.0,10.0,2026-09-06 20:35:00,2026-09-06 20:50:00,,0.0,2026-09-06 20:32:00,2026-09-06 20:35:00,2026-09-06 20:46:00,2026-09-06 20:49:00,,,Конюхов Я. А.,UZBEKISTAN AIRWAYS,Выдача до 30 минут
2026-09-06,ДР 964 ,73Х,ДАЛАМАН,50,Y(А12),20:20,1263,2026-09-06 20:29:00,2026-09-06 20:34:00,2.0,2026-09-06 20:32:00,2026-09-06 20:42:00,2026-09-06 20:32:00,2026-09-06 20:42:00,2026-09-06 20:41:00,1.0,2.0,2026-09-06 20:45:00,2026-09-06 20:55:00,,0.0,2026-09-06 20:43:00,2026-09-06 20:45:00,2026-09-06 20:44:00,2026-09-06 20:57:00,,,Фаёзов А. Р.,Победа,Выдача до 30 минут
2026-09-06,ФВ 6181 ,СУ9,САНКТ-ПЕТЕРБУРГ(ПУЛКОВО),9,Y(А04),20:23,156,2026-09-06 20:33:00,2026-09-06 20:35:00,,2026-09-06 20:38:00,2026-09-06 20:39:00,2026-09-06 20:38:00,2026-09-06 20:39:00,2026-09-06 20:38:00,1.0,,2026-09-06 20:43:00,2026-09-06 20:44:00,,0.0,2026-09-06 20:42:00,2026-09-06 20:44:00,,,,,Соболь М. Ф.,Россия,Выдача до 30 минут
2026-09-06,ЮТ 400 ,73Х,ГРОЗНЫЙ(СЕВЕРНЫЙ),13,Y(А05),20:26,566,2026-09-06 20:36:00,2026-09-06 20:36:00,,2026-09-06 20:42:00,2026-09-06 20:48:00,2026-09-06 20:42:00,2026-09-06 20:48:00,2026-09-06 20:44:00,4.0,2.0,2026-09-06 20:51:00,2026-09-06 20:55:00,,0.0,2026-09-06 20:49:00,2026-09-06 20:51:00,,,,,Кейта А. С.,Ютэйр,Выдача до 30 минут
2026-09-06,ДР 158 ,7С8,КРАСНОДАР(ПАШКОВСКИЙ),47,Y(А07),20:29,462,2026-09-06 20:38:00,2026-09-06 20:38:00,,2026-09-06 20:39:00,2026-09-06 20:43:00,2026-09-06 20:39:00,2026-09-06 20:43:00,2026-09-06 20:45:00,,1.0,2026-09-06 20:55:00,2026-09-06 20:56:00,,0.0,2026-09-06 20:44:00,2026-09-06 20:57:00,,,,,Фартушный А. И.,Победа,Выдача до 30 минут
2026-09-06,DV 815 ,7М8,АЛМАТЫ(АЛМАТЫ ИНТЛ.),20,Y(А13),20:34,755,2026-09-06 20:45:00,2026-09-06 20:46:00,,2026-09-06 20:50:00,2026-09-06 20:56:00,2026-09-06 20:51:00,2026-09-06 20:56:00,2026-09-06 20:54:00,2.0,,2026-09-06 21:01:00,2026-09-06 21:04:00,,0.0,2026-09-06 20:55:00,2026-09-06 21:01:00,,,,,"Науну М., Тихонов С. М.",SCAT Airlines,Выдача до 30 минут
2026-09-06,ЮТ 180 ,73Е,УХТА,17,Y(А05),21:10,401,2026-09-06 21:17:00,2026-09-06 21:17:00,,2026-09-06 21:21:00,2026-09-06 21:25:00,2026-09-06 21:21:00,2026-09-06 21:25:00,2026-09-06 21:24:00,1.0,1.0,2026-09-06 21:30:00,2026-09-06 21:32:00,,0.0,2026-09-06 21:27:00,2026-09-06 21:31:00,,,,,Семиченков С. А.,Ютэйр,Выдача до 30 минут
2026-09-06,J2 809 ,763,БАКУ(ИМ. ГЕЙДАРА АЛИЕВА),34,Y(А13),23:44,2906,2026-09-07 00:01:00,2026-09-07 00:03:00,,2026-09-07 00:04:00,2026-09-07 00:29:00,2026-09-07 00:04:00,2026-09-07 00:29:00,2026-09-07 00:24:00,5.0,6.0,2026-09-07 00:21:00,2026-09-07 00:36:00,,5.0,2026-09-07 00:04:00,2026-09-07 00:29:00,2026-09-07 00:10:00,2026-09-07 00:35:00,,,Лаптев В. В.,AZAL,Выдача от 30 до 40 минут
2026-09-06,ВГ 2390 ,ЯК4,ВОЛОГДА,45,0,19:51,0,2026-09-06 19:57:00,2026-09-06 20:00:00,,2026-09-06 20:03:00,2026-09-06 20:04:00,2026-09-06 20:03:00,2026-09-06 20:04:00,,,1.0,,-1,,0.0,,,,,,,Соболь М. Ф.,Вологодское АП,Не определено
2026-09-06,ДР 422 ,73Х,САМАРА(КУРУМОЧ),43,Y(А04),21:33,265,2026-09-06 21:42:00,2026-09-06 21:44:00,,2026-09-06 21:45:00,2026-09-06 21:49:00,2026-09-06 21:45:00,2026-09-06 21:49:00,2026-09-06 21:48:00,1.0,2.0,2026-09-06 21:57:00,2026-09-06 21:59:00,,0.0,2026-09-06 21:52:00,2026-09-06 21:56:00,,,,,Фаёзов А. Р.,Победа,Выдача до 30 минут
2026-09-06,ФВ 6183 ,СУ9,САНКТ-ПЕТЕРБУРГ(ПУЛКОВО),8,Y(А04),21:07,75,2026-09-06 21:17:00,2026-09-06 21:19:00,,2026-09-06 21:20:00,2026-09-06 21:21:00,2026-09-06 21:20:00,2026-09-06 21:21:00,2026-09-06 21:22:00,,,2026-09-06 21:24:00,2026-09-06 21:25:00,,0.0,2026-09-06 21:24:00,2026-09-06 21:25:00,,,,,Бородин А. В.,Россия,Выдача до 30 минут
2026-09-06,TK 411 ,333,СТАМБУЛ(СТАМБУЛ НЬЮ),22,Y(А10),23:10,5472,2026-09-06 23:27:00,2026-09-06 23:28:00,,2026-09-06 23:31:00,2026-09-06 23:44:00,2026-09-06 23:32:00,2026-09-06 23:44:00,2026-09-07 00:07:00,,,2026-09-06 23:39:00,2026-09-06 23:51:00,,0.0,2026-09-06 23:32:00,2026-09-06 23:43:00,2026-09-06 23:34:00,2026-09-06 23:43:00,2026-09-06 23:39:00,2026-09-06 23:50:00,"Андреев А. М., Прохачев И. А.",Turkish Airlines,Выдача до 30 минут
2026-09-06,ОП 914 ,СУ9,НАДЫМ,10,Y(А08),19:14,202,2026-09-06 19:25:00,2026-09-06 19:26:00,,2026-09-06 19:26:00,2026-09-06 19:29:00,2026-09-06 19:26:00,2026-09-06 19:29:00,2026-09-06 19:30:00,,2.0,2026-09-06 19:32:00,2026-09-06 19:33:00,,0.0,2026-09-06 19:29:00,2026-09-06 19:32:00,,,,,Екимов С. С.,Якутия,Выдача до 30 минут
2026-09-06,ФВ 6185 ,СУ9,САНКТ-ПЕТЕРБУРГ(ПУЛКОВО),9,Y(А04),22:16,106,2026-09-06 22:23:00,2026-09-06 22:25:00,,2026-09-06 22:27:00,2026-09-06 22:28:00,2026-09-06 22:27:00,2026-09-06 22:28:00,2026-09-06 22:28:00,,,2026-09-06 22:32:00,2026-09-06 22:33:00,,0.0,2026-09-06 22:30:00,2026-09-06 22:31:00,,,,,Андреев А. М.,Россия,Выдача до 30 минут
2026-09-06,А4 7036 ,СУ9,ПСКОВ(КРЕСТЫ),45,Y(А05),22:30,259,2026-09-06 22:40:00,2026-09-06 22:39:00,-1.0,2026-09-06 22:41:00,2026-09-06 22:47:00,2026-09-06 22:41:00,2026-09-06 22:47:00,2026-09-06 22:46:00,1.0,4.0,2026-09-06 22:52:00,2026-09-06 22:54:00,,0.0,2026-09-06 22:48:00,2026-09-06 22:53:00,,,,,Рустамов М. А.,Азимут,Выдача до 30 минут
2026-09-06,BJ 814 ,320,МОНАСТИР(ХАБИБ БУРДЖИБА ИНТ),23,Y(А10),22:33,2214,2026-09-06 22:44:00,2026-09-06 22:46:00,,2026-09-06 22:47:00,2026-09-06 23:06:00,2026-09-06 22:47:00,2026-09-06 23:06:00,2026-09-06 23:03:00,3.0,4.0,2026-09-06 22:58:00,2026-09-06 23:11:00,,0.0,2026-09-06 22:54:00,2026-09-06 22:58:00,2026-09-06 23:08:00,2026-09-06 23:11:00,,,Семиченков С. А.,Nouvelair Tunisie,Выдача до 30 минут
2026-09-06,FZ 951 ,7М8,ДУБАЙ(ДУБАЙ ИНТЛ.),29,Y(А11),22:38,904,2026-09-06 22:52:00,2026-09-06 22:55:00,,2026-09-06 22:56:00,2026-09-06 23:05:00,2026-09-06 22:56:00,2026-09-06 23:05:00,2026-09-06 23:02:00,3.0,3.0,2026-09-06 23:10:00,2026-09-06 23:14:00,,0.0,2026-09-06 23:06:00,2026-09-06 23:10:00,,,,,Бородин А. В.,flydubai,Выдача до 30 минут
2026-09-06,ДР 968 ,7С8,МИНСК(МИНСК ИНТЛ.),50,Y(А13),22:41,361,2026-09-06 22:47:00,2026-09-06 22:50:00,,2026-09-06 22:52:00,2026-09-06 22:56:00,2026-09-06 22:52:00,2026-09-06 22:56:00,2026-09-06 22:53:00,3.0,2.0,2026-09-06 23:07:00,2026-09-06 23:08:00,,0.0,2026-09-06 23:01:00,2026-09-06 23:07:00,,,,,Науну М.,Победа,Выдача до 30 минут
2026-09-06,DV 813 ,738,АСТАНА(НУРСУЛТАН НАЗАРБАЕВ),19,Y(А13),22:46,746,2026-09-06 22:55:00,2026-09-06 22:57:00,,2026-09-06 22:59:00,2026-09-06 23:08:00,2026-09-06 22:59:00,2026-09-06 23:08:00,2026-09-06 23:04:00,4.0,4.0,2026-09-06 23:14:00,2026-09-06 23:15:00,,0.0,2026-09-06 23:09:00,2026-09-06 23:15:00,,,,,Михайлов М. С.,SCAT Airlines,Выдача до 30 минут
2026-09-06,ДР 994 ,73Х,СТАМБУЛ(СТАМБУЛ НЬЮ),44,Y(А13),21:41,1299,2026-09-06 21:49:00,2026-09-06 21:52:00,,2026-09-06 21:53:00,2026-09-06 22:01:00,2026-09-06 21:53:00,2026-09-06 22:01:00,2026-09-06 22:02:00,,,2026-09-06 22:06:00,2026-09-06 22:09:00,,0.0,2026-09-06 22:05:00,2026-09-06 22:09:00,2026-09-06 21:58:00,2026-09-06 22:07:00,,,Соколов И. С.,Победа,Выдача до 30 минут
2026-09-06,NE 646 ,320,ШАРМ ЭЛЬ ШЕЙХ(ШАРМ ЭЛЬ ШЕЙХ ИНТЛ.),27,Y(А12),22:00,1445,2026-09-06 22:12:00,2026-09-06 22:13:00,,2026-09-06 22:16:00,2026-09-06 22:31:00,2026-09-06 22:16:00,2026-09-06 22:31:00,2026-09-06 22:26:00,5.0,5.0,2026-09-06 22:26:00,2026-09-06 22:36:00,,0.0,2026-09-06 22:24:00,2026-09-06 22:26:00,2026-09-06 22:33:00,2026-09-06 22:37:00,,,Лаптев В. В.,Nesma Airlines,Выдача до 30 минут
2026-09-06,ХИ 605 ,320,САМАРКАНД(САМАРКАНД ИНТЛ.),26,Y(А12),23:15,1395,2026-09-06 23:28:00,2026-09-06 23:30:00,,2026-09-06 23:32:00,2026-09-06 23:43:00,2026-09-06 23:32:00,2026-09-06 23:43:00,2026-09-06 23:41:00,2.0,2.0,2026-09-06 23:44:00,2026-09-06 23:49:00,,0.0,2026-09-06 23:40:00,2026-09-06 23:44:00,2026-09-06 23:44:00,2026-09-06 23:49:00,,,Фартушный А. И.,UZBEKISTAN AIRWAYS,Выдача до 30 минут
2026-09-06,TK 211 ,321,АНТАЛЬЯ,23,Y(А09),23:53,1945,2026-09-07 00:03:00,2026-09-07 00:05:00,,2026-09-07 00:04:00,2026-09-07 00:13:00,2026-09-07 00:04:00,2026-09-07 00:13:00,2026-09-07 00:20:00,,,2026-09-07 00:15:00,2026-09-07 00:19:00,,0.0,2026-09-07 00:14:00,2026-09-07 00:21:00,,,,,Соболь М. Ф.,Turkish Airlines,Выдача до 30 минут
2026-09-06,PC 1580 ,32Щ,АНТАЛЬЯ,20,Y(А09),22:52,2018,2026-09-06 23:04:00,2026-09-06 23:06:00,,2026-09-06 23:07:00,2026-09-06 23:18:00,2026-09-06 23:07:00,2026-09-06 23:18:00,2026-09-06 23:21:00,,,2026-09-06 23:21:00,2026-09-06 23:25:00,,0.0,2026-09-06 23:15:00,2026-09-06 23:17:00,2026-09-06 23:20:00,2026-09-06 23:25:00,,,"Соболь М. Ф., Соколов И. С.",Pegasus,Выдача до 30 минут
2026-09-06,ДР 264 ,73Х,КАЛИНИНГРАД(ХРАБРОВО),46,Y(А08),23:49,366,2026-09-06 23:55:00,2026-09-06 23:58:00,,2026-09-06 23:58:00,2026-09-07 00:01:00,2026-09-06 23:58:00,2026-09-07 00:01:00,2026-09-07 00:01:00,,1.0,2026-09-07 00:09:00,2026-09-07 00:10:00,,0.0,2026-09-07 00:03:00,2026-09-07 00:09:00,,,,,Фанин Н. О.,Победа,Выдача до 30 минут
2026-09-06,ГЗП 292 ,СУ9,ТАЛАКАН,Б36,Y(А05),13:17,67,2026-09-06 13:23:00,2026-09-06 13:23:00,,2026-09-06 13:28:00,2026-09-06 13:35:00,2026-09-06 13:28:00,2026-09-06 13:35:00,2026-09-06 13:27:00,8.0,7.0,2026-09-06 13:45:00,2026-09-06 13:46:00,,0.0,2026-09-06 13:31:00,2026-09-06 13:45:00,,,,,Конюхов Я. А.,Газпром авиа,Выдача до 30 минут
2026-09-06,J2 803 ,319,БАКУ(ИМ. ГЕЙДАРА АЛИЕВА),25,Y(А09),21:46,1932,2026-09-06 21:58:00,2026-09-06 22:01:00,,2026-09-06 22:01:00,2026-09-06 22:20:00,2026-09-06 22:01:00,2026-09-06 22:20:00,2026-09-06 22:15:00,5.0,6.0,2026-09-06 22:13:00,2026-09-06 22:24:00,,0.0,2026-09-06 22:10:00,2026-09-06 22:11:00,2026-09-06 22:21:00,2026-09-06 22:26:00,,,Гафуров О. Ф.,AZAL,Выдача до 30 минут
2026-09-06,ЮТ 376 ,734,СЫКТЫВКАР,17,Y(А05),23:32,295,2026-09-06 23:39:00,2026-09-06 23:41:00,,2026-09-06 23:42:00,2026-09-06 23:48:00,2026-09-06 23:42:00,2026-09-06 23:48:00,2026-09-06 23:45:00,3.0,4.0,2026-09-06 23:53:00,2026-09-06 23:56:00,,0.0,2026-09-06 23:48:00,2026-09-06 23:52:00,,,,,Тихонов С. М.,Ютэйр,Выдача до 30 минут
2026-09-06,FZ 987 ,7М8,ДУБАЙ(ДУБАЙ ИНТЛ.),30,Y(А11),23:29,1215,2026-09-06 23:42:00,2026-09-06 23:44:00,,2026-09-06 23:45:00,2026-09-06 23:54:00,2026-09-06 23:45:00,2026-09-06 23:54:00,2026-09-06 23:54:00,,1.0,2026-09-06 23:59:00,2026-09-07 00:00:00,,0.0,2026-09-06 23:56:00,2026-09-06 23:59:00,,,,,"Корнилов Н. А., Острых В. А.",flydubai,Выдача до 30 минут
2026-09-06,ДР 168 ,7С8,МИНЕРАЛЬНЫЕ ВОДЫ,47,Y(А06),23:22,794,2026-09-06 23:28:00,2026-09-06 23:32:00,1.0,2026-09-06 23:33:00,2026-09-06 23:38:00,2026-09-06 23:33:00,2026-09-06 23:38:00,2026-09-06 23:37:00,1.0,,2026-09-06 23:46:00,2026-09-06 23:47:00,,0.0,2026-09-06 23:44:00,2026-09-06 23:46:00,,,,,Науну М.,Победа,Выдача до 30 минут
2026-09-06,ДР 486 ,73Х,УЛЬЯНОВСК(БАРАТАЕВКА),48,Y(А07),23:36,204,2026-09-06 23:44:00,2026-09-06 23:46:00,,2026-09-06 23:50:00,2026-09-06 23:53:00,2026-09-06 23:50:00,2026-09-06 23:53:00,2026-09-06 23:49:00,4.0,2.0,2026-09-07 00:02:00,2026-09-07 00:03:00,,0.0,2026-09-06 23:58:00,2026-09-07 00:02:00,,,,,Тришкин А. В.,Победа,Выдача до 30 минут
2026-09-07,ЮТ 374 ,734,МИНЕРАЛЬНЫЕ ВОДЫ,17,Y(А06),17:35,938,2026-09-07 17:42:00,2026-09-07 17:43:00,,2026-09-07 17:45:00,2026-09-07 17:53:00,2026-09-07 17:45:00,2026-09-07 17:53:00,2026-09-07 17:52:00,1.0,2.0,2026-09-07 17:59:00,2026-09-07 18:03:00,,0.0,2026-09-07 17:55:00,2026-09-07 18:00:00,,,,,Давлатов Б. Ч.,Ютэйр,Выдача до 30 минут
2026-09-07,ЮТ 400 ,73Х,ГРОЗНЫЙ(СЕВЕРНЫЙ),25,Y(А08),17:39,455,2026-09-07 17:47:00,2026-09-07 17:49:00,,2026-09-07 17:50:00,2026-09-07 17:54:00,2026-09-07 17:50:00,2026-09-07 17:54:00,2026-09-07 17:54:00,,1.0,2026-09-07 17:58:00,2026-09-07 18:00:00,,0.0,2026-09-07 17:56:00,2026-09-07 17:59:00,,,,,Аганин А. А.,Ютэйр,Выдача до 30 минут
2026-09-07,MRJ 4879 ,АБ6,ТЕГЕРАН(ИМАМ ХОМЕИНИ ИНТЛ),18,Y(А10),17:43,6591,2026-09-07 17:57:00,2026-09-07 18:00:00,,2026-09-07 18:03:00,2026-09-07 18:44:00,2026-09-07 18:03:00,2026-09-07 18:44:00,2026-09-07 18:45:00,,,2026-09-07 18:34:00,2026-09-07 18:54:00,17.0,27.0,2026-09-07 18:03:00,2026-09-07 18:44:00,2026-09-07 17:59:00,2026-09-07 18:35:00,2026-09-07 18:34:00,2026-09-07 18:49:00,Рябчевский В. О.,Meraj Air,Выдача более 40 минут
2026-09-07,AZO 9006 ,СУ9,БАЙКОНУР(КРАЙНИЙ),28,Y(А13),17:49,65,2026-09-07 17:57:00,2026-09-07 17:57:00,,2026-09-07 18:03:00,2026-09-07 18:04:00,2026-09-07 18:03:00,2026-09-07 18:04:00,2026-09-07 18:01:00,3.0,1.0,2026-09-07 18:07:00,2026-09-07 18:08:00,,0.0,2026-09-07 18:03:00,2026-09-07 18:08:00,,,,,Черкас В. А.,GEORGIAN AIRWAYS,Выдача до 30 минут
2026-09-07,ЮТ 456 ,735,НОЯБРЬСК,10,Y(А07),18:08,417,2026-09-07 18:16:00,2026-09-07 18:18:00,,2026-09-07 18:19:00,2026-09-07 18:24:00,2026-09-07 18:19:00,2026-09-07 18:24:00,2026-09-07 18:23:00,1.0,2.0,2026-09-07 18:29:00,2026-09-07 18:30:00,,0.0,2026-09-07 18:26:00,2026-09-07 18:28:00,,,,,Хушвактов П. З.,Ютэйр,Выдача до 30 минут
2026-09-07,PBD 840 ,73Х,АНТАЛЬЯ,47,Y(А11),18:12,946,2026-09-07 18:23:00,2026-09-07 18:24:00,,2026-09-07 18:24:00,2026-09-07 18:31:00,2026-09-07 18:24:00,2026-09-07 18:31:00,2026-09-07 18:33:00,,1.0,2026-09-07 18:40:00,2026-09-07 18:44:00,,0.0,2026-09-07 18:32:00,2026-09-07 18:40:00,,,,,Каламбеков У. О.,Победа,Выдача до 30 минут
2026-09-07,AZO 7054 ,СУ9,БАТУМИ,45,Y(А12),18:14,933,2026-09-07 18:21:00,2026-09-07 18:22:00,,2026-09-07 18:31:00,2026-09-07 18:32:00,2026-09-07 18:31:00,2026-09-07 18:32:00,2026-09-07 18:31:00,1.0,,2026-09-07 18:44:00,2026-09-07 18:47:00,,0.0,2026-09-07 18:33:00,2026-09-07 18:41:00,,,,,Юрков С.,GEORGIAN AIRWAYS,Выдача до 30 минут
2026-09-07,DRU 9942 ,73Х,БАЙКОНУР(КРАЙНИЙ),4,Y(А13),18:18,190,2026-09-07 18:24:00,2026-09-07 18:27:00,,2026-09-07 18:29:00,2026-09-07 18:30:00,2026-09-07 18:29:00,2026-09-07 18:30:00,2026-09-07 18:29:00,1.0,,2026-09-07 18:37:00,2026-09-07 18:38:00,,0.0,2026-09-07 18:31:00,2026-09-07 18:36:00,,,,,Кузин К. С.,Алроса,Выдача до 30 минут
2026-09-07,ЮТ 576 ,735,КРАСНОДАР(ПАШКОВСКИЙ),12,Y(А08),18:23,665,2026-09-07 18:32:00,2026-09-07 18:33:00,,2026-09-07 18:35:00,2026-09-07 18:41:00,2026-09-07 18:35:00,2026-09-07 18:41:00,2026-09-07 18:40:00,1.0,2.0,2026-09-07 18:48:00,2026-09-07 18:51:00,,0.0,2026-09-07 18:44:00,2026-09-07 18:49:00,,,,,Ушаков Г. А.,Ютэйр,Выдача до 30 минут
2026-09-07,PBD 736 ,7С8,ГАЗИПАША,50,Y(А12),18:34,1086,2026-09-07 18:42:00,2026-09-07 18:44:00,,2026-09-07 18:45:00,2026-09-07 18:54:00,2026-09-07 18:45:00,2026-09-07 18:54:00,2026-09-07 18:53:00,1.0,2.0,2026-09-07 19:00:00,2026-09-07 19:03:00,,0.0,2026-09-07 18:54:00,2026-09-07 18:59:00,,,,,Аганин А. А.,Победа,Выдача до 30 минут
2026-09-07,ХИ 9625 ,320,НУКУС,26,Y(А11),18:38,1392,2026-09-07 18:51:00,2026-09-07 18:52:00,,2026-09-07 18:53:00,2026-09-07 19:01:00,2026-09-07 18:53:00,2026-09-07 19:01:00,2026-09-07 19:04:00,,,2026-09-07 19:04:00,2026-09-07 19:07:00,,0.0,2026-09-07 18:59:05,2026-09-07 19:03:00,2026-09-07 19:03:00,2026-09-07 19:06:00,,,Давлатов Б. Ч.,UZBEKISTAN AIRWAYS,Выдача до 30 минут
2026-09-07,TK 415 ,32Б,СТАМБУЛ(СТАМБУЛ НЬЮ),20,Y(А10),18:41,2981,2026-09-07 18:54:00,2026-09-07 18:56:00,,2026-09-07 18:57:00,2026-09-07 19:12:00,2026-09-07 18:57:00,2026-09-07 19:12:00,2026-09-07 19:18:00,,,2026-09-07 19:11:00,2026-09-07 19:25:00,,1.0,2026-09-07 18:44:00,2026-09-07 19:10:00,2026-09-07 18:53:00,2026-09-07 19:18:00,,,Литвин И. С.,Turkish Airlines,Выдача от 30 до 40 минут
2026-09-07,ЮТ 464 ,73Х,ТЮМЕНЬ(РОЩИНО),13,Y(А06),18:48,727,2026-09-07 18:57:00,2026-09-07 19:00:00,,2026-09-07 19:08:00,2026-09-07 19:16:00,2026-09-07 19:08:00,2026-09-07 19:16:00,2026-09-07 19:06:00,10.0,3.0,2026-09-07 19:19:00,2026-09-07 19:22:00,2.0,0.0,2026-09-07 19:15:00,2026-09-07 19:19:00,,,,,Тано Б. А.,Ютэйр,Выдача до 30 минут
2026-09-07,ЮТ 746 ,73Х,БАКУ(ИМ. ГЕЙДАРА АЛИЕВА),16,Y(А12),17:32,1919,2026-09-07 17:40:00,2026-09-07 17:41:00,,2026-09-07 17:42:00,2026-09-07 17:58:00,2026-09-07 17:42:00,2026-09-07 17:58:00,2026-09-07 17:57:00,1.0,3.0,2026-09-07 17:52:00,2026-09-07 18:08:00,,0.0,2026-09-07 17:48:00,2026-09-07 17:53:00,2026-09-07 18:02:00,2026-09-07 18:08:00,,,Ушаков Г. А.,Ютэйр,Выдача до 30 минут
2026-09-07,УР 514 ,75В,БОДРУМ(МИЛАС),19,Y(А12),19:01,980,2026-09-07 19:09:00,2026-09-07 19:09:00,,2026-09-07 19:14:00,2026-09-07 19:22:00,2026-09-07 19:14:00,2026-09-07 19:22:00,2026-09-07 19:20:00,2.0,1.0,2026-09-07 19:26:00,2026-09-07 19:28:00,,0.0,2026-09-07 19:20:00,2026-09-07 19:26:00,,,,,Дубинский В. Д.,FLYONE Armenia,Выдача до 30 минут
2026-09-07,ФВ 6177 ,СУ9,САНКТ-ПЕТЕРБУРГ(ПУЛКОВО),8,Y(А04),18:20,148,2026-09-07 18:31:00,2026-09-07 18:32:00,,2026-09-07 18:33:00,2026-09-07 18:38:00,2026-09-07 18:33:00,2026-09-07 18:38:00,2026-09-07 18:36:00,2.0,4.0,2026-09-07 18:42:00,2026-09-07 18:43:00,,0.0,2026-09-07 18:38:00,2026-09-07 18:41:00,,,,,Тано Б. А.,Россия,Выдача до 30 минут
2026-09-07,ЮТ 802 ,762,ДУШАНБЕ(ДУШАНБЕ ИНТЛ.),21,Y(А09),18:26,2788,2026-09-07 18:42:00,2026-09-07 18:42:00,,2026-09-07 18:43:00,2026-09-07 18:52:00,2026-09-07 18:43:00,2026-09-07 18:52:00,2026-09-07 19:05:00,,,2026-09-07 18:59:00,2026-09-07 19:11:00,,0.0,2026-09-07 18:43:00,2026-09-07 18:58:00,,,,,Дубинский В. Д.,Ютэйр,Выдача до 30 минут
2026-09-07,В2 979 ,733,МИНСК(МИНСК ИНТЛ.),29,Y(А13),16:04,584,2026-09-07 16:14:00,2026-09-07 16:18:00,1.0,2026-09-07 16:18:00,2026-09-07 16:23:00,2026-09-07 16:18:00,2026-09-07 16:23:00,2026-09-07 16:22:00,1.0,1.0,2026-09-07 16:26:00,2026-09-07 16:28:00,,0.0,2026-09-07 16:24:00,2026-09-07 16:26:00,,,,,Аганин А. А.,Белавиа,Выдача до 30 минут
2026-09-07,ФВ 6175 ,СУ9,САНКТ-ПЕТЕРБУРГ(ПУЛКОВО),9,Y(А04),17:18,149,2026-09-07 17:28:00,2026-09-07 17:28:00,,2026-09-07 17:30:00,2026-09-07 17:35:00,2026-09-07 17:30:00,2026-09-07 17:35:00,2026-09-07 17:33:00,2.0,4.0,2026-09-07 17:37:00,2026-09-07 17:38:00,,0.0,2026-09-07 17:35:00,2026-09-07 17:37:00,,,,,Додаров Ф. М.,Россия,Выдача до 30 минут
2026-09-07,NE 620 ,321,ХУРГАДА(ХУРГАДА ИНТЛ.),30,Y(А13),19:06,2251,2026-09-07 19:15:00,2026-09-07 19:24:00,6.0,2026-09-07 19:27:00,2026-09-07 19:45:00,2026-09-07 19:27:00,2026-09-07 19:45:00,2026-09-07 19:34:00,11.0,3.0,2026-09-07 19:36:00,2026-09-07 19:52:00,1.0,7.0,2026-09-07 19:33:00,2026-09-07 19:36:00,2026-09-07 19:49:00,2026-09-07 19:51:00,,,Ушаков Г. А.,Nesma Airlines,Выдача от 30 до 40 минут
2026-09-07,TK 417 ,321,СТАМБУЛ(СТАМБУЛ НЬЮ),20,Y(А10),13:23,2795,2026-09-07 13:33:00,2026-09-07 13:34:00,,2026-09-07 13:40:00,2026-09-07 13:50:00,2026-09-07 13:40:00,2026-09-07 13:50:00,2026-09-07 13:56:00,,,2026-09-07 13:49:00,2026-09-07 14:02:00,,0.0,2026-09-07 13:41:00,2026-09-07 13:58:00,2026-09-07 13:54:00,2026-09-07 13:55:00,,,Попов А. И.,Turkish Airlines,Выдача до 30 минут
2026-09-07,ДР 114 ,73Х,СОЧИ,49,Y(А05),13:29,622,-1,,,2026-09-07 13:39:00,2026-09-07 13:43:00,2026-09-07 13:39:00,2026-09-07 13:43:00,,,,2026-09-07 13:49:00,2026-09-07 13:50:00,,0.0,2026-09-07 13:45:00,2026-09-07 13:50:00,,,,,Дубинский В. Д.,Победа,Некорректно проставлены отметки
2026-09-07,ЯМ 543 ,73Х,НОВОСИБИРСК(ТОЛМАЧЕВО),12,Y(А06),13:34,946,2026-09-07 13:45:00,2026-09-07 13:45:00,,2026-09-07 13:45:00,2026-09-07 14:00:00,2026-09-07 13:45:00,2026-09-07 14:00:00,2026-09-07 13:55:00,5.0,9.0,2026-09-07 14:04:00,2026-09-07 14:06:00,,0.0,2026-09-07 14:01:00,2026-09-07 14:05:00,,,,,Кузин К. С.,Алроса,Выдача до 30 минут
2026-09-07,PC 388 ,32Щ,СТАМБУЛ(САБИХА ГОКЦЕН),25,Y(А09),13:38,2947,2026-09-07 13:50:00,2026-09-07 13:51:00,,2026-09-07 13:55:00,2026-09-07 14:06:00,2026-09-07 13:57:00,2026-09-07 14:06:00,2026-09-07 14:14:00,,,2026-09-07 14:05:00,2026-09-07 14:17:00,,0.0,2026-09-07 13:58:00,2026-09-07 14:04:00,2026-09-07 14:07:00,2026-09-07 14:10:00,,,"Хушвактов П. З., Юрков С.",Pegasus,Выдача до 30 минут
2026-09-07,ДР 466 ,73Х,УЛЬЯНОВСК(БАРАТАЕВКА),46,Y(А08),13:46,435,2026-09-07 13:52:00,2026-09-07 13:55:00,,2026-09-07 13:54:00,2026-09-07 13:58:00,2026-09-07 13:54:00,2026-09-07 13:58:00,2026-09-07 13:59:00,,1.0,2026-09-07 14:05:00,2026-09-07 14:06:00,,0.0,2026-09-07 13:58:00,2026-09-07 14:05:00,,,,,Литвин И. С.,Победа,Выдача до 30 минут
2026-09-07,ДР 992 ,73Х,ДУБАЙ(АЛЬ-МАКТУМ ИНТЛ),43,Y(А12),13:51,1784,2026-09-07 13:59:00,2026-09-07 14:02:00,,2026-09-07 14:02:00,2026-09-07 14:16:00,2026-09-07 14:02:00,2026-09-07 14:16:00,2026-09-07 14:15:00,1.0,2.0,2026-09-07 14:18:00,2026-09-07 14:42:00,,13.0,2026-09-07 14:06:00,2026-09-07 14:18:00,2026-09-07 14:24:00,2026-09-07 14:28:00,,,"Давлатов Б. Ч., Черкас В. А.",Победа,Выдача более 40 минут
2026-09-07,ЮТ 334 ,73Е,НАРЬЯН-МАР,11,Y(А07),14:12,543,2026-09-07 14:20:00,2026-09-07 14:23:00,,2026-09-07 14:23:00,2026-09-07 14:27:00,2026-09-07 14:23:00,2026-09-07 14:27:00,2026-09-07 14:28:00,,,2026-09-07 14:33:00,2026-09-07 14:37:00,,0.0,2026-09-07 14:29:00,2026-09-07 14:31:00,,,,,Тано Б. А.,Ютэйр,Выдача до 30 минут
2026-09-07,ФВ 6031 ,СУ9,САНКТ-ПЕТЕРБУРГ(ПУЛКОВО),9,Y(А04),14:44,204,2026-09-07 14:52:00,2026-09-07 14:54:00,,2026-09-07 14:56:00,2026-09-07 14:59:00,2026-09-07 14:56:00,2026-09-07 14:59:00,2026-09-07 14:57:00,2.0,2.0,2026-09-07 15:01:00,2026-09-07 15:02:00,,0.0,2026-09-07 14:59:00,2026-09-07 15:02:00,,,,,Сыргаков Б. А.,Россия,Выдача до 30 минут
2026-09-07,ЖГ 926 ,73Х,ТБИЛИСИ(ТБИЛИСИ ИНТЛ.),30,Y(А11),15:28,1645,2026-09-07 15:35:00,2026-09-07 15:37:00,,2026-09-07 15:39:00,2026-09-07 15:59:00,2026-09-07 15:39:00,2026-09-07 15:59:00,2026-09-07 15:50:00,9.0,9.0,2026-09-07 15:53:00,2026-09-07 16:06:00,,1.0,2026-09-07 15:50:00,2026-09-07 15:52:00,2026-09-07 16:00:00,2026-09-07 16:05:00,,,Литвин И. С.,GEORGIAN AIRWAYS,Выдача от 30 до 40 минут
2026-09-07,ДР 856 ,73Х,ГЮМРИ(ШИРАК),46,Y(А13),16:20,1217,2026-09-07 16:29:00,2026-09-07 16:30:00,,2026-09-07 16:32:00,2026-09-07 16:40:00,2026-09-07 16:32:00,2026-09-07 16:40:00,2026-09-07 16:41:00,,,2026-09-07 16:50:00,2026-09-07 16:55:00,,0.0,2026-09-07 16:41:00,2026-09-07 16:50:00,,,,,Черкас В. А.,Победа,Выдача до 30 минут
2026-09-07,FZ 989 ,7М8,ДУБАЙ(ДУБАЙ ИНТЛ.),26A,Y(А12),16:23,909,2026-09-07 16:32:00,2026-09-07 16:34:00,,2026-09-07 16:34:00,2026-09-07 16:41:00,2026-09-07 16:34:00,2026-09-07 16:41:00,2026-09-07 16:42:00,,1.0,2026-09-07 16:46:00,2026-09-07 16:50:00,,0.0,2026-09-07 16:42:00,2026-09-07 16:45:00,,,,,Кузин К. С.,flydubai,Выдача до 30 минут
2026-09-07,ФВ 6037 ,СУ9,САНКТ-ПЕТЕРБУРГ(ПУЛКОВО),8,Y(А04),16:26,298,2026-09-07 16:37:00,2026-09-07 16:39:00,,2026-09-07 16:42:00,2026-09-07 16:45:00,2026-09-07 16:42:00,2026-09-07 16:45:00,2026-09-07 16:43:00,2.0,1.0,2026-09-07 16:48:00,2026-09-07 16:50:00,,0.0,2026-09-07 16:47:00,2026-09-07 16:48:00,,,,,Давлатов Б. Ч.,Россия,Выдача до 30 минут
2026-09-07,РГ 194 ,ЦР1,ТАМБОВ,57,Y(А05),16:30,150,2026-09-07 16:42:00,2026-09-07 16:43:00,,2026-09-07 16:42:00,2026-09-07 16:46:00,2026-09-07 16:42:00,2026-09-07 16:46:00,2026-09-07 16:47:00,,3.0,2026-09-07 16:51:00,2026-09-07 16:52:00,,0.0,2026-09-07 16:45:00,2026-09-07 16:51:00,,,,,Сыргаков Б. А.,Руслайн,Выдача до 30 минут
2026-09-07,НВЦ 9152 ,32Щ,САБЕТТА,14,Y(А06),16:33,1682,2026-09-07 16:45:00,2026-09-07 16:48:00,,2026-09-07 16:58:00,2026-09-07 17:17:00,2026-09-07 17:05:00,2026-09-07 17:17:00,2026-09-07 17:00:00,17.0,1.0,2026-09-07 17:13:00,2026-09-07 17:20:00,8.0,5.0,2026-09-07 17:17:00,2026-09-07 17:20:00,2026-09-07 17:10:00,2026-09-07 17:14:00,,,"Каламбеков У. О., Тано Б. А.",Северо-Запад,Выдача от 30 до 40 минут
2026-09-07,3F 325 ,320,ЕРЕВАН(ЗВАРТНОЦ ИНТЛ),20,Y(А13),16:48,1779,2026-09-07 16:56:00,2026-09-07 16:58:00,,2026-09-07 17:00:00,2026-09-07 17:13:00,2026-09-07 17:00:00,2026-09-07 17:13:00,2026-09-07 17:12:00,1.0,1.0,2026-09-07 17:12:00,2026-09-07 17:26:00,,0.0,2026-09-07 17:07:00,2026-09-07 17:11:00,2026-09-07 17:16:00,2026-09-07 17:21:00,,,Дубинский В. Д.,FLYONE Armenia,Выдача до 30 минут
2026-09-07,ДР 836 ,7С8,ГАЗИПАША,50,Y(А11),17:15,1226,2026-09-07 17:22:00,2026-09-07 17:23:00,,2026-09-07 17:24:00,2026-09-07 17:33:00,2026-09-07 17:24:00,2026-09-07 17:33:00,2026-09-07 17:34:00,,1.0,2026-09-07 17:42:00,2026-09-07 17:49:00,,0.0,2026-09-07 17:34:00,2026-09-07 17:41:00,,,,,Сыргаков Б. А.,Победа,Выдача до 30 минут
2026-09-07,4S 341 ,73Х,ХУРГАДА(ХУРГАДА ИНТЛ.),24,Y(А09),17:21,1654,2026-09-07 17:40:00,2026-09-07 17:43:00,,2026-09-07 17:43:00,2026-09-07 17:52:00,2026-09-07 17:43:00,2026-09-07 17:52:00,2026-09-07 17:55:00,,,2026-09-07 17:54:00,2026-09-07 18:02:00,,0.0,2026-09-07 17:49:00,2026-09-07 17:53:00,2026-09-07 17:57:00,2026-09-07 18:02:00,,,Музафаров А. С.,Red Sea,Выдача до 30 минут
2026-09-07,ФВ 6179 ,СУ9,САНКТ-ПЕТЕРБУРГ(ПУЛКОВО),9,Y(А04),19:11,176,2026-09-07 19:20:00,2026-09-07 19:20:00,,2026-09-07 19:25:00,2026-09-07 19:29:00,2026-09-07 19:25:00,2026-09-07 19:29:00,2026-09-07 19:25:00,4.0,3.0,2026-09-07 19:30:00,2026-09-07 19:31:00,,0.0,2026-09-07 19:27:00,2026-09-07 19:31:00,,,,,Юрков С.,Россия,Выдача до 30 минут
2026-09-07,ДР 994 ,7С8,СТАМБУЛ(СТАМБУЛ НЬЮ),48,Y(А09),22:07,1315,2026-09-07 22:14:00,2026-09-07 22:17:00,,2026-09-07 22:18:00,2026-09-07 22:27:00,2026-09-07 22:18:00,2026-09-07 22:27:00,2026-09-07 22:27:00,,,2026-09-07 22:30:00,2026-09-07 22:34:00,,0.0,2026-09-07 22:24:00,2026-09-07 22:32:00,2026-09-07 22:29:00,2026-09-07 22:34:00,,,Омурбек У. Б.,Победа,Выдача до 30 минут
2026-09-07,ХИ 9627 ,32Н,ФЕРГАНА(ФЕРГАНА ИНТЛ.),27,Y(А09),19:21,2139,2026-09-07 19:34:00,2026-09-07 19:36:00,,2026-09-07 19:39:00,2026-09-07 19:53:00,2026-09-07 19:40:00,2026-09-07 19:53:00,2026-09-07 19:52:00,1.0,,2026-09-07 19:49:00,2026-09-07 20:00:00,,0.0,2026-09-07 19:46:00,2026-09-07 19:49:00,2026-09-07 19:45:00,2026-09-07 19:56:00,,,"Кейта А. С., Омурбек У. Б.",UZBEKISTAN AIRWAYS,Выдача до 30 минут
2026-09-07,AZV 3008 ,763,АНТАЛЬЯ,23,Y(А09),22:32,2764,2026-09-07 22:43:00,2026-09-07 22:45:00,,2026-09-07 22:48:00,2026-09-07 23:01:00,2026-09-07 22:48:00,2026-09-07 23:01:00,2026-09-07 23:05:00,,,2026-09-07 23:09:00,2026-09-07 23:15:00,6.0,2.0,2026-09-07 22:51:00,2026-09-07 23:09:00,2026-09-07 22:50:00,2026-09-07 23:15:00,,,Харитонов И. А.,АЗУР эйр,Выдача от 30 до 40 минут
2026-09-07,FZ 951 ,7М8,ДУБАЙ(ДУБАЙ ИНТЛ.),29,Y(А11),22:37,894,2026-09-07 22:49:00,2026-09-07 22:50:00,,2026-09-07 22:52:00,2026-09-07 23:02:00,2026-09-07 22:52:00,2026-09-07 23:02:00,2026-09-07 22:59:00,3.0,4.0,2026-09-07 23:04:00,2026-09-07 23:06:00,,0.0,2026-09-07 23:01:00,2026-09-07 23:05:00,,,,,Лаптев В. В.,flydubai,Выдача до 30 минут
2026-09-07,DV 813 ,738,АСТАНА(НУРСУЛТАН НАЗАРБАЕВ),20,Y(А13),22:41,1016,2026-09-07 22:51:00,2026-09-07 22:53:00,,2026-09-07 22:54:00,2026-09-07 23:01:00,2026-09-07 22:54:00,2026-09-07 23:01:00,2026-09-07 23:02:00,,,2026-09-07 23:08:00,2026-09-07 23:12:00,,0.0,2026-09-07 23:03:00,2026-09-07 23:08:00,,,,,Хушвактов П. З.,SCAT Airlines,Выдача до 30 минут
2026-09-07,4S 311 ,73Х,ШАРМ ЭЛЬ ШЕЙХ(ШАРМ ЭЛЬ ШЕЙХ ИНТЛ.),24,Y(А10),22:44,2364,2026-09-07 22:57:00,2026-09-07 22:57:00,,2026-09-07 22:59:00,2026-09-07 23:16:00,2026-09-07 23:00:00,2026-09-07 23:16:00,2026-09-07 23:17:00,,,2026-09-07 23:12:00,2026-09-07 23:25:00,,0.0,2026-09-07 23:06:00,2026-09-07 23:12:00,2026-09-07 23:17:00,2026-09-07 23:23:00,,,"Дубинский В. Д., Коляскин А. Г.",Red Sea,Выдача до 30 минут
2026-09-07,PC 1580 ,32Н,АНТАЛЬЯ,27,Y(А10),22:50,1872,2026-09-07 23:01:00,2026-09-07 23:01:00,,2026-09-07 23:03:00,2026-09-07 23:21:00,2026-09-07 23:03:00,2026-09-07 23:21:00,2026-09-07 23:17:00,4.0,6.0,2026-09-07 23:16:00,2026-09-07 23:29:00,,0.0,2026-09-07 23:04:00,2026-09-07 23:16:00,2026-09-07 23:24:00,2026-09-07 23:28:00,,,Аганин А. А.,Pegasus,Выдача до 30 минут
2026-09-07,ХИ 605 ,320,САМАРКАНД(САМАРКАНД ИНТЛ.),26,Y(А12),23:00,1180,2026-09-07 23:12:00,2026-09-07 23:14:00,,2026-09-07 23:16:00,2026-09-07 23:27:00,2026-09-07 23:16:00,2026-09-07 23:27:00,2026-09-07 23:24:00,3.0,3.0,2026-09-07 23:31:00,2026-09-07 23:32:00,,0.0,2026-09-07 23:28:00,2026-09-07 23:31:00,,,,,Кейта А. С.,UZBEKISTAN AIRWAYS,Выдача до 30 минут
2026-09-07,ДР 486 ,73Х,УЛЬЯНОВСК(БАРАТАЕВКА),47,Y(А04),23:08,140,2026-09-07 23:16:00,2026-09-07 23:17:00,,2026-09-07 23:18:00,2026-09-07 23:21:00,2026-09-07 23:18:00,2026-09-07 23:21:00,2026-09-07 23:21:00,,2.0,2026-09-07 23:30:00,2026-09-07 23:31:00,,0.0,2026-09-07 23:23:00,2026-09-07 23:29:00,,,,,Семиченков С. А.,Победа,Выдача до 30 минут
2026-09-07,ДР 968 ,73Х,МИНСК(МИНСК ИНТЛ.),49,Y(А13),22:28,424,2026-09-07 22:37:00,2026-09-07 22:37:00,,2026-09-07 22:37:00,2026-09-07 22:41:00,2026-09-07 22:37:00,2026-09-07 22:41:00,2026-09-07 22:44:00,,1.0,2026-09-07 22:49:00,2026-09-07 22:50:00,,0.0,2026-09-07 22:42:00,2026-09-07 22:51:00,,,,,Фанин Н. О.,Победа,Выдача до 30 минут
2026-09-07,TK 411 ,333,СТАМБУЛ(СТАМБУЛ НЬЮ),22,Y(А10),23:13,5493,2026-09-07 23:25:00,2026-09-07 23:27:00,,2026-09-07 23:26:00,2026-09-07 23:42:00,2026-09-07 23:27:00,2026-09-07 23:42:00,2026-09-08 00:06:00,,,2026-09-07 23:41:00,2026-09-07 23:47:00,,0.0,2026-09-07 23:30:00,2026-09-07 23:49:00,2026-09-07 23:30:00,2026-09-07 23:41:00,2026-09-07 23:27:00,2026-09-07 23:42:00,"Тришкин А. В., Ушаков П. А.",Turkish Airlines,Выдача до 30 минут
2026-09-07,AZV 3014 ,763,АНТАЛЬЯ,64,Y(А09),23:38,2998,2026-09-07 23:55:00,2026-09-07 23:56:00,,2026-09-08 00:05:00,2026-09-08 00:30:00,2026-09-08 00:05:00,2026-09-08 00:30:00,2026-09-08 00:19:00,11.0,5.0,2026-09-08 00:26:00,2026-09-08 00:36:00,1.0,11.0,2026-09-08 00:29:00,2026-09-08 00:30:00,2026-09-08 00:03:00,2026-09-08 00:37:00,,,Тихонов С. М.,АЗУР эйр,Выдача более 40 минут
2026-09-07,ДР 264 ,7С8,КАЛИНИНГРАД(ХРАБРОВО),49,Y(А06),23:42,682,2026-09-07 23:49:00,2026-09-07 23:52:00,,2026-09-07 23:54:00,2026-09-08 00:01:00,2026-09-07 23:54:00,2026-09-08 00:01:00,2026-09-07 23:58:00,3.0,2.0,2026-09-08 00:09:00,2026-09-08 00:11:00,,0.0,2026-09-08 00:03:00,2026-09-08 00:09:00,,,,,Юрков С.,Победа,Выдача до 30 минут
2026-09-07,ДР 168 ,73Х,МИНЕРАЛЬНЫЕ ВОДЫ,50,Y(А08),23:45,491,2026-09-07 23:52:00,2026-09-07 23:53:00,,2026-09-07 23:56:00,2026-09-07 23:59:00,2026-09-07 23:56:00,2026-09-07 23:59:00,2026-09-07 23:59:00,,,2026-09-08 00:05:00,2026-09-08 00:08:00,,0.0,2026-09-08 00:00:00,2026-09-08 00:04:00,,,,,Никишин А. В.,Победа,Выдача до 30 минут
2026-09-07,TK 211 ,321,АНТАЛЬЯ,25,Y(А10),23:50,2100,2026-09-08 00:06:00,2026-09-08 00:09:00,,2026-09-08 00:09:00,2026-09-08 00:23:00,2026-09-08 00:09:00,2026-09-08 00:23:00,2026-09-08 00:24:00,,,2026-09-08 00:26:00,2026-09-08 00:29:00,,0.0,2026-09-08 00:00:00,2026-09-08 00:27:00,,,,,Михайлов М. С.,Turkish Airlines,Выдача до 30 минут
2026-09-07,ЮТ 358 ,73Х,САМАРА(КУРУМОЧ),15,Y(А07),23:53,577,2026-09-08 00:01:00,2026-09-08 00:02:00,,2026-09-08 00:04:00,2026-09-08 00:08:00,2026-09-08 00:04:00,2026-09-08 00:08:00,2026-09-08 00:09:00,,,2026-09-08 00:14:00,2026-09-08 00:15:00,,0.0,2026-09-08 00:09:00,2026-09-08 00:15:00,,,,,Кейта А. С.,Ютэйр,Выдача до 30 минут
2026-09-07,ФВ 6189 ,СУ9,САНКТ-ПЕТЕРБУРГ(ПУЛКОВО),8,Y(А04),23:57,258,2026-09-08 00:09:00,2026-09-08 00:10:00,,2026-09-08 00:13:00,2026-09-08 00:15:00,2026-09-08 00:13:00,2026-09-08 00:15:00,2026-09-08 00:15:00,,,2026-09-08 00:18:00,2026-09-08 00:19:00,,0.0,2026-09-08 00:16:00,2026-09-08 00:18:00,,,,,Коляскин А. Г.,Россия,Выдача до 30 минут
2026-09-07,ФВ 6025 ,СУ9,САНКТ-ПЕТЕРБУРГ(ПУЛКОВО),8,Y(А04),13:12,287,2026-09-07 13:22:00,2026-09-07 13:24:00,,2026-09-07 13:25:00,2026-09-07 13:29:00,2026-09-07 13:25:00,2026-09-07 13:29:00,2026-09-07 13:28:00,1.0,2.0,2026-09-07 13:31:00,2026-09-07 13:32:00,,0.0,2026-09-07 13:29:00,2026-09-07 13:32:00,,,,,Аганин А. А.,Россия,Выдача до 30 минут
2026-09-07,FZ 987 ,7М8,ДУБАЙ(ДУБАЙ ИНТЛ.),30,Y(А11),23:21,1466,2026-09-07 23:33:00,2026-09-07 23:34:00,,2026-09-07 23:36:00,2026-09-07 23:47:00,2026-09-07 23:36:00,2026-09-07 23:47:00,2026-09-07 23:47:00,,1.0,2026-09-07 23:47:00,2026-09-07 23:56:00,,0.0,2026-09-07 23:43:00,2026-09-07 23:46:00,2026-09-07 23:52:00,2026-09-07 23:57:00,,,Соколов И. С.,flydubai,Выдача до 30 минут
2026-09-07,ЮТ 276 ,734,СОЧИ,16,Y(А06),22:25,986,2026-09-07 22:34:00,2026-09-07 22:38:00,1.0,2026-09-07 22:40:00,2026-09-07 22:48:00,2026-09-07 22:40:00,2026-09-07 22:48:00,2026-09-07 22:45:00,3.0,1.0,2026-09-07 22:54:00,2026-09-07 22:55:00,,0.0,2026-09-07 22:49:00,2026-09-07 22:54:00,,,,,Семиченков С. А.,Ютэйр,Выдача до 30 минут
2026-09-07,ФВ 6185 ,СУ9,САНКТ-ПЕТЕРБУРГ(ПУЛКОВО),8,Y(А04),22:17,170,2026-09-07 22:25:00,2026-09-07 22:27:00,,2026-09-07 22:28:00,2026-09-07 22:32:00,2026-09-07 22:28:00,2026-09-07 22:32:00,2026-09-07 22:30:00,2.0,3.0,2026-09-07 22:34:00,2026-09-07 22:35:00,,0.0,2026-09-07 22:32:00,2026-09-07 22:34:00,,,,,Кейта А. С.,Россия,Выдача до 30 минут
2026-09-07,ЮТ 784 ,73Х,АНТАЛЬЯ,11,Y(А12),21:46,1335,2026-09-07 21:56:00,2026-09-07 21:58:00,,2026-09-07 21:59:00,2026-09-07 22:11:00,2026-09-07 21:59:00,2026-09-07 22:11:00,2026-09-07 22:09:00,2.0,3.0,2026-09-07 22:11:00,2026-09-07 22:18:00,,0.0,2026-09-07 22:07:00,2026-09-07 22:12:00,2026-09-07 22:12:00,2026-09-07 22:18:00,,,Иванов В. А.,Ютэйр,Выдача до 30 минут
2026-09-07,ХИ 613 ,788,ТАШКЕНТ(ТАШКЕНТ ИНТЛ.),23,Y(А09),19:26,3177,2026-09-07 19:41:00,2026-09-07 19:45:00,1.0,2026-09-07 19:52:00,2026-09-07 20:04:00,2026-09-07 19:52:00,2026-09-07 20:04:00,2026-09-07 20:06:00,,,2026-09-07 20:05:00,2026-09-07 20:07:00,4.0,0.0,2026-09-07 19:52:00,2026-09-07 20:07:00,2026-09-07 19:35:00,2026-09-07 20:13:00,,,Тихонов С. М.,UZBEKISTAN AIRWAYS,Выдача до 30 минут
2026-09-07,ЮТ 296 ,73Х,СУРГУТ,15,Y(А05),19:29,760,2026-09-07 19:41:00,2026-09-07 19:43:00,,2026-09-07 19:42:00,2026-09-07 19:50:00,2026-09-07 19:43:00,2026-09-07 19:50:00,2026-09-07 19:50:00,,2.0,2026-09-07 19:55:00,2026-09-07 19:58:00,,0.0,2026-09-07 19:51:00,2026-09-07 19:55:00,,,,,"Иванов В. А., Тришкин А. В.",Ютэйр,Выдача до 30 минут
2026-09-07,ЮТ 810 ,73Х,САМАРКАНД(САМАРКАНД ИНТЛ.),11,Y(А11),19:34,1421,2026-09-07 19:46:00,2026-09-07 19:47:00,,2026-09-07 19:46:00,2026-09-07 19:59:00,2026-09-07 19:47:00,2026-09-07 19:59:00,2026-09-07 19:59:00,,3.0,2026-09-07 19:56:00,2026-09-07 20:07:00,,0.0,2026-09-07 19:53:00,2026-09-07 19:56:00,2026-09-07 20:00:00,2026-09-07 20:04:00,,,"Семиченков С. А., Ушаков П. А.",Ютэйр,Выдача до 30 минут
2026-09-07,PBD 860 ,73Х,АНТАЛЬЯ,47,Y(А12),19:41,1218,2026-09-07 19:50:00,2026-09-07 19:53:00,,2026-09-07 19:50:00,2026-09-07 19:58:00,2026-09-07 19:50:00,2026-09-07 19:58:00,2026-09-07 20:02:00,,,2026-09-07 20:07:00,2026-09-07 20:08:00,,0.0,2026-09-07 19:59:00,2026-09-07 20:07:00,,,,,Мурсалиев С. Р.,Победа,Выдача до 30 минут
2026-09-07,ХИ 9619 ,32Н,НАМАНГАН,22,Y(А10),20:03,1664,2026-09-07 20:15:00,2026-09-07 20:17:00,,2026-09-07 20:18:00,2026-09-07 20:33:00,2026-09-07 20:18:00,2026-09-07 20:33:00,2026-09-07 20:30:00,3.0,4.0,2026-09-07 20:39:00,2026-09-07 20:40:00,4.0,0.0,2026-09-07 20:24:00,2026-09-07 20:28:00,2026-09-07 20:35:00,2026-09-07 20:39:00,,,Аганин А. А.,UZBEKISTAN AIRWAYS,Выдача до 30 минут
2026-09-07,AHY 5830 ,319,ГЯНДЖА,24,Y(А10),20:08,2480,2026-09-07 20:18:00,2026-09-07 20:19:00,,2026-09-07 20:25:00,2026-09-07 20:44:00,2026-09-07 20:25:00,2026-09-07 20:44:00,2026-09-07 20:39:00,5.0,2.0,2026-09-07 20:36:00,2026-09-07 20:52:00,,4.0,2026-09-07 20:36:00,2026-09-07 20:50:00,2026-09-07 20:32:00,2026-09-07 20:36:00,,,Кейта А. С.,AZAL,Выдача от 30 до 40 минут
2026-09-07,ФВ 6181 ,СУ9,САНКТ-ПЕТЕРБУРГ(ПУЛКОВО),8,Y(А04),20:14,204,2026-09-07 20:26:00,2026-09-07 20:28:00,,2026-09-07 20:29:00,2026-09-07 20:33:00,2026-09-07 20:29:00,2026-09-07 20:33:00,2026-09-07 20:31:00,2.0,3.0,2026-09-07 20:34:00,2026-09-07 20:36:00,,0.0,2026-09-07 20:32:00,2026-09-07 20:34:00,,,,,Омурбек У. Б.,Россия,Выдача до 30 минут
2026-09-07,ЯК 474 ,7С8,СОЧИ,13,Y(А05),20:32,740,2026-09-07 20:41:00,2026-09-07 20:42:00,,2026-09-07 20:51:00,2026-09-07 20:54:00,2026-09-07 20:51:00,2026-09-07 20:54:00,2026-09-07 20:47:00,7.0,1.0,2026-09-07 21:00:00,2026-09-07 21:01:00,,0.0,2026-09-07 20:56:00,2026-09-07 21:00:00,,,,,Соколов И. С.,Якутия,Выдача до 30 минут
2026-09-07,ДР 158 ,73Х,КРАСНОДАР(ПАШКОВСКИЙ),50,Y(А07),20:36,472,2026-09-07 20:44:00,2026-09-07 20:47:00,,2026-09-07 20:47:00,2026-09-07 20:51:00,2026-09-07 20:47:00,2026-09-07 20:51:00,2026-09-07 20:51:00,,1.0,2026-09-07 20:56:00,2026-09-07 20:57:00,,0.0,2026-09-07 20:53:00,2026-09-07 20:56:00,,,,,Фанин Н. О.,Победа,Выдача до 30 минут
2026-09-07,А4 7030 ,СУ9,ЕРЕВАН(ЗВАРТНОЦ ИНТЛ),28,Y(А13),20:39,742,2026-09-07 20:56:00,2026-09-07 20:57:00,,2026-09-07 20:59:00,2026-09-07 21:06:00,2026-09-07 21:02:00,2026-09-07 21:06:00,2026-09-07 21:05:00,1.0,,2026-09-07 21:08:00,2026-09-07 21:09:00,,0.0,2026-09-07 21:05:00,2026-09-07 21:08:00,,,,,"Иванов В. А., Никишин А. В.",Азимут,Выдача до 30 минут
2026-09-07,ДР 116 ,73Х,СОЧИ,48,Y(А08),20:44,864,2026-09-07 20:52:00,2026-09-07 20:53:00,,2026-09-07 20:54:00,2026-09-07 21:02:00,2026-09-07 20:54:00,2026-09-07 21:02:00,2026-09-07 21:02:00,,2.0,2026-09-07 21:08:00,2026-09-07 21:10:00,,0.0,2026-09-07 21:02:00,2026-09-07 21:07:00,,,,,Ушаков Г. А.,Победа,Выдача до 30 минут
2026-09-07,ДР 964 ,7С8,ДАЛАМАН,49,Y(А11),20:47,835,2026-09-07 20:57:00,2026-09-07 20:57:00,,2026-09-07 21:02:00,2026-09-07 21:08:00,2026-09-07 21:02:00,2026-09-07 21:08:00,2026-09-07 21:07:00,1.0,,2026-09-07 21:16:00,2026-09-07 21:18:00,,0.0,2026-09-07 21:09:00,2026-09-07 21:15:00,,,,,Ушаков П. А.,Победа,Выдача до 30 минут
2026-09-07,DV 815 ,7М8,АЛМАТЫ(АЛМАТЫ ИНТЛ.),20,Y(А13),20:51,770,2026-09-07 21:03:00,2026-09-07 21:05:00,,2026-09-07 21:05:00,2026-09-07 21:10:00,2026-09-07 21:06:00,2026-09-07 21:10:00,2026-09-07 21:12:00,,,2026-09-07 21:17:00,2026-09-07 21:20:00,,0.0,2026-09-07 21:11:00,2026-09-07 21:18:00,,,,,"Коляскин А. Г., Литвин И. С.",SCAT Airlines,Выдача до 30 минут
2026-09-07,ЮТ 250 ,73Х,СОЧИ,14,Y(А06),20:55,1165,2026-09-07 21:05:00,2026-09-07 21:07:00,,2026-09-07 21:08:00,2026-09-07 21:15:00,2026-09-07 21:08:00,2026-09-07 21:15:00,2026-09-07 21:17:00,,,2026-09-07 21:19:00,2026-09-07 21:21:00,,0.0,2026-09-07 21:15:00,2026-09-07 21:18:00,,,,,"Лаптев В. В., Рябчевский В. О.",Ютэйр,Выдача до 30 минут
2026-09-07,ЮТ 180 ,73Е,УХТА,17,Y(А04),21:09,346,2026-09-07 21:16:00,2026-09-07 21:19:00,,2026-09-07 21:19:00,2026-09-07 21:24:00,2026-09-07 21:19:00,2026-09-07 21:24:00,2026-09-07 21:22:00,2.0,3.0,2026-09-07 21:30:00,2026-09-07 21:31:00,,0.0,2026-09-07 21:26:00,2026-09-07 21:30:00,,,,,Вазиров Т. В.,Ютэйр,Выдача до 30 минут
2026-09-07,ГЗП 496 ,73В,ТАЛАКАН,Б63,Y(А05),21:23,634,2026-09-07 21:31:00,2026-09-07 21:32:00,,2026-09-07 21:34:00,2026-09-07 21:40:00,2026-09-07 21:34:00,2026-09-07 21:40:00,2026-09-07 21:39:00,1.0,2.0,2026-09-07 21:59:00,2026-09-07 22:00:00,,0.0,2026-09-07 21:41:00,2026-09-07 22:03:00,,,,,Семиченков С. А.,Газпром авиа,Выдача до 30 минут
2026-09-07,J2 803 ,76В,БАКУ(ИМ. ГЕЙДАРА АЛИЕВА),19,Y(А09),21:40,3256,2026-09-07 21:51:00,2026-09-07 21:54:00,,2026-09-07 21:58:00,2026-09-07 22:07:00,2026-09-07 21:58:00,2026-09-07 22:07:00,2026-09-07 22:17:00,,,2026-09-07 22:10:00,2026-09-07 22:20:00,,0.0,2026-09-07 21:58:00,2026-09-07 22:09:00,2026-09-07 22:06:00,2026-09-07 22:12:00,,,"Вазиров Т. В., Никишин А. В.",AZAL,Выдача до 30 минут
2026-09-07,ДР 258 ,73Х,КАЛИНИНГРАД(ХРАБРОВО),48,Y(А07),19:15,662,2026-09-07 19:21:00,2026-09-07 19:24:00,,2026-09-07 19:24:00,2026-09-07 19:28:00,2026-09-07 19:24:00,2026-09-07 19:28:00,2026-09-07 19:29:00,,,2026-09-07 19:36:00,2026-09-07 19:38:00,,0.0,2026-09-07 19:29:00,2026-09-07 19:37:00,,,,,Коляскин А. Г.,Победа,Выдача до 30 минут
2026-09-07,ДР 160 ,73Х,КРАСНОДАР(ПАШКОВСКИЙ),50,Y(А07),12:53,792,2026-09-07 13:01:00,2026-09-07 13:07:00,3.0,2026-09-07 13:05:00,2026-09-07 13:11:00,2026-09-07 13:05:00,2026-09-07 13:11:00,2026-09-07 13:10:00,1.0,1.0,2026-09-07 13:15:00,2026-09-07 13:18:00,,0.0,2026-09-07 13:11:00,2026-09-07 13:15:00,,,,,Сыргаков Б. А.,Победа,Выдача до 30 минут
2026-09-07,TK 3160 ,32Б,АНТАЛЬЯ,21,Y(А10),14:01,1986,2026-09-07 14:09:00,2026-09-07 14:12:00,,2026-09-07 14:14:00,2026-09-07 14:25:00,2026-09-07 14:14:00,2026-09-07 14:25:00,2026-09-07 14:26:00,,,2026-09-07 14:26:00,2026-09-07 14:37:00,,0.0,2026-09-07 14:25:00,2026-09-07 14:34:00,,,,,Додаров Ф. М.,Turkish Airlines,Выдача до 30 минут
2026-09-07,ЮВ 301 ,ЦР2,БУГУЛЬМА,45,Y(А07),12:12,259,2026-09-07 12:18:00,2026-09-07 12:18:00,,2026-09-07 12:20:00,2026-09-07 12:22:00,2026-09-07 12:20:00,2026-09-07 12:22:00,2026-09-07 12:24:00,,,2026-09-07 12:34:00,2026-09-07 12:35:00,,0.0,2026-09-07 12:24:00,2026-09-07 12:29:00,,,,,Юрков С.,ЮВТ АЭРО,Выдача до 30 минут
2026-09-07,3F 323 ,320,ЕРЕВАН(ЗВАРТНОЦ ИНТЛ),20,Y(А13),03:04,1326,2026-09-07 03:22:00,2026-09-07 03:24:00,,2026-09-07 03:24:00,2026-09-07 03:32:00,2026-09-07 03:25:00,2026-09-07 03:32:00,2026-09-07 03:35:00,,,2026-09-07 03:34:00,2026-09-07 03:40:00,,0.0,2026-09-07 03:35:00,2026-09-07 03:41:00,2026-09-07 03:31:00,2026-09-07 03:34:00,,,"Корнилов Н. А., Острых В. А.",FLYONE Armenia,Выдача до 30 минут
2026-09-07,TK 3172 ,321,АНТАЛЬЯ,25,Y(А09),03:22,2171,2026-09-07 03:33:00,2026-09-07 03:34:00,,2026-09-07 03:40:00,2026-09-07 03:53:00,2026-09-07 03:40:00,2026-09-07 03:53:00,2026-09-07 03:51:00,2.0,,2026-09-07 03:51:00,2026-09-07 04:00:00,,0.0,2026-09-07 03:53:00,2026-09-07 04:04:00,,,,,Науну М.,Turkish Airlines,Выдача до 30 минут
2026-09-07,FZ 967 ,7М8,ДУБАЙ(ДУБАЙ ИНТЛ.),29,Y(А12),03:25,1379,2026-09-07 03:34:00,2026-09-07 03:42:00,5.0,2026-09-07 03:44:00,2026-09-07 03:56:00,2026-09-07 03:44:00,2026-09-07 03:56:00,2026-09-07 03:47:00,9.0,3.0,2026-09-07 03:56:00,2026-09-07 03:58:00,2.0,0.0,2026-09-07 03:58:00,2026-09-07 04:01:00,2026-09-07 03:53:00,2026-09-07 03:56:00,,,Андреев А. М.,flydubai,Выдача до 30 минут
2026-09-07,VF 587 ,73Х,АНКАРА(ЕСЕНБОГА),21,Y(А10),04:06,2366,2026-09-07 04:19:00,2026-09-07 04:19:00,,2026-09-07 04:21:00,2026-09-07 04:36:00,2026-09-07 04:22:00,2026-09-07 04:36:00,2026-09-07 04:39:00,,,2026-09-07 04:32:00,2026-09-07 04:43:00,,0.0,2026-09-07 04:38:00,2026-09-07 04:44:00,2026-09-07 04:28:00,2026-09-07 04:32:00,,,"Прохачев И. А., Фаёзов А. Р.",AJET,Выдача до 30 минут
2026-09-07,NE 644 ,321,ШАРМ ЭЛЬ ШЕЙХ(ШАРМ ЭЛЬ ШЕЙХ ИНТЛ.),26,Y(А09),04:09,2126,2026-09-07 04:23:00,2026-09-07 04:23:00,,2026-09-07 04:27:00,2026-09-07 04:47:00,2026-09-07 04:27:00,2026-09-07 04:47:00,2026-09-07 04:41:00,6.0,6.0,2026-09-07 04:36:00,2026-09-07 04:51:00,,0.0,2026-09-07 04:34:00,2026-09-07 04:36:00,2026-09-07 04:48:00,2026-09-07 04:51:00,,,Тихонов С. М.,Nesma Airlines,Выдача до 30 минут
2026-09-07,4S 317 ,7С8,ШАРМ ЭЛЬ ШЕЙХ(ШАРМ ЭЛЬ ШЕЙХ ИНТЛ.),22,Y(А13),04:15,2252,2026-09-07 04:31:00,2026-09-07 04:33:00,,2026-09-07 04:33:00,2026-09-07 04:49:00,2026-09-07 04:33:00,2026-09-07 04:49:00,2026-09-07 04:50:00,,1.0,2026-09-07 04:42:00,2026-09-07 04:56:00,,0.0,2026-09-07 04:38:00,2026-09-07 04:42:00,2026-09-07 04:51:00,2026-09-07 04:57:00,,,Баташан В. Ю.,Red Sea,Выдача до 30 минут
2026-09-07,PC 1456 ,32Щ,БОДРУМ(МИЛАС),27,Y(А11),04:20,1990,2026-09-07 04:31:00,2026-09-07 04:32:00,,2026-09-07 04:35:00,2026-09-07 04:54:00,2026-09-07 04:35:00,2026-09-07 04:54:00,2026-09-07 04:48:00,6.0,6.0,2026-09-07 04:47:00,2026-09-07 04:59:00,,0.0,2026-09-07 04:42:00,2026-09-07 04:47:00,2026-09-07 04:55:00,2026-09-07 04:59:00,,,Екимов С. С.,Pegasus,Выдача до 30 минут
2026-09-07,PC 386 ,32Щ,СТАМБУЛ(САБИХА ГОКЦЕН),19,Y(А10),02:56,2795,2026-09-07 03:07:00,2026-09-07 03:08:00,,2026-09-07 03:12:00,2026-09-07 03:25:00,2026-09-07 03:12:00,2026-09-07 03:25:00,2026-09-07 03:30:00,,,2026-09-07 03:27:00,2026-09-07 03:33:00,,0.0,2026-09-07 03:18:00,2026-09-07 03:27:00,,,,,"Кейта А. С., Фанин Н. О.",Pegasus,Выдача до 30 минут
2026-09-07,VF 277 ,73Х,СТАМБУЛ(САБИХА ГОКЦЕН),24,Y(А12),04:49,2192,2026-09-07 05:03:00,2026-09-07 05:05:00,,2026-09-07 05:06:00,2026-09-07 05:28:00,2026-09-07 05:06:00,2026-09-07 05:28:00,2026-09-07 05:22:00,6.0,7.0,2026-09-07 05:17:00,2026-09-07 05:35:00,,2.0,2026-09-07 05:31:00,2026-09-07 05:35:00,2026-09-07 05:14:00,2026-09-07 05:17:00,,,Фартушный А. И.,AJET,Выдача от 30 до 40 минут
2026-09-07,PC 390 ,32Щ,СТАМБУЛ(САБИХА ГОКЦЕН),25,Y(А09),04:58,2258,2026-09-07 05:08:00,2026-09-07 05:12:00,1.0,2026-09-07 05:13:00,2026-09-07 05:32:00,2026-09-07 05:13:00,2026-09-07 05:32:00,2026-09-07 05:27:00,5.0,4.0,2026-09-07 05:23:00,2026-09-07 05:37:00,,0.0,2026-09-07 05:33:00,2026-09-07 05:38:00,2026-09-07 05:22:00,2026-09-07 05:26:00,,,Бородин А. В.,Pegasus,Выдача до 30 минут
2026-09-07,ЮТ 786 ,73Х,ЕРЕВАН(ЗВАРТНОЦ ИНТЛ),19,Y(А13),05:07,1592,2026-09-07 05:17:00,2026-09-07 05:19:00,,2026-09-07 05:21:00,2026-09-07 05:39:00,2026-09-07 05:21:00,2026-09-07 05:39:00,2026-09-07 05:32:00,7.0,7.0,2026-09-07 05:39:00,2026-09-07 05:44:00,2.0,0.0,2026-09-07 05:35:00,2026-09-07 05:41:00,2026-09-07 05:40:00,2026-09-07 05:44:00,,,Прохачев И. А.,Ютэйр,Выдача до 30 минут
2026-09-07,ДР 408 ,73Х,ЕКАТЕРИНБУРГ(КОЛЬЦОВО),47,Y(А04),05:44,375,2026-09-07 05:50:00,2026-09-07 05:53:00,,2026-09-07 05:53:00,2026-09-07 05:56:00,2026-09-07 05:53:00,2026-09-07 05:56:00,2026-09-07 05:57:00,,,2026-09-07 06:03:00,2026-09-07 06:06:00,,0.0,2026-09-07 05:58:00,2026-09-07 06:04:00,,,,,Екимов С. С.,Победа,Выдача до 30 минут
2026-09-07,TK 407 ,333,СТАМБУЛ(СТАМБУЛ НЬЮ),22,Y(А10),05:54,4050,2026-09-07 06:06:00,2026-09-07 06:09:00,,2026-09-07 06:08:00,2026-09-07 06:20:00,2026-09-07 06:08:00,2026-09-07 06:20:00,2026-09-07 06:37:00,,,2026-09-07 06:21:00,2026-09-07 06:28:00,,0.0,2026-09-07 06:18:00,2026-09-07 06:20:00,2026-09-07 06:23:00,2026-09-07 06:29:00,,,"Михайлов М. С., Прохачев И. А.",Turkish Airlines,Выдача до 30 минут
2026-09-07,ДР 730 ,73Х,ФЕРГАНА(ФЕРГАНА ИНТЛ.),44,Y(А11),05:57,332,2026-09-07 06:05:00,2026-09-07 06:08:00,,2026-09-07 06:08:00,2026-09-07 06:10:00,2026-09-07 06:08:00,2026-09-07 06:10:00,2026-09-07 06:11:00,,,2026-09-07 06:17:00,2026-09-07 06:20:00,,0.0,2026-09-07 06:14:00,2026-09-07 06:17:00,,,,,Корнилов Н. А.,Победа,Выдача до 30 минут
2026-09-07,PC 1458 ,32Щ,ДАЛАМАН,21,Y(А09),06:00,2168,2026-09-07 06:09:00,2026-09-07 06:12:00,,2026-09-07 06:13:00,2026-09-07 06:28:00,2026-09-07 06:13:00,2026-09-07 06:28:00,2026-09-07 06:27:00,1.0,1.0,2026-09-07 06:28:00,2026-09-07 06:33:00,,0.0,2026-09-07 06:25:00,2026-09-07 06:29:00,2026-09-07 06:31:00,2026-09-07 06:34:00,,,Баташан В. Ю.,Pegasus,Выдача до 30 минут
2026-09-07,NE 600 ,320,ХУРГАДА(ХУРГАДА ИНТЛ.),27,Y(А13),06:14,1811,2026-09-07 06:24:00,2026-09-07 06:26:00,,2026-09-07 06:28:00,2026-09-07 06:44:00,2026-09-07 06:28:00,2026-09-07 06:44:00,2026-09-07 06:40:00,4.0,4.0,2026-09-07 06:39:00,2026-09-07 06:51:00,,0.0,2026-09-07 06:36:00,2026-09-07 06:39:00,2026-09-07 06:48:00,2026-09-07 06:52:00,,,Давлатов Б. Ч.,Nesma Airlines,Выдача до 30 минут
2026-09-07,TK 419 ,333,СТАМБУЛ(СТАМБУЛ НЬЮ),23,Y(А10),04:52,3775,2026-09-07 05:03:00,2026-09-07 05:07:00,1.0,2026-09-07 05:08:00,2026-09-07 05:23:00,2026-09-07 05:08:00,2026-09-07 05:23:00,2026-09-07 05:32:00,,,2026-09-07 05:19:00,2026-09-07 05:23:00,,0.0,2026-09-07 05:14:00,2026-09-07 05:23:00,2026-09-07 05:16:00,2026-09-07 05:24:00,,,"Тришкин А. В., Фанин Н. О.",Turkish Airlines,Выдача до 30 минут
2026-09-07,TK 3122 ,321,БОДРУМ(МИЛАС),24,Y(А09),02:43,1565,2026-09-07 02:58:00,2026-09-07 03:01:00,,2026-09-07 03:04:00,2026-09-07 03:12:00,2026-09-07 03:04:00,2026-09-07 03:12:00,2026-09-07 03:12:00,,,2026-09-07 03:14:00,2026-09-07 03:18:00,,0.0,2026-09-07 03:14:00,2026-09-07 03:18:00,,,,,Бородин А. В.,Turkish Airlines,Выдача до 30 минут
2026-09-07,NE 610 ,320,ХУРГАДА(ХУРГАДА ИНТЛ.),27,Y(А11),02:40,1838,2026-09-07 02:51:00,2026-09-07 02:55:00,1.0,2026-09-07 02:54:00,2026-09-07 03:13:00,2026-09-07 02:54:00,2026-09-07 03:13:00,2026-09-07 03:07:00,6.0,7.0,2026-09-07 03:03:00,2026-09-07 03:18:00,,0.0,2026-09-07 02:58:00,2026-09-07 03:04:00,2026-09-07 03:15:00,2026-09-07 03:20:00,,,Рустамов М. А.,Nesma Airlines,Выдача до 30 минут
2026-09-07,ФВ 6161 ,СУ9,САНКТ-ПЕТЕРБУРГ(ПУЛКОВО),10,Y(А04),02:30,117,2026-09-07 02:37:00,2026-09-07 02:38:00,,2026-09-07 02:39:00,2026-09-07 02:41:00,2026-09-07 02:39:00,2026-09-07 02:41:00,2026-09-07 02:42:00,,1.0,2026-09-07 02:44:00,2026-09-07 02:45:00,,0.0,2026-09-07 02:42:00,2026-09-07 02:44:00,,,,,Баташан В. Ю.,Россия,Выдача до 30 минут
2026-09-07,TK 409 ,32Б,СТАМБУЛ(СТАМБУЛ НЬЮ),21,Y(А10),00:09,3390,2026-09-07 00:20:00,2026-09-07 00:24:00,1.0,2026-09-07 00:23:00,2026-09-07 00:42:00,2026-09-07 00:23:00,2026-09-07 00:42:00,2026-09-07 00:47:00,,,2026-09-07 00:43:00,2026-09-07 00:48:00,3.0,0.0,2026-09-07 00:26:00,2026-09-07 00:43:00,2026-09-07 00:41:00,2026-09-07 00:52:00,,,Тришкин А. В.,Turkish Airlines,Выдача до 30 минут
2026-09-07,TK 3178 ,321,ДАЛАМАН,18,Y(А09),00:13,2539,2026-09-07 00:22:00,2026-09-07 00:24:00,,2026-09-07 00:25:00,2026-09-07 00:41:00,2026-09-07 00:25:00,2026-09-07 00:41:00,2026-09-07 00:43:00,,,2026-09-07 00:37:00,2026-09-07 00:45:00,,0.0,2026-09-07 00:25:00,2026-09-07 00:37:00,2026-09-07 00:36:00,2026-09-07 00:48:00,,,"Кейта А. С., Прохачев И. А.",Turkish Airlines,Выдача до 30 минут
2026-09-07,TK 217 ,321,АНТАЛЬЯ,25,Y(А10),00:21,2505,2026-09-07 00:32:00,2026-09-07 00:35:00,,2026-09-07 00:37:00,2026-09-07 00:51:00,2026-09-07 00:37:00,2026-09-07 00:51:00,2026-09-07 00:53:00,,,2026-09-07 00:54:00,2026-09-07 01:02:00,2.0,0.0,2026-09-07 00:36:00,2026-09-07 00:54:00,2026-09-07 00:51:00,2026-09-07 01:00:00,,,Соколов И. С.,Turkish Airlines,Выдача до 30 минут
2026-09-07,AZO 7008 ,СУ9,ТБИЛИСИ(ТБИЛИСИ ИНТЛ.),28,Y(А11),00:25,1076,2026-09-07 00:34:00,2026-09-07 00:37:00,,2026-09-07 00:40:00,2026-09-07 00:54:00,2026-09-07 00:40:00,2026-09-07 00:54:00,2026-09-07 00:45:00,9.0,7.0,2026-09-07 00:57:00,2026-09-07 00:58:00,3.0,0.0,2026-09-07 00:55:00,2026-09-07 00:57:00,,,,,Науну М.,GEORGIAN AIRWAYS,Выдача до 30 минут
2026-09-07,TK 3002 ,321,АНТАЛЬЯ,19,Y(А13),00:30,1945,2026-09-07 00:39:00,2026-09-07 00:40:00,,2026-09-07 00:43:00,2026-09-07 00:52:00,2026-09-07 00:43:00,2026-09-07 00:52:00,2026-09-07 00:56:00,,,2026-09-07 00:56:00,2026-09-07 01:02:00,,0.0,2026-09-07 00:53:00,2026-09-07 01:03:00,,,,,Фанин Н. О.,Turkish Airlines,Выдача до 30 минут
2026-09-07,TK 3084 ,321,ДАЛАМАН,20,Y(А10),00:33,2228,2026-09-07 00:42:00,2026-09-07 00:46:00,1.0,2026-09-07 00:49:00,2026-09-07 01:06:00,2026-09-07 00:49:00,2026-09-07 01:06:00,2026-09-07 01:01:00,5.0,2.0,2026-09-07 01:02:00,2026-09-07 01:13:00,,1.0,2026-09-07 01:13:00,2026-09-07 01:14:00,,,,,Семиченков С. А.,Turkish Airlines,Выдача от 30 до 40 минут
2026-09-07,VF 275 ,73Х,СТАМБУЛ(САБИХА ГОКЦЕН),37,Y(А12),00:35,2047,2026-09-07 00:47:00,2026-09-07 00:52:00,2.0,2026-09-07 00:53:00,2026-09-07 01:10:00,2026-09-07 00:53:00,2026-09-07 01:10:00,2026-09-07 01:05:00,5.0,3.0,2026-09-07 01:08:00,2026-09-07 01:25:00,,8.0,2026-09-07 01:01:00,2026-09-07 01:07:00,2026-09-07 01:15:00,2026-09-07 01:21:00,,,Гафуров О. Ф.,AJET,Выдача от 30 до 40 минут
2026-09-07,PC 1576 ,32Щ,АНТАЛЬЯ,36,Y(А09),00:40,2793,2026-09-07 00:56:00,2026-09-07 00:57:00,,2026-09-07 00:59:00,2026-09-07 01:21:00,2026-09-07 01:02:00,2026-09-07 01:21:00,2026-09-07 01:19:00,2.0,,2026-09-07 01:14:00,2026-09-07 01:27:00,,1.0,2026-09-07 01:06:00,2026-09-07 01:15:00,2026-09-07 01:24:00,2026-09-07 01:27:00,,,"Бородин А. В., Екимов С. С.",Pegasus,Выдача от 30 до 40 минут
2026-09-07,PC 1521 ,32Н,ИЗМИР(АДНАН МЕНДЕРЕС),37A,Y(А13),00:43,119,2026-09-07 00:49:00,2026-09-07 00:53:00,1.0,2026-09-07 00:55:00,2026-09-07 01:12:00,2026-09-07 00:55:00,2026-09-07 01:12:00,2026-09-07 00:54:00,18.0,16.0,2026-09-07 01:13:00,2026-09-07 01:26:00,,7.0,2026-09-07 01:21:00,2026-09-07 01:29:00,,,,,Рустамов М. А.,Pegasus,Выдача от 30 до 40 минут
2026-09-07,FZ 965 ,7М8,ДУБАЙ(ДУБАЙ ИНТЛ.),29,Y(А11),00:47,1734,2026-09-07 00:58:00,2026-09-07 01:07:00,6.0,2026-09-07 01:07:00,2026-09-07 01:20:00,2026-09-07 01:07:00,2026-09-07 01:20:00,2026-09-07 01:14:00,6.0,1.0,2026-09-07 01:18:00,2026-09-07 01:25:00,,0.0,2026-09-07 01:14:00,2026-09-07 01:17:00,2026-09-07 01:22:00,2026-09-07 01:25:00,,,Фаёзов А. Р.,flydubai,Выдача до 30 минут
2026-09-07,TK 3014 ,321,АНТАЛЬЯ,27,Y(А09),00:52,2547,2026-09-07 01:02:00,2026-09-07 01:06:00,1.0,2026-09-07 01:07:00,2026-09-07 01:20:00,2026-09-07 01:07:00,2026-09-07 01:20:00,2026-09-07 01:23:00,,,2026-09-07 01:22:00,2026-09-07 01:28:00,,0.0,2026-09-07 00:58:00,2026-09-07 01:15:00,2026-09-07 01:23:00,2026-09-07 01:26:00,,,Прохачев И. А.,Turkish Airlines,Выдача до 30 минут
2026-09-07,TK 3036 ,321,АНТАЛЬЯ,26,Y(А09),00:56,2449,2026-09-07 01:21:00,2026-09-07 01:24:00,,2026-09-07 01:24:00,2026-09-07 01:31:00,2026-09-07 01:24:00,2026-09-07 01:31:00,2026-09-07 01:41:00,,,2026-09-07 01:32:00,2026-09-07 01:37:00,,0.0,2026-09-07 01:31:00,2026-09-07 01:37:00,2026-09-07 01:24:00,2026-09-07 01:32:00,,,Андреев А. М.,Turkish Airlines,Выдача до 30 минут
2026-09-07,TK 421 ,332,СТАМБУЛ(СТАМБУЛ НЬЮ),22,Y(А10),00:59,4992,2026-09-07 01:15:00,2026-09-07 01:20:00,2.0,2026-09-07 01:18:00,2026-09-07 01:36:00,2026-09-07 01:19:00,2026-09-07 01:36:00,2026-09-07 01:52:00,,,2026-09-07 01:37:00,2026-09-07 01:42:00,2.0,0.0,2026-09-07 01:29:00,2026-09-07 01:36:05,2026-09-07 01:30:00,2026-09-07 01:41:00,2026-09-07 01:39:00,2026-09-07 02:12:00,"Науну М., Фартушный А. И.",Turkish Airlines,Выдача до 30 минут
2026-09-07,FZ 975 ,7М8,ДУБАЙ(ДУБАЙ ИНТЛ.),21,Y(А11),01:26,541,2026-09-07 01:39:00,2026-09-07 01:41:00,,2026-09-07 01:43:00,2026-09-07 01:47:00,2026-09-07 01:43:00,2026-09-07 01:47:00,2026-09-07 01:47:00,,,2026-09-07 01:54:00,2026-09-07 01:55:00,,0.0,2026-09-07 01:48:00,2026-09-07 01:54:00,,,,,Соболь М. Ф.,flydubai,Выдача до 30 минут
2026-09-07,TK 3154 ,32Б,БОДРУМ(МИЛАС),23,Y(А13),01:40,2087,2026-09-07 01:51:00,2026-09-07 01:54:00,,2026-09-07 01:54:00,2026-09-07 02:08:00,2026-09-07 01:54:00,2026-09-07 02:08:00,2026-09-07 02:09:00,,,2026-09-07 02:08:00,2026-09-07 02:14:00,,0.0,2026-09-07 02:06:00,2026-09-07 02:14:00,,,,,Михайлов М. С.,Turkish Airlines,Выдача до 30 минут
2026-09-07,ЖГ 932 ,73Х,ТБИЛИСИ(ТБИЛИСИ ИНТЛ.),30,Y(А12),01:48,1270,2026-09-07 01:57:00,2026-09-07 01:59:00,,2026-09-07 02:00:00,2026-09-07 02:11:00,2026-09-07 02:00:00,2026-09-07 02:11:00,2026-09-07 02:09:00,2.0,3.0,2026-09-07 02:09:00,2026-09-07 02:30:00,,3.0,2026-09-07 02:06:00,2026-09-07 02:09:00,2026-09-07 02:15:00,2026-09-07 02:18:00,,,Острых В. А.,GEORGIAN AIRWAYS,Выдача от 30 до 40 минут
2026-09-07,TK 3006 ,32Б,АНТАЛЬЯ,18,Y(А10),02:21,1788,2026-09-07 02:31:00,2026-09-07 02:34:00,,2026-09-07 02:34:00,2026-09-07 02:45:00,2026-09-07 02:34:00,2026-09-07 02:45:00,2026-09-07 02:47:00,,,2026-09-07 02:50:00,2026-09-07 02:53:00,,0.0,2026-09-07 02:48:00,2026-09-07 02:53:00,,,,,Тришкин А. В.,Turkish Airlines,Выдача до 30 минут
2026-09-07,7Q 1777 ,320,ТАШКЕНТ(ТАШКЕНТ ИНТЛ.),29,Y(А12),06:18,1334,2026-09-07 06:28:00,2026-09-07 06:30:00,,2026-09-07 06:33:00,2026-09-07 06:44:00,2026-09-07 06:33:00,2026-09-07 06:44:00,2026-09-07 06:41:00,3.0,2.0,2026-09-07 06:43:00,2026-09-07 06:48:00,,0.0,2026-09-07 06:48:00,2026-09-07 06:49:00,2026-09-07 06:42:00,2026-09-07 06:43:00,,,Науну М.,Asia Union Airlines,Выдача до 30 минут
2026-09-07,ДР 998 ,7С8,САМАРКАНД(САМАРКАНД ИНТЛ.),49,Y(А11),06:23,324,2026-09-07 06:32:00,2026-09-07 06:33:00,,2026-09-07 06:35:00,2026-09-07 06:38:00,2026-09-07 06:35:00,2026-09-07 06:38:00,2026-09-07 06:38:00,,1.0,2026-09-07 06:44:00,2026-09-07 06:46:00,,0.0,2026-09-07 06:39:00,2026-09-07 06:45:00,,,,,Екимов С. С.,Победа,Выдача до 30 минут
2026-09-07,TK 3060 ,321,АНТАЛЬЯ,24,Y(А09),00:02,2085,2026-09-07 00:14:00,2026-09-07 00:15:00,,2026-09-07 00:19:00,2026-09-07 00:28:00,2026-09-07 00:19:00,2026-09-07 00:28:00,2026-09-07 00:32:00,,,2026-09-07 00:28:00,2026-09-07 00:34:00,,0.0,2026-09-07 00:29:00,2026-09-07 00:34:00,,,,,Тихонов С. М.,Turkish Airlines,Выдача до 30 минут
2026-09-07,4S 337 ,73Х,ШАРМ ЭЛЬ ШЕЙХ(ШАРМ ЭЛЬ ШЕЙХ ИНТЛ.),30,Y(А09),07:06,1997,2026-09-07 07:17:00,2026-09-07 07:21:00,1.0,2026-09-07 07:21:00,2026-09-07 07:35:00,2026-09-07 07:21:00,2026-09-07 07:35:00,2026-09-07 07:34:00,1.0,1.0,2026-09-07 07:29:00,2026-09-07 07:40:00,,0.0,2026-09-07 07:27:00,2026-09-07 07:30:00,2026-09-07 07:26:00,2026-09-07 07:40:00,,,Аганин А. А.,Red Sea,Выдача до 30 минут
2026-09-07,ДР 732 ,73Х,НУКУС,47,Y(А11),09:29,203,-1,,,2026-09-07 09:39:00,2026-09-07 09:42:00,2026-09-07 09:39:00,2026-09-07 09:42:00,,,2.0,2026-09-07 09:48:00,2026-09-07 09:49:00,,0.0,2026-09-07 09:42:00,2026-09-07 09:48:00,,,,,Хушвактов П. З.,Победа,Некорректно проставлены отметки
2026-09-07,ЯМ 597 ,73Х,МИРНЫЙ,25,Y(А06),09:33,1577,2026-09-07 09:42:00,2026-09-07 09:44:00,,2026-09-07 09:45:00,2026-09-07 10:01:00,2026-09-07 09:45:00,2026-09-07 10:01:00,2026-09-07 09:57:00,4.0,5.0,2026-09-07 09:55:00,2026-09-07 10:07:00,,0.0,2026-09-07 09:52:00,2026-09-07 09:56:00,2026-09-07 10:05:00,2026-09-07 10:07:00,,,Черкас В. А.,Алроса,Выдача до 30 минут
2026-09-07,ДР 712 ,73Х,САМАРКАНД(САМАРКАНД ИНТЛ.),49,Y(А12),09:37,327,2026-09-07 09:46:00,2026-09-07 09:47:00,,2026-09-07 09:46:00,2026-09-07 09:49:00,2026-09-07 09:46:00,2026-09-07 09:49:00,2026-09-07 09:52:00,,1.0,2026-09-07 10:01:00,2026-09-07 10:03:00,,0.0,2026-09-07 09:50:00,2026-09-07 10:01:00,,,,,Екимов С. С.,Победа,Выдача до 30 минут
2026-09-07,AZV 3004 ,763,АНТАЛЬЯ,22,Y(А09),09:59,3250,2026-09-07 10:13:00,2026-09-07 10:18:00,2.0,2026-09-07 10:17:00,2026-09-07 10:33:00,2026-09-07 10:17:00,2026-09-07 10:33:00,2026-09-07 10:39:00,,,2026-09-07 10:32:00,2026-09-07 10:42:00,,0.0,2026-09-07 10:22:00,2026-09-07 10:33:00,2026-09-07 10:23:00,2026-09-07 10:39:00,,,Михайлов М. С.,АЗУР эйр,Выдача до 30 минут
2026-09-07,ЮБГ 809 ,735,ЕРЕВАН(ЗВАРТНОЦ ИНТЛ),20,Y(А13),10:03,744,2026-09-07 10:10:00,2026-09-07 10:12:00,,2026-09-07 10:14:00,2026-09-07 10:18:00,2026-09-07 10:14:00,2026-09-07 10:18:00,2026-09-07 10:19:00,,,2026-09-07 10:25:00,2026-09-07 10:27:00,,0.0,2026-09-07 10:19:00,2026-09-07 10:25:00,,,,,Сыргаков Б. А.,Shirak Avia,Выдача до 30 минут
2026-09-07,ДР 742 ,7С8,ТАШКЕНТ(ТАШКЕНТ ИНТЛ.),48,Y(А13),06:36,371,2026-09-07 06:47:00,2026-09-07 06:50:00,,2026-09-07 06:50:00,2026-09-07 06:58:00,2026-09-07 06:50:00,2026-09-07 06:58:00,2026-09-07 06:53:00,5.0,6.0,2026-09-07 07:08:00,2026-09-07 07:09:00,,0.0,2026-09-07 07:00:00,2026-09-07 07:07:00,,,,,Фартушный А. И.,Победа,Выдача до 30 минут
2026-09-07,DV 801 ,7М8,ШЫМКЕНТ(ШЫМКЕНТ ИНТЛ.),18,Y(А13),10:25,1653,2026-09-07 10:31:00,2026-09-07 10:33:00,,2026-09-07 10:34:00,2026-09-07 10:47:00,2026-09-07 10:34:00,2026-09-07 10:47:00,2026-09-07 10:46:00,1.0,2.0,2026-09-07 10:52:00,2026-09-07 10:56:00,1.0,0.0,2026-09-07 10:44:00,2026-09-07 10:50:00,2026-09-07 10:49:00,2026-09-07 10:55:00,,,Музафаров А. С.,SCAT Airlines,Выдача до 30 минут
2026-09-07,ФВ 6003 ,СУ9,САНКТ-ПЕТЕРБУРГ(ПУЛКОВО),8,Y(А04),09:21,139,2026-09-07 09:34:00,2026-09-07 09:34:00,,2026-09-07 09:36:00,2026-09-07 09:37:00,2026-09-07 09:36:00,2026-09-07 09:37:00,2026-09-07 09:39:00,,,2026-09-07 09:41:00,2026-09-07 09:42:00,,0.0,2026-09-07 09:40:00,2026-09-07 09:44:00,,,,,Кузин К. С.,Россия,Выдача до 30 минут
2026-09-07,ЮТ 446 ,73Е,КОГАЛЫМ,13,Y(А06),10:47,734,2026-09-07 10:57:00,2026-09-07 10:58:00,,2026-09-07 11:00:00,2026-09-07 11:07:00,2026-09-07 11:00:00,2026-09-07 11:07:00,2026-09-07 11:06:00,1.0,2.0,2026-09-07 11:13:00,2026-09-07 11:17:00,,0.0,2026-09-07 11:10:00,2026-09-07 11:13:00,,,,,Дубинский В. Д.,Ютэйр,Выдача до 30 минут
2026-09-07,J2 807 ,319,БАКУ(ИМ. ГЕЙДАРА АЛИЕВА),24,Y(А11),10:52,1327,2026-09-07 11:03:00,2026-09-07 11:05:00,,2026-09-07 11:08:00,2026-09-07 11:24:00,2026-09-07 11:08:00,2026-09-07 11:24:00,2026-09-07 11:16:00,8.0,7.0,2026-09-07 11:17:00,2026-09-07 11:33:00,,0.0,2026-09-07 11:11:00,2026-09-07 11:16:00,2026-09-07 11:27:00,2026-09-07 11:32:00,,,Додаров Ф. М.,AZAL,Выдача до 30 минут
2026-09-07,TK 413 ,332,СТАМБУЛ(СТАМБУЛ НЬЮ),23,Y(А10),11:08,5241,2026-09-07 11:24:00,2026-09-07 11:26:00,,2026-09-07 11:26:00,2026-09-07 11:41:00,2026-09-07 11:26:00,2026-09-07 11:41:00,2026-09-07 12:03:00,,,2026-09-07 11:45:00,2026-09-07 11:52:00,1.0,0.0,2026-09-07 11:26:00,2026-09-07 11:46:00,2026-09-07 11:23:00,2026-09-07 12:03:00,,,Хушвактов П. З.,Turkish Airlines,Выдача до 30 минут
2026-09-07,ФВ 6007 ,СУ9,САНКТ-ПЕТЕРБУРГ(ПУЛКОВО),8,Y(А04),11:14,107,2026-09-07 11:24:00,2026-09-07 11:26:00,,2026-09-07 11:29:00,2026-09-07 11:30:00,2026-09-07 11:29:00,2026-09-07 11:30:00,2026-09-07 11:29:00,1.0,,2026-09-07 11:35:00,2026-09-07 11:36:00,,0.0,2026-09-07 11:32:00,2026-09-07 11:35:00,,,,,Рябчевский В. О.,Россия,Выдача до 30 минут
2026-09-07,А4 7034 ,СУ9,ПСКОВ(КРЕСТЫ),26,Y(А08),11:24,261,2026-09-07 11:32:00,2026-09-07 11:33:00,,2026-09-07 11:35:00,2026-09-07 11:37:00,2026-09-07 11:35:00,2026-09-07 11:37:00,2026-09-07 11:38:00,,,2026-09-07 11:41:00,2026-09-07 11:42:00,,0.0,2026-09-07 11:38:00,2026-09-07 11:40:00,,,,,Демчук Д. П.,Азимут,Выдача до 30 минут
2026-09-07,ЖГ 936 ,73Х,ТБИЛИСИ(ТБИЛИСИ ИНТЛ.),30,Y(А12),11:29,1348,2026-09-07 11:38:00,2026-09-07 11:39:00,,2026-09-07 11:40:00,2026-09-07 11:54:00,2026-09-07 11:40:00,2026-09-07 11:54:00,2026-09-07 11:51:00,3.0,5.0,2026-09-07 11:51:00,2026-09-07 11:59:00,,0.0,2026-09-07 11:46:00,2026-09-07 11:52:00,2026-09-07 11:54:00,2026-09-07 12:00:00,,,Литвин И. С.,GEORGIAN AIRWAYS,Выдача до 30 минут
2026-09-07,TK 1231 ,321,АНТАЛЬЯ,21,Y(А09),12:05,2166,2026-09-07 12:16:00,2026-09-07 12:18:00,,2026-09-07 12:19:00,2026-09-07 12:30:00,2026-09-07 12:19:00,2026-09-07 12:30:00,2026-09-07 12:34:00,,,2026-09-07 12:36:00,2026-09-07 12:41:00,,0.0,2026-09-07 12:11:00,2026-09-07 12:38:00,,,,,Рябчевский В. О.,Turkish Airlines,Выдача до 30 минут
2026-09-07,ФВ 6009 ,СУ9,САНКТ-ПЕТЕРБУРГ(ПУЛКОВО),9,Y(А04),12:09,112,2026-09-07 12:19:00,2026-09-07 12:22:00,,2026-09-07 12:23:00,2026-09-07 12:25:00,2026-09-07 12:23:00,2026-09-07 12:25:00,2026-09-07 12:24:00,1.0,1.0,2026-09-07 12:27:00,2026-09-07 12:28:00,,0.0,2026-09-07 12:25:00,2026-09-07 12:27:00,,,,,Тано Б. А.,Россия,Выдача до 30 минут
2026-09-07,ЮТ 364 ,734,УФА,15,Y(А06),12:15,618,2026-09-07 12:24:00,2026-09-07 12:24:00,,2026-09-07 12:28:00,2026-09-07 12:32:00,2026-09-07 12:28:00,2026-09-07 12:32:00,2026-09-07 12:32:00,,,2026-09-07 12:39:00,2026-09-07 12:44:00,,0.0,2026-09-07 12:34:00,2026-09-07 12:39:00,,,,,Каламбеков У. О.,Ютэйр,Выдача до 30 минут
2026-09-07,КГ 555 ,320,ОШ,30,Y(А13),09:02,3008,2026-09-07 09:15:00,2026-09-07 09:18:00,,2026-09-07 09:18:00,2026-09-07 09:38:00,2026-09-07 09:18:00,2026-09-07 09:38:00,2026-09-07 09:39:00,,,2026-09-07 09:27:00,2026-09-07 09:45:00,,0.0,2026-09-07 09:32:00,2026-09-07 09:37:00,2026-09-07 09:24:00,2026-09-07 09:27:00,2026-09-07 09:39:00,2026-09-07 09:46:00,"Гаджиев Н. Т., Пельгуев Д.",Aero Nomad,Выдача до 30 минут
2026-09-07,ФВ 6005 ,СУ9,САНКТ-ПЕТЕРБУРГ(ПУЛКОВО),9,Y(А04),10:17,260,2026-09-07 10:42:00,2026-09-07 10:44:00,,2026-09-07 10:45:00,2026-09-07 10:48:00,2026-09-07 10:45:00,2026-09-07 10:48:00,2026-09-07 10:48:00,,1.0,2026-09-07 10:50:00,2026-09-07 10:52:00,,0.0,2026-09-07 10:48:00,2026-09-07 10:49:00,,,,,Каламбеков У. О.,Россия,Выдача до 30 минут
2026-09-07,ЮТ 560 ,73Х,МАХАЧКАЛА,11,Y(А06),08:44,600,2026-09-07 08:55:00,2026-09-07 08:55:00,,2026-09-07 08:59:00,2026-09-07 09:07:00,2026-09-07 08:59:00,2026-09-07 09:07:00,2026-09-07 09:03:00,4.0,4.0,2026-09-07 09:13:00,2026-09-07 09:14:00,,0.0,2026-09-07 09:09:00,2026-09-07 09:13:00,,,,,Аганин А. А.,Ютэйр,Выдача до 30 минут
2026-09-07,ЮТ 352 ,735,ХАНТЫ-МАНСИЙСК,10,Y(А04),08:50,341,2026-09-07 09:04:00,2026-09-07 09:07:00,,2026-09-07 09:08:00,2026-09-07 09:11:00,2026-09-07 09:08:00,2026-09-07 09:11:00,2026-09-07 09:10:00,1.0,1.0,2026-09-07 09:15:00,2026-09-07 09:17:00,,0.0,2026-09-07 09:12:00,2026-09-07 09:16:00,,,,,Попов А. И.,Ютэйр,Выдача до 30 минут
2026-09-07,ФВ 6019 ,СУ9,САНКТ-ПЕТЕРБУРГ(ПУЛКОВО),10,Y(А04),07:16,61,2026-09-07 07:29:00,2026-09-07 07:29:00,,2026-09-07 07:32:00,2026-09-07 07:34:00,2026-09-07 07:32:00,2026-09-07 07:34:00,2026-09-07 07:33:00,1.0,2.0,2026-09-07 07:37:00,2026-09-07 07:38:00,,0.0,2026-09-07 07:34:00,2026-09-07 07:37:00,,,,,Гаджиев Н. Т.,Россия,Выдача до 30 минут
2026-09-07,ХИ 9813 ,32Н,ТАШКЕНТ(ТАШКЕНТ ИНТЛ.),25,Y(А11),07:21,1323,2026-09-07 07:32:00,2026-09-07 07:34:00,,2026-09-07 07:37:00,2026-09-07 07:49:00,2026-09-07 07:37:00,2026-09-07 07:49:00,2026-09-07 07:45:00,4.0,3.0,2026-09-07 07:54:00,2026-09-07 08:01:00,2.0,0.0,2026-09-07 07:51:00,2026-09-07 07:56:00,2026-09-07 07:55:00,2026-09-07 07:59:00,,,Черкас В. А.,UZBEKISTAN AIRWAYS,Выдача до 30 минут
2026-09-07,ДР 744 ,7С8,ОШ,46,Y(А13),07:25,651,2026-09-07 07:34:00,2026-09-07 07:34:00,,2026-09-07 07:34:00,2026-09-07 07:39:00,2026-09-07 07:34:00,2026-09-07 07:39:00,2026-09-07 07:42:00,,1.0,2026-09-07 07:49:00,2026-09-07 07:51:00,,0.0,2026-09-07 07:42:00,2026-09-07 07:50:00,,,,,Демчук Д. П.,Победа,Выдача до 30 минут
2026-09-07,ХИ 9615 ,320,УРГЕНЧ(УРГЕНЧ ИНТЛ.),20,Y(А10),07:28,1434,2026-09-07 07:40:00,2026-09-07 07:40:00,,2026-09-07 07:44:00,2026-09-07 07:55:00,2026-09-07 07:44:00,2026-09-07 07:55:00,2026-09-07 07:54:00,1.0,1.0,2026-09-07 07:55:00,2026-09-07 08:02:00,,0.0,2026-09-07 07:50:00,2026-09-07 07:56:00,2026-09-07 07:55:00,2026-09-07 08:02:00,,,Литвин И. С.,UZBEKISTAN AIRWAYS,Выдача до 30 минут
2026-09-07,NE 618 ,320,ХУРГАДА(ХУРГАДА ИНТЛ.),21,Y(А09),07:31,1611,2026-09-07 07:43:00,2026-09-07 07:46:00,,2026-09-07 07:56:00,2026-09-07 08:11:00,2026-09-07 07:56:00,2026-09-07 08:11:00,2026-09-07 07:58:00,13.0,4.0,2026-09-07 08:06:00,2026-09-07 08:18:00,3.0,5.0,2026-09-07 07:50:00,2026-09-07 08:11:00,2026-09-07 08:12:00,2026-09-07 08:18:00,,,Юрков С.,Nesma Airlines,Выдача от 30 до 40 минут
2026-09-07,ДР 714 ,73Х,САМАРКАНД(САМАРКАНД ИНТЛ.),36,Y(А12),07:47,554,2026-09-07 07:55:00,2026-09-07 07:57:00,,2026-09-07 07:58:00,2026-09-07 08:06:00,2026-09-07 07:58:00,2026-09-07 08:06:00,2026-09-07 08:03:00,3.0,4.0,2026-09-07 08:14:00,2026-09-07 08:16:00,,0.0,2026-09-07 08:07:00,2026-09-07 08:14:00,,,,,Пельгуев Д.,Победа,Выдача до 30 минут
2026-09-07,В2 981 ,Е75,МИНСК(МИНСК ИНТЛ.),29,Y(А13),07:52,119,2026-09-07 08:00:00,2026-09-07 08:00:00,,2026-09-07 08:05:00,2026-09-07 08:06:00,2026-09-07 08:05:00,2026-09-07 08:06:00,2026-09-07 08:05:00,1.0,,2026-09-07 08:09:00,2026-09-07 08:10:00,,0.0,2026-09-07 08:07:00,2026-09-07 08:09:00,,,,,Гаджиев Н. Т.,Белавиа,Выдача до 30 минут
2026-09-07,ХИ 9607 ,32Н,БУХАРА(БУХАРА ИНТЛ.),23,Y(А10),07:13,1514,2026-09-07 07:24:00,2026-09-07 07:26:00,,2026-09-07 07:28:00,2026-09-07 07:41:00,2026-09-07 07:28:00,2026-09-07 07:41:00,2026-09-07 07:38:00,3.0,3.0,2026-09-07 07:39:00,2026-09-07 07:47:00,,0.0,2026-09-07 07:28:00,2026-09-07 07:38:00,2026-09-07 07:42:00,2026-09-07 07:46:00,,,Хушвактов П. З.,UZBEKISTAN AIRWAYS,Выдача до 30 минут
2026-09-07,ФВ 6051 ,СУ9,САНКТ-ПЕТЕРБУРГ(ПУЛКОВО),9,Y(А04),08:13,168,2026-09-07 08:25:00,2026-09-07 08:25:00,,2026-09-07 08:27:00,2026-09-07 08:29:00,2026-09-07 08:27:00,2026-09-07 08:29:00,2026-09-07 08:30:00,,1.0,2026-09-07 08:32:00,2026-09-07 08:33:00,,0.0,2026-09-07 08:30:00,2026-09-07 08:33:00,,,,,Екимов С. С.,Россия,Выдача до 30 минут
2026-09-07,ЮТ 356 ,73Х,ГРОЗНЫЙ(СЕВЕРНЫЙ),12,Y(А05),08:17,597,2026-09-07 08:24:00,2026-09-07 08:26:00,,2026-09-07 08:29:00,2026-09-07 08:38:00,2026-09-07 08:29:00,2026-09-07 08:38:00,2026-09-07 08:32:00,6.0,5.0,2026-09-07 08:43:00,2026-09-07 08:57:00,,3.0,2026-09-07 08:37:00,2026-09-07 08:44:00,,,,,Давлатов Б. Ч.,Ютэйр,Выдача от 30 до 40 минут
2026-09-07,ЮТ 572 ,73Х,КРАСНОЯРСК,14,Y(А06),08:21,949,2026-09-07 08:27:00,2026-09-07 08:30:00,,2026-09-07 08:31:00,2026-09-07 08:41:00,2026-09-07 08:31:00,2026-09-07 08:41:00,2026-09-07 08:37:00,4.0,4.0,2026-09-07 08:48:00,2026-09-07 08:56:00,1.0,0.0,2026-09-07 08:38:00,2026-09-07 08:47:00,,,,,Литвин И. С.,Ютэйр,Выдача до 30 минут
2026-09-07,ЮТ 248 ,73Х,СУРГУТ,16,Y(А07),08:23,655,2026-09-07 08:30:00,2026-09-07 08:31:00,,2026-09-07 08:35:00,2026-09-07 08:41:00,2026-09-07 08:35:00,2026-09-07 08:41:00,2026-09-07 08:38:00,3.0,2.0,2026-09-07 08:50:00,2026-09-07 08:53:00,,0.0,2026-09-07 08:45:00,2026-09-07 08:50:00,,,,,Пельгуев Д.,Ютэйр,Выдача до 30 минут
2026-09-07,ЮТ 454 ,73Х,ТЮМЕНЬ(РОЩИНО),24,Y(А07),08:27,710,2026-09-07 08:37:00,2026-09-07 08:38:00,,2026-09-07 08:40:00,2026-09-07 08:49:00,2026-09-07 08:40:00,2026-09-07 08:49:00,2026-09-07 08:46:00,3.0,4.0,2026-09-07 08:56:00,2026-09-07 08:59:00,,0.0,2026-09-07 08:51:00,2026-09-07 08:55:00,,,,,Сыргаков Б. А.,Ютэйр,Выдача до 30 минут
2026-09-07,А4 7020 ,СУ9,САНКТ-ПЕТЕРБУРГ(ПУЛКОВО),26,Y(А05),08:30,96,2026-09-07 08:45:00,2026-09-07 08:45:00,,2026-09-07 08:51:00,2026-09-07 08:52:00,2026-09-07 08:51:00,2026-09-07 08:52:00,2026-09-07 08:50:00,2.0,,2026-09-07 08:58:00,2026-09-07 09:02:00,,0.0,2026-09-07 08:53:00,2026-09-07 08:56:00,,,,,Додаров Ф. М.,Азимут,Выдача до 30 минут
2026-09-07,ЯК 473 ,73Х,ЯКУТСК,48,Y(А08),08:36,1198,2026-09-07 08:42:00,2026-09-07 08:45:00,,2026-09-07 08:45:00,2026-09-07 08:52:00,2026-09-07 08:45:00,2026-09-07 08:52:00,2026-09-07 08:51:00,1.0,2.0,2026-09-07 09:05:00,2026-09-07 09:08:00,,0.0,2026-09-07 09:00:00,2026-09-07 09:09:00,,,,,Музафаров А. С.,Якутия,Выдача до 30 минут
2026-09-07,DV 809 ,738,АЛМАТЫ(АЛМАТЫ ИНТЛ.),18,Y(А13),08:38,906,2026-09-07 08:48:00,2026-09-07 08:48:00,,2026-09-07 08:49:00,2026-09-07 08:55:00,2026-09-07 08:51:00,2026-09-07 08:55:00,2026-09-07 08:58:00,,,2026-09-07 09:01:00,2026-09-07 09:05:00,,0.0,2026-09-07 08:56:00,2026-09-07 09:02:00,,,,,"Каламбеков У. О., Тано Б. А.",SCAT Airlines,Выдача до 30 минут
2026-09-07,3F 321 ,320,ЕРЕВАН(ЗВАРТНОЦ ИНТЛ),27,Y(А13),08:10,1182,2026-09-07 08:24:00,2026-09-07 08:26:00,,2026-09-07 08:29:00,2026-09-07 08:35:00,2026-09-07 08:29:00,2026-09-07 08:35:00,2026-09-07 08:36:00,,,2026-09-07 08:41:00,2026-09-07 08:44:00,,0.0,2026-09-07 08:37:00,2026-09-07 08:40:00,,,,,Хушвактов П. З.,FLYONE Armenia,Выдача до 30 минут
2026-09-08,В2 979 ,733,МИНСК(МИНСК ИНТЛ.),29,Y(А13),16:13,347,2026-09-08 16:24:00,2026-09-08 16:27:00,,2026-09-08 16:26:00,2026-09-08 16:28:00,2026-09-08 16:26:00,2026-09-08 16:28:00,2026-09-08 16:30:00,,,2026-09-08 16:32:00,2026-09-08 16:33:00,,0.0,2026-09-08 16:29:00,2026-09-08 16:32:00,,,,,Ушаков М. В.,Белавиа,Выдача до 30 минут
2026-09-08,ФВ 6037 ,СУ9,САНКТ-ПЕТЕРБУРГ(ПУЛКОВО),8,Y(А04),16:17,110,2026-09-08 16:26:00,2026-09-08 16:29:00,,2026-09-08 16:29:00,2026-09-08 16:31:00,2026-09-08 16:29:00,2026-09-08 16:31:00,2026-09-08 16:31:00,,1.0,2026-09-08 16:36:00,2026-09-08 16:37:00,,0.0,2026-09-08 16:33:00,2026-09-08 16:35:00,,,,,Шамсов Б. С.,Россия,Выдача до 30 минут
2026-09-08,А4 7010 ,СУ9,ТБИЛИСИ(ТБИЛИСИ ИНТЛ.),28,Y(А12),16:20,1121,2026-09-08 16:31:00,2026-09-08 16:32:00,,2026-09-08 16:35:00,2026-09-08 16:47:00,2026-09-08 16:35:00,2026-09-08 16:47:00,2026-09-08 16:42:00,5.0,5.0,2026-09-08 16:52:00,2026-09-08 16:53:00,1.0,0.0,2026-09-08 16:49:00,2026-09-08 16:52:00,,,,,Пельгуев Д.,Азимут,Выдача до 30 минут
2026-09-08,3F 325 ,320,ЕРЕВАН(ЗВАРТНОЦ ИНТЛ),25,Y(А13),16:55,926,2026-09-08 17:04:00,2026-09-08 17:07:00,,2026-09-08 17:07:00,2026-09-08 17:12:00,2026-09-08 17:07:00,2026-09-08 17:12:00,2026-09-08 17:14:00,,,2026-09-08 17:23:00,2026-09-08 17:25:00,,0.0,2026-09-08 17:18:00,2026-09-08 17:23:00,,,,,Тано Б. А.,FLYONE Armenia,Выдача до 30 минут
2026-09-08,ФВ 6175 ,СУ9,САНКТ-ПЕТЕРБУРГ(ПУЛКОВО),9,Y(А04),17:12,111,2026-09-08 17:21:00,2026-09-08 17:21:00,,2026-09-08 17:24:00,2026-09-08 17:25:00,2026-09-08 17:24:00,2026-09-08 17:25:00,2026-09-08 17:26:00,,,2026-09-08 17:29:00,2026-09-08 17:48:00,,0.0,2026-09-08 17:26:00,2026-09-08 17:29:00,,,,,Минченко А. И.,Россия,Выдача до 30 минут
2026-09-08,ЯК 480 ,73В,МИНЕРАЛЬНЫЕ ВОДЫ,14,Y(А05),17:26,794,2026-09-08 17:34:00,2026-09-08 17:35:00,,2026-09-08 17:38:00,2026-09-08 17:40:00,2026-09-08 17:38:00,2026-09-08 17:40:00,2026-09-08 17:39:00,1.0,1.0,2026-09-08 17:46:00,2026-09-08 17:47:00,,0.0,2026-09-08 17:40:00,2026-09-08 17:46:00,,,,,Чеканов В. А.,Якутия,Выдача до 30 минут
2026-09-08,ДР 836 ,7С8,ГАЗИПАША,48,Y(А09),17:30,1400,-1,,,2026-09-08 17:41:00,2026-09-08 17:52:00,2026-09-08 17:41:00,2026-09-08 17:52:00,,,2.0,2026-09-08 17:54:00,2026-09-08 18:05:00,,0.0,2026-09-08 17:48:00,2026-09-08 17:54:00,2026-09-08 17:59:00,2026-09-08 18:04:00,,,Скулов Е. С.,Победа,Некорректно проставлены отметки
2026-09-08,TK 415 ,32Б,СТАМБУЛ(СТАМБУЛ НЬЮ),22,Y(А10),18:16,3384,2026-09-08 18:29:00,2026-09-08 18:31:00,,2026-09-08 18:32:00,2026-09-08 18:56:00,2026-09-08 18:32:00,2026-09-08 18:56:00,2026-09-08 18:56:00,,1.0,2026-09-08 18:49:00,2026-09-08 19:06:00,,7.0,,,2026-09-08 18:33:00,2026-09-08 19:03:00,,,Соболь М. Ф.,Turkish Airlines,Выдача от 30 до 40 минут
2026-09-08,ЯК 736 ,73Х,ПЕВЕК,59,Y(А06),17:54,1815,2026-09-08 18:04:00,2026-09-08 18:05:00,,2026-09-08 18:08:00,2026-09-08 18:21:00,2026-09-08 18:08:00,2026-09-08 18:21:00,2026-09-08 18:20:00,1.0,1.0,2026-09-08 18:23:00,2026-09-08 18:37:00,,3.0,2026-09-08 18:17:00,2026-09-08 18:23:00,2026-09-08 18:34:00,2026-09-08 18:37:00,,,Ушаков Г. А.,Якутия,Выдача от 30 до 40 минут
2026-09-08,ЮТ 276 ,734,СОЧИ,10,Y(А05),18:07,563,2026-09-08 18:16:00,2026-09-08 18:17:00,,2026-09-08 18:19:00,2026-09-08 18:26:00,2026-09-08 18:19:00,2026-09-08 18:26:00,2026-09-08 18:24:00,2.0,3.0,2026-09-08 18:29:00,2026-09-08 18:30:00,,0.0,2026-09-08 18:27:00,2026-09-08 18:29:00,,,,,Федоров Н. В.,Ютэйр,Выдача до 30 минут
2026-09-08,PBD 736 ,73Х,ГАЗИПАША,46,Y(А12),18:13,988,2026-09-08 18:19:00,2026-09-08 18:22:00,,2026-09-08 18:22:00,2026-09-08 18:29:00,2026-09-08 18:22:00,2026-09-08 18:29:00,2026-09-08 18:30:00,,,2026-09-08 18:34:00,2026-09-08 18:42:00,,0.0,2026-09-08 18:34:00,2026-09-08 18:35:00,,,,,Фозылов Б. З.,Победа,Выдача до 30 минут
2026-09-08,ЮТ 802 ,762,ДУШАНБЕ(ДУШАНБЕ ИНТЛ.),64,Y(А09),18:20,2553,2026-09-08 18:36:00,2026-09-08 18:39:00,,2026-09-08 18:40:00,2026-09-08 18:53:00,2026-09-08 18:40:00,2026-09-08 18:53:00,2026-09-08 18:57:00,,,2026-09-08 19:01:00,2026-09-08 19:06:00,,0.0,2026-09-08 18:40:00,2026-09-08 19:02:00,2026-09-08 18:32:00,2026-09-08 19:07:00,,,Михайлов М. С.,Ютэйр,Выдача до 30 минут
2026-09-08,ФВ 6177 ,СУ9,САНКТ-ПЕТЕРБУРГ(ПУЛКОВО),8,Y(А04),18:27,219,2026-09-08 18:39:00,2026-09-08 18:41:00,,2026-09-08 18:44:00,2026-09-08 18:47:00,2026-09-08 18:44:00,2026-09-08 18:47:00,2026-09-08 18:44:00,3.0,2.0,2026-09-08 18:50:00,2026-09-08 18:51:00,,0.0,2026-09-08 18:48:00,2026-09-08 18:51:00,,,,,Ушаков М. В.,Россия,Выдача до 30 минут
2026-09-08,ЮТ 456 ,735,НОЯБРЬСК,6,Y(А07),18:29,352,2026-09-08 18:37:00,2026-09-08 18:38:00,,2026-09-08 18:42:00,2026-09-08 18:46:00,2026-09-08 18:42:00,2026-09-08 18:46:00,2026-09-08 18:43:00,3.0,2.0,2026-09-08 18:51:00,2026-09-08 18:52:00,,0.0,2026-09-08 18:38:00,2026-09-08 18:50:00,,,,,Минченко А. И.,Ютэйр,Выдача до 30 минут
2026-09-08,ЮТ 374 ,734,МИНЕРАЛЬНЫЕ ВОДЫ,17,Y(А06),18:41,883,2026-09-08 18:47:00,2026-09-08 18:48:00,,2026-09-08 18:50:00,2026-09-08 18:56:00,2026-09-08 18:50:00,2026-09-08 18:56:00,2026-09-08 18:57:00,,,2026-09-08 19:04:00,2026-09-08 19:06:00,,0.0,2026-09-08 18:58:00,2026-09-08 19:04:00,,,,,Чеканов В. А.,Ютэйр,Выдача до 30 минут
2026-09-08,ЮТ 746 ,73Х,БАКУ(ИМ. ГЕЙДАРА АЛИЕВА),11,Y(А11),17:38,1953,2026-09-08 17:48:00,2026-09-08 17:51:00,,2026-09-08 17:51:00,2026-09-08 18:11:00,2026-09-08 17:51:00,2026-09-08 18:11:00,2026-09-08 18:05:00,6.0,7.0,2026-09-08 18:02:00,2026-09-08 18:13:00,,0.0,2026-09-08 17:57:00,2026-09-08 18:01:00,2026-09-08 18:25:00,2026-09-08 18:29:00,,,Ушаков М. В.,Ютэйр,Выдача до 30 минут
2026-09-08,ДР 856 ,73Х,ГЮМРИ(ШИРАК),49,Y(А13),16:07,1202,2026-09-08 16:13:00,2026-09-08 16:17:00,1.0,2026-09-08 16:17:00,2026-09-08 16:28:00,2026-09-08 16:17:00,2026-09-08 16:28:00,2026-09-08 16:25:00,3.0,3.0,2026-09-08 16:31:00,2026-09-08 16:43:00,,0.0,2026-09-08 16:25:00,2026-09-08 16:32:00,2026-09-08 16:37:00,2026-09-08 16:43:00,,,Чеканов В. А.,Победа,Выдача до 30 минут
2026-09-08,TK 3012 ,321,АНТАЛЬЯ,21,Y(А09),12:11,2586,2026-09-08 12:20:00,2026-09-08 12:22:00,,2026-09-08 12:25:00,2026-09-08 12:40:00,2026-09-08 12:25:00,2026-09-08 12:40:00,2026-09-08 12:41:00,,,2026-09-08 12:37:00,2026-09-08 12:46:00,,0.0,2026-09-08 12:06:00,2026-09-08 12:36:00,2026-09-08 12:16:00,2026-09-08 12:50:00,,,Скулов Е. С.,Turkish Airlines,Выдача до 30 минут
2026-09-08,J2 807 ,763,БАКУ(ИМ. ГЕЙДАРА АЛИЕВА),19,Y(А09),14:32,2482,2026-09-08 14:42:00,2026-09-08 14:45:00,,2026-09-08 14:45:00,2026-09-08 14:59:00,2026-09-08 14:45:00,2026-09-08 14:59:00,2026-09-08 15:03:00,,,2026-09-08 14:51:00,2026-09-08 15:05:00,,0.0,2026-09-08 14:45:00,2026-09-08 15:05:00,,,,,Скулов Е. С.,AZAL,Выдача до 30 минут
2026-09-08,ДР 404 ,7С8,ЕКАТЕРИНБУРГ(КОЛЬЦОВО),49,Y(А05),18:45,508,2026-09-08 18:54:00,2026-09-08 18:55:00,,2026-09-08 18:56:00,2026-09-08 19:00:00,2026-09-08 18:56:00,2026-09-08 19:00:00,2026-09-08 19:01:00,,1.0,2026-09-08 19:08:00,2026-09-08 19:09:00,,0.0,2026-09-08 19:02:00,2026-09-08 19:08:00,,,,,Каламбеков У. О.,Победа,Выдача до 30 минут
2026-09-08,TK 1231 ,321,АНТАЛЬЯ,24,Y(А11),12:15,807,2026-09-08 12:25:00,2026-09-08 12:28:00,,2026-09-08 12:29:00,2026-09-08 12:34:00,2026-09-08 12:29:00,2026-09-08 12:34:00,2026-09-08 12:34:00,,,2026-09-08 12:39:00,2026-09-08 12:43:00,,0.0,2026-09-08 12:22:00,2026-09-08 13:00:00,,,,,Каламбеков У. О.,Turkish Airlines,Выдача до 30 минут
2026-09-08,ФВ 6009 ,СУ9,САНКТ-ПЕТЕРБУРГ(ПУЛКОВО),8,Y(А04),12:21,213,2026-09-08 12:32:00,2026-09-08 12:37:00,2.0,2026-09-08 12:35:00,2026-09-08 12:40:00,2026-09-08 12:35:00,2026-09-08 12:40:00,2026-09-08 12:37:00,3.0,4.0,2026-09-08 12:44:00,2026-09-08 12:45:00,,0.0,2026-09-08 12:40:00,2026-09-08 12:44:00,,,,,Минченко А. И.,Россия,Выдача до 30 минут
2026-09-08,ДР 114 ,7С8,СОЧИ,49,Y(А05),12:25,620,2026-09-08 12:34:00,2026-09-08 12:34:00,,2026-09-08 12:36:00,2026-09-08 12:44:00,2026-09-08 12:36:00,2026-09-08 12:44:00,2026-09-08 12:42:00,2.0,4.0,2026-09-08 12:50:00,2026-09-08 12:52:00,,0.0,2026-09-08 12:45:00,2026-09-08 12:50:00,,,,,Кутейников А. В.,Победа,Выдача до 30 минут
2026-09-08,ЖГ 937 ,735,БАТУМИ,29,Y(А12),12:57,725,2026-09-08 13:05:00,2026-09-08 13:08:00,,2026-09-08 13:09:00,2026-09-08 13:18:00,2026-09-08 13:09:00,2026-09-08 13:18:00,2026-09-08 13:14:00,4.0,4.0,2026-09-08 13:24:00,2026-09-08 13:27:00,,0.0,2026-09-08 13:21:00,2026-09-08 13:25:00,,,,,Шамсов Б. С.,GEORGIAN AIRWAYS,Выдача до 30 минут
2026-09-08,ДР 160 ,73Х,КРАСНОДАР(ПАШКОВСКИЙ),44,Y(А05),13:03,465,2026-09-08 13:13:00,2026-09-08 13:26:00,10.0,2026-09-08 13:18:00,2026-09-08 13:21:00,2026-09-08 13:18:00,2026-09-08 13:21:00,2026-09-08 13:20:00,1.0,,2026-09-08 13:26:00,2026-09-08 13:29:00,,0.0,2026-09-08 13:20:00,2026-09-08 13:25:00,,,,,Ушаков М. В.,Победа,Выдача до 30 минут
2026-09-08,ДР 466 ,7С8,УЛЬЯНОВСК(БАРАТАЕВКА),47,Y(А04),13:07,135,2026-09-08 13:17:00,2026-09-08 13:17:00,,2026-09-08 13:17:00,2026-09-08 13:19:00,2026-09-08 13:17:00,2026-09-08 13:19:00,2026-09-08 13:22:00,,1.0,2026-09-08 13:25:00,2026-09-08 13:26:00,,0.0,2026-09-08 13:19:00,2026-09-08 13:25:00,,,,,Минченко А. И.,Победа,Выдача до 30 минут
2026-09-08,ЯМ 543 ,73Х,НОВОСИБИРСК(ТОЛМАЧЕВО),12,Y(А06),13:10,803,2026-09-08 13:23:00,2026-09-08 13:23:00,,2026-09-08 13:26:00,2026-09-08 13:37:00,2026-09-08 13:26:00,2026-09-08 13:37:00,2026-09-08 13:32:00,5.0,6.0,2026-09-08 13:41:00,2026-09-08 13:45:00,,0.0,2026-09-08 13:37:00,2026-09-08 13:40:00,,,,,Фозылов Б. З.,Алроса,Выдача до 30 минут
2026-09-08,ФВ 6025 ,СУ9,САНКТ-ПЕТЕРБУРГ(ПУЛКОВО),9,Y(А04),13:17,81,2026-09-08 13:26:00,2026-09-08 13:28:00,,2026-09-08 13:30:00,2026-09-08 13:31:00,2026-09-08 13:30:00,2026-09-08 13:31:00,2026-09-08 13:31:00,,,2026-09-08 13:34:00,2026-09-08 13:35:00,,0.0,2026-09-08 13:31:00,2026-09-08 13:34:00,,,,,Пельгуев Д.,Россия,Выдача до 30 минут
2026-09-08,ДР 116 ,7С8,СОЧИ,50,Y(А07),13:30,851,2026-09-08 13:40:00,2026-09-08 13:41:00,,2026-09-08 13:42:00,2026-09-08 13:50:00,2026-09-08 13:42:00,2026-09-08 13:50:00,2026-09-08 13:50:00,,2.0,2026-09-08 13:57:00,2026-09-08 14:02:00,,0.0,2026-09-08 13:51:00,2026-09-08 13:56:00,,,,,Федоров Н. В.,Победа,Выдача до 30 минут
2026-09-08,TK 417 ,321,СТАМБУЛ(СТАМБУЛ НЬЮ),22,Y(А09),13:36,2570,2026-09-08 13:46:00,2026-09-08 13:46:00,,2026-09-08 13:48:00,2026-09-08 14:00:00,2026-09-08 13:48:00,2026-09-08 14:00:00,2026-09-08 14:07:00,,,2026-09-08 14:00:00,2026-09-08 14:09:00,,0.0,2026-09-08 13:59:00,2026-09-08 14:00:00,2026-09-08 13:32:00,2026-09-08 14:11:00,,,Михайлов М. С.,Turkish Airlines,Выдача до 30 минут
2026-09-08,PC 388 ,32Щ,СТАМБУЛ(САБИХА ГОКЦЕН),21,Y(А10),13:55,2760,2026-09-08 14:07:00,2026-09-08 14:12:00,2.0,2026-09-08 14:09:00,2026-09-08 14:22:00,2026-09-08 14:09:00,2026-09-08 14:22:00,2026-09-08 14:29:00,,,2026-09-08 14:17:00,2026-09-08 14:31:00,,0.0,2026-09-08 14:13:00,2026-09-08 14:17:00,2026-09-08 14:23:00,2026-09-08 14:28:00,,,"Давлатов Б. Ч., Соболь М. Ф.",Pegasus,Выдача до 30 минут
2026-09-08,ЮТ 744 ,734,ГЯНДЖА,61,Y(А12),14:14,1892,2026-09-08 14:25:00,2026-09-08 14:28:00,,2026-09-08 14:27:00,2026-09-08 14:43:00,2026-09-08 14:27:00,2026-09-08 14:43:00,2026-09-08 14:42:00,1.0,3.0,2026-09-08 14:45:00,2026-09-08 15:00:00,,5.0,2026-09-08 14:37:00,2026-09-08 14:44:00,2026-09-08 14:51:00,2026-09-08 14:58:00,,,Тано Б. А.,Ютэйр,Выдача от 30 до 40 минут
2026-09-08,ЮТ 334 ,73Е,НАРЬЯН-МАР,15,Y(А04),14:18,501,2026-09-08 14:26:00,2026-09-08 14:28:00,,2026-09-08 14:29:00,2026-09-08 14:34:00,2026-09-08 14:29:00,2026-09-08 14:34:00,2026-09-08 14:33:00,1.0,2.0,2026-09-08 14:39:00,2026-09-08 14:40:00,,0.0,2026-09-08 14:34:00,2026-09-08 14:41:00,,,,,Каламбеков У. О.,Ютэйр,Выдача до 30 минут
2026-09-08,FZ 989 ,7М8,ДУБАЙ(ДУБАЙ ИНТЛ.),26A,Y(А11),14:22,873,2026-09-08 14:34:00,2026-09-08 14:35:00,,2026-09-08 14:34:00,2026-09-08 14:40:00,2026-09-08 14:34:00,2026-09-08 14:40:00,2026-09-08 14:44:00,,,2026-09-08 14:43:00,2026-09-08 14:49:00,,0.0,2026-09-08 14:40:00,2026-09-08 14:44:00,,,,,"Кутейников А. В., Фозылов Б. З.",flydubai,Выдача до 30 минут
2026-09-08,А4 7030 ,СУ9,ЕРЕВАН(ЗВАРТНОЦ ИНТЛ),24,Y(А13),14:26,730,2026-09-08 14:35:00,2026-09-08 14:37:00,,2026-09-08 14:38:00,2026-09-08 14:43:00,2026-09-08 14:38:00,2026-09-08 14:43:00,2026-09-08 14:44:00,,,2026-09-08 14:50:00,2026-09-08 14:52:00,,0.0,2026-09-08 14:47:00,2026-09-08 14:50:00,,,,,Шамсов Б. С.,Азимут,Выдача до 30 минут
2026-09-08,ГЗП 260 ,СУ9,НОВЫЙ УРЕНГОЙ,Б36,Y(А05),14:28,525,2026-09-08 14:36:00,2026-09-08 14:37:00,,2026-09-08 14:40:00,2026-09-08 14:44:00,2026-09-08 14:40:00,2026-09-08 14:44:00,2026-09-08 14:44:00,,,2026-09-08 15:03:00,2026-09-08 15:04:00,,0.0,2026-09-08 14:45:00,2026-09-08 15:04:00,,,,,Ушаков М. В.,Газпром авиа,Выдача до 30 минут
2026-09-08,ЖГ 926 ,73Х,ТБИЛИСИ(ТБИЛИСИ ИНТЛ.),30,Y(А11),15:39,1613,2026-09-08 15:47:00,2026-09-08 15:47:00,,2026-09-08 15:50:00,2026-09-08 16:01:00,2026-09-08 15:50:00,2026-09-08 16:01:00,2026-09-08 16:02:00,,,2026-09-08 16:02:00,2026-09-08 16:08:00,,0.0,2026-09-08 15:57:00,2026-09-08 16:00:00,2026-09-08 16:05:00,2026-09-08 16:08:00,,,Минченко А. И.,GEORGIAN AIRWAYS,Выдача до 30 минут
2026-09-08,ЮТ 576 ,735,КРАСНОДАР(ПАШКОВСКИЙ),58,Y(А08),18:50,778,2026-09-08 19:01:00,2026-09-08 19:02:00,,2026-09-08 19:05:00,2026-09-08 19:13:00,2026-09-08 19:05:00,2026-09-08 19:13:00,2026-09-08 19:10:00,3.0,3.0,2026-09-08 19:20:00,2026-09-08 19:22:00,,0.0,2026-09-08 19:14:00,2026-09-08 19:23:00,,,,,Ушаков Г. А.,Ютэйр,Выдача до 30 минут
2026-09-08,ДР 994 ,73Х,СТАМБУЛ(СТАМБУЛ НЬЮ),49,Y(А11),20:49,815,2026-09-08 20:56:00,2026-09-08 20:58:00,,2026-09-08 20:59:00,2026-09-08 21:05:00,2026-09-08 20:59:00,2026-09-08 21:05:00,2026-09-08 21:05:00,,1.0,2026-09-08 21:13:00,2026-09-08 21:16:00,,0.0,2026-09-08 21:07:00,2026-09-08 21:13:00,,,,,Дубинский В. Д.,Победа,Выдача до 30 минут
2026-09-08,ЮТ 250 ,73Х,СОЧИ,15,Y(А06),18:59,1002,2026-09-08 19:08:00,2026-09-08 19:09:00,,2026-09-08 19:11:00,2026-09-08 19:20:00,2026-09-08 19:11:00,2026-09-08 19:20:00,2026-09-08 19:19:00,1.0,2.0,2026-09-08 19:24:00,2026-09-08 19:27:00,,0.0,2026-09-08 19:24:00,2026-09-08 19:25:00,,,,,Тано Б. А.,Ютэйр,Выдача до 30 минут
2026-09-08,FZ 8471 ,7М8,ДУБАЙ(ДУБАЙ ИНТЛ.),30,Y(А10),21:56,1329,2026-09-08 22:08:00,2026-09-08 22:10:00,,2026-09-08 22:11:00,2026-09-08 22:21:00,2026-09-08 22:11:00,2026-09-08 22:21:00,2026-09-08 22:21:00,,1.0,2026-09-08 22:20:00,2026-09-08 22:30:00,,0.0,2026-09-08 22:17:00,2026-09-08 22:19:00,2026-09-08 22:25:00,2026-09-08 22:28:00,,,Пельгуев Д.,flydubai,Выдача до 30 минут
2026-09-08,DV 813 ,738,АСТАНА(НУРСУЛТАН НАЗАРБАЕВ),18,Y(А13),22:30,860,2026-09-08 22:37:00,2026-09-08 22:39:00,,2026-09-08 22:40:00,2026-09-08 22:49:00,2026-09-08 22:40:00,2026-09-08 22:49:00,2026-09-08 22:47:00,2.0,3.0,2026-09-08 22:55:00,2026-09-08 22:57:00,,0.0,2026-09-08 22:51:00,2026-09-08 22:56:00,,,,,Соболь М. Ф.,SCAT Airlines,Выдача до 30 минут
2026-09-08,А4 7036 ,СУ9,ПСКОВ(КРЕСТЫ),45,Y(А07),22:32,144,2026-09-13 16:21:00,2026-09-13 16:22:00,,2026-09-08 22:43:00,2026-09-08 22:45:00,2026-09-08 22:43:00,2026-09-08 22:45:00,2026-09-13 16:26:00,,1.0,2026-09-08 22:50:00,2026-09-08 22:51:00,,0.0,2026-09-08 22:46:00,2026-09-08 22:51:00,,,,,Скулов Е. С.,Азимут,Некорректно проставлены отметки
2026-09-08,J2 805 ,319,БАКУ(ИМ. ГЕЙДАРА АЛИЕВА),25,Y(А10),22:35,1779,2026-09-08 22:49:00,2026-09-08 22:51:00,,2026-09-08 22:52:00,2026-09-08 23:09:00,2026-09-08 22:52:00,2026-09-08 23:09:00,2026-09-08 23:05:00,4.0,5.0,2026-09-08 23:08:00,2026-09-08 23:14:00,,0.0,2026-09-08 23:03:00,2026-09-08 23:08:00,2026-09-08 23:11:00,2026-09-08 23:14:00,,,Каламбеков У. О.,AZAL,Выдача до 30 минут
2026-09-08,FZ 951 ,7М8,ДУБАЙ(ДУБАЙ ИНТЛ.),29,Y(А12),22:39,824,2026-09-08 22:51:00,2026-09-08 22:54:00,,2026-09-08 22:54:00,2026-09-08 23:01:00,2026-09-08 22:54:00,2026-09-08 23:01:00,2026-09-08 23:00:00,1.0,2.0,2026-09-08 23:06:00,2026-09-08 23:08:00,,0.0,2026-09-08 23:03:00,2026-09-08 23:05:00,,,,,Тано Б. А.,flydubai,Выдача до 30 минут
2026-09-08,PC 1580 ,32Н,АНТАЛЬЯ,23,Y(А09),22:42,1751,2026-09-08 22:54:00,2026-09-08 22:55:00,,2026-09-08 22:57:00,2026-09-08 23:09:00,2026-09-08 22:57:00,2026-09-08 23:09:00,2026-09-08 23:10:00,,,2026-09-08 23:09:00,2026-09-08 23:20:00,,0.0,2026-09-08 23:04:00,2026-09-08 23:09:00,2026-09-08 23:14:00,2026-09-08 23:17:00,,,Шарипов К. А.,Pegasus,Выдача до 30 минут
2026-09-08,TK 411 ,333,СТАМБУЛ(СТАМБУЛ НЬЮ),22,Y(А10),22:55,4732,2026-09-08 23:12:00,2026-09-08 23:13:00,,2026-09-08 23:13:00,2026-09-08 23:30:00,2026-09-08 23:13:00,2026-09-08 23:30:00,2026-09-08 23:48:00,,,2026-09-08 23:30:00,2026-09-08 23:36:00,,0.0,2026-09-08 23:13:00,2026-09-08 23:30:00,2026-09-08 23:31:00,2026-09-08 23:41:00,,,Демчук Д. П.,Turkish Airlines,Выдача до 30 минут
2026-09-08,ДР 422 ,73Х,САМАРА(КУРУМОЧ),42,Y(А07),21:48,222,2026-09-08 21:58:00,2026-09-08 22:02:00,1.0,2026-09-08 22:01:00,2026-09-08 22:04:00,2026-09-08 22:01:00,2026-09-08 22:04:00,2026-09-08 22:03:00,1.0,2.0,2026-09-08 22:09:00,2026-09-08 22:11:00,,0.0,2026-09-08 22:04:00,2026-09-08 22:10:00,,,,,Киричек А. А.,Победа,Выдача до 30 минут
2026-09-08,ДР 486 ,7С8,УЛЬЯНОВСК(БАРАТАЕВКА),48,Y(А05),23:00,74,-1,,,2026-09-08 23:12:00,2026-09-08 23:13:00,2026-09-08 23:12:00,2026-09-08 23:13:00,,,1.0,2026-09-08 23:22:00,2026-09-08 23:23:00,,0.0,2026-09-08 23:16:00,2026-09-08 23:22:00,,,,,Музафаров А. С.,Победа,Некорректно проставлены отметки
2026-09-08,ХИ 605 ,320,САМАРКАНД(САМАРКАНД ИНТЛ.),26,Y(А11),23:19,1114,2026-09-08 23:32:00,2026-09-08 23:34:00,,2026-09-08 23:37:00,2026-09-08 23:43:00,2026-09-08 23:37:00,2026-09-08 23:43:00,2026-09-08 23:43:00,,,2026-09-08 23:50:00,2026-09-08 23:53:00,,0.0,2026-09-08 23:45:00,2026-09-08 23:49:00,,,,,Юрков С.,UZBEKISTAN AIRWAYS,Выдача до 30 минут
2026-09-08,NE 640 ,321,ШАРМ ЭЛЬ ШЕЙХ(ШАРМ ЭЛЬ ШЕЙХ ИНТЛ.),37A,Y(А09),23:23,2190,2026-09-08 23:34:00,2026-09-08 23:37:00,,2026-09-08 23:38:00,2026-09-08 23:56:00,2026-09-08 23:38:00,2026-09-08 23:56:00,2026-09-08 23:53:00,3.0,3.0,2026-09-08 23:49:00,2026-09-09 00:06:00,,2.0,2026-09-08 23:43:00,2026-09-08 23:49:00,2026-09-08 23:59:00,2026-09-09 00:04:00,,,Хушвактов П. З.,Nesma Airlines,Выдача от 30 до 40 минут
2026-09-08,ЮТ 376 ,73Е,СЫКТЫВКАР,17,Y(А08),23:25,272,2026-09-08 23:32:00,2026-09-08 23:35:00,,2026-09-08 23:36:00,2026-09-08 23:38:00,2026-09-08 23:36:00,2026-09-08 23:38:00,2026-09-08 23:38:00,,,2026-09-08 23:45:00,2026-09-08 23:46:00,,0.0,2026-09-08 23:40:00,2026-09-08 23:45:00,,,,,Рябчевский В. О.,Ютэйр,Выдача до 30 минут
2026-09-08,FZ 987 ,7М8,ДУБАЙ(ДУБАЙ ИНТЛ.),30,Y(А12),23:31,1738,2026-09-08 23:43:00,2026-09-08 23:45:00,,2026-09-08 23:47:00,2026-09-09 00:04:00,2026-09-08 23:47:00,2026-09-09 00:04:00,2026-09-08 23:59:00,5.0,5.0,2026-09-08 23:58:00,2026-09-09 00:10:00,,0.0,2026-09-08 23:54:00,2026-09-08 23:57:00,2026-09-09 00:06:00,2026-09-09 00:11:00,,,Ушаков Г. А.,flydubai,Выдача до 30 минут
2026-09-08,NE 610 ,320,ХУРГАДА(ХУРГАДА ИНТЛ.),43,Y(А11),23:38,1914,2026-09-08 23:48:00,2026-09-08 23:52:00,1.0,2026-09-08 23:50:00,2026-09-09 00:10:00,2026-09-08 23:50:00,2026-09-09 00:10:00,2026-09-09 00:05:00,5.0,7.0,2026-09-09 00:07:00,2026-09-09 00:19:00,,1.0,2026-09-09 00:00:00,2026-09-09 00:20:00,2026-09-08 23:58:00,2026-09-09 00:08:00,,,Ушаков П. А.,Nesma Airlines,Выдача от 30 до 40 минут
2026-09-08,TK 211 ,32Б,АНТАЛЬЯ,24,Y(А09),23:43,2268,2026-09-08 23:59:00,2026-09-09 00:01:00,,2026-09-09 00:02:00,2026-09-09 00:12:00,2026-09-09 00:02:00,2026-09-09 00:12:00,2026-09-09 00:18:00,,,2026-09-09 00:13:00,2026-09-09 00:19:00,,0.0,2026-09-08 23:55:00,2026-09-09 00:19:00,,,,,Михайлов М. С.,Turkish Airlines,Выдача до 30 минут
2026-09-08,ЮБГ 509 ,738,ЕРЕВАН(ЗВАРТНОЦ ИНТЛ),25,Y(А13),12:00,3351,2026-09-08 12:09:00,2026-09-08 12:10:00,,2026-09-08 12:12:00,2026-09-08 12:27:00,2026-09-08 12:12:00,2026-09-08 12:27:00,2026-09-08 12:35:00,,,2026-09-08 12:22:00,2026-09-08 12:35:00,,0.0,2026-09-08 12:18:00,2026-09-08 12:22:00,,,2026-09-08 12:30:00,2026-09-08 12:35:00,"Давлатов Б. Ч., Пельгуев Д.",Shirak Avia,Выдача до 30 минут
2026-09-08,НВЦ 9152 ,32Щ,САБЕТТА,12,Y(А06),23:07,1736,2026-09-08 23:19:00,2026-09-08 23:20:00,,2026-09-08 23:23:00,2026-09-08 23:38:00,2026-09-08 23:23:00,2026-09-08 23:38:00,2026-09-08 23:35:00,3.0,3.0,2026-09-08 23:33:00,2026-09-08 23:44:00,,0.0,2026-09-08 23:30:00,2026-09-08 23:33:00,2026-09-08 23:41:00,2026-09-08 23:43:00,,,Шарипов Д. А.,Северо-Запад,Выдача до 30 минут
2026-09-08,ДР 190 ,7С8,МАХАЧКАЛА,50,Y(А05),21:44,563,2026-09-08 21:52:00,2026-09-08 21:54:00,,2026-09-08 21:56:00,2026-09-08 22:02:00,2026-09-08 21:56:00,2026-09-08 22:02:00,2026-09-08 22:00:00,2.0,2.0,2026-09-08 22:07:00,2026-09-08 22:09:00,,0.0,2026-09-08 22:02:00,2026-09-08 22:07:00,,,,,Соболь М. Ф.,Победа,Выдача до 30 минут
2026-09-08,ЮТ 784 ,73Х,АНТАЛЬЯ,27,Y(А11),21:37,1489,2026-09-08 21:48:00,2026-09-08 21:50:00,,2026-09-08 21:51:00,2026-09-08 22:16:00,2026-09-08 21:55:00,2026-09-08 22:16:00,2026-09-08 22:02:00,14.0,11.0,2026-09-08 22:04:00,2026-09-08 22:09:00,,0.0,2026-09-08 22:01:00,2026-09-08 22:05:00,2026-09-08 22:06:00,2026-09-08 22:10:00,,,"Ушаков Г. А., Ушаков П. А.",Ютэйр,Выдача до 30 минут
2026-09-08,ФВ 6183 ,СУ9,САНКТ-ПЕТЕРБУРГ(ПУЛКОВО),9,Y(А04),21:09,106,2026-09-08 21:18:00,2026-09-08 21:20:00,,2026-09-08 21:23:00,2026-09-08 21:25:00,2026-09-08 21:23:00,2026-09-08 21:25:00,2026-09-08 21:23:00,2.0,1.0,2026-09-08 21:28:00,2026-09-08 21:30:00,,0.0,2026-09-08 21:25:00,2026-09-08 21:31:00,,,,,Соболь М. Ф.,Россия,Выдача до 30 минут
2026-09-08,ЮТ 464 ,73Х,ТЮМЕНЬ(РОЩИНО),12,Y(А07),19:02,643,2026-09-08 19:11:00,2026-09-08 19:11:00,,2026-09-08 19:14:00,2026-09-08 19:21:00,2026-09-08 19:14:00,2026-09-08 19:21:00,2026-09-08 19:19:00,2.0,3.0,2026-09-08 19:28:00,2026-09-08 19:30:00,,0.0,2026-09-08 19:24:00,2026-09-08 19:27:00,,,,,Музафаров А. С.,Ютэйр,Выдача до 30 минут
2026-09-08,ФВ 6179 ,СУ9,САНКТ-ПЕТЕРБУРГ(ПУЛКОВО),9,Y(А04),19:12,73,2026-09-08 19:21:00,2026-09-08 19:21:00,,2026-09-08 19:24:00,2026-09-08 19:27:00,2026-09-08 19:24:00,2026-09-08 19:27:00,2026-09-08 19:25:00,2.0,3.0,2026-09-08 19:30:00,2026-09-08 19:31:00,,0.0,2026-09-08 19:27:00,2026-09-08 19:30:00,,,,,Хушвактов П. З.,Россия,Выдача до 30 минут
2026-09-08,AZO 7054 ,СУ9,БАТУМИ,28,Y(А11),19:15,778,2026-09-08 19:25:00,2026-09-08 19:28:00,,2026-09-08 19:31:00,2026-09-08 19:38:00,2026-09-08 19:31:00,2026-09-08 19:38:00,2026-09-08 19:34:00,4.0,2.0,2026-09-08 19:43:00,2026-09-08 19:45:00,,0.0,2026-09-08 19:40:00,2026-09-08 19:43:00,,,,,Дубинский В. Д.,GEORGIAN AIRWAYS,Выдача до 30 минут
2026-09-08,ХИ 9627 ,32Н,ФЕРГАНА(ФЕРГАНА ИНТЛ.),25,Y(А10),19:19,1765,2026-09-08 19:30:00,2026-09-08 19:33:00,,2026-09-08 19:34:00,2026-09-08 19:50:00,2026-09-08 19:34:00,2026-09-08 19:50:00,2026-09-08 19:46:00,4.0,4.0,2026-09-08 19:44:00,2026-09-08 19:55:00,,0.0,2026-09-08 19:51:00,2026-09-08 19:54:00,2026-09-08 19:40:00,2026-09-08 19:44:00,,,Рябчевский В. О.,UZBEKISTAN AIRWAYS,Выдача до 30 минут
2026-09-08,УР 512 ,75В,БОДРУМ(МИЛАС),18,Y(А13),19:22,997,2026-09-08 19:29:00,2026-09-08 19:32:00,,2026-09-08 19:36:00,2026-09-08 19:40:00,2026-09-08 19:36:00,2026-09-08 19:40:00,2026-09-08 19:40:00,,,2026-09-08 19:48:00,2026-09-08 19:52:00,,0.0,2026-09-08 19:42:00,2026-09-08 19:48:00,,,,,Черкас В. А.,FLYONE Armenia,Выдача до 30 минут
2026-09-08,ЮТ 296 ,73Х,СУРГУТ,14,Y(А08),19:25,481,2026-09-08 19:36:00,2026-09-08 19:38:00,,2026-09-08 19:40:00,2026-09-08 19:44:00,2026-09-08 19:40:00,2026-09-08 19:44:00,2026-09-08 19:43:00,1.0,1.0,2026-09-08 19:49:00,2026-09-08 19:50:00,,0.0,2026-09-08 19:44:00,2026-09-08 19:49:00,,,,,Попов А. И.,Ютэйр,Выдача до 30 минут
2026-09-08,ГЗП 252 ,СУ9,ЯМБУРГ,Б37,Y(А05),19:32,447,2026-09-08 19:41:00,2026-09-08 19:41:00,,2026-09-08 19:44:00,2026-09-08 19:48:00,2026-09-08 19:44:00,2026-09-08 19:48:00,2026-09-08 19:48:00,,1.0,2026-09-08 20:04:00,2026-09-08 20:05:00,,0.0,2026-09-08 19:49:00,2026-09-08 20:05:00,,,,,Федоров Н. В.,Газпром авиа,Выдача до 30 минут
2026-09-08,ХИ 9621 ,32Н,АНДИЖАН,24,Y(А10),19:35,1614,2026-09-08 19:45:00,2026-09-08 19:49:00,1.0,2026-09-08 19:49:00,2026-09-08 19:57:00,2026-09-08 19:49:00,2026-09-08 19:57:00,2026-09-08 20:00:00,,,2026-09-08 19:58:00,2026-09-08 20:02:00,,0.0,2026-09-08 19:53:00,2026-09-08 19:58:00,2026-09-08 19:58:00,2026-09-08 20:02:00,,,"Киричек А. А., Шарипов Д. А.",UZBEKISTAN AIRWAYS,Выдача до 30 минут
2026-09-08,ЮТ 810 ,73Х,САМАРКАНД(САМАРКАНД ИНТЛ.),16,Y(А12),19:40,1024,2026-09-08 19:48:00,2026-09-08 19:50:00,,2026-09-08 19:51:00,2026-09-08 20:01:00,2026-09-08 19:51:00,2026-09-08 20:01:00,2026-09-08 19:59:00,2.0,3.0,2026-09-08 20:06:00,2026-09-08 20:10:00,,0.0,2026-09-08 20:02:00,2026-09-08 20:06:00,,,,,Тано Б. А.,Ютэйр,Выдача до 30 минут
2026-09-08,ДР 158 ,73Х,КРАСНОДАР(ПАШКОВСКИЙ),50,Y(А05),19:47,454,2026-09-08 19:56:00,2026-09-08 19:56:00,,2026-09-08 19:58:00,2026-09-08 20:05:00,2026-09-08 19:58:00,2026-09-08 20:05:00,2026-09-08 20:03:00,2.0,4.0,2026-09-08 20:13:00,2026-09-08 20:17:00,,0.0,2026-09-08 20:07:00,2026-09-08 20:13:00,,,,,Сыргаков Б. А.,Победа,Выдача до 30 минут
2026-09-08,ХИ 613 ,320,ТАШКЕНТ(ТАШКЕНТ ИНТЛ.),23,Y(А09),19:51,1885,2026-09-08 20:03:00,2026-09-08 20:05:00,,2026-09-08 20:09:00,2026-09-08 20:23:00,2026-09-08 20:09:00,2026-09-08 20:23:00,2026-09-08 20:20:00,3.0,1.0,2026-09-08 20:19:00,2026-09-08 20:32:00,,0.0,2026-09-08 20:16:00,2026-09-08 20:32:00,2026-09-08 20:16:00,2026-09-08 20:19:00,,,Музафаров А. С.,UZBEKISTAN AIRWAYS,Выдача до 30 минут
2026-09-08,PBD 860 ,73Х,АНТАЛЬЯ,44,Y(А11),19:54,1438,2026-09-08 20:03:00,2026-09-08 20:07:00,1.0,2026-09-08 20:09:00,2026-09-08 20:19:00,2026-09-08 20:09:00,2026-09-08 20:19:00,2026-09-08 20:17:00,2.0,,2026-09-08 20:20:00,2026-09-08 20:26:00,,0.0,2026-09-08 20:15:00,2026-09-08 20:20:00,2026-09-08 20:15:00,2026-09-08 20:26:00,,,Юрков С.,Победа,Выдача до 30 минут
2026-09-08,ХИ 9619 ,32Н,НАМАНГАН,22,Y(А10),19:58,1581,2026-09-08 20:09:00,2026-09-08 20:11:00,,2026-09-08 20:12:00,2026-09-08 20:24:00,2026-09-08 20:12:00,2026-09-08 20:24:00,2026-09-08 20:24:00,,1.0,2026-09-08 20:21:00,2026-09-08 20:29:00,,0.0,2026-09-08 20:17:00,2026-09-08 20:21:00,2026-09-08 20:25:00,2026-09-08 20:29:00,,,Черкас В. А.,UZBEKISTAN AIRWAYS,Выдача до 30 минут
2026-09-08,ДР 206 ,7С8,САНКТ-ПЕТЕРБУРГ(ПУЛКОВО),51,Y(А06),20:07,249,2026-09-08 20:15:00,2026-09-08 20:17:00,,2026-09-08 20:18:00,2026-09-08 20:21:00,2026-09-08 20:18:00,2026-09-08 20:21:00,2026-09-08 20:21:00,,1.0,2026-09-08 20:29:00,2026-09-08 20:30:00,,0.0,2026-09-08 20:22:00,2026-09-08 20:29:00,,,,,Дубинский В. Д.,Победа,Выдача до 30 минут
2026-09-08,ФВ 6181 ,СУ9,САНКТ-ПЕТЕРБУРГ(ПУЛКОВО),8,Y(А04),20:17,100,2026-09-08 20:29:00,2026-09-08 20:30:00,,2026-09-08 20:30:00,2026-09-08 20:33:00,2026-09-08 20:30:00,2026-09-08 20:33:00,2026-09-08 20:34:00,,2.0,2026-09-08 20:35:00,2026-09-08 20:36:00,,0.0,2026-09-08 20:33:00,2026-09-08 20:35:00,,,,,Федоров Н. В.,Россия,Выдача до 30 минут
2026-09-08,ДР 964 ,73Х,ДАЛАМАН,47,Y(А12),20:30,1272,2026-09-08 20:40:00,2026-09-08 20:40:00,,2026-09-08 20:43:00,2026-09-08 20:52:00,2026-09-08 20:43:00,2026-09-08 20:52:00,2026-09-08 20:52:00,,1.0,2026-09-08 20:56:00,2026-09-08 21:03:00,,0.0,2026-09-08 20:50:00,2026-09-08 20:56:00,2026-09-08 20:54:00,2026-09-08 21:00:00,,,Демчук Д. П.,Победа,Выдача до 30 минут
2026-09-08,DV 815 ,7М8,АЛМАТЫ(АЛМАТЫ ИНТЛ.),21,Y(А13),20:37,1264,2026-09-08 20:47:00,2026-09-08 20:51:00,1.0,2026-09-08 20:49:00,2026-09-08 20:57:00,2026-09-08 20:50:00,2026-09-08 20:57:00,2026-09-08 20:59:00,,,2026-09-08 21:00:00,2026-09-08 21:03:00,,0.0,2026-09-08 20:54:00,2026-09-08 21:00:00,2026-09-08 20:58:00,2026-09-08 21:03:00,,,"Сыргаков Б. А., Юрков С.",SCAT Airlines,Выдача до 30 минут
2026-09-08,PBD 840 ,73Х,АНТАЛЬЯ,43,Y(А13),18:56,1402,2026-09-08 19:05:00,2026-09-08 19:04:00,-1.0,2026-09-08 19:07:00,2026-09-08 19:16:00,2026-09-08 19:07:00,2026-09-08 19:16:00,2026-09-08 19:18:00,,,2026-09-08 19:19:00,2026-09-08 19:35:00,,0.0,2026-09-08 19:12:00,2026-09-08 19:19:00,2026-09-08 19:26:00,2026-09-08 19:34:00,,,Фозылов Б. З.,Победа,Выдача до 30 минут
2026-09-08,TK 3070 ,32Б,АНТАЛЬЯ,20,Y(А10),11:57,1954,2026-09-08 12:05:00,2026-09-08 12:07:00,,2026-09-08 12:09:00,2026-09-08 12:16:00,2026-09-08 12:09:00,2026-09-08 12:16:00,2026-09-08 12:22:00,,,2026-09-08 12:24:00,2026-09-08 12:25:00,,0.0,2026-09-08 12:03:00,2026-09-08 12:31:00,,,,,Фаёзов А. Р.,Turkish Airlines,Выдача до 30 минут
2026-09-08,ФВ 6189 ,СУ9,САНКТ-ПЕТЕРБУРГ(ПУЛКОВО),8,Y(А04),23:35,159,2026-09-08 23:47:00,2026-09-08 23:47:00,,2026-09-08 23:48:00,2026-09-08 23:50:00,2026-09-08 23:48:00,2026-09-08 23:50:00,2026-09-08 23:52:00,,1.0,2026-09-08 23:53:00,2026-09-08 23:55:00,,0.0,2026-09-08 23:51:00,2026-09-08 23:57:00,,,,,Пельгуев Д.,Россия,Выдача до 30 минут
2026-09-08,ЖГ 936 ,73Х,ТБИЛИСИ(ТБИЛИСИ ИНТЛ.),30,Y(А12),11:36,1297,2026-09-08 11:44:00,2026-09-08 11:46:00,,2026-09-08 11:46:00,2026-09-08 11:53:00,2026-09-08 11:47:00,2026-09-08 11:53:00,2026-09-08 11:57:00,,,2026-09-08 11:59:00,2026-09-08 12:02:00,,0.0,2026-09-08 11:54:00,2026-09-08 11:55:00,,,,,"Соболь М. Ф., Фозылов Б. З.",GEORGIAN AIRWAYS,Выдача до 30 минут
2026-09-08,3F 323 ,320,ЕРЕВАН(ЗВАРТНОЦ ИНТЛ),25,Y(А13),01:41,1079,2026-09-08 01:54:00,2026-09-08 01:56:00,,2026-09-08 01:59:00,2026-09-08 02:06:00,2026-09-08 01:59:00,2026-09-08 02:06:00,2026-09-08 02:05:00,1.0,,2026-09-08 02:13:00,2026-09-08 02:14:00,,0.0,2026-09-08 02:08:00,2026-09-08 02:14:00,,,,,"Семиченков С. А., Тришкин А. В.",FLYONE Armenia,Выдача до 30 минут
2026-09-08,TK 3154 ,32Б,БОДРУМ(МИЛАС),20,Y(А10),01:51,2359,2026-09-08 02:01:00,2026-09-08 02:07:00,3.0,2026-09-08 02:07:00,2026-09-08 02:20:00,2026-09-08 02:07:00,2026-09-08 02:20:00,2026-09-08 02:21:00,,,2026-09-08 02:21:00,2026-09-08 02:29:00,,0.0,2026-09-08 02:20:00,2026-09-08 02:24:00,,,,,Фанин Н. О.,Turkish Airlines,Выдача до 30 минут
2026-09-08,ЮТ 1376 ,735,СЫКТЫВКАР,15,Y(А04),01:56,77,2026-09-08 02:08:00,2026-09-08 02:09:00,,2026-09-08 02:12:00,2026-09-08 02:14:00,2026-09-08 02:12:00,2026-09-08 02:14:00,2026-09-08 02:13:00,1.0,1.0,2026-09-08 02:17:00,2026-09-08 02:18:00,,0.0,2026-09-08 02:14:00,2026-09-08 02:17:00,,,,,Дубинский В. Д.,Ютэйр,Выдача до 30 минут
2026-09-08,TK 3006 ,321,АНТАЛЬЯ,24,Y(А10),02:28,2188,2026-09-08 02:47:00,2026-09-08 02:52:00,2.0,2026-09-08 02:51:00,2026-09-08 03:06:00,2026-09-08 02:51:00,2026-09-08 03:06:00,2026-09-08 03:06:00,,,2026-09-08 03:05:00,2026-09-08 03:10:00,,0.0,2026-09-08 03:04:00,2026-09-08 03:13:00,,,,,Лаптев В. В.,Turkish Airlines,Выдача до 30 минут
2026-09-08,TK 3122 ,321,БОДРУМ(МИЛАС),23,Y(А12),02:33,1323,2026-09-08 02:50:00,2026-09-08 02:50:00,,2026-09-08 02:55:00,2026-09-08 03:04:00,2026-09-08 02:55:00,2026-09-08 03:04:00,2026-09-08 03:03:00,1.0,,2026-09-08 03:04:00,2026-09-08 03:08:00,,0.0,2026-09-08 03:03:00,2026-09-08 03:05:00,,,,,Иванов В. А.,Turkish Airlines,Выдача до 30 минут
2026-09-08,ЮВ 204 ,ЦР2,ТОБОЛЬСК(РЕМЕЗОВ),45,Y(А04),02:53,256,2026-09-08 03:01:00,2026-09-08 03:01:00,,2026-09-08 03:04:00,2026-09-08 03:05:00,2026-09-08 03:04:00,2026-09-08 03:05:00,2026-09-08 03:07:00,,,2026-09-08 03:12:00,2026-09-08 03:14:00,,0.0,2026-09-08 03:07:00,2026-09-08 03:13:00,,,,,Тришкин А. В.,ЮВТ АЭРО,Выдача до 30 минут
2026-09-08,PC 386 ,32Щ,СТАМБУЛ(САБИХА ГОКЦЕН),22,Y(А09),02:58,2483,2026-09-08 03:08:00,2026-09-08 03:10:00,,2026-09-08 03:11:00,2026-09-08 03:27:00,2026-09-08 03:12:00,2026-09-08 03:27:00,2026-09-08 03:29:00,,,2026-09-08 03:23:00,2026-09-08 03:30:00,,0.0,2026-09-08 03:18:00,2026-09-08 03:24:00,2026-09-08 03:26:00,2026-09-08 03:29:00,,,"Соколов И. С., Харитонов И. А.",Pegasus,Выдача до 30 минут
2026-09-08,FZ 975 ,7М8,ДУБАЙ(ДУБАЙ ИНТЛ.),21,Y(А09),01:37,1057,2026-09-08 01:48:00,2026-09-08 01:49:00,,2026-09-08 01:49:00,2026-09-08 01:57:00,2026-09-08 01:49:00,2026-09-08 01:57:00,2026-09-08 01:59:00,,1.0,2026-09-08 02:06:00,2026-09-08 02:07:00,,0.0,2026-09-08 01:59:00,2026-09-08 02:06:00,,,,,Соколов И. С.,flydubai,Выдача до 30 минут
2026-09-08,NE 642 ,320,ШАРМ ЭЛЬ ШЕЙХ(ШАРМ ЭЛЬ ШЕЙХ ИНТЛ.),26,Y(А10),03:19,1897,2026-09-08 03:29:00,2026-09-08 03:32:00,,2026-09-08 03:38:00,2026-09-08 03:53:00,2026-09-08 03:38:00,2026-09-08 03:53:00,2026-09-08 03:46:00,7.0,2.0,2026-09-08 03:49:00,2026-09-08 04:00:00,,1.0,2026-09-08 03:46:00,2026-09-08 03:48:00,2026-09-08 03:54:00,2026-09-08 03:58:00,,,Семиченков С. А.,Nesma Airlines,Выдача от 30 до 40 минут
2026-09-08,VF 587 ,73Х,АНКАРА(ЕСЕНБОГА),25,Y(А09),04:03,2555,2026-09-08 04:18:00,2026-09-08 04:20:00,,2026-09-08 04:21:00,2026-09-08 04:34:00,2026-09-08 04:24:00,2026-09-08 04:34:00,2026-09-08 04:39:00,,,2026-09-08 04:33:00,2026-09-08 04:40:00,,0.0,2026-09-08 04:29:00,2026-09-08 04:33:00,2026-09-08 04:36:00,2026-09-08 04:39:00,,,"Коляскин А. Г., Ушаков П. А.",AJET,Выдача до 30 минут
2026-09-08,PC 1456 ,32Щ,БОДРУМ(МИЛАС),22,Y(А12),04:25,2290,2026-09-08 04:36:00,2026-09-08 04:38:00,,2026-09-08 04:41:00,2026-09-08 05:08:00,2026-09-08 04:51:00,2026-09-08 05:08:00,2026-09-08 04:55:00,13.0,2.0,2026-09-08 04:51:00,2026-09-08 05:09:00,,3.0,2026-09-08 04:47:00,2026-09-08 04:51:00,2026-09-08 05:06:00,2026-09-08 05:09:00,,,"Вазиров Т. В., Дубинский В. Д.",Pegasus,Выдача от 30 до 40 минут
2026-09-08,VF 277 ,73Х,СТАМБУЛ(САБИХА ГОКЦЕН),24,Y(А09),04:30,2266,2026-09-08 04:42:00,2026-09-08 04:46:00,1.0,2026-09-08 04:45:00,2026-09-08 04:56:00,2026-09-08 04:46:00,2026-09-08 04:56:00,2026-09-08 05:01:00,,,2026-09-08 04:56:00,2026-09-08 05:03:00,,0.0,2026-09-08 04:59:00,2026-09-08 05:06:00,2026-09-08 04:53:00,2026-09-08 04:56:00,,,"Мурсалиев С. Р., Фанин Н. О.",AJET,Выдача до 30 минут
2026-09-08,TK 419 ,332,СТАМБУЛ(СТАМБУЛ НЬЮ),23,Y(А10),04:44,4477,2026-09-08 04:54:00,2026-09-08 04:55:00,,2026-09-08 05:02:00,2026-09-08 05:09:00,2026-09-08 05:03:00,2026-09-08 05:09:00,2026-09-08 05:28:00,,,2026-09-08 05:11:00,2026-09-08 05:15:00,,0.0,2026-09-08 05:03:00,2026-09-08 05:21:00,2026-09-08 05:04:00,2026-09-08 05:32:00,,,"Семиченков С. А., Тихонов С. М.",Turkish Airlines,Выдача до 30 минут
2026-09-08,ДР 998 ,73Х,САМАРКАНД(САМАРКАНД ИНТЛ.),48,Y(А11),04:50,291,2026-09-08 05:00:00,2026-09-08 05:03:00,,2026-09-08 05:03:00,2026-09-08 05:06:00,2026-09-08 05:03:00,2026-09-08 05:06:00,2026-09-08 05:06:00,,1.0,2026-09-08 05:12:00,2026-09-08 05:15:00,,0.0,2026-09-08 05:06:00,2026-09-08 05:11:00,,,,,Тришкин А. В.,Победа,Выдача до 30 минут
2026-09-08,ДР 730 ,7С8,ФЕРГАНА(ФЕРГАНА ИНТЛ.),49,Y(А11),04:57,221,2026-09-08 05:04:00,2026-09-08 05:05:00,,2026-09-08 05:09:00,2026-09-08 05:12:00,2026-09-08 05:09:00,2026-09-08 05:12:00,2026-09-08 05:09:00,3.0,2.0,2026-09-08 05:20:00,2026-09-08 05:22:00,,0.0,2026-09-08 05:12:00,2026-09-08 05:20:00,,,,,Лаптев В. В.,Победа,Выдача до 30 минут
2026-09-08,J2 809A,763,БАКУ(ИМ. ГЕЙДАРА АЛИЕВА),19,Y(А09),05:03,3138,2026-09-08 05:16:00,2026-09-08 05:18:00,,2026-09-08 05:24:00,2026-09-08 05:31:00,2026-09-08 05:24:00,2026-09-08 05:31:00,2026-09-08 05:41:00,,,2026-09-08 05:35:00,2026-09-08 05:39:00,,0.0,2026-09-08 05:24:00,2026-09-08 05:35:00,2026-09-08 05:10:00,2026-09-08 05:37:00,,,Никишин А. В.,AZAL,Выдача до 30 минут
2026-09-08,FZ 967 ,7М8,ДУБАЙ(ДУБАЙ ИНТЛ.),29,Y(А11),03:27,1104,2026-09-08 03:40:00,2026-09-08 03:40:00,,2026-09-08 03:39:00,2026-09-08 03:49:00,2026-09-08 03:40:00,2026-09-08 03:49:00,2026-09-08 03:51:00,,2.0,2026-09-08 03:55:00,2026-09-08 03:56:00,,0.0,2026-09-08 03:52:00,2026-09-08 03:57:00,,,,,"Аганин А. А., Мурсалиев С. Р.",flydubai,Выдача до 30 минут
2026-09-08,PC 390 ,32Щ,СТАМБУЛ(САБИХА ГОКЦЕН),20,Y(А12),05:08,2048,2026-09-08 05:19:00,2026-09-08 05:20:00,,2026-09-08 05:23:00,2026-09-08 05:35:00,2026-09-08 05:23:00,2026-09-08 05:35:00,2026-09-08 05:37:00,,,2026-09-08 05:34:00,2026-09-08 05:43:00,,0.0,2026-09-08 05:29:00,2026-09-08 05:34:00,2026-09-08 05:38:00,2026-09-08 06:00:00,,,Соколов И. С.,Pegasus,Выдача до 30 минут
2026-09-08,ЖГ 932 ,73Х,ТБИЛИСИ(ТБИЛИСИ ИНТЛ.),30,Y(А12),01:26,1643,2026-09-08 01:39:00,2026-09-08 01:42:00,,2026-09-08 01:44:00,2026-09-08 02:05:00,2026-09-08 01:44:00,2026-09-08 02:05:00,2026-09-08 01:54:00,11.0,10.0,2026-09-08 01:55:00,2026-09-08 02:11:00,,2.0,2026-09-08 01:53:00,2026-09-08 01:55:00,2026-09-08 01:37:00,2026-09-08 02:11:00,,,Аганин А. А.,GEORGIAN AIRWAYS,Выдача от 30 до 40 минут
2026-09-08,VF 275 ,73Х,СТАМБУЛ(САБИХА ГОКЦЕН),37A,Y(А09),01:13,2334,2026-09-08 01:23:00,2026-09-08 01:26:00,,2026-09-08 01:26:00,2026-09-08 01:43:00,2026-09-08 01:36:00,2026-09-08 01:43:00,2026-09-08 01:43:00,,,2026-09-08 01:43:00,2026-09-08 01:58:00,,5.0,2026-09-08 01:33:00,2026-09-08 01:43:00,2026-09-08 01:48:00,2026-09-08 01:56:00,,,"Омурбек У. Б., Ушаков Г. А.",AJET,Выдача от 30 до 40 минут
2026-09-08,ДР 206 ,7С8,САНКТ-ПЕТЕРБУРГ(ПУЛКОВО),44,Y(А05),00:01,280,2026-09-08 00:09:00,2026-09-08 00:12:00,,2026-09-08 00:13:00,2026-09-08 00:19:00,2026-09-08 00:13:00,2026-09-08 00:19:00,2026-09-08 00:15:00,4.0,4.0,2026-09-08 00:28:00,2026-09-08 00:30:00,,0.0,2026-09-08 00:25:00,2026-09-08 00:28:00,,,,,Мурсалиев С. Р.,Победа,Выдача до 30 минут
2026-09-08,ЮТ 398G,734,ГЕЛЕНДЖИК,12,Y(А06),00:08,888,2026-09-08 00:16:00,2026-09-08 00:21:00,2.0,2026-09-08 00:22:00,2026-09-08 00:32:00,2026-09-08 00:22:00,2026-09-08 00:32:00,2026-09-08 00:26:00,6.0,4.0,2026-09-08 00:36:00,2026-09-08 00:38:00,,0.0,2026-09-08 00:35:00,2026-09-08 00:36:00,,,,,Аганин А. А.,Ютэйр,Выдача до 30 минут
2026-09-08,TK 413 ,333,СТАМБУЛ(СТАМБУЛ НЬЮ),23,Y(А09),11:53,4265,2026-09-08 12:04:00,2026-09-08 12:08:00,1.0,2026-09-08 12:10:00,2026-09-08 12:24:00,2026-09-08 12:12:00,2026-09-08 12:24:00,2026-09-08 12:36:00,,,2026-09-08 12:31:00,2026-09-08 12:37:00,7.0,3.0,2026-09-08 12:12:00,2026-09-08 12:29:00,,,,,"Тано Б. А., Федоров Н. В.",Turkish Airlines,Выдача от 30 до 40 минут
2026-09-08,PC 1576 ,32Щ,АНТАЛЬЯ,36,Y(А12),00:12,2193,2026-09-08 00:23:00,2026-09-08 00:25:00,,2026-09-08 00:27:00,2026-09-08 00:42:00,2026-09-08 00:27:00,2026-09-08 00:42:00,2026-09-08 00:42:00,,,2026-09-08 00:41:00,2026-09-08 00:50:00,,0.0,2026-09-08 00:35:00,2026-09-08 00:42:00,2026-09-08 00:44:00,2026-09-08 00:50:00,,,Ушаков Г. А.,Pegasus,Выдача до 30 минут
2026-09-08,TK 3060 ,32Б,АНТАЛЬЯ,21,Y(А09),00:17,2217,2026-09-08 00:28:00,2026-09-08 00:28:00,,2026-09-08 00:33:00,2026-09-08 00:46:00,2026-09-08 00:33:00,2026-09-08 00:46:00,2026-09-08 00:47:00,,,2026-09-08 00:46:00,2026-09-08 00:52:00,,0.0,2026-09-08 00:31:00,2026-09-08 00:52:00,,,,,Литвин И. С.,Turkish Airlines,Выдача до 30 минут
2026-09-08,TK 217 ,32Б,АНТАЛЬЯ,19,Y(А13),00:19,1886,2026-09-08 00:27:00,2026-09-08 00:28:00,,2026-09-08 00:33:00,2026-09-08 00:41:00,2026-09-08 00:33:00,2026-09-08 00:41:00,2026-09-08 00:44:00,,,2026-09-08 00:51:00,2026-09-08 00:52:00,4.0,0.0,2026-09-08 00:20:00,2026-09-08 00:53:00,,,,,Хушвактов П. З.,Turkish Airlines,Выдача до 30 минут
2026-09-08,TK 3178 ,321,ДАЛАМАН,27,Y(А10),00:27,2323,2026-09-08 00:40:00,2026-09-08 00:42:00,,2026-09-08 00:45:00,2026-09-08 00:59:00,2026-09-08 00:45:00,2026-09-08 00:59:00,2026-09-08 00:59:00,,,2026-09-08 00:54:00,2026-09-08 01:06:00,,0.0,2026-09-08 00:42:00,2026-09-08 01:06:00,,,,,Вазиров Т. В.,Turkish Airlines,Выдача до 30 минут
2026-09-08,ДР 1422 ,73Х,САМАРА(КУРУМОЧ),47,Y(А05),01:20,67,2026-09-08 01:27:00,2026-09-08 01:31:00,1.0,2026-09-08 01:30:00,2026-09-08 01:33:00,2026-09-08 01:30:00,2026-09-08 01:33:00,2026-09-08 01:31:00,2.0,3.0,2026-09-08 01:40:00,2026-09-08 01:41:00,,0.0,2026-09-08 01:33:00,2026-09-08 01:39:00,,,,,Тришкин А. В.,Победа,Выдача до 30 минут
2026-09-08,TK 409 ,321,СТАМБУЛ(СТАМБУЛ НЬЮ),20,Y(А10),00:32,3157,2026-09-08 00:42:00,2026-09-08 00:42:00,,2026-09-08 00:47:00,2026-09-08 01:05:00,2026-09-08 00:47:00,2026-09-08 01:05:00,2026-09-08 01:07:00,,,2026-09-08 01:04:00,2026-09-08 01:14:00,2.0,2.0,2026-09-08 00:41:00,2026-09-08 01:04:00,2026-09-08 00:40:00,2026-09-08 01:13:00,,,Рябчевский В. О.,Turkish Airlines,Выдача от 30 до 40 минут
2026-09-08,TK 3084 ,321,ДАЛАМАН,23,Y(А12),00:43,2230,2026-09-08 00:55:00,2026-09-08 00:57:00,,2026-09-08 00:58:00,2026-09-08 01:15:00,2026-09-08 00:58:00,2026-09-08 01:15:00,2026-09-08 01:14:00,1.0,2.0,2026-09-08 01:08:00,2026-09-08 01:20:00,,0.0,2026-09-08 01:18:00,2026-09-08 01:19:00,,,,,Лаптев В. В.,Turkish Airlines,Выдача до 30 минут
2026-09-08,FZ 965 ,7М8,ДУБАЙ(ДУБАЙ ИНТЛ.),29,Y(А11),00:50,1600,2026-09-08 01:02:00,2026-09-08 01:03:00,,2026-09-08 01:04:00,2026-09-08 01:19:00,2026-09-08 01:04:00,2026-09-08 01:19:00,2026-09-08 01:17:00,2.0,4.0,2026-09-08 01:21:00,2026-09-08 01:28:00,,0.0,2026-09-08 01:19:00,2026-09-08 01:22:00,2026-09-08 01:12:00,2026-09-08 01:30:00,,,Харитонов И. А.,flydubai,Выдача до 30 минут
2026-09-08,TK 3002 ,321,АНТАЛЬЯ,24,Y(А13),00:54,2068,2026-09-08 01:10:00,2026-09-08 01:11:00,,2026-09-08 01:15:00,2026-09-08 01:25:00,2026-09-08 01:15:00,2026-09-08 01:25:00,2026-09-08 01:28:00,,,2026-09-08 01:27:00,2026-09-08 01:34:00,,0.0,2026-09-08 01:00:00,2026-09-08 01:32:00,,,,,Иванов В. А.,Turkish Airlines,Выдача до 30 минут
2026-09-08,TK 3014 ,321,АНТАЛЬЯ,26,Y(А09),00:59,2288,2026-09-08 01:10:00,2026-09-08 01:11:00,,2026-09-08 01:15:00,2026-09-08 01:23:00,2026-09-08 01:15:00,2026-09-08 01:23:00,2026-09-08 01:29:00,,,2026-09-08 01:23:00,2026-09-08 01:28:00,,0.0,2026-09-08 01:19:00,2026-09-08 01:32:00,,,,,Коляскин А. Г.,Turkish Airlines,Выдача до 30 минут
2026-09-08,TK 421 ,333,СТАМБУЛ(СТАМБУЛ НЬЮ),22,Y(А10),01:03,5352,2026-09-08 01:17:00,2026-09-08 01:19:00,,2026-09-08 01:19:00,2026-09-08 01:38:00,2026-09-08 01:23:00,2026-09-08 01:38:00,2026-09-08 01:57:00,,,2026-09-08 01:39:00,2026-09-08 01:46:00,2.0,0.0,2026-09-08 01:19:00,2026-09-08 01:39:00,2026-09-08 01:09:00,2026-09-08 01:46:00,2026-09-08 01:23:00,2026-09-08 01:38:00,"Кейта А. С., Ушаков П. А.",Turkish Airlines,Выдача до 30 минут
2026-09-08,ДР 208 ,73Х,САНКТ-ПЕТЕРБУРГ(ПУЛКОВО),43,Y(А04),01:07,226,2026-09-08 01:16:00,2026-09-08 01:21:00,2.0,2026-09-08 01:19:00,2026-09-08 01:23:00,2026-09-08 01:19:00,2026-09-08 01:23:00,2026-09-08 01:22:00,1.0,2.0,2026-09-08 01:32:00,2026-09-08 01:33:00,,0.0,2026-09-08 01:24:00,2026-09-08 01:30:00,,,,,Мурсалиев С. Р.,Победа,Выдача до 30 минут
2026-09-08,TK 3036 ,321,АНТАЛЬЯ,18,Y(А09),01:10,2596,2026-09-08 01:34:00,2026-09-08 01:37:00,,2026-09-08 01:38:00,2026-09-08 01:47:00,2026-09-08 01:38:00,2026-09-08 01:47:00,2026-09-08 01:55:00,,,2026-09-08 01:48:00,2026-09-08 01:54:00,,0.0,2026-09-08 01:16:00,2026-09-08 01:48:00,2026-09-08 01:27:00,2026-09-08 01:54:00,,,Никишин А. В.,Turkish Airlines,Выдача до 30 минут
2026-09-08,PC 1521 ,32Н,ИЗМИР(АДНАН МЕНДЕРЕС),37,Y(А11),00:39,1760,2026-09-08 00:49:00,2026-09-08 00:52:00,,2026-09-08 00:52:00,2026-09-08 01:10:00,2026-09-08 00:52:00,2026-09-08 01:10:00,2026-09-08 01:05:00,5.0,6.0,2026-09-08 01:05:00,2026-09-08 01:21:00,,2.0,2026-09-08 00:57:00,2026-09-08 01:04:00,2026-09-08 00:52:00,2026-09-08 01:23:00,,,Юрков С.,Pegasus,Выдача от 30 до 40 минут
2026-09-08,ЮТ 786 ,762,ЕРЕВАН(ЗВАРТНОЦ ИНТЛ),21,Y(А13),05:14,2211,2026-09-08 05:25:00,2026-09-08 05:25:00,,2026-09-08 05:30:00,2026-09-08 05:41:00,2026-09-08 05:30:00,2026-09-08 05:41:00,2026-09-08 05:44:00,,,2026-09-08 05:43:00,2026-09-08 05:52:00,,0.0,2026-09-08 05:30:00,2026-09-08 05:54:00,,,,,Тришкин А. В.,Ютэйр,Выдача до 30 минут
2026-09-08,AZO 7008 ,СУ9,ТБИЛИСИ(ТБИЛИСИ ИНТЛ.),28,Y(А11),01:46,1202,2026-09-08 01:57:00,2026-09-08 01:59:00,,2026-09-08 02:02:00,2026-09-08 02:12:00,2026-09-08 02:02:00,2026-09-08 02:12:00,2026-09-08 02:09:00,3.0,2.0,2026-09-08 02:13:00,2026-09-08 02:17:00,,0.0,2026-09-08 02:09:00,2026-09-08 02:12:00,2026-09-08 02:14:00,2026-09-08 02:21:00,,,Мурсалиев С. Р.,GEORGIAN AIRWAYS,Выдача до 30 минут
2026-09-08,NE 602 ,320,ХУРГАДА(ХУРГАДА ИНТЛ.),26,Y(А10),05:36,1858,2026-09-08 05:48:00,2026-09-08 05:51:00,,2026-09-08 05:53:00,2026-09-08 06:10:00,2026-09-08 05:53:00,2026-09-08 06:10:00,2026-09-08 06:04:00,6.0,5.0,2026-09-08 06:02:00,2026-09-08 06:17:00,,0.0,2026-09-08 05:54:00,2026-09-08 06:18:00,2026-09-08 05:58:00,2026-09-08 06:02:00,,,Дубинский В. Д.,Nesma Airlines,Выдача до 30 минут
2026-09-08,DV 809 ,738,АЛМАТЫ(АЛМАТЫ ИНТЛ.),18,Y(А13),08:22,1157,2026-09-08 08:32:00,2026-09-08 08:34:00,,2026-09-08 08:32:00,2026-09-08 08:38:00,2026-09-08 08:32:00,2026-09-08 08:38:00,2026-09-08 08:44:00,,,2026-09-08 08:49:00,2026-09-08 08:50:00,,0.0,2026-09-08 08:39:00,2026-09-08 08:46:00,,,,,"Минченко А. И., Рустамов М. А.",SCAT Airlines,Выдача до 30 минут
2026-09-08,ЮТ 356 ,73Х,ГРОЗНЫЙ(СЕВЕРНЫЙ),21,Y(А04),08:31,196,2026-09-08 08:37:00,2026-09-08 08:42:00,2.0,2026-09-08 08:42:00,2026-09-08 08:47:00,2026-09-08 08:42:00,2026-09-08 08:47:00,2026-09-08 08:42:00,5.0,4.0,2026-09-08 08:52:00,2026-09-08 08:53:00,,0.0,2026-09-08 08:52:00,2026-09-08 08:59:00,,,,,Екимов С. С.,Ютэйр,Выдача до 30 минут
2026-09-08,ЮТ 248 ,73Х,СУРГУТ,16,Y(А07),08:35,531,2026-09-08 08:42:00,2026-09-08 08:43:00,,2026-09-08 08:46:00,2026-09-08 08:54:00,2026-09-08 08:46:00,2026-09-08 08:54:00,2026-09-08 08:50:00,4.0,4.0,2026-09-08 09:02:00,2026-09-08 09:03:00,,0.0,2026-09-08 08:57:00,2026-09-08 09:02:00,,,,,Каламбеков У. О.,Ютэйр,Выдача до 30 минут
2026-09-08,ЮТ 572 ,73Х,КРАСНОЯРСК,13,Y(А05),08:39,884,2026-09-08 08:48:00,2026-09-08 08:49:00,,2026-09-08 09:05:00,2026-09-08 09:14:00,2026-09-08 09:05:00,2026-09-08 09:14:00,2026-09-08 08:58:00,16.0,3.0,2026-09-08 09:17:00,2026-09-08 09:21:00,9.0,3.0,2026-09-08 09:11:00,2026-09-08 09:17:00,,,,,Баташан В. Ю.,Ютэйр,Выдача от 30 до 40 минут
2026-09-08,ЯК 479 ,73В,ЯКУТСК,14,Y(А06),08:43,1622,2026-09-08 08:49:00,2026-09-08 08:50:00,,2026-09-08 08:51:00,2026-09-08 09:03:00,2026-09-08 08:51:00,2026-09-08 09:03:00,2026-09-08 09:01:00,2.0,4.0,2026-09-08 09:05:00,2026-09-08 09:23:00,,4.0,2026-09-08 09:18:00,2026-09-08 09:23:00,,,,,Тано Б. А.,Якутия,Выдача от 30 до 40 минут
2026-09-08,ЮТ 560 ,73Х,МАХАЧКАЛА,11,Y(А06),08:49,759,2026-09-08 08:58:00,2026-09-08 09:00:00,,2026-09-08 09:01:00,2026-09-08 09:10:00,2026-09-08 09:01:00,2026-09-08 09:10:00,2026-09-08 09:07:00,3.0,4.0,2026-09-08 09:13:00,2026-09-08 09:15:00,,0.0,2026-09-08 09:11:00,2026-09-08 09:13:00,,,,,Фозылов Б. З.,Ютэйр,Выдача до 30 минут
2026-09-08,ЮТ 352 ,735,ХАНТЫ-МАНСИЙСК,17,Y(А07),08:52,243,2026-09-08 08:59:00,2026-09-08 08:59:00,,2026-09-08 09:04:00,2026-09-08 09:07:00,2026-09-08 09:04:00,2026-09-08 09:07:00,2026-09-08 09:05:00,2.0,1.0,2026-09-08 09:12:00,2026-09-08 09:15:00,,0.0,2026-09-08 09:07:00,2026-09-08 09:12:00,,,,,Давлатов Б. Ч.,Ютэйр,Выдача до 30 минут
2026-09-08,3F 321 ,321,ЕРЕВАН(ЗВАРТНОЦ ИНТЛ),27,Y(А13),09:12,1290,2026-09-08 09:22:00,2026-09-08 09:22:00,,2026-09-08 09:25:00,2026-09-08 09:32:00,2026-09-08 09:25:00,2026-09-08 09:32:00,2026-09-08 09:35:00,,,2026-09-08 09:36:00,2026-09-08 09:38:00,,0.0,2026-09-08 09:41:00,2026-09-08 09:45:00,2026-09-08 09:33:00,2026-09-08 09:37:00,,,"Чеканов В. А., Шамсов Б. С.",FLYONE Armenia,Выдача до 30 минут
2026-09-08,ВГ 2390 ,ЯК4,ВОЛОГДА,45,0,09:19,0,2026-09-08 09:25:00,2026-09-08 09:25:00,,2026-09-08 09:22:00,2026-09-08 09:37:00,2026-09-08 09:22:00,2026-09-08 09:37:00,,,15.0,,-1,,0.0,,,,,,,Кутейников А. В.,Вологодское АП,Не определено
2026-09-08,ФВ 6003 ,СУ9,САНКТ-ПЕТЕРБУРГ(ПУЛКОВО),9,Y(А04),09:24,14,2026-09-08 09:33:00,2026-09-08 09:36:00,,2026-09-08 09:35:00,2026-09-08 09:36:00,2026-09-08 09:35:00,2026-09-08 09:36:00,2026-09-08 09:37:00,,1.0,2026-09-08 09:39:00,2026-09-08 09:40:00,,0.0,2026-09-08 09:36:00,2026-09-08 09:38:00,,,,,Каламбеков У. О.,Россия,Выдача до 30 минут
2026-09-08,ЮТ 400 ,73Х,ГРОЗНЫЙ(СЕВЕРНЫЙ),12,Y(А05),09:29,590,2026-09-08 09:42:00,2026-09-08 09:43:00,,2026-09-08 09:48:00,2026-09-08 09:54:00,2026-09-08 09:48:00,2026-09-08 09:54:00,2026-09-08 09:50:00,4.0,2.0,2026-09-08 09:59:00,2026-09-08 10:00:00,,0.0,2026-09-08 09:56:00,2026-09-08 09:59:00,,,,,Ушаков М. В.,Ютэйр,Выдача до 30 минут
2026-09-08,ФВ 6005 ,СУ9,САНКТ-ПЕТЕРБУРГ(ПУЛКОВО),8,Y(А04),10:09,169,2026-09-08 10:24:00,2026-09-08 10:24:00,,2026-09-08 10:29:00,2026-09-08 10:32:00,2026-09-08 10:29:00,2026-09-08 10:32:00,2026-09-08 10:29:00,3.0,2.0,2026-09-08 10:37:00,2026-09-08 10:44:00,,0.0,2026-09-08 10:33:00,2026-09-08 10:36:00,,,,,Гафуров О. Ф.,Россия,Выдача до 30 минут
2026-09-08,DV 801 ,7М8,ШЫМКЕНТ(ШЫМКЕНТ ИНТЛ.),20,Y(А13),10:22,1159,2026-09-08 10:42:00,2026-09-08 10:43:00,,2026-09-08 10:44:00,2026-09-08 10:56:00,2026-09-08 10:44:00,2026-09-08 10:56:00,2026-09-08 10:54:00,2.0,4.0,2026-09-08 11:02:00,2026-09-08 11:05:00,,0.0,2026-09-08 10:56:00,2026-09-08 11:03:00,,,,,Кутейников А. В.,SCAT Airlines,Выдача до 30 минут
2026-09-08,TC 422 ,788,ДАР-ЭС-САЛАМ(ДЖ. НИЕРЕРЕ ИНТЛ),22,Y(А10),10:58,3564,2026-09-08 11:08:00,2026-09-08 11:13:00,2.0,2026-09-08 11:12:00,2026-09-08 11:29:00,2026-09-08 11:12:00,2026-09-08 11:29:00,2026-09-08 11:36:00,,,2026-09-08 11:32:00,2026-09-08 11:36:00,4.0,0.0,2026-09-08 11:20:00,2026-09-08 11:35:00,2026-09-08 11:32:00,2026-09-08 11:41:00,,,Чеканов В. А.,Не найдено,Выдача до 30 минут
2026-09-08,ДР 734 ,7С8,ТЕРМЕЗ,46,Y(А11),11:03,634,2026-09-08 11:11:00,2026-09-08 11:13:00,,2026-09-08 11:15:00,2026-09-08 11:21:00,2026-09-08 11:15:00,2026-09-08 11:21:00,2026-09-08 11:19:00,2.0,2.0,2026-09-08 11:29:00,2026-09-08 11:30:00,,0.0,2026-09-08 11:22:00,2026-09-08 11:30:00,,,,,Шамсов Б. С.,Победа,Выдача до 30 минут
2026-09-08,ДР 408 ,73Х,ЕКАТЕРИНБУРГ(КОЛЬЦОВО),46,Y(А04),05:27,228,2026-09-08 05:32:00,2026-09-08 05:35:00,,2026-09-08 05:36:00,2026-09-08 05:39:00,2026-09-08 05:36:00,2026-09-08 05:39:00,2026-09-08 05:38:00,1.0,1.0,2026-09-08 05:46:00,2026-09-08 05:47:00,,0.0,2026-09-08 05:40:00,2026-09-08 05:46:00,,,,,Ушаков П. А.,Победа,Выдача до 30 минут
2026-09-08,УР 412 ,763,ДАЛАМАН,18,Y(А10),11:32,2108,2026-09-08 11:40:00,2026-09-08 11:43:00,,2026-09-08 11:44:00,2026-09-08 12:04:00,2026-09-08 11:44:00,2026-09-08 12:04:00,2026-09-08 11:58:00,6.0,6.0,2026-09-08 12:05:00,2026-09-08 12:13:00,5.0,3.0,2026-09-08 11:44:00,2026-09-08 12:13:00,,,,,Скулов Е. С.,FLYONE Armenia,Выдача от 30 до 40 минут
2026-09-08,ФВ 6051 ,СУ9,САНКТ-ПЕТЕРБУРГ(ПУЛКОВО),8,Y(А04),08:19,114,2026-09-08 08:29:00,2026-09-08 08:30:00,,2026-09-08 08:36:00,2026-09-08 08:37:00,2026-09-08 08:36:00,2026-09-08 08:37:00,2026-09-08 08:34:00,3.0,,2026-09-08 08:40:00,2026-09-08 08:41:00,,0.0,2026-09-08 08:38:00,2026-09-08 08:40:00,,,,,Фозылов Б. З.,Россия,Выдача до 30 минут
2026-09-08,ЮТ 364 ,734,УФА,10,Y(А05),08:14,502,2026-09-08 08:22:00,2026-09-08 08:22:00,,2026-09-08 08:25:00,2026-09-08 08:30:00,2026-09-08 08:25:00,2026-09-08 08:30:00,2026-09-08 08:29:00,1.0,2.0,2026-09-08 08:34:00,2026-09-08 08:41:00,,0.0,2026-09-08 08:31:00,2026-09-08 08:33:00,,,,,Пельгуев Д.,Ютэйр,Выдача до 30 минут
2026-09-08,РГ 194 ,ЦР1,ТАМБОВ,57,Y(А04),11:24,119,2026-09-08 11:37:00,2026-09-08 11:37:00,,2026-09-08 11:40:00,2026-09-08 11:43:00,2026-09-08 11:40:00,2026-09-08 11:43:00,2026-09-08 11:42:00,1.0,2.0,2026-09-08 11:44:00,2026-09-08 11:45:00,,0.0,2026-09-08 11:40:00,2026-09-08 11:44:00,,,,,Фаёзов А. Р.,Руслайн,Выдача до 30 минут
2026-09-08,ДР 714 ,73Х,САМАРКАНД(САМАРКАНД ИНТЛ.),49,Y(А11),08:04,419,2026-09-08 08:11:00,2026-09-08 08:14:00,,2026-09-08 08:15:00,2026-09-08 08:19:00,2026-09-08 08:15:00,2026-09-08 08:19:00,2026-09-08 08:18:00,1.0,1.0,2026-09-08 08:28:00,2026-09-08 08:31:00,,0.0,2026-09-08 08:23:00,2026-09-08 08:27:00,,,,,Федоров Н. В.,Победа,Выдача до 30 минут
2026-09-08,ЮТ 454 ,73Х,ТЮМЕНЬ(РОЩИНО),25,Y(А08),08:08,658,2026-09-08 08:16:00,2026-09-08 08:19:00,,2026-09-08 08:21:00,2026-09-08 08:30:00,2026-09-08 08:21:00,2026-09-08 08:30:00,2026-09-08 08:24:00,6.0,5.0,2026-09-08 08:33:00,2026-09-08 08:35:00,,0.0,2026-09-08 08:30:00,2026-09-08 08:36:00,,,,,Лаптев В. В.,Ютэйр,Выдача до 30 минут
2026-09-08,NE 604 ,320,ХУРГАДА(ХУРГАДА ИНТЛ.),27,Y(А09),05:51,1690,2026-09-08 06:02:00,2026-09-08 06:02:00,,2026-09-08 06:05:00,2026-09-08 06:16:00,2026-09-08 06:05:00,2026-09-08 06:16:00,2026-09-08 06:17:00,,,2026-09-08 06:14:00,2026-09-08 06:25:00,,0.0,2026-09-08 06:10:00,2026-09-08 06:14:00,2026-09-08 06:18:00,2026-09-08 06:24:00,,,Коляскин А. Г.,Nesma Airlines,Выдача до 30 минут
2026-09-08,PC 1458 ,32Щ,ДАЛАМАН,25,Y(А09),06:08,2298,2026-09-08 06:19:00,2026-09-08 06:22:00,,2026-09-08 06:22:00,2026-09-08 06:38:00,2026-09-08 06:22:00,2026-09-08 06:38:00,2026-09-08 06:38:00,,1.0,2026-09-08 06:31:00,2026-09-08 06:42:00,,0.0,2026-09-08 06:28:00,2026-09-08 06:31:00,2026-09-08 06:39:00,2026-09-08 06:43:00,,,"Вазиров Т. В., Давлатов Б. Ч.",Pegasus,Выдача до 30 минут
2026-09-08,ДР 434 ,73Х,ПЕРМЬ(БОЛЬШОЕ САВИНО),50,Y(А04),06:16,363,2026-09-08 06:23:00,2026-09-08 06:26:00,,2026-09-08 06:26:00,2026-09-08 06:30:00,2026-09-08 06:26:00,2026-09-08 06:30:00,2026-09-08 06:29:00,1.0,2.0,2026-09-08 06:36:00,2026-09-08 06:37:00,,0.0,2026-09-08 06:31:00,2026-09-08 06:37:00,,,,,Кейта А. С.,Победа,Выдача до 30 минут
2026-09-08,AZO 7072 ,СУ9,КУТАИСИ(КУТАИСИ ИНТЛ.),45,Y(А12),06:25,1210,2026-09-08 06:30:00,2026-09-08 06:33:00,,2026-09-08 06:35:00,2026-09-08 06:45:00,2026-09-08 06:35:00,2026-09-08 06:45:00,2026-09-08 06:42:00,3.0,2.0,2026-09-08 06:45:00,2026-09-08 06:50:00,,0.0,2026-09-08 06:39:00,2026-09-08 06:45:00,2026-09-08 06:46:00,2026-09-08 06:50:00,,,Иванов В. А.,GEORGIAN AIRWAYS,Выдача до 30 минут
2026-09-08,4S 315 ,7С8,ШАРМ ЭЛЬ ШЕЙХ(ШАРМ ЭЛЬ ШЕЙХ ИНТЛ.),20,Y(А09),06:44,2315,2026-09-08 07:04:00,2026-09-08 07:07:00,,2026-09-08 07:06:00,2026-09-08 07:21:00,2026-09-08 07:06:00,2026-09-08 07:21:00,2026-09-08 07:23:00,,,2026-09-08 07:17:00,2026-09-08 07:30:00,,0.0,2026-09-08 07:17:00,2026-09-08 07:18:00,2026-09-08 07:26:00,2026-09-08 07:30:00,,,Семиченков С. А.,Red Sea,Выдача до 30 минут
2026-09-08,ДР 742 ,73Х,ТАШКЕНТ(ТАШКЕНТ ИНТЛ.),51,Y(А11),06:53,359,2026-09-08 07:01:00,2026-09-08 07:04:00,,2026-09-08 07:04:00,2026-09-08 07:08:00,2026-09-08 07:04:00,2026-09-08 07:08:00,2026-09-08 07:07:00,1.0,2.0,2026-09-08 07:14:00,2026-09-08 07:15:00,,0.0,2026-09-08 07:09:00,2026-09-08 07:15:00,,,,,Тихонов С. М.,Победа,Выдача до 30 минут
2026-09-08,ХИ 9607 ,32Н,БУХАРА(БУХАРА ИНТЛ.),24,Y(А09),07:07,1672,2026-09-08 07:20:00,2026-09-08 07:21:00,,2026-09-08 07:23:00,2026-09-08 07:40:00,2026-09-08 07:23:00,2026-09-08 07:40:00,2026-09-08 07:35:00,5.0,6.0,2026-09-08 07:35:00,2026-09-08 07:45:00,,0.0,2026-09-08 07:30:00,2026-09-08 07:35:00,2026-09-08 07:39:00,2026-09-08 07:44:00,,,Лаптев В. В.,UZBEKISTAN AIRWAYS,Выдача до 30 минут
2026-09-08,TK 407 ,333,СТАМБУЛ(СТАМБУЛ НЬЮ),22,Y(А10),05:47,4826,2026-09-08 05:59:00,2026-09-08 06:00:00,,2026-09-08 06:01:00,2026-09-08 06:24:00,2026-09-08 06:01:00,2026-09-08 06:24:00,2026-09-08 06:35:00,,,2026-09-08 06:17:00,2026-09-08 06:23:00,,0.0,2026-09-08 06:01:00,2026-09-08 06:22:00,2026-09-08 06:11:00,2026-09-08 06:53:00,2026-09-08 06:14:00,2026-09-08 06:24:00,"Аганин А. А., Фанин Н. О.",Turkish Airlines,Выдача до 30 минут
2026-09-08,ДР 744 ,73Х,ОШ,47,Y(А13),07:26,618,2026-09-08 07:34:00,2026-09-08 07:37:00,,2026-09-08 07:35:00,2026-09-08 07:40:00,2026-09-08 07:35:00,2026-09-08 07:40:00,2026-09-08 07:42:00,,1.0,2026-09-08 07:46:00,2026-09-08 07:48:00,,0.0,2026-09-08 07:40:00,2026-09-08 07:47:00,,,,,"Екимов С. С., Скулов Е. С.",Победа,Выдача до 30 минут
2026-09-08,AZO 7108 ,СУ9,ТБИЛИСИ(ТБИЛИСИ ИНТЛ.),28,Y(А12),07:39,1098,2026-09-08 07:47:00,2026-09-08 07:49:00,,2026-09-08 07:52:00,2026-09-08 08:05:00,2026-09-08 07:52:00,2026-09-08 08:05:00,2026-09-08 07:58:00,7.0,6.0,2026-09-08 08:11:00,2026-09-08 08:13:00,4.0,0.0,2026-09-08 08:07:00,2026-09-08 08:10:00,,,,,Рустамов М. А.,GEORGIAN AIRWAYS,Выдача до 30 минут
2026-09-08,NE 614 ,320,ХУРГАДА(ХУРГАДА ИНТЛ.),27,Y(А10),07:44,1677,2026-09-08 07:53:00,2026-09-08 07:53:00,,2026-09-08 07:55:00,2026-09-08 08:05:00,2026-09-08 07:55:00,2026-09-08 08:05:00,2026-09-08 08:08:00,,,2026-09-08 08:06:00,2026-09-08 08:18:00,,0.0,2026-09-08 08:02:00,2026-09-08 08:05:00,2026-09-08 08:15:00,2026-09-08 08:18:00,,,Шамсов Б. С.,Nesma Airlines,Выдача до 30 минут
2026-09-08,ХИ 9613 ,32Н,ТАШКЕНТ(ТАШКЕНТ ИНТЛ.),22,Y(А09),07:50,1970,2026-09-08 08:00:00,2026-09-08 08:07:00,4.0,2026-09-08 08:11:00,2026-09-08 08:25:00,2026-09-08 08:11:00,2026-09-08 08:25:00,2026-09-08 08:17:00,8.0,1.0,2026-09-08 08:24:00,2026-09-08 08:38:00,4.0,8.0,2026-09-08 08:20:00,2026-09-08 08:24:00,2026-09-08 08:30:00,2026-09-08 08:34:00,,,Фаёзов А. Р.,UZBEKISTAN AIRWAYS,Выдача от 30 до 40 минут
2026-09-08,NE 406 ,321,ДАБАА(ЭЛЬ АЛАМЕЙН ИНТЛ),26,Y(А10),07:54,1268,2026-09-08 08:23:00,2026-09-08 08:26:00,,2026-09-08 08:26:00,2026-09-08 08:36:00,2026-09-08 08:26:00,2026-09-08 08:36:00,2026-09-08 08:35:00,1.0,2.0,2026-09-08 08:42:00,2026-09-08 08:44:00,,0.0,2026-09-08 08:32:00,2026-09-08 08:36:00,2026-09-08 08:41:00,2026-09-08 08:44:00,,,Михайлов М. С.,Nesma Airlines,Выдача до 30 минут
2026-09-08,ЮТ 808 ,73Х,БУХАРА(БУХАРА ИНТЛ.),19,Y(А11),07:58,752,2026-09-08 08:05:00,2026-09-08 08:09:00,1.0,2026-09-08 08:11:00,2026-09-08 08:19:00,2026-09-08 08:11:00,2026-09-08 08:19:00,2026-09-08 08:14:00,5.0,3.0,2026-09-08 08:28:00,2026-09-08 08:37:00,3.0,2.0,2026-09-08 08:21:00,2026-09-08 08:25:00,,,,,Соболь М. Ф.,Ютэйр,Выдача от 30 до 40 минут
2026-09-08,В2 981 ,Е75,МИНСК(МИНСК ИНТЛ.),29,Y(А13),08:00,53,2026-09-08 08:07:00,2026-09-08 08:07:00,,2026-09-08 08:10:00,2026-09-08 08:11:00,2026-09-08 08:10:00,2026-09-08 08:11:00,2026-09-08 08:11:00,,1.0,2026-09-08 08:14:00,2026-09-08 08:15:00,,0.0,2026-09-08 08:12:00,2026-09-08 08:15:00,,,,,Фанин Н. О.,Белавиа,Выдача до 30 минут
2026-09-08,ХИ 9615 ,32Н,УРГЕНЧ(УРГЕНЧ ИНТЛ.),23,Y(А09),07:13,1469,2026-09-08 07:24:00,2026-09-08 07:25:00,,2026-09-08 07:27:00,2026-09-08 07:39:00,2026-09-08 07:27:00,2026-09-08 07:39:00,2026-09-08 07:38:00,1.0,2.0,2026-09-08 07:35:00,2026-09-08 07:44:00,,0.0,2026-09-08 07:31:00,2026-09-08 07:35:00,2026-09-08 07:41:00,2026-09-08 07:45:00,,,Соболь М. Ф.,UZBEKISTAN AIRWAYS,Выдача до 30 минут
2026-09-09,3F 325 ,320,ЕРЕВАН(ЗВАРТНОЦ ИНТЛ),25,Y(А13),17:26,1316,2026-09-09 17:34:00,2026-09-09 17:37:00,,2026-09-09 17:37:00,2026-09-09 17:45:00,2026-09-09 17:37:00,2026-09-09 17:45:00,2026-09-09 17:47:00,,,2026-09-09 17:48:00,2026-09-09 17:59:00,,0.0,2026-09-09 17:43:00,2026-09-09 17:49:00,2026-09-09 17:56:00,2026-09-09 17:59:00,,,"Баташан В. Ю., Корнилов Н. А.",FLYONE Armenia,Выдача до 30 минут
2026-09-09,ЮТ 596 ,73Е,УСИНСК,10,Y(А05),17:30,411,2026-09-09 17:40:00,2026-09-09 17:40:00,,2026-09-09 17:41:00,2026-09-09 17:46:00,2026-09-09 17:41:00,2026-09-09 17:46:00,2026-09-09 17:47:00,,2.0,2026-09-09 17:53:00,2026-09-09 17:55:00,,0.0,2026-09-09 17:51:00,2026-09-09 17:54:00,,,,,Шамсов Б. С.,Ютэйр,Выдача до 30 минут
2026-09-09,ЮТ 374 ,73Х,МИНЕРАЛЬНЫЕ ВОДЫ,11,Y(А06),17:36,891,2026-09-09 17:45:00,2026-09-09 17:46:00,,2026-09-09 17:47:00,2026-09-09 17:57:00,2026-09-09 17:47:00,2026-09-09 17:57:00,2026-09-09 17:55:00,2.0,4.0,2026-09-09 18:01:00,2026-09-09 18:04:00,,0.0,2026-09-09 17:58:00,2026-09-09 18:00:00,,,,,Фозылов Б. З.,Ютэйр,Выдача до 30 минут
2026-09-09,PBD 980 ,73Х,АНТАЛЬЯ,50,Y(А12),17:45,940,2026-09-09 17:51:00,2026-09-09 17:52:00,,2026-09-09 17:54:00,2026-09-09 18:02:00,2026-09-09 17:54:00,2026-09-09 18:02:00,2026-09-09 18:01:00,1.0,2.0,2026-09-09 18:12:00,2026-09-09 18:15:00,,0.0,2026-09-09 18:08:00,2026-09-09 18:10:00,,,,,Лесной Д. А.,Победа,Выдача до 30 минут
2026-09-09,ДР 836 ,73Х,ГАЗИПАША,47,Y(А11),17:53,1546,2026-09-09 17:58:00,2026-09-09 18:01:00,,2026-09-09 18:02:00,2026-09-09 18:13:00,2026-09-09 18:02:00,2026-09-09 18:13:00,2026-09-09 18:12:00,1.0,1.0,2026-09-09 18:15:00,2026-09-09 18:27:00,,0.0,2026-09-09 18:10:00,2026-09-09 18:15:00,2026-09-09 18:25:00,2026-09-09 18:28:00,,,Екимов С. С.,Победа,Выдача до 30 минут
2026-09-09,AZO 7108 ,СУ9,ТБИЛИСИ(ТБИЛИСИ ИНТЛ.),28,Y(А12),17:59,598,2026-09-09 18:10:00,2026-09-09 18:12:00,,2026-09-09 18:14:00,2026-09-09 18:18:00,2026-09-09 18:14:00,2026-09-09 18:18:00,2026-09-09 18:18:00,,,2026-09-09 18:23:00,2026-09-09 18:25:00,,0.0,2026-09-09 18:20:00,2026-09-09 18:23:00,,,,,Резчиков А. А.,GEORGIAN AIRWAYS,Выдача до 30 минут
2026-09-09,ЮТ 576 ,734,КРАСНОДАР(ПАШКОВСКИЙ),59,Y(А06),18:55,936,2026-09-09 19:06:00,2026-09-09 19:09:00,,2026-09-09 19:09:00,2026-09-09 19:16:00,2026-09-09 19:09:00,2026-09-09 19:16:00,2026-09-09 19:16:00,,1.0,2026-09-09 19:26:00,2026-09-09 19:27:00,,0.0,2026-09-09 19:18:00,2026-09-09 19:26:00,,,,,Бородин А. В.,Ютэйр,Выдача до 30 минут
2026-09-09,ГЗП 262 ,СУ9,ЯМБУРГ,Б36,Y(А05),18:24,423,2026-09-09 18:31:00,2026-09-09 18:31:00,,2026-09-09 18:35:00,2026-09-09 18:39:00,2026-09-09 18:35:00,2026-09-09 18:39:00,2026-09-09 18:38:00,1.0,1.0,2026-09-09 18:57:00,2026-09-09 18:58:00,,0.0,2026-09-09 18:40:00,2026-09-09 18:57:00,,,,,Фаёзов А. Р.,Газпром авиа,Выдача до 30 минут
2026-09-09,ЮТ 802 ,762,ДУШАНБЕ(ДУШАНБЕ ИНТЛ.),19,Y(А09),18:10,1053,2026-09-09 18:17:00,2026-09-09 18:21:00,1.0,2026-09-09 18:25:00,2026-09-09 18:49:00,2026-09-09 18:25:00,2026-09-09 18:49:00,2026-09-09 18:28:00,21.0,17.0,2026-09-09 18:36:00,2026-09-09 18:55:00,,8.0,2026-09-09 18:35:00,2026-09-09 19:01:00,,,,,Ушаков Г. А.,Ютэйр,Выдача от 30 до 40 минут
2026-09-09,TK 415 ,32Б,СТАМБУЛ(СТАМБУЛ НЬЮ),21,Y(А10),18:18,2623,2026-09-09 18:28:00,2026-09-09 18:30:00,,2026-09-09 18:23:00,2026-09-09 18:52:00,2026-09-09 18:23:00,2026-09-09 18:52:00,2026-09-09 18:49:00,3.0,12.0,2026-09-09 18:49:00,2026-09-09 18:59:00,1.0,1.0,2026-09-09 18:18:00,2026-09-09 18:49:00,2026-09-09 18:36:00,2026-09-09 19:03:00,,,Чеканов В. А.,Turkish Airlines,Выдача от 30 до 40 минут
2026-09-09,ЮТ 276 ,734,СОЧИ,14,Y(А06),18:27,979,2026-09-09 18:34:00,2026-09-09 18:35:00,,2026-09-09 18:38:00,2026-09-09 18:46:00,2026-09-09 18:38:00,2026-09-09 18:46:00,2026-09-09 18:45:00,1.0,1.0,2026-09-09 18:52:00,2026-09-09 18:55:00,,0.0,2026-09-09 18:42:00,2026-09-09 18:52:00,,,,,Фозылов Б. З.,Ютэйр,Выдача до 30 минут
2026-09-09,ЮТ 464 ,73Х,ТЮМЕНЬ(РОЩИНО),13,Y(А07),18:35,715,2026-09-09 18:42:00,2026-09-09 18:42:00,,2026-09-09 18:46:00,2026-09-09 18:50:00,2026-09-09 18:46:00,2026-09-09 18:50:00,2026-09-09 18:51:00,,,2026-09-09 18:59:00,2026-09-09 19:01:00,,0.0,2026-09-09 18:54:00,2026-09-09 18:59:00,,,,,Науну М.,Ютэйр,Выдача до 30 минут
2026-09-09,ФВ 6177 ,СУ9,САНКТ-ПЕТЕРБУРГ(ПУЛКОВО),9,Y(А04),18:37,148,2026-09-09 18:45:00,2026-09-09 18:46:00,,2026-09-09 18:38:00,2026-09-09 18:54:00,2026-09-09 18:38:00,2026-09-09 18:54:00,2026-09-09 18:50:00,4.0,15.0,2026-09-09 18:57:00,2026-09-09 18:58:00,,0.0,2026-09-09 18:43:00,2026-09-09 18:57:00,,,,,Ушаков П. А.,Россия,Выдача до 30 минут
2026-09-09,ДР 190 ,73Х,МАХАЧКАЛА,48,Y(А08),18:40,613,2026-09-09 18:46:00,2026-09-09 18:51:00,2.0,2026-09-09 18:48:00,2026-09-09 18:52:00,2026-09-09 18:48:00,2026-09-09 18:52:00,2026-09-09 18:54:00,,,2026-09-09 19:04:00,2026-09-09 19:06:00,,0.0,2026-09-09 18:59:00,2026-09-09 19:04:00,,,,,Шамсов Б. С.,Победа,Выдача до 30 минут
2026-09-09,ЮТ 746 ,73Х,БАКУ(ИМ. ГЕЙДАРА АЛИЕВА),16,Y(А10),17:21,1779,2026-09-09 17:29:00,2026-09-09 17:29:00,,2026-09-09 17:32:00,2026-09-09 17:49:00,2026-09-09 17:32:00,2026-09-09 17:49:00,2026-09-09 17:45:00,4.0,5.0,2026-09-09 17:45:00,2026-09-09 17:59:00,,0.0,2026-09-09 17:49:00,2026-09-09 17:57:00,2026-09-09 17:42:00,2026-09-09 17:45:00,,,Рустамов М. А.,Ютэйр,Выдача до 30 минут
2026-09-09,PBD 840 ,73Х,АНТАЛЬЯ,49,Y(А11),18:04,957,2026-09-09 18:12:00,2026-09-09 18:14:00,,2026-09-09 18:13:00,2026-09-09 18:21:00,2026-09-09 18:13:00,2026-09-09 18:21:00,2026-09-09 18:22:00,,2.0,2026-09-09 18:32:00,2026-09-09 18:35:00,,0.0,2026-09-09 18:20:00,2026-09-09 18:29:00,,,,,Рустамов М. А.,Победа,Выдача до 30 минут
2026-09-09,ФВ 6175 ,СУ9,САНКТ-ПЕТЕРБУРГ(ПУЛКОВО),8,Y(А04),17:17,81,2026-09-09 17:26:00,2026-09-09 17:28:00,,2026-09-09 17:30:00,2026-09-09 17:31:00,2026-09-09 17:30:00,2026-09-09 17:31:00,2026-09-09 17:31:00,,,2026-09-09 17:34:00,2026-09-09 17:35:00,,0.0,2026-09-09 17:32:00,2026-09-09 17:42:00,,,,,Бородин А. В.,Россия,Выдача до 30 минут
2026-09-09,ФВ 6031 ,СУ9,САНКТ-ПЕТЕРБУРГ(ПУЛКОВО),8,Y(А04),14:42,221,2026-09-09 14:54:00,2026-09-09 14:55:00,,2026-09-09 14:53:00,2026-09-09 14:55:00,2026-09-09 14:53:00,2026-09-09 14:55:00,2026-09-09 14:59:00,,1.0,2026-09-09 14:59:00,2026-09-09 15:02:00,,0.0,2026-09-09 15:00:00,2026-09-09 15:03:00,,,,,Давлатов Б. Ч.,Россия,Выдача до 30 минут
2026-09-09,ГЗП 212 ,СУ9,БОВАНЕНКОВО,Б37,Y(А05),16:22,323,2026-09-09 16:30:00,2026-09-09 16:31:00,,2026-09-09 16:33:00,2026-09-09 16:37:00,2026-09-09 16:33:00,2026-09-09 16:37:00,2026-09-09 16:36:00,1.0,2.0,2026-09-09 16:52:00,2026-09-09 16:53:00,,0.0,2026-09-09 16:37:00,2026-09-09 16:52:00,,,,,Фозылов Б. З.,Газпром авиа,Выдача до 30 минут
2026-09-09,ХИ 9627 ,32Н,ФЕРГАНА(ФЕРГАНА ИНТЛ.),24,Y(А13),19:10,1650,2026-09-09 19:18:00,2026-09-09 19:18:00,,2026-09-09 19:21:00,2026-09-09 19:35:00,2026-09-09 19:21:00,2026-09-09 19:35:00,2026-09-09 19:33:00,2.0,3.0,2026-09-09 19:32:00,2026-09-09 19:41:00,,0.0,2026-09-09 19:28:00,2026-09-09 19:32:00,2026-09-09 19:37:00,2026-09-09 19:40:00,,,Соболь М. Ф.,UZBEKISTAN AIRWAYS,Выдача до 30 минут
2026-09-09,ДР 466 ,7С8,УЛЬЯНОВСК(БАРАТАЕВКА),48,Y(А08),13:08,382,2026-09-09 13:15:00,2026-09-09 13:18:00,,2026-09-09 13:19:00,2026-09-09 13:21:00,2026-09-09 13:19:00,2026-09-09 13:21:00,2026-09-09 13:22:00,,,2026-09-09 13:29:00,2026-09-09 13:33:00,,0.0,2026-09-09 13:23:00,2026-09-09 13:29:00,,,,,Чеканов В. А.,Победа,Выдача до 30 минут
2026-09-09,TK 417 ,321,СТАМБУЛ(СТАМБУЛ НЬЮ),23,Y(А10),13:12,2179,2026-09-09 13:26:00,2026-09-09 13:26:00,,2026-09-09 13:30:00,2026-09-09 13:43:00,2026-09-09 13:30:00,2026-09-09 13:43:00,2026-09-09 13:45:00,,,2026-09-09 13:40:00,2026-09-09 13:46:00,,0.0,2026-09-09 13:02:00,2026-09-09 13:49:00,,,,,Аганин А. А.,Turkish Airlines,Выдача до 30 минут
2026-09-09,ФВ 6025 ,СУ9,САНКТ-ПЕТЕРБУРГ(ПУЛКОВО),10,Y(А04),13:19,167,2026-09-09 13:29:00,2026-09-09 13:31:00,,2026-09-09 13:33:00,2026-09-09 13:37:00,2026-09-09 13:33:00,2026-09-09 13:37:00,2026-09-09 13:34:00,3.0,3.0,2026-09-09 13:40:00,2026-09-09 13:42:00,,0.0,2026-09-09 13:37:00,2026-09-09 13:40:00,,,,,Фаёзов А. Р.,Россия,Выдача до 30 минут
2026-09-09,PC 388 ,32Щ,СТАМБУЛ(САБИХА ГОКЦЕН),22,Y(А09),13:30,2763,2026-09-09 13:41:00,2026-09-09 13:43:00,,2026-09-09 13:43:00,2026-09-09 13:56:00,2026-09-09 13:43:00,2026-09-09 13:56:00,2026-09-09 14:03:00,,,2026-09-09 13:53:00,2026-09-09 14:02:00,,0.0,2026-09-09 13:48:00,2026-09-09 13:54:00,2026-09-09 14:01:00,2026-09-09 14:10:00,,,"Баташан В. Ю., Корнилов Н. А.",Pegasus,Выдача до 30 минут
2026-09-09,НВЦ 9152 ,32Щ,САБЕТТА,14,Y(А06),13:33,1176,2026-09-09 13:45:00,2026-09-09 13:47:00,,2026-09-09 13:49:00,2026-09-09 13:59:00,2026-09-09 13:49:00,2026-09-09 13:59:00,2026-09-09 13:57:00,2.0,2.0,2026-09-09 14:04:00,2026-09-09 14:07:00,,0.0,2026-09-09 14:00:00,2026-09-09 14:04:00,,,,,Резчиков А. А.,Северо-Запад,Выдача до 30 минут
2026-09-09,ЯМ 543 ,73Х,НОВОСИБИРСК(ТОЛМАЧЕВО),12,Y(А07),13:40,725,2026-09-09 13:47:00,2026-09-09 13:47:00,,2026-09-09 13:50:00,2026-09-09 14:01:00,2026-09-09 13:50:00,2026-09-09 14:01:00,2026-09-09 13:56:00,5.0,6.0,2026-09-09 14:07:00,2026-09-09 14:09:00,,0.0,2026-09-09 14:03:00,2026-09-09 14:06:00,,,,,Фозылов Б. З.,Алроса,Выдача до 30 минут
2026-09-09,TK 3082 ,32Б,АНТАЛЬЯ,21,Y(А10),14:12,1991,2026-09-09 14:21:00,2026-09-09 14:23:00,,2026-09-09 14:29:00,2026-09-09 14:44:00,2026-09-09 14:29:00,2026-09-09 14:44:00,2026-09-09 14:38:00,6.0,2.0,2026-09-09 14:44:00,2026-09-09 14:51:00,3.0,0.0,2026-09-09 14:18:00,2026-09-09 14:51:00,,,,,Екимов С. С.,Turkish Airlines,Выдача до 30 минут
2026-09-09,ДР 116 ,7С8,СОЧИ,49,Y(А05),14:19,684,2026-09-09 14:27:00,2026-09-09 14:28:00,,2026-09-09 14:22:00,2026-09-09 14:35:00,2026-09-09 14:22:00,2026-09-09 14:35:00,2026-09-09 14:36:00,,8.0,2026-09-09 14:41:00,2026-09-09 14:44:00,,0.0,2026-09-09 14:33:00,2026-09-09 14:41:00,,,,,Резчиков А. А.,Победа,Выдача до 30 минут
2026-09-09,FZ 989 ,7М8,ДУБАЙ(ДУБАЙ ИНТЛ.),26A,Y(А09),14:57,1943,2026-09-09 15:07:00,2026-09-09 15:09:00,,2026-09-09 15:12:00,2026-09-09 15:25:00,2026-09-09 15:14:00,2026-09-09 15:25:00,2026-09-09 15:24:00,1.0,,2026-09-09 15:25:00,2026-09-09 15:35:00,,0.0,2026-09-09 15:21:00,2026-09-09 15:25:00,2026-09-09 15:33:00,2026-09-09 15:36:00,,,"Резчиков А. А., Шамсов Б. С.",flydubai,Выдача до 30 минут
2026-09-09,AZO 9013 ,СУ9,МИНСК(МИНСК ИНТЛ.),44,0,15:25,0,2026-09-09 15:32:00,,,,,,,,,,,-1,,0.0,,,,,,,Бородин А. В.,GEORGIAN AIRWAYS,Не определено
2026-09-09,ЖГ 926 ,73Х,ТБИЛИСИ(ТБИЛИСИ ИНТЛ.),30,Y(А11),15:39,1597,2026-09-09 15:44:00,2026-09-09 15:46:00,,2026-09-09 15:40:00,2026-09-09 15:58:00,2026-09-09 15:40:00,2026-09-09 15:58:00,2026-09-09 15:59:00,,7.0,2026-09-09 15:59:00,2026-09-09 16:07:00,,0.0,2026-09-09 15:55:00,2026-09-09 15:58:00,2026-09-09 16:04:00,2026-09-09 16:08:00,,,Науну М.,GEORGIAN AIRWAYS,Выдача до 30 минут
2026-09-09,В2 979 ,733,МИНСК(МИНСК ИНТЛ.),29,Y(А13),15:54,504,2026-09-09 16:03:00,2026-09-09 16:07:00,1.0,2026-09-09 16:07:00,2026-09-09 16:12:00,2026-09-09 16:07:00,2026-09-09 16:12:00,2026-09-09 16:10:00,2.0,2.0,2026-09-09 16:15:00,2026-09-09 16:17:00,,0.0,2026-09-09 16:16:00,2026-09-09 16:17:00,,,,,Рустамов М. А.,Белавиа,Выдача до 30 минут
2026-09-09,ДР 856 ,73Х,ГЮМРИ(ШИРАК),47,Y(А13),15:58,1311,2026-09-09 16:04:00,2026-09-09 16:08:00,1.0,2026-09-09 16:09:00,2026-09-09 16:19:00,2026-09-09 16:09:00,2026-09-09 16:19:00,2026-09-09 16:17:00,2.0,1.0,2026-09-09 16:21:00,2026-09-09 16:48:00,,14.0,2026-09-09 16:15:00,2026-09-09 16:21:00,2026-09-09 16:35:00,2026-09-09 16:38:00,,,"Лесной Д. А., Острых В. А.",Победа,Выдача более 40 минут
2026-09-09,ФВ 6037 ,СУ9,САНКТ-ПЕТЕРБУРГ(ПУЛКОВО),9,Y(А04),16:16,176,2026-09-09 16:25:00,2026-09-09 16:26:00,,2026-09-09 16:29:00,2026-09-09 16:32:00,2026-09-09 16:29:00,2026-09-09 16:32:00,2026-09-09 16:30:00,2.0,2.0,2026-09-09 16:35:00,2026-09-09 16:36:00,,0.0,2026-09-09 16:34:00,2026-09-09 16:37:00,,,,,Резчиков А. А.,Россия,Выдача до 30 минут
2026-09-09,КГ 503 ,320,БИШКЕК(МАНАС ИНТЛ),60,Y(А13),17:14,2860,2026-09-09 17:32:00,2026-09-09 17:33:00,,2026-09-09 17:35:00,2026-09-09 17:50:00,2026-09-09 17:35:00,2026-09-09 17:50:00,2026-09-09 17:55:00,,,2026-09-09 17:48:00,2026-09-09 18:01:00,,0.0,2026-09-09 17:35:00,2026-09-09 17:48:00,2026-09-09 17:55:00,2026-09-09 18:02:00,,,"Ушаков Г. А., Ушаков П. А.",Aero Nomad,Выдача до 30 минут
2026-09-09,УР 514 ,75В,БОДРУМ(МИЛАС),18,Y(А11),19:13,1173,2026-09-09 19:19:00,2026-09-09 19:24:00,2.0,2026-09-09 19:23:00,2026-09-09 19:32:00,2026-09-09 19:23:00,2026-09-09 19:32:00,2026-09-09 19:31:00,1.0,1.0,2026-09-09 19:40:00,2026-09-09 19:41:00,1.0,0.0,2026-09-09 19:32:00,2026-09-09 19:39:00,,,,,Ушаков Г. А.,FLYONE Armenia,Выдача до 30 минут
2026-09-09,ЮТ 784 ,73Х,АНТАЛЬЯ,11,Y(А13),23:56,100,2026-09-10 00:05:00,2026-09-10 00:06:00,,2026-09-10 00:08:00,2026-09-10 00:13:00,2026-09-10 00:08:00,2026-09-10 00:13:00,2026-09-10 00:10:00,3.0,4.0,2026-09-10 00:22:00,2026-09-10 00:23:00,,0.0,2026-09-10 00:13:00,2026-09-10 00:14:00,,,,,Екимов С. С.,Ютэйр,Выдача до 30 минут
2026-09-09,ХИ 9621 ,32Н,АНДИЖАН,22,Y(А12),19:28,1374,2026-09-09 19:37:00,2026-09-09 19:39:00,,2026-09-09 19:42:00,2026-09-09 19:52:00,2026-09-09 19:42:00,2026-09-09 19:52:00,2026-09-09 19:50:00,2.0,1.0,2026-09-09 19:52:00,2026-09-09 20:00:00,,0.0,2026-09-09 19:48:00,2026-09-09 19:51:00,2026-09-09 19:56:00,2026-09-09 19:59:00,,,Федоров Н. В.,UZBEKISTAN AIRWAYS,Выдача до 30 минут
2026-09-09,PC 1580 ,32Н,АНТАЛЬЯ,25,Y(А12),22:46,1666,2026-09-09 22:56:00,2026-09-09 22:59:00,,2026-09-09 23:00:00,2026-09-09 23:16:00,2026-09-09 23:00:00,2026-09-09 23:16:00,2026-09-09 23:11:00,5.0,5.0,2026-09-09 23:15:00,2026-09-09 23:27:00,,1.0,2026-09-09 23:10:00,2026-09-09 23:15:00,2026-09-09 23:22:00,2026-09-09 23:27:00,,,Шамсов Б. С.,Pegasus,Выдача от 30 до 40 минут
2026-09-09,TK 411 ,333,СТАМБУЛ(СТАМБУЛ НЬЮ),22,Y(А10),22:49,4934,2026-09-09 23:03:00,2026-09-09 23:04:00,,2026-09-09 23:07:00,2026-09-09 23:25:00,2026-09-09 23:07:00,2026-09-09 23:25:00,2026-09-09 23:40:00,,,2026-09-09 23:23:00,2026-09-09 23:32:00,,0.0,2026-09-09 23:07:00,2026-09-09 23:24:00,2026-09-09 23:05:00,2026-09-09 23:33:00,2026-09-09 23:07:00,2026-09-09 23:37:00,"Михайлов М. С., Ушаков П. А.",Turkish Airlines,Выдача до 30 минут
2026-09-09,ЮТ 398 ,735,ГЕЛЕНДЖИК,15,Y(А06),22:52,1039,2026-09-09 23:00:00,2026-09-09 23:01:00,,2026-09-09 23:04:00,2026-09-09 23:18:00,2026-09-09 23:04:00,2026-09-09 23:18:00,2026-09-09 23:11:00,7.0,7.0,2026-09-09 23:24:00,2026-09-09 23:26:00,4.0,0.0,2026-09-09 23:14:00,2026-09-09 23:24:00,,,,,Литвин И. С.,Ютэйр,Выдача до 30 минут
2026-09-09,J2 805 ,763,БАКУ(ИМ. ГЕЙДАРА АЛИЕВА),19,Y(А09),23:01,3001,2026-09-09 23:17:00,2026-09-09 23:19:00,,2026-09-09 23:23:00,2026-09-09 23:39:00,2026-09-09 23:23:00,2026-09-09 23:39:00,2026-09-09 23:41:00,,,2026-09-09 23:37:00,2026-09-09 23:44:00,,0.0,2026-09-09 23:23:00,2026-09-09 23:39:00,2026-09-09 23:04:00,2026-09-09 23:44:00,,,Ушаков М. В.,AZAL,Выдача до 30 минут
2026-09-09,ДР 422 ,73Х,САМАРА(КУРУМОЧ),50,Y(А04),23:05,137,2026-09-09 23:14:00,2026-09-09 23:14:00,,2026-09-09 23:17:00,2026-09-09 23:18:00,2026-09-09 23:17:00,2026-09-09 23:18:00,2026-09-09 23:19:00,,,2026-09-09 23:26:00,2026-09-09 23:27:00,,0.0,2026-09-09 23:19:00,2026-09-09 23:25:00,,,,,Острых В. А.,Победа,Выдача до 30 минут
2026-09-09,ФВ 6185 ,СУ9,САНКТ-ПЕТЕРБУРГ(ПУЛКОВО),8,Y(А04),23:08,84,2026-09-09 23:19:00,2026-09-09 23:22:00,,2026-09-09 23:23:00,2026-09-09 23:25:00,2026-09-09 23:23:00,2026-09-09 23:25:00,2026-09-09 23:24:00,1.0,1.0,2026-09-09 23:28:00,2026-09-09 23:29:00,,0.0,2026-09-09 23:25:00,2026-09-09 23:28:00,,,,,Кутейников А. В.,Россия,Выдача до 30 минут
2026-09-09,ХИ 605 ,320,САМАРКАНД(САМАРКАНД ИНТЛ.),26,Y(А12),23:13,933,2026-09-09 23:24:00,2026-09-09 23:25:00,,2026-09-09 23:27:00,2026-09-09 23:35:00,2026-09-09 23:27:00,2026-09-09 23:35:00,2026-09-09 23:34:00,1.0,2.0,2026-09-09 23:42:00,2026-09-09 23:48:00,,0.0,2026-09-09 23:22:00,2026-09-09 23:35:00,,,,,Ушаков Г. А.,UZBEKISTAN AIRWAYS,Выдача до 30 минут
2026-09-09,ДР 264 ,7С8,КАЛИНИНГРАД(ХРАБРОВО),47,Y(А05),23:17,541,2026-09-09 23:22:00,2026-09-09 23:25:00,,2026-09-09 23:25:00,2026-09-09 23:29:00,2026-09-09 23:25:00,2026-09-09 23:29:00,2026-09-09 23:30:00,,,2026-09-09 23:36:00,2026-09-09 23:38:00,,0.0,2026-09-09 23:33:00,2026-09-09 23:36:00,,,,,Скулов Е. С.,Победа,Выдача до 30 минут
2026-09-09,ЮТ 810 ,73Х,САМАРКАНД(САМАРКАНД ИНТЛ.),43,Y(А11),23:21,1008,2026-09-09 23:32:00,2026-09-09 23:32:00,,2026-09-09 23:34:00,2026-09-09 23:41:00,2026-09-09 23:34:00,2026-09-09 23:41:00,2026-09-09 23:43:00,,,2026-09-09 23:48:00,2026-09-09 23:51:00,,0.0,2026-09-09 23:38:00,2026-09-09 23:48:00,,,,,Бородин А. В.,Ютэйр,Выдача до 30 минут
2026-09-09,ДР 994 ,73Х,СТАМБУЛ(СТАМБУЛ НЬЮ),49,Y(А13),23:30,1402,2026-09-09 23:39:00,2026-09-09 23:43:00,1.0,2026-09-09 23:41:00,2026-09-09 23:51:00,2026-09-09 23:41:00,2026-09-09 23:51:00,2026-09-09 23:52:00,,1.0,2026-09-09 23:55:00,2026-09-10 00:08:00,,0.0,2026-09-09 23:52:00,2026-09-09 23:59:00,2026-09-10 00:06:00,2026-09-10 00:14:00,,,"Науну М., Чеканов В. А.",Победа,Выдача до 30 минут
2026-09-09,FZ 987 ,7М8,ДУБАЙ(ДУБАЙ ИНТЛ.),29,Y(А12),23:39,924,2026-09-09 23:50:00,2026-09-09 23:53:00,,2026-09-09 23:53:00,2026-09-09 23:59:00,2026-09-09 23:53:00,2026-09-09 23:59:00,2026-09-10 00:00:00,,,2026-09-10 00:04:00,2026-09-10 00:07:00,,0.0,2026-09-10 00:01:00,2026-09-10 00:04:00,,,,,Соболь М. Ф.,flydubai,Выдача до 30 минут
2026-09-09,PC 1576 ,32Щ,АНТАЛЬЯ,36,Y(А10),23:43,2316,2026-09-09 23:54:00,2026-09-09 23:55:00,,2026-09-09 23:56:00,2026-09-10 00:12:00,2026-09-09 23:56:00,2026-09-10 00:12:00,2026-09-10 00:13:00,,1.0,2026-09-10 00:08:00,2026-09-10 00:22:00,,0.0,2026-09-09 23:59:00,2026-09-10 00:09:00,2026-09-10 00:16:00,2026-09-10 00:21:00,,,Минченко А. И.,Pegasus,Выдача до 30 минут
2026-09-09,ФВ 6189 ,СУ9,САНКТ-ПЕТЕРБУРГ(ПУЛКОВО),9,Y(А04),23:46,116,2026-09-09 23:56:00,2026-09-09 23:58:00,,2026-09-10 00:01:00,2026-09-10 00:03:00,2026-09-10 00:01:00,2026-09-10 00:03:00,2026-09-10 00:01:00,2.0,1.0,2026-09-10 00:06:00,2026-09-10 00:07:00,,0.0,2026-09-10 00:03:00,2026-09-10 00:07:00,,,,,Литвин И. С.,Россия,Выдача до 30 минут
2026-09-09,ЮТ 358 ,73Х,САМАРА(КУРУМОЧ),14,Y(А05),23:53,484,2026-09-10 00:01:00,2026-09-10 00:03:00,,2026-09-10 00:04:00,2026-09-10 00:08:00,2026-09-10 00:04:00,2026-09-10 00:08:00,2026-09-10 00:08:00,,1.0,2026-09-10 00:16:00,2026-09-10 00:17:00,,0.0,2026-09-09 23:49:00,2026-09-10 00:10:00,,,,,Пельгуев Д.,Ютэйр,Выдача до 30 минут
2026-09-09,УТА 6316 ,735,БОВАНЕНКОВО,16,Y(А06),12:55,1214,2026-09-09 13:04:00,2026-09-09 13:04:00,,2026-09-09 13:04:00,2026-09-09 13:22:00,2026-09-09 13:04:00,2026-09-09 13:22:00,2026-09-09 13:16:00,6.0,10.0,2026-09-09 13:14:00,2026-09-09 13:26:00,,0.0,2026-09-09 13:10:00,2026-09-09 13:15:00,2026-09-09 13:22:00,2026-09-09 13:27:00,,,Баташан В. Ю.,Ютэйр,Выдача до 30 минут
2026-09-09,FZ 951 ,7М8,ДУБАЙ(ДУБАЙ ИНТЛ.),30,Y(А11),22:38,1152,2026-09-09 22:52:00,2026-09-09 22:52:00,,2026-09-09 22:55:00,2026-09-09 23:04:00,2026-09-09 22:55:00,2026-09-09 23:04:00,2026-09-09 23:04:00,,1.0,2026-09-09 23:09:00,2026-09-09 23:15:00,,0.0,2026-09-09 23:06:00,2026-09-09 23:09:00,,,,,Фозылов Б. З.,flydubai,Выдача до 30 минут
2026-09-09,NE 606 ,320,ХУРГАДА(ХУРГАДА ИНТЛ.),23,Y(А09),22:36,1987,2026-09-09 22:51:00,2026-09-09 22:51:00,,2026-09-09 22:54:00,2026-09-09 23:07:00,2026-09-09 22:54:00,2026-09-09 23:07:00,2026-09-09 23:08:00,,,2026-09-09 23:11:00,2026-09-09 23:19:00,,0.0,2026-09-09 23:00:00,2026-09-09 23:11:00,2026-09-09 23:15:00,2026-09-09 23:20:00,,,Фаёзов А. Р.,Nesma Airlines,Выдача до 30 минут
2026-09-09,ДР 968 ,73Х,МИНСК(МИНСК ИНТЛ.),49,Y(А13),22:20,315,2026-09-09 22:26:00,2026-09-09 22:28:00,,2026-09-09 22:28:00,2026-09-09 22:30:00,2026-09-09 22:28:00,2026-09-09 22:30:00,2026-09-09 22:32:00,,,2026-09-09 22:38:00,2026-09-09 22:39:00,,0.0,2026-09-09 22:31:00,2026-09-09 22:38:00,,,,,Науну М.,Победа,Выдача до 30 минут
2026-09-09,DV 813 ,738,АСТАНА(НУРСУЛТАН НАЗАРБАЕВ),21,Y(А13),22:16,1158,2026-09-09 22:22:00,2026-09-09 22:24:00,,2026-09-09 22:25:00,2026-09-09 22:36:00,2026-09-09 22:25:00,2026-09-09 22:36:00,2026-09-09 22:34:00,2.0,3.0,2026-09-09 22:40:00,2026-09-09 22:43:00,,0.0,2026-09-09 22:35:00,2026-09-09 22:40:00,,,,,Лаптев В. В.,SCAT Airlines,Выдача до 30 минут
2026-09-09,NE 608 ,320,ХУРГАДА(ХУРГАДА ИНТЛ.),20,Y(А10),19:35,1893,2026-09-09 19:42:00,2026-09-09 19:47:00,2.0,2026-09-09 19:49:00,2026-09-09 20:05:00,2026-09-09 19:49:00,2026-09-09 20:05:00,2026-09-09 19:59:00,6.0,3.0,2026-09-09 20:03:00,2026-09-09 20:12:00,1.0,0.0,2026-09-09 19:59:00,2026-09-09 20:03:00,2026-09-09 20:14:00,2026-09-09 20:15:00,,,Михайлов М. С.,Nesma Airlines,Выдача до 30 минут
2026-09-09,ЮТ 400 ,73Х,ГРОЗНЫЙ(СЕВЕРНЫЙ),12,Y(А05),19:50,438,2026-09-09 19:57:00,2026-09-09 20:00:00,,2026-09-09 20:01:00,2026-09-09 20:09:00,2026-09-09 20:01:00,2026-09-09 20:09:00,2026-09-09 20:04:00,5.0,5.0,2026-09-09 20:14:00,2026-09-09 20:15:00,,0.0,2026-09-09 20:11:00,2026-09-09 20:14:00,,,,,Ушаков П. А.,Ютэйр,Выдача до 30 минут
2026-09-09,ХИ 613 ,763,ТАШКЕНТ(ТАШКЕНТ ИНТЛ.),23,Y(А09),19:56,2978,2026-09-09 20:07:00,2026-09-09 20:09:00,,2026-09-09 20:11:00,2026-09-09 20:26:00,2026-09-09 20:11:00,2026-09-09 20:26:00,2026-09-09 20:31:00,,,2026-09-09 20:21:00,2026-09-09 20:33:00,,0.0,2026-09-09 20:11:00,2026-09-09 20:26:00,2026-09-09 20:10:00,2026-09-09 20:32:00,,,Чеканов В. А.,UZBEKISTAN AIRWAYS,Выдача до 30 минут
2026-09-09,ФВ 6181 ,СУ9,САНКТ-ПЕТЕРБУРГ(ПУЛКОВО),9,Y(А04),20:06,68,2026-09-09 20:16:00,2026-09-09 20:18:00,,2026-09-09 20:20:00,2026-09-09 20:21:00,2026-09-09 20:20:00,2026-09-09 20:21:00,2026-09-09 20:20:00,1.0,1.0,2026-09-09 20:25:00,2026-09-09 20:26:00,,0.0,2026-09-09 20:24:00,2026-09-09 20:25:00,,,,,Соболь М. Ф.,Россия,Выдача до 30 минут
2026-09-09,ХИ 9619 ,32Н,НАМАНГАН,25,Y(А10),20:11,1503,2026-09-09 20:21:00,2026-09-09 20:23:00,,2026-09-09 20:22:00,2026-09-09 20:38:00,2026-09-09 20:22:00,2026-09-09 20:38:00,2026-09-09 20:35:00,3.0,6.0,2026-09-09 20:33:00,2026-09-09 20:45:00,,0.0,2026-09-09 20:26:00,2026-09-09 20:33:00,2026-09-09 20:41:00,2026-09-09 20:45:00,,,Шамсов Б. С.,UZBEKISTAN AIRWAYS,Выдача до 30 минут
2026-09-09,DV 815 ,7М8,АЛМАТЫ(АЛМАТЫ ИНТЛ.),21,Y(А13),20:16,1131,2026-09-09 20:23:00,2026-09-09 20:24:00,,2026-09-09 20:25:00,2026-09-09 20:42:00,2026-09-09 20:26:00,2026-09-09 20:42:00,2026-09-09 20:35:00,7.0,8.0,2026-09-09 20:38:00,2026-09-09 20:40:00,,0.0,2026-09-09 20:32:00,2026-09-09 20:37:00,,,,,"Кутейников А. В., Федоров Н. В.",SCAT Airlines,Выдача до 30 минут
2026-09-09,ЮТ 250 ,73Х,СОЧИ,17,Y(А06),20:25,1218,2026-09-09 20:32:00,2026-09-09 20:33:00,,2026-09-09 20:35:00,2026-09-09 20:42:00,2026-09-09 20:35:00,2026-09-09 20:42:00,2026-09-09 20:44:00,,,2026-09-09 20:50:00,2026-09-09 20:52:00,,0.0,2026-09-09 20:44:00,2026-09-09 20:51:00,2026-09-09 20:45:00,2026-09-09 20:52:00,,,Фаёзов А. Р.,Ютэйр,Выдача до 30 минут
2026-09-09,ФВ 6179 ,СУ9,САНКТ-ПЕТЕРБУРГ(ПУЛКОВО),8,Y(А04),19:16,124,2026-09-09 19:24:00,2026-09-09 19:26:00,,2026-09-09 19:28:00,2026-09-09 19:29:00,2026-09-09 19:28:00,2026-09-09 19:29:00,2026-09-09 19:29:00,,,2026-09-09 19:32:00,2026-09-09 19:33:00,,0.0,2026-09-09 19:30:00,2026-09-09 19:33:00,,,,,Ушаков П. А.,Россия,Выдача до 30 минут
2026-09-09,PBD 860 ,73Х,АНТАЛЬЯ,49,Y(А11),20:34,1100,2026-09-09 20:41:00,2026-09-09 20:41:00,,2026-09-09 20:43:00,2026-09-09 20:51:00,2026-09-09 20:43:00,2026-09-09 20:51:00,2026-09-09 20:52:00,,1.0,2026-09-09 21:00:00,2026-09-09 21:01:00,,0.0,2026-09-09 20:50:00,2026-09-09 21:00:00,,,,,Скулов Е. С.,Победа,Выдача до 30 минут
2026-09-09,ЮТ 180 ,735,УХТА,13,Y(А05),21:02,432,2026-09-09 21:09:00,2026-09-09 21:10:00,,2026-09-09 21:14:00,2026-09-09 21:18:00,2026-09-09 21:14:00,2026-09-09 21:18:00,2026-09-09 21:16:00,2.0,1.0,2026-09-09 21:24:00,2026-09-09 21:25:00,,0.0,2026-09-09 21:19:00,2026-09-09 21:23:00,,,,,Ушаков М. В.,Ютэйр,Выдача до 30 минут
2026-09-09,ДР 160 ,73Х,КРАСНОДАР(ПАШКОВСКИЙ),48,Y(А06),21:07,778,2026-09-09 21:14:00,2026-09-09 21:14:00,,2026-09-09 21:17:00,2026-09-09 21:22:00,2026-09-09 21:17:00,2026-09-09 21:22:00,2026-09-09 21:23:00,,,2026-09-09 21:31:00,2026-09-09 21:32:00,,0.0,2026-09-09 21:17:00,2026-09-09 21:31:00,,,,,Науну М.,Победа,Выдача до 30 минут
2026-09-09,BJ 804 ,320,МОНАСТИР(ХАБИБ БУРДЖИБА ИНТ),30,Y(А10),21:10,2269,2026-09-09 21:16:00,2026-09-09 21:20:00,1.0,2026-09-09 21:22:00,2026-09-09 21:40:00,2026-09-09 21:22:00,2026-09-09 21:40:00,2026-09-09 21:35:00,5.0,3.0,2026-09-09 21:32:00,2026-09-09 21:48:00,,2.0,2026-09-09 21:29:00,2026-09-09 21:32:00,2026-09-09 21:47:00,2026-09-09 21:59:00,,,Кутейников А. В.,Nouvelair Tunisie,Выдача от 30 до 40 минут
2026-09-09,ФВ 6183 ,СУ9,САНКТ-ПЕТЕРБУРГ(ПУЛКОВО),8,Y(А04),21:15,110,2026-09-09 21:27:00,2026-09-09 21:27:00,,2026-09-09 21:30:00,2026-09-09 21:31:00,2026-09-09 21:30:00,2026-09-09 21:31:00,2026-09-09 21:32:00,,,2026-09-09 21:31:00,2026-09-09 21:32:00,,0.0,2026-09-09 21:32:00,2026-09-09 21:34:00,,,,,Ушаков Г. А.,Россия,Выдача до 30 минут
2026-09-09,FZ 967 ,7М8,ДУБАЙ(ДУБАЙ ИНТЛ.),29,Y(А09),21:27,1905,2026-09-09 21:36:00,2026-09-09 21:37:00,,2026-09-09 21:39:00,2026-09-09 21:59:00,2026-09-09 21:39:00,2026-09-09 21:59:00,2026-09-09 21:53:00,6.0,7.0,2026-09-09 21:50:00,2026-09-09 22:03:00,,0.0,2026-09-09 21:50:00,2026-09-09 21:51:00,2026-09-09 22:01:00,2026-09-09 22:03:00,,,Соболь М. Ф.,flydubai,Выдача до 30 минут
2026-09-09,ДР 114 ,73Х,СОЧИ,47,Y(А05),21:31,776,2026-09-09 21:39:00,2026-09-09 21:41:00,,2026-09-09 21:40:00,2026-09-09 21:46:00,2026-09-09 21:40:00,2026-09-09 21:46:00,2026-09-09 21:48:00,,1.0,2026-09-09 21:55:00,2026-09-09 21:56:00,,0.0,2026-09-09 21:49:00,2026-09-09 21:55:00,,,,,Скулов Е. С.,Победа,Выдача до 30 минут
2026-09-09,NE 616 ,320,ХУРГАДА(ХУРГАДА ИНТЛ.),20,Y(А10),21:47,1905,2026-09-09 21:54:00,2026-09-09 21:56:00,,2026-09-09 21:58:00,2026-09-09 22:12:00,2026-09-09 21:58:00,2026-09-09 22:12:00,2026-09-09 22:11:00,1.0,1.0,2026-09-09 22:08:00,2026-09-09 22:19:00,,0.0,2026-09-09 22:05:00,2026-09-09 22:09:00,2026-09-09 22:19:00,2026-09-09 22:20:00,,,Бородин А. В.,Nesma Airlines,Выдача до 30 минут
2026-09-09,ДР 964 ,73Х,ДАЛАМАН,50,Y(А12),20:48,956,2026-09-09 20:55:00,2026-09-09 20:56:00,,2026-09-09 20:58:00,2026-09-09 21:05:00,2026-09-09 20:58:00,2026-09-09 21:05:00,2026-09-09 21:05:00,,1.0,2026-09-09 21:15:00,2026-09-09 21:20:00,,0.0,2026-09-09 21:04:00,2026-09-09 21:15:00,,,,,Пельгуев Д.,Победа,Выдача до 30 минут
2026-09-09,ЮТ 364 ,73Х,УФА,25,Y(А07),12:51,626,2026-09-09 13:02:00,2026-09-09 13:02:00,,2026-09-09 13:05:00,2026-09-09 13:10:00,2026-09-09 13:05:00,2026-09-09 13:10:00,2026-09-09 13:10:00,,1.0,2026-09-09 13:15:00,2026-09-09 13:17:00,,0.0,2026-09-09 13:12:00,2026-09-09 13:16:00,,,,,Рустамов М. А.,Ютэйр,Выдача до 30 минут
2026-09-09,ЮТ 398F,73Х,ГЕЛЕНДЖИК,17,Y(А05),12:59,752,2026-09-09 13:05:00,2026-09-09 13:07:00,,2026-09-09 13:08:00,2026-09-09 13:15:00,2026-09-09 13:08:00,2026-09-09 13:15:00,2026-09-09 13:14:00,1.0,2.0,2026-09-09 13:22:00,2026-09-09 13:25:00,,0.0,2026-09-09 13:17:00,2026-09-09 13:21:00,,,,,Шамсов Б. С.,Ютэйр,Выдача до 30 минут
2026-09-09,А4 7056 ,СУ9,ТЕРМЕЗ,28,Y(А12),12:36,1359,2026-09-09 12:45:00,2026-09-09 12:48:00,,2026-09-09 12:50:00,2026-09-09 13:04:00,2026-09-09 12:50:00,2026-09-09 13:04:00,2026-09-09 12:58:00,6.0,5.0,2026-09-09 13:01:00,2026-09-09 13:07:00,,0.0,2026-09-09 12:59:00,2026-09-09 13:02:00,2026-09-09 13:05:00,2026-09-09 13:08:00,,,Фозылов Б. З.,Азимут,Выдача до 30 минут
2026-09-09,AZO 7008 ,СУ9,ТБИЛИСИ(ТБИЛИСИ ИНТЛ.),45,Y(А12),02:07,1147,2026-09-09 02:17:00,2026-09-09 02:38:00,18.0,2026-09-09 02:20:00,2026-09-09 02:44:00,2026-09-09 02:20:00,2026-09-09 02:44:00,2026-09-09 02:29:00,15.0,16.0,2026-09-09 02:40:00,2026-09-09 02:53:00,,6.0,2026-09-09 02:46:00,2026-09-09 02:51:00,,,,,Федоров Н. В.,GEORGIAN AIRWAYS,Выдача от 30 до 40 минут
2026-09-09,TK 3172 ,32Б,АНТАЛЬЯ,22,Y(А09),02:23,2263,2026-09-09 02:36:00,2026-09-09 02:37:00,,2026-09-09 02:43:00,2026-09-09 02:53:00,2026-09-09 02:43:00,2026-09-09 02:53:00,2026-09-09 02:55:00,,,2026-09-09 02:54:00,2026-09-09 03:02:00,,0.0,2026-09-09 02:52:00,2026-09-09 03:10:00,,,,,Рябчевский В. О.,Turkish Airlines,Выдача до 30 минут
2026-09-09,TK 3028 ,321,АНТАЛЬЯ,26,Y(А09),02:28,2350,2026-09-09 02:45:00,2026-09-09 02:49:00,1.0,2026-09-09 02:51:00,2026-09-09 02:57:00,2026-09-09 02:51:00,2026-09-09 02:57:00,2026-09-09 03:05:00,,,2026-09-09 02:59:00,2026-09-09 03:02:00,,0.0,2026-09-09 02:56:00,2026-09-09 03:04:00,,,,,Юрков С.,Turkish Airlines,Выдача до 30 минут
2026-09-09,PC 386 ,32Щ,СТАМБУЛ(САБИХА ГОКЦЕН),18,Y(А10),02:32,2695,2026-09-09 02:43:00,2026-09-09 02:43:00,,2026-09-09 02:45:00,2026-09-09 03:02:00,2026-09-09 02:45:00,2026-09-09 03:02:00,2026-09-09 03:05:00,,,2026-09-09 02:54:00,2026-09-09 03:07:00,,0.0,2026-09-09 02:49:00,2026-09-09 02:54:00,2026-09-09 03:03:00,2026-09-09 03:09:00,,,"Музафаров А. С., Хушвактов П. З.",Pegasus,Выдача до 30 минут
2026-09-09,PC 1521 ,32Н,ИЗМИР(АДНАН МЕНДЕРЕС),27,Y(А11),02:46,1478,2026-09-09 03:00:00,2026-09-09 03:00:00,,2026-09-09 03:03:00,2026-09-09 03:14:00,2026-09-09 03:03:00,2026-09-09 03:14:00,2026-09-09 03:14:00,,1.0,2026-09-09 03:15:00,2026-09-09 03:20:00,,0.0,2026-09-09 03:11:00,2026-09-09 03:15:00,2026-09-09 03:16:00,2026-09-09 03:20:00,,,Демчук Д. П.,Pegasus,Выдача до 30 минут
2026-09-09,VF 587 ,73Х,АНКАРА(ЕСЕНБОГА),20,Y(А10),03:49,1853,2026-09-09 04:00:00,2026-09-09 04:03:00,,2026-09-09 04:02:00,2026-09-09 04:15:00,2026-09-09 04:02:00,2026-09-09 04:15:00,2026-09-09 04:16:00,,1.0,2026-09-09 04:15:00,2026-09-09 04:23:00,,0.0,2026-09-09 04:10:00,2026-09-09 04:16:00,2026-09-09 04:16:00,2026-09-09 04:21:00,,,"Дубинский В. Д., Михайлов М. С.",AJET,Выдача до 30 минут
2026-09-09,PC 1456 ,32Щ,БОДРУМ(МИЛАС),19,Y(А09),03:53,2081,2026-09-09 04:04:00,2026-09-09 04:05:00,,2026-09-09 04:11:00,2026-09-09 04:24:00,2026-09-09 04:11:00,2026-09-09 04:24:00,2026-09-09 04:22:00,2.0,,2026-09-09 04:21:00,2026-09-09 04:33:00,,0.0,2026-09-09 04:16:00,2026-09-09 04:21:00,2026-09-09 04:25:00,2026-09-09 04:31:00,,,Сыргаков Б. А.,Pegasus,Выдача до 30 минут
2026-09-09,VF 277 ,73Х,СТАМБУЛ(САБИХА ГОКЦЕН),24,Y(А11),04:16,1564,2026-09-09 04:27:00,2026-09-09 04:28:00,,2026-09-09 04:30:00,2026-09-09 04:43:00,2026-09-09 04:30:00,2026-09-09 04:43:00,2026-09-09 04:41:00,2.0,3.0,2026-09-09 04:43:00,2026-09-09 04:48:00,,0.0,2026-09-09 04:38:00,2026-09-09 04:42:00,2026-09-09 04:45:00,2026-09-09 04:48:00,,,Тано Б. А.,AJET,Выдача до 30 минут
2026-09-09,NE 638 ,320,ШАРМ ЭЛЬ ШЕЙХ(ШАРМ ЭЛЬ ШЕЙХ ИНТЛ.),27,Y(А13),04:27,1934,2026-09-09 04:42:00,2026-09-09 04:45:00,,2026-09-09 04:46:00,2026-09-09 05:02:00,2026-09-09 04:46:00,2026-09-09 05:02:00,2026-09-09 04:59:00,3.0,3.0,2026-09-09 04:54:00,2026-09-09 05:08:00,,0.0,2026-09-09 04:52:00,2026-09-09 04:56:00,2026-09-09 05:03:00,2026-09-09 05:07:00,,,Черкас В. А.,Nesma Airlines,Выдача до 30 минут
2026-09-09,TK 3120 ,73Х,ДАЛАМАН,29,Y(А12),04:31,1736,2026-09-09 04:47:00,2026-09-09 04:47:00,,2026-09-09 04:48:00,2026-09-09 05:06:00,2026-09-09 04:48:00,2026-09-09 05:06:00,2026-09-09 05:03:00,3.0,6.0,2026-09-09 05:03:00,2026-09-09 05:10:00,,0.0,2026-09-09 04:52:00,2026-09-09 05:05:00,2026-09-09 05:08:00,2026-09-09 05:10:00,,,Ушаков П. А.,Turkish Airlines,Выдача до 30 минут
2026-09-09,PC 390 ,32Щ,СТАМБУЛ(САБИХА ГОКЦЕН),25,Y(А09),04:35,2159,2026-09-09 04:46:00,2026-09-09 04:49:00,,2026-09-09 04:51:00,2026-09-09 05:06:00,2026-09-09 04:51:00,2026-09-09 05:06:00,2026-09-09 05:04:00,2.0,1.0,2026-09-09 04:59:00,2026-09-09 05:11:00,,0.0,2026-09-09 04:57:00,2026-09-09 04:59:00,2026-09-09 05:07:00,2026-09-09 05:11:00,,,Юрков С.,Pegasus,Выдача до 30 минут
2026-09-09,TK 419 ,332,СТАМБУЛ(СТАМБУЛ НЬЮ),23,Y(А10),04:39,3121,2026-09-09 04:56:00,2026-09-09 04:57:00,,2026-09-09 04:57:00,2026-09-09 05:09:00,2026-09-09 04:57:00,2026-09-09 05:09:00,2026-09-09 05:21:00,,,2026-09-09 05:09:00,2026-09-09 05:21:00,,0.0,2026-09-09 04:57:00,2026-09-09 05:09:00,2026-09-09 04:59:00,2026-09-09 05:15:00,,,Демчук Д. П.,Turkish Airlines,Выдача до 30 минут
2026-09-09,ДР 998 ,73Х,САМАРКАНД(САМАРКАНД ИНТЛ.),47,Y(А11),04:53,288,2026-09-09 05:02:00,2026-09-09 05:02:00,,2026-09-09 05:05:00,2026-09-09 05:09:00,2026-09-09 05:05:00,2026-09-09 05:09:00,2026-09-09 05:08:00,1.0,2.0,2026-09-09 05:16:00,2026-09-09 05:17:00,,0.0,2026-09-09 05:09:00,2026-09-09 05:17:00,,,,,Музафаров А. С.,Победа,Выдача до 30 минут
2026-09-09,ДР 408 ,73Х,ЕКАТЕРИНБУРГ(КОЛЬЦОВО),46,Y(А05),05:05,387,2026-09-09 05:12:00,2026-09-09 05:14:00,,2026-09-09 05:16:00,2026-09-09 05:21:00,2026-09-09 05:16:00,2026-09-09 05:21:00,2026-09-09 05:19:00,2.0,2.0,2026-09-09 05:27:00,2026-09-09 05:31:00,,0.0,2026-09-09 05:23:00,2026-09-09 05:30:00,,,,,Киричек А. А.,Победа,Выдача до 30 минут
2026-09-09,TK 407 ,333,СТАМБУЛ(СТАМБУЛ НЬЮ),22,Y(А09),05:31,3857,2026-09-09 05:44:00,2026-09-09 05:48:00,1.0,2026-09-09 05:47:00,2026-09-09 06:02:00,2026-09-09 05:48:00,2026-09-09 06:02:00,2026-09-09 06:14:00,,,2026-09-09 05:59:00,2026-09-09 06:02:00,,0.0,2026-09-09 06:00:00,2026-09-09 06:15:00,2026-09-09 05:53:00,2026-09-09 06:08:00,,,"Каламбеков У. О., Михайлов М. С.",Turkish Airlines,Выдача до 30 минут
2026-09-09,TK 3006 ,32Б,АНТАЛЬЯ,19,Y(А11),02:04,2194,2026-09-09 02:16:00,2026-09-09 02:17:00,,2026-09-09 02:22:00,2026-09-09 02:27:00,2026-09-09 02:22:00,2026-09-09 02:27:00,2026-09-09 02:35:00,,,2026-09-09 02:32:00,2026-09-09 02:42:00,,0.0,2026-09-09 02:12:00,2026-09-09 02:35:00,,,,,Попов А. И.,Turkish Airlines,Выдача до 30 минут
2026-09-09,PC 1458 ,32Щ,ДАЛАМАН,21,Y(А10),05:43,2010,2026-09-09 05:53:00,2026-09-09 05:53:00,,2026-09-09 05:56:00,2026-09-09 06:14:00,2026-09-09 05:56:00,2026-09-09 06:14:00,2026-09-09 06:10:00,4.0,5.0,2026-09-09 06:11:00,2026-09-09 06:22:00,,0.0,2026-09-09 06:07:00,2026-09-09 06:12:00,2026-09-09 06:18:00,2026-09-09 06:22:00,,,Музафаров А. С.,Pegasus,Выдача до 30 минут
2026-09-09,ЖГ 932 ,73Х,ТБИЛИСИ(ТБИЛИСИ ИНТЛ.),30,Y(А10),01:46,1818,2026-09-09 01:53:00,2026-09-09 01:55:00,,2026-09-09 01:59:00,2026-09-09 02:11:00,2026-09-09 01:59:00,2026-09-09 02:11:00,2026-09-09 02:09:00,2.0,,2026-09-09 02:09:00,2026-09-09 02:16:00,,0.0,2026-09-09 02:06:00,2026-09-09 02:09:00,2026-09-09 02:09:00,2026-09-09 02:16:00,,,Музафаров А. С.,GEORGIAN AIRWAYS,Выдача до 30 минут
2026-09-09,FZ 975 ,7М8,ДУБАЙ(ДУБАЙ ИНТЛ.),21,Y(А12),01:33,903,2026-09-09 01:46:00,2026-09-09 01:47:00,,2026-09-09 01:49:00,2026-09-09 01:57:00,2026-09-09 01:49:00,2026-09-09 01:57:00,2026-09-09 01:56:00,1.0,2.0,2026-09-09 02:02:00,2026-09-09 02:06:00,,0.0,2026-09-09 01:57:00,2026-09-09 02:03:00,,,,,Ушаков Г. А.,flydubai,Выдача до 30 минут
2026-09-09,AZV 3006 ,763,АНТАЛЬЯ,1,Y(А09),12:47,2950,2026-09-09 13:04:00,2026-09-09 13:05:00,,2026-09-09 13:11:00,2026-09-09 13:44:00,2026-09-09 13:11:00,2026-09-09 13:44:00,2026-09-09 13:28:00,16.0,13.0,2026-09-09 13:18:00,2026-09-09 13:35:00,,1.0,2026-09-09 13:11:00,2026-09-09 13:44:00,2026-09-09 12:59:00,2026-09-09 13:48:00,,,Лесной Д. А.,АЗУР эйр,Выдача от 30 до 40 минут
2026-09-09,TK 3060 ,32Б,АНТАЛЬЯ,21,Y(А13),00:00,2296,2026-09-09 00:22:00,2026-09-09 00:25:00,,2026-09-09 00:24:00,2026-09-09 00:43:00,2026-09-09 00:24:00,2026-09-09 00:43:00,2026-09-09 00:41:00,2.0,4.0,2026-09-09 00:43:00,2026-09-09 00:53:00,1.0,1.0,2026-09-09 00:28:00,2026-09-09 00:55:00,,,,,Соболь М. Ф.,Turkish Airlines,Выдача от 30 до 40 минут
2026-09-09,ДР 264 ,73Х,КАЛИНИНГРАД(ХРАБРОВО),46,Y(А07),00:03,563,2026-09-09 00:16:00,2026-09-09 00:17:00,,2026-09-09 00:18:00,2026-09-09 00:26:00,2026-09-09 00:18:00,2026-09-09 00:26:00,2026-09-09 00:24:00,2.0,4.0,2026-09-09 00:34:00,2026-09-09 00:37:00,,0.0,2026-09-09 00:28:00,2026-09-09 00:34:00,,,,,Федоров Н. В.,Победа,Выдача до 30 минут
2026-09-09,TK 3084 ,321,ДАЛАМАН,19,Y(А13),00:15,2169,2026-09-09 00:24:00,2026-09-09 00:29:00,2.0,2026-09-09 00:29:00,2026-09-09 00:45:00,2026-09-09 00:29:00,2026-09-09 00:45:00,2026-09-09 00:42:00,3.0,2.0,2026-09-09 00:43:00,2026-09-09 00:56:00,,2.0,2026-09-09 00:31:00,2026-09-09 00:57:00,,,,,Пельгуев Д.,Turkish Airlines,Выдача от 30 до 40 минут
2026-09-09,TK 3002 ,321,АНТАЛЬЯ,25,Y(А10),00:18,1959,2026-09-09 00:28:00,2026-09-09 00:30:00,,2026-09-09 00:32:00,2026-09-09 00:37:00,2026-09-09 00:32:00,2026-09-09 00:37:00,2026-09-09 00:45:00,,,2026-09-09 00:40:00,2026-09-09 00:47:00,,0.0,2026-09-09 00:25:00,2026-09-09 00:47:00,,,,,Шарипов Д. А.,Turkish Airlines,Выдача до 30 минут
2026-09-09,VF 275 ,73Х,СТАМБУЛ(САБИХА ГОКЦЕН),37,Y(А09),00:22,2219,2026-09-09 00:35:00,2026-09-09 00:35:00,,2026-09-09 00:49:00,2026-09-09 00:55:00,2026-09-09 00:49:00,2026-09-09 00:55:00,2026-09-09 00:54:00,1.0,,2026-09-09 00:53:00,2026-09-09 01:02:00,,0.0,2026-09-09 00:44:00,2026-09-09 00:50:00,2026-09-09 00:38:00,2026-09-09 01:02:00,,,Черкас В. А.,AJET,Выдача до 30 минут
2026-09-09,TK 217 ,321,АНТАЛЬЯ,42,Y(А12),00:26,1899,2026-09-09 00:36:00,2026-09-09 00:39:00,,2026-09-09 00:43:00,2026-09-09 00:49:00,2026-09-09 00:43:00,2026-09-09 00:49:00,2026-09-09 00:53:00,,,2026-09-09 00:59:00,2026-09-09 01:01:00,,0.0,2026-09-09 00:37:00,2026-09-09 01:04:00,,,,,Попов А. И.,Turkish Airlines,Выдача до 30 минут
2026-09-09,FZ 965 ,7М8,ДУБАЙ(ДУБАЙ ИНТЛ.),29,Y(А11),00:30,1645,2026-09-09 00:50:00,2026-09-09 00:52:00,,2026-09-09 00:53:00,2026-09-09 01:07:00,2026-09-09 00:53:00,2026-09-09 01:07:00,2026-09-09 01:05:00,2.0,3.0,2026-09-09 01:06:00,2026-09-09 01:13:00,,0.0,2026-09-09 00:59:00,2026-09-09 01:04:00,2026-09-09 01:09:00,2026-09-09 01:13:00,,,"Каламбеков У. О., Сыргаков Б. А.",flydubai,Выдача до 30 минут
2026-09-09,J2 809 ,763,БАКУ(ИМ. ГЕЙДАРА АЛИЕВА),18,Y(А10),00:33,2878,2026-09-09 00:45:00,2026-09-09 00:49:00,1.0,2026-09-09 00:53:00,2026-09-09 01:01:00,2026-09-09 00:53:00,2026-09-09 01:01:00,2026-09-09 01:08:00,,,2026-09-09 01:06:00,2026-09-09 01:18:00,1.0,3.0,2026-09-09 00:53:00,2026-09-09 01:09:00,2026-09-09 00:42:00,2026-09-09 01:09:00,,,Рябчевский В. О.,AZAL,Выдача от 30 до 40 минут
2026-09-09,VSV 3414 ,752,ТАРАЗ,32A,Y(А09),00:37,5196,2026-09-09 00:51:00,2026-09-09 00:54:00,,2026-09-09 00:55:00,2026-09-09 01:22:00,2026-09-09 00:55:00,2026-09-09 01:22:00,2026-09-09 01:30:00,,,2026-09-09 01:08:00,2026-09-09 01:28:00,,7.0,2026-09-09 01:04:00,2026-09-09 01:07:00,,,2026-09-09 01:13:00,2026-09-09 01:27:00,"Скулов Е. С., Шарипов К. А.",AJET,Выдача от 30 до 40 минут
2026-09-09,TK 421 ,321,СТАМБУЛ(СТАМБУЛ НЬЮ),27,Y(А09),00:41,3696,2026-09-09 00:54:00,2026-09-09 00:56:00,,2026-09-09 00:59:00,2026-09-09 01:15:00,2026-09-09 00:59:00,2026-09-09 01:15:00,2026-09-09 01:23:00,,,2026-09-09 01:11:00,2026-09-09 01:23:00,,0.0,2026-09-09 00:46:00,2026-09-09 01:11:00,2026-09-09 01:15:00,2026-09-09 01:28:00,,,Демчук Д. П.,Turkish Airlines,Выдача до 30 минут
2026-09-09,TK 3036 ,321,АНТАЛЬЯ,23,Y(А09),00:44,2465,2026-09-09 00:55:00,2026-09-09 01:01:00,3.0,2026-09-09 01:00:00,2026-09-09 01:12:00,2026-09-09 01:00:00,2026-09-09 01:12:00,2026-09-09 01:15:00,,,2026-09-09 01:11:00,2026-09-09 01:16:00,,0.0,2026-09-09 00:45:00,2026-09-09 01:15:00,2026-09-09 01:02:00,2026-09-09 01:22:00,,,Киричек А. А.,Turkish Airlines,Выдача до 30 минут
2026-09-09,TK 3178 ,321,ДАЛАМАН,22,Y(А12),00:49,2195,2026-09-09 01:03:00,2026-09-09 01:09:00,3.0,2026-09-09 01:07:00,2026-09-09 01:25:00,2026-09-09 01:07:00,2026-09-09 01:25:00,2026-09-09 01:22:00,3.0,3.0,2026-09-09 01:23:00,2026-09-09 01:35:00,,2.0,2026-09-09 01:06:00,2026-09-09 01:35:00,,,,,Тано Б. А.,Turkish Airlines,Выдача от 30 до 40 минут
2026-09-09,TK 3014 ,321,АНТАЛЬЯ,26,Y(А10),00:52,2520,2026-09-09 01:04:00,2026-09-09 01:07:00,,2026-09-09 01:08:00,2026-09-09 01:16:00,2026-09-09 01:08:00,2026-09-09 01:16:00,2026-09-09 01:25:00,,,2026-09-09 01:19:00,2026-09-09 01:26:00,,0.0,2026-09-09 00:50:00,2026-09-09 01:23:00,2026-09-09 01:00:00,2026-09-09 01:27:00,,,Юрков С.,Turkish Airlines,Выдача до 30 минут
2026-09-09,TK 3154 ,321,БОДРУМ(МИЛАС),20,Y(А09),01:29,1921,2026-09-09 01:46:00,2026-09-09 01:46:00,,2026-09-09 01:48:00,2026-09-09 01:57:00,2026-09-09 01:48:00,2026-09-09 01:57:00,2026-09-09 02:03:00,,,2026-09-09 01:57:00,2026-09-09 02:08:00,,0.0,2026-09-09 01:35:00,2026-09-09 02:08:00,,,,,Дубинский В. Д.,Turkish Airlines,Выдача до 30 минут
2026-09-09,ЮТ 358F,73Х,САМАРА(КУРУМОЧ),11,Y(А06),01:36,312,2026-09-09 01:52:00,2026-09-09 01:54:00,,2026-09-09 01:54:00,2026-09-09 02:17:00,2026-09-09 01:54:00,2026-09-09 02:17:00,2026-09-09 01:58:00,19.0,21.0,2026-09-09 02:21:00,2026-09-09 02:22:00,9.0,0.0,2026-09-09 02:05:00,2026-09-09 02:22:00,,,,,Шарипов К. А.,Ютэйр,Выдача до 30 минут
2026-09-09,NE 600 ,320,ХУРГАДА(ХУРГАДА ИНТЛ.),19,Y(А12),06:10,1826,2026-09-09 06:17:00,2026-09-09 06:21:00,1.0,2026-09-09 06:21:00,2026-09-09 06:35:00,2026-09-09 06:21:00,2026-09-09 06:35:00,2026-09-09 06:33:00,2.0,2.0,2026-09-09 06:30:00,2026-09-09 06:42:00,,0.0,2026-09-09 06:25:00,2026-09-09 06:30:00,2026-09-09 06:36:00,2026-09-09 06:42:00,,,Шарипов Д. А.,Nesma Airlines,Выдача до 30 минут
2026-09-09,3F 323 ,320,ЕРЕВАН(ЗВАРТНОЦ ИНТЛ),24,Y(А13),01:41,1136,2026-09-09 01:51:00,2026-09-09 01:54:00,,2026-09-09 01:56:00,2026-09-09 02:03:00,2026-09-09 01:56:00,2026-09-09 02:03:00,2026-09-09 02:03:00,,,2026-09-09 02:07:00,2026-09-09 02:22:00,,1.0,2026-09-09 02:12:00,2026-09-09 02:22:00,,,,,"Михайлов М. С., Сыргаков Б. А.",FLYONE Armenia,Выдача от 30 до 40 минут
2026-09-09,ДР 742 ,73Х,ТАШКЕНТ(ТАШКЕНТ ИНТЛ.),51,Y(А11),06:45,386,2026-09-09 06:54:00,2026-09-09 06:57:00,,2026-09-09 06:57:00,2026-09-09 07:00:00,2026-09-09 06:57:00,2026-09-09 07:00:00,2026-09-09 07:01:00,,,2026-09-09 07:09:00,2026-09-09 07:10:00,,0.0,2026-09-09 07:05:00,2026-09-09 07:06:00,,,,,Попов А. И.,Победа,Выдача до 30 минут
2026-09-09,ФВ 6005 ,СУ9,САНКТ-ПЕТЕРБУРГ(ПУЛКОВО),8,Y(А04),10:01,74,2026-09-09 10:09:00,2026-09-09 10:12:00,,2026-09-09 10:13:00,2026-09-09 10:15:00,2026-09-09 10:13:00,2026-09-09 10:15:00,2026-09-09 10:13:00,2.0,2.0,2026-09-09 10:17:00,2026-09-09 10:18:00,,0.0,2026-09-09 10:17:00,2026-09-09 10:18:00,,,,,Баташан В. Ю.,Россия,Выдача до 30 минут
2026-09-09,ЮТ 446 ,735,КОГАЛЫМ,13,Y(А05),10:17,281,2026-09-09 10:23:00,2026-09-09 10:25:00,,2026-09-09 10:26:00,2026-09-09 10:31:00,2026-09-09 10:26:00,2026-09-09 10:31:00,2026-09-09 10:29:00,2.0,3.0,2026-09-09 10:34:00,2026-09-09 10:35:00,,0.0,2026-09-09 10:31:00,2026-09-09 10:34:00,,,,,Баташан В. Ю.,Ютэйр,Выдача до 30 минут
2026-09-09,DV 801 ,7М8,ШЫМКЕНТ(ШЫМКЕНТ ИНТЛ.),29,Y(А13),10:23,790,2026-09-09 10:30:00,2026-09-09 10:32:00,,2026-09-09 10:34:00,2026-09-09 10:44:00,2026-09-09 10:34:00,2026-09-09 10:44:00,2026-09-09 10:39:00,5.0,5.0,2026-09-09 10:49:00,2026-09-09 10:54:00,,0.0,2026-09-09 10:52:00,2026-09-09 10:53:00,,,,,Лесной Д. А.,SCAT Airlines,Выдача до 30 минут
2026-09-09,РГ 194 ,ЦР1,ТАМБОВ,57,Y(А04),10:41,87,2026-09-09 10:52:00,2026-09-09 10:53:00,,2026-09-09 10:53:00,2026-09-09 10:54:00,2026-09-09 10:53:00,2026-09-09 10:54:00,2026-09-09 10:57:00,,,2026-09-09 11:01:00,2026-09-09 11:02:00,,0.0,2026-09-09 10:56:00,2026-09-09 11:01:00,,,,,Гафуров О. Ф.,Руслайн,Выдача до 30 минут
2026-09-09,TK 413 ,333,СТАМБУЛ(СТАМБУЛ НЬЮ),23,Y(А09),10:48,2989,2026-09-09 11:01:00,2026-09-09 11:04:00,,2026-09-09 11:04:00,2026-09-09 11:28:00,2026-09-09 11:07:00,2026-09-09 11:28:00,2026-09-09 11:25:00,3.0,1.0,2026-09-09 11:26:00,2026-09-09 11:35:00,5.0,4.0,2026-09-09 11:07:00,2026-09-09 11:28:00,2026-09-09 11:05:00,2026-09-09 11:35:00,,,"Рустамов М. А., Шамсов Б. С.",Turkish Airlines,Выдача от 30 до 40 минут
2026-09-09,ГЗП 912 ,СУ9,НАДЫМ,Б37,Y(А05),11:10,366,2026-09-09 11:19:00,2026-09-09 11:20:00,,2026-09-09 11:25:00,2026-09-09 11:27:00,2026-09-09 11:25:00,2026-09-09 11:27:00,2026-09-09 11:25:00,2.0,,2026-09-09 11:41:00,2026-09-09 11:44:00,,0.0,2026-09-09 11:35:00,2026-09-09 11:43:00,,,,,Бородин А. В.,Газпром авиа,Выдача до 30 минут
2026-09-09,ФВ 6007 ,СУ9,САНКТ-ПЕТЕРБУРГ(ПУЛКОВО),9,Y(А04),11:14,93,2026-09-09 11:28:00,2026-09-09 11:29:00,,2026-09-09 11:29:00,2026-09-09 11:30:00,2026-09-09 11:29:00,2026-09-09 11:30:00,2026-09-09 11:33:00,,,2026-09-09 11:36:00,2026-09-09 11:37:00,,0.0,2026-09-09 11:32:00,2026-09-09 11:34:00,,,,,Острых В. А.,Россия,Выдача до 30 минут
2026-09-09,TK 3070 ,32Б,АНТАЛЬЯ,21,Y(А13),11:32,2173,2026-09-09 11:41:00,2026-09-09 11:41:00,,2026-09-09 11:43:00,2026-09-09 11:56:00,2026-09-09 11:43:00,2026-09-09 11:56:00,2026-09-09 11:59:00,,,2026-09-09 11:58:00,2026-09-09 12:05:00,,0.0,2026-09-09 11:38:00,2026-09-09 12:14:00,,,,,Прохачев И. А.,Turkish Airlines,Выдача до 30 минут
2026-09-09,ЖГ 936 ,73Х,ТБИЛИСИ(ТБИЛИСИ ИНТЛ.),27,Y(А11),11:50,1253,2026-09-09 11:59:00,2026-09-09 11:59:00,,2026-09-09 12:02:00,2026-09-09 12:15:00,2026-09-09 12:02:00,2026-09-09 12:15:00,2026-09-09 12:11:00,4.0,5.0,2026-09-09 12:16:00,2026-09-09 12:17:00,,0.0,2026-09-09 12:10:00,2026-09-09 12:11:00,2026-09-09 12:12:00,2026-09-09 12:17:00,,,"Аганин А. А., Конюхов Я. А.",GEORGIAN AIRWAYS,Выдача до 30 минут
2026-09-09,TK 1231 ,321,АНТАЛЬЯ,18,Y(А10),11:57,842,2026-09-09 12:05:00,2026-09-09 12:07:00,,2026-09-09 12:08:00,2026-09-09 12:18:00,2026-09-09 12:08:00,2026-09-09 12:18:00,2026-09-09 12:15:00,3.0,4.0,2026-09-09 12:23:00,2026-09-09 12:25:00,,0.0,2026-09-09 11:46:00,2026-09-09 12:46:00,,,,,Фаёзов А. Р.,Turkish Airlines,Выдача до 30 минут
2026-09-09,TK 3012 ,321,АНТАЛЬЯ,26,Y(А09),12:04,2534,2026-09-09 12:16:00,2026-09-09 12:19:00,,2026-09-09 12:21:00,2026-09-09 12:43:00,2026-09-09 12:21:00,2026-09-09 12:43:00,2026-09-09 12:37:00,6.0,5.0,2026-09-09 12:27:00,2026-09-09 12:43:00,,0.0,2026-09-09 12:09:00,2026-09-09 12:28:00,2026-09-09 12:32:00,2026-09-09 12:44:00,,,Острых В. А.,Turkish Airlines,Выдача до 30 минут
2026-09-09,TK 3164 ,321,БОДРУМ(МИЛАС),20,Y(А13),12:09,1284,2026-09-09 12:16:00,2026-09-09 12:20:00,1.0,2026-09-09 12:25:00,2026-09-09 12:34:00,2026-09-09 12:25:00,2026-09-09 12:34:00,2026-09-09 12:29:00,5.0,,2026-09-09 12:32:00,2026-09-09 12:43:00,,0.0,2026-09-09 12:22:00,2026-09-09 12:47:00,,,,,Екимов С. С.,Turkish Airlines,Выдача до 30 минут
2026-09-09,ФВ 6009 ,СУ9,САНКТ-ПЕТЕРБУРГ(ПУЛКОВО),8,Y(А04),12:11,175,2026-09-09 12:19:00,2026-09-09 12:25:00,3.0,2026-09-09 12:23:00,2026-09-09 12:25:00,2026-09-09 12:23:00,2026-09-09 12:25:00,2026-09-09 12:24:00,1.0,1.0,2026-09-09 12:28:00,2026-09-09 12:35:00,,0.0,2026-09-09 12:26:00,2026-09-09 12:28:00,,,,,Корнилов Н. А.,Россия,Выдача до 30 минут
2026-09-09,ДР 414 ,73Х,ЧЕЛЯБИНСК(БАЛАНДИНО),44,Y(А07),06:22,367,2026-09-09 06:32:00,2026-09-09 06:34:00,,2026-09-09 06:35:00,2026-09-09 06:37:00,2026-09-09 06:35:00,2026-09-09 06:37:00,2026-09-09 06:38:00,,,2026-09-09 06:44:00,2026-09-09 06:47:00,,0.0,2026-09-09 06:39:00,2026-09-09 06:43:00,,,,,Дубинский В. Д.,Победа,Выдача до 30 минут
2026-09-09,TK 3046 ,321,АНТАЛЬЯ,30,Y(А10),12:16,2836,2026-09-09 12:24:00,2026-09-09 12:24:00,,2026-09-09 12:29:00,2026-09-09 12:42:00,2026-09-09 12:29:00,2026-09-09 12:42:00,2026-09-09 12:47:00,,,2026-09-09 12:38:00,2026-09-09 12:46:00,,0.0,2026-09-09 12:25:00,2026-09-09 12:39:00,2026-09-09 12:28:00,2026-09-09 12:49:00,,,Давлатов Б. Ч.,Turkish Airlines,Выдача до 30 минут
2026-09-09,ЯМ 597 ,73Х,МИРНЫЙ,4,Y(А06),09:37,1695,2026-09-09 09:45:00,2026-09-09 09:45:00,,2026-09-09 09:48:00,2026-09-09 10:00:00,2026-09-09 09:48:00,2026-09-09 10:00:00,2026-09-09 10:00:00,,1.0,2026-09-09 09:58:00,2026-09-09 10:06:00,,0.0,2026-09-09 09:55:00,2026-09-09 10:02:00,2026-09-09 10:24:00,2026-09-09 10:28:00,,,Бородин А. В.,Алроса,Выдача до 30 минут
2026-09-09,КГ 555 ,320,ОШ,18,Y(А13),09:33,2716,2026-09-09 09:43:00,2026-09-09 09:43:00,,2026-09-09 09:46:00,2026-09-09 10:02:00,2026-09-09 09:46:00,2026-09-09 10:02:00,2026-09-09 10:05:00,,,2026-09-09 09:59:00,2026-09-09 10:11:00,,0.0,2026-09-09 09:53:00,2026-09-09 10:00:00,2026-09-09 10:09:00,2026-09-09 10:12:00,,,"Давлатов Б. Ч., Шамсов Б. С.",Aero Nomad,Выдача до 30 минут
2026-09-09,J2 807 ,763,БАКУ(ИМ. ГЕЙДАРА АЛИЕВА),22,Y(А10),11:06,3257,2026-09-09 11:17:00,2026-09-09 11:19:00,,2026-09-09 11:20:00,2026-09-09 11:38:00,2026-09-09 11:20:00,2026-09-09 11:38:00,2026-09-09 11:43:00,,,2026-09-09 11:30:00,2026-09-09 11:44:00,,0.0,2026-09-09 11:20:00,2026-09-09 11:38:00,2026-09-09 11:09:00,2026-09-09 11:45:00,,,Баташан В. Ю.,AZAL,Выдача до 30 минут
2026-09-09,ХИ 9617 ,32Н,НАВОИ(НАВОИ ИНТЛ.),25,Y(А09),07:59,1238,2026-09-09 08:10:00,2026-09-09 08:12:00,,2026-09-09 08:14:00,2026-09-09 08:21:00,2026-09-09 08:14:00,2026-09-09 08:21:00,2026-09-09 08:22:00,,,2026-09-09 08:22:00,2026-09-09 08:27:00,,0.0,2026-09-09 08:18:00,2026-09-09 08:21:00,2026-09-09 08:24:00,2026-09-09 08:27:00,,,Чеканов В. А.,UZBEKISTAN AIRWAYS,Выдача до 30 минут
2026-09-09,ДР 732 ,73Х,НУКУС,49,Y(А11),09:29,612,2026-09-09 09:38:00,2026-09-09 09:41:00,,2026-09-09 09:41:00,2026-09-09 09:46:00,2026-09-09 09:41:00,2026-09-09 09:46:00,2026-09-09 09:46:00,,1.0,2026-09-09 09:53:00,2026-09-09 09:55:00,,0.0,2026-09-09 09:46:00,2026-09-09 09:53:00,,,,,Гафуров О. Ф.,Победа,Выдача до 30 минут
2026-09-09,ЮТ 454 ,73Х,ТЮМЕНЬ(РОЩИНО),24,Y(А06),07:38,793,2026-09-09 07:49:00,2026-09-09 07:51:00,,2026-09-09 07:54:00,2026-09-09 08:02:00,2026-09-09 07:54:00,2026-09-09 08:02:00,2026-09-09 07:58:00,4.0,3.0,2026-09-09 08:07:00,2026-09-09 08:10:00,,0.0,2026-09-09 08:03:00,2026-09-09 08:08:00,,,,,Лаптев В. В.,Ютэйр,Выдача до 30 минут
2026-09-09,В2 981 ,Е75,МИНСК(МИНСК ИНТЛ.),29,Y(А13),07:49,163,2026-09-09 07:56:00,2026-09-09 07:58:00,,2026-09-09 08:01:00,2026-09-09 08:03:00,2026-09-09 08:01:00,2026-09-09 08:03:00,2026-09-09 08:01:00,2.0,1.0,2026-09-09 08:07:00,2026-09-09 08:08:00,,0.0,2026-09-09 08:03:00,2026-09-09 08:07:00,,,,,Екимов С. С.,Белавиа,Выдача до 30 минут
2026-09-09,ДР 744 ,73Х,ОШ,48,Y(А13),07:55,70,2026-09-09 08:02:00,2026-09-09 08:03:00,,2026-09-09 08:04:00,2026-09-09 08:06:00,2026-09-09 08:05:00,2026-09-09 08:06:00,2026-09-09 08:06:00,,1.0,2026-09-09 08:14:00,2026-09-09 08:16:00,,0.0,2026-09-09 08:10:00,2026-09-09 08:18:00,,,,,"Прохачев И. А., Рустамов М. А.",Победа,Выдача до 30 минут
2026-09-09,ФВ 6051 ,СУ9,САНКТ-ПЕТЕРБУРГ(ПУЛКОВО),8,Y(А04),08:03,35,2026-09-09 08:15:00,2026-09-09 08:17:00,,2026-09-09 08:19:00,2026-09-09 08:21:00,2026-09-09 08:19:00,2026-09-09 08:21:00,2026-09-09 08:19:00,2.0,2.0,2026-09-09 08:22:00,2026-09-09 08:23:00,,0.0,2026-09-09 08:19:00,2026-09-09 08:23:00,,,,,Фаёзов А. Р.,Россия,Выдача до 30 минут
2026-09-09,ЮТ 248 ,73Х,СУРГУТ,11,Y(А05),08:07,593,2026-09-09 08:14:00,2026-09-09 08:17:00,,2026-09-09 08:18:00,2026-09-09 08:29:00,2026-09-09 08:18:00,2026-09-09 08:29:00,2026-09-09 08:22:00,7.0,7.0,2026-09-09 08:28:00,2026-09-09 08:30:00,,0.0,2026-09-09 08:26:00,2026-09-09 08:27:00,,,,,Додаров Б. М.,Ютэйр,Выдача до 30 минут
2026-09-09,ХИ 9615 ,32Н,УРГЕНЧ(УРГЕНЧ ИНТЛ.),23,Y(А10),07:35,1812,2026-09-09 07:47:00,2026-09-09 07:50:00,,2026-09-09 07:51:00,2026-09-09 08:05:00,2026-09-09 07:51:00,2026-09-09 08:05:00,2026-09-09 08:03:00,2.0,2.0,2026-09-09 08:00:00,2026-09-09 08:11:00,,0.0,2026-09-09 07:57:00,2026-09-09 08:00:00,2026-09-09 08:08:00,2026-09-09 08:12:00,,,Аганин А. А.,UZBEKISTAN AIRWAYS,Выдача до 30 минут
2026-09-09,ЮТ 560 ,73Х,МАХАЧКАЛА,14,Y(А05),08:40,748,2026-09-09 08:47:00,2026-09-09 08:50:00,,2026-09-09 08:50:00,2026-09-09 09:03:00,2026-09-09 08:50:00,2026-09-09 09:03:00,2026-09-09 08:56:00,7.0,8.0,2026-09-09 09:06:00,2026-09-09 09:21:00,,4.0,2026-09-09 09:03:00,2026-09-09 09:07:00,,,,,Екимов С. С.,Ютэйр,Выдача от 30 до 40 минут
2026-09-09,ЮТ 572 ,73Х,КРАСНОЯРСК,21,Y(А06),08:13,722,2026-09-09 08:20:00,2026-09-09 08:22:00,,2026-09-09 08:43:00,2026-09-09 08:50:00,2026-09-09 08:43:00,2026-09-09 08:50:00,2026-09-09 08:29:00,21.0,2.0,2026-09-09 08:54:00,2026-09-09 08:55:00,4.0,5.0,2026-09-09 08:30:00,2026-09-09 08:54:00,,,,,Бородин А. В.,Ютэйр,Выдача от 30 до 40 минут
2026-09-09,ЮТ 356 ,734,ГРОЗНЫЙ(СЕВЕРНЫЙ),15,Y(А07),08:46,468,2026-09-09 08:54:00,2026-09-09 08:56:00,,2026-09-09 08:57:00,2026-09-09 09:01:00,2026-09-09 08:57:00,2026-09-09 09:01:00,2026-09-09 09:01:00,,1.0,2026-09-09 09:06:00,2026-09-09 09:08:00,,0.0,2026-09-09 09:01:00,2026-09-09 09:06:00,,,,,Фозылов Б. З.,Ютэйр,Выдача до 30 минут
2026-09-09,ДР 714 ,73Х,САМАРКАНД(САМАРКАНД ИНТЛ.),47,Y(А10),08:49,342,2026-09-09 08:57:00,2026-09-09 08:59:00,,2026-09-09 09:01:00,2026-09-09 09:03:00,2026-09-09 09:01:00,2026-09-09 09:03:00,2026-09-09 09:03:00,,,2026-09-09 09:11:00,2026-09-09 09:12:00,,0.0,2026-09-09 09:04:00,2026-09-09 09:11:00,,,,,Острых В. А.,Победа,Выдача до 30 минут
2026-09-09,ЮТ 786 ,73Х,ЕРЕВАН(ЗВАРТНОЦ ИНТЛ),16,Y(А13),08:53,1594,2026-09-09 09:01:00,2026-09-09 09:09:00,5.0,2026-09-09 09:10:00,2026-09-09 09:23:00,2026-09-09 09:10:00,2026-09-09 09:23:00,2026-09-09 09:16:00,7.0,2.0,2026-09-09 09:26:00,2026-09-09 09:30:00,,0.0,2026-09-09 09:19:00,2026-09-09 09:26:00,2026-09-09 09:25:00,2026-09-09 09:30:00,,,Рустамов М. А.,Ютэйр,Выдача до 30 минут
2026-09-09,3F 321 ,320,ЕРЕВАН(ЗВАРТНОЦ ИНТЛ),30,Y(А13),08:58,1184,2026-09-09 09:10:00,2026-09-09 09:10:00,,2026-09-09 09:10:00,2026-09-09 09:14:00,2026-09-09 09:10:00,2026-09-09 09:14:00,2026-09-09 09:22:00,,,2026-09-09 09:22:00,2026-09-09 09:24:00,,0.0,2026-09-09 09:18:00,2026-09-09 09:22:00,,,,,Науну М.,FLYONE Armenia,Выдача до 30 минут
2026-09-09,ДР 712 ,73Х,САМАРКАНД(САМАРКАНД ИНТЛ.),46,Y(А12),09:17,233,2026-09-09 09:23:00,2026-09-09 09:28:00,2.0,2026-09-09 09:27:00,2026-09-09 09:29:00,2026-09-09 09:27:00,2026-09-09 09:29:00,2026-09-09 09:29:00,,,2026-09-09 09:35:00,2026-09-09 09:36:00,,0.0,2026-09-09 09:32:00,2026-09-09 09:34:00,,,,,Баташан В. Ю.,Победа,Выдача до 30 минут
2026-09-09,ВГ 2390 ,ЯК4,ВОЛОГДА,45,0,09:20,79,2026-09-09 09:25:00,2026-09-09 09:26:00,,2026-09-09 09:28:00,2026-09-09 09:29:00,2026-09-09 09:28:00,2026-09-09 09:29:00,2026-09-09 09:30:00,,,,-1,,0.0,,,,,,,Екимов С. С.,Вологодское АП,Не определено
2026-09-09,ФВ 6003 ,СУ9,САНКТ-ПЕТЕРБУРГ(ПУЛКОВО),9,Y(А04),09:25,63,2026-09-09 09:34:00,2026-09-09 09:36:00,,2026-09-09 09:38:00,2026-09-09 09:41:00,2026-09-09 09:38:00,2026-09-09 09:41:00,2026-09-09 09:38:00,3.0,3.0,2026-09-09 09:42:00,2026-09-09 09:43:00,,0.0,2026-09-09 09:41:00,2026-09-09 09:42:00,,,,,Додаров Б. М.,Россия,Выдача до 30 минут
2026-09-09,ХИ 9607 ,32Н,БУХАРА(БУХАРА ИНТЛ.),27,Y(А09),07:31,1577,2026-09-09 07:41:00,2026-09-09 07:43:00,,2026-09-09 07:46:00,2026-09-09 08:01:00,2026-09-09 07:46:00,2026-09-09 08:01:00,2026-09-09 07:56:00,5.0,4.0,2026-09-09 07:57:00,2026-09-09 08:07:00,,0.0,2026-09-09 07:54:00,2026-09-09 07:57:00,2026-09-09 08:03:00,2026-09-09 08:06:00,,,Конюхов Я. А.,UZBEKISTAN AIRWAYS,Выдача до 30 минут
2026-09-10,ЮТ 596 ,735,УСИНСК,10,Y(А07),17:39,369,2026-09-10 17:47:00,2026-09-10 17:47:00,,2026-09-10 17:50:00,2026-09-10 17:54:00,2026-09-10 17:50:00,2026-09-10 17:54:00,2026-09-10 17:53:00,1.0,2.0,2026-09-10 17:58:00,2026-09-10 17:59:00,,0.0,2026-09-10 17:56:00,2026-09-10 17:57:00,,,,,Лесной Д. А.,Ютэйр,Выдача до 30 минут
2026-09-10,ЮТ 374 ,73Х,МИНЕРАЛЬНЫЕ ВОДЫ,17,Y(А05),17:35,966,2026-09-10 17:45:00,2026-09-10 17:47:00,,2026-09-10 17:48:00,2026-09-10 17:57:00,2026-09-10 17:48:00,2026-09-10 17:57:00,2026-09-10 17:55:00,2.0,3.0,2026-09-10 18:03:00,2026-09-10 18:04:00,,0.0,2026-09-10 18:00:00,2026-09-10 18:03:00,,,,,Андреев А. М.,Ютэйр,Выдача до 30 минут
2026-09-10,ЮТ 356 ,73Е,ГРОЗНЫЙ(СЕВЕРНЫЙ),15,Y(А08),17:43,198,2026-09-10 17:50:00,2026-09-10 17:53:00,,2026-09-10 17:56:00,2026-09-10 17:57:00,2026-09-10 17:56:00,2026-09-10 17:57:00,2026-09-10 17:55:00,2.0,,2026-09-10 18:04:00,2026-09-10 18:05:00,,0.0,2026-09-10 17:58:00,2026-09-10 18:04:00,,,,,Семиченков С. А.,Ютэйр,Выдача до 30 минут
2026-09-10,ГЗП 908 ,СУ9,НАДЫМ,Б37,Y(А05),18:47,440,2026-09-10 18:52:00,2026-09-10 18:53:00,,2026-09-10 18:55:00,2026-09-10 19:01:00,2026-09-10 18:55:00,2026-09-10 19:01:00,2026-09-10 18:59:00,2.0,3.0,2026-09-10 19:22:00,2026-09-10 19:23:00,,0.0,2026-09-10 19:00:00,2026-09-10 19:20:00,,,,,Давлатов Б. Ч.,Газпром авиа,Выдача до 30 минут
2026-09-10,AZV 2502 ,763,НЯЧАНГ(КАМРАНЬ ИНТЛ),1,Y(А09),17:28,1620,2026-09-10 17:40:00,2026-09-10 17:43:00,,2026-09-10 17:45:00,2026-09-10 17:57:00,2026-09-10 17:45:00,2026-09-10 17:57:00,2026-09-10 17:55:00,2.0,1.0,2026-09-10 17:56:00,2026-09-10 18:01:00,,0.0,2026-09-10 17:52:00,2026-09-10 18:00:00,,,,,Давлатов Б. Ч.,АЗУР эйр,Выдача до 30 минут
2026-09-10,3F 325 ,320,ЕРЕВАН(ЗВАРТНОЦ ИНТЛ),30,Y(А13),18:04,1379,2026-09-10 18:13:00,2026-09-10 18:14:00,,2026-09-10 18:14:00,2026-09-10 18:22:00,2026-09-10 18:15:00,2026-09-10 18:22:00,2026-09-10 18:26:00,,,2026-09-10 18:22:00,2026-09-10 18:26:00,,0.0,2026-09-10 18:20:00,2026-09-10 18:23:00,2026-09-10 18:22:00,2026-09-10 18:26:00,,,"Вазиров Т. В., Лесной Д. А.",FLYONE Armenia,Выдача до 30 минут
2026-09-10,ЮТ 746 ,73Х,БАКУ(ИМ. ГЕЙДАРА АЛИЕВА),11,Y(А11),17:23,1724,2026-09-10 17:30:00,2026-09-10 17:32:00,,2026-09-10 17:33:00,2026-09-10 17:49:00,2026-09-10 17:33:00,2026-09-10 17:49:00,2026-09-10 17:45:00,4.0,5.0,2026-09-10 17:48:00,2026-09-10 17:57:00,,0.0,2026-09-10 17:51:00,2026-09-10 17:54:00,2026-09-10 17:42:00,2026-09-10 17:46:00,,,Иванов В. А.,Ютэйр,Выдача до 30 минут
2026-09-10,ДР 836 ,73Х,ГАЗИПАША,50,Y(А10),17:31,1538,2026-09-10 17:37:00,2026-09-10 17:41:00,1.0,2026-09-10 17:39:00,2026-09-10 17:50:00,2026-09-10 17:39:00,2026-09-10 17:50:00,2026-09-10 17:51:00,,1.0,2026-09-10 17:51:00,2026-09-10 18:04:00,,0.0,2026-09-10 17:46:00,2026-09-10 17:50:00,2026-09-10 17:55:00,2026-09-10 18:03:00,,,Харитонов И. А.,Победа,Выдача до 30 минут
2026-09-10,PBD 840 ,7С8,АНТАЛЬЯ,49,Y(А10),18:07,1270,2026-09-10 18:15:00,2026-09-10 18:18:00,,2026-09-10 18:26:00,2026-09-10 18:27:00,2026-09-10 18:26:00,2026-09-10 18:27:00,2026-09-10 18:27:00,,,2026-09-10 18:30:00,2026-09-10 18:38:00,,0.0,2026-09-10 18:23:00,2026-09-10 18:37:00,2026-09-10 18:31:00,2026-09-10 18:37:00,,,Кейта А. С.,Победа,Выдача до 30 минут
2026-09-10,В2 985 ,Е95,ГОМЕЛЬ,29,Y(А13),18:38,418,2026-09-10 18:43:00,2026-09-10 18:45:00,,2026-09-10 18:47:00,2026-09-10 18:52:00,2026-09-10 18:47:00,2026-09-10 18:52:00,2026-09-10 18:50:00,2.0,2.0,2026-09-10 18:57:00,2026-09-10 18:58:00,,0.0,2026-09-10 18:54:00,2026-09-10 18:57:00,,,,,Фанин Н. О.,Белавиа,Выдача до 30 минут
2026-09-10,PBD 736 ,73Х,ГАЗИПАША,46,Y(А11),18:15,1424,2026-09-10 18:23:00,2026-09-10 18:26:00,,2026-09-10 18:29:00,2026-09-10 18:38:00,2026-09-10 18:29:00,2026-09-10 18:38:00,2026-09-10 18:36:00,2.0,,2026-09-10 18:42:00,2026-09-10 18:49:00,,0.0,2026-09-10 18:35:00,2026-09-10 18:44:00,2026-09-10 18:43:00,2026-09-10 18:49:00,,,Соколов И. С.,Победа,Выдача до 30 минут
2026-09-10,ФВ 6177 ,СУ9,САНКТ-ПЕТЕРБУРГ(ПУЛКОВО),8,Y(А04),18:21,107,2026-09-10 18:31:00,2026-09-10 18:33:00,,2026-09-10 18:35:00,2026-09-10 18:41:00,2026-09-10 18:35:00,2026-09-10 18:41:00,2026-09-10 18:36:00,5.0,5.0,2026-09-10 18:41:00,2026-09-10 18:42:00,,0.0,2026-09-10 18:41:00,2026-09-10 18:43:00,,,,,Иванов В. А.,Россия,Выдача до 30 минут
2026-09-10,TK 415 ,321,СТАМБУЛ(СТАМБУЛ НЬЮ),20,Y(А10),18:24,3481,2026-09-10 18:35:00,2026-09-10 18:37:00,,2026-09-10 18:38:00,2026-09-10 18:54:00,2026-09-10 18:38:00,2026-09-10 18:54:00,2026-09-10 19:02:00,,,2026-09-10 18:53:00,2026-09-10 19:00:00,,0.0,2026-09-10 18:33:00,2026-09-10 18:58:00,2026-09-10 18:47:00,2026-09-10 19:04:00,,,Рустамов М. А.,Turkish Airlines,Выдача до 30 минут
2026-09-10,ЮТ 802 ,762,ДУШАНБЕ(ДУШАНБЕ ИНТЛ.),19,Y(А09),18:32,2937,2026-09-10 18:41:00,2026-09-10 18:44:00,,2026-09-10 18:46:00,2026-09-10 19:10:00,2026-09-10 18:46:00,2026-09-10 19:10:00,2026-09-10 19:05:00,5.0,4.0,2026-09-10 19:12:00,2026-09-10 19:23:00,11.0,12.0,2026-09-10 18:46:00,2026-09-10 19:17:00,,,,,Тихонов С. М.,Ютэйр,Выдача более 40 минут
2026-09-10,ЮТ 464 ,73Х,ТЮМЕНЬ(РОЩИНО),16,Y(А08),18:36,773,2026-09-10 18:44:00,2026-09-10 18:46:00,,2026-09-10 18:45:00,2026-09-10 18:54:00,2026-09-10 18:45:00,2026-09-10 18:54:00,2026-09-10 18:53:00,1.0,4.0,2026-09-10 19:02:00,2026-09-10 19:03:00,,0.0,2026-09-10 18:57:00,2026-09-10 19:02:00,,,,,Аганин А. А.,Ютэйр,Выдача до 30 минут
2026-09-10,ЮТ 576 ,735,КРАСНОДАР(ПАШКОВСКИЙ),7,Y(А07),18:41,675,2026-09-10 18:48:00,2026-09-10 18:48:00,,2026-09-10 18:54:00,2026-09-10 18:57:00,2026-09-10 18:54:00,2026-09-10 18:57:00,2026-09-10 18:57:00,,,2026-09-10 19:21:00,2026-09-10 19:22:00,3.0,4.0,2026-09-10 19:01:00,2026-09-10 19:05:00,,,,,Харитонов И. А.,Ютэйр,Выдача от 30 до 40 минут
2026-09-10,ФВ 6175 ,СУ9,САНКТ-ПЕТЕРБУРГ(ПУЛКОВО),9,Y(А04),17:18,105,2026-09-10 17:29:00,2026-09-10 17:30:00,,2026-09-10 17:33:00,2026-09-10 17:36:00,2026-09-10 17:33:00,2026-09-10 17:36:00,2026-09-10 17:34:00,2.0,2.0,2026-09-10 17:37:00,2026-09-10 17:38:00,,0.0,2026-09-10 17:35:00,2026-09-10 17:37:00,,,,,Лесной Д. А.,Россия,Выдача до 30 минут
2026-09-10,ХИ 9615 ,320,УРГЕНЧ(УРГЕНЧ ИНТЛ.),23,Y(А12),18:11,1905,2026-09-10 18:22:00,2026-09-10 18:23:00,,2026-09-10 18:25:00,2026-09-10 18:41:00,2026-09-10 18:25:00,2026-09-10 18:41:00,2026-09-10 18:39:00,2.0,3.0,2026-09-10 18:35:00,2026-09-10 18:51:00,,0.0,2026-09-10 18:31:00,2026-09-10 18:35:00,2026-09-10 18:44:00,2026-09-10 18:50:00,,,Лаптев В. В.,UZBEKISTAN AIRWAYS,Выдача до 30 минут
2026-09-10,НВЦ 9152 ,320,САБЕТТА,13,Y(А06),16:58,1198,2026-09-10 17:11:00,2026-09-10 17:11:00,,2026-09-10 17:14:00,2026-09-10 17:25:00,2026-09-10 17:14:00,2026-09-10 17:25:00,2026-09-10 17:23:00,2.0,3.0,2026-09-10 17:27:00,2026-09-10 17:28:00,,0.0,2026-09-10 17:24:00,2026-09-10 17:28:00,,,,,Харитонов И. А.,Северо-Запад,Выдача до 30 минут
2026-09-10,ЖГ 937 ,735,БАТУМИ,30,Y(А12),13:11,899,2026-09-10 13:22:00,2026-09-10 13:23:00,,2026-09-10 13:28:00,2026-09-10 13:37:00,2026-09-10 13:28:00,2026-09-10 13:37:00,2026-09-10 13:32:00,5.0,3.0,2026-09-10 13:39:00,2026-09-10 13:42:00,,0.0,2026-09-10 13:37:00,2026-09-10 13:39:00,,,,,Кейта А. С.,GEORGIAN AIRWAYS,Выдача до 30 минут
2026-09-10,ДР 856 ,73Х,ГЮМРИ(ШИРАК),48,Y(А13),16:18,1352,2026-09-10 16:27:00,2026-09-10 16:27:00,,2026-09-10 16:29:00,2026-09-10 16:38:00,2026-09-10 16:29:00,2026-09-10 16:38:00,2026-09-10 16:40:00,,,2026-09-10 16:40:00,2026-09-10 16:44:00,,0.0,2026-09-10 16:33:00,2026-09-10 16:39:00,2026-09-10 16:39:00,2026-09-10 16:45:00,,,Коляскин А. Г.,Победа,Выдача до 30 минут
2026-09-10,УТА 6136 ,73Х,ИГАРКА,12,Y(А06),18:52,1047,2026-09-10 19:01:00,2026-09-10 19:01:00,,2026-09-10 19:04:00,2026-09-10 19:14:00,2026-09-10 19:04:00,2026-09-10 19:14:00,2026-09-10 19:12:00,2.0,3.0,2026-09-10 19:26:00,2026-09-10 19:29:00,5.0,0.0,2026-09-10 19:15:00,2026-09-10 19:18:00,,,,,Тришкин А. В.,Ютэйр,Выдача до 30 минут
2026-09-10,ЯМ 543 ,73Х,НОВОСИБИРСК(ТОЛМАЧЕВО),11,Y(А06),12:57,728,2026-09-10 13:06:00,2026-09-10 13:06:00,,2026-09-10 13:08:00,2026-09-10 13:13:00,2026-09-10 13:08:00,2026-09-10 13:13:00,2026-09-10 13:15:00,,,2026-09-10 13:18:00,2026-09-10 13:19:00,,0.0,2026-09-10 13:15:00,2026-09-10 13:18:00,,,,,Харитонов И. А.,Алроса,Выдача до 30 минут
2026-09-10,AZO 7208 ,СУ9,ТБИЛИСИ(ТБИЛИСИ ИНТЛ.),31,Y(А11),13:07,415,2026-09-10 13:18:00,2026-09-10 13:23:00,2.0,2026-09-10 13:27:00,2026-09-10 13:31:00,2026-09-10 13:27:00,2026-09-10 13:31:00,2026-09-10 13:25:00,6.0,1.0,2026-09-10 13:35:00,2026-09-10 13:36:00,,0.0,2026-09-10 13:32:00,2026-09-10 13:35:00,,,,,Фанин Н. О.,GEORGIAN AIRWAYS,Выдача до 30 минут
2026-09-10,ФВ 6025 ,СУ9,САНКТ-ПЕТЕРБУРГ(ПУЛКОВО),8,Y(А04),13:19,110,2026-09-10 13:30:00,2026-09-10 13:33:00,,2026-09-10 13:36:00,2026-09-10 13:38:00,2026-09-10 13:36:00,2026-09-10 13:38:00,2026-09-10 13:35:00,3.0,1.0,2026-09-10 13:41:00,2026-09-10 13:42:00,,0.0,2026-09-10 13:39:00,2026-09-10 13:41:00,,,,,Гафуров О. Ф.,Россия,Выдача до 30 минут
2026-09-10,TK 417 ,321,СТАМБУЛ(СТАМБУЛ НЬЮ),23,Y(А10),13:24,1982,2026-09-10 13:41:00,2026-09-10 13:44:00,,2026-09-10 13:44:00,2026-09-10 13:59:00,2026-09-10 13:44:00,2026-09-10 13:59:00,2026-09-10 13:58:00,1.0,2.0,2026-09-10 14:01:00,2026-09-10 14:05:00,,0.0,2026-09-10 13:59:00,2026-09-10 14:05:00,,,,,Аганин А. А.,Turkish Airlines,Выдача до 30 минут
2026-09-10,ГЗП 242 ,СУ9,УФА,Б52,Y(А05),13:40,754,2026-09-10 13:44:00,2026-09-10 13:45:00,,2026-09-10 13:48:00,2026-09-10 13:54:00,2026-09-10 13:48:00,2026-09-10 13:54:00,2026-09-10 13:53:00,1.0,1.0,2026-09-10 14:13:00,2026-09-10 14:15:00,,0.0,2026-09-10 13:57:00,2026-09-10 14:13:00,,,,,Тихонов С. М.,Газпром авиа,Выдача до 30 минут
2026-09-10,PC 388 ,32Щ,СТАМБУЛ(САБИХА ГОКЦЕН),18,Y(А09),13:46,2541,2026-09-10 13:56:00,2026-09-10 13:59:00,,2026-09-10 13:59:00,2026-09-10 14:12:00,2026-09-10 14:00:00,2026-09-10 14:12:00,2026-09-10 14:17:00,,,2026-09-10 14:10:00,2026-09-10 14:17:00,,0.0,2026-09-10 14:06:00,2026-09-10 14:11:00,2026-09-10 14:13:00,2026-09-10 14:17:00,,,"Вазиров Т. В., Иванов В. А.",Pegasus,Выдача до 30 минут
2026-09-10,TK 3026 ,321,БОДРУМ(МИЛАС),20,Y(А09),14:00,1162,2026-09-10 14:12:00,2026-09-10 14:14:00,,2026-09-10 14:15:00,2026-09-10 14:23:00,2026-09-10 14:15:00,2026-09-10 14:23:00,2026-09-10 14:24:00,,,2026-09-10 14:29:00,2026-09-10 14:30:00,,0.0,2026-09-10 14:10:00,2026-09-10 14:30:00,,,,,Семиченков С. А.,Turkish Airlines,Выдача до 30 минут
2026-09-10,В2 983 ,Е95,МИНСК(МИНСК ИНТЛ.),29,Y(А13),14:07,381,2026-09-10 14:12:00,2026-09-10 14:13:00,,2026-09-10 14:17:00,2026-09-10 14:22:00,2026-09-10 14:17:00,2026-09-10 14:22:00,2026-09-10 14:19:00,3.0,2.0,2026-09-10 14:27:00,2026-09-10 14:30:00,,0.0,2026-09-10 14:24:00,2026-09-10 14:27:00,,,,,Гафуров О. Ф.,Белавиа,Выдача до 30 минут
2026-09-10,NE 614 ,320,ХУРГАДА(ХУРГАДА ИНТЛ.),24,Y(А10),14:20,1801,2026-09-10 14:31:00,2026-09-10 14:32:00,,2026-09-10 14:34:00,2026-09-10 14:49:00,2026-09-10 14:34:00,2026-09-10 14:49:00,2026-09-10 14:47:00,2.0,3.0,2026-09-10 14:44:00,2026-09-10 14:57:00,,0.0,2026-09-10 14:40:00,2026-09-10 14:43:00,2026-09-10 14:52:00,2026-09-10 14:56:00,,,"Рустамов М. А., Фанин Н. О.",Nesma Airlines,Выдача до 30 минут
2026-09-10,FZ 989 ,7М8,ДУБАЙ(ДУБАЙ ИНТЛ.),22,Y(А09),14:30,1266,2026-09-10 14:41:00,2026-09-10 14:42:00,,2026-09-10 14:42:00,2026-09-10 14:54:00,2026-09-10 14:44:00,2026-09-10 14:54:00,2026-09-10 14:53:00,1.0,2.0,2026-09-10 14:51:00,2026-09-10 14:56:00,,0.0,2026-09-10 14:48:00,2026-09-10 14:51:00,2026-09-10 14:53:00,2026-09-10 15:00:00,,,"Кейта А. С., Харитонов И. А.",flydubai,Выдача до 30 минут
2026-09-10,ФВ 6031 ,СУ9,САНКТ-ПЕТЕРБУРГ(ПУЛКОВО),9,Y(А04),14:54,140,2026-09-10 15:10:00,2026-09-10 15:10:00,,2026-09-10 15:12:00,2026-09-10 15:13:00,2026-09-10 15:12:00,2026-09-10 15:13:00,2026-09-10 15:15:00,,,2026-09-10 15:18:00,2026-09-10 15:19:00,,0.0,2026-09-10 15:16:00,2026-09-10 15:18:00,,,,,Лесной Д. А.,Россия,Выдача до 30 минут
2026-09-10,ДР 992 ,73Х,ДУБАЙ(АЛЬ-МАКТУМ ИНТЛ),49,Y(А09),15:00,1886,2026-09-10 15:12:00,2026-09-10 15:17:00,2.0,2026-09-10 15:14:00,2026-09-10 15:26:00,2026-09-10 15:14:00,2026-09-10 15:26:00,2026-09-10 15:29:00,,,2026-09-10 15:24:00,2026-09-10 15:32:00,,0.0,2026-09-10 15:18:00,2026-09-10 15:24:00,2026-09-10 15:24:00,2026-09-10 15:31:00,,,"Коляскин А. Г., Соколов И. С.",Победа,Выдача до 30 минут
2026-09-10,ЮТ 744 ,734,ГЯНДЖА,16,Y(А12),15:58,1685,2026-09-10 16:07:00,2026-09-10 16:08:00,,2026-09-10 16:11:00,2026-09-10 16:27:00,2026-09-10 16:11:00,2026-09-10 16:27:00,2026-09-10 16:22:00,5.0,5.0,2026-09-10 16:23:00,2026-09-10 16:45:00,,8.0,2026-09-10 16:18:00,2026-09-10 16:23:00,2026-09-10 16:36:00,2026-09-10 16:37:00,,,Тихонов С. М.,Ютэйр,Выдача от 30 до 40 минут
2026-09-10,NE 644 ,321,ШАРМ ЭЛЬ ШЕЙХ(ШАРМ ЭЛЬ ШЕЙХ ИНТЛ.),25,Y(А10),16:00,2411,2026-09-10 16:10:00,2026-09-10 16:11:00,,2026-09-10 16:14:00,2026-09-10 16:25:00,2026-09-10 16:14:00,2026-09-10 16:25:00,2026-09-10 16:30:00,,,2026-09-10 16:23:00,2026-09-10 16:35:00,,0.0,2026-09-10 16:21:00,2026-09-10 16:24:00,2026-09-10 16:29:00,2026-09-10 16:34:00,,,"Андреев А. М., Семиченков С. А.",Nesma Airlines,Выдача до 30 минут
2026-09-10,ЖГ 926 ,73Х,ТБИЛИСИ(ТБИЛИСИ ИНТЛ.),30,Y(А09),16:04,1460,2026-09-10 16:11:00,2026-09-10 16:11:00,,2026-09-10 16:14:00,2026-09-10 16:23:00,2026-09-10 16:14:00,2026-09-10 16:23:00,2026-09-10 16:25:00,,,2026-09-10 16:23:00,2026-09-10 16:29:00,,0.0,2026-09-10 16:20:00,2026-09-10 16:23:00,2026-09-10 16:26:00,2026-09-10 16:29:00,,,"Тришкин А. В., Фанин Н. О.",GEORGIAN AIRWAYS,Выдача до 30 минут
2026-09-10,ФВ 6037 ,СУ9,САНКТ-ПЕТЕРБУРГ(ПУЛКОВО),8,Y(А04),16:14,174,2026-09-10 16:23:00,2026-09-10 16:23:00,,2026-09-10 16:27:00,2026-09-10 16:31:00,2026-09-10 16:27:00,2026-09-10 16:31:00,2026-09-10 16:28:00,3.0,3.0,2026-09-10 16:34:00,2026-09-10 16:35:00,,0.0,2026-09-10 16:33:00,2026-09-10 16:34:00,,,,,Аганин А. А.,Россия,Выдача до 30 минут
2026-09-10,ДР 160 ,7С8,КРАСНОДАР(ПАШКОВСКИЙ),47,Y(А05),16:34,451,2026-09-10 16:40:00,2026-09-10 16:43:00,,2026-09-10 16:42:00,2026-09-10 16:47:00,2026-09-10 16:42:00,2026-09-10 16:47:00,2026-09-10 16:47:00,,2.0,2026-09-10 16:52:00,2026-09-10 16:54:00,,0.0,2026-09-10 16:47:00,2026-09-10 16:52:00,,,,,Лесной Д. А.,Победа,Выдача до 30 минут
2026-09-10,ЮТ 398 ,734,ГЕЛЕНДЖИК,58,Y(А06),18:58,1100,2026-09-10 19:12:00,2026-09-10 19:14:00,,2026-09-10 19:13:00,2026-09-10 19:22:00,2026-09-10 19:13:00,2026-09-10 19:22:00,2026-09-10 19:23:00,,2.0,2026-09-10 19:30:00,2026-09-10 19:32:00,,0.0,2026-09-10 19:19:00,2026-09-10 19:28:00,,,,,Андреев А. М.,Ютэйр,Выдача до 30 минут
2026-09-10,NE 640 ,321,ШАРМ ЭЛЬ ШЕЙХ(ШАРМ ЭЛЬ ШЕЙХ ИНТЛ.),21,Y(А13),23:36,2256,2026-09-10 23:46:00,2026-09-10 23:51:00,2.0,2026-09-10 23:52:00,2026-09-11 00:12:00,2026-09-10 23:52:00,2026-09-11 00:12:00,2026-09-11 00:05:00,7.0,5.0,2026-09-11 00:04:00,2026-09-11 00:18:00,,2.0,2026-09-10 23:58:00,2026-09-11 00:05:00,2026-09-11 00:12:00,2026-09-11 00:18:00,,,Кейта А. С.,Nesma Airlines,Выдача от 30 до 40 минут
2026-09-10,УР 512 ,75В,БОДРУМ(МИЛАС),18,Y(А11),19:37,954,2026-09-10 19:52:00,2026-09-10 19:51:00,-1.0,2026-09-10 19:55:00,2026-09-10 20:02:00,2026-09-10 19:55:00,2026-09-10 20:02:00,2026-09-10 20:02:00,,1.0,2026-09-10 20:05:00,2026-09-10 20:08:00,,0.0,2026-09-10 20:01:00,2026-09-10 20:05:00,,,,,Михайлов М. С.,FLYONE Armenia,Выдача до 30 минут
2026-09-10,FZ 967 ,7М8,ДУБАЙ(ДУБАЙ ИНТЛ.),30,Y(А10),22:18,1885,2026-09-10 22:28:00,2026-09-10 22:30:00,,2026-09-10 22:31:00,2026-09-10 22:44:00,2026-09-10 22:31:00,2026-09-10 22:44:00,2026-09-10 22:45:00,,,2026-09-10 22:44:00,2026-09-10 22:52:00,,0.0,2026-09-10 22:40:00,2026-09-10 22:45:00,2026-09-10 22:49:00,2026-09-10 22:52:00,,,Фаёзов А. Р.,flydubai,Выдача до 30 минут
2026-09-10,ДР 994 ,73Х,СТАМБУЛ(СТАМБУЛ НЬЮ),48,Y(А11),22:20,1020,2026-09-10 22:27:00,2026-09-10 22:29:00,,2026-09-10 22:29:00,2026-09-10 22:36:00,2026-09-10 22:29:00,2026-09-10 22:36:00,2026-09-10 22:38:00,,,2026-09-10 22:48:00,2026-09-10 22:50:00,,0.0,2026-09-10 22:38:00,2026-09-10 22:48:00,,,,,"Науну М., Острых В. А.",Победа,Выдача до 30 минут
2026-09-10,PC 1580 ,32Н,АНТАЛЬЯ,19,Y(А09),22:25,1935,2026-09-10 22:31:00,2026-09-10 22:31:00,,2026-09-10 22:38:00,2026-09-10 22:53:00,2026-09-10 22:38:00,2026-09-10 22:53:00,2026-09-10 22:48:00,5.0,2.0,2026-09-10 22:52:00,2026-09-10 22:55:00,1.0,0.0,2026-09-10 22:45:00,2026-09-10 22:50:00,2026-09-10 22:55:00,2026-09-10 23:01:00,,,Баташан В. Ю.,Pegasus,Выдача до 30 минут
2026-09-10,ДР 968 ,7С8,МИНСК(МИНСК ИНТЛ.),49,Y(А13),22:29,349,2026-09-10 22:39:00,2026-09-10 22:43:00,1.0,2026-09-10 22:44:00,2026-09-10 22:47:00,2026-09-10 22:44:00,2026-09-10 22:47:00,2026-09-10 22:45:00,2.0,1.0,2026-09-10 22:57:00,2026-09-10 23:04:00,,0.0,2026-09-10 22:48:00,2026-09-10 22:53:00,,,,,Корнилов Н. А.,Победа,Выдача до 30 минут
2026-09-10,ЮТ 276 ,734,СОЧИ,4,Y(А06),22:31,1063,2026-09-10 22:41:00,2026-09-10 22:44:00,,2026-09-10 22:47:00,2026-09-10 22:58:00,2026-09-10 22:47:00,2026-09-10 22:58:00,2026-09-10 22:52:00,6.0,4.0,2026-09-10 23:03:00,2026-09-10 23:08:00,,0.0,2026-09-10 22:59:00,2026-09-10 23:03:00,,,,,Киричек А. А.,Ютэйр,Выдача до 30 минут
2026-09-10,ЮТ 810 ,73Х,САМАРКАНД(САМАРКАНД ИНТЛ.),18,Y(А12),22:37,1184,2026-09-10 22:46:00,2026-09-10 22:48:00,,2026-09-10 22:49:00,2026-09-10 22:58:00,2026-09-10 22:49:00,2026-09-10 22:58:00,2026-09-10 22:58:00,,1.0,2026-09-10 23:06:00,2026-09-10 23:09:00,,0.0,2026-09-10 22:58:00,2026-09-10 23:04:00,,,,,Давлатов Б. Ч.,Ютэйр,Выдача до 30 минут
2026-09-10,DV 813 ,738,АСТАНА(НУРСУЛТАН НАЗАРБАЕВ),20,Y(А13),22:42,1118,2026-09-10 22:50:00,2026-09-10 22:51:00,,2026-09-10 22:53:00,2026-09-10 22:59:00,2026-09-10 22:53:00,2026-09-10 22:59:00,2026-09-10 23:01:00,,,2026-09-10 23:07:00,2026-09-10 23:08:00,,0.0,2026-09-10 23:01:00,2026-09-10 23:06:00,,,,,Екимов С. С.,SCAT Airlines,Выдача до 30 минут
2026-09-10,TK 411 ,333,СТАМБУЛ(СТАМБУЛ НЬЮ),22,Y(А10),22:58,5605,2026-09-10 23:07:00,2026-09-10 23:09:00,,2026-09-10 23:11:00,2026-09-10 23:29:00,2026-09-10 23:12:00,2026-09-10 23:29:00,2026-09-10 23:48:00,,,2026-09-10 23:24:00,2026-09-10 23:26:00,,0.0,2026-09-10 23:28:00,2026-09-10 23:43:00,2026-09-10 23:06:00,2026-09-10 23:24:00,2026-09-10 23:07:00,2026-09-10 23:29:00,"Тришкин А. В., Фанин Н. О.",Turkish Airlines,Выдача до 30 минут
2026-09-10,FZ 951 ,7М8,ДУБАЙ(ДУБАЙ ИНТЛ.),29,Y(А11),23:02,1453,2026-09-10 23:18:00,2026-09-10 23:18:00,,2026-09-10 23:15:00,2026-09-10 23:25:00,2026-09-10 23:15:00,2026-09-10 23:25:00,2026-09-10 23:32:00,,,2026-09-10 23:26:00,2026-09-10 23:33:00,,0.0,2026-09-10 23:23:00,2026-09-10 23:25:00,2026-09-10 23:28:00,2026-09-10 23:34:00,,,Вазиров Т. В.,flydubai,Выдача до 30 минут
2026-09-10,J2 805 ,320,БАКУ(ИМ. ГЕЙДАРА АЛИЕВА),25,Y(А09),23:06,2084,2026-09-10 23:15:00,2026-09-10 23:34:00,16.0,2026-09-10 23:19:00,2026-09-10 23:32:00,2026-09-10 23:19:00,2026-09-10 23:32:00,2026-09-10 23:33:00,,,2026-09-10 23:38:00,2026-09-10 23:43:00,3.0,0.0,2026-09-10 23:26:00,2026-09-10 23:33:00,2026-09-10 23:39:00,2026-09-10 23:42:00,,,Михайлов М. С.,AZAL,Выдача до 30 минут
2026-09-10,ДР 486 ,7С8,УЛЬЯНОВСК(БАРАТАЕВКА),46,Y(А04),23:09,127,2026-09-10 23:16:00,2026-09-10 23:16:00,,2026-09-10 23:19:00,2026-09-10 23:21:00,2026-09-10 23:19:00,2026-09-10 23:21:00,2026-09-10 23:21:00,,1.0,2026-09-10 23:28:00,2026-09-10 23:29:00,,0.0,2026-09-10 23:23:00,2026-09-10 23:28:00,,,,,Конюхов Я. А.,Победа,Выдача до 30 минут
2026-09-10,ХИ 605 ,320,САМАРКАНД(САМАРКАНД ИНТЛ.),26,Y(А12),23:15,1193,2026-09-10 23:28:00,2026-09-10 23:31:00,,2026-09-10 23:32:00,2026-09-10 23:38:00,2026-09-10 23:32:00,2026-09-10 23:38:00,2026-09-10 23:40:00,,,2026-09-10 23:46:00,2026-09-10 23:47:00,,0.0,2026-09-10 23:40:00,2026-09-10 23:44:00,,,,,Андреев А. М.,UZBEKISTAN AIRWAYS,Выдача до 30 минут
2026-09-10,TK 211 ,32Б,АНТАЛЬЯ,23,Y(А09),23:20,2353,2026-09-10 23:34:00,2026-09-10 23:37:00,,2026-09-10 23:40:00,2026-09-10 23:51:00,2026-09-10 23:40:00,2026-09-10 23:51:00,2026-09-10 23:54:00,,,2026-09-10 23:53:00,2026-09-10 23:57:00,,0.0,2026-09-10 23:26:00,2026-09-11 00:01:00,,,,,Соколов И. С.,Turkish Airlines,Выдача до 30 минут
2026-09-10,PC 1576 ,32Щ,АНТАЛЬЯ,36,Y(А11),23:45,2292,2026-09-10 23:58:00,2026-09-10 23:58:00,,2026-09-11 00:00:00,2026-09-11 00:23:00,2026-09-11 00:00:00,2026-09-11 00:23:00,2026-09-11 00:17:00,6.0,8.0,2026-09-11 00:13:00,2026-09-11 00:32:00,,4.0,2026-09-11 00:07:00,2026-09-11 00:13:00,2026-09-11 00:18:00,2026-09-11 00:32:00,,,Бородин А. В.,Pegasus,Выдача от 30 до 40 минут
2026-09-10,TK 409 ,321,СТАМБУЛ(СТАМБУЛ НЬЮ),24,Y(А10),23:47,2849,2026-09-11 00:00:00,2026-09-11 00:03:00,,2026-09-11 00:05:00,2026-09-11 00:20:00,2026-09-11 00:05:00,2026-09-11 00:20:00,2026-09-11 00:23:00,,,2026-09-11 00:18:00,2026-09-11 00:20:00,,0.0,2026-09-11 00:07:00,2026-09-11 00:19:00,2026-09-11 00:07:00,2026-09-11 00:30:00,,,Семиченков С. А.,Turkish Airlines,Выдача до 30 минут
2026-09-10,ЮТ 376 ,73Е,СЫКТЫВКАР,15,Y(А05),23:50,269,2026-09-10 23:59:00,2026-09-11 00:02:00,,2026-09-11 00:03:00,2026-09-11 00:06:00,2026-09-11 00:03:00,2026-09-11 00:06:00,2026-09-11 00:05:00,1.0,1.0,2026-09-11 00:12:00,2026-09-11 00:14:00,,0.0,2026-09-11 00:06:00,2026-09-11 00:12:00,,,,,Киричек А. А.,Ютэйр,Выдача до 30 минут
2026-09-10,ДР 466 ,7С8,УЛЬЯНОВСК(БАРАТАЕВКА),47,Y(А08),12:49,316,2026-09-10 12:55:00,2026-09-10 12:58:00,,2026-09-10 12:57:00,2026-09-10 12:59:00,2026-09-10 12:57:00,2026-09-10 12:59:00,2026-09-10 13:01:00,,,2026-09-10 13:07:00,2026-09-10 13:08:00,,0.0,2026-09-10 13:01:00,2026-09-10 13:07:00,,,,,Соколов И. С.,Победа,Выдача до 30 минут
2026-09-10,ФВ 6185 ,СУ9,САНКТ-ПЕТЕРБУРГ(ПУЛКОВО),8,Y(А04),22:12,192,2026-09-10 22:24:00,2026-09-10 22:28:00,1.0,2026-09-10 22:28:00,2026-09-10 22:30:00,2026-09-10 22:28:00,2026-09-10 22:30:00,2026-09-10 22:29:00,1.0,1.0,2026-09-10 22:33:00,2026-09-10 22:34:00,,0.0,2026-09-10 22:31:00,2026-09-10 22:36:00,,,,,Михайлов М. С.,Россия,Выдача до 30 минут
2026-09-10,ЮТ 784 ,73Х,АНТАЛЬЯ,16,Y(А09),21:55,2773,2026-09-10 22:06:00,2026-09-10 22:07:00,,2026-09-10 22:08:00,2026-09-10 22:35:00,2026-09-10 22:08:00,2026-09-10 22:35:00,2026-09-10 22:28:00,7.0,9.0,2026-09-10 22:28:00,2026-09-10 22:46:00,,10.0,2026-09-10 22:17:00,2026-09-10 22:23:00,2026-09-10 22:37:00,2026-09-10 22:41:00,,,Прохачев И. А.,Ютэйр,Выдача от 30 до 40 минут
2026-09-10,AZO 7054 ,СУ9,БАТУМИ,51A,Y(А12),21:53,902,2026-09-10 22:12:00,2026-09-10 22:14:00,,2026-09-10 22:16:00,2026-09-10 22:28:00,2026-09-10 22:16:00,2026-09-10 22:28:00,2026-09-10 22:22:00,6.0,6.0,2026-09-10 22:36:00,2026-09-10 22:43:00,,1.0,2026-09-10 22:29:00,2026-09-10 22:35:00,,,,,Екимов С. С.,GEORGIAN AIRWAYS,Выдача от 30 до 40 минут
2026-09-10,ГЗП 910 ,73В,НАДЫМ,Б66,Y(А05),21:35,496,2026-09-10 21:43:00,2026-09-10 21:45:00,,2026-09-10 21:48:00,2026-09-10 21:55:00,2026-09-10 21:48:00,2026-09-10 21:55:00,2026-09-10 21:50:00,5.0,4.0,2026-09-10 22:08:00,2026-09-10 22:09:00,,0.0,2026-09-10 21:49:00,2026-09-10 22:08:00,,,,,Острых В. А.,Газпром авиа,Выдача до 30 минут
2026-09-10,ХИ 9621 ,32Н,АНДИЖАН,24,Y(А12),19:41,1686,2026-09-10 19:53:00,2026-09-10 19:54:00,,2026-09-10 19:51:00,2026-09-10 20:11:00,2026-09-10 19:51:00,2026-09-10 20:11:00,2026-09-10 20:08:00,3.0,9.0,2026-09-10 20:09:00,2026-09-10 20:17:00,,0.0,2026-09-10 20:05:00,2026-09-10 20:08:00,2026-09-10 20:15:00,2026-09-10 20:17:00,,,Фаёзов А. Р.,UZBEKISTAN AIRWAYS,Выдача до 30 минут
2026-09-10,ХИ 9627 ,32Н,ФЕРГАНА(ФЕРГАНА ИНТЛ.),22,Y(А10),19:45,2286,2026-09-10 19:54:00,2026-09-10 19:56:00,,2026-09-10 19:57:00,2026-09-10 20:09:00,2026-09-10 20:00:00,2026-09-10 20:09:00,2026-09-10 20:13:00,,,2026-09-10 20:06:00,2026-09-10 20:17:00,,0.0,2026-09-10 20:03:00,2026-09-10 20:06:00,2026-09-10 20:14:00,2026-09-10 20:17:00,,,"Вазиров Т. В., Прохачев И. А.",UZBEKISTAN AIRWAYS,Выдача до 30 минут
2026-09-10,ФВ 6179 ,СУ9,САНКТ-ПЕТЕРБУРГ(ПУЛКОВО),9,Y(А04),19:58,77,2026-09-10 20:10:00,2026-09-10 20:11:00,,2026-09-10 20:14:00,2026-09-10 20:16:00,2026-09-10 20:14:00,2026-09-10 20:16:00,2026-09-10 20:15:00,1.0,1.0,2026-09-10 20:18:00,2026-09-10 20:19:00,,0.0,2026-09-10 20:15:00,2026-09-10 20:19:00,,,,,Киричек А. А.,Россия,Выдача до 30 минут
2026-09-10,PBD 860 ,73Х,АНТАЛЬЯ,49,Y(А11),20:01,1216,2026-09-10 20:10:00,2026-09-10 20:12:00,,2026-09-10 20:12:00,2026-09-10 20:26:00,2026-09-10 20:12:00,2026-09-10 20:26:00,2026-09-10 20:22:00,4.0,6.0,2026-09-10 20:27:00,2026-09-10 20:28:00,,0.0,2026-09-10 20:17:00,2026-09-10 20:24:00,2026-09-10 20:29:00,2026-09-10 20:37:00,,,Семиченков С. А.,Победа,Выдача до 30 минут
2026-09-10,ДР 206 ,7С8,САНКТ-ПЕТЕРБУРГ(ПУЛКОВО),50,Y(А08),20:08,161,2026-09-10 20:17:00,2026-09-10 20:19:00,,2026-09-10 20:20:00,2026-09-10 20:21:00,2026-09-10 20:20:00,2026-09-10 20:21:00,2026-09-10 20:22:00,,,2026-09-10 20:28:00,2026-09-10 20:29:00,,0.0,2026-09-10 20:22:00,2026-09-10 20:30:00,,,,,Кейта А. С.,Победа,Выдача до 30 минут
2026-09-10,ДР 158 ,73Х,КРАСНОДАР(ПАШКОВСКИЙ),47,Y(А07),20:12,698,2026-09-10 20:20:00,2026-09-10 20:23:00,,2026-09-10 20:23:00,2026-09-10 20:29:00,2026-09-10 20:23:00,2026-09-10 20:29:00,2026-09-10 20:29:00,,1.0,2026-09-10 20:35:00,2026-09-10 20:40:00,,0.0,2026-09-10 20:30:00,2026-09-10 20:35:00,,,,,Рустамов М. А.,Победа,Выдача до 30 минут
2026-09-10,РЛУ 7981 ,ЦР1,САМАРА(КУРУМОЧ),57,Y(А05),20:15,127,2026-09-10 20:26:00,2026-09-10 20:27:00,,2026-09-10 20:29:00,2026-09-10 20:33:00,2026-09-10 20:29:00,2026-09-10 20:33:00,2026-09-10 20:31:00,2.0,3.0,2026-09-10 20:37:00,2026-09-10 20:38:00,,0.0,2026-09-10 20:32:00,2026-09-10 20:36:00,,,,,Тришкин А. В.,Руслайн,Выдача до 30 минут
2026-09-10,ХИ 613 ,32Щ,ТАШКЕНТ(ТАШКЕНТ ИНТЛ.),23,Y(А10),20:23,1707,2026-09-10 20:34:00,2026-09-10 20:35:00,,2026-09-10 20:37:00,2026-09-10 20:48:00,2026-09-10 20:38:00,2026-09-10 20:48:00,2026-09-10 20:49:00,,,2026-09-10 20:50:00,2026-09-10 20:59:00,,0.0,2026-09-10 20:46:00,2026-09-10 20:50:00,2026-09-10 20:54:00,2026-09-10 20:58:00,,,"Михайлов М. С., Науну М.",UZBEKISTAN AIRWAYS,Выдача до 30 минут
2026-09-10,ЮТ 296 ,73Х,СУРГУТ,14,Y(А08),19:11,669,2026-09-10 19:19:00,2026-09-10 19:20:00,,2026-09-10 19:22:00,2026-09-10 19:30:00,2026-09-10 19:22:00,2026-09-10 19:30:00,2026-09-10 19:27:00,3.0,4.0,2026-09-10 19:34:00,2026-09-10 19:38:00,,0.0,2026-09-10 19:31:00,2026-09-10 19:35:00,,,,,Корнилов Н. А.,Ютэйр,Выдача до 30 минут
2026-09-10,ЮТ 250 ,73Х,СОЧИ,15,Y(А06),20:26,952,2026-09-10 20:36:00,2026-09-10 20:36:00,,2026-09-10 20:41:00,2026-09-10 20:49:00,2026-09-10 20:41:00,2026-09-10 20:49:00,2026-09-10 20:46:00,3.0,2.0,2026-09-10 20:55:00,2026-09-10 20:57:00,,0.0,2026-09-10 20:50:00,2026-09-10 20:54:00,,,,,Фаёзов А. Р.,Ютэйр,Выдача до 30 минут
2026-09-10,DV 815 ,7М8,АЛМАТЫ(АЛМАТЫ ИНТЛ.),20,Y(А13),20:33,1150,2026-09-10 20:44:00,2026-09-10 20:45:00,,2026-09-10 20:44:00,2026-09-10 20:50:00,2026-09-10 20:45:00,2026-09-10 20:50:00,2026-09-10 20:56:00,,,2026-09-10 20:57:00,2026-09-10 20:58:00,,0.0,2026-09-10 20:50:00,2026-09-10 20:57:00,,,,,"Лаптев В. В., Соколов И. С.",SCAT Airlines,Выдача до 30 минут
2026-09-10,ДР 114 ,73Х,СОЧИ,48,Y(А08),20:35,834,2026-09-10 20:44:00,2026-09-10 20:46:00,,2026-09-10 20:46:00,2026-09-10 20:52:00,2026-09-10 20:46:00,2026-09-10 20:52:00,2026-09-10 20:54:00,,,2026-09-10 21:01:00,2026-09-10 21:04:00,,0.0,2026-09-10 20:53:00,2026-09-10 21:01:00,,,,,Тришкин А. В.,Победа,Выдача до 30 минут
2026-09-10,ЮВ 204 ,ЦР2,ТОБОЛЬСК(РЕМЕЗОВ),45,Y(А05),20:40,376,2026-09-10 20:48:00,2026-09-10 20:48:00,,2026-09-10 20:50:00,2026-09-10 20:53:00,2026-09-10 20:50:00,2026-09-10 20:53:00,2026-09-10 20:55:00,,,2026-09-10 21:02:00,2026-09-10 21:04:00,,0.0,2026-09-10 20:54:00,2026-09-10 21:03:00,,,,,Андреев А. М.,ЮВТ АЭРО,Выдача до 30 минут
2026-09-10,ДР 404 ,73Х,ЕКАТЕРИНБУРГ(КОЛЬЦОВО),43,Y(А07),20:51,557,2026-09-10 20:58:00,2026-09-10 20:59:00,,2026-09-10 21:01:00,2026-09-10 21:06:00,2026-09-10 21:01:00,2026-09-10 21:06:00,2026-09-10 21:06:00,,1.0,2026-09-10 21:15:00,2026-09-10 21:18:00,,0.0,2026-09-10 21:07:00,2026-09-10 21:14:00,,,,,Рустамов М. А.,Победа,Выдача до 30 минут
2026-09-10,ДР 964 ,73Х,ДАЛАМАН,44,Y(А12),20:55,1197,2026-09-10 21:05:00,2026-09-10 21:08:00,,2026-09-10 21:08:00,2026-09-10 21:22:00,2026-09-10 21:08:00,2026-09-10 21:22:00,2026-09-10 21:17:00,5.0,6.0,2026-09-10 21:28:00,2026-09-10 21:33:00,,0.0,2026-09-10 21:20:00,2026-09-10 21:28:00,,,,,Андреев А. М.,Победа,Выдача до 30 минут
2026-09-10,AHY 5830 ,319,ГЯНДЖА,29,Y(А09),20:58,2292,2026-09-10 21:14:00,2026-09-10 21:14:00,,2026-09-10 21:13:00,2026-09-10 21:31:00,2026-09-10 21:27:00,2026-09-10 21:31:00,2026-09-10 21:33:00,,,2026-09-10 21:28:00,2026-09-10 21:36:00,,0.0,2026-09-10 21:22:00,2026-09-10 21:27:00,2026-09-10 21:36:00,2026-09-10 21:37:00,,,"Корнилов Н. А., Тришкин А. В.",AZAL,Выдача до 30 минут
2026-09-10,А4 7030 ,СУ9,ЕРЕВАН(ЗВАРТНОЦ ИНТЛ),11,Y(А13),21:04,896,2026-09-10 21:14:00,2026-09-10 21:15:00,,2026-09-10 21:18:00,2026-09-10 21:24:00,2026-09-10 21:18:00,2026-09-10 21:24:00,2026-09-10 21:24:00,,,2026-09-10 21:34:00,2026-09-10 21:36:00,,0.0,2026-09-10 21:27:00,2026-09-10 21:31:00,,,,,Давлатов Б. Ч.,Азимут,Выдача до 30 минут
2026-09-10,ФВ 6183 ,СУ9,САНКТ-ПЕТЕРБУРГ(ПУЛКОВО),10,Y(А04),21:08,120,2026-09-10 21:16:00,2026-09-10 21:18:00,,2026-09-10 21:20:00,2026-09-10 21:22:00,2026-09-10 21:20:00,2026-09-10 21:22:00,2026-09-10 21:21:00,1.0,1.0,2026-09-10 21:25:00,2026-09-10 21:26:00,,0.0,2026-09-10 21:22:00,2026-09-10 21:27:00,,,,,Киричек А. А.,Россия,Выдача до 30 минут
2026-09-10,ДР 264 ,73Х,КАЛИНИНГРАД(ХРАБРОВО),50,Y(А07),23:53,654,2026-09-11 00:00:00,2026-09-11 00:04:00,1.0,2026-09-11 00:03:00,2026-09-11 00:08:00,2026-09-11 00:03:00,2026-09-11 00:08:00,2026-09-11 00:08:00,,1.0,2026-09-11 00:15:00,2026-09-11 00:17:00,,0.0,2026-09-11 00:09:00,2026-09-11 00:15:00,,,,,Прохачев И. А.,Победа,Выдача до 30 минут
2026-09-10,РГ 194 ,ЦР1,ТАМБОВ,43,Y(А05),12:30,171,2026-09-10 12:40:00,2026-09-10 12:40:00,,2026-09-10 12:47:00,2026-09-10 12:49:00,2026-09-10 12:47:00,2026-09-10 12:49:00,2026-09-10 12:45:00,4.0,1.0,2026-09-10 12:55:00,2026-09-10 12:56:00,,0.0,2026-09-10 12:50:00,2026-09-10 12:54:00,,,,,Коляскин А. Г.,Руслайн,Выдача до 30 минут
2026-09-10,ФВ 6181 ,СУ9,САНКТ-ПЕТЕРБУРГ(ПУЛКОВО),8,Y(А04),20:29,88,2026-09-10 20:37:00,2026-09-10 20:38:00,,2026-09-10 20:41:00,2026-09-10 20:43:00,2026-09-10 20:41:00,2026-09-10 20:43:00,2026-09-10 20:42:00,1.0,1.0,2026-09-10 20:46:00,2026-09-10 20:47:00,,0.0,2026-09-10 20:43:00,2026-09-10 20:47:00,,,,,Киричек А. А.,Россия,Выдача до 30 минут
2026-09-10,ГЗП 906 ,СУ9,НАДЫМ,Б36,Y(А05),12:19,607,2026-09-10 12:26:00,2026-09-10 12:26:00,,2026-09-10 12:42:00,2026-09-10 12:48:00,2026-09-10 12:42:00,2026-09-10 12:48:00,2026-09-10 12:34:00,14.0,2.0,2026-09-10 13:05:00,2026-09-10 13:06:00,9.0,0.0,2026-09-10 12:41:00,2026-09-10 13:04:00,,,,,Тихонов С. М.,Газпром авиа,Выдача до 30 минут
2026-09-10,3F 323 ,320,ЕРЕВАН(ЗВАРТНОЦ ИНТЛ),20,Y(А13),01:50,886,2026-09-10 02:01:00,2026-09-10 02:05:00,1.0,2026-09-10 02:04:00,2026-09-10 02:09:00,2026-09-10 02:04:00,2026-09-10 02:09:00,2026-09-10 02:11:00,,,2026-09-10 02:19:00,2026-09-10 02:20:00,,0.0,2026-09-10 02:09:00,2026-09-10 02:19:00,,,,,"Минченко А. И., Ушаков Г. А.",FLYONE Armenia,Выдача до 30 минут
2026-09-10,ДР 208 ,7С8,САНКТ-ПЕТЕРБУРГ(ПУЛКОВО),47,Y(А04),02:10,143,2026-09-10 02:16:00,2026-09-10 02:16:00,,2026-09-10 02:20:00,2026-09-10 02:23:00,2026-09-10 02:20:00,2026-09-10 02:23:00,2026-09-10 02:21:00,2.0,2.0,2026-09-10 02:31:00,2026-09-10 02:32:00,,0.0,2026-09-10 02:36:00,2026-09-10 02:37:00,,,,,Федоров Н. В.,Победа,Выдача до 30 минут
2026-09-10,ДР 158B,73Х,КРАСНОДАР(ПАШКОВСКИЙ),50,Y(А05),02:15,450,2026-09-10 02:23:00,2026-09-10 02:23:00,,2026-09-10 02:29:00,2026-09-10 02:33:00,2026-09-10 02:29:00,2026-09-10 02:33:00,2026-09-10 02:30:00,3.0,1.0,2026-09-10 02:40:00,2026-09-10 02:42:00,,0.0,2026-09-10 02:33:00,2026-09-10 02:40:00,,,,,Чеканов В. А.,Победа,Выдача до 30 минут
2026-09-10,TK 3122 ,321,БОДРУМ(МИЛАС),27,Y(А11),02:39,1189,2026-09-10 02:52:00,2026-09-10 02:54:00,,2026-09-10 02:57:00,2026-09-10 03:14:00,2026-09-10 02:57:00,2026-09-10 03:14:00,2026-09-10 03:04:00,10.0,9.0,2026-09-10 03:07:00,2026-09-10 03:20:00,,0.0,2026-09-10 02:49:00,2026-09-10 03:29:00,,,,,Федоров Н. В.,Turkish Airlines,Выдача до 30 минут
2026-09-10,TK 3006 ,32Б,АНТАЛЬЯ,25,Y(А09),02:45,2142,2026-09-10 02:58:00,2026-09-10 03:00:00,,2026-09-10 03:05:00,2026-09-10 03:13:00,2026-09-10 03:05:00,2026-09-10 03:13:00,2026-09-10 03:16:00,,,2026-09-10 03:12:00,2026-09-10 03:20:00,,0.0,2026-09-10 02:41:00,2026-09-10 03:30:00,,,,,Острых В. А.,Turkish Airlines,Выдача до 30 минут
2026-09-10,PC 386 ,32Щ,СТАМБУЛ(САБИХА ГОКЦЕН),19,Y(А10),02:53,2655,2026-09-10 03:02:00,2026-09-10 03:04:00,,2026-09-10 03:06:00,2026-09-10 03:18:00,2026-09-10 03:06:00,2026-09-10 03:18:00,2026-09-10 03:24:00,,,2026-09-10 03:20:00,2026-09-10 03:30:00,,0.0,2026-09-10 03:13:00,2026-09-10 03:20:00,2026-09-10 03:24:00,2026-09-10 03:30:00,,,"Пельгуев Д., Соболь М. Ф.",Pegasus,Выдача до 30 минут
2026-09-10,ЖГ 932 ,73Х,ТБИЛИСИ(ТБИЛИСИ ИНТЛ.),30,Y(А12),03:04,1490,2026-09-10 03:11:00,2026-09-10 03:14:00,,2026-09-10 03:15:00,2026-09-10 03:27:00,2026-09-10 03:15:00,2026-09-10 03:27:00,2026-09-10 03:25:00,2.0,2.0,2026-09-10 03:29:00,2026-09-10 03:36:00,,0.0,2026-09-10 03:31:00,2026-09-10 03:36:00,2026-09-10 03:22:00,2026-09-10 03:26:00,,,Ушаков П. А.,GEORGIAN AIRWAYS,Выдача до 30 минут
2026-09-10,NE 602 ,320,ХУРГАДА(ХУРГАДА ИНТЛ.),26,Y(А09),03:07,1894,2026-09-10 03:18:00,2026-09-10 03:19:00,,2026-09-10 03:21:00,2026-09-10 03:35:00,2026-09-10 03:21:00,2026-09-10 03:35:00,2026-09-10 03:35:00,,1.0,2026-09-10 03:33:00,2026-09-10 03:40:00,,0.0,2026-09-10 03:28:00,2026-09-10 03:33:00,2026-09-10 03:37:00,2026-09-10 03:41:00,,,Чеканов В. А.,Nesma Airlines,Выдача до 30 минут
2026-09-10,ЮТ 1376 ,735,СЫКТЫВКАР,13,Y(А05),03:10,466,2026-09-10 03:22:00,2026-09-10 03:22:00,,2026-09-10 03:27:00,2026-09-10 03:31:00,2026-09-10 03:27:00,2026-09-10 03:31:00,2026-09-10 03:29:00,2.0,1.0,2026-09-10 03:41:00,2026-09-10 03:44:00,,0.0,2026-09-10 03:37:00,2026-09-10 03:43:00,,,,,Ушаков Г. А.,Ютэйр,Выдача до 30 минут
2026-09-10,NE 646 ,320,ШАРМ ЭЛЬ ШЕЙХ(ШАРМ ЭЛЬ ШЕЙХ ИНТЛ.),22,Y(А13),03:24,1740,2026-09-10 03:37:00,2026-09-10 03:37:00,,2026-09-10 03:40:00,2026-09-10 03:52:00,2026-09-10 03:40:00,2026-09-10 03:52:00,2026-09-10 03:53:00,,,2026-09-10 03:49:00,2026-09-10 03:59:00,,0.0,2026-09-10 03:45:00,2026-09-10 03:49:00,2026-09-10 03:55:00,2026-09-10 04:00:00,,,Фаёзов А. Р.,Nesma Airlines,Выдача до 30 минут
2026-09-10,AZO 7054P,СУ9,БАТУМИ,28,Y(А11),03:57,796,2026-09-10 04:12:00,2026-09-10 04:12:00,,2026-09-10 04:17:00,2026-09-10 04:25:00,2026-09-10 04:17:00,2026-09-10 04:25:00,2026-09-10 04:21:00,4.0,3.0,2026-09-10 04:32:00,2026-09-10 04:35:00,,0.0,2026-09-10 04:29:00,2026-09-10 04:32:00,,,,,Минченко А. И.,GEORGIAN AIRWAYS,Выдача до 30 минут
2026-09-10,VF 587 ,73Х,АНКАРА(ЕСЕНБОГА),24,Y(А13),04:01,1607,2026-09-10 04:14:00,2026-09-10 04:18:00,1.0,2026-09-10 04:17:00,2026-09-10 04:33:00,2026-09-10 04:17:00,2026-09-10 04:33:00,2026-09-10 04:29:00,4.0,5.0,2026-09-10 04:30:00,2026-09-10 04:40:00,,0.0,2026-09-10 04:25:00,2026-09-10 04:30:00,2026-09-10 04:42:00,2026-09-10 04:43:00,,,Скулов Е. С.,AJET,Выдача до 30 минут
2026-09-10,PC 1456 ,32Щ,БОДРУМ(МИЛАС),21,Y(А10),04:14,1934,2026-09-10 04:23:00,2026-09-10 04:28:00,2.0,2026-09-10 04:29:00,2026-09-10 04:44:00,2026-09-10 04:29:00,2026-09-10 04:44:00,2026-09-10 04:40:00,4.0,2.0,2026-09-10 04:44:00,2026-09-10 04:52:00,1.0,0.0,2026-09-10 04:36:00,2026-09-10 04:41:00,2026-09-10 04:54:00,2026-09-10 04:59:00,,,Ушаков М. В.,Pegasus,Выдача до 30 минут
2026-09-10,ЮТ 559 ,73Х,МАХАЧКАЛА,61,Y(А05),04:35,416,2026-09-10 04:48:00,2026-09-10 04:48:00,,2026-09-10 04:51:00,2026-09-10 04:56:00,2026-09-10 04:51:00,2026-09-10 04:56:00,2026-09-10 04:55:00,1.0,2.0,2026-09-10 05:11:00,2026-09-10 05:12:00,,0.0,2026-09-10 04:57:00,2026-09-10 05:10:00,,,,,Литвин И. С.,Ютэйр,Выдача до 30 минут
2026-09-10,VF 277 ,73Х,СТАМБУЛ(САБИХА ГОКЦЕН),27,Y(А12),04:39,1699,2026-09-10 04:53:00,2026-09-10 04:55:00,,2026-09-10 04:56:00,2026-09-10 05:10:00,2026-09-10 04:56:00,2026-09-10 05:10:00,2026-09-10 05:08:00,2.0,3.0,2026-09-10 05:10:00,2026-09-10 05:15:00,,0.0,2026-09-10 05:06:00,2026-09-10 05:08:00,2026-09-10 05:13:00,2026-09-10 05:15:00,,,Михайлов М. С.,AJET,Выдача до 30 минут
2026-09-10,TK 419 ,32Б,СТАМБУЛ(СТАМБУЛ НЬЮ),23,Y(А09),04:41,3105,2026-09-10 04:55:00,2026-09-10 04:57:00,,2026-09-10 05:04:00,2026-09-10 05:17:00,2026-09-10 05:04:00,2026-09-10 05:17:00,2026-09-10 05:20:00,,,2026-09-10 05:12:00,2026-09-10 05:22:00,,0.0,2026-09-10 04:11:00,2026-09-10 05:13:00,2026-09-10 04:42:00,2026-09-10 05:30:00,,,Острых В. А.,Turkish Airlines,Выдача до 30 минут
2026-09-10,PC 390 ,32Щ,СТАМБУЛ(САБИХА ГОКЦЕН),20,Y(А10),04:48,2276,2026-09-10 05:00:00,2026-09-10 05:03:00,,2026-09-10 05:03:00,2026-09-10 05:15:00,2026-09-10 05:03:00,2026-09-10 05:15:00,2026-09-10 05:19:00,,,2026-09-10 05:07:00,2026-09-10 05:32:00,,2.0,2026-09-10 05:09:00,2026-09-10 05:14:00,2026-09-10 05:28:00,2026-09-10 05:35:00,,,Кутейников А. В.,Pegasus,Выдача от 30 до 40 минут
2026-09-10,FZ 975A,7М8,ДУБАЙ(ДУБАЙ ИНТЛ.),21,Y(А11),01:45,1284,2026-09-10 01:58:00,2026-09-10 02:03:00,2.0,2026-09-10 02:00:00,2026-09-10 02:09:00,2026-09-10 02:01:00,2026-09-10 02:09:00,2026-09-10 02:11:00,,,2026-09-10 02:12:00,2026-09-10 02:20:00,,0.0,2026-09-10 02:19:00,2026-09-10 02:20:00,2026-09-10 02:02:00,2026-09-10 02:11:00,,,"Скулов Е. С., Фаёзов А. Р.",flydubai,Выдача до 30 минут
2026-09-10,TK 3154 ,32Б,БОДРУМ(МИЛАС),24,Y(А10),01:38,2137,2026-09-10 01:57:00,2026-09-10 02:00:00,,2026-09-10 02:02:00,2026-09-10 02:12:00,2026-09-10 02:02:00,2026-09-10 02:12:00,2026-09-10 02:15:00,,,2026-09-10 02:10:00,2026-09-10 02:16:00,,0.0,2026-09-10 01:39:00,2026-09-10 02:21:00,,,,,Ушаков П. А.,Turkish Airlines,Выдача до 30 минут
2026-09-10,ДР 168B,73Х,МИНЕРАЛЬНЫЕ ВОДЫ,48,Y(А06),01:36,636,2026-09-10 01:44:00,2026-09-10 01:45:00,,2026-09-10 01:46:00,2026-09-10 01:51:00,2026-09-10 01:47:00,2026-09-10 01:51:00,2026-09-10 01:52:00,,,2026-09-10 01:57:00,2026-09-10 01:58:00,,0.0,2026-09-10 01:53:00,2026-09-10 01:58:00,,,,,"Науну М., Острых В. А.",Победа,Выдача до 30 минут
2026-09-10,4S 337 ,7С8,ШАРМ ЭЛЬ ШЕЙХ(ШАРМ ЭЛЬ ШЕЙХ ИНТЛ.),23,Y(А09),01:32,2083,2026-09-10 01:56:00,2026-09-10 01:58:00,,2026-09-10 02:00:00,2026-09-10 02:13:00,2026-09-10 02:00:00,2026-09-10 02:13:00,2026-09-10 02:14:00,,,2026-09-10 02:09:00,2026-09-10 02:19:00,,0.0,2026-09-10 01:58:00,2026-09-10 02:10:00,2026-09-10 02:17:00,2026-09-10 02:20:00,,,Пельгуев Д.,Red Sea,Выдача до 30 минут
2026-09-10,TK 3178 ,321,ДАЛАМАН,24,Y(А10),00:04,2535,2026-09-10 00:15:00,2026-09-10 00:18:00,,2026-09-10 00:18:00,2026-09-10 00:36:00,2026-09-10 00:18:00,2026-09-10 00:36:00,2026-09-10 00:36:00,,1.0,2026-09-10 00:29:00,2026-09-10 00:44:00,,0.0,2026-09-10 00:15:00,2026-09-10 00:28:00,2026-09-10 00:34:00,2026-09-10 00:43:00,,,Ушаков П. А.,Turkish Airlines,Выдача до 30 минут
2026-09-10,TK 3060 ,32Б,АНТАЛЬЯ,27,Y(А09),00:07,2376,2026-09-10 00:20:00,2026-09-10 00:22:00,,2026-09-10 00:25:00,2026-09-10 00:42:00,2026-09-10 00:25:00,2026-09-10 00:42:00,2026-09-10 00:40:00,2.0,1.0,2026-09-10 00:36:00,2026-09-10 00:46:00,,0.0,2026-09-10 00:14:00,2026-09-10 00:54:00,,,,,Ушаков Г. А.,Turkish Airlines,Выдача до 30 минут
2026-09-10,ДР 206 ,7С8,САНКТ-ПЕТЕРБУРГ(ПУЛКОВО),46,Y(А04),00:11,103,2026-09-10 00:17:00,2026-09-10 00:19:00,,2026-09-10 00:20:00,2026-09-10 00:21:00,2026-09-10 00:20:00,2026-09-10 00:21:00,2026-09-10 00:22:00,,,2026-09-10 00:27:00,2026-09-10 00:28:00,,0.0,2026-09-10 00:24:00,2026-09-10 00:28:00,,,,,Литвин И. С.,Победа,Выдача до 30 минут
2026-09-10,AZO 9006 ,СУ9,БАЙКОНУР(КРАЙНИЙ),51A,Y(А13),00:15,740,2026-09-10 00:31:00,2026-09-10 00:31:00,,2026-09-10 00:53:00,2026-09-10 01:01:00,2026-09-10 00:53:00,2026-09-10 01:01:00,2026-09-10 00:40:00,21.0,3.0,2026-09-10 00:57:00,2026-09-10 00:59:00,,0.0,2026-09-10 00:36:00,2026-09-10 01:14:00,,,,,Острых В. А.,GEORGIAN AIRWAYS,Выдача до 30 минут
2026-09-10,TK 409 ,321,СТАМБУЛ(СТАМБУЛ НЬЮ),23,Y(А10),00:19,2933,2026-09-10 00:36:00,2026-09-10 00:37:00,,2026-09-10 00:39:00,2026-09-10 00:54:00,2026-09-10 00:39:00,2026-09-10 00:54:00,2026-09-10 01:00:00,,,2026-09-10 00:52:00,2026-09-10 01:03:00,,0.0,2026-09-09 23:58:00,2026-09-10 00:52:00,2026-09-10 00:19:00,2026-09-10 01:03:00,,,Фаёзов А. Р.,Turkish Airlines,Выдача до 30 минут
2026-09-10,TK 211 ,32Б,АНТАЛЬЯ,21,Y(А09),00:26,1895,2026-09-10 00:38:00,2026-09-10 00:42:00,1.0,2026-09-10 00:42:00,2026-09-10 00:58:00,2026-09-10 00:42:00,2026-09-10 00:58:00,2026-09-10 00:55:00,3.0,3.0,2026-09-10 00:55:00,2026-09-10 01:05:00,,0.0,2026-09-10 00:23:00,2026-09-10 01:12:00,,,,,Скулов Е. С.,Turkish Airlines,Выдача до 30 минут
2026-09-10,VF 275 ,73Х,СТАМБУЛ(САБИХА ГОКЦЕН),37,Y(А09),00:28,2274,2026-09-10 00:39:00,2026-09-10 00:44:00,2.0,2026-09-10 00:41:00,2026-09-10 00:55:00,2026-09-10 00:41:00,2026-09-10 00:55:00,2026-09-10 00:58:00,,,2026-09-10 00:55:00,2026-09-10 01:08:00,,0.0,2026-09-10 00:49:00,2026-09-10 00:57:00,2026-09-10 01:03:00,2026-09-10 01:12:00,,,Прохачев И. А.,AJET,Выдача до 30 минут
2026-09-10,TK 3084 ,321,ДАЛАМАН,19,Y(А10),00:31,2389,2026-09-10 00:42:00,2026-09-10 00:44:00,,2026-09-10 00:47:00,2026-09-10 01:04:00,2026-09-10 00:47:00,2026-09-10 01:04:00,2026-09-10 01:02:00,2.0,1.0,2026-09-10 01:00:00,2026-09-10 01:13:00,,1.0,2026-09-10 01:04:00,2026-09-10 01:13:00,,,,,Фозылов Б. З.,Turkish Airlines,Выдача от 30 до 40 минут
2026-09-10,ЮТ 786 ,762,ЕРЕВАН(ЗВАРТНОЦ ИНТЛ),19,Y(А13),04:55,1718,2026-09-10 05:06:00,2026-09-10 05:09:00,,2026-09-10 05:10:00,2026-09-10 05:25:00,2026-09-10 05:10:00,2026-09-10 05:25:00,2026-09-10 05:21:00,4.0,4.0,2026-09-10 05:34:00,2026-09-10 05:39:00,8.0,3.0,2026-09-10 05:42:00,2026-09-10 06:07:00,,,,,Чеканов В. А.,Ютэйр,Выдача от 30 до 40 минут
2026-09-10,TK 3002 ,321,АНТАЛЬЯ,25,Y(А09),00:36,2280,2026-09-10 00:48:00,2026-09-10 00:50:00,,2026-09-10 00:54:00,2026-09-10 01:00:00,2026-09-10 00:54:00,2026-09-10 01:00:00,2026-09-10 01:07:00,,,2026-09-10 01:01:00,2026-09-10 01:11:00,,0.0,2026-09-10 00:41:00,2026-09-10 01:13:00,,,,,Шамсов Б. С.,Turkish Airlines,Выдача до 30 минут
2026-09-10,TK 3014 ,321,АНТАЛЬЯ,30,Y(А10),00:44,2824,2026-09-10 00:56:00,2026-09-10 00:58:00,,2026-09-10 01:05:00,2026-09-10 01:22:00,2026-09-10 01:05:00,2026-09-10 01:22:00,2026-09-10 01:19:00,3.0,,2026-09-10 01:16:00,2026-09-10 01:28:00,,2.0,2026-09-10 00:41:00,2026-09-10 01:22:00,2026-09-10 01:00:00,2026-09-10 01:33:00,,,Федоров Н. В.,Turkish Airlines,Выдача от 30 до 40 минут
2026-09-10,TK 421 ,333,СТАМБУЛ(СТАМБУЛ НЬЮ),22,Y(А09),00:47,3686,2026-09-10 00:59:00,2026-09-10 01:01:00,,2026-09-10 01:01:00,2026-09-10 01:16:00,2026-09-10 01:01:00,2026-09-10 01:16:00,2026-09-10 01:28:00,,,2026-09-10 01:22:00,2026-09-10 01:23:00,3.0,0.0,2026-09-10 01:01:00,2026-09-10 01:22:00,2026-09-10 00:58:00,2026-09-10 01:23:00,,,Михайлов М. С.,Turkish Airlines,Выдача до 30 минут
2026-09-10,А4 7010 ,СУ9,ТБИЛИСИ(ТБИЛИСИ ИНТЛ.),28,Y(А12),00:51,1155,2026-09-10 01:03:00,2026-09-10 01:04:00,,2026-09-10 01:06:00,2026-09-10 01:17:00,2026-09-10 01:06:00,2026-09-10 01:17:00,2026-09-10 01:15:00,2.0,3.0,2026-09-10 01:16:00,2026-09-10 01:18:00,,0.0,2026-09-10 01:08:00,2026-09-10 01:21:00,,,,,Литвин И. С.,Азимут,Выдача до 30 минут
2026-09-10,PC 1521 ,32Н,ИЗМИР(АДНАН МЕНДЕРЕС),37A,Y(А10),00:55,1627,2026-09-10 01:02:00,2026-09-10 01:07:00,2.0,2026-09-10 01:09:00,2026-09-10 01:23:00,2026-09-10 01:09:00,2026-09-10 01:23:00,2026-09-10 01:17:00,6.0,3.0,2026-09-10 01:31:00,2026-09-10 01:38:00,,6.0,2026-09-10 01:12:00,2026-09-10 01:27:00,2026-09-10 01:30:00,2026-09-10 01:38:00,,,Бородин А. В.,Pegasus,Выдача от 30 до 40 минут
2026-09-10,ДР 486 ,73Х,УЛЬЯНОВСК(БАРАТАЕВКА),49,Y(А04),00:59,207,2026-09-10 01:06:00,2026-09-10 01:10:00,1.0,2026-09-10 01:09:00,2026-09-10 01:12:00,2026-09-10 01:09:00,2026-09-10 01:12:00,2026-09-10 01:11:00,1.0,2.0,2026-09-10 01:21:00,2026-09-10 01:22:00,,0.0,2026-09-10 00:56:00,2026-09-10 01:19:00,,,,,Науну М.,Победа,Выдача до 30 минут
2026-09-10,TK 3036 ,321,АНТАЛЬЯ,26,Y(А09),01:03,2899,2026-09-10 01:18:00,2026-09-10 01:19:00,,2026-09-10 01:20:00,2026-09-10 01:37:00,2026-09-10 01:20:00,2026-09-10 01:37:00,2026-09-10 01:41:00,,,2026-09-10 01:34:00,2026-09-10 01:42:00,,0.0,2026-09-10 01:10:00,2026-09-10 01:33:00,2026-09-10 01:20:00,2026-09-10 01:45:00,,,Ушаков М. В.,Turkish Airlines,Выдача до 30 минут
2026-09-10,AZO 7018 ,СУ9,ТБИЛИСИ(ТБИЛИСИ ИНТЛ.),45,Y(А12),01:06,796,2026-09-10 01:15:00,2026-09-10 01:17:00,,2026-09-10 01:19:00,2026-09-10 01:27:00,2026-09-10 01:19:00,2026-09-10 01:27:00,2026-09-10 01:24:00,3.0,3.0,2026-09-10 01:35:00,2026-09-10 01:38:00,,0.0,2026-09-10 01:23:00,2026-09-10 01:36:00,,,,,Кутейников А. В.,GEORGIAN AIRWAYS,Выдача до 30 минут
2026-09-10,FZ 965 ,7М8,ДУБАЙ(ДУБАЙ ИНТЛ.),29,Y(А10),01:22,2115,2026-09-10 01:33:00,2026-09-10 01:37:00,1.0,2026-09-10 01:37:00,2026-09-10 01:58:00,2026-09-10 01:51:00,2026-09-10 01:58:00,2026-09-10 01:51:00,7.0,,2026-09-10 01:45:00,2026-09-10 02:00:00,,0.0,2026-09-10 01:41:00,2026-09-10 01:45:00,2026-09-10 01:52:00,2026-09-10 02:04:00,,,"Екимов С. С., Соболь М. Ф.",flydubai,Выдача до 30 минут
2026-09-10,TK 217 ,32Б,АНТАЛЬЯ,20,Y(А11),00:38,877,2026-09-10 00:49:00,2026-09-10 00:52:00,,2026-09-10 00:54:00,2026-09-10 01:06:00,2026-09-10 00:54:00,2026-09-10 01:06:00,2026-09-10 00:59:00,7.0,6.0,2026-09-10 01:03:00,2026-09-10 01:04:00,,0.0,2026-09-10 00:58:00,2026-09-10 01:35:00,,,,,Чеканов В. А.,Turkish Airlines,Выдача до 30 минут
2026-09-10,ДР 730 ,73Х,ФЕРГАНА(ФЕРГАНА ИНТЛ.),48,Y(А11),05:01,297,2026-09-10 05:14:00,2026-09-10 05:14:00,,2026-09-10 05:16:00,2026-09-10 05:18:00,2026-09-10 05:16:00,2026-09-10 05:18:00,2026-09-10 05:20:00,,,2026-09-10 05:26:00,2026-09-10 05:27:00,,0.0,2026-09-10 05:21:00,2026-09-10 05:26:00,,,,,"Соболь М. Ф., Федоров Н. В.",Победа,Выдача до 30 минут
2026-09-10,ФВ 6009 ,СУ9,САНКТ-ПЕТЕРБУРГ(ПУЛКОВО),9,Y(А04),12:25,76,2026-09-10 12:34:00,2026-09-10 12:35:00,,2026-09-10 12:38:00,2026-09-10 12:39:00,2026-09-10 12:38:00,2026-09-10 12:39:00,2026-09-10 12:39:00,,,2026-09-10 12:41:00,2026-09-10 12:42:00,,0.0,2026-09-10 12:40:00,2026-09-10 12:43:00,,,,,Соколов И. С.,Россия,Выдача до 30 минут
2026-09-10,ДР 408 ,73Х,ЕКАТЕРИНБУРГ(КОЛЬЦОВО),50,Y(А04),05:19,293,2026-09-10 05:27:00,2026-09-10 05:29:00,,2026-09-10 05:30:00,2026-09-10 05:34:00,2026-09-10 05:30:00,2026-09-10 05:34:00,2026-09-10 05:33:00,1.0,2.0,2026-09-10 05:40:00,2026-09-10 05:41:00,,0.0,2026-09-10 05:35:00,2026-09-10 05:41:00,,,,,Фаёзов А. Р.,Победа,Выдача до 30 минут
2026-09-10,NE 490 ,320,ХУРГАДА(ХУРГАДА ИНТЛ.),20,Y(А10),10:06,1633,2026-09-10 10:15:00,2026-09-10 10:17:00,,2026-09-10 10:19:00,2026-09-10 10:28:00,2026-09-10 10:19:00,2026-09-10 10:28:00,2026-09-10 10:30:00,,,2026-09-10 10:30:00,2026-09-10 10:33:00,,0.0,2026-09-10 10:24:00,2026-09-10 10:30:00,2026-09-10 10:28:00,2026-09-10 10:31:00,,,"Аганин А. А., Гаджиев Н. Т.",Nesma Airlines,Выдача до 30 минут
2026-09-10,ФВ 6005 ,СУ9,САНКТ-ПЕТЕРБУРГ(ПУЛКОВО),9,Y(А04),10:16,26,2026-09-10 10:25:00,2026-09-10 10:27:00,,2026-09-10 10:28:00,2026-09-10 10:29:00,2026-09-10 10:28:00,2026-09-10 10:29:00,2026-09-10 10:29:00,,1.0,2026-09-10 10:30:00,2026-09-10 10:31:00,,0.0,2026-09-10 10:29:00,2026-09-10 10:30:00,,,,,Екимов С. С.,Россия,Выдача до 30 минут
2026-09-10,AZO 7072 ,СУ9,КУТАИСИ(КУТАИСИ ИНТЛ.),28,Y(А12),10:32,1045,2026-09-10 10:41:00,2026-09-10 10:42:00,,2026-09-10 10:44:00,2026-09-10 10:54:00,2026-09-10 10:44:00,2026-09-10 10:54:00,2026-09-10 10:52:00,2.0,3.0,2026-09-10 10:58:00,2026-09-10 10:59:00,,0.0,2026-09-10 10:55:00,2026-09-10 10:58:00,,,,,"Лаптев В. В., Лесной Д. А.",GEORGIAN AIRWAYS,Выдача до 30 минут
2026-09-10,TC 422 ,788,ДАР-ЭС-САЛАМ(ДЖ. НИЕРЕРЕ ИНТЛ),22,Y(А09),10:42,3773,2026-09-10 10:55:00,2026-09-10 10:56:00,,2026-09-10 10:59:00,2026-09-10 11:14:00,2026-09-10 11:00:00,2026-09-10 11:14:00,2026-09-10 11:24:00,,,2026-09-10 11:04:00,2026-09-10 11:24:00,,0.0,2026-09-10 11:07:00,2026-09-10 11:15:00,2026-09-10 11:19:00,2026-09-10 11:24:00,,,"Коляскин А. Г., Тришкин А. В.",Не найдено,Выдача до 30 минут
2026-09-10,ЯК 465 ,73В,ЯКУТСК,59,Y(А06),11:02,1018,2026-09-10 11:13:00,2026-09-10 11:16:00,,2026-09-10 11:18:00,2026-09-10 11:34:00,2026-09-10 11:18:00,2026-09-10 11:34:00,2026-09-10 11:24:00,10.0,9.0,2026-09-10 11:43:00,2026-09-10 11:44:00,,1.0,2026-09-10 11:27:00,2026-09-10 11:43:00,,,,,Рустамов М. А.,Якутия,Выдача от 30 до 40 минут
2026-09-10,TK 413 ,333,СТАМБУЛ(СТАМБУЛ НЬЮ),23,Y(А10),11:05,3525,2026-09-10 11:18:00,2026-09-10 11:20:00,,2026-09-10 11:20:00,2026-09-10 11:37:00,2026-09-10 11:24:00,2026-09-10 11:37:00,2026-09-10 11:46:00,,,2026-09-10 11:34:00,2026-09-10 11:50:00,,2.0,2026-09-10 11:27:00,2026-09-10 11:37:00,2026-09-10 11:25:00,2026-09-10 11:42:00,,,"Андреев А. М., Харитонов И. А.",Turkish Airlines,Выдача от 30 до 40 минут
2026-09-10,ФВ 6007 ,СУ9,САНКТ-ПЕТЕРБУРГ(ПУЛКОВО),8,Y(А04),11:21,112,2026-09-10 11:34:00,2026-09-10 11:36:00,,2026-09-10 11:37:00,2026-09-10 11:40:00,2026-09-10 11:37:00,2026-09-10 11:40:00,2026-09-10 11:39:00,1.0,2.0,2026-09-10 11:43:00,2026-09-10 11:44:00,,0.0,2026-09-10 11:31:00,2026-09-10 11:43:00,,,,,Кейта А. С.,Россия,Выдача до 30 минут
2026-09-10,ФВ 6003 ,СУ9,САНКТ-ПЕТЕРБУРГ(ПУЛКОВО),10,Y(А04),11:30,5,2026-09-10 11:39:00,2026-09-10 11:40:00,,2026-09-10 11:42:00,2026-09-10 11:43:00,2026-09-10 11:42:00,2026-09-10 11:43:00,2026-09-10 11:43:00,,1.0,2026-09-10 11:46:00,2026-09-10 11:47:00,,0.0,2026-09-10 11:40:00,2026-09-10 11:46:00,,,,,Соколов И. С.,Россия,Выдача до 30 минут
2026-09-10,J2 807 ,319,БАКУ(ИМ. ГЕЙДАРА АЛИЕВА),30,Y(А11),11:33,1702,2026-09-10 11:43:00,2026-09-10 11:44:00,,2026-09-10 11:48:00,2026-09-10 12:02:00,2026-09-10 11:48:00,2026-09-10 12:02:00,2026-09-10 11:58:00,4.0,3.0,2026-09-10 12:02:00,2026-09-10 12:16:00,,3.0,2026-09-10 11:58:00,2026-09-10 12:03:00,2026-09-10 12:11:00,2026-09-10 12:15:00,,,Фанин Н. О.,AZAL,Выдача от 30 до 40 минут
2026-09-10,AZO 7154 ,СУ9,БАТУМИ,27,Y(А12),11:38,737,2026-09-10 11:48:00,2026-09-10 11:51:00,,2026-09-10 11:53:00,2026-09-10 12:00:00,2026-09-10 11:53:00,2026-09-10 12:00:00,2026-09-10 11:57:00,3.0,2.0,2026-09-10 12:04:00,2026-09-10 12:05:00,,0.0,2026-09-10 11:57:00,2026-09-10 12:04:00,,,,,Гафуров О. Ф.,GEORGIAN AIRWAYS,Выдача до 30 минут
2026-09-10,ЮТ 400 ,73Х,ГРОЗНЫЙ(СЕВЕРНЫЙ),25,Y(А05),11:42,254,2026-09-10 11:53:00,2026-09-10 11:55:00,,2026-09-10 11:55:00,2026-09-10 11:59:00,2026-09-10 11:55:00,2026-09-10 11:59:00,2026-09-10 11:59:00,,2.0,2026-09-10 12:04:00,2026-09-10 12:05:00,,0.0,2026-09-10 12:00:00,2026-09-10 12:05:00,,,,,Вазиров Т. В.,Ютэйр,Выдача до 30 минут
2026-09-10,TK 1231 ,321,АНТАЛЬЯ,26,Y(А09),11:53,1117,2026-09-10 12:05:00,2026-09-10 12:08:00,,2026-09-10 12:10:00,2026-09-10 12:19:00,2026-09-10 12:10:00,2026-09-10 12:19:00,2026-09-10 12:16:00,3.0,2.0,2026-09-10 12:22:00,2026-09-10 12:24:00,,0.0,2026-09-10 12:02:00,2026-09-10 12:23:00,,,,,Лесной Д. А.,Turkish Airlines,Выдача до 30 минут
2026-09-10,TK 3070 ,32Б,АНТАЛЬЯ,21,Y(А10),11:55,2115,2026-09-10 12:05:00,2026-09-10 12:07:00,,2026-09-10 12:08:00,2026-09-10 12:21:00,2026-09-10 12:08:00,2026-09-10 12:21:00,2026-09-10 12:23:00,,,2026-09-10 12:21:00,2026-09-10 12:27:00,,0.0,2026-09-10 12:04:00,2026-09-10 12:27:00,,,,,Аганин А. А.,Turkish Airlines,Выдача до 30 минут
2026-09-10,TK 3012 ,321,АНТАЛЬЯ,24,Y(А09),11:59,2513,2026-09-10 12:08:00,2026-09-10 12:11:00,,2026-09-10 12:10:00,2026-09-10 12:26:00,2026-09-10 12:10:00,2026-09-10 12:26:00,2026-09-10 12:29:00,,,2026-09-10 12:26:00,2026-09-10 12:34:00,,0.0,2026-09-10 12:16:00,2026-09-10 12:38:00,2026-09-10 12:10:00,2026-09-10 12:27:00,,,Семиченков С. А.,Turkish Airlines,Выдача до 30 минут
2026-09-10,PC 1458 ,32Щ,ДАЛАМАН,20,Y(А13),12:03,2046,2026-09-10 12:10:00,2026-09-10 12:12:00,,2026-09-10 12:13:00,2026-09-10 12:29:00,2026-09-10 12:13:00,2026-09-10 12:29:00,2026-09-10 12:28:00,1.0,2.0,2026-09-10 12:30:00,2026-09-10 12:50:00,,10.0,2026-09-10 12:24:00,2026-09-10 12:29:00,2026-09-10 12:39:00,2026-09-10 12:50:00,,,Кейта А. С.,Pegasus,Выдача от 30 до 40 минут
2026-09-10,ЖГ 936 ,73Х,ТБИЛИСИ(ТБИЛИСИ ИНТЛ.),29,Y(А12),12:11,1437,2026-09-10 12:19:00,2026-09-10 12:19:00,,2026-09-10 12:23:00,2026-09-10 12:33:00,2026-09-10 12:23:00,2026-09-10 12:33:00,2026-09-10 12:33:00,,,2026-09-10 12:47:00,2026-09-10 12:48:00,8.0,0.0,2026-09-10 12:27:00,2026-09-10 12:33:00,2026-09-10 12:47:00,2026-09-10 12:48:00,,,Андреев А. М.,GEORGIAN AIRWAYS,Выдача до 30 минут
2026-09-10,ЮТ 355 ,73Х,ГРОЗНЫЙ(СЕВЕРНЫЙ),58,0,05:04,243,2026-09-10 05:16:00,2026-09-10 05:19:00,,2026-09-10 05:22:00,2026-09-10 05:25:00,2026-09-10 05:22:00,2026-09-10 05:25:00,2026-09-10 05:22:00,3.0,1.0,2026-09-10 06:39:00,2026-09-10 06:40:00,53.0,54.0,2026-09-10 05:29:00,2026-09-10 05:39:00,,,,,Фозылов Б. З.,Ютэйр,Не определено
2026-09-10,ЮТ 808 ,73Х,БУХАРА(БУХАРА ИНТЛ.),16,Y(А11),09:45,734,2026-09-10 09:51:00,2026-09-10 09:53:00,,2026-09-10 09:55:00,2026-09-10 10:00:00,2026-09-10 09:55:00,2026-09-10 10:00:00,2026-09-10 10:00:00,,,2026-09-10 10:06:00,2026-09-10 10:07:00,,0.0,2026-09-10 10:06:00,2026-09-10 10:07:00,,,,,Пельгуев Д.,Ютэйр,Выдача до 30 минут
2026-09-10,3F 321 ,320,ЕРЕВАН(ЗВАРТНОЦ ИНТЛ),30,Y(А13),09:32,1112,2026-09-10 09:42:00,2026-09-10 09:43:00,,2026-09-10 09:46:00,2026-09-10 09:51:00,2026-09-10 09:46:00,2026-09-10 09:51:00,2026-09-10 09:53:00,,,2026-09-10 09:56:00,2026-09-10 09:57:00,,0.0,2026-09-10 09:52:00,2026-09-10 09:56:00,,,,,"Скулов Е. С., Харитонов И. А.",FLYONE Armenia,Выдача до 30 минут
2026-09-10,AZV 3002 ,763,АНТАЛЬЯ,64,Y(А09),11:16,2601,2026-09-10 11:30:00,2026-09-10 11:33:00,,2026-09-10 11:35:00,2026-09-10 12:00:00,2026-09-10 11:35:00,2026-09-10 12:00:00,2026-09-10 11:51:00,9.0,8.0,2026-09-10 11:58:00,2026-09-10 12:10:00,,10.0,2026-09-10 11:35:00,2026-09-10 12:00:00,2026-09-10 11:36:00,2026-09-10 12:10:00,,,Иванов В. А.,АЗУР эйр,Выдача от 30 до 40 минут
2026-09-10,ДР 436 ,73Х,УФА,49,Y(А07),08:54,337,2026-09-10 09:00:00,2026-09-10 09:02:00,,2026-09-10 09:04:00,2026-09-10 09:07:00,2026-09-10 09:04:00,2026-09-10 09:07:00,2026-09-10 09:06:00,1.0,1.0,2026-09-10 09:15:00,2026-09-10 09:17:00,,0.0,2026-09-10 09:09:00,2026-09-10 09:15:00,,,,,Соколов И. С.,Победа,Выдача до 30 минут
2026-09-10,ВГ 2390 ,ЯК4,ВОЛОГДА,45,0,09:21,61,2026-09-10 09:26:00,2026-09-10 09:26:00,,2026-09-10 09:29:00,2026-09-10 09:30:00,2026-09-10 09:29:00,2026-09-10 09:30:00,2026-09-10 09:30:00,,1.0,,-1,,0.0,,,,,,,Харитонов И. А.,Вологодское АП,Не определено
2026-09-10,TK 407 ,333,СТАМБУЛ(СТАМБУЛ НЬЮ),22,Y(А09),06:11,3566,2026-09-10 06:27:00,2026-09-10 06:29:00,,2026-09-10 06:32:00,2026-09-10 06:48:00,2026-09-10 06:33:00,2026-09-10 06:48:00,2026-09-10 06:55:00,,,2026-09-10 06:47:00,2026-09-10 06:52:00,,0.0,2026-09-10 06:33:00,2026-09-10 06:48:00,2026-09-10 06:22:00,2026-09-10 06:59:00,,,"Минченко А. И., Скулов Е. С.",Turkish Airlines,Выдача до 30 минут
2026-09-10,ЮТ 296B,734,СУРГУТ,21,Y(А05),06:16,478,2026-09-10 06:22:00,2026-09-10 06:23:00,,2026-09-10 06:25:00,2026-09-10 06:29:00,2026-09-10 06:25:00,2026-09-10 06:29:00,2026-09-10 06:29:00,,1.0,2026-09-10 06:36:00,2026-09-10 06:38:00,,0.0,2026-09-10 06:32:00,2026-09-10 06:37:00,,,,,Ушаков П. А.,Ютэйр,Выдача до 30 минут
2026-09-10,ДР 998 ,73Х,САМАРКАНД(САМАРКАНД ИНТЛ.),49,Y(А11),06:43,491,2026-09-10 06:48:00,2026-09-10 06:49:00,,2026-09-10 06:50:00,2026-09-10 06:55:00,2026-09-10 06:50:00,2026-09-10 06:55:00,2026-09-10 06:55:00,,2.0,2026-09-10 07:02:00,2026-09-10 07:03:00,,0.0,2026-09-10 06:56:00,2026-09-10 07:03:00,,,,,Кутейников А. В.,Победа,Выдача до 30 минут
2026-09-10,ХИ 9607 ,32Н,БУХАРА(БУХАРА ИНТЛ.),24,Y(А10),07:04,1887,2026-09-10 07:15:00,2026-09-10 07:17:00,,2026-09-10 07:19:00,2026-09-10 07:35:00,2026-09-10 07:19:00,2026-09-10 07:35:00,2026-09-10 07:32:00,3.0,3.0,2026-09-10 07:27:00,2026-09-10 07:41:00,,0.0,2026-09-10 07:24:00,2026-09-10 07:27:00,2026-09-10 07:38:00,2026-09-10 07:41:00,,,Ушаков Г. А.,UZBEKISTAN AIRWAYS,Выдача до 30 минут
2026-09-10,ХИ 9609 ,32Н,ТЕРМЕЗ,23,Y(А12),07:30,1464,2026-09-10 07:43:00,2026-09-10 07:45:00,,2026-09-10 07:46:00,2026-09-10 08:01:00,2026-09-10 07:46:00,2026-09-10 08:01:00,2026-09-10 07:57:00,4.0,5.0,2026-09-10 07:55:00,2026-09-10 08:08:00,,0.0,2026-09-10 07:52:00,2026-09-10 07:55:00,2026-09-10 08:04:00,2026-09-10 08:08:00,,,Тихонов С. М.,UZBEKISTAN AIRWAYS,Выдача до 30 минут
2026-09-10,ЮТ 454 ,73Х,ТЮМЕНЬ(РОЩИНО),17,Y(А06),07:47,1164,2026-09-10 07:55:00,2026-09-10 07:55:00,,2026-09-10 07:59:00,2026-09-10 08:09:00,2026-09-10 07:59:00,2026-09-10 08:09:00,2026-09-10 08:07:00,2.0,2.0,2026-09-10 08:18:00,2026-09-10 08:21:00,3.0,0.0,2026-09-10 08:13:00,2026-09-10 08:18:00,,,,,Кейта А. С.,Ютэйр,Выдача до 30 минут
2026-09-10,ЮТ 572 ,73Х,КРАСНОЯРСК,25,Y(А05),08:01,811,2026-09-10 08:09:00,2026-09-10 08:10:00,,2026-09-10 08:10:00,2026-09-10 08:19:00,2026-09-10 08:11:00,2026-09-10 08:19:00,2026-09-10 08:18:00,1.0,3.0,2026-09-10 08:21:00,2026-09-10 08:22:00,,0.0,2026-09-10 08:19:00,2026-09-10 08:21:00,,,,,"Гафуров О. Ф., Лесной Д. А.",Ютэйр,Выдача до 30 минут
2026-09-10,ДР 744 ,73Х,ОШ,48,Y(А13),08:07,312,2026-09-10 08:14:00,2026-09-10 08:14:00,,2026-09-10 08:16:00,2026-09-10 08:20:00,2026-09-10 08:16:00,2026-09-10 08:20:00,2026-09-10 08:20:00,,2.0,2026-09-10 08:27:00,2026-09-10 08:28:00,,0.0,2026-09-10 08:19:00,2026-09-10 08:28:00,,,,,Скулов Е. С.,Победа,Выдача до 30 минут
2026-09-10,В2 981 ,Е75,МИНСК(МИНСК ИНТЛ.),29,Y(А13),07:37,146,2026-09-10 07:42:00,2026-09-10 07:42:00,,2026-09-10 07:46:00,2026-09-10 07:48:00,2026-09-10 07:46:00,2026-09-10 07:48:00,2026-09-10 07:47:00,1.0,1.0,2026-09-10 07:51:00,2026-09-10 07:52:00,,0.0,2026-09-10 07:48:00,2026-09-10 07:51:00,,,,,Коляскин А. Г.,Белавиа,Выдача до 30 минут
2026-09-10,ДР 434 ,73Х,ПЕРМЬ(БОЛЬШОЕ САВИНО),51,Y(А04),06:03,300,2026-09-10 06:13:00,2026-09-10 06:15:00,,2026-09-10 06:16:00,2026-09-10 06:19:00,2026-09-10 06:16:00,2026-09-10 06:19:00,2026-09-10 06:19:00,,1.0,2026-09-10 06:26:00,2026-09-10 06:28:00,,0.0,2026-09-10 06:21:00,2026-09-10 06:26:00,,,,,Федоров Н. В.,Победа,Выдача до 30 минут
2026-09-10,ЮТ 364 ,734,УФА,11,Y(А07),08:09,853,2026-09-10 08:16:00,2026-09-10 08:18:00,,2026-09-10 08:34:00,2026-09-10 08:40:00,2026-09-10 08:35:00,2026-09-10 08:40:00,2026-09-10 08:26:00,14.0,,2026-09-10 08:43:00,2026-09-10 08:49:00,7.0,3.0,2026-09-10 08:32:00,2026-09-10 08:44:00,,,,,"Пельгуев Д., Семиченков С. А.",Ютэйр,Выдача от 30 до 40 минут
2026-09-10,ЮВ 301 ,ЦР2,БУГУЛЬМА,44,Y(А04),08:37,333,2026-09-10 08:43:00,2026-09-10 08:44:00,,2026-09-10 08:46:00,2026-09-10 08:49:00,2026-09-10 08:46:00,2026-09-10 08:49:00,2026-09-10 08:49:00,,1.0,2026-09-10 08:56:00,2026-09-10 08:57:00,,0.0,2026-09-10 08:49:00,2026-09-10 08:56:00,,,,,Харитонов И. А.,ЮВТ АЭРО,Выдача до 30 минут
2026-09-10,ЮТ 352 ,73Е,ХАНТЫ-МАНСИЙСК,10,Y(А05),08:32,690,2026-09-10 08:39:00,2026-09-10 08:39:00,,2026-09-10 08:42:00,2026-09-10 08:49:00,2026-09-10 08:42:00,2026-09-10 08:49:00,2026-09-10 08:48:00,1.0,2.0,2026-09-10 08:54:00,2026-09-10 08:58:00,,0.0,2026-09-10 08:50:00,2026-09-10 08:55:00,,,,,Фанин Н. О.,Ютэйр,Выдача до 30 минут
2026-09-10,DV 809 ,738,АЛМАТЫ(АЛМАТЫ ИНТЛ.),18,Y(А13),08:22,1182,2026-09-10 08:30:00,2026-09-10 08:32:00,,2026-09-10 08:34:00,2026-09-10 08:47:00,2026-09-10 08:34:00,2026-09-10 08:47:00,2026-09-10 08:42:00,5.0,5.0,2026-09-10 08:54:00,2026-09-10 08:56:00,4.0,0.0,2026-09-10 08:48:00,2026-09-10 08:54:00,,,,,"Гаджиев Н. Т., Тихонов С. М.",SCAT Airlines,Выдача до 30 минут
2026-09-10,ДР 714 ,7С8,САМАРКАНД(САМАРКАНД ИНТЛ.),47,Y(А12),08:51,455,2026-09-10 08:59:00,2026-09-10 09:02:00,,2026-09-10 09:03:00,2026-09-10 09:06:00,2026-09-10 09:03:00,2026-09-10 09:06:00,2026-09-10 09:06:00,,,2026-09-10 09:12:00,2026-09-10 09:14:00,,0.0,2026-09-10 09:07:00,2026-09-10 09:12:00,,,,,Лаптев В. В.,Победа,Выдача до 30 минут
2026-09-10,ФВ 6051 ,СУ9,САНКТ-ПЕТЕРБУРГ(ПУЛКОВО),9,Y(А04),08:15,44,2026-09-10 08:23:00,2026-09-10 08:26:00,,2026-09-10 08:26:00,2026-09-10 08:30:00,2026-09-10 08:26:00,2026-09-10 08:30:00,2026-09-10 08:27:00,3.0,4.0,2026-09-10 08:29:00,2026-09-10 08:30:00,,0.0,2026-09-10 08:28:00,2026-09-10 08:29:00,,,,,Лаптев В. В.,Россия,Выдача до 30 минут
2026-09-10,ДР 742 ,73Х,ТАШКЕНТ(ТАШКЕНТ ИНТЛ.),50,Y(А11),08:12,513,2026-09-10 08:20:00,2026-09-10 08:20:00,,2026-09-10 08:23:00,2026-09-10 08:27:00,2026-09-10 08:23:00,2026-09-10 08:27:00,2026-09-10 08:27:00,,1.0,2026-09-10 08:32:00,2026-09-10 08:34:00,,0.0,2026-09-10 08:28:00,2026-09-10 08:32:00,,,,,Тришкин А. В.,Победа,Выдача до 30 минут
2026-09-10,ЮТ 248 ,73Х,СУРГУТ,12,Y(А08),08:17,552,2026-09-10 08:27:00,2026-09-10 08:27:00,,2026-09-10 08:34:00,2026-09-10 08:41:00,2026-09-10 08:34:00,2026-09-10 08:41:00,2026-09-10 08:35:00,6.0,3.0,2026-09-10 08:45:00,2026-09-10 08:46:00,,0.0,2026-09-10 08:42:00,2026-09-10 08:45:00,,,,,Коляскин А. Г.,Ютэйр,Выдача до 30 минут
2026-09-11,ЮТ 250 ,73Х,СОЧИ,12,Y(А05),18:50,1186,2026-09-11 18:58:00,2026-09-11 18:59:00,,2026-09-11 19:00:00,2026-09-11 19:09:00,2026-09-11 19:00:00,2026-09-11 19:09:00,2026-09-11 19:10:00,,1.0,2026-09-11 19:11:00,2026-09-11 19:17:00,,0.0,2026-09-11 19:13:00,2026-09-11 19:16:00,,,,,Сыргаков Б. А.,Ютэйр,Выдача до 30 минут
2026-09-11,ЮТ 456 ,735,НОЯБРЬСК,10,Y(А05),18:01,357,2026-09-11 18:09:00,2026-09-11 18:10:00,,2026-09-11 18:11:00,2026-09-11 18:14:00,2026-09-11 18:11:00,2026-09-11 18:14:00,2026-09-11 18:15:00,,1.0,2026-09-11 18:21:00,2026-09-11 18:23:00,,0.0,2026-09-11 18:15:00,2026-09-11 18:21:00,,,,,Хушвактов П. З.,Ютэйр,Выдача до 30 минут
2026-09-11,ЮТ 746 ,73Х,БАКУ(ИМ. ГЕЙДАРА АЛИЕВА),11,Y(А11),18:14,1440,2026-09-11 18:23:00,2026-09-11 18:25:00,,2026-09-11 18:26:00,2026-09-11 18:35:00,2026-09-11 18:26:00,2026-09-11 18:35:00,2026-09-11 18:37:00,,,2026-09-11 18:37:00,2026-09-11 18:45:00,,0.0,2026-09-11 18:34:00,2026-09-11 18:37:00,2026-09-11 18:27:00,2026-09-11 18:39:00,,,Омурбек У. Б.,Ютэйр,Выдача до 30 минут
2026-09-11,AZO 7008 ,СУ9,ТБИЛИСИ(ТБИЛИСИ ИНТЛ.),44,Y(А08),18:26,699,2026-09-11 18:37:00,2026-09-11 18:38:00,,2026-09-11 18:41:00,2026-09-11 18:44:00,2026-09-11 18:41:00,2026-09-11 18:44:00,2026-09-11 18:46:00,,,2026-09-11 18:54:00,2026-09-11 18:56:00,,0.0,2026-09-11 18:45:00,2026-09-11 18:53:00,,,,,Додаров Ф. М.,GEORGIAN AIRWAYS,Выдача до 30 минут
2026-09-11,DRU 9942 ,73Х,БАЙКОНУР(КРАЙНИЙ),21,Y(А13),18:30,780,2026-09-11 18:37:00,2026-09-11 18:39:00,,2026-09-11 18:42:00,2026-09-11 18:46:00,2026-09-11 18:42:00,2026-09-11 18:46:00,2026-09-11 18:46:00,,,2026-09-11 18:53:00,2026-09-11 18:54:00,,0.0,,,,,,,Черкас В. А.,Алроса,Выдача до 30 минут
2026-09-11,ДР 856 ,73Х,ГЮМРИ(ШИРАК),46,Y(А13),18:42,1599,2026-09-11 18:49:00,2026-09-11 18:53:00,1.0,2026-09-11 18:52:00,2026-09-11 19:05:00,2026-09-11 18:52:00,2026-09-11 19:05:00,2026-09-11 19:04:00,1.0,2.0,2026-09-11 19:06:00,2026-09-11 19:14:00,,0.0,2026-09-11 19:06:00,2026-09-11 19:13:00,2026-09-11 18:59:00,2026-09-11 19:06:00,,,Каламбеков У. О.,Победа,Выдача до 30 минут
2026-09-11,ЮТ 276 ,734,СОЧИ,13,Y(А06),18:45,1202,2026-09-11 18:55:00,2026-09-11 18:56:00,,2026-09-11 18:57:00,2026-09-11 19:07:00,2026-09-11 18:57:00,2026-09-11 19:07:00,2026-09-11 19:07:00,,2.0,2026-09-11 19:12:00,2026-09-11 19:17:00,,0.0,2026-09-11 19:11:00,2026-09-11 19:13:00,,,,,Гафуров О. Ф.,Ютэйр,Выдача до 30 минут
2026-09-11,ЮТ 464 ,73Х,ТЮМЕНЬ(РОЩИНО),14,Y(А07),18:57,991,2026-09-11 19:06:00,2026-09-11 19:20:00,11.0,2026-09-11 19:07:00,2026-09-11 19:19:00,2026-09-11 19:07:00,2026-09-11 19:19:00,2026-09-11 19:17:00,2.0,5.0,2026-09-11 19:25:00,2026-09-11 19:28:00,,0.0,2026-09-11 19:21:00,2026-09-11 19:26:00,,,,,Дубинский В. Д.,Ютэйр,Выдача до 30 минут
2026-09-11,ЮТ 802 ,762,ДУШАНБЕ(ДУШАНБЕ ИНТЛ.),19,Y(А09),19:48,2888,2026-09-11 19:56:00,2026-09-11 19:57:00,,2026-09-11 20:02:00,2026-09-11 20:23:00,2026-09-11 20:02:00,2026-09-11 20:23:00,2026-09-11 20:19:00,4.0,2.0,2026-09-11 20:31:00,2026-09-11 20:38:00,15.0,12.0,2026-09-11 20:02:00,2026-09-11 20:30:00,,,,,Лаптев В. В.,Ютэйр,Выдача более 40 минут
2026-09-11,ЖГ 926 ,73В,ТБИЛИСИ(ТБИЛИСИ ИНТЛ.),30,Y(А11),19:04,1634,2026-09-11 19:17:00,2026-09-11 19:17:00,,2026-09-11 19:13:00,2026-09-11 19:26:00,2026-09-11 19:13:00,2026-09-11 19:26:00,2026-09-11 19:32:00,,2.0,2026-09-11 19:26:00,2026-09-11 19:33:00,,0.0,2026-09-11 19:23:00,2026-09-11 19:26:00,2026-09-11 19:29:00,2026-09-11 19:32:00,,,Юрков С.,GEORGIAN AIRWAYS,Выдача до 30 минут
2026-09-11,ФВ 6175 ,СУ9,САНКТ-ПЕТЕРБУРГ(ПУЛКОВО),9,Y(А04),19:06,0,2026-09-11 19:16:00,2026-09-11 19:18:00,,2026-09-11 19:21:00,2026-09-11 19:22:00,2026-09-11 19:21:00,2026-09-11 19:22:00,,,1.0,,-1,,0.0,2026-09-11 19:21:00,2026-09-11 19:22:00,,,,,Коляскин А. Г.,Россия,Некорректно проставлены отметки
2026-09-11,AZV 3008 ,75В,АНТАЛЬЯ,4,Y(А10),19:10,2049,2026-09-11 19:24:00,2026-09-11 19:27:00,,2026-09-11 19:32:00,2026-09-11 19:48:00,2026-09-11 19:32:00,2026-09-11 19:48:00,2026-09-11 19:42:00,6.0,2.0,2026-09-11 19:41:00,2026-09-11 19:52:00,,0.0,2026-09-11 19:37:00,2026-09-11 19:41:00,2026-09-11 19:50:00,2026-09-11 19:52:00,,,Иванов В. А.,АЗУР эйр,Выдача до 30 минут
2026-09-11,ЮТ 398 ,734,ГЕЛЕНДЖИК,58,Y(А06),19:17,1319,2026-09-11 19:29:00,2026-09-11 19:30:00,,2026-09-11 19:31:00,2026-09-11 19:43:00,2026-09-11 19:31:00,2026-09-11 19:43:00,2026-09-11 19:42:00,1.0,3.0,2026-09-11 19:46:00,2026-09-11 19:52:00,,0.0,2026-09-11 19:39:00,2026-09-11 19:47:00,2026-09-11 19:46:00,2026-09-11 19:51:00,,,Фанин Н. О.,Ютэйр,Выдача до 30 минут
2026-09-11,ЮТ 296 ,73Х,СУРГУТ,16,Y(А08),19:21,711,2026-09-11 19:28:00,2026-09-11 19:29:00,,2026-09-11 19:30:00,2026-09-11 19:36:00,2026-09-11 19:30:00,2026-09-11 19:36:00,2026-09-11 19:37:00,,1.0,2026-09-11 19:41:00,2026-09-11 19:44:00,,0.0,2026-09-11 19:37:00,2026-09-11 19:41:00,,,,,"Лесной Д. А., Михайлов М. С.",Ютэйр,Выдача до 30 минут
2026-09-11,ЮТ 810 ,73Х,САМАРКАНД(САМАРКАНД ИНТЛ.),20,Y(А12),19:36,930,2026-09-11 19:45:00,2026-09-11 19:47:00,,2026-09-11 19:48:00,2026-09-11 20:00:00,2026-09-11 19:48:00,2026-09-11 20:00:00,2026-09-11 19:55:00,5.0,6.0,2026-09-11 20:04:00,2026-09-11 20:13:00,,0.0,2026-09-11 20:00:00,2026-09-11 20:04:00,,,,,Андреев А. М.,Ютэйр,Выдача до 30 минут
2026-09-11,ДР 190 ,7С8,МАХАЧКАЛА,48,Y(А07),19:43,772,2026-09-11 19:49:00,2026-09-11 19:57:00,5.0,2026-09-11 19:53:00,2026-09-11 20:03:00,2026-09-11 19:53:00,2026-09-11 20:03:00,2026-09-11 19:58:00,5.0,5.0,2026-09-11 20:12:00,2026-09-11 20:13:00,,0.0,2026-09-11 20:00:00,2026-09-11 20:11:00,,,,,Кейта А. С.,Победа,Выдача до 30 минут
2026-09-11,TK 415 ,321,СТАМБУЛ(СТАМБУЛ НЬЮ),22,Y(А09),17:57,3357,2026-09-11 18:07:00,2026-09-11 18:09:00,,2026-09-11 18:12:00,2026-09-11 18:25:00,2026-09-11 18:12:00,2026-09-11 18:25:00,2026-09-11 18:33:00,,,2026-09-11 18:22:00,2026-09-11 18:31:00,,0.0,2026-09-11 18:13:00,2026-09-11 18:30:00,2026-09-11 18:28:00,2026-09-11 18:29:00,,,Попов А. И.,Turkish Airlines,Выдача до 30 минут
2026-09-11,ХИ 9625 ,32Н,НУКУС,25,Y(А09),19:01,1849,2026-09-11 19:12:00,2026-09-11 19:13:00,,2026-09-11 19:16:00,2026-09-11 19:33:00,2026-09-11 19:16:00,2026-09-11 19:33:00,2026-09-11 19:28:00,5.0,5.0,2026-09-11 19:27:00,2026-09-11 19:38:00,,0.0,2026-09-11 19:25:00,2026-09-11 19:27:00,2026-09-11 19:34:00,2026-09-11 19:37:00,,,Рябчевский В. О.,UZBEKISTAN AIRWAYS,Выдача до 30 минут
2026-09-11,NE 608 ,320,ХУРГАДА(ХУРГАДА ИНТЛ.),19,Y(А10),17:43,1930,2026-09-11 17:52:00,2026-09-11 17:55:00,,2026-09-11 17:55:00,2026-09-11 18:10:00,2026-09-11 17:55:00,2026-09-11 18:10:00,2026-09-11 18:09:00,1.0,2.0,2026-09-11 18:09:00,2026-09-11 18:17:00,,0.0,2026-09-11 18:03:00,2026-09-11 18:09:00,2026-09-11 18:13:00,2026-09-11 18:17:00,,,Музафаров А. С.,Nesma Airlines,Выдача до 30 минут
2026-09-11,PC 388 ,32Щ,СТАМБУЛ(САБИХА ГОКЦЕН),24,Y(А09),13:34,2489,2026-09-11 13:43:00,2026-09-11 13:45:00,,2026-09-11 13:47:00,2026-09-11 14:02:00,2026-09-11 13:47:00,2026-09-11 14:02:00,2026-09-11 14:04:00,,,2026-09-11 13:54:00,2026-09-11 14:08:00,,0.0,2026-09-11 13:52:00,2026-09-11 13:54:00,2026-09-11 13:51:00,2026-09-11 14:07:00,,,Черкас В. А.,Pegasus,Выдача до 30 минут
2026-09-11,ЯК 480 ,73Х,МИНЕРАЛЬНЫЕ ВОДЫ,15,Y(А06),17:25,1320,2026-09-11 17:32:00,2026-09-11 17:33:00,,2026-09-11 17:35:00,2026-09-11 17:43:00,2026-09-11 17:35:00,2026-09-11 17:43:00,2026-09-11 17:40:00,3.0,4.0,2026-09-11 18:06:00,2026-09-11 18:07:00,14.0,5.0,2026-09-11 17:46:00,2026-09-11 17:50:00,,,,,Рябчевский В. О.,Якутия,Выдача от 30 до 40 минут
2026-09-11,ФВ 6037 ,СУ9,САНКТ-ПЕТЕРБУРГ(ПУЛКОВО),10,Y(А04),19:57,154,2026-09-11 20:07:00,2026-09-11 20:08:00,,2026-09-11 20:10:00,2026-09-11 20:12:00,2026-09-11 20:10:00,2026-09-11 20:12:00,2026-09-11 20:12:00,,1.0,2026-09-11 20:16:00,2026-09-11 20:17:00,,0.0,2026-09-11 20:16:00,2026-09-11 20:17:00,,,,,Вазиров Т. В.,Россия,Выдача до 30 минут
2026-09-11,TK 3082 ,32Б,АНТАЛЬЯ,19,Y(А10),13:45,1821,2026-09-11 13:50:00,2026-09-11 13:51:00,,2026-09-11 13:57:00,2026-09-11 14:03:00,2026-09-11 13:57:00,2026-09-11 14:03:00,2026-09-11 14:06:00,,,2026-09-11 14:07:00,2026-09-11 14:11:00,,0.0,2026-09-11 14:02:00,2026-09-11 14:09:00,,,,,Юрков С.,Turkish Airlines,Выдача до 30 минут
2026-09-11,ГЗП 292 ,СУ9,ТАЛАКАН,Б36,Y(А05),13:50,169,2026-09-11 13:57:00,2026-09-11 13:58:00,,2026-09-11 14:00:00,2026-09-11 14:04:00,2026-09-11 14:00:00,2026-09-11 14:04:00,2026-09-11 14:02:00,2.0,3.0,2026-09-11 14:21:00,2026-09-11 14:23:00,,0.0,2026-09-11 13:58:00,2026-09-11 14:22:00,,,,,Гафуров О. Ф.,Газпром авиа,Выдача до 30 минут
2026-09-11,TK 3008 ,32Б,АНТАЛЬЯ,20,Y(А10),13:53,2266,2026-09-11 14:01:00,2026-09-11 14:03:00,,2026-09-11 14:06:00,2026-09-11 14:19:00,2026-09-11 14:06:00,2026-09-11 14:19:00,2026-09-11 14:20:00,,,2026-09-11 14:21:00,2026-09-11 14:37:00,,6.0,2026-09-11 14:11:00,2026-09-11 14:37:00,,,,,Дубинский В. Д.,Turkish Airlines,Выдача от 30 до 40 минут
2026-09-11,ДР 734 ,73Х,ТЕРМЕЗ,48,Y(А11),14:07,847,2026-09-11 14:16:00,2026-09-11 14:17:00,,2026-09-11 14:17:00,2026-09-11 14:24:00,2026-09-11 14:17:00,2026-09-11 14:24:00,2026-09-11 14:26:00,,1.0,2026-09-11 14:34:00,2026-09-11 14:38:00,,0.0,2026-09-11 14:25:00,2026-09-11 14:32:00,,,,,Хушвактов П. З.,Победа,Выдача до 30 минут
2026-09-11,ЮТ 334 ,73Е,НАРЬЯН-МАР,10,Y(А08),14:24,820,2026-09-11 14:37:00,2026-09-11 14:37:00,,2026-09-11 14:37:00,2026-09-11 14:48:00,2026-09-11 14:37:00,2026-09-11 14:48:00,2026-09-11 14:46:00,2.0,6.0,2026-09-11 14:50:00,2026-09-11 14:51:00,,0.0,2026-09-11 14:48:00,2026-09-11 14:51:00,,,,,Рябчевский В. О.,Ютэйр,Выдача до 30 минут
2026-09-11,FZ 989 ,7М8,ДУБАЙ(ДУБАЙ ИНТЛ.),29,Y(А10),14:52,1879,2026-09-11 15:03:00,2026-09-11 15:07:00,1.0,2026-09-11 15:06:00,2026-09-11 15:22:00,2026-09-11 15:07:00,2026-09-11 15:22:00,2026-09-11 15:20:00,2.0,2.0,2026-09-11 15:14:00,2026-09-11 15:25:00,,0.0,2026-09-11 15:12:00,2026-09-11 15:14:00,2026-09-11 15:22:00,2026-09-11 15:24:00,,,"Омурбек У. Б., Сыргаков Б. А.",flydubai,Выдача до 30 минут
2026-09-11,ФВ 6025 ,СУ9,САНКТ-ПЕТЕРБУРГ(ПУЛКОВО),8,Y(А04),15:20,191,2026-09-11 15:32:00,2026-09-11 15:33:00,,2026-09-11 15:35:00,2026-09-11 15:38:00,2026-09-11 15:35:00,2026-09-11 15:38:00,2026-09-11 15:37:00,1.0,2.0,2026-09-11 15:41:00,2026-09-11 15:42:00,,0.0,2026-09-11 15:39:00,2026-09-11 15:41:00,,,,,Литвин И. С.,Россия,Выдача до 30 минут
2026-09-11,ЮТ 596 ,735,УСИНСК,17,Y(А07),17:29,815,2026-09-11 17:36:00,2026-09-11 17:39:00,,2026-09-11 17:40:00,2026-09-11 17:55:00,2026-09-11 17:40:00,2026-09-11 17:55:00,2026-09-11 17:45:00,10.0,10.0,2026-09-11 18:02:00,2026-09-11 18:08:00,6.0,2.0,2026-09-11 17:57:00,2026-09-11 18:02:00,,,,,Давлатов Б. Ч.,Ютэйр,Выдача от 30 до 40 минут
2026-09-11,ЮТ 356 ,734,ГРОЗНЫЙ(СЕВЕРНЫЙ),15,Y(А07),15:24,265,2026-09-11 15:31:00,2026-09-11 12:15:00,-196.0,2026-09-11 15:33:00,2026-09-11 15:38:00,2026-09-11 15:33:00,2026-09-11 15:38:00,2026-09-11 15:37:00,1.0,3.0,2026-09-11 15:44:00,2026-09-11 15:47:00,,0.0,2026-09-11 15:40:00,2026-09-11 15:44:00,,,,,Дубинский В. Д.,Ютэйр,Выдача до 30 минут
2026-09-11,ХИ 9615 ,320,УРГЕНЧ(УРГЕНЧ ИНТЛ.),23,Y(А10),16:11,1431,2026-09-11 16:23:00,2026-09-11 16:23:00,,2026-09-11 16:25:00,2026-09-11 16:32:00,2026-09-11 16:25:00,2026-09-11 16:32:00,2026-09-11 16:37:00,,,2026-09-11 16:33:00,2026-09-11 16:41:00,,0.0,2026-09-11 16:29:00,2026-09-11 16:33:00,2026-09-11 16:36:00,2026-09-11 16:40:00,,,Юрков С.,UZBEKISTAN AIRWAYS,Выдача до 30 минут
2026-09-11,AZV 3006 ,763,АНТАЛЬЯ,2,Y(А09),16:15,3000,2026-09-11 16:34:00,2026-09-11 16:35:00,,2026-09-11 16:32:00,2026-09-11 16:49:00,2026-09-11 16:42:00,2026-09-11 16:49:00,2026-09-11 16:58:00,,,2026-09-11 16:45:00,2026-09-11 16:53:00,,0.0,2026-09-11 16:57:00,2026-09-11 17:09:00,2026-09-11 16:41:00,2026-09-11 16:55:00,,,"Демчук Д. П., Омурбек У. Б.",АЗУР эйр,Выдача до 30 минут
2026-09-11,ЮБГ 509 ,738,ЕРЕВАН(ЗВАРТНОЦ ИНТЛ),25,Y(А13),16:19,3597,2026-09-11 16:30:00,2026-09-11 16:32:00,,2026-09-11 16:35:00,2026-09-11 16:56:00,2026-09-11 16:35:00,2026-09-11 16:56:00,2026-09-11 16:58:00,,,2026-09-11 16:45:00,2026-09-11 17:00:00,,0.0,2026-09-11 16:41:00,2026-09-11 16:45:00,,,2026-09-11 16:56:00,2026-09-11 17:00:00,"Каламбеков У. О., Сыргаков Б. А.",Shirak Avia,Выдача до 30 минут
2026-09-11,AZO 7108 ,СУ9,ТБИЛИСИ(ТБИЛИСИ ИНТЛ.),28,Y(А12),16:26,940,2026-09-11 16:41:00,2026-09-11 16:43:00,,2026-09-11 16:46:00,2026-09-11 16:55:00,2026-09-11 16:46:00,2026-09-11 16:55:00,2026-09-11 16:51:00,4.0,3.0,2026-09-11 17:01:00,2026-09-11 17:06:00,,0.0,2026-09-11 16:57:00,2026-09-11 17:01:00,,,,,Гафуров О. Ф.,GEORGIAN AIRWAYS,Выдача до 30 минут
2026-09-11,ГЗП 948 ,73В,НОВЫЙ УРЕНГОЙ,Б66,Y(А08),16:34,775,2026-09-11 16:44:00,2026-09-11 16:45:00,,2026-09-11 16:47:00,2026-09-11 16:56:00,2026-09-11 16:47:00,2026-09-11 16:56:00,2026-09-11 16:53:00,3.0,4.0,2026-09-11 17:17:00,2026-09-11 17:19:00,3.0,0.0,2026-09-11 16:37:00,2026-09-11 17:17:00,,,,,Музафаров А. С.,Газпром авиа,Выдача до 30 минут
2026-09-11,ФВ 6031 ,СУ9,САНКТ-ПЕТЕРБУРГ(ПУЛКОВО),10,Y(А04),16:38,7,2026-09-11 16:45:00,2026-09-11 16:47:00,,2026-09-11 16:50:00,2026-09-11 16:51:00,2026-09-11 16:50:00,2026-09-11 16:51:00,2026-09-11 16:49:00,2.0,1.0,2026-09-11 16:53:00,2026-09-11 16:54:00,,0.0,2026-09-11 16:51:00,2026-09-11 16:53:00,,,,,Литвин И. С.,Россия,Выдача до 30 минут
2026-09-11,ДР 422B,7С8,САМАРА(КУРУМОЧ),47,Y(А04),16:58,95,2026-09-11 17:08:00,2026-09-11 17:08:00,,2026-09-11 17:09:00,2026-09-11 17:10:00,2026-09-11 17:09:00,2026-09-11 17:10:00,2026-09-11 17:13:00,,,2026-09-11 17:17:00,2026-09-11 17:18:00,,0.0,2026-09-11 17:11:00,2026-09-11 17:18:00,,,,,Черкас В. А.,Победа,Выдача до 30 минут
2026-09-11,РГ 194 ,ЦР1,ТАМБОВ,45,Y(А05),17:15,101,2026-09-11 17:24:00,2026-09-11 17:24:00,,2026-09-11 17:27:00,2026-09-11 17:28:00,2026-09-11 17:27:00,2026-09-11 17:28:00,2026-09-11 17:29:00,,,2026-09-11 17:33:00,2026-09-11 17:34:00,,0.0,2026-09-11 17:30:00,2026-09-11 17:35:00,,,,,Попов А. И.,Руслайн,Выдача до 30 минут
2026-09-11,НВЦ 9152 ,320,САБЕТТА,13,Y(А06),15:30,1572,2026-09-11 15:43:00,2026-09-11 15:45:00,,2026-09-11 15:50:00,2026-09-11 16:03:00,2026-09-11 15:50:00,2026-09-11 16:03:00,2026-09-11 15:57:00,6.0,3.0,2026-09-11 15:59:00,2026-09-11 16:08:00,,0.0,2026-09-11 15:56:00,2026-09-11 15:59:00,2026-09-11 16:06:00,2026-09-11 16:08:00,,,Гафуров О. Ф.,Северо-Запад,Выдача до 30 минут
2026-09-11,ХИ 613 ,32Щ,ТАШКЕНТ(ТАШКЕНТ ИНТЛ.),23,Y(А10),20:02,1907,2026-09-11 20:11:00,2026-09-11 20:11:00,,2026-09-11 20:15:00,2026-09-11 20:29:00,2026-09-11 20:28:00,2026-09-11 20:29:00,2026-09-11 20:28:00,1.0,,2026-09-11 20:23:00,2026-09-11 20:34:00,,0.0,2026-09-11 20:11:00,2026-09-11 20:24:00,2026-09-11 20:28:00,2026-09-11 20:33:00,,,"Коляскин А. Г., Хушвактов П. З.",UZBEKISTAN AIRWAYS,Выдача до 30 минут
2026-09-11,ДР 348A ,7С8,КИРОВ,46,Y(А05),22:02,295,2026-09-11 22:09:00,2026-09-11 22:31:00,19.0,2026-09-11 22:37:00,2026-09-11 22:41:00,2026-09-11 22:37:00,2026-09-11 22:41:00,2026-09-11 22:15:00,26.0,2.0,2026-09-11 22:47:00,2026-09-11 22:50:00,8.0,11.0,2026-09-11 22:42:00,2026-09-11 22:55:00,,,,,Михайлов М. С.,Победа,Выдача более 40 минут
2026-09-11,ХИ 9627 ,32Н,ФЕРГАНА(ФЕРГАНА ИНТЛ.),24,Y(А10),20:16,1610,2026-09-11 20:29:00,2026-09-11 20:32:00,,2026-09-11 20:34:00,2026-09-11 20:50:00,2026-09-11 20:34:00,2026-09-11 20:50:00,2026-09-11 20:44:00,6.0,5.0,2026-09-11 20:42:00,2026-09-11 20:55:00,,0.0,2026-09-11 20:38:00,2026-09-11 20:42:00,2026-09-11 20:50:00,2026-09-11 20:54:00,,,Попов А. И.,UZBEKISTAN AIRWAYS,Выдача до 30 минут
2026-09-11,ЮТ 784 ,73Х,АНТАЛЬЯ,8,Y(А11),22:47,1310,2026-09-11 23:05:00,2026-09-11 23:05:00,,2026-09-11 23:09:00,2026-09-11 23:19:00,2026-09-11 23:09:00,2026-09-11 23:19:00,2026-09-11 23:18:00,1.0,1.0,2026-09-11 23:21:00,2026-09-11 23:26:00,,0.0,2026-09-11 23:15:00,2026-09-11 23:19:00,2026-09-11 23:21:00,2026-09-11 23:24:00,,,Фанин Н. О.,Ютэйр,Выдача до 30 минут
2026-09-11,J2 805 ,320,БАКУ(ИМ. ГЕЙДАРА АЛИЕВА),27,Y(А12),22:53,2050,2026-09-11 23:07:00,2026-09-11 23:09:00,,2026-09-11 23:10:00,2026-09-11 23:24:00,2026-09-11 23:10:00,2026-09-11 23:24:00,2026-09-11 23:25:00,,,2026-09-11 23:20:00,2026-09-11 23:37:00,,0.0,2026-09-11 23:14:00,2026-09-11 23:20:00,2026-09-11 23:30:00,2026-09-11 23:33:00,,,"Демчук Д. П., Иванов В. А.",AZAL,Выдача до 30 минут
2026-09-11,PC 1580 ,32Н,АНТАЛЬЯ,20,Y(А10),22:57,2097,2026-09-11 23:05:00,2026-09-11 23:07:00,,2026-09-11 23:09:00,2026-09-11 23:24:00,2026-09-11 23:09:00,2026-09-11 23:24:00,2026-09-11 23:23:00,1.0,1.0,2026-09-11 23:28:00,2026-09-11 23:42:00,3.0,7.0,2026-09-11 23:21:00,2026-09-11 23:30:00,2026-09-11 23:37:00,2026-09-11 23:40:00,,,Харитонов И. А.,Pegasus,Выдача от 30 до 40 минут
2026-09-11,ФВ 6181 ,СУ9,САНКТ-ПЕТЕРБУРГ(ПУЛКОВО),9,Y(А04),22:59,0,2026-09-11 23:08:00,2026-09-11 23:09:00,,2026-09-11 23:12:00,2026-09-11 23:13:00,2026-09-11 23:12:00,2026-09-11 23:13:00,,,1.0,,-1,,0.0,2026-09-11 23:11:05,2026-09-11 23:18:05,,,,,Михайлов М. С.,Россия,Некорректно проставлены отметки
2026-09-11,ЮТ 576 ,73Х,КРАСНОДАР(ПАШКОВСКИЙ),15,Y(А05),23:06,729,2026-09-11 23:14:00,2026-09-11 23:16:00,,2026-09-11 23:19:00,2026-09-11 23:27:00,2026-09-11 23:19:00,2026-09-11 23:27:00,2026-09-11 23:23:00,4.0,3.0,2026-09-11 23:32:00,2026-09-11 23:33:00,,0.0,2026-09-11 23:29:00,2026-09-11 23:35:00,,,,,Попов А. И.,Ютэйр,Выдача до 30 минут
2026-09-11,4S 311 ,7С8,ШАРМ ЭЛЬ ШЕЙХ(ШАРМ ЭЛЬ ШЕЙХ ИНТЛ.),23,Y(А09),23:09,2534,2026-09-11 23:23:00,2026-09-11 23:26:00,,2026-09-11 23:27:00,2026-09-11 23:45:00,2026-09-11 23:27:00,2026-09-11 23:45:00,2026-09-11 23:44:00,1.0,1.0,2026-09-11 23:40:00,2026-09-11 23:56:00,,3.0,2026-09-11 23:27:00,2026-09-11 23:40:00,2026-09-11 23:22:00,2026-09-11 23:53:00,,,Хушвактов П. З.,Red Sea,Выдача от 30 до 40 минут
2026-09-11,ДР 486 ,73Х,УЛЬЯНОВСК(БАРАТАЕВКА),49,Y(А07),23:13,301,2026-09-11 23:23:00,2026-09-11 23:25:00,,2026-09-11 23:24:00,2026-09-11 23:27:00,2026-09-11 23:24:00,2026-09-11 23:27:00,2026-09-11 23:29:00,,1.0,2026-09-11 23:24:00,2026-09-11 23:34:00,,0.0,2026-09-11 23:32:00,2026-09-11 23:35:00,,,,,Давлатов Б. Ч.,Победа,Выдача до 30 минут
2026-09-11,ДР 158 ,73Х,КРАСНОДАР(ПАШКОВСКИЙ),50,Y(А06),23:20,568,2026-09-11 23:30:00,2026-09-11 23:31:00,,2026-09-11 23:33:00,2026-09-11 23:39:00,2026-09-11 23:33:00,2026-09-11 23:39:00,2026-09-11 23:38:00,1.0,2.0,2026-09-11 23:47:00,2026-09-11 23:49:00,,0.0,2026-09-11 23:40:00,2026-09-11 23:46:00,,,,,Андреев А. М.,Победа,Выдача до 30 минут
2026-09-11,TK 211 ,321,АНТАЛЬЯ,21,Y(А10),23:24,2251,2026-09-11 23:38:00,2026-09-11 23:39:00,,2026-09-11 23:46:00,2026-09-11 23:55:00,2026-09-11 23:46:00,2026-09-11 23:55:00,2026-09-11 23:57:00,,,2026-09-11 23:57:00,2026-09-12 00:01:00,,0.0,2026-09-11 23:32:00,2026-09-12 00:03:00,,,,,Тришкин А. В.,Turkish Airlines,Выдача до 30 минут
2026-09-11,ЮТ 400 ,73Х,ГРОЗНЫЙ(СЕВЕРНЫЙ),14,Y(А08),23:28,324,2026-09-11 23:36:00,2026-09-11 23:37:00,,2026-09-11 23:39:00,2026-09-11 23:45:00,2026-09-11 23:39:00,2026-09-11 23:45:00,2026-09-11 23:42:00,3.0,4.0,2026-09-11 23:49:00,2026-09-11 23:50:00,,0.0,2026-09-11 23:46:00,2026-09-11 23:49:00,,,,,Рябчевский В. О.,Ютэйр,Выдача до 30 минут
2026-09-11,PC 1576 ,32Щ,АНТАЛЬЯ,36,Y(А09),23:31,2625,2026-09-11 23:40:00,2026-09-11 23:42:00,,2026-09-11 23:44:00,2026-09-12 00:03:00,2026-09-11 23:44:00,2026-09-12 00:03:00,2026-09-12 00:02:00,1.0,1.0,2026-09-11 23:58:00,2026-09-12 00:10:00,,0.0,2026-09-11 23:51:00,2026-09-11 23:57:00,2026-09-11 23:57:00,2026-09-12 00:10:00,,,Коляскин А. Г.,Pegasus,Выдача до 30 минут
2026-09-11,ФВ 6183 ,СУ9,САНКТ-ПЕТЕРБУРГ(ПУЛКОВО),10,Y(А04),23:36,123,2026-09-11 23:46:00,2026-09-11 23:48:00,,2026-09-11 23:49:00,2026-09-11 23:52:00,2026-09-11 23:49:00,2026-09-11 23:52:00,2026-09-11 23:51:00,1.0,2.0,2026-09-11 23:58:00,2026-09-11 23:59:00,,0.0,2026-09-11 23:53:00,2026-09-11 23:57:00,,,,,Кейта А. С.,Россия,Выдача до 30 минут
2026-09-11,FZ 987 ,7М8,ДУБАЙ(ДУБАЙ ИНТЛ.),30,Y(А11),23:41,1785,2026-09-11 23:50:00,2026-09-11 23:51:00,,2026-09-11 23:54:00,2026-09-12 00:06:00,2026-09-11 23:54:00,2026-09-12 00:06:00,2026-09-12 00:06:00,,,2026-09-12 00:05:00,2026-09-12 00:12:00,,0.0,2026-09-11 23:57:00,2026-09-12 00:05:00,2026-09-12 00:10:00,2026-09-12 00:13:00,,,Соколов И. С.,flydubai,Выдача до 30 минут
2026-09-11,TK 409 ,321,СТАМБУЛ(СТАМБУЛ НЬЮ),19,Y(А10),23:50,2838,2026-09-12 00:02:00,2026-09-12 00:02:00,,2026-09-12 00:08:00,2026-09-12 00:26:00,2026-09-12 00:08:00,2026-09-12 00:26:00,2026-09-12 00:25:00,1.0,,2026-09-12 00:23:00,2026-09-12 00:40:00,1.0,8.0,2026-09-11 23:58:00,2026-09-12 00:38:00,2026-09-12 00:37:00,2026-09-12 00:38:00,,,Дубинский В. Д.,Turkish Airlines,Выдача от 30 до 40 минут
2026-09-11,TK 3060 ,321,АНТАЛЬЯ,26,Y(А13),23:54,2437,2026-09-12 00:04:00,2026-09-12 00:05:00,,2026-09-12 00:07:00,2026-09-12 00:28:00,2026-09-12 00:07:00,2026-09-12 00:28:00,2026-09-12 00:24:00,4.0,5.0,2026-09-12 00:23:00,2026-09-12 00:37:00,,3.0,2026-09-11 23:55:00,2026-09-12 00:21:00,2026-09-12 00:02:00,2026-09-12 00:35:00,,,Иванов В. А.,Turkish Airlines,Выдача от 30 до 40 минут
2026-09-11,TK 3178 ,321,ДАЛАМАН,24,Y(А09),23:58,2449,2026-09-12 00:14:00,2026-09-12 00:14:00,,2026-09-12 00:17:00,2026-09-12 00:30:00,2026-09-12 00:17:00,2026-09-12 00:30:00,2026-09-12 00:34:00,,,2026-09-12 00:28:00,2026-09-12 00:38:00,,0.0,2026-09-12 00:03:00,2026-09-12 00:29:00,2026-09-12 00:18:00,2026-09-12 00:40:00,,,Фанин Н. О.,Turkish Airlines,Выдача до 30 минут
2026-09-11,ЯМ 543 ,73Х,НОВОСИБИРСК(ТОЛМАЧЕВО),1,Y(А06),13:30,1181,2026-09-11 13:48:00,2026-09-11 13:49:00,,2026-09-11 13:51:00,2026-09-11 14:05:00,2026-09-11 13:51:00,2026-09-11 14:05:00,2026-09-11 14:00:00,5.0,6.0,2026-09-11 14:10:00,2026-09-11 14:11:00,,0.0,2026-09-11 14:07:00,2026-09-11 14:11:00,,,,,Музафаров А. С.,Алроса,Выдача до 30 минут
2026-09-11,TK 411 ,333,СТАМБУЛ(СТАМБУЛ НЬЮ),22,Y(А10),22:43,4869,2026-09-11 22:55:00,2026-09-11 22:57:00,,2026-09-11 22:58:00,2026-09-11 23:18:00,2026-09-11 23:02:00,2026-09-11 23:18:00,2026-09-11 23:31:00,,,2026-09-11 23:18:00,2026-09-11 23:40:00,3.0,15.0,2026-09-11 23:02:00,2026-09-11 23:18:00,2026-09-11 22:49:00,2026-09-11 23:28:00,,,"Аганин А. А., Юрков С.",Turkish Airlines,Выдача более 40 минут
2026-09-11,FZ 951 ,7М8,ДУБАЙ(ДУБАЙ ИНТЛ.),29,Y(А09),22:40,1665,2026-09-11 22:52:00,2026-09-11 22:56:00,1.0,2026-09-11 22:54:00,2026-09-11 23:10:00,2026-09-11 22:54:00,2026-09-11 23:10:00,2026-09-11 23:07:00,3.0,5.0,2026-09-11 23:09:00,2026-09-11 23:17:00,,0.0,2026-09-11 23:02:00,2026-09-11 23:05:00,2026-09-11 23:14:00,2026-09-11 23:16:00,,,Семиченков С. А.,flydubai,Выдача до 30 минут
2026-09-11,ЮВ 204 ,ЦР2,ТОБОЛЬСК(РЕМЕЗОВ),45,Y(А05),22:36,295,2026-09-11 22:42:00,2026-09-11 22:43:00,,2026-09-11 22:51:00,2026-09-11 22:53:00,2026-09-11 22:51:00,2026-09-11 22:53:00,2026-09-11 22:48:00,5.0,,,-1,,0.0,2026-09-11 22:56:00,2026-09-11 23:04:00,,,,,Кейта А. С.,ЮВТ АЭРО,Некорректно проставлены отметки
2026-09-11,DV 813 ,738,АСТАНА(НУРСУЛТАН НАЗАРБАЕВ),19,Y(А13),22:29,1326,2026-09-11 22:37:00,2026-09-11 22:40:00,,2026-09-11 22:41:00,2026-09-11 22:57:00,2026-09-11 22:41:00,2026-09-11 22:57:00,2026-09-11 22:50:00,7.0,7.0,2026-09-11 22:55:00,2026-09-11 23:09:00,,2.0,2026-09-11 22:38:00,2026-09-11 22:55:00,2026-09-11 23:00:00,2026-09-11 23:06:00,,,Лесной Д. А.,SCAT Airlines,Выдача от 30 до 40 минут
2026-09-11,FZ 8563 ,7М8,ДУБАЙ(ДУБАЙ ИНТЛ.),29,Y(А11),20:20,1683,2026-09-11 20:32:00,2026-09-11 20:34:00,,2026-09-11 20:35:00,2026-09-11 20:50:00,2026-09-11 20:35:00,2026-09-11 20:50:00,2026-09-11 20:47:00,3.0,4.0,2026-09-11 20:46:00,2026-09-11 20:57:00,,0.0,2026-09-11 20:44:00,2026-09-11 20:46:00,2026-09-11 20:53:00,2026-09-11 20:57:00,,,Дубинский В. Д.,flydubai,Выдача до 30 минут
2026-09-11,ВГ 2392 ,ЯК4,ВОЛОГДА,45,0,20:24,60,2026-09-11 20:29:00,2026-09-11 20:31:00,,2026-09-11 20:36:00,2026-09-11 20:37:00,2026-09-11 20:36:00,2026-09-11 20:37:00,2026-09-11 20:33:00,4.0,1.0,,-1,,0.0,,,,,,,Фанин Н. О.,Вологодское АП,Не определено
2026-09-11,ФВ 6177 ,СУ9,САНКТ-ПЕТЕРБУРГ(ПУЛКОВО),9,Y(А04),20:28,8,2026-09-11 20:40:00,2026-09-11 20:40:00,,2026-09-11 20:40:00,2026-09-11 20:41:00,2026-09-11 20:40:00,2026-09-11 20:41:00,2026-09-11 20:44:00,,1.0,,-1,,0.0,2026-09-11 20:35:00,2026-09-11 20:38:00,,,,,Михайлов М. С.,Россия,Некорректно проставлены отметки
2026-09-11,DV 815 ,7М8,АЛМАТЫ(АЛМАТЫ ИНТЛ.),22,Y(А13),20:32,1109,2026-09-11 20:43:00,2026-09-11 20:45:00,,2026-09-11 20:45:00,2026-09-11 20:53:00,2026-09-11 20:45:00,2026-09-11 20:53:00,2026-09-11 20:54:00,,1.0,2026-09-11 21:00:00,2026-09-11 21:06:00,,0.0,2026-09-11 20:56:00,2026-09-11 20:59:00,,,,,"Андреев А. М., Лесной Д. А.",SCAT Airlines,Выдача до 30 минут
2026-09-11,AHY 5830 ,319,ГЯНДЖА,27,Y(А10),20:45,2333,2026-09-11 20:55:00,2026-09-11 20:57:00,,2026-09-11 20:58:00,2026-09-11 21:15:00,2026-09-11 20:58:00,2026-09-11 21:15:00,2026-09-11 21:15:00,,1.0,2026-09-11 21:08:00,2026-09-11 21:23:00,,0.0,2026-09-11 21:04:00,2026-09-11 21:08:00,2026-09-11 21:17:00,2026-09-11 21:20:00,,,"Вазиров Т. В., Тихонов С. М.",AZAL,Выдача до 30 минут
2026-09-11,УР 514 ,75В,БОДРУМ(МИЛАС),18,Y(А11),20:58,722,2026-09-11 21:10:00,2026-09-11 21:11:00,,2026-09-11 21:14:00,2026-09-11 21:20:00,2026-09-11 21:14:00,2026-09-11 21:20:00,2026-09-11 21:19:00,1.0,1.0,2026-09-11 21:26:00,2026-09-11 21:27:00,,0.0,2026-09-11 21:21:00,2026-09-11 21:26:00,,,,,Харитонов И. А.,FLYONE Armenia,Выдача до 30 минут
2026-09-11,NE 646 ,320,ШАРМ ЭЛЬ ШЕЙХ(ШАРМ ЭЛЬ ШЕЙХ ИНТЛ.),26,Y(А12),21:03,1567,2026-09-11 21:15:00,2026-09-11 21:17:00,,2026-09-11 21:18:00,2026-09-11 21:33:00,2026-09-11 21:18:00,2026-09-11 21:33:00,2026-09-11 21:29:00,4.0,5.0,2026-09-11 21:29:00,2026-09-11 21:40:00,,0.0,2026-09-11 21:25:00,2026-09-11 21:30:00,2026-09-11 21:36:00,2026-09-11 21:41:00,,,Аганин А. А.,Nesma Airlines,Выдача до 30 минут
2026-09-11,ЮТ 180 ,73Е,УХТА,12,Y(А05),21:07,599,2026-09-11 21:17:00,2026-09-11 21:17:00,,2026-09-11 21:21:00,2026-09-11 21:32:00,2026-09-11 21:21:00,2026-09-11 21:32:00,2026-09-11 21:25:00,7.0,7.0,2026-09-11 21:36:00,2026-09-11 21:37:00,,0.0,2026-09-11 21:32:00,2026-09-11 21:35:00,,,,,Иванов В. А.,Ютэйр,Выдача до 30 минут
2026-09-11,ФВ 6179 ,СУ9,САНКТ-ПЕТЕРБУРГ(ПУЛКОВО),8,Y(А04),20:06,0,2026-09-11 20:16:00,2026-09-11 20:20:00,1.0,2026-09-11 20:23:00,2026-09-11 20:24:00,2026-09-11 20:23:00,2026-09-11 20:24:00,,,1.0,,-1,,0.0,2026-09-11 20:23:05,2026-09-11 20:26:05,,,,,Соколов И. С.,Россия,Некорректно проставлены отметки
2026-09-11,3F 325 ,320,ЕРЕВАН(ЗВАРТНОЦ ИНТЛ),21,Y(А13),21:12,1072,2026-09-11 21:21:00,2026-09-11 21:23:00,,2026-09-11 21:23:00,2026-09-11 21:33:00,2026-09-11 21:32:00,2026-09-11 21:33:00,2026-09-11 21:32:00,1.0,,2026-09-11 21:40:00,2026-09-11 21:42:00,,0.0,2026-09-11 21:34:00,2026-09-11 21:40:00,,,,,"Дубинский В. Д., Михайлов М. С.",FLYONE Armenia,Выдача до 30 минут
2026-09-11,ДР 836 ,73Х,ГАЗИПАША,62,Y(А09),21:19,1668,2026-09-11 21:27:00,2026-09-11 21:31:00,1.0,2026-09-11 21:34:00,2026-09-11 21:47:00,2026-09-11 21:34:00,2026-09-11 21:47:00,2026-09-11 21:42:00,5.0,2.0,2026-09-11 21:50:00,2026-09-11 21:53:00,,0.0,2026-09-11 21:41:00,2026-09-11 21:50:00,2026-09-11 21:49:00,2026-09-11 21:56:00,,,Рябчевский В. О.,Победа,Выдача до 30 минут
2026-09-11,ДР 964 ,73Х,ДАЛАМАН,44,Y(А10),21:24,1193,2026-09-11 21:33:00,2026-09-11 21:35:00,,2026-09-11 21:36:00,2026-09-11 21:48:00,2026-09-11 21:36:00,2026-09-11 21:48:00,2026-09-11 21:45:00,3.0,4.0,2026-09-11 22:00:00,2026-09-11 22:03:00,,0.0,2026-09-11 21:50:00,2026-09-11 22:00:00,,,,,Фанин Н. О.,Победа,Выдача до 30 минут
2026-09-11,PBD 860 ,73Х,АНТАЛЬЯ,47,Y(А12),21:27,1244,2026-09-11 21:33:00,2026-09-11 21:37:00,1.0,2026-09-11 21:39:00,2026-09-11 21:47:00,2026-09-11 21:39:00,2026-09-11 21:47:00,2026-09-11 21:45:00,2.0,,2026-09-11 21:52:00,2026-09-11 22:01:00,,0.0,2026-09-11 21:48:00,2026-09-11 21:54:00,2026-09-11 21:50:00,2026-09-11 22:00:00,,,Семиченков С. А.,Победа,Выдача до 30 минут
2026-09-11,TK 3120 ,73Х,ДАЛАМАН,25,Y(А09),21:31,2504,2026-09-11 21:44:00,2026-09-11 21:46:00,,2026-09-11 21:48:00,2026-09-11 22:08:00,2026-09-11 21:48:00,2026-09-11 22:08:00,2026-09-11 22:05:00,3.0,3.0,2026-09-11 22:02:00,2026-09-11 22:14:00,,0.0,2026-09-11 21:57:00,2026-09-11 22:02:00,2026-09-11 22:10:00,2026-09-11 22:14:00,,,Лаптев В. В.,Turkish Airlines,Выдача до 30 минут
2026-09-11,AZO 7156 ,СУ9,БАТУМИ,28,Y(А06),21:38,750,2026-09-11 21:49:00,2026-09-11 22:04:00,12.0,2026-09-11 21:56:00,2026-09-11 21:58:00,2026-09-11 21:56:00,2026-09-11 21:58:00,2026-09-11 21:58:00,,,2026-09-11 22:07:00,2026-09-11 22:10:00,,0.0,2026-09-11 22:04:00,2026-09-11 22:10:00,,,,,Харитонов И. А.,GEORGIAN AIRWAYS,Выдача до 30 минут
2026-09-11,PBD 980 ,7С8,АНТАЛЬЯ,48,Y(А10),21:46,1004,2026-09-11 21:52:00,2026-09-11 21:54:00,,2026-09-11 21:55:00,2026-09-11 22:05:00,2026-09-11 21:55:00,2026-09-11 22:05:00,2026-09-11 22:03:00,2.0,3.0,2026-09-11 22:13:00,2026-09-11 22:15:00,,0.0,2026-09-11 22:04:00,2026-09-11 22:17:00,,,,,Иванов В. А.,Победа,Выдача до 30 минут
2026-09-11,FZ 967 ,7М8,ДУБАЙ(ДУБАЙ ИНТЛ.),30,Y(А09),21:59,2111,2026-09-11 22:13:00,2026-09-11 22:34:00,18.0,2026-09-11 22:17:00,2026-09-11 22:27:00,2026-09-11 22:19:00,2026-09-11 22:27:00,2026-09-11 22:31:00,,,2026-09-11 22:21:00,2026-09-11 22:34:00,,0.0,2026-09-11 22:20:00,2026-09-11 22:21:00,2026-09-11 22:29:00,2026-09-11 22:33:00,,,"Коляскин А. Г., Соколов И. С.",flydubai,Выдача до 30 минут
2026-09-11,NE 602 ,320,ХУРГАДА(ХУРГАДА ИНТЛ.),24,Y(А09),22:16,2095,2026-09-11 22:28:00,2026-09-11 22:31:00,,2026-09-11 22:32:00,2026-09-11 22:50:00,2026-09-11 22:32:00,2026-09-11 22:50:00,2026-09-11 22:46:00,4.0,4.0,2026-09-11 22:43:00,2026-09-11 22:55:00,,0.0,2026-09-11 22:38:00,2026-09-11 22:43:00,2026-09-11 22:45:00,2026-09-11 22:55:00,,,Вазиров Т. В.,Nesma Airlines,Выдача до 30 минут
2026-09-11,PBD 840 ,73Х,АНТАЛЬЯ,43,Y(А09),21:16,1148,2026-09-11 21:27:00,2026-09-11 21:27:00,,2026-09-11 21:28:00,2026-09-11 21:41:00,2026-09-11 21:28:00,2026-09-11 21:41:00,2026-09-11 21:39:00,2.0,5.0,2026-09-11 21:51:00,2026-09-11 21:56:00,,0.0,2026-09-11 21:43:00,2026-09-11 21:51:00,,,,,Кейта А. С.,Победа,Выдача до 30 минут
2026-09-11,ФВ 6009 ,СУ9,САНКТ-ПЕТЕРБУРГ(ПУЛКОВО),9,Y(А04),13:26,61,2026-09-11 13:44:00,2026-09-11 13:47:00,,2026-09-11 13:47:00,2026-09-11 13:48:00,2026-09-11 13:47:00,2026-09-11 13:48:00,2026-09-11 13:48:00,,1.0,2026-09-11 13:51:00,2026-09-11 13:52:00,,0.0,2026-09-11 13:48:00,2026-09-11 13:51:00,,,,,Каламбеков У. О.,Россия,Выдача до 30 минут
2026-09-11,MRJ 4879 ,АБ6,ТЕГЕРАН(ИМАМ ХОМЕИНИ ИНТЛ),18,Y(А09),13:23,5683,2026-09-11 13:38:00,2026-09-11 13:42:00,1.0,2026-09-11 13:45:00,2026-09-11 14:11:00,2026-09-11 13:57:00,2026-09-11 14:11:00,2026-09-11 14:20:00,,,2026-09-11 14:00:00,2026-09-11 14:10:00,2.0,2.0,2026-09-11 13:57:00,2026-09-11 14:11:00,2026-09-11 13:41:00,2026-09-11 13:59:00,2026-09-11 14:11:00,2026-09-11 14:15:00,"Демчук Д. П., Попов А. И.",Meraj Air,Выдача от 30 до 40 минут
2026-09-11,TK 417 ,321,СТАМБУЛ(СТАМБУЛ НЬЮ),22,Y(А13),13:06,2824,2026-09-11 13:16:00,2026-09-11 13:16:00,,2026-09-11 13:19:00,2026-09-11 13:34:00,2026-09-11 13:19:00,2026-09-11 13:34:00,2026-09-11 13:39:00,,,2026-09-11 13:34:00,2026-09-11 13:42:00,,0.0,2026-09-11 13:26:00,2026-09-11 13:33:00,2026-09-11 13:24:00,2026-09-11 13:45:00,,,Додаров Ф. М.,Turkish Airlines,Выдача до 30 минут
2026-09-11,ДР 116 ,7С8,СОЧИ,48,Y(А06),02:45,792,2026-09-11 02:55:00,2026-09-11 02:59:00,1.0,2026-09-11 02:58:00,2026-09-11 03:11:00,2026-09-11 02:58:00,2026-09-11 03:11:00,2026-09-11 03:04:00,7.0,8.0,2026-09-11 03:16:00,2026-09-11 03:22:00,,0.0,2026-09-11 03:11:00,2026-09-11 03:16:00,,,,,Баташан В. Ю.,Победа,Выдача до 30 минут
2026-09-11,NE 604 ,320,ХУРГАДА(ХУРГАДА ИНТЛ.),26,Y(А12),03:01,1935,2026-09-11 03:13:00,2026-09-11 03:17:00,1.0,2026-09-11 03:20:00,2026-09-11 03:36:00,2026-09-11 03:20:00,2026-09-11 03:36:00,2026-09-11 03:30:00,6.0,3.0,2026-09-11 03:30:00,2026-09-11 03:43:00,,0.0,2026-09-11 03:16:00,2026-09-11 03:29:00,2026-09-11 03:39:00,2026-09-11 03:42:00,,,Давлатов Б. Ч.,Nesma Airlines,Выдача до 30 минут
2026-09-11,TK 421A,333,СТАМБУЛ(СТАМБУЛ НЬЮ),22,Y(А10),03:21,4818,2026-09-11 03:56:00,2026-09-11 03:58:00,,2026-09-11 03:58:00,2026-09-11 04:09:00,2026-09-11 03:59:00,2026-09-11 04:09:00,2026-09-11 04:32:00,,,2026-09-11 04:11:00,2026-09-11 04:19:00,,0.0,2026-09-11 03:58:00,2026-09-11 04:16:00,2026-09-11 03:32:00,2026-09-11 04:12:00,2026-09-11 03:59:00,2026-09-11 04:32:00,"Прохачев И. А., Рустамов М. А.",Turkish Airlines,Выдача до 30 минут
2026-09-11,VF 587 ,73Х,АНКАРА(ЕСЕНБОГА),24,Y(А11),04:01,1420,2026-09-11 04:15:00,2026-09-11 04:17:00,,2026-09-11 04:16:00,2026-09-11 04:27:00,2026-09-11 04:16:00,2026-09-11 04:27:00,2026-09-11 04:28:00,,2.0,2026-09-11 04:26:00,2026-09-11 04:35:00,,0.0,2026-09-11 04:23:00,2026-09-11 04:26:00,2026-09-11 04:33:00,2026-09-11 04:36:00,,,Кейта А. С.,AJET,Выдача до 30 минут
2026-09-11,PC 1456 ,32Щ,БОДРУМ(МИЛАС),21,Y(А09),04:28,2058,2026-09-11 04:37:00,2026-09-11 04:40:00,,2026-09-11 04:43:00,2026-09-11 04:56:00,2026-09-11 04:44:00,2026-09-11 04:56:00,2026-09-11 04:55:00,1.0,,2026-09-11 04:50:00,2026-09-11 05:04:00,,0.0,2026-09-11 04:46:00,2026-09-11 04:50:00,2026-09-11 05:01:00,2026-09-11 05:03:00,,,"Науну М., Тихонов С. М.",Pegasus,Выдача до 30 минут
2026-09-11,TK 419 ,77В,СТАМБУЛ(СТАМБУЛ НЬЮ),23,Y(А10),04:34,5433,2026-09-11 04:49:00,2026-09-11 04:53:00,1.0,2026-09-11 04:53:00,2026-09-11 05:15:00,2026-09-11 04:56:00,2026-09-11 05:15:00,2026-09-11 05:29:00,,,2026-09-11 04:55:00,2026-09-11 05:18:00,,0.0,2026-09-11 04:56:00,2026-09-11 05:22:00,2026-09-11 04:37:00,2026-09-11 05:10:00,2026-09-11 04:53:00,2026-09-11 05:18:00,"Корнилов Н. А., Тришкин А. В.",Turkish Airlines,Выдача до 30 минут
2026-09-11,PC 390 ,32Щ,СТАМБУЛ(САБИХА ГОКЦЕН),19,Y(А13),04:44,2080,2026-09-11 04:55:00,2026-09-11 04:59:00,1.0,2026-09-11 05:00:00,2026-09-11 05:08:00,2026-09-11 05:03:00,2026-09-11 05:08:00,2026-09-11 05:13:00,,,2026-09-11 05:08:00,2026-09-11 05:18:00,,0.0,2026-09-11 05:04:00,2026-09-11 05:09:00,2026-09-11 05:17:00,2026-09-11 05:18:00,,,"Бородин А. В., Фаёзов А. Р.",Pegasus,Выдача до 30 минут
2026-09-11,VF 277 ,73Х,СТАМБУЛ(САБИХА ГОКЦЕН),27,Y(А12),05:02,1476,2026-09-11 05:17:00,2026-09-11 05:21:00,1.0,2026-09-11 05:22:00,2026-09-11 05:39:00,2026-09-11 05:22:00,2026-09-11 05:39:00,2026-09-11 05:31:00,8.0,7.0,2026-09-11 05:34:00,2026-09-11 05:47:00,,0.0,2026-09-11 05:31:00,2026-09-11 05:34:00,2026-09-11 05:40:00,2026-09-11 05:43:00,,,Конюхов Я. А.,AJET,Выдача до 30 минут
2026-09-11,NE 642 ,320,ШАРМ ЭЛЬ ШЕЙХ(ШАРМ ЭЛЬ ШЕЙХ ИНТЛ.),26,Y(А11),05:15,1923,2026-09-11 05:33:00,2026-09-11 05:36:00,,2026-09-11 05:39:00,2026-09-11 05:53:00,2026-09-11 05:39:00,2026-09-11 05:53:00,2026-09-11 05:50:00,3.0,1.0,2026-09-11 05:46:00,2026-09-11 05:57:00,,0.0,2026-09-11 05:37:00,2026-09-11 05:46:00,2026-09-11 05:53:00,2026-09-11 05:56:00,,,Острых В. А.,Nesma Airlines,Выдача до 30 минут
2026-09-11,NE 600 ,320,ХУРГАДА(ХУРГАДА ИНТЛ.),30,Y(А10),05:18,1831,2026-09-11 05:34:00,2026-09-11 05:37:00,,2026-09-11 05:37:00,2026-09-11 05:54:00,2026-09-11 05:37:00,2026-09-11 05:54:00,2026-09-11 05:50:00,4.0,5.0,2026-09-11 05:47:00,2026-09-11 05:58:00,,0.0,2026-09-11 05:45:00,2026-09-11 05:49:00,2026-09-11 05:56:00,2026-09-11 06:03:00,,,Фанин Н. О.,Nesma Airlines,Выдача до 30 минут
2026-09-11,ДР 408 ,73Х,ЕКАТЕРИНБУРГ(КОЛЬЦОВО),50,Y(А04),05:23,317,2026-09-11 05:32:00,2026-09-11 05:34:00,,2026-09-11 05:35:00,2026-09-11 05:38:00,2026-09-11 05:35:00,2026-09-11 05:38:00,2026-09-11 05:38:00,,1.0,2026-09-11 05:48:00,2026-09-11 05:49:00,,0.0,2026-09-11 05:38:00,2026-09-11 05:44:00,,,,,Баташан В. Ю.,Победа,Выдача до 30 минут
2026-09-11,ЮВ 303 ,ЦР2,БУГУЛЬМА,45,Y(А05),05:37,119,2026-09-11 05:43:00,2026-09-11 05:45:00,,2026-09-11 05:46:00,2026-09-11 05:47:00,2026-09-11 05:46:00,2026-09-11 05:47:00,2026-09-11 05:48:00,,,2026-09-11 06:10:00,2026-09-11 06:11:00,,0.0,2026-09-11 05:49:00,2026-09-11 05:54:00,,,,,Давлатов Б. Ч.,ЮВТ АЭРО,Выдача до 30 минут
2026-09-11,ДР 434 ,73Х,ПЕРМЬ(БОЛЬШОЕ САВИНО),47,Y(А07),05:40,191,2026-09-11 05:49:00,2026-09-11 05:54:00,2.0,2026-09-11 05:52:00,2026-09-11 05:54:00,2026-09-11 05:52:00,2026-09-11 05:54:00,2026-09-11 05:54:00,,1.0,2026-09-11 06:02:00,2026-09-11 06:03:00,,0.0,2026-09-11 05:53:00,2026-09-11 06:04:00,,,,,Баташан В. Ю.,Победа,Выдача до 30 минут
2026-09-11,TK 407 ,32Б,СТАМБУЛ(СТАМБУЛ НЬЮ),22,Y(А10),05:44,3478,2026-09-11 06:00:00,2026-09-11 06:05:00,2.0,2026-09-11 06:04:00,2026-09-11 06:21:00,2026-09-11 06:04:00,2026-09-11 06:21:00,2026-09-11 06:27:00,,,2026-09-11 06:18:00,2026-09-11 06:25:00,,0.0,2026-09-11 05:30:00,2026-09-11 06:17:00,2026-09-11 06:14:00,2026-09-11 06:40:00,,,Екимов С. С.,Turkish Airlines,Выдача до 30 минут
2026-09-11,PC 1458 ,32Щ,ДАЛАМАН,21,Y(А09),05:48,2496,2026-09-11 06:02:00,2026-09-11 06:04:00,,2026-09-11 06:05:00,2026-09-11 06:28:00,2026-09-11 06:05:00,2026-09-11 06:28:00,2026-09-11 06:23:00,5.0,6.0,2026-09-11 06:17:00,2026-09-11 06:34:00,,2.0,2026-09-11 06:13:00,2026-09-11 06:16:00,2026-09-11 06:26:00,2026-09-11 06:34:00,,,"Андреев А. М., Рустамов М. А.",Pegasus,Выдача от 30 до 40 минут
2026-09-11,4S 315 ,7С8,ШАРМ ЭЛЬ ШЕЙХ(ШАРМ ЭЛЬ ШЕЙХ ИНТЛ.),29,Y(А09),06:05,2186,2026-09-11 06:20:00,2026-09-11 06:25:00,2.0,2026-09-11 06:22:00,2026-09-11 06:38:00,2026-09-11 06:22:00,2026-09-11 06:38:00,2026-09-11 06:39:00,,1.0,2026-09-11 06:36:00,2026-09-11 06:37:00,,0.0,2026-09-11 06:28:00,2026-09-11 06:32:00,2026-09-11 06:39:00,2026-09-11 06:43:00,,,Михайлов М. С.,Red Sea,Выдача до 30 минут
2026-09-11,ДР 414 ,7С8,ЧЕЛЯБИНСК(БАЛАНДИНО),46,Y(А05),06:07,511,2026-09-11 06:13:00,2026-09-11 06:13:00,,2026-09-11 06:19:00,2026-09-11 06:23:00,2026-09-11 06:19:00,2026-09-11 06:23:00,2026-09-11 06:20:00,3.0,1.0,2026-09-11 06:41:00,2026-09-11 06:42:00,,0.0,2026-09-11 06:29:00,2026-09-11 06:31:00,,,,,Баташан В. Ю.,Победа,Выдача до 30 минут
2026-09-11,PC 386 ,32Щ,СТАМБУЛ(САБИХА ГОКЦЕН),18,Y(А09),02:38,2435,2026-09-11 02:49:00,2026-09-11 02:50:00,,2026-09-11 02:36:00,2026-09-11 03:09:00,2026-09-11 02:36:00,2026-09-11 03:09:00,2026-09-11 03:09:00,,17.0,2026-09-11 03:04:00,2026-09-11 03:26:00,,7.0,2026-09-11 02:58:00,2026-09-11 03:03:00,2026-09-11 03:12:00,2026-09-11 03:17:00,,,Михайлов М. С.,Pegasus,Выдача от 30 до 40 минут
2026-09-11,TK 3122 ,32Б,БОДРУМ(МИЛАС),25,Y(А10),02:35,2162,2026-09-11 02:51:00,2026-09-11 02:53:00,,2026-09-11 02:45:00,2026-09-11 03:22:00,2026-09-11 02:45:00,2026-09-11 03:22:00,2026-09-11 03:09:00,13.0,23.0,2026-09-11 03:14:00,2026-09-11 03:27:00,3.0,6.0,2026-09-11 02:54:00,2026-09-11 03:32:00,,,,,Тихонов С. М.,Turkish Airlines,Выдача от 30 до 40 минут
2026-09-11,ЮТ 560B,734,МАХАЧКАЛА,17,Y(А05),02:31,795,2026-09-11 02:41:00,2026-09-11 02:42:00,,2026-09-11 02:47:00,2026-09-11 02:56:00,2026-09-11 02:47:00,2026-09-11 02:56:00,2026-09-11 02:50:00,6.0,4.0,2026-09-11 03:03:00,2026-09-11 03:04:00,2.0,0.0,2026-09-11 02:53:00,2026-09-11 03:02:00,,,,,Корнилов Н. А.,Ютэйр,Выдача до 30 минут
2026-09-11,TK 3172 ,321,АНТАЛЬЯ,19,Y(А13),02:28,2215,2026-09-11 02:39:00,2026-09-11 02:41:00,,2026-09-11 02:44:00,2026-09-11 02:52:00,2026-09-11 02:44:00,2026-09-11 02:52:00,2026-09-11 02:58:00,,,2026-09-11 02:54:00,2026-09-11 03:00:00,,0.0,2026-09-11 02:34:00,2026-09-11 03:02:00,,,,,Острых В. А.,Turkish Airlines,Выдача до 30 минут
2026-09-11,TK 3178 ,321,ДАЛАМАН,19,Y(А13),00:09,2574,2026-09-11 00:20:00,2026-09-11 00:21:00,,2026-09-11 00:23:00,2026-09-11 00:41:00,2026-09-11 00:23:00,2026-09-11 00:41:00,2026-09-11 00:41:00,,1.0,2026-09-11 00:35:00,2026-09-11 00:49:00,,0.0,2026-09-11 00:10:00,2026-09-11 00:35:00,2026-09-11 00:39:00,2026-09-11 00:49:00,,,Лаптев В. В.,Turkish Airlines,Выдача до 30 минут
2026-09-11,TK 3084 ,321,ДАЛАМАН,30,Y(А09),00:12,2588,-1,,,2026-09-11 00:33:00,2026-09-11 00:54:00,2026-09-11 00:33:00,2026-09-11 00:54:00,,,4.0,2026-09-11 00:43:00,2026-09-11 01:00:00,,0.0,2026-09-11 00:26:00,2026-09-11 00:54:00,2026-09-11 01:04:00,2026-09-11 01:07:00,,,Корнилов Н. А.,Turkish Airlines,Некорректно проставлены отметки
2026-09-11,TK 217 ,32Б,АНТАЛЬЯ,25,Y(А13),00:23,1533,2026-09-11 00:37:00,2026-09-11 00:42:00,2.0,2026-09-11 00:43:00,2026-09-11 00:59:00,2026-09-11 00:43:00,2026-09-11 00:59:00,2026-09-11 00:51:00,8.0,6.0,2026-09-11 01:04:00,2026-09-11 01:11:00,7.0,4.0,2026-09-11 00:27:00,2026-09-11 01:21:00,,,,,Вазиров Т. В.,Turkish Airlines,Выдача от 30 до 40 минут
2026-09-11,PC 1521 ,32Н,ИЗМИР(АДНАН МЕНДЕРЕС),20,Y(А10),00:30,1911,2026-09-11 00:42:00,2026-09-11 00:43:00,,2026-09-11 00:42:00,2026-09-11 00:59:00,2026-09-11 00:42:00,2026-09-11 00:59:00,2026-09-11 00:59:00,,4.0,2026-09-11 00:55:00,2026-09-11 01:04:00,,0.0,2026-09-11 00:49:00,2026-09-11 00:54:00,2026-09-11 01:00:00,2026-09-11 01:04:00,,,Екимов С. С.,Pegasus,Выдача до 30 минут
2026-09-11,VF 275 ,73Х,СТАМБУЛ(САБИХА ГОКЦЕН),37,Y(А12),00:32,1970,2026-09-11 00:44:00,2026-09-11 00:48:00,1.0,2026-09-11 00:48:00,2026-09-11 01:09:00,2026-09-11 00:48:00,2026-09-11 01:09:00,2026-09-11 01:01:00,8.0,8.0,2026-09-11 01:03:00,2026-09-11 01:09:00,,0.0,2026-09-11 00:55:00,2026-09-11 01:03:00,2026-09-11 01:13:00,2026-09-11 01:23:00,,,Конюхов Я. А.,AJET,Выдача до 30 минут
2026-09-11,FZ 987 ,7М8,ДУБАЙ(ДУБАЙ ИНТЛ.),29,Y(А11),00:38,1707,2026-09-11 00:50:00,2026-09-11 00:53:00,,2026-09-11 00:54:00,2026-09-11 01:12:00,2026-09-11 00:54:00,2026-09-11 01:12:00,2026-09-11 01:05:00,7.0,7.0,2026-09-11 01:07:00,2026-09-11 01:17:00,,0.0,2026-09-11 01:04:00,2026-09-11 01:06:00,2026-09-11 01:14:00,2026-09-11 01:17:00,,,Михайлов М. С.,flydubai,Выдача до 30 минут
2026-09-11,TK 3036 ,321,АНТАЛЬЯ,26,Y(А09),00:44,2945,2026-09-11 01:08:00,2026-09-11 01:09:00,,2026-09-11 01:12:00,2026-09-11 01:21:00,2026-09-11 01:12:00,2026-09-11 01:21:00,2026-09-11 01:32:00,,,2026-09-11 01:21:00,2026-09-11 01:30:00,,0.0,2026-09-11 00:42:00,2026-09-11 01:20:00,2026-09-11 00:58:00,2026-09-11 01:32:00,,,Прохачев И. А.,Turkish Airlines,Выдача до 30 минут
2026-09-11,J2 809 ,763,БАКУ(ИМ. ГЕЙДАРА АЛИЕВА),23,Y(А10),01:16,5462,2026-09-11 01:31:00,2026-09-11 01:34:00,,2026-09-11 01:36:00,2026-09-11 01:49:00,2026-09-11 01:36:00,2026-09-11 01:49:00,2026-09-11 02:11:00,,,2026-09-11 01:49:00,2026-09-11 01:58:00,,0.0,2026-09-11 01:36:00,2026-09-11 01:49:00,2026-09-11 01:13:00,2026-09-11 01:58:00,,,Фанин Н. О.,AZAL,Выдача до 30 минут
2026-09-11,NE 618 ,320,ХУРГАДА(ХУРГАДА ИНТЛ.),20,Y(А13),06:13,1952,2026-09-11 06:25:00,2026-09-11 06:27:00,,2026-09-11 06:27:00,2026-09-11 06:47:00,2026-09-11 06:27:00,2026-09-11 06:47:00,2026-09-11 06:42:00,5.0,7.0,2026-09-11 06:43:00,2026-09-11 06:56:00,,1.0,2026-09-11 06:47:00,2026-09-11 06:53:00,2026-09-11 06:33:00,2026-09-11 06:40:00,,,Науну М.,Nesma Airlines,Выдача от 30 до 40 минут
2026-09-11,4S 341 ,73Х,ХУРГАДА(ХУРГАДА ИНТЛ.),36,Y(А11),01:20,1974,2026-09-11 01:31:00,2026-09-11 01:35:00,1.0,2026-09-11 01:33:00,2026-09-11 01:50:00,2026-09-11 01:33:00,2026-09-11 01:50:00,2026-09-11 01:48:00,2.0,4.0,2026-09-11 01:45:00,2026-09-11 02:05:00,,4.0,2026-09-11 01:41:00,2026-09-11 01:45:00,2026-09-11 01:59:00,2026-09-11 02:05:00,,,Баташан В. Ю.,Red Sea,Выдача от 30 до 40 минут
2026-09-11,FZ 965 ,7М8,ДУБАЙ(ДУБАЙ ИНТЛ.),22,Y(А13),01:29,1922,2026-09-11 01:42:00,2026-09-11 01:43:00,,2026-09-11 01:44:00,2026-09-11 02:00:00,2026-09-11 01:46:00,2026-09-11 02:00:00,2026-09-11 01:59:00,1.0,1.0,2026-09-11 01:59:00,2026-09-11 02:12:00,,0.0,2026-09-11 01:52:00,2026-09-11 01:59:00,2026-09-11 02:03:00,2026-09-11 02:09:00,,,"Науну М., Рустамов М. А.",flydubai,Выдача до 30 минут
2026-09-11,А4 7036B,СУ9,ПСКОВ(КРЕСТЫ),45,Y(А05),01:32,204,2026-09-11 01:39:00,2026-09-11 01:43:00,1.0,2026-09-11 01:44:00,2026-09-11 01:45:00,2026-09-11 01:44:00,2026-09-11 01:45:00,2026-09-11 01:44:00,1.0,,2026-09-11 01:53:00,2026-09-11 01:54:00,,0.0,2026-09-11 01:46:00,2026-09-11 01:52:00,,,,,Андреев А. М.,Азимут,Выдача до 30 минут
2026-09-11,ФВ 6189 ,СУ9,САНКТ-ПЕТЕРБУРГ(ПУЛКОВО),8,Y(А04),01:37,138,2026-09-11 01:47:00,2026-09-11 01:48:00,,2026-09-11 01:51:00,2026-09-11 01:53:00,2026-09-11 01:51:00,2026-09-11 01:53:00,2026-09-11 01:52:00,1.0,1.0,2026-09-11 02:25:00,2026-09-11 02:26:00,18.0,9.0,2026-09-11 01:53:00,2026-09-11 01:55:00,,,,,Соколов И. С.,Россия,Выдача от 30 до 40 минут
2026-09-11,4S 325 ,73Х,ШАРМ ЭЛЬ ШЕЙХ(ШАРМ ЭЛЬ ШЕЙХ ИНТЛ.),27,Y(А09),01:56,2444,2026-09-11 02:08:00,2026-09-11 02:11:00,,2026-09-11 02:11:00,2026-09-11 02:26:00,2026-09-11 02:11:00,2026-09-11 02:26:00,2026-09-11 02:28:00,,,2026-09-11 02:19:00,2026-09-11 02:31:00,,0.0,2026-09-11 02:16:00,2026-09-11 02:18:00,2026-09-11 02:23:00,2026-09-11 02:31:00,,,Киричек А. А.,Red Sea,Выдача до 30 минут
2026-09-11,ДР 168 ,73Х,МИНЕРАЛЬНЫЕ ВОДЫ,47,Y(А06),02:07,726,2026-09-11 02:13:00,2026-09-11 02:17:00,1.0,2026-09-11 02:19:00,2026-09-11 02:27:00,2026-09-11 02:19:00,2026-09-11 02:27:00,2026-09-11 02:22:00,5.0,3.0,2026-09-11 02:35:00,2026-09-11 02:37:00,,0.0,2026-09-11 02:24:00,2026-09-11 02:35:00,,,,,Кейта А. С.,Победа,Выдача до 30 минут
2026-09-11,FZ 975A,7М8,ДУБАЙ(ДУБАЙ ИНТЛ.),29,Y(А11),02:16,1861,2026-09-11 02:40:00,2026-09-11 02:43:00,,2026-09-11 02:44:00,2026-09-11 03:06:00,2026-09-11 02:44:00,2026-09-11 03:06:00,2026-09-11 02:56:00,10.0,10.0,2026-09-11 02:54:00,2026-09-11 03:03:00,,0.0,2026-09-11 02:47:00,2026-09-11 02:54:00,2026-09-11 03:08:00,2026-09-11 03:12:00,,,Бородин А. В.,flydubai,Выдача до 30 минут
2026-09-11,TK 3006 ,321,АНТАЛЬЯ,20,Y(А10),02:21,2349,2026-09-11 02:35:00,2026-09-11 02:38:00,,2026-09-11 02:39:00,2026-09-11 02:55:00,2026-09-11 02:39:00,2026-09-11 02:55:00,2026-09-11 02:55:00,,,2026-09-11 02:55:00,2026-09-11 03:03:00,,0.0,2026-09-11 02:49:00,2026-09-11 03:14:00,,,,,Тришкин А. В.,Turkish Airlines,Выдача до 30 минут
2026-09-11,ЮТ 358 ,73Х,САМАРА(КУРУМОЧ),14,Y(А04),02:24,492,2026-09-11 02:35:00,2026-09-11 02:37:00,,2026-09-11 02:41:00,2026-09-11 02:48:00,2026-09-11 02:41:00,2026-09-11 02:48:00,2026-09-11 02:42:00,6.0,4.0,2026-09-11 02:54:00,2026-09-11 02:55:00,,0.0,2026-09-11 02:49:00,2026-09-11 02:55:00,,,,,Прохачев И. А.,Ютэйр,Выдача до 30 минут
2026-09-11,TK 3154 ,321,БОДРУМ(МИЛАС),24,Y(А09),01:24,2229,2026-09-11 01:39:00,2026-09-11 01:39:00,,2026-09-11 01:42:00,2026-09-11 01:51:00,2026-09-11 01:42:00,2026-09-11 01:51:00,2026-09-11 01:58:00,,,2026-09-11 01:49:00,2026-09-11 01:58:00,,0.0,2026-09-11 01:44:00,2026-09-11 01:59:00,,,,,Фаёзов А. Р.,Turkish Airlines,Выдача до 30 минут
2026-09-11,ХИ 9619A,320,НАМАНГАН,24,Y(А12),06:15,1730,2026-09-11 06:31:00,2026-09-11 06:34:00,,2026-09-11 06:35:00,2026-09-11 06:47:00,2026-09-11 06:35:00,2026-09-11 06:47:00,2026-09-11 06:47:00,,,2026-09-11 06:53:00,2026-09-11 06:54:00,2.0,0.0,2026-09-11 06:42:00,2026-09-11 06:46:00,2026-09-11 06:48:00,2026-09-11 06:54:00,,,Киричек А. А.,UZBEKISTAN AIRWAYS,Выдача до 30 минут
2026-09-11,TK 3002 ,321,АНТАЛЬЯ,18,Y(А10),00:05,2331,2026-09-11 00:14:00,2026-09-11 00:15:00,,2026-09-11 00:20:00,2026-09-11 00:35:00,2026-09-11 00:20:00,2026-09-11 00:35:00,2026-09-11 00:34:00,1.0,,2026-09-11 00:38:00,2026-09-11 00:39:00,4.0,0.0,2026-09-11 00:16:00,2026-09-11 00:49:00,,,,,Тихонов С. М.,Turkish Airlines,Выдача до 30 минут
2026-09-11,ДР 406 ,73Х,ЕКАТЕРИНБУРГ(КОЛЬЦОВО),44,Y(А04),06:25,207,2026-09-11 06:33:00,2026-09-11 06:35:00,,2026-09-11 06:36:00,2026-09-11 06:41:00,2026-09-11 06:36:00,2026-09-11 06:41:00,2026-09-11 06:38:00,3.0,4.0,2026-09-11 06:47:00,2026-09-11 06:48:00,,0.0,2026-09-11 06:41:00,2026-09-11 06:51:00,,,,,Давлатов Б. Ч.,Победа,Выдача до 30 минут
2026-09-11,КГ 555 ,320,ОШ,26,Y(А13),09:56,3057,2026-09-11 10:07:00,2026-09-11 10:08:00,,2026-09-11 10:08:00,2026-09-11 10:32:00,2026-09-11 10:08:00,2026-09-11 10:32:00,2026-09-11 10:31:00,1.0,4.0,2026-09-11 10:19:00,2026-09-11 10:39:00,,2.0,2026-09-11 10:15:00,2026-09-11 10:19:00,2026-09-11 10:24:00,2026-09-11 10:38:00,,,"Омурбек У. Б., Сыргаков Б. А.",Aero Nomad,Выдача от 30 до 40 минут
2026-09-11,ФВ 6005 ,СУ9,САНКТ-ПЕТЕРБУРГ(ПУЛКОВО),9,Y(А04),10:14,90,2026-09-11 10:22:00,2026-09-11 10:25:00,,2026-09-11 10:27:00,2026-09-11 10:29:00,2026-09-11 10:27:00,2026-09-11 10:29:00,2026-09-11 10:27:00,2.0,1.0,2026-09-11 10:32:00,2026-09-11 10:33:00,,0.0,2026-09-11 10:29:00,2026-09-11 10:31:00,,,,,Гафуров О. Ф.,Россия,Выдача до 30 минут
2026-09-11,ЮТ 790 ,73Х,ФЕРГАНА(ФЕРГАНА ИНТЛ.),29,Y(А11),10:25,712,2026-09-11 10:32:00,2026-09-11 10:34:00,,2026-09-11 10:35:00,2026-09-11 10:41:00,2026-09-11 10:35:00,2026-09-11 10:41:00,2026-09-11 10:41:00,,1.0,2026-09-11 10:47:00,2026-09-11 10:48:00,,0.0,2026-09-11 10:41:00,2026-09-11 10:44:00,,,,,Каламбеков У. О.,Ютэйр,Выдача до 30 минут
2026-09-11,ЮТ 446 ,735,КОГАЛЫМ,12,Y(А05),10:29,391,2026-09-11 10:40:00,2026-09-11 10:44:00,1.0,2026-09-11 10:44:00,2026-09-11 10:49:00,2026-09-11 10:44:00,2026-09-11 10:49:00,2026-09-11 10:47:00,2.0,2.0,2026-09-11 10:54:00,2026-09-11 10:57:00,,0.0,2026-09-11 10:51:00,2026-09-11 10:54:00,,,,,Гаджиев Н. Т.,Ютэйр,Выдача до 30 минут
2026-09-11,DV 801 ,7М8,ШЫМКЕНТ(ШЫМКЕНТ ИНТЛ.),18,Y(А13),10:33,1396,2026-09-11 10:39:00,2026-09-11 10:43:00,1.0,2026-09-11 10:41:00,2026-09-11 10:49:00,2026-09-11 10:42:00,2026-09-11 10:49:00,2026-09-11 10:52:00,,,2026-09-11 10:51:00,2026-09-11 10:57:00,,0.0,2026-09-11 10:46:00,2026-09-11 10:51:00,2026-09-11 10:50:00,2026-09-11 10:56:00,,,"Аганин А. А., Хушвактов П. З.",SCAT Airlines,Выдача до 30 минут
2026-09-11,ДР 730 ,73Х,ФЕРГАНА(ФЕРГАНА ИНТЛ.),62,Y(А12),10:41,324,2026-09-11 10:48:00,2026-09-11 10:52:00,1.0,2026-09-11 10:50:00,2026-09-11 10:53:00,2026-09-11 10:50:00,2026-09-11 10:53:00,2026-09-11 10:54:00,,1.0,2026-09-11 11:01:00,2026-09-11 11:05:00,,0.0,2026-09-11 10:54:00,2026-09-11 11:00:00,,,,,"Музафаров А. С., Юрков С.",Победа,Выдача до 30 минут
2026-09-11,ЖГ 932 ,73Х,ТБИЛИСИ(ТБИЛИСИ ИНТЛ.),30,Y(А09),11:04,1881,2026-09-11 11:13:00,2026-09-11 11:15:00,,2026-09-11 11:17:00,2026-09-11 11:28:00,2026-09-11 11:17:00,2026-09-11 11:28:00,2026-09-11 11:30:00,,,2026-09-11 11:26:00,2026-09-11 11:34:00,,0.0,2026-09-11 11:23:00,2026-09-11 11:27:00,2026-09-11 11:31:00,2026-09-11 11:34:00,,,Черкас В. А.,GEORGIAN AIRWAYS,Выдача до 30 минут
2026-09-11,ФВ 6007 ,СУ9,САНКТ-ПЕТЕРБУРГ(ПУЛКОВО),8,Y(А04),11:33,94,2026-09-11 11:45:00,2026-09-11 11:48:00,,2026-09-11 11:49:00,2026-09-11 11:50:00,2026-09-11 11:49:00,2026-09-11 11:50:00,2026-09-11 11:50:00,,,2026-09-11 11:54:00,2026-09-11 11:55:00,,0.0,2026-09-11 11:51:00,2026-09-11 11:54:00,,,,,Сыргаков Б. А.,Россия,Выдача до 30 минут
2026-09-11,ЮТ 560 ,73Х,МАХАЧКАЛА,14,Y(А07),11:46,687,2026-09-11 11:53:00,2026-09-11 11:55:00,,2026-09-11 11:56:00,2026-09-11 12:02:00,2026-09-11 11:56:00,2026-09-11 12:02:00,2026-09-11 12:02:00,,1.0,2026-09-11 12:07:00,2026-09-11 12:08:00,,0.0,2026-09-11 12:04:00,2026-09-11 12:08:00,,,,,Омурбек У. Б.,Ютэйр,Выдача до 30 минут
2026-09-11,TK 1231 ,321,АНТАЛЬЯ,20,Y(А10),11:50,1402,2026-09-11 11:57:00,2026-09-11 11:59:00,,2026-09-11 12:02:00,2026-09-11 12:10:00,2026-09-11 12:02:00,2026-09-11 12:10:00,2026-09-11 12:10:00,,,2026-09-11 12:17:00,2026-09-11 12:19:00,,0.0,2026-09-11 12:06:00,2026-09-11 12:16:00,,,,,Демчук Д. П.,Turkish Airlines,Выдача до 30 минут
2026-09-11,J2 807 ,319,БАКУ(ИМ. ГЕЙДАРА АЛИЕВА),29,Y(А09),11:56,1836,2026-09-11 12:04:00,2026-09-11 12:06:00,,2026-09-11 12:07:00,2026-09-11 12:23:00,2026-09-11 12:07:00,2026-09-11 12:23:00,2026-09-11 12:20:00,3.0,4.0,2026-09-11 12:14:00,2026-09-11 12:32:00,,0.0,2026-09-11 12:11:00,2026-09-11 12:14:00,2026-09-11 12:28:00,2026-09-11 12:31:00,,,Каламбеков У. О.,AZAL,Выдача до 30 минут
2026-09-11,3F 321 ,320,ЕРЕВАН(ЗВАРТНОЦ ИНТЛ),27,Y(А13),11:58,1418,2026-09-11 12:10:00,2026-09-11 12:13:00,,2026-09-11 12:15:00,2026-09-11 12:22:00,2026-09-11 12:16:00,2026-09-11 12:22:00,2026-09-11 12:23:00,,,2026-09-11 12:25:00,2026-09-11 12:28:00,,0.0,2026-09-11 12:20:00,2026-09-11 12:24:00,2026-09-11 12:24:00,2026-09-11 12:27:00,,,"Музафаров А. С., Сыргаков Б. А.",FLYONE Armenia,Выдача до 30 минут
2026-09-11,ЖГ 936 ,73Х,ТБИЛИСИ(ТБИЛИСИ ИНТЛ.),30,Y(А12),12:12,1117,2026-09-11 12:23:00,2026-09-11 12:28:00,2.0,2026-09-11 12:26:00,2026-09-11 12:32:00,2026-09-11 12:26:00,2026-09-11 12:32:00,2026-09-11 12:34:00,,,2026-09-11 12:37:00,2026-09-11 12:38:00,,0.0,2026-09-11 12:34:00,2026-09-11 12:37:00,,,,,Литвин И. С.,GEORGIAN AIRWAYS,Выдача до 30 минут
2026-09-11,TK 3164 ,321,БОДРУМ(МИЛАС),23,Y(А11),12:28,1245,2026-09-11 12:43:00,2026-09-11 12:45:00,,2026-09-11 12:48:00,2026-09-11 13:00:00,2026-09-11 12:48:00,2026-09-11 13:00:00,2026-09-11 12:55:00,5.0,4.0,2026-09-11 12:59:00,2026-09-11 13:00:00,,0.0,2026-09-11 12:45:00,2026-09-11 13:06:00,,,,,Рябчевский В. О.,Turkish Airlines,Выдача до 30 минут
2026-09-11,ДР 436 ,7С8,УФА,48,Y(А05),12:31,274,2026-09-11 12:40:00,2026-09-11 12:41:00,,2026-09-11 12:41:00,2026-09-11 12:43:00,2026-09-11 12:41:00,2026-09-11 12:43:00,2026-09-11 12:46:00,,,2026-09-11 12:49:00,2026-09-11 12:51:00,,0.0,2026-09-11 12:45:00,2026-09-11 12:49:00,,,,,Омурбек У. Б.,Победа,Выдача до 30 минут
2026-09-11,TK 3070 ,32Б,АНТАЛЬЯ,21,Y(А10),12:34,2329,2026-09-11 12:47:00,2026-09-11 12:52:00,2.0,2026-09-11 12:51:00,2026-09-11 13:01:00,2026-09-11 12:51:00,2026-09-11 13:01:00,2026-09-11 13:07:00,,,2026-09-11 13:01:00,2026-09-11 13:06:00,,0.0,2026-09-11 12:45:00,2026-09-11 13:06:00,,,,,Попов А. И.,Turkish Airlines,Выдача до 30 минут
2026-09-11,7Q 1777 ,320,ТАШКЕНТ(ТАШКЕНТ ИНТЛ.),25,Y(А11),06:19,1057,2026-09-11 06:34:00,2026-09-11 06:37:00,,2026-09-11 06:36:00,2026-09-11 06:42:00,2026-09-11 06:37:00,2026-09-11 06:42:00,2026-09-11 06:45:00,,,2026-09-11 06:53:00,2026-09-11 06:54:00,,0.0,2026-09-11 06:36:00,2026-09-11 06:49:00,,,,,"Бородин А. В., Прохачев И. А.",Asia Union Airlines,Выдача до 30 минут
2026-09-11,ДР 744 ,73Х,ОШ,24,Y(А13),09:53,242,2026-09-11 10:03:00,2026-09-11 10:08:00,2.0,2026-09-11 10:05:00,2026-09-11 10:10:00,2026-09-11 10:07:00,2026-09-11 10:10:00,2026-09-11 10:09:00,1.0,1.0,2026-09-11 10:14:00,2026-09-11 10:15:00,,0.0,2026-09-11 10:09:00,2026-09-11 10:13:00,,,,,"Конюхов Я. А., Тано Б. А.",Победа,Выдача до 30 минут
2026-09-11,ВГ 2390 ,ЯК4,ВОЛОГДА,45,0,09:35,30,2026-09-11 09:42:00,2026-09-11 09:42:00,,2026-09-11 09:43:00,2026-09-11 09:44:00,2026-09-11 09:43:00,2026-09-11 09:44:00,2026-09-11 09:46:00,,1.0,,-1,,0.0,,,,,,,Юрков С.,Вологодское АП,Не определено
2026-09-11,TK 413 ,333,СТАМБУЛ(СТАМБУЛ НЬЮ),22,Y(А10),10:50,5023,2026-09-11 11:01:00,2026-09-11 11:03:00,,2026-09-11 11:03:00,2026-09-11 11:21:00,2026-09-11 11:03:00,2026-09-11 11:21:00,2026-09-11 11:38:00,,,2026-09-11 11:19:00,2026-09-11 11:27:00,,0.0,2026-09-11 11:14:00,2026-09-11 11:21:00,2026-09-11 11:09:00,2026-09-11 11:27:00,,,Додаров Ф. М.,Turkish Airlines,Выдача до 30 минут
2026-09-11,ДР 714 ,73Х,САМАРКАНД(САМАРКАНД ИНТЛ.),36,Y(А11),09:26,494,2026-09-11 09:36:00,2026-09-11 09:37:00,,2026-09-11 09:40:00,2026-09-11 09:44:00,2026-09-11 09:40:00,2026-09-11 09:44:00,2026-09-11 09:43:00,1.0,1.0,2026-09-11 09:52:00,2026-09-11 09:57:00,,0.0,2026-09-11 09:47:00,2026-09-11 09:53:00,,,,,Дубинский В. Д.,Победа,Выдача до 30 минут
2026-09-11,ЯМ 597 ,73Х,МИРНЫЙ,25,Y(А06),09:29,1515,2026-09-11 09:37:00,2026-09-11 09:39:00,,2026-09-11 09:43:00,2026-09-11 09:55:00,2026-09-11 09:43:00,2026-09-11 09:55:00,2026-09-11 09:51:00,4.0,2.0,2026-09-11 09:53:00,2026-09-11 09:55:00,,0.0,2026-09-11 09:51:00,2026-09-11 09:54:00,2026-09-11 09:44:00,2026-09-11 10:00:00,,,Черкас В. А.,Алроса,Выдача до 30 минут
2026-09-11,ЮТ 9010 ,73Е,ТЮМЕНЬ(РОЩИНО),12,Y(А05),07:08,126,2026-09-11 07:19:00,2026-09-11 07:19:00,,2026-09-11 07:22:00,2026-09-11 07:26:00,2026-09-11 07:22:00,2026-09-11 07:26:00,2026-09-11 07:24:00,2.0,3.0,2026-09-11 07:24:00,2026-09-11 07:25:00,,0.0,2026-09-11 07:22:00,2026-09-11 07:24:00,,,,,Черкас В. А.,Ютэйр,Выдача до 30 минут
2026-09-11,ФВ 6019 ,СУ9,САНКТ-ПЕТЕРБУРГ(ПУЛКОВО),8,Y(А04),07:29,120,2026-09-11 07:36:00,2026-09-11 07:39:00,,2026-09-11 07:42:00,2026-09-11 07:44:00,2026-09-11 07:42:00,2026-09-11 07:44:00,2026-09-11 07:41:00,3.0,1.0,2026-09-11 07:48:00,2026-09-11 07:49:00,,0.0,2026-09-11 07:48:00,2026-09-11 07:49:00,,,,,Рябчевский В. О.,Россия,Выдача до 30 минут
2026-09-11,В2 981 ,Е75,МИНСК(МИНСК ИНТЛ.),29,Y(А13),07:49,107,2026-09-11 07:57:00,2026-09-11 07:57:00,,2026-09-11 08:02:00,2026-09-11 08:05:00,2026-09-11 08:02:00,2026-09-11 08:05:00,2026-09-11 08:02:00,3.0,2.0,2026-09-11 08:08:00,2026-09-11 08:09:00,,0.0,2026-09-11 08:04:00,2026-09-11 08:07:00,,,,,Гаджиев Н. Т.,Белавиа,Выдача до 30 минут
2026-09-11,ЮТ 786 ,762,ЕРЕВАН(ЗВАРТНОЦ ИНТЛ),19,Y(А13),07:53,1940,2026-09-11 08:02:00,2026-09-11 08:03:00,,2026-09-11 08:08:00,2026-09-11 08:16:00,2026-09-11 08:08:00,2026-09-11 08:16:00,2026-09-11 08:19:00,,,2026-09-11 08:20:00,2026-09-11 08:30:00,,0.0,2026-09-11 08:11:00,2026-09-11 08:31:00,,,,,Демчук Д. П.,Ютэйр,Выдача до 30 минут
2026-09-11,ЮТ 572 ,73Х,КРАСНОЯРСК,21,Y(А08),08:10,884,2026-09-11 08:18:00,2026-09-11 08:21:00,,2026-09-11 08:22:00,2026-09-11 08:29:00,2026-09-11 08:22:00,2026-09-11 08:29:00,2026-09-11 08:28:00,1.0,1.0,2026-09-11 08:34:00,2026-09-11 08:39:00,,0.0,2026-09-11 08:31:00,2026-09-11 08:33:00,,,,,"Саидов А. С., Хушвактов П. З.",Ютэйр,Выдача до 30 минут
2026-09-11,ХИ 9607 ,32Н,БУХАРА(БУХАРА ИНТЛ.),24,Y(А09),08:22,1980,2026-09-11 08:35:00,2026-09-11 08:37:00,,2026-09-11 08:39:00,2026-09-11 08:59:00,2026-09-11 08:39:00,2026-09-11 08:59:00,2026-09-11 08:52:00,7.0,7.0,2026-09-11 08:52:00,2026-09-11 09:05:00,,0.0,2026-09-11 08:50:00,2026-09-11 08:53:00,2026-09-11 09:00:00,2026-09-11 09:03:00,,,Сыргаков Б. А.,UZBEKISTAN AIRWAYS,Выдача до 30 минут
2026-09-11,ФВ 6051 ,СУ9,САНКТ-ПЕТЕРБУРГ(ПУЛКОВО),9,Y(А04),08:25,51,2026-09-11 08:35:00,2026-09-11 08:37:00,,2026-09-11 08:38:00,2026-09-11 08:40:00,2026-09-11 08:38:00,2026-09-11 08:40:00,2026-09-11 08:39:00,1.0,2.0,2026-09-11 08:41:00,2026-09-11 08:42:00,,0.0,2026-09-11 08:40:00,2026-09-11 08:41:00,,,,,Юрков С.,Россия,Выдача до 30 минут
2026-09-11,ЮТ 454 ,73Х,ТЮМЕНЬ(РОЩИНО),11,Y(А05),08:29,694,2026-09-11 08:38:00,2026-09-11 08:40:00,,2026-09-11 08:43:00,2026-09-11 08:49:00,2026-09-11 08:43:00,2026-09-11 08:49:00,2026-09-11 08:47:00,2.0,1.0,2026-09-11 09:07:00,2026-09-11 09:08:00,9.0,0.0,2026-09-11 08:52:00,2026-09-11 08:55:00,,,,,Конюхов Я. А.,Ютэйр,Выдача до 30 минут
2026-09-11,ЮТ 248 ,73Х,СУРГУТ,16,Y(А05),08:17,770,2026-09-11 08:27:00,2026-09-11 08:29:00,,2026-09-11 08:31:00,2026-09-11 08:39:00,2026-09-11 08:31:00,2026-09-11 08:39:00,2026-09-11 08:36:00,3.0,3.0,2026-09-11 08:43:00,2026-09-11 08:47:00,,0.0,2026-09-11 08:40:00,2026-09-11 08:44:00,,,,,Омурбек У. Б.,Ютэйр,Выдача до 30 минут
2026-09-11,NE 620 ,321,ХУРГАДА(ХУРГАДА ИНТЛ.),23,Y(А10),07:03,2064,2026-09-11 07:22:00,2026-09-11 07:22:00,,2026-09-11 07:25:00,2026-09-11 07:40:00,2026-09-11 07:25:00,2026-09-11 07:40:00,2026-09-11 07:40:00,,1.0,2026-09-11 07:35:00,2026-09-11 07:45:00,,0.0,2026-09-11 07:33:00,2026-09-11 07:35:00,2026-09-11 07:41:00,2026-09-11 07:45:00,,,Гафуров О. Ф.,Nesma Airlines,Выдача до 30 минут
2026-09-11,ЯК 479 ,73Х,ЯКУТСК,13,Y(А06),08:34,1268,2026-09-11 08:44:00,2026-09-11 08:46:00,,2026-09-11 08:47:00,2026-09-11 09:00:00,2026-09-11 08:47:00,2026-09-11 09:00:00,2026-09-11 08:55:00,5.0,6.0,2026-09-11 09:09:00,2026-09-11 09:12:00,5.0,0.0,2026-09-11 08:56:00,2026-09-11 09:08:00,,,,,Музафаров А. С.,Якутия,Выдача до 30 минут
2026-09-11,ФВ 6003 ,СУ9,САНКТ-ПЕТЕРБУРГ(ПУЛКОВО),8,Y(А04),09:17,86,2026-09-11 09:28:00,2026-09-11 09:27:00,-1.0,2026-09-11 09:30:00,2026-09-11 09:33:00,2026-09-11 09:30:00,2026-09-11 09:33:00,2026-09-11 09:33:00,,2.0,2026-09-11 09:35:00,2026-09-11 09:36:00,,0.0,2026-09-11 09:33:00,2026-09-11 09:35:00,,,,,Рябчевский В. О.,Россия,Выдача до 30 минут
2026-09-11,ЮТ 364 ,73Х,УФА,14,Y(А07),09:09,773,2026-09-11 09:18:00,2026-09-11 09:20:00,,2026-09-11 09:36:00,2026-09-11 09:42:00,2026-09-11 09:36:00,2026-09-11 09:42:00,2026-09-11 09:27:00,15.0,1.0,2026-09-11 09:48:00,2026-09-11 09:50:00,10.0,2.0,2026-09-11 09:44:00,2026-09-11 09:48:00,,,,,Лесной Д. А.,Ютэйр,Выдача от 30 до 40 минут
2026-09-11,ХИ 9623 ,32Н,КАРШИ(КАРШИ МЕЖДУНАРОДНЫЙ),23,Y(А10),09:01,1368,2026-09-11 09:12:00,2026-09-11 09:14:00,,2026-09-11 09:16:00,2026-09-11 09:30:00,2026-09-11 09:16:00,2026-09-11 09:30:00,2026-09-11 09:25:00,5.0,5.0,2026-09-11 09:27:00,2026-09-11 09:35:00,,0.0,2026-09-11 09:32:00,2026-09-11 09:36:00,2026-09-11 09:23:00,2026-09-11 09:27:00,,,Аганин А. А.,UZBEKISTAN AIRWAYS,Выдача до 30 минут
2026-09-11,ДР 742 ,73Х,ТАШКЕНТ(ТАШКЕНТ ИНТЛ.),37,Y(А12),09:22,467,2026-09-11 09:32:00,2026-09-11 09:33:00,,2026-09-11 09:40:00,2026-09-11 09:46:00,2026-09-11 09:40:00,2026-09-11 09:46:00,2026-09-11 09:39:00,7.0,3.0,2026-09-11 09:53:00,2026-09-11 09:57:00,,0.0,2026-09-11 09:47:00,2026-09-11 09:52:00,,,,,Саидов А. С.,Победа,Выдача до 30 минут
2026-09-11,DV 809 ,738,АЛМАТЫ(АЛМАТЫ ИНТЛ.),20,Y(А13),08:52,902,2026-09-11 09:01:00,2026-09-11 09:03:00,,2026-09-11 09:03:00,2026-09-11 09:11:00,2026-09-11 09:03:00,2026-09-11 09:11:00,2026-09-11 09:11:00,,2.0,2026-09-11 09:16:00,2026-09-11 09:19:00,,0.0,2026-09-11 09:10:00,2026-09-11 09:16:00,,,,,"Каламбеков У. О., Тано Б. А.",SCAT Airlines,Выдача до 30 минут
2026-09-11,ЮТ 352 ,735,ХАНТЫ-МАНСИЙСК,10,Y(А07),08:36,291,2026-09-11 08:44:00,2026-09-11 08:45:00,,2026-09-11 08:48:00,2026-09-11 08:51:00,2026-09-11 08:48:00,2026-09-11 08:51:00,2026-09-11 08:50:00,1.0,1.0,2026-09-11 08:56:00,2026-09-11 08:57:00,,0.0,2026-09-11 08:53:00,2026-09-11 08:56:00,,,,,Дубинский В. Д.,Ютэйр,Выдача до 30 минут
2026-09-11,ДР 998 ,73Х,САМАРКАНД(САМАРКАНД ИНТЛ.),43,Y(А12),08:58,423,2026-09-11 09:06:00,2026-09-11 09:08:00,,2026-09-11 09:09:00,2026-09-11 09:14:00,2026-09-11 09:09:00,2026-09-11 09:14:00,2026-09-11 09:13:00,1.0,2.0,2026-09-11 09:22:00,2026-09-11 09:23:00,,0.0,2026-09-11 09:16:00,2026-09-11 09:22:00,,,,,Попов А. И.,Победа,Выдача до 30 минут
2026-09-12,ЮТ 456 ,735,НОЯБРЬСК,59,Y(А05),18:06,434,2026-09-12 18:17:00,2026-09-12 18:20:00,,2026-09-12 18:21:00,2026-09-12 18:25:00,2026-09-12 18:21:00,2026-09-12 18:25:00,2026-09-12 18:24:00,1.0,1.0,2026-09-12 18:32:00,2026-09-12 18:33:00,,0.0,2026-09-12 18:25:00,2026-09-12 18:32:00,,,,,Чеканов В. А.,Ютэйр,Выдача до 30 минут
2026-09-12,ЮТ 374 ,73Х,МИНЕРАЛЬНЫЕ ВОДЫ,17,Y(А05),17:17,1025,2026-09-12 17:24:00,2026-09-12 17:25:00,,2026-09-12 17:26:00,2026-09-12 17:35:00,2026-09-12 17:26:00,2026-09-12 17:35:00,2026-09-12 17:35:00,,2.0,2026-09-12 17:41:00,2026-09-12 17:42:00,,0.0,2026-09-12 17:36:00,2026-09-12 17:42:00,,,,,Минченко А. И.,Ютэйр,Выдача до 30 минут
2026-09-12,ДР 836 ,7С8,ГАЗИПАША,48,Y(А11),17:27,1718,2026-09-12 17:35:00,2026-09-12 17:37:00,,2026-09-12 17:39:00,2026-09-12 17:51:00,2026-09-12 17:39:00,2026-09-12 17:51:00,2026-09-12 17:50:00,1.0,1.0,2026-09-12 17:50:00,2026-09-12 17:59:00,,0.0,2026-09-12 17:43:00,2026-09-12 17:50:00,2026-09-12 17:51:00,2026-09-12 18:03:00,,,Хушвактов П. З.,Победа,Выдача до 30 минут
2026-09-12,NE 640 ,321,ШАРМ ЭЛЬ ШЕЙХ(ШАРМ ЭЛЬ ШЕЙХ ИНТЛ.),23,Y(А12),17:36,2090,2026-09-12 17:48:00,2026-09-12 17:50:00,,2026-09-12 17:51:00,2026-09-12 18:07:00,2026-09-12 17:51:00,2026-09-12 18:07:00,2026-09-12 18:06:00,1.0,2.0,2026-09-12 18:02:00,2026-09-12 18:16:00,,0.0,2026-09-12 17:58:00,2026-09-12 18:02:00,2026-09-12 18:09:00,2026-09-12 18:13:00,,,Кутейников А. В.,Nesma Airlines,Выдача до 30 минут
2026-09-12,3F 325 ,320,ЕРЕВАН(ЗВАРТНОЦ ИНТЛ),27,Y(А13),17:44,1437,2026-09-12 17:52:00,2026-09-12 17:54:00,,2026-09-12 17:56:00,2026-09-12 18:09:00,2026-09-12 17:56:00,2026-09-12 18:09:00,2026-09-12 18:06:00,3.0,3.0,2026-09-12 18:06:00,2026-09-12 18:11:00,,0.0,2026-09-12 18:02:00,2026-09-12 18:08:00,2026-09-12 18:05:00,2026-09-12 18:08:00,,,"Каламбеков У. О., Скулов Е. С.",FLYONE Armenia,Выдача до 30 минут
2026-09-12,ДР 856 ,73Х,ГЮМРИ(ШИРАК),50,Y(А13),17:48,1338,2026-09-12 17:54:00,2026-09-12 17:56:00,,2026-09-12 17:57:00,2026-09-12 18:07:00,2026-09-12 17:57:00,2026-09-12 18:07:00,2026-09-12 18:07:00,,1.0,2026-09-12 18:11:00,2026-09-12 18:16:00,,0.0,2026-09-12 18:04:00,2026-09-12 18:11:00,2026-09-12 18:09:00,2026-09-12 18:15:00,,,Фаёзов А. Р.,Победа,Выдача до 30 минут
2026-09-12,TK 415 ,321,СТАМБУЛ(СТАМБУЛ НЬЮ),20,Y(А10),18:00,3131,2026-09-12 18:09:00,2026-09-12 18:10:00,,2026-09-12 18:14:00,2026-09-12 18:31:00,2026-09-12 18:14:00,2026-09-12 18:31:00,2026-09-12 18:34:00,,,2026-09-12 18:26:00,2026-09-12 18:36:00,,0.0,2026-09-12 18:15:00,2026-09-12 18:26:00,2026-09-12 18:22:00,2026-09-12 18:37:00,,,Литвин И. С.,Turkish Airlines,Выдача до 30 минут
2026-09-12,ФВ 6177 ,СУ9,САНКТ-ПЕТЕРБУРГ(ПУЛКОВО),8,Y(А04),18:08,124,2026-09-12 18:17:00,2026-09-12 18:17:00,,2026-09-12 18:35:00,2026-09-12 18:37:00,2026-09-12 18:35:00,2026-09-12 18:37:00,2026-09-12 18:22:00,15.0,1.0,2026-09-12 18:39:00,2026-09-12 18:40:00,2.0,0.0,2026-09-12 18:38:00,2026-09-12 18:41:00,,,,,Фозылов Б. З.,Россия,Выдача до 30 минут
2026-09-12,ФВ 6179 ,СУ9,САНКТ-ПЕТЕРБУРГ(ПУЛКОВО),9,Y(А04),19:13,86,2026-09-12 19:24:00,2026-09-12 19:26:00,,2026-09-12 19:29:00,2026-09-12 19:31:00,2026-09-12 19:29:00,2026-09-12 19:31:00,2026-09-12 19:29:00,2.0,1.0,2026-09-12 19:35:00,2026-09-12 19:36:00,,0.0,2026-09-12 19:32:00,2026-09-12 19:35:00,,,,,Михайлов М. С.,Россия,Выдача до 30 минут
2026-09-12,ЮТ 464 ,73Х,ТЮМЕНЬ(РОЩИНО),13,Y(А06),18:39,1176,2026-09-12 18:49:00,2026-09-12 18:50:00,,2026-09-12 18:51:00,2026-09-12 19:01:00,2026-09-12 18:51:00,2026-09-12 19:01:00,2026-09-12 19:01:00,,2.0,2026-09-12 19:07:00,2026-09-12 19:08:00,,0.0,2026-09-12 19:04:00,2026-09-12 19:08:00,,,,,Шамсов Б. С.,Ютэйр,Выдача до 30 минут
2026-09-12,ЮТ 576 ,735,КРАСНОДАР(ПАШКОВСКИЙ),10,Y(А08),18:43,763,2026-09-12 18:52:00,2026-09-12 18:55:00,,2026-09-12 18:59:00,2026-09-12 19:11:00,2026-09-12 18:59:00,2026-09-12 19:11:00,2026-09-12 19:01:00,10.0,7.0,2026-09-12 19:21:00,2026-09-12 19:22:00,9.0,0.0,2026-09-12 19:12:00,2026-09-12 19:16:00,,,,,Хушвактов П. З.,Ютэйр,Выдача до 30 минут
2026-09-12,AZO 7054 ,СУ9,БАТУМИ,26,Y(А12),18:46,1125,2026-09-12 18:54:00,2026-09-12 18:57:00,,2026-09-12 19:00:00,2026-09-12 19:10:00,2026-09-12 19:00:00,2026-09-12 19:10:00,2026-09-12 19:06:00,4.0,2.0,2026-09-12 19:15:00,2026-09-12 19:16:00,1.0,0.0,2026-09-12 19:11:00,2026-09-12 19:15:00,,,,,Федоров Н. В.,GEORGIAN AIRWAYS,Выдача до 30 минут
2026-09-12,ЮТ 802 ,762,ДУШАНБЕ(ДУШАНБЕ ИНТЛ.),19,Y(А09),18:53,3841,2026-09-12 19:02:00,2026-09-12 19:02:00,,2026-09-12 19:06:00,2026-09-12 19:26:00,2026-09-12 19:06:00,2026-09-12 19:26:00,2026-09-12 19:32:00,,,2026-09-12 19:26:00,2026-09-12 19:33:00,4.0,1.0,2026-09-12 19:08:00,2026-09-12 19:26:00,2026-09-12 19:24:00,2026-09-12 19:33:00,,,Музафаров А. С.,Ютэйр,Выдача от 30 до 40 минут
2026-09-12,ЮТ 398 ,734,ГЕЛЕНДЖИК,58,Y(А08),18:56,989,2026-09-12 19:10:00,2026-09-12 19:10:00,,2026-09-12 19:11:00,2026-09-12 19:19:00,2026-09-12 19:11:00,2026-09-12 19:19:00,2026-09-12 19:21:00,,1.0,2026-09-12 19:26:00,2026-09-12 19:27:00,,0.0,2026-09-12 19:20:00,2026-09-12 19:26:00,,,,,Соболь М. Ф.,Ютэйр,Выдача до 30 минут
2026-09-12,ЮТ 400 ,73Х,ГРОЗНЫЙ(СЕВЕРНЫЙ),14,Y(А07),19:01,516,2026-09-12 19:09:00,2026-09-12 19:11:00,,2026-09-12 19:12:00,2026-09-12 19:29:00,2026-09-12 19:12:00,2026-09-12 19:29:00,2026-09-12 19:16:00,13.0,14.0,2026-09-12 19:37:00,2026-09-12 19:39:00,8.0,0.0,2026-09-12 19:32:00,2026-09-12 19:37:00,,,,,Каламбеков У. О.,Ютэйр,Выдача до 30 минут
2026-09-12,ЯК 474 ,7С8,СОЧИ,15,Y(А05),19:05,1285,2026-09-12 19:13:00,2026-09-12 19:15:00,,2026-09-12 19:17:00,2026-09-12 19:22:00,2026-09-12 19:17:00,2026-09-12 19:22:00,2026-09-12 19:23:00,,,2026-09-12 19:30:00,2026-09-12 19:31:00,,0.0,2026-09-12 19:26:00,2026-09-12 19:32:00,,,,,Скулов Е. С.,Якутия,Выдача до 30 минут
2026-09-12,ЮТ 746 ,73Х,БАКУ(ИМ. ГЕЙДАРА АЛИЕВА),21,Y(А09),17:10,1822,2026-09-12 17:17:00,2026-09-12 17:20:00,,2026-09-12 17:21:00,2026-09-12 17:36:00,2026-09-12 17:21:00,2026-09-12 17:36:00,2026-09-12 17:33:00,3.0,3.0,2026-09-12 17:31:00,2026-09-12 17:42:00,,0.0,2026-09-12 17:27:00,2026-09-12 17:31:00,2026-09-12 17:39:00,2026-09-12 17:42:00,,,Федоров Н. В.,Ютэйр,Выдача до 30 минут
2026-09-12,PBD 840 ,73Х,АНТАЛЬЯ,46,Y(А11),18:16,1304,2026-09-12 18:23:00,2026-09-12 18:23:00,,2026-09-12 18:24:00,2026-09-12 18:34:00,2026-09-12 18:25:00,2026-09-12 18:34:00,2026-09-12 18:36:00,,,2026-09-12 18:35:00,2026-09-12 18:41:00,,0.0,2026-09-12 18:30:00,2026-09-12 18:35:00,2026-09-12 18:35:00,2026-09-12 18:41:00,,,"Давлатов Б. Ч., Михайлов М. С.",Победа,Выдача до 30 минут
2026-09-12,ФВ 6175 ,СУ9,САНКТ-ПЕТЕРБУРГ(ПУЛКОВО),9,Y(А04),17:04,128,2026-09-12 17:12:00,2026-09-12 17:14:00,,2026-09-12 17:16:00,2026-09-12 17:18:00,2026-09-12 17:16:00,2026-09-12 17:18:00,2026-09-12 17:17:00,1.0,1.0,2026-09-12 17:26:00,2026-09-12 17:27:00,,0.0,2026-09-12 17:19:00,2026-09-12 17:22:00,,,,,Фозылов Б. З.,Россия,Выдача до 30 минут
2026-09-12,TK 3046 ,321,АНТАЛЬЯ,27,Y(А10),12:59,2583,2026-09-12 13:14:00,2026-09-12 13:17:00,,2026-09-12 13:17:00,2026-09-12 13:26:00,2026-09-12 13:17:00,2026-09-12 13:26:00,2026-09-12 13:35:00,,,2026-09-12 13:27:00,2026-09-12 13:31:00,,0.0,2026-09-12 13:23:00,2026-09-12 13:27:00,2026-09-12 13:26:00,2026-09-12 13:30:00,,,Фаёзов А. Р.,Turkish Airlines,Выдача до 30 минут
2026-09-12,ФВ 6037 ,СУ9,САНКТ-ПЕТЕРБУРГ(ПУЛКОВО),8,Y(А04),16:11,238,2026-09-12 16:21:00,2026-09-12 16:23:00,,2026-09-12 16:24:00,2026-09-12 16:27:00,2026-09-12 16:24:00,2026-09-12 16:27:00,2026-09-12 16:27:00,,1.0,2026-09-12 16:30:00,2026-09-12 16:32:00,,0.0,2026-09-12 16:27:00,2026-09-12 16:30:00,,,,,Фаёзов А. Р.,Россия,Выдача до 30 минут
2026-09-12,ЮТ 296 ,73Х,СУРГУТ,16,Y(А06),19:17,821,2026-09-12 19:29:00,2026-09-12 19:29:00,,2026-09-12 19:31:00,2026-09-12 19:40:00,2026-09-12 19:31:00,2026-09-12 19:40:00,2026-09-12 19:38:00,2.0,4.0,2026-09-12 19:44:00,2026-09-12 19:45:00,,0.0,2026-09-12 19:41:00,2026-09-12 19:45:00,,,,,Сыргаков Б. А.,Ютэйр,Выдача до 30 минут
2026-09-12,TK 417 ,32Б,СТАМБУЛ(СТАМБУЛ НЬЮ),21,Y(А10),13:10,2864,2026-09-12 13:20:00,2026-09-12 13:25:00,2.0,2026-09-12 13:24:00,2026-09-12 13:42:00,2026-09-12 13:24:00,2026-09-12 13:42:00,2026-09-12 13:43:00,,,2026-09-12 13:39:00,2026-09-12 13:48:00,,0.0,2026-09-12 13:26:00,2026-09-12 13:39:00,2026-09-12 13:43:00,2026-09-12 13:48:00,,,Саидов А. С.,Turkish Airlines,Выдача до 30 минут
2026-09-12,NE 644 ,321,ШАРМ ЭЛЬ ШЕЙХ(ШАРМ ЭЛЬ ШЕЙХ ИНТЛ.),30,Y(А11),13:16,2029,2026-09-12 13:33:00,2026-09-12 13:35:00,,2026-09-12 13:36:00,2026-09-12 13:53:00,2026-09-12 13:36:00,2026-09-12 13:53:00,2026-09-12 13:51:00,2.0,3.0,2026-09-12 13:47:00,2026-09-12 13:58:00,,0.0,2026-09-12 13:44:00,2026-09-12 13:46:00,2026-09-12 13:55:00,2026-09-12 13:58:00,,,Михайлов М. С.,Nesma Airlines,Выдача до 30 минут
2026-09-12,ФВ 6025 ,СУ9,САНКТ-ПЕТЕРБУРГ(ПУЛКОВО),9,Y(А04),13:23,222,2026-09-12 13:38:00,2026-09-12 13:35:00,-3.0,2026-09-12 13:35:00,2026-09-12 13:37:00,2026-09-12 13:35:00,2026-09-12 13:37:00,2026-09-12 13:43:00,,1.0,2026-09-12 13:41:00,2026-09-12 13:42:00,,0.0,2026-09-12 13:39:00,2026-09-12 13:41:00,,,,,Конюхов Я. А.,Россия,Выдача до 30 минут
2026-09-12,ДР 992 ,73Х,ДУБАЙ(АЛЬ-МАКТУМ ИНТЛ),48,Y(А09),13:27,1756,2026-09-12 13:37:00,2026-09-12 13:37:00,,2026-09-12 13:38:00,2026-09-12 13:52:00,2026-09-12 13:38:00,2026-09-12 13:52:00,2026-09-12 13:53:00,,2.0,2026-09-12 13:50:00,2026-09-12 14:03:00,,0.0,2026-09-12 13:44:00,2026-09-12 13:50:00,2026-09-12 13:56:00,2026-09-12 14:03:00,,,Рустамов М. А.,Победа,Выдача до 30 минут
2026-09-12,ХИ 9615 ,320,УРГЕНЧ(УРГЕНЧ ИНТЛ.),25,Y(А10),13:31,1505,2026-09-12 13:43:00,2026-09-12 13:46:00,,2026-09-12 13:46:00,2026-09-12 14:00:00,2026-09-12 13:46:00,2026-09-12 14:00:00,2026-09-12 13:57:00,3.0,4.0,2026-09-12 14:03:00,2026-09-12 14:11:00,,0.0,2026-09-12 13:57:00,2026-09-12 14:01:00,2026-09-12 14:07:00,2026-09-12 14:11:00,,,Кутейников А. В.,UZBEKISTAN AIRWAYS,Выдача до 30 минут
2026-09-12,PC 388 ,32Щ,СТАМБУЛ(САБИХА ГОКЦЕН),19,Y(А09),13:35,3140,2026-09-12 13:42:00,2026-09-12 13:44:00,,2026-09-12 13:47:00,2026-09-12 14:07:00,2026-09-12 13:47:00,2026-09-12 14:07:00,2026-09-12 14:07:00,,,2026-09-12 13:54:00,2026-09-12 14:09:00,,0.0,2026-09-12 13:50:00,2026-09-12 13:56:00,2026-09-12 14:09:00,2026-09-12 14:14:00,,,Пельгуев Д.,Pegasus,Выдача до 30 минут
2026-09-12,3F 327 ,321,ЕРЕВАН(ЗВАРТНОЦ ИНТЛ),29,Y(А13),13:39,930,2026-09-12 13:51:00,2026-09-12 13:54:00,,2026-09-12 13:55:00,2026-09-12 14:00:00,2026-09-12 13:55:00,2026-09-12 14:00:00,2026-09-12 14:01:00,,,2026-09-12 14:05:00,2026-09-12 14:06:00,,0.0,2026-09-12 14:02:00,2026-09-12 14:04:00,,,,,Чеканов В. А.,FLYONE Armenia,Выдача до 30 минут
2026-09-12,В2 979 ,733,МИНСК(МИНСК ИНТЛ.),29,Y(А13),16:32,779,2026-09-12 16:40:00,2026-09-12 16:41:00,,2026-09-12 16:43:00,2026-09-12 16:50:00,2026-09-12 16:43:00,2026-09-12 16:50:00,2026-09-12 16:49:00,1.0,2.0,2026-09-12 16:54:00,2026-09-12 16:55:00,,0.0,2026-09-12 16:51:00,2026-09-12 16:54:00,,,,,Фозылов Б. З.,Белавиа,Выдача до 30 минут
2026-09-12,ЖГ 937 ,735,БАТУМИ,28,Y(А12),13:46,1290,2026-09-12 13:55:00,2026-09-12 14:00:00,2.0,2026-09-12 13:57:00,2026-09-12 14:07:00,2026-09-12 13:57:00,2026-09-12 14:07:00,2026-09-12 14:08:00,,1.0,2026-09-12 14:13:00,2026-09-12 14:14:00,,0.0,2026-09-12 14:09:00,2026-09-12 14:12:00,,,,,Скулов Е. С.,GEORGIAN AIRWAYS,Выдача до 30 минут
2026-09-12,TK 3192 ,32Б,АНТАЛЬЯ,22,Y(А10),13:55,2187,2026-09-12 14:04:00,2026-09-12 14:05:00,,2026-09-12 14:08:00,2026-09-12 14:29:00,2026-09-12 14:08:00,2026-09-12 14:29:00,2026-09-12 14:23:00,6.0,6.0,2026-09-12 14:22:00,2026-09-12 14:35:00,,1.0,2026-09-12 14:19:00,2026-09-12 14:36:00,,,,,Федоров Н. В.,Turkish Airlines,Выдача от 30 до 40 минут
2026-09-12,ЮТ 744 ,734,ГЯНДЖА,16,Y(А09),13:59,2053,2026-09-12 14:08:00,2026-09-12 14:08:00,,2026-09-12 14:13:00,2026-09-12 14:30:00,2026-09-12 14:13:00,2026-09-12 14:30:00,2026-09-12 14:26:00,4.0,3.0,2026-09-12 14:26:00,2026-09-12 14:38:00,,0.0,2026-09-12 14:32:00,2026-09-12 14:37:00,2026-09-12 14:22:00,2026-09-12 14:26:00,,,Фозылов Б. З.,Ютэйр,Выдача до 30 минут
2026-09-12,ЮТ 334 ,73Е,НАРЬЯН-МАР,24,Y(А05),14:19,543,2026-09-12 14:27:00,2026-09-12 14:31:00,1.0,2026-09-12 14:30:00,2026-09-12 14:37:00,2026-09-12 14:30:00,2026-09-12 14:37:00,2026-09-12 14:35:00,2.0,3.0,2026-09-12 14:43:00,2026-09-12 14:44:00,,0.0,2026-09-12 14:41:00,2026-09-12 14:43:00,,,,,Фаёзов А. Р.,Ютэйр,Выдача до 30 минут
2026-09-12,FZ 989 ,7М8,ДУБАЙ(ДУБАЙ ИНТЛ.),26A,Y(А12),14:42,2169,2026-09-12 14:55:00,2026-09-12 14:55:00,,2026-09-12 14:58:00,2026-09-12 15:15:00,2026-09-12 14:58:00,2026-09-12 15:15:00,2026-09-12 15:13:00,2.0,3.0,2026-09-12 15:10:00,2026-09-12 15:18:00,,0.0,2026-09-12 15:14:00,2026-09-12 15:18:00,2026-09-12 15:06:00,2026-09-12 15:14:00,,,"Кутейников А. В., Соболь М. Ф.",flydubai,Выдача до 30 минут
2026-09-12,4S 333 ,7С8,ШАРМ ЭЛЬ ШЕЙХ(ШАРМ ЭЛЬ ШЕЙХ ИНТЛ.),23,Y(А11),14:44,1822,2026-09-12 14:59:00,2026-09-12 15:02:00,,2026-09-12 15:05:00,2026-09-12 15:22:00,2026-09-12 15:05:00,2026-09-12 15:22:00,2026-09-12 15:15:00,7.0,5.0,2026-09-12 15:17:00,2026-09-12 15:29:00,,0.0,2026-09-12 15:13:00,2026-09-12 15:16:00,2026-09-12 15:25:00,2026-09-12 15:30:00,,,Литвин И. С.,Red Sea,Выдача до 30 минут
2026-09-12,НВЦ 9152 ,320,САБЕТТА,12,Y(А06),15:01,1515,2026-09-12 15:15:00,2026-09-12 15:17:00,,2026-09-12 15:18:00,2026-09-12 15:34:00,2026-09-12 15:18:00,2026-09-12 15:34:00,2026-09-12 15:29:00,5.0,6.0,2026-09-12 15:29:00,2026-09-12 15:37:00,,0.0,2026-09-12 15:26:00,2026-09-12 15:28:00,2026-09-12 15:35:00,2026-09-12 15:37:00,,,Михайлов М. С.,Северо-Запад,Выдача до 30 минут
2026-09-12,ГЗП 416 ,СУ9,ЯМБУРГ,Б37,Y(А05),15:37,499,2026-09-12 15:44:00,2026-09-12 15:45:00,,2026-09-12 15:47:00,2026-09-12 15:52:00,2026-09-12 15:47:00,2026-09-12 15:52:00,2026-09-12 15:51:00,1.0,2.0,2026-09-12 16:07:00,2026-09-12 16:08:00,,0.0,2026-09-12 15:52:00,2026-09-12 16:10:00,,,,,Минченко А. И.,Газпром авиа,Выдача до 30 минут
2026-09-12,А4 7010 ,СУ9,ТБИЛИСИ(ТБИЛИСИ ИНТЛ.),28,Y(А12),16:07,1200,2026-09-12 16:19:00,2026-09-12 16:21:00,,2026-09-12 16:25:00,2026-09-12 16:35:00,2026-09-12 16:25:00,2026-09-12 16:35:00,2026-09-12 16:31:00,4.0,2.0,2026-09-12 16:41:00,2026-09-12 16:42:00,2.0,0.0,,,,,,,Чеканов В. А.,Азимут,Выдача до 30 минут
2026-09-12,TK 3082 ,32Б,АНТАЛЬЯ,20,Y(А09),13:50,2021,2026-09-12 14:01:00,2026-09-12 14:01:00,,2026-09-12 14:04:00,2026-09-12 14:16:00,2026-09-12 14:04:00,2026-09-12 14:16:00,2026-09-12 14:18:00,,,2026-09-12 14:12:00,2026-09-12 14:26:00,,0.0,2026-09-12 14:16:00,2026-09-12 14:24:00,,,,,Каламбеков У. О.,Turkish Airlines,Выдача до 30 минут
2026-09-12,ЮТ 810 ,73Х,САМАРКАНД(САМАРКАНД ИНТЛ.),11,Y(А11),19:22,1453,2026-09-12 19:32:00,2026-09-12 19:34:00,,2026-09-12 19:38:00,2026-09-12 19:48:00,2026-09-12 19:38:00,2026-09-12 19:48:00,2026-09-12 19:46:00,2.0,,2026-09-12 19:47:00,2026-09-12 19:55:00,,0.0,2026-09-12 19:43:00,2026-09-12 19:47:00,2026-09-12 19:51:00,2026-09-12 19:55:00,,,Черкас В. А.,Ютэйр,Выдача до 30 минут
2026-09-12,ДР 964 ,73Х,ДАЛАМАН,50,Y(А11),21:50,1545,2026-09-12 21:55:00,2026-09-12 21:57:00,,2026-09-12 21:59:00,2026-09-12 22:07:00,2026-09-12 21:59:00,2026-09-12 22:07:00,2026-09-12 22:09:00,,,2026-09-12 22:09:00,2026-09-12 22:24:00,,0.0,2026-09-12 22:03:00,2026-09-12 22:08:00,2026-09-12 22:15:00,2026-09-12 22:24:00,,,Юрков С.,Победа,Выдача до 30 минут
2026-09-12,ЮТ 250 ,73Х,СОЧИ,12,Y(А06),19:50,1300,2026-09-12 19:58:00,2026-09-12 20:01:00,,2026-09-12 20:01:00,2026-09-12 20:10:00,2026-09-12 20:01:00,2026-09-12 20:10:00,2026-09-12 20:11:00,,,2026-09-12 20:11:00,2026-09-12 20:18:00,,0.0,2026-09-12 20:07:00,2026-09-12 20:15:00,2026-09-12 20:14:00,2026-09-12 20:17:00,,,Дубинский В. Д.,Ютэйр,Выдача до 30 минут
2026-09-12,ДР 422 ,7С8,САМАРА(КУРУМОЧ),43,Y(А07),22:23,232,2026-09-12 22:31:00,2026-09-12 22:32:00,,2026-09-12 22:33:00,2026-09-12 22:36:00,2026-09-12 22:33:00,2026-09-12 22:36:00,2026-09-12 22:37:00,,1.0,2026-09-12 22:43:00,2026-09-12 22:44:00,,0.0,2026-09-12 22:37:00,2026-09-12 22:42:00,,,,,Соболь М. Ф.,Победа,Выдача до 30 минут
2026-09-12,NE 616 ,320,ХУРГАДА(ХУРГАДА ИНТЛ.),19,Y(А11),22:26,1500,2026-09-12 22:32:00,2026-09-12 22:35:00,,2026-09-12 22:36:00,2026-09-12 22:48:00,2026-09-12 22:36:00,2026-09-12 22:48:00,2026-09-12 22:46:00,2.0,2.0,2026-09-12 22:52:00,2026-09-12 22:59:00,,0.0,2026-09-12 22:42:00,2026-09-12 22:47:00,2026-09-12 22:50:00,2026-09-12 22:57:00,,,Федоров Н. В.,Nesma Airlines,Выдача до 30 минут
2026-09-12,PC 1580 ,32Н,АНТАЛЬЯ,22,Y(А10),22:29,2289,2026-09-12 22:37:00,2026-09-12 22:39:00,,2026-09-12 22:41:00,2026-09-12 22:59:00,2026-09-12 22:41:00,2026-09-12 22:59:00,2026-09-12 22:56:00,3.0,3.0,2026-09-12 22:54:00,2026-09-12 23:08:00,,1.0,2026-09-12 23:02:00,2026-09-12 23:06:00,2026-09-12 22:50:00,2026-09-12 22:53:00,,,Музафаров А. С.,Pegasus,Выдача от 30 до 40 минут
2026-09-12,А4 7030 ,СУ9,ЕРЕВАН(ЗВАРТНОЦ ИНТЛ),28,Y(А13),22:32,739,2026-09-12 22:49:00,2026-09-12 22:49:00,,2026-09-12 22:52:00,2026-09-12 22:55:00,2026-09-12 22:52:00,2026-09-12 22:55:00,2026-09-12 22:58:00,,,2026-09-12 23:03:00,2026-09-12 23:07:00,,0.0,2026-09-12 22:58:00,2026-09-12 23:02:00,,,,,Черкас В. А.,Азимут,Выдача до 30 минут
2026-09-12,TK 411 ,321,СТАМБУЛ(СТАМБУЛ НЬЮ),23,Y(А09),22:59,4279,2026-09-12 23:07:00,2026-09-12 23:10:00,,2026-09-12 23:11:00,2026-09-12 23:30:00,2026-09-12 23:11:00,2026-09-12 23:30:00,2026-09-12 23:40:00,,,2026-09-12 23:21:00,2026-09-12 23:39:00,,2.0,2026-09-12 23:30:00,2026-09-12 23:40:00,2026-09-12 23:27:00,2026-09-12 23:36:00,,,Демчук Д. П.,Turkish Airlines,Выдача от 30 до 40 минут
2026-09-12,FZ 951 ,7М8,ДУБАЙ(ДУБАЙ ИНТЛ.),29,Y(А12),23:02,1741,2026-09-12 23:14:00,2026-09-12 23:20:00,3.0,2026-09-12 23:21:00,2026-09-12 23:42:00,2026-09-12 23:21:00,2026-09-12 23:42:00,2026-09-12 23:30:00,12.0,9.0,2026-09-12 23:32:00,2026-09-12 23:53:00,,9.0,2026-09-12 23:44:00,2026-09-12 23:50:00,2026-09-12 23:27:00,2026-09-12 23:31:00,,,Рябчевский В. О.,flydubai,Выдача от 30 до 40 минут
2026-09-12,NE 638 ,320,ШАРМ ЭЛЬ ШЕЙХ(ШАРМ ЭЛЬ ШЕЙХ ИНТЛ.),18,Y(А10),23:05,1837,2026-09-12 23:13:00,2026-09-12 23:16:00,,2026-09-12 23:16:00,2026-09-12 23:32:00,2026-09-12 23:16:00,2026-09-12 23:32:00,2026-09-12 23:29:00,3.0,4.0,2026-09-12 23:27:00,2026-09-12 23:44:00,,1.0,2026-09-12 23:23:00,2026-09-12 23:27:00,2026-09-12 23:36:00,2026-09-12 23:42:00,,,Шамсов Б. С.,Nesma Airlines,Выдача от 30 до 40 минут
2026-09-12,А4 7036 ,СУ9,ПСКОВ(КРЕСТЫ),51A,Y(А05),23:07,587,2026-09-12 23:19:00,2026-09-12 23:22:00,,2026-09-12 23:24:00,2026-09-12 23:30:00,2026-09-12 23:24:00,2026-09-12 23:30:00,2026-09-12 23:27:00,3.0,2.0,2026-09-12 23:37:00,2026-09-12 23:40:00,,0.0,2026-09-12 23:31:00,2026-09-12 23:40:00,,,,,Пельгуев Д.,Азимут,Выдача до 30 минут
2026-09-12,DV 813 ,738,АСТАНА(НУРСУЛТАН НАЗАРБАЕВ),20,Y(А13),23:10,1412,2026-09-12 23:17:00,2026-09-12 23:20:00,,2026-09-12 23:20:00,2026-09-12 23:33:00,2026-09-12 23:20:00,2026-09-12 23:33:00,2026-09-12 23:30:00,3.0,4.0,2026-09-12 23:30:00,2026-09-12 23:49:00,,2.0,2026-09-12 23:26:00,2026-09-12 23:30:00,2026-09-12 23:37:00,2026-09-12 23:42:00,,,Попов А. И.,SCAT Airlines,Выдача от 30 до 40 минут
2026-09-12,NE 600 ,320,ХУРГАДА(ХУРГАДА ИНТЛ.),21,Y(А11),23:13,2340,2026-09-12 23:21:00,2026-09-12 23:20:00,-1.0,2026-09-12 23:22:00,2026-09-12 23:50:00,2026-09-12 23:22:00,2026-09-12 23:50:00,2026-09-12 23:41:00,9.0,12.0,2026-09-12 23:34:00,2026-09-13 00:01:00,,10.0,2026-09-12 23:29:00,2026-09-12 23:34:00,2026-09-12 23:51:00,2026-09-13 00:01:00,,,Сыргаков Б. А.,Nesma Airlines,Выдача от 30 до 40 минут
2026-09-12,ДР 158 ,7С8,КРАСНОДАР(ПАШКОВСКИЙ),47,Y(А08),23:41,581,2026-09-12 23:45:00,2026-09-12 23:49:00,1.0,2026-09-12 23:49:00,2026-09-12 23:53:00,2026-09-12 23:49:00,2026-09-12 23:53:00,2026-09-12 23:53:00,,,2026-09-13 00:19:00,2026-09-13 00:20:00,4.0,5.0,2026-09-12 23:55:00,2026-09-13 00:02:00,,,,,Литвин И. С.,Победа,Выдача от 30 до 40 минут
2026-09-12,ЮТ 376 ,734,СЫКТЫВКАР,11,Y(А07),23:43,373,2026-09-12 23:50:00,2026-09-12 23:50:00,,2026-09-12 23:52:00,2026-09-12 23:56:00,2026-09-12 23:52:00,2026-09-12 23:56:00,2026-09-12 23:56:00,,2.0,2026-09-13 00:00:00,2026-09-13 00:02:00,,0.0,2026-09-12 23:57:00,2026-09-13 00:01:00,,,,,Юрков С.,Ютэйр,Выдача до 30 минут
2026-09-12,TK 211 ,321,АНТАЛЬЯ,24,Y(А09),23:46,2528,2026-09-12 23:55:00,2026-09-12 23:56:00,,2026-09-12 23:59:00,2026-09-13 00:15:00,2026-09-12 23:59:00,2026-09-13 00:15:00,2026-09-13 00:16:00,,,2026-09-13 00:18:00,2026-09-13 00:22:00,3.0,0.0,2026-09-13 00:12:00,2026-09-13 00:20:00,2026-09-13 00:08:00,2026-09-13 00:26:00,,,Хушвактов П. З.,Turkish Airlines,Выдача до 30 минут
2026-09-12,FZ 987 ,7М8,ДУБАЙ(ДУБАЙ ИНТЛ.),30,Y(А12),23:49,1631,2026-09-12 23:57:00,2026-09-13 00:00:00,,2026-09-13 00:00:00,2026-09-13 00:11:00,2026-09-13 00:00:00,2026-09-13 00:11:00,2026-09-13 00:12:00,,,2026-09-13 00:15:00,2026-09-13 00:20:00,,0.0,2026-09-13 00:10:00,2026-09-13 00:14:00,2026-09-13 00:10:00,2026-09-13 00:15:00,,,"Пельгуев Д., Соболь М. Ф.",flydubai,Выдача до 30 минут
2026-09-12,TK 409 ,321,СТАМБУЛ(СТАМБУЛ НЬЮ),19,Y(А09),23:51,3427,2026-09-12 23:58:00,2026-09-12 23:58:00,,2026-09-13 00:03:00,2026-09-13 00:26:00,2026-09-13 00:03:00,2026-09-13 00:26:00,2026-09-13 00:25:00,1.0,,2026-09-13 00:14:00,2026-09-13 00:29:00,,1.0,2026-09-13 00:06:00,2026-09-13 00:27:00,2026-09-13 00:25:00,2026-09-13 00:38:00,,,Федоров Н. В.,Turkish Airlines,Выдача от 30 до 40 минут
2026-09-12,PC 1576 ,32Щ,АНТАЛЬЯ,36,Y(А10),23:54,2736,2026-09-13 00:05:00,2026-09-13 00:06:00,,2026-09-13 00:07:00,2026-09-13 00:26:00,2026-09-13 00:07:00,2026-09-13 00:26:00,2026-09-13 00:27:00,,1.0,2026-09-13 00:18:00,2026-09-13 00:39:00,,4.0,2026-09-13 00:10:00,2026-09-13 00:18:00,2026-09-13 00:29:00,2026-09-13 00:39:00,,,Каламбеков У. О.,Pegasus,Выдача от 30 до 40 минут
2026-09-12,TK 3024 ,321,АНТАЛЬЯ,26,Y(А09),12:56,2729,2026-09-12 13:06:00,2026-09-12 13:08:00,,2026-09-12 13:07:00,2026-09-12 13:21:00,2026-09-12 13:07:00,2026-09-12 13:21:00,2026-09-12 13:28:00,,,2026-09-12 13:18:00,2026-09-12 13:27:00,,0.0,2026-09-12 13:15:00,2026-09-12 13:18:00,2026-09-12 13:24:00,2026-09-12 13:27:00,,,Хушвактов П. З.,Turkish Airlines,Выдача до 30 минут
2026-09-12,J2 803 ,320,БАКУ(ИМ. ГЕЙДАРА АЛИЕВА),26,Y(А09),22:21,1962,2026-09-12 22:33:00,2026-09-12 22:37:00,1.0,2026-09-12 22:37:00,2026-09-12 22:53:00,2026-09-12 22:37:00,2026-09-12 22:53:00,2026-09-12 22:50:00,3.0,3.0,2026-09-12 22:47:00,2026-09-12 23:00:00,,0.0,2026-09-12 22:44:00,2026-09-12 22:47:00,2026-09-12 22:55:00,2026-09-12 22:59:00,,,Хушвактов П. З.,AZAL,Выдача до 30 минут
2026-09-12,ДР 466 ,73Х,УЛЬЯНОВСК(БАРАТАЕВКА),48,Y(А08),22:18,363,2026-09-12 22:23:00,2026-09-12 22:26:00,,2026-09-12 22:27:00,2026-09-12 22:32:00,2026-09-12 22:27:00,2026-09-12 22:32:00,2026-09-12 22:29:00,3.0,3.0,2026-09-12 22:39:00,2026-09-12 22:41:00,,0.0,2026-09-12 22:33:00,2026-09-12 22:39:00,,,,,Давлатов Б. Ч.,Победа,Выдача до 30 минут
2026-09-12,PBD 860 ,73Х,АНТАЛЬЯ,46,Y(А12),22:16,1414,2026-09-12 22:21:00,2026-09-12 22:22:00,,2026-09-12 22:24:00,2026-09-12 22:34:00,2026-09-12 22:24:00,2026-09-12 22:34:00,2026-09-12 22:34:00,,1.0,2026-09-12 22:37:00,2026-09-12 22:44:00,,0.0,2026-09-12 22:30:00,2026-09-12 22:38:00,2026-09-12 22:45:00,2026-09-12 22:46:00,,,Шарипов Д. А.,Победа,Выдача до 30 минут
2026-09-12,ЮТ 784 ,73Х,АНТАЛЬЯ,16,Y(А10),22:14,1788,2026-09-12 22:19:00,2026-09-12 22:22:00,,2026-09-12 22:23:00,2026-09-12 22:42:00,2026-09-12 22:23:00,2026-09-12 22:42:00,2026-09-12 22:35:00,7.0,7.0,2026-09-12 22:38:00,2026-09-12 22:51:00,,2.0,2026-09-12 22:32:00,2026-09-12 22:37:00,2026-09-12 22:44:00,2026-09-12 22:49:00,,,Михайлов М. С.,Ютэйр,Выдача от 30 до 40 минут
2026-09-12,ХИ 9627 ,32Н,ФЕРГАНА(ФЕРГАНА ИНТЛ.),24,Y(А10),20:04,1832,2026-09-12 20:18:00,2026-09-12 20:16:00,-2.0,2026-09-12 20:19:00,2026-09-12 20:33:00,2026-09-12 20:19:00,2026-09-12 20:33:00,2026-09-12 20:34:00,,2.0,2026-09-12 20:29:00,2026-09-12 20:39:00,,0.0,2026-09-12 20:28:00,2026-09-12 20:30:00,2026-09-12 20:34:00,2026-09-12 20:39:00,,,Юрков С.,UZBEKISTAN AIRWAYS,Выдача до 30 минут
2026-09-12,TK 3060 ,321,АНТАЛЬЯ,25,Y(А13),23:57,2664,2026-09-13 00:07:00,2026-09-13 00:10:00,,2026-09-13 00:11:00,2026-09-13 00:29:00,2026-09-13 00:11:00,2026-09-13 00:29:00,2026-09-13 00:29:00,,,2026-09-13 00:25:00,2026-09-13 00:37:00,,0.0,2026-09-13 00:09:00,2026-09-13 00:25:00,2026-09-13 00:07:00,2026-09-13 00:41:00,,,Давлатов Б. Ч.,Turkish Airlines,Выдача до 30 минут
2026-09-12,ХИ 9609 ,32Н,ТЕРМЕЗ,25,Y(А12),20:06,1424,2026-09-12 20:25:00,2026-09-12 20:44:00,16.0,2026-09-12 20:27:00,2026-09-12 20:40:00,2026-09-12 20:27:00,2026-09-12 20:40:00,2026-09-12 20:38:00,2.0,4.0,2026-09-12 20:37:00,2026-09-12 20:44:00,,0.0,2026-09-12 20:26:00,2026-09-12 20:38:00,2026-09-12 20:39:00,2026-09-12 20:43:00,,,Музафаров А. С.,UZBEKISTAN AIRWAYS,Выдача до 30 минут
2026-09-12,ДР 160 ,7С8,КРАСНОДАР(ПАШКОВСКИЙ),49,Y(А07),20:10,615,2026-09-12 20:17:00,2026-09-12 20:20:00,,2026-09-12 20:23:00,2026-09-12 20:32:00,2026-09-12 20:23:00,2026-09-12 20:32:00,2026-09-12 20:25:00,7.0,5.0,2026-09-12 20:41:00,2026-09-12 20:44:00,,0.0,2026-09-12 20:35:00,2026-09-12 20:41:00,,,,,Литвин И. С.,Победа,Выдача до 30 минут
2026-09-12,ХИ 613 ,32Щ,ТАШКЕНТ(ТАШКЕНТ ИНТЛ.),23,Y(А09),20:15,2754,2026-09-12 20:27:00,2026-09-12 20:28:00,,2026-09-12 20:29:00,2026-09-12 20:45:00,2026-09-12 20:31:00,2026-09-12 20:45:00,2026-09-12 20:49:00,,,2026-09-12 20:40:00,2026-09-12 20:52:00,,0.0,2026-09-12 20:35:00,2026-09-12 20:40:00,2026-09-12 20:48:00,2026-09-12 20:52:00,,,"Шарипов Д. А., Шарипов К. А.",UZBEKISTAN AIRWAYS,Выдача до 30 минут
2026-09-12,ФВ 6181 ,СУ9,САНКТ-ПЕТЕРБУРГ(ПУЛКОВО),8,Y(А04),20:20,113,2026-09-12 20:28:00,2026-09-12 20:30:00,,2026-09-12 20:32:00,2026-09-12 20:35:00,2026-09-12 20:32:00,2026-09-12 20:35:00,2026-09-12 20:33:00,2.0,2.0,2026-09-12 20:39:00,2026-09-12 20:40:00,,0.0,2026-09-12 20:36:00,2026-09-12 20:41:00,,,,,Федоров Н. В.,Россия,Выдача до 30 минут
2026-09-12,FZ 975 ,7М8,ДУБАЙ(ДУБАЙ ИНТЛ.),29,Y(А10),20:22,2010,2026-09-12 20:33:00,2026-09-12 20:35:00,,2026-09-12 20:37:00,2026-09-12 20:55:00,2026-09-12 20:37:00,2026-09-12 20:55:00,2026-09-12 20:50:00,5.0,5.0,2026-09-12 20:48:00,2026-09-12 21:04:00,,1.0,2026-09-12 20:42:00,2026-09-12 20:45:00,2026-09-12 21:00:00,2026-09-12 21:04:00,,,Давлатов Б. Ч.,flydubai,Выдача от 30 до 40 минут
2026-09-12,PBD 736 ,73Х,ГАЗИПАША,48,Y(А11),20:31,1285,2026-09-12 20:37:00,2026-09-12 20:39:00,,2026-09-12 20:40:00,2026-09-12 20:49:00,2026-09-12 20:40:00,2026-09-12 20:49:00,2026-09-12 20:50:00,,,2026-09-12 20:54:00,2026-09-12 21:01:00,,0.0,2026-09-12 20:46:00,2026-09-12 20:55:00,2026-09-12 20:53:00,2026-09-12 20:59:00,,,Рябчевский В. О.,Победа,Выдача до 30 минут
2026-09-12,УР 512 ,75В,БОДРУМ(МИЛАС),18,Y(А13),19:28,1044,2026-09-12 19:40:00,2026-09-12 19:40:00,,2026-09-12 19:45:00,2026-09-12 19:54:00,2026-09-12 19:45:00,2026-09-12 19:54:00,2026-09-12 19:51:00,3.0,2.0,2026-09-12 19:55:00,2026-09-12 19:58:00,,0.0,2026-09-12 19:50:00,2026-09-12 19:55:00,,,,,Рябчевский В. О.,FLYONE Armenia,Выдача до 30 минут
2026-09-12,DV 815 ,7М8,АЛМАТЫ(АЛМАТЫ ИНТЛ.),20,Y(А13),20:34,1321,2026-09-12 20:43:00,2026-09-12 20:44:00,,2026-09-12 20:45:00,2026-09-12 20:55:00,2026-09-12 20:45:00,2026-09-12 20:55:00,2026-09-12 20:56:00,,1.0,2026-09-12 20:59:00,2026-09-12 21:08:00,,0.0,2026-09-12 20:53:00,2026-09-12 20:59:00,2026-09-12 21:01:00,2026-09-12 21:08:00,,,"Литвин И. С., Шамсов Б. С.",SCAT Airlines,Выдача до 30 минут
2026-09-12,NE 648 ,320,ШАРМ ЭЛЬ ШЕЙХ(ШАРМ ЭЛЬ ШЕЙХ ИНТЛ.),22,Y(А10),20:47,1560,2026-09-12 20:55:00,2026-09-12 20:58:00,,2026-09-12 21:00:00,2026-09-12 21:13:00,2026-09-12 21:00:00,2026-09-12 21:13:00,2026-09-12 21:09:00,4.0,3.0,2026-09-12 21:13:00,2026-09-12 21:21:00,,0.0,2026-09-12 21:05:00,2026-09-12 21:09:00,2026-09-12 21:15:00,2026-09-12 21:20:00,,,Соболь М. Ф.,Nesma Airlines,Выдача до 30 минут
2026-09-12,ФВ 6183 ,СУ9,САНКТ-ПЕТЕРБУРГ(ПУЛКОВО),9,Y(А04),21:04,120,2026-09-12 21:14:00,2026-09-12 21:15:00,,2026-09-12 21:18:00,2026-09-12 21:22:00,2026-09-12 21:18:00,2026-09-12 21:22:00,2026-09-12 21:19:00,3.0,3.0,2026-09-12 21:25:00,2026-09-12 21:26:00,,0.0,2026-09-12 21:22:00,2026-09-12 21:25:00,,,,,Черкас В. А.,Россия,Выдача до 30 минут
2026-09-12,ЖГ 926 ,73Х,ТБИЛИСИ(ТБИЛИСИ ИНТЛ.),27,Y(А09),21:21,1910,2026-09-12 21:28:00,2026-09-12 21:30:00,,2026-09-12 21:31:00,2026-09-12 21:43:00,2026-09-12 21:31:00,2026-09-12 21:43:00,2026-09-12 21:45:00,,,2026-09-12 21:40:00,2026-09-12 21:54:00,,0.0,2026-09-12 21:37:00,2026-09-12 21:41:00,2026-09-12 21:49:00,2026-09-12 21:55:00,,,Пельгуев Д.,GEORGIAN AIRWAYS,Выдача до 30 минут
2026-09-12,ДР 994 ,7С8,СТАМБУЛ(СТАМБУЛ НЬЮ),47,Y(А12),21:26,1100,2026-09-12 21:31:00,2026-09-12 21:33:00,,2026-09-12 21:34:00,2026-09-12 21:41:00,2026-09-12 21:34:00,2026-09-12 21:41:00,2026-09-12 21:42:00,,,2026-09-12 21:51:00,2026-09-12 21:55:00,,0.0,2026-09-12 21:45:00,2026-09-12 21:54:00,,,,,Демчук Д. П.,Победа,Выдача до 30 минут
2026-09-12,ДР 116 ,7С8,СОЧИ,44,Y(А06),21:38,971,2026-09-12 21:46:00,2026-09-12 21:47:00,,2026-09-12 21:49:00,2026-09-12 21:58:00,2026-09-12 21:49:00,2026-09-12 21:58:00,2026-09-12 21:56:00,2.0,3.0,2026-09-12 22:11:00,2026-09-12 22:15:00,,0.0,2026-09-12 22:01:00,2026-09-12 22:10:00,,,,,Каламбеков У. О.,Победа,Выдача до 30 минут
2026-09-12,FZ 967 ,7М8,ДУБАЙ(ДУБАЙ ИНТЛ.),30,Y(А10),21:42,2223,2026-09-12 21:50:00,2026-09-12 21:53:00,,2026-09-12 21:53:00,2026-09-12 22:16:00,2026-09-12 21:53:00,2026-09-12 22:16:00,2026-09-12 22:09:00,7.0,8.0,2026-09-12 22:06:00,2026-09-12 22:24:00,,4.0,2026-09-12 22:02:00,2026-09-12 22:06:00,2026-09-12 22:20:00,2026-09-12 22:25:00,,,Дубинский В. Д.,flydubai,Выдача от 30 до 40 минут
2026-09-12,ЮВ 301 ,ЦР2,БУГУЛЬМА,45,Y(А07),21:47,474,2026-09-12 21:58:00,2026-09-12 21:59:00,,2026-09-12 22:01:00,2026-09-12 22:04:00,2026-09-12 22:01:00,2026-09-12 22:04:00,2026-09-12 22:05:00,,,2026-09-12 22:11:00,2026-09-12 22:15:00,,0.0,2026-09-12 22:06:00,2026-09-12 22:13:00,,,,,Сыргаков Б. А.,ЮВТ АЭРО,Выдача до 30 минут
2026-09-12,УТА 6132 ,734,СУРГУТ,14,Y(А05),21:55,486,2026-09-12 22:03:00,2026-09-12 22:05:00,,2026-09-12 22:08:00,2026-09-12 22:13:00,2026-09-12 22:08:00,2026-09-12 22:13:00,2026-09-12 22:10:00,3.0,2.0,2026-09-12 22:19:00,2026-09-12 22:21:00,,0.0,2026-09-12 22:15:00,2026-09-12 22:19:00,,,,,Литвин И. С.,Ютэйр,Выдача до 30 минут
2026-09-12,ДР 404 ,7С8,ЕКАТЕРИНБУРГ(КОЛЬЦОВО),46,Y(А05),20:40,359,2026-09-12 20:47:00,2026-09-12 20:52:00,2.0,2026-09-12 20:51:00,2026-09-12 20:55:00,2026-09-12 20:51:00,2026-09-12 20:55:00,2026-09-12 20:53:00,2.0,2.0,2026-09-12 21:04:00,2026-09-12 21:06:00,,0.0,2026-09-12 20:58:00,2026-09-12 21:06:00,,,,,Каламбеков У. О.,Победа,Выдача до 30 минут
2026-09-12,NE 608 ,320,ХУРГАДА(ХУРГАДА ИНТЛ.),18,Y(А12),12:51,1831,2026-09-12 13:01:00,2026-09-12 13:08:00,4.0,2026-09-12 13:09:00,2026-09-12 13:24:00,2026-09-12 13:09:00,2026-09-12 13:24:00,2026-09-12 13:17:00,7.0,3.0,2026-09-12 13:24:00,2026-09-12 13:34:00,3.0,3.0,2026-09-12 13:19:00,2026-09-12 13:22:00,2026-09-12 13:30:00,2026-09-12 13:32:00,,,Соболь М. Ф.,Nesma Airlines,Выдача от 30 до 40 минут
2026-09-12,PC 1458 ,32Щ,ДАЛАМАН,21,Y(А09),05:58,2382,2026-09-12 06:10:00,2026-09-12 06:13:00,,2026-09-12 06:13:00,2026-09-12 06:30:00,2026-09-12 06:13:00,2026-09-12 06:30:00,2026-09-12 06:30:00,,1.0,2026-09-12 06:36:00,2026-09-12 06:38:00,6.0,0.0,2026-09-12 06:19:00,2026-09-12 06:28:00,2026-09-12 06:30:00,2026-09-12 06:34:00,,,"Вазиров Т. В., Дубинский В. Д.",Pegasus,Выдача до 30 минут
2026-09-12,УР 412 ,763,ДАЛАМАН,63,Y(А09),12:26,2831,2026-09-12 12:35:00,2026-09-12 12:37:00,,2026-09-12 12:38:00,2026-09-12 12:52:00,2026-09-12 12:38:00,2026-09-12 12:52:00,2026-09-12 12:58:00,,,2026-09-12 12:56:00,2026-09-12 13:01:00,,0.0,2026-09-12 12:47:00,2026-09-12 12:56:00,2026-09-12 12:46:00,2026-09-12 13:01:00,,,Шамсов Б. С.,FLYONE Armenia,Выдача до 30 минут
2026-09-12,TK 3006 ,32Б,АНТАЛЬЯ,20,Y(А10),02:18,2441,2026-09-12 02:27:00,2026-09-12 02:28:00,,2026-09-12 02:32:00,2026-09-12 02:45:00,2026-09-12 02:32:00,2026-09-12 02:45:00,2026-09-12 02:47:00,,,2026-09-12 02:46:00,2026-09-12 02:50:00,,0.0,2026-09-12 02:18:00,2026-09-12 02:46:00,2026-09-12 02:20:00,2026-09-12 02:54:00,,,Андреев А. М.,Turkish Airlines,Выдача до 30 минут
2026-09-12,PC 386 ,32Щ,СТАМБУЛ(САБИХА ГОКЦЕН),25,Y(А09),02:38,2843,2026-09-12 02:50:00,2026-09-12 02:50:00,,2026-09-12 02:53:00,2026-09-12 03:10:00,2026-09-12 02:55:00,2026-09-12 03:10:00,2026-09-12 03:13:00,,,2026-09-12 03:05:00,2026-09-12 03:13:00,,0.0,2026-09-12 03:02:00,2026-09-12 03:05:00,2026-09-12 03:12:00,2026-09-12 03:13:00,,,"Лаптев В. В., Тришкин А. В.",Pegasus,Выдача до 30 минут
2026-09-12,TK 3172 ,321,АНТАЛЬЯ,29,Y(А13),03:10,2252,2026-09-12 03:25:00,2026-09-12 03:28:00,,2026-09-12 03:28:00,2026-09-12 03:43:00,2026-09-12 03:28:00,2026-09-12 03:43:00,2026-09-12 03:44:00,,,2026-09-12 03:40:00,2026-09-12 03:51:00,,0.0,2026-09-12 03:34:00,2026-09-12 03:53:00,,,,,Аганин А. А.,Turkish Airlines,Выдача до 30 минут
2026-09-12,ХИ 9619A,320,НАМАНГАН,24,Y(А12),03:22,1575,2026-09-12 03:35:00,2026-09-12 03:38:00,,2026-09-12 03:39:00,2026-09-12 03:50:00,2026-09-12 03:39:00,2026-09-12 03:50:00,2026-09-12 03:50:00,,,2026-09-12 03:51:00,2026-09-12 04:01:00,,0.0,2026-09-12 03:47:00,2026-09-12 03:52:00,2026-09-12 03:53:00,2026-09-12 04:00:00,,,Соколов И. С.,UZBEKISTAN AIRWAYS,Выдача до 30 минут
2026-09-12,VF 587 ,73Х,АНКАРА(ЕСЕНБОГА),22,Y(А11),03:38,2493,2026-09-12 03:49:00,2026-09-12 03:51:00,,2026-09-12 03:51:00,2026-09-12 04:12:00,2026-09-12 03:51:00,2026-09-12 04:12:00,2026-09-12 04:10:00,2.0,4.0,2026-09-12 04:03:00,2026-09-12 04:18:00,,0.0,2026-09-12 04:14:00,2026-09-12 04:18:00,2026-09-12 03:58:00,2026-09-12 04:02:00,,,"Давлатов Б. Ч., Тихонов С. М.",AJET,Выдача до 30 минут
2026-09-12,PC 1456 ,32Щ,БОДРУМ(МИЛАС),21,Y(А09),03:46,2402,2026-09-12 03:55:00,2026-09-12 04:00:00,2.0,2026-09-12 04:01:00,2026-09-12 04:20:00,2026-09-12 04:01:00,2026-09-12 04:20:00,2026-09-12 04:15:00,5.0,3.0,2026-09-12 04:12:00,2026-09-12 04:26:00,,1.0,2026-09-12 04:08:00,2026-09-12 04:12:00,2026-09-12 04:20:00,2026-09-12 04:24:00,,,Лаптев В. В.,Pegasus,Выдача от 30 до 40 минут
2026-09-12,TK 3028A,321,АНТАЛЬЯ,26,Y(А10),04:09,2236,2026-09-12 04:21:00,2026-09-12 04:23:00,,2026-09-12 04:25:00,2026-09-12 04:43:00,2026-09-12 04:25:00,2026-09-12 04:43:00,2026-09-12 04:40:00,3.0,3.0,2026-09-12 04:37:00,2026-09-12 04:44:00,,0.0,2026-09-12 04:24:00,2026-09-12 04:44:00,,,,,Андреев А. М.,Turkish Airlines,Выдача до 30 минут
2026-09-12,VF 277 ,73Х,СТАМБУЛ(САБИХА ГОКЦЕН),20,Y(А09),04:24,2273,2026-09-12 04:34:00,2026-09-12 04:38:00,1.0,2026-09-12 04:38:00,2026-09-12 04:56:00,2026-09-12 04:38:00,2026-09-12 04:56:00,2026-09-12 04:53:00,3.0,3.0,2026-09-12 04:52:00,2026-09-12 05:07:00,,3.0,2026-09-12 04:46:00,2026-09-12 04:51:00,2026-09-12 04:58:00,2026-09-12 05:03:00,,,"Лаптев В. В., Фанин Н. О.",AJET,Выдача от 30 до 40 минут
2026-09-12,TK 419 ,333,СТАМБУЛ(СТАМБУЛ НЬЮ),23,Y(А10),04:28,4465,2026-09-12 04:44:00,2026-09-12 04:45:00,,2026-09-12 04:46:00,2026-09-12 05:08:00,2026-09-12 04:47:00,2026-09-12 05:08:00,2026-09-12 05:18:00,,,2026-09-12 04:59:00,2026-09-12 05:11:00,,0.0,2026-09-12 04:47:00,2026-09-12 05:08:00,2026-09-12 04:49:00,2026-09-12 05:14:00,,,"Тришкин А. В., Харитонов И. А.",Turkish Airlines,Выдача до 30 минут
2026-09-12,PC 390 ,32Щ,СТАМБУЛ(САБИХА ГОКЦЕН),25,Y(А09),04:33,1838,2026-09-12 04:43:00,2026-09-12 04:46:00,,2026-09-12 04:50:00,2026-09-12 05:03:00,2026-09-12 04:50:00,2026-09-12 05:03:00,2026-09-12 04:59:00,4.0,1.0,2026-09-12 05:07:00,2026-09-12 05:08:00,4.0,0.0,2026-09-12 04:57:00,2026-09-12 05:04:00,2026-09-12 05:05:00,2026-09-12 05:11:00,,,Иванов В. А.,Pegasus,Выдача до 30 минут
2026-09-12,NE 492 ,320,ХУРГАДА(ХУРГАДА ИНТЛ.),27,Y(А11),04:58,1722,2026-09-12 05:09:00,2026-09-12 05:11:00,,2026-09-12 05:14:00,2026-09-12 05:28:00,2026-09-12 05:14:00,2026-09-12 05:28:00,2026-09-12 05:24:00,4.0,3.0,2026-09-12 05:24:00,2026-09-12 05:33:00,,0.0,2026-09-12 05:19:00,2026-09-12 05:23:00,2026-09-12 05:29:00,2026-09-12 05:33:00,,,Кейта А. С.,Nesma Airlines,Выдача до 30 минут
2026-09-12,4S 317 ,73Х,ШАРМ ЭЛЬ ШЕЙХ(ШАРМ ЭЛЬ ШЕЙХ ИНТЛ.),30,Y(А12),05:03,2316,2026-09-12 05:18:00,2026-09-12 05:23:00,2.0,2026-09-12 05:20:00,2026-09-12 05:40:00,2026-09-12 05:23:00,2026-09-12 05:40:00,2026-09-12 05:37:00,3.0,2.0,2026-09-12 05:30:00,2026-09-12 05:41:00,,0.0,2026-09-12 05:26:00,2026-09-12 05:32:00,2026-09-12 05:37:00,2026-09-12 05:40:00,,,"Лесной Д. А., Тихонов С. М.",Red Sea,Выдача до 30 минут
2026-09-12,TK 407 ,32Б,СТАМБУЛ(СТАМБУЛ НЬЮ),22,Y(А10),05:36,3529,2026-09-12 05:46:00,2026-09-12 05:49:00,,2026-09-12 05:50:00,2026-09-12 06:15:00,2026-09-12 05:50:00,2026-09-12 06:15:00,2026-09-12 06:14:00,1.0,1.0,2026-09-12 06:06:00,2026-09-12 06:16:00,,0.0,2026-09-12 05:59:00,2026-09-12 06:29:00,2026-09-12 05:57:00,2026-09-12 06:16:00,,,Иванов В. А.,Turkish Airlines,Выдача до 30 минут
2026-09-12,ДР 998 ,7С8,САМАРКАНД(САМАРКАНД ИНТЛ.),47,Y(А11),05:43,387,2026-09-12 05:50:00,2026-09-12 05:53:00,,2026-09-12 05:52:00,2026-09-12 05:54:00,2026-09-12 05:52:00,2026-09-12 05:54:00,2026-09-12 05:57:00,,,2026-09-12 06:02:00,2026-09-12 06:05:00,,0.0,2026-09-12 05:56:00,2026-09-12 06:02:00,,,,,Соколов И. С.,Победа,Выдача до 30 минут
2026-09-12,ЮТ 786 ,762,ЕРЕВАН(ЗВАРТНОЦ ИНТЛ),19,Y(А13),05:53,1650,2026-09-12 06:04:00,2026-09-12 06:08:00,1.0,2026-09-12 06:07:00,2026-09-12 06:20:00,2026-09-12 06:07:00,2026-09-12 06:20:00,2026-09-12 06:19:00,1.0,2.0,2026-09-12 06:25:00,2026-09-12 06:32:00,1.0,0.0,2026-09-12 06:28:00,2026-09-12 06:29:00,,,,,Андреев А. М.,Ютэйр,Выдача до 30 минут
2026-09-12,ДР 210B,7С8,САНКТ-ПЕТЕРБУРГ(ПУЛКОВО),48,Y(А04),06:45,119,2026-09-12 06:49:00,2026-09-12 06:54:00,2.0,2026-09-12 06:54:00,2026-09-12 06:56:00,2026-09-12 06:54:00,2026-09-12 06:56:00,2026-09-12 06:54:00,2.0,1.0,2026-09-12 07:02:00,2026-09-12 07:03:00,,0.0,2026-09-12 06:56:00,2026-09-12 07:02:00,,,,,Фанин Н. О.,Победа,Выдача до 30 минут
2026-09-12,NE 614 ,320,ХУРГАДА(ХУРГАДА ИНТЛ.),27,Y(А10),07:18,1902,2026-09-12 07:30:00,2026-09-12 07:31:00,,2026-09-12 07:35:00,2026-09-12 07:50:00,2026-09-12 07:35:00,2026-09-12 07:50:00,2026-09-12 07:47:00,3.0,2.0,2026-09-12 07:45:00,2026-09-12 07:56:00,,0.0,2026-09-12 07:42:00,2026-09-12 07:45:00,2026-09-12 07:53:00,2026-09-12 07:57:00,,,Пельгуев Д.,Nesma Airlines,Выдача до 30 минут
2026-09-12,ДР 968 ,73Х,МИНСК(МИНСК ИНТЛ.),50,Y(А13),01:43,279,2026-09-12 01:51:00,2026-09-12 01:55:00,1.0,2026-09-12 01:55:00,2026-09-12 01:58:00,2026-09-12 01:55:00,2026-09-12 01:58:00,2026-09-12 01:57:00,1.0,1.0,2026-09-12 02:08:00,2026-09-12 02:09:00,,0.0,2026-09-12 02:03:00,2026-09-12 02:06:00,,,,,Вазиров Т. В.,Победа,Выдача до 30 минут
2026-09-12,J2 809 ,763,БАКУ(ИМ. ГЕЙДАРА АЛИЕВА),19,Y(А09),01:38,2739,2026-09-12 01:51:00,2026-09-12 01:55:00,1.0,2026-09-12 01:55:00,2026-09-12 02:13:00,2026-09-12 01:58:00,2026-09-12 02:13:00,2026-09-12 02:13:00,,,2026-09-12 02:18:00,2026-09-12 02:28:00,7.0,7.0,2026-09-12 01:58:00,2026-09-12 02:18:00,2026-09-12 01:50:00,2026-09-12 02:17:00,,,"Демчук Д. П., Иванов В. А.",AZAL,Выдача от 30 до 40 минут
2026-09-12,ДР 206B,73Х,САНКТ-ПЕТЕРБУРГ(ПУЛКОВО),48,Y(А04),01:33,259,2026-09-12 01:43:00,2026-09-12 01:43:00,,2026-09-12 01:46:00,2026-09-12 01:48:00,2026-09-12 01:46:00,2026-09-12 01:48:00,2026-09-12 01:49:00,,,2026-09-12 01:56:00,2026-09-12 01:58:00,,0.0,2026-09-12 01:51:00,2026-09-12 01:57:00,,,,,Тришкин А. В.,Победа,Выдача до 30 минут
2026-09-12,А4 7010P,СУ9,ТБИЛИСИ(ТБИЛИСИ ИНТЛ.),28,Y(А11),01:29,860,2026-09-12 01:42:00,2026-09-12 01:42:00,,2026-09-12 01:44:00,2026-09-12 01:50:00,2026-09-12 01:48:00,2026-09-12 01:50:00,2026-09-12 01:52:00,,,2026-09-12 01:57:00,2026-09-12 01:59:00,,0.0,2026-09-12 01:53:00,2026-09-12 01:58:00,,,,,"Фанин Н. О., Харитонов И. А.",Азимут,Выдача до 30 минут
2026-09-12,ФВ 6009 ,СУ9,САНКТ-ПЕТЕРБУРГ(ПУЛКОВО),8,Y(А04),12:31,227,2026-09-12 12:42:00,2026-09-12 12:45:00,,2026-09-12 12:47:00,2026-09-12 12:50:00,2026-09-12 12:47:00,2026-09-12 12:50:00,2026-09-12 12:48:00,2.0,1.0,2026-09-12 12:52:00,2026-09-12 12:53:00,,0.0,2026-09-12 12:50:00,2026-09-12 12:52:00,,,,,Фозылов Б. З.,Россия,Выдача до 30 минут
2026-09-12,ДР 264 ,7С8,КАЛИНИНГРАД(ХРАБРОВО),48,Y(А05),00:02,541,2026-09-12 00:11:00,2026-09-12 00:13:00,,2026-09-12 00:14:00,2026-09-12 00:19:00,2026-09-12 00:14:00,2026-09-12 00:19:00,2026-09-12 00:19:00,,1.0,2026-09-12 00:28:00,2026-09-12 00:29:00,,0.0,2026-09-12 00:20:00,2026-09-12 00:27:00,,,,,Омурбек У. Б.,Победа,Выдача до 30 минут
2026-09-12,TK 3084 ,321,ДАЛАМАН,25,Y(А11),00:07,2366,2026-09-12 00:26:00,2026-09-12 00:28:00,,2026-09-12 00:27:00,2026-09-12 00:45:00,2026-09-12 00:27:00,2026-09-12 00:45:00,2026-09-12 00:46:00,,2.0,2026-09-12 00:41:00,2026-09-12 00:57:00,,1.0,2026-09-12 00:15:00,2026-09-12 00:54:00,,,,,Харитонов И. А.,Turkish Airlines,Выдача от 30 до 40 минут
2026-09-12,ФВ 6189 ,СУ9,САНКТ-ПЕТЕРБУРГ(ПУЛКОВО),9,Y(А04),00:10,109,2026-09-12 00:19:00,2026-09-12 00:24:00,2.0,2026-09-12 00:29:00,2026-09-12 00:31:00,2026-09-12 00:29:00,2026-09-12 00:31:00,2026-09-12 00:24:00,7.0,1.0,2026-09-12 00:34:00,2026-09-12 00:35:00,,0.0,2026-09-12 00:31:00,2026-09-12 00:33:00,,,,,Тришкин А. В.,Россия,Выдача до 30 минут
2026-09-12,VF 275 ,73Х,СТАМБУЛ(САБИХА ГОКЦЕН),37,Y(А10),00:14,2246,2026-09-12 00:22:00,2026-09-12 00:25:00,,2026-09-12 00:26:00,2026-09-12 01:03:00,2026-09-12 00:26:00,2026-09-12 01:03:00,2026-09-12 00:41:00,22.0,22.0,2026-09-12 00:43:00,2026-09-12 01:11:00,,19.0,2026-09-12 00:21:00,2026-09-12 00:42:00,2026-09-12 00:52:00,2026-09-12 01:11:00,,,Коляскин А. Г.,AJET,Выдача более 40 минут
2026-09-12,ХИ 605 ,320,САМАРКАНД(САМАРКАНД ИНТЛ.),18,Y(А12),00:21,1556,2026-09-12 00:32:00,2026-09-12 00:36:00,1.0,2026-09-12 00:36:00,2026-09-12 00:47:00,2026-09-12 00:36:00,2026-09-12 00:47:00,2026-09-12 00:46:00,1.0,1.0,2026-09-12 00:48:00,2026-09-12 00:58:00,,0.0,2026-09-12 00:41:00,2026-09-12 00:46:00,2026-09-12 00:37:00,2026-09-12 00:57:00,,,Тихонов С. М.,UZBEKISTAN AIRWAYS,Выдача до 30 минут
2026-09-12,ЮТ 1376 ,735,СЫКТЫВКАР,17,Y(А08),00:25,369,2026-09-12 00:34:00,2026-09-12 00:37:00,,2026-09-12 00:38:00,2026-09-12 00:42:00,2026-09-12 00:38:00,2026-09-12 00:42:00,2026-09-12 00:40:00,2.0,2.0,2026-09-12 00:47:00,2026-09-12 00:49:00,,0.0,2026-09-12 00:43:00,2026-09-12 00:47:00,,,,,Семиченков С. А.,Ютэйр,Выдача до 30 минут
2026-09-12,PC 1521 ,32Н,ИЗМИР(АДНАН МЕНДЕРЕС),37A,Y(А12),00:32,2302,2026-09-12 00:39:00,2026-09-12 00:41:00,,2026-09-12 00:43:00,2026-09-12 01:02:00,2026-09-12 00:43:00,2026-09-12 01:02:00,2026-09-12 00:58:00,4.0,4.0,2026-09-12 01:02:00,2026-09-12 01:16:00,,7.0,2026-09-12 00:54:00,2026-09-12 01:02:00,2026-09-12 00:50:00,2026-09-12 01:14:00,,,Соколов И. С.,Pegasus,Выдача от 30 до 40 минут
2026-09-12,ДР 208 ,7С8,САНКТ-ПЕТЕРБУРГ(ПУЛКОВО),49,Y(А04),07:20,160,2026-09-12 07:26:00,2026-09-12 07:30:00,1.0,2026-09-12 07:29:00,2026-09-12 07:31:00,2026-09-12 07:29:00,2026-09-12 07:31:00,2026-09-12 07:31:00,,1.0,2026-09-12 07:37:00,2026-09-12 07:38:00,,0.0,2026-09-12 07:32:00,2026-09-12 07:36:00,,,,,Федоров Н. В.,Победа,Выдача до 30 минут
2026-09-12,TK 3002 ,321,АНТАЛЬЯ,29,Y(А13),00:38,2574,2026-09-12 00:52:00,2026-09-12 00:55:00,,2026-09-12 00:57:00,2026-09-12 01:10:00,2026-09-12 00:57:00,2026-09-12 01:10:00,2026-09-12 01:13:00,,,2026-09-12 01:09:00,2026-09-12 01:15:00,,0.0,2026-09-12 00:41:00,2026-09-12 01:06:00,2026-09-12 00:46:00,2026-09-12 01:19:00,,,Андреев А. М.,Turkish Airlines,Выдача до 30 минут
2026-09-12,ФВ 6185 ,СУ9,САНКТ-ПЕТЕРБУРГ(ПУЛКОВО),8,Y(А04),00:44,37,2026-09-12 01:00:00,2026-09-12 01:01:00,,2026-09-12 01:04:00,2026-09-12 01:05:00,2026-09-12 01:04:00,2026-09-12 01:05:00,2026-09-12 01:04:00,1.0,1.0,2026-09-12 01:08:00,2026-09-12 01:09:00,,0.0,2026-09-12 01:07:00,2026-09-12 01:10:00,,,,,Лаптев В. В.,Россия,Выдача до 30 минут
2026-09-12,ЮТ 358 ,73Х,САМАРА(КУРУМОЧ),11,Y(А05),00:49,310,2026-09-12 01:07:00,2026-09-12 01:09:00,,2026-09-12 01:32:00,2026-09-12 01:34:00,2026-09-12 01:32:00,2026-09-12 01:34:00,2026-09-12 01:13:00,21.0,,2026-09-12 01:37:00,2026-09-12 01:38:00,10.0,1.0,2026-09-12 01:35:00,2026-09-12 01:38:00,,,,,Лесной Д. А.,Ютэйр,Выдача от 30 до 40 минут
2026-09-12,TK 3036 ,32Б,АНТАЛЬЯ,27,Y(А09),00:51,2451,2026-09-12 01:01:00,2026-09-12 01:03:00,,2026-09-12 01:05:00,2026-09-12 01:21:00,2026-09-12 01:05:00,2026-09-12 01:21:00,2026-09-12 01:21:00,,,2026-09-12 01:18:00,2026-09-12 01:25:00,,0.0,2026-09-12 00:38:00,2026-09-12 01:22:00,2026-09-12 00:52:00,2026-09-12 01:25:00,,,Аганин А. А.,Turkish Airlines,Выдача до 30 минут
2026-09-12,ЮТ 374F,734,МИНЕРАЛЬНЫЕ ВОДЫ,16,Y(А06),00:56,815,2026-09-12 01:03:00,2026-09-12 01:05:00,,2026-09-12 01:10:00,2026-09-12 01:17:00,2026-09-12 01:10:00,2026-09-12 01:17:00,2026-09-12 01:12:00,5.0,2.0,2026-09-12 01:24:00,2026-09-12 01:27:00,1.0,0.0,2026-09-12 01:19:00,2026-09-12 01:23:00,,,,,Вазиров Т. В.,Ютэйр,Выдача до 30 минут
2026-09-12,TK 3014 ,321,АНТАЛЬЯ,23,Y(А09),01:00,3052,2026-09-12 01:13:00,2026-09-12 01:13:00,,2026-09-12 01:20:00,2026-09-12 01:36:00,2026-09-12 01:20:00,2026-09-12 01:36:00,2026-09-12 01:37:00,,,2026-09-12 01:31:00,2026-09-12 01:43:00,,0.0,2026-09-12 00:53:00,2026-09-12 01:31:00,2026-09-12 00:55:00,2026-09-12 01:52:00,,,Попов А. И.,Turkish Airlines,Выдача до 30 минут
2026-09-12,TK 421 ,333,СТАМБУЛ(СТАМБУЛ НЬЮ),22,Y(А10),01:05,4352,2026-09-12 01:23:00,2026-09-12 01:26:00,,2026-09-12 01:29:00,2026-09-12 01:44:00,2026-09-12 01:36:00,2026-09-12 01:44:00,2026-09-12 01:56:00,,,2026-09-12 01:35:00,2026-09-12 01:48:00,,0.0,2026-09-12 01:36:00,2026-09-12 01:48:00,2026-09-12 01:28:00,2026-09-12 01:53:00,,,"Дубинский В. Д., Хушвактов П. З.",Turkish Airlines,Выдача до 30 минут
2026-09-12,TK 3154 ,321,БОДРУМ(МИЛАС),21,Y(А12),01:12,2497,2026-09-12 01:24:00,2026-09-12 01:28:00,1.0,2026-09-12 01:26:00,2026-09-12 01:43:00,2026-09-12 01:26:00,2026-09-12 01:43:00,2026-09-12 01:45:00,,,2026-09-12 01:31:00,2026-09-12 01:45:00,,0.0,2026-09-12 01:14:00,2026-09-12 01:41:00,2026-09-12 01:22:00,2026-09-12 01:49:00,,,Харитонов И. А.,Turkish Airlines,Выдача до 30 минут
2026-09-12,FZ 965 ,7М8,ДУБАЙ(ДУБАЙ ИНТЛ.),30,Y(А10),01:17,2307,2026-09-12 01:29:00,2026-09-12 01:31:00,,2026-09-12 01:33:00,2026-09-12 01:52:00,2026-09-12 01:33:00,2026-09-12 01:52:00,2026-09-12 01:48:00,4.0,4.0,2026-09-12 01:46:00,2026-09-12 01:58:00,,0.0,2026-09-12 01:37:00,2026-09-12 01:46:00,2026-09-12 01:39:00,2026-09-12 01:57:00,,,Юрков С.,flydubai,Выдача до 30 минут
2026-09-12,ДР 994B,73Х,СТАМБУЛ(СТАМБУЛ НЬЮ),49,Y(А11),00:40,1342,2026-09-12 00:46:00,2026-09-12 00:48:00,,2026-09-12 00:50:00,2026-09-12 00:58:00,2026-09-12 00:50:00,2026-09-12 00:58:00,2026-09-12 00:59:00,,,2026-09-12 01:02:00,2026-09-12 01:09:00,,0.0,2026-09-12 00:55:00,2026-09-12 01:02:00,2026-09-12 00:59:00,2026-09-12 01:08:00,,,Демчук Д. П.,Победа,Выдача до 30 минут
2026-09-12,AZO 7072 ,СУ9,КУТАИСИ(КУТАИСИ ИНТЛ.),28,Y(А11),07:27,1372,2026-09-12 07:36:00,2026-09-12 07:37:00,,2026-09-12 07:40:00,2026-09-12 07:51:00,2026-09-12 07:40:00,2026-09-12 07:51:00,2026-09-12 07:49:00,2.0,2.0,2026-09-12 07:50:00,2026-09-12 07:55:00,,0.0,2026-09-12 07:47:00,2026-09-12 07:50:00,2026-09-12 07:53:00,2026-09-12 07:55:00,,,Скулов Е. С.,GEORGIAN AIRWAYS,Выдача до 30 минут
2026-09-12,TK 217 ,321,АНТАЛЬЯ,20,Y(А09),00:04,1875,2026-09-12 00:22:00,2026-09-12 00:23:00,,2026-09-12 00:24:00,2026-09-12 00:34:00,2026-09-12 00:24:00,2026-09-12 00:34:00,2026-09-12 00:39:00,,,2026-09-12 00:39:00,2026-09-12 00:43:00,,0.0,2026-09-12 00:13:00,2026-09-12 00:43:00,,,,,Михайлов М. С.,Turkish Airlines,Выдача до 30 минут
2026-09-12,NE 606 ,320,ХУРГАДА(ХУРГАДА ИНТЛ.),26,Y(А10),07:43,1883,2026-09-12 07:54:00,2026-09-12 07:57:00,,2026-09-12 07:58:00,2026-09-12 08:09:00,2026-09-12 07:58:00,2026-09-12 08:09:00,2026-09-12 08:11:00,,,2026-09-12 08:06:00,2026-09-12 08:16:00,,0.0,2026-09-12 08:03:00,2026-09-12 08:06:00,2026-09-12 08:11:00,2026-09-12 08:16:00,,,Чеканов В. А.,Nesma Airlines,Выдача до 30 минут
2026-09-12,ДР 732 ,73Х,НУКУС,49,Y(А12),10:12,381,2026-09-12 10:23:00,2026-09-12 10:26:00,,2026-09-12 10:26:00,2026-09-12 10:30:00,2026-09-12 10:26:00,2026-09-12 10:30:00,2026-09-12 10:30:00,,1.0,2026-09-12 10:38:00,2026-09-12 10:41:00,,0.0,2026-09-12 10:31:00,2026-09-12 10:38:00,,,,,Минченко А. И.,Победа,Выдача до 30 минут
2026-09-12,ФВ 6005 ,СУ9,САНКТ-ПЕТЕРБУРГ(ПУЛКОВО),8,Y(А04),10:18,119,2026-09-12 10:32:00,2026-09-12 10:32:00,,2026-09-12 10:34:00,2026-09-12 10:36:00,2026-09-12 10:34:00,2026-09-12 10:36:00,2026-09-12 10:37:00,,1.0,2026-09-12 10:40:00,2026-09-12 10:41:00,,0.0,2026-09-12 10:38:00,2026-09-12 10:39:00,,,,,Аганин А. А.,Россия,Выдача до 30 минут
2026-09-12,ЮТ 356 ,73Х,ГРОЗНЫЙ(СЕВЕРНЫЙ),14,Y(А05),10:22,402,2026-09-12 10:32:00,2026-09-12 10:32:00,,2026-09-12 10:34:00,2026-09-12 10:38:00,2026-09-12 10:34:00,2026-09-12 10:38:00,2026-09-12 10:39:00,,1.0,2026-09-12 10:42:00,2026-09-12 10:43:00,,0.0,2026-09-12 10:39:00,2026-09-12 10:42:00,,,,,Фозылов Б. З.,Ютэйр,Выдача до 30 минут
2026-09-12,ДР 714 ,73Х,САМАРКАНД(САМАРКАНД ИНТЛ.),50,Y(А11),10:26,507,2026-09-12 10:33:00,2026-09-12 10:33:00,,2026-09-12 10:37:00,2026-09-12 10:40:00,2026-09-12 10:37:00,2026-09-12 10:40:00,2026-09-12 10:40:00,,,2026-09-12 10:49:00,2026-09-12 10:53:00,,0.0,2026-09-12 10:42:00,2026-09-12 10:49:00,,,,,Соболь М. Ф.,Победа,Выдача до 30 минут
2026-09-12,ВГ 2390 ,ЯК4,ВОЛОГДА,44,0,10:31,0,2026-09-12 10:36:00,2026-09-12 10:38:00,,2026-09-12 10:37:00,2026-09-12 10:40:00,2026-09-12 10:37:00,2026-09-12 10:40:00,,,3.0,,-1,,0.0,,,,,,,Каламбеков У. О.,Вологодское АП,Не определено
2026-09-12,ГЗП 262 ,СУ9,ЯМБУРГ,Б37,Y(А05),11:05,500,2026-09-12 11:12:00,2026-09-12 11:13:00,,2026-09-12 11:15:00,2026-09-12 11:17:00,2026-09-12 11:15:00,2026-09-12 11:17:00,2026-09-12 11:19:00,,,2026-09-12 11:38:00,2026-09-12 11:39:00,,0.0,2026-09-12 11:20:00,2026-09-12 11:38:00,,,,,Шамсов Б. С.,Газпром авиа,Выдача до 30 минут
2026-09-12,ФВ 6007 ,СУ9,САНКТ-ПЕТЕРБУРГ(ПУЛКОВО),9,Y(А04),11:15,200,2026-09-12 11:22:00,2026-09-12 11:23:00,,2026-09-12 11:27:00,2026-09-12 11:30:00,2026-09-12 11:27:00,2026-09-12 11:30:00,2026-09-12 11:27:00,3.0,2.0,2026-09-12 11:34:00,2026-09-12 11:35:00,,0.0,2026-09-12 11:30:00,2026-09-12 11:31:00,,,,,Фаёзов А. Р.,Россия,Выдача до 30 минут
2026-09-12,TC 422 ,788,ДАР-ЭС-САЛАМ(ДЖ. НИЕРЕРЕ ИНТЛ),22,Y(А10),11:30,3776,2026-09-12 11:42:00,2026-09-12 11:44:00,,2026-09-12 11:48:00,2026-09-12 12:16:00,2026-09-12 11:48:00,2026-09-12 12:16:00,2026-09-12 12:11:00,5.0,3.0,2026-09-12 12:13:00,2026-09-12 12:25:00,11.0,13.0,2026-09-12 11:48:00,2026-09-12 12:16:00,2026-09-12 12:19:00,2026-09-12 12:25:00,,,Рустамов М. А.,Не найдено,Выдача более 40 минут
2026-09-12,TK 3076 ,321,ДАЛАМАН,25,Y(А13),11:36,1954,2026-09-12 11:48:00,2026-09-12 11:51:00,,2026-09-12 11:51:00,2026-09-12 12:08:00,2026-09-12 11:51:00,2026-09-12 12:08:00,2026-09-12 12:05:00,3.0,4.0,2026-09-12 12:03:00,2026-09-12 12:15:00,,0.0,2026-09-12 12:15:00,2026-09-12 12:16:00,,,,,Кутейников А. В.,Turkish Airlines,Выдача до 30 минут
2026-09-12,TK 1231 ,321,АНТАЛЬЯ,20,Y(А12),11:41,1158,2026-09-12 11:47:00,2026-09-12 11:49:00,,2026-09-12 11:52:00,2026-09-12 12:03:00,2026-09-12 11:52:00,2026-09-12 12:03:00,2026-09-12 11:59:00,4.0,3.0,2026-09-12 12:08:00,2026-09-12 12:09:00,1.0,0.0,2026-09-12 11:52:00,2026-09-12 12:12:00,,,,,Гафуров О. Ф.,Turkish Airlines,Выдача до 30 минут
2026-09-12,TK 3070 ,321,АНТАЛЬЯ,21,Y(А09),11:44,2123,2026-09-12 11:54:00,2026-09-12 11:58:00,1.0,2026-09-12 11:59:00,2026-09-12 12:12:00,2026-09-12 11:59:00,2026-09-12 12:12:00,2026-09-12 12:12:00,,,2026-09-12 12:14:00,2026-09-12 12:18:00,,0.0,2026-09-12 12:06:00,2026-09-12 12:19:00,,,,,Саидов А. С.,Turkish Airlines,Выдача до 30 минут
2026-09-12,TK 3012 ,321,АНТАЛЬЯ,24,Y(А10),11:49,2642,2026-09-12 11:57:00,2026-09-12 11:59:00,,2026-09-12 12:01:00,2026-09-12 12:12:00,2026-09-12 12:01:00,2026-09-12 12:12:00,2026-09-12 12:19:00,,,2026-09-12 12:12:00,2026-09-12 12:23:00,,0.0,2026-09-12 12:05:00,2026-09-12 12:12:00,2026-09-12 12:12:00,2026-09-12 12:19:00,,,Федоров Н. В.,Turkish Airlines,Выдача до 30 минут
2026-09-12,IA 241 ,7М8,БАГДАД(БАГДАД ИНТЛ.),19,Y(А09),11:55,3096,2026-09-12 12:03:00,2026-09-12 12:05:00,,2026-09-12 12:05:00,2026-09-12 12:23:00,2026-09-12 12:05:00,2026-09-12 12:23:00,2026-09-12 12:28:00,,,2026-09-12 12:14:00,2026-09-12 12:29:00,,0.0,2026-09-12 12:11:00,2026-09-12 12:15:00,2026-09-12 12:24:00,2026-09-12 12:31:00,,,"Михайлов М. С., Пельгуев Д.",Iraqi Airways,Выдача до 30 минут
2026-09-12,ДР 116B,73Х,СОЧИ,47,Y(А05),12:03,1013,2026-09-12 12:10:00,2026-09-12 12:10:00,,2026-09-12 12:14:00,2026-09-12 12:24:00,2026-09-12 12:14:00,2026-09-12 12:24:00,2026-09-12 12:21:00,3.0,3.0,2026-09-12 12:38:00,2026-09-12 12:39:00,,0.0,2026-09-12 12:26:00,2026-09-12 12:31:00,,,,,Гафуров О. Ф.,Победа,Выдача до 30 минут
2026-09-12,ЖГ 932 ,73Х,ТБИЛИСИ(ТБИЛИСИ ИНТЛ.),29,Y(А09),12:06,1572,2026-09-12 12:13:00,2026-09-12 12:13:00,,2026-09-12 12:14:00,2026-09-12 12:28:00,2026-09-12 12:15:00,2026-09-12 12:28:00,2026-09-12 12:27:00,1.0,3.0,2026-09-12 12:36:00,2026-09-12 12:37:00,3.0,0.0,,,2026-09-12 12:25:00,2026-09-12 12:29:00,,,"Скулов Е. С., Чеканов В. А.",GEORGIAN AIRWAYS,Выдача до 30 минут
2026-09-12,ЖГ 936 ,73Х,ТБИЛИСИ(ТБИЛИСИ ИНТЛ.),30,Y(А13),12:09,1732,2026-09-12 12:16:00,2026-09-12 12:17:00,,2026-09-12 12:20:00,2026-09-12 12:31:00,2026-09-12 12:21:00,2026-09-12 12:31:00,2026-09-12 12:32:00,,,2026-09-12 12:29:00,2026-09-12 12:34:00,,0.0,2026-09-12 12:26:00,2026-09-12 12:29:00,2026-09-12 12:29:00,2026-09-12 12:33:00,,,"Конюхов Я. А., Фаёзов А. Р.",GEORGIAN AIRWAYS,Выдача до 30 минут
2026-09-12,ХИ 9607 ,32Н,БУХАРА(БУХАРА ИНТЛ.),23,Y(А09),07:40,1700,2026-09-12 07:51:00,2026-09-12 07:53:00,,2026-09-12 07:57:00,2026-09-12 08:11:00,2026-09-12 07:57:00,2026-09-12 08:11:00,2026-09-12 08:06:00,5.0,3.0,2026-09-12 08:06:00,2026-09-12 08:15:00,,0.0,2026-09-12 08:02:00,2026-09-12 08:06:00,2026-09-12 08:12:00,2026-09-12 08:15:00,,,Конюхов Я. А.,UZBEKISTAN AIRWAYS,Выдача до 30 минут
2026-09-12,AZO 7208 ,СУ9,ТБИЛИСИ(ТБИЛИСИ ИНТЛ.),28,Y(А10),10:08,806,2026-09-12 10:16:00,2026-09-12 10:18:00,,2026-09-12 10:22:00,2026-09-12 10:29:00,2026-09-12 10:22:00,2026-09-12 10:29:00,2026-09-12 10:25:00,4.0,2.0,2026-09-12 10:33:00,2026-09-12 10:34:00,,0.0,2026-09-12 10:30:00,2026-09-12 10:33:00,,,,,Хушвактов П. З.,GEORGIAN AIRWAYS,Выдача до 30 минут
2026-09-12,ДР 744 ,73Х,ОШ,47,Y(А13),09:53,367,2026-09-12 10:00:00,2026-09-12 10:01:00,,2026-09-12 10:01:00,2026-09-12 10:03:00,2026-09-12 10:01:00,2026-09-12 10:03:00,2026-09-12 10:06:00,,,2026-09-12 10:12:00,2026-09-12 10:13:00,,0.0,2026-09-12 10:05:00,2026-09-12 10:12:00,,,,,"Фаёзов А. Р., Федоров Н. В.",Победа,Выдача до 30 минут
2026-09-12,А4 7020 ,СУ9,САНКТ-ПЕТЕРБУРГ(ПУЛКОВО),45,Y(А04),12:14,59,2026-09-12 12:21:00,2026-09-12 12:22:00,,2026-09-12 12:29:00,2026-09-12 12:30:00,2026-09-12 12:29:00,2026-09-12 12:30:00,2026-09-12 12:25:00,5.0,1.0,2026-09-12 12:37:00,2026-09-12 12:38:00,,0.0,2026-09-12 12:32:00,2026-09-12 12:36:00,,,,,Литвин И. С.,Азимут,Выдача до 30 минут
2026-09-12,ФВ 6003 ,СУ9,САНКТ-ПЕТЕРБУРГ(ПУЛКОВО),9,Y(А04),09:28,426,2026-09-12 09:37:00,2026-09-12 09:40:00,,2026-09-12 09:42:00,2026-09-12 09:45:00,2026-09-12 09:42:00,2026-09-12 09:45:00,2026-09-12 09:44:00,1.0,,2026-09-12 09:54:00,2026-09-12 09:55:00,,0.0,2026-09-12 09:47:00,2026-09-12 09:49:00,,,,,Фанин Н. О.,Россия,Выдача до 30 минут
2026-09-12,В2 981 ,Е75,МИНСК(МИНСК ИНТЛ.),29,Y(А13),07:49,276,2026-09-12 07:56:00,2026-09-12 07:57:00,,2026-09-12 07:59:00,2026-09-12 08:03:00,2026-09-12 07:59:00,2026-09-12 08:03:00,2026-09-12 08:02:00,1.0,2.0,2026-09-12 08:05:00,2026-09-12 08:06:00,,0.0,2026-09-12 08:02:00,2026-09-12 08:05:00,,,,,Лаптев В. В.,Белавиа,Выдача до 30 минут
2026-09-12,ДР 712 ,73Х,САМАРКАНД(САМАРКАНД ИНТЛ.),48,Y(А11),09:49,557,2026-09-12 09:57:00,2026-09-12 09:57:00,,2026-09-12 10:00:00,2026-09-12 10:05:00,2026-09-12 10:00:00,2026-09-12 10:05:00,2026-09-12 10:05:00,,1.0,2026-09-12 10:13:00,2026-09-12 10:14:00,,0.0,2026-09-12 10:06:00,2026-09-12 10:13:00,,,,,Литвин И. С.,Победа,Выдача до 30 минут
2026-09-12,ХИ 9621 ,32Н,АНДИЖАН,25,Y(А09),07:52,1985,2026-09-12 08:06:00,2026-09-12 08:09:00,,2026-09-12 08:09:00,2026-09-12 08:24:00,2026-09-12 08:09:00,2026-09-12 08:24:00,2026-09-12 08:23:00,1.0,2.0,2026-09-12 08:20:00,2026-09-12 08:28:00,,0.0,2026-09-12 08:16:00,2026-09-12 08:19:00,2026-09-12 08:26:00,2026-09-12 08:29:00,,,Хушвактов П. З.,UZBEKISTAN AIRWAYS,Выдача до 30 минут
2026-09-12,ЮТ 454 ,73Х,ТЮМЕНЬ(РОЩИНО),11,Y(А06),07:56,870,2026-09-12 08:05:00,2026-09-12 08:07:00,,2026-09-12 08:08:00,2026-09-12 08:14:00,2026-09-12 08:08:00,2026-09-12 08:14:00,2026-09-12 08:15:00,,,2026-09-12 08:19:00,2026-09-12 08:22:00,,0.0,2026-09-12 08:16:00,2026-09-12 08:20:00,,,,,Фаёзов А. Р.,Ютэйр,Выдача до 30 минут
2026-09-12,ЮТ 364 ,73Х,УФА,24,Y(А05),08:01,544,2026-09-12 08:08:00,2026-09-12 08:10:00,,2026-09-12 08:17:00,2026-09-12 08:24:00,2026-09-12 08:17:00,2026-09-12 08:24:00,2026-09-12 08:16:00,8.0,3.0,2026-09-12 08:30:00,2026-09-12 08:33:00,,0.0,2026-09-12 08:25:00,2026-09-12 08:30:00,,,,,Рустамов М. А.,Ютэйр,Выдача до 30 минут
2026-09-12,ДР 742 ,73Х,ТАШКЕНТ(ТАШКЕНТ ИНТЛ.),47,Y(А11),08:04,537,2026-09-12 08:11:00,2026-09-12 08:13:00,,2026-09-12 08:16:00,2026-09-12 08:19:00,2026-09-12 08:16:00,2026-09-12 08:19:00,2026-09-12 08:19:00,,,2026-09-12 08:28:00,2026-09-12 08:29:00,,0.0,2026-09-12 08:21:00,2026-09-12 08:27:00,,,,,Михайлов М. С.,Победа,Выдача до 30 минут
2026-09-12,ЮТ 572 ,73Х,КРАСНОЯРСК,15,Y(А08),08:09,811,2026-09-12 08:16:00,2026-09-12 08:19:00,,2026-09-12 08:29:00,2026-09-12 08:35:00,2026-09-12 08:30:00,2026-09-12 08:35:00,2026-09-12 08:25:00,10.0,,2026-09-12 08:39:00,2026-09-12 08:40:00,3.0,0.0,2026-09-12 08:35:00,2026-09-12 08:38:00,,,,,"Аганин А. А., Гафуров О. Ф.",Ютэйр,Выдача до 30 минут
2026-09-12,ЮТ 808 ,73Х,БУХАРА(БУХАРА ИНТЛ.),20,Y(А12),08:19,975,2026-09-12 08:26:00,2026-09-12 08:29:00,,2026-09-12 08:31:00,2026-09-12 08:49:00,2026-09-12 08:31:00,2026-09-12 08:49:00,2026-09-12 08:37:00,12.0,11.0,2026-09-12 08:57:00,2026-09-12 08:58:00,11.0,2.0,2026-09-12 08:52:00,2026-09-12 08:58:00,,,,,Фанин Н. О.,Ютэйр,Выдача от 30 до 40 минут
2026-09-12,ЮТ 248 ,73Х,СУРГУТ,21,Y(А07),08:23,540,2026-09-12 08:32:00,2026-09-12 08:36:00,1.0,2026-09-12 08:35:00,2026-09-12 08:40:00,2026-09-12 08:35:00,2026-09-12 08:40:00,2026-09-12 08:40:00,,1.0,2026-09-12 08:45:00,2026-09-12 08:46:00,,0.0,2026-09-12 08:41:00,2026-09-12 08:45:00,,,,,Кутейников А. В.,Ютэйр,Выдача до 30 минут
2026-09-12,TK 413 ,333,СТАМБУЛ(СТАМБУЛ НЬЮ),23,Y(А10),12:20,3948,2026-09-12 12:41:00,2026-09-12 12:45:00,1.0,2026-09-12 12:44:00,2026-09-12 13:08:00,2026-09-12 12:44:00,2026-09-12 13:08:00,2026-09-12 13:11:00,,,2026-09-12 12:43:00,2026-09-12 13:01:00,,0.0,2026-09-12 12:53:00,2026-09-12 13:08:00,2026-09-12 13:08:00,2026-09-12 13:30:00,,,Федоров Н. В.,Turkish Airlines,Выдача до 30 минут
2026-09-12,ФВ 6051 ,СУ9,САНКТ-ПЕТЕРБУРГ(ПУЛКОВО),8,Y(А04),08:33,321,2026-09-12 08:41:00,2026-09-12 08:43:00,,2026-09-12 08:44:00,2026-09-12 08:47:00,2026-09-12 08:44:00,2026-09-12 08:47:00,2026-09-12 08:47:00,,1.0,2026-09-12 08:54:00,2026-09-12 08:55:00,,0.0,2026-09-12 08:49:00,2026-09-12 08:52:00,,,,,Каламбеков У. О.,Россия,Выдача до 30 минут
2026-09-12,ДР 730 ,7С8,ФЕРГАНА(ФЕРГАНА ИНТЛ.),44,Y(А11),08:29,300,2026-09-12 08:36:00,2026-09-12 08:37:00,,2026-09-12 08:40:00,2026-09-12 08:43:00,2026-09-12 08:40:00,2026-09-12 08:43:00,2026-09-12 08:42:00,1.0,1.0,2026-09-12 08:54:00,2026-09-12 08:55:00,,0.0,2026-09-12 08:48:00,2026-09-12 08:55:00,,,,,Литвин И. С.,Победа,Выдача до 30 минут
2026-09-12,J2 807 ,319,БАКУ(ИМ. ГЕЙДАРА АЛИЕВА),30,Y(А10),09:14,1459,2026-09-12 09:27:00,2026-09-12 09:28:00,,2026-09-12 09:31:00,2026-09-12 09:45:00,2026-09-12 09:31:00,2026-09-12 09:45:00,2026-09-12 09:41:00,4.0,4.0,2026-09-12 09:40:00,2026-09-12 09:48:00,,0.0,2026-09-12 09:37:00,2026-09-12 09:40:00,2026-09-12 09:45:00,2026-09-12 09:48:00,,,Чеканов В. А.,AZAL,Выдача до 30 минут
2026-09-12,ЮТ 560 ,73Х,МАХАЧКАЛА,16,Y(А07),09:06,845,2026-09-12 09:13:00,2026-09-12 09:14:00,,2026-09-12 09:19:00,2026-09-12 09:25:00,2026-09-12 09:19:00,2026-09-12 09:25:00,2026-09-12 09:23:00,2.0,,2026-09-12 09:30:00,2026-09-12 09:32:00,,0.0,2026-09-12 09:27:00,2026-09-12 09:30:00,,,,,Скулов Е. С.,Ютэйр,Выдача до 30 минут
2026-09-12,ЯМ 597 ,73Х,МИРНЫЙ,12,Y(А06),09:19,1763,2026-09-12 09:27:00,2026-09-12 09:30:00,,2026-09-12 09:30:00,2026-09-12 09:51:00,2026-09-12 09:30:00,2026-09-12 09:51:00,2026-09-12 09:43:00,8.0,9.0,2026-09-12 09:40:00,2026-09-12 09:56:00,,0.0,2026-09-12 09:38:00,2026-09-12 09:40:00,2026-09-12 09:52:00,2026-09-12 09:57:00,,,Михайлов М. С.,Алроса,Выдача до 30 минут
2026-09-12,ЮТ 352 ,735,ХАНТЫ-МАНСИЙСК,10,Y(А05),08:48,353,2026-09-12 08:55:00,2026-09-12 08:55:00,,2026-09-12 09:10:00,2026-09-12 09:15:00,2026-09-12 09:10:00,2026-09-12 09:15:00,2026-09-12 09:01:00,14.0,3.0,2026-09-12 09:18:00,2026-09-12 09:19:00,3.0,0.0,2026-09-12 09:15:00,2026-09-12 09:17:00,,,,,Саидов А. С.,Ютэйр,Выдача до 30 минут
2026-09-12,DV 809 ,738,АЛМАТЫ(АЛМАТЫ ИНТЛ.),19,Y(А13),08:39,1148,2026-09-12 08:49:00,2026-09-12 08:52:00,,2026-09-12 08:50:00,2026-09-12 08:57:00,2026-09-12 08:51:00,2026-09-12 08:57:00,2026-09-12 09:01:00,,,2026-09-12 09:07:00,2026-09-12 09:09:00,,0.0,2026-09-12 09:02:00,2026-09-12 09:07:00,,,,,"Минченко А. И., Федоров Н. В.",SCAT Airlines,Выдача до 30 минут
2026-09-12,ЯК 473 ,7С8,ЯКУТСК,13,Y(А06),08:43,1229,2026-09-12 08:51:00,2026-09-12 08:52:00,,2026-09-12 08:54:00,2026-09-12 09:03:00,2026-09-12 08:54:00,2026-09-12 09:03:00,2026-09-12 09:02:00,1.0,2.0,2026-09-12 09:11:00,2026-09-12 09:12:00,,0.0,2026-09-12 09:05:00,2026-09-12 09:10:00,,,,,Шамсов Б. С.,Якутия,Выдача до 30 минут
2026-09-12,3F 321 ,320,ЕРЕВАН(ЗВАРТНОЦ ИНТЛ),18,Y(А13),08:53,749,2026-09-12 08:59:00,2026-09-12 09:01:00,,2026-09-12 09:01:00,2026-09-12 09:04:00,2026-09-12 09:01:00,2026-09-12 09:04:00,2026-09-12 09:08:00,,,2026-09-12 09:12:00,2026-09-12 09:13:00,,0.0,2026-09-12 09:09:00,2026-09-12 09:13:00,,,,,"Соболь М. Ф., Фозылов Б. З.",FLYONE Armenia,Выдача до 30 минут
2026-09-13,PBD 980 ,7С8,АНТАЛЬЯ,49,Y(А11),17:15,1551,2026-09-13 17:22:00,2026-09-13 17:22:00,,2026-09-13 17:25:00,2026-09-13 17:36:00,2026-09-13 17:25:00,2026-09-13 17:36:00,2026-09-13 17:36:00,,1.0,2026-09-13 17:38:00,2026-09-13 17:49:00,,0.0,2026-09-13 17:32:00,2026-09-13 17:38:00,2026-09-13 17:38:00,2026-09-13 17:45:00,,,Екимов С. С.,Победа,Выдача до 30 минут
2026-09-13,3F 325 ,320,ЕРЕВАН(ЗВАРТНОЦ ИНТЛ),24,Y(А13),17:19,1405,2026-09-13 17:27:00,2026-09-13 17:27:00,,2026-09-13 17:30:00,2026-09-13 17:42:00,2026-09-13 17:30:00,2026-09-13 17:42:00,2026-09-13 17:40:00,2.0,3.0,2026-09-13 17:37:00,2026-09-13 17:46:00,,0.0,2026-09-13 17:35:00,2026-09-13 17:37:00,2026-09-13 17:36:00,2026-09-13 17:47:00,,,Гафуров О. Ф.,FLYONE Armenia,Выдача до 30 минут
2026-09-13,ФВ 6175 ,СУ9,САНКТ-ПЕТЕРБУРГ(ПУЛКОВО),8,Y(А04),17:21,289,2026-09-13 17:32:00,2026-09-13 17:35:00,,2026-09-13 17:37:00,2026-09-13 17:40:00,2026-09-13 17:37:00,2026-09-13 17:40:00,2026-09-13 17:38:00,2.0,1.0,2026-09-13 17:43:00,2026-09-13 17:45:00,,0.0,2026-09-13 17:42:00,2026-09-13 17:44:00,,,,,Саидов А. С.,Россия,Выдача до 30 минут
2026-09-13,ЮТ 596 ,73Е,УСИНСК,10,Y(А05),17:24,707,2026-09-13 17:29:00,2026-09-13 17:31:00,,2026-09-13 17:33:00,2026-09-13 17:42:00,2026-09-13 17:33:00,2026-09-13 17:42:00,2026-09-13 17:38:00,4.0,4.0,2026-09-13 17:46:00,2026-09-13 17:48:00,,0.0,2026-09-13 17:44:00,2026-09-13 17:46:00,,,,,Прохачев И. А.,Ютэйр,Выдача до 30 минут
2026-09-13,ЯМ 624 ,73Х,САНКТ-ПЕТЕРБУРГ(ПУЛКОВО),15,Y(А06),17:30,808,2026-09-13 17:37:00,2026-09-13 17:37:00,,2026-09-13 17:43:00,2026-09-13 17:48:00,2026-09-13 17:43:00,2026-09-13 17:48:00,2026-09-13 17:46:00,2.0,,2026-09-13 17:54:00,2026-09-13 17:57:00,,0.0,2026-09-13 17:50:00,2026-09-13 17:52:00,,,,,Фозылов Б. З.,Алроса,Выдача до 30 минут
2026-09-13,ДР 836 ,73Х,ГАЗИПАША,50,Y(А09),17:39,1768,2026-09-13 17:47:00,2026-09-13 17:51:00,1.0,2026-09-13 17:51:00,2026-09-13 18:04:00,2026-09-13 17:51:00,2026-09-13 18:04:00,2026-09-13 18:03:00,1.0,1.0,2026-09-13 18:03:00,2026-09-13 18:14:00,,0.0,2026-09-13 17:58:00,2026-09-13 18:03:00,2026-09-13 18:05:00,2026-09-13 18:11:00,,,Рустамов М. А.,Победа,Выдача до 30 минут
2026-09-13,AZO 7054 ,СУ9,БАТУМИ,26,Y(А12),17:42,885,2026-09-13 17:50:00,2026-09-13 17:53:00,,2026-09-13 17:53:00,2026-09-13 18:04:00,2026-09-13 17:53:00,2026-09-13 18:04:00,2026-09-13 18:00:00,4.0,5.0,2026-09-13 18:09:00,2026-09-13 18:13:00,,0.0,2026-09-13 18:05:00,2026-09-13 18:10:00,,,,,Додаров Ф. М.,GEORGIAN AIRWAYS,Выдача до 30 минут
2026-09-13,TK 415 ,32Б,СТАМБУЛ(СТАМБУЛ НЬЮ),22,Y(А10),18:18,2788,2026-09-13 18:27:00,2026-09-13 18:30:00,,2026-09-13 18:33:00,2026-09-13 18:54:00,2026-09-13 18:33:00,2026-09-13 18:54:00,2026-09-13 18:50:00,4.0,2.0,2026-09-13 18:48:00,2026-09-13 18:59:00,1.0,2.0,2026-09-13 18:43:00,2026-09-13 18:49:00,2026-09-13 18:47:00,2026-09-13 19:01:00,,,Конюхов Я. А.,Turkish Airlines,Выдача от 30 до 40 минут
2026-09-13,ЮТ 746 ,73Х,БАКУ(ИМ. ГЕЙДАРА АЛИЕВА),16,Y(А12),17:08,1617,2026-09-13 17:14:00,2026-09-13 17:16:00,,2026-09-13 17:17:00,2026-09-13 17:32:00,2026-09-13 17:17:00,2026-09-13 17:32:00,2026-09-13 17:29:00,3.0,4.0,2026-09-13 17:30:00,2026-09-13 17:37:00,,0.0,2026-09-13 17:25:00,2026-09-13 17:30:00,2026-09-13 17:33:00,2026-09-13 17:37:00,,,Фаёзов А. Р.,Ютэйр,Выдача до 30 минут
2026-09-13,ФВ 6177 ,СУ9,САНКТ-ПЕТЕРБУРГ(ПУЛКОВО),9,Y(А04),18:23,144,2026-09-13 18:30:00,2026-09-13 18:34:00,1.0,2026-09-13 18:36:00,2026-09-13 18:39:00,2026-09-13 18:36:00,2026-09-13 18:39:00,2026-09-13 18:35:00,4.0,2.0,2026-09-13 18:41:00,2026-09-13 18:42:00,,0.0,2026-09-13 18:40:00,2026-09-13 18:42:00,,,,,Екимов С. С.,Россия,Выдача до 30 минут
2026-09-13,ДР 190 ,7С8,МАХАЧКАЛА,47,Y(А05),18:30,766,2026-09-13 18:38:00,2026-09-13 18:40:00,,2026-09-13 18:40:00,2026-09-13 18:47:00,2026-09-13 18:40:00,2026-09-13 18:47:00,2026-09-13 18:47:00,,2.0,2026-09-13 18:53:00,2026-09-13 18:54:00,,0.0,2026-09-13 18:49:00,2026-09-13 18:53:00,,,,,Баташан В. Ю.,Победа,Выдача до 30 минут
2026-09-13,ЮТ 398 ,734,ГЕЛЕНДЖИК,13,Y(А07),18:33,783,2026-09-13 18:43:00,2026-09-13 18:44:00,,2026-09-13 18:46:00,2026-09-13 18:52:00,2026-09-13 18:46:00,2026-09-13 18:52:00,2026-09-13 18:52:00,,1.0,2026-09-13 18:58:00,2026-09-13 18:59:00,,0.0,2026-09-13 18:55:00,2026-09-13 18:59:00,,,,,Корнилов Н. А.,Ютэйр,Выдача до 30 минут
2026-09-13,ЮТ 802 ,762,ДУШАНБЕ(ДУШАНБЕ ИНТЛ.),64,Y(А09),18:40,3350,2026-09-13 18:55:00,2026-09-13 18:57:00,,2026-09-13 19:01:00,2026-09-13 19:20:00,2026-09-13 19:01:00,2026-09-13 19:20:00,2026-09-13 19:21:00,,,2026-09-13 19:23:00,2026-09-13 19:29:00,,4.0,2026-09-13 19:01:00,2026-09-13 19:23:00,2026-09-13 18:59:00,2026-09-13 19:29:00,,,Прохачев И. А.,Ютэйр,Выдача от 30 до 40 минут
2026-09-13,ЮТ 464 ,73Х,ТЮМЕНЬ(РОЩИНО),12,Y(А06),18:44,824,2026-09-13 18:54:00,2026-09-13 18:56:00,,2026-09-13 18:58:00,2026-09-13 19:04:00,2026-09-13 18:58:00,2026-09-13 19:04:00,2026-09-13 19:03:00,1.0,1.0,2026-09-13 19:11:00,2026-09-13 19:12:00,,0.0,2026-09-13 19:01:00,2026-09-13 19:12:00,,,,,Шамсов Б. С.,Ютэйр,Выдача до 30 минут
2026-09-13,ДР 856 ,7С8,ГЮМРИ(ШИРАК),49,Y(А13),18:55,1437,2026-09-13 19:01:00,2026-09-13 19:03:00,,2026-09-13 19:05:00,2026-09-13 19:15:00,2026-09-13 19:05:00,2026-09-13 19:15:00,2026-09-13 19:15:00,,,2026-09-13 19:17:00,2026-09-13 19:23:00,,0.0,2026-09-13 19:11:00,2026-09-13 19:16:00,2026-09-13 19:17:00,2026-09-13 19:25:00,,,Гафуров О. Ф.,Победа,Выдача до 30 минут
2026-09-13,ЮТ 400 ,73Х,ГРОЗНЫЙ(СЕВЕРНЫЙ),14,Y(А05),18:16,323,2026-09-13 18:25:00,2026-09-13 18:27:00,,2026-09-13 18:28:00,2026-09-13 18:31:00,2026-09-13 18:28:00,2026-09-13 18:31:00,2026-09-13 18:31:00,,1.0,2026-09-13 18:34:00,2026-09-13 18:35:00,,0.0,2026-09-13 18:31:00,2026-09-13 18:34:00,,,,,Фаёзов А. Р.,Ютэйр,Выдача до 30 минут
2026-09-13,В2 985 ,Е75,ГОМЕЛЬ,29,Y(А13),18:21,441,2026-09-13 18:27:00,2026-09-13 18:29:00,,2026-09-13 18:31:00,2026-09-13 18:34:00,2026-09-13 18:31:00,2026-09-13 18:34:00,2026-09-13 18:34:00,,,2026-09-13 18:39:00,2026-09-13 18:40:00,,0.0,2026-09-13 18:35:00,2026-09-13 18:39:00,,,,,Чеканов В. А.,Белавиа,Выдача до 30 минут
2026-09-13,ЖГ 926 ,73Х,ТБИЛИСИ(ТБИЛИСИ ИНТЛ.),30,Y(А09),15:47,1879,2026-09-13 15:55:00,2026-09-13 15:55:00,,2026-09-13 15:59:00,2026-09-13 16:15:00,2026-09-13 15:59:00,2026-09-13 16:15:00,2026-09-13 16:12:00,3.0,3.0,2026-09-13 16:07:00,2026-09-13 16:20:00,,0.0,2026-09-13 16:04:00,2026-09-13 16:07:00,2026-09-13 16:17:00,2026-09-13 16:20:00,,,Саидов А. С.,GEORGIAN AIRWAYS,Выдача до 30 минут
2026-09-13,ФВ 6037 ,СУ9,САНКТ-ПЕТЕРБУРГ(ПУЛКОВО),9,Y(А04),16:22,337,2026-09-13 16:30:00,2026-09-13 16:32:00,,2026-09-13 16:34:00,2026-09-13 16:38:00,2026-09-13 16:34:00,2026-09-13 16:38:00,2026-09-13 16:36:00,2.0,2.0,2026-09-13 16:40:00,2026-09-13 16:42:00,,0.0,2026-09-13 16:38:00,2026-09-13 16:40:00,,,,,Фозылов Б. З.,Россия,Выдача до 30 минут
2026-09-13,NE 608 ,320,ХУРГАДА(ХУРГАДА ИНТЛ.),18,Y(А11),13:10,1742,2026-09-13 13:23:00,2026-09-13 13:23:00,,2026-09-13 13:24:00,2026-09-13 13:41:00,2026-09-13 13:24:00,2026-09-13 13:41:00,2026-09-13 13:39:00,2.0,5.0,2026-09-13 13:40:00,2026-09-13 13:44:00,,0.0,2026-09-13 13:35:00,2026-09-13 13:43:00,2026-09-13 13:49:00,2026-09-13 13:55:00,,,Чеканов В. А.,Nesma Airlines,Выдача до 30 минут
2026-09-13,PBD 840 ,7С8,АНТАЛЬЯ,46,Y(А12),19:02,1376,2026-09-13 19:10:00,2026-09-13 19:14:00,1.0,2026-09-13 19:15:00,2026-09-13 19:26:00,2026-09-13 19:15:00,2026-09-13 19:26:00,2026-09-13 19:23:00,3.0,2.0,2026-09-13 19:30:00,2026-09-13 19:36:00,,0.0,2026-09-13 19:23:00,2026-09-13 19:30:00,2026-09-13 19:28:00,2026-09-13 19:35:00,,,Фозылов Б. З.,Победа,Выдача до 30 минут
2026-09-13,TK 417 ,321,СТАМБУЛ(СТАМБУЛ НЬЮ),20,Y(А09),13:13,2488,2026-09-13 13:23:00,2026-09-13 13:23:00,,2026-09-13 13:31:00,2026-09-13 13:43:00,2026-09-13 13:31:00,2026-09-13 13:43:00,2026-09-13 13:44:00,,,2026-09-13 13:42:00,2026-09-13 13:49:00,,0.0,2026-09-13 13:33:00,2026-09-13 13:42:00,2026-09-13 13:44:00,2026-09-13 13:53:00,,,Прохачев И. А.,Turkish Airlines,Выдача до 30 минут
2026-09-13,TK 3066 ,321,АНТАЛЬЯ,26,Y(А10),13:25,2076,2026-09-13 13:37:00,2026-09-13 13:41:00,1.0,2026-09-13 13:41:00,2026-09-13 13:55:00,2026-09-13 13:41:00,2026-09-13 13:55:00,2026-09-13 13:55:00,,,2026-09-13 13:51:00,2026-09-13 14:00:00,,0.0,2026-09-13 13:50:00,2026-09-13 14:00:00,,,,,Королев А. А.,Turkish Airlines,Выдача до 30 минут
2026-09-13,ФВ 6025 ,СУ9,САНКТ-ПЕТЕРБУРГ(ПУЛКОВО),8,Y(А04),13:28,313,2026-09-13 13:37:00,2026-09-13 13:39:00,,2026-09-13 13:42:00,2026-09-13 13:47:00,2026-09-13 13:42:00,2026-09-13 13:47:00,2026-09-13 13:43:00,4.0,3.0,2026-09-13 13:50:00,2026-09-13 13:51:00,,0.0,2026-09-13 13:47:00,2026-09-13 13:50:00,,,,,Науну М.,Россия,Выдача до 30 минут
2026-09-13,PC 388 ,32Щ,СТАМБУЛ(САБИХА ГОКЦЕН),19,Y(А09),13:31,2769,2026-09-13 13:41:00,2026-09-13 13:43:00,,2026-09-13 13:45:00,2026-09-13 14:02:00,2026-09-13 13:47:00,2026-09-13 14:02:00,2026-09-13 14:03:00,,,2026-09-13 13:58:00,2026-09-13 14:09:00,,0.0,2026-09-13 13:53:00,2026-09-13 13:58:00,2026-09-13 14:05:00,2026-09-13 14:10:00,,,"Конюхов Я. А., Фаёзов А. Р.",Pegasus,Выдача до 30 минут
2026-09-13,В2 983 ,Е75,МИНСК(МИНСК ИНТЛ.),29,Y(А13),13:42,417,2026-09-13 13:51:00,2026-09-13 13:53:00,,2026-09-13 13:54:00,2026-09-13 13:58:00,2026-09-13 13:54:00,2026-09-13 13:58:00,2026-09-13 13:58:00,,1.0,2026-09-13 14:03:00,2026-09-13 14:05:00,,0.0,2026-09-13 14:00:00,2026-09-13 14:03:00,,,,,Корнилов Н. А.,Белавиа,Выдача до 30 минут
2026-09-13,ДР 160 ,73Х,КРАСНОДАР(ПАШКОВСКИЙ),49,Y(А05),13:45,771,2026-09-13 13:56:00,2026-09-13 13:57:00,,2026-09-13 13:59:00,2026-09-13 14:06:00,2026-09-13 13:59:00,2026-09-13 14:06:00,2026-09-13 14:05:00,1.0,2.0,2026-09-13 14:11:00,2026-09-13 14:15:00,,0.0,2026-09-13 14:06:00,2026-09-13 14:10:00,,,,,Рустамов М. А.,Победа,Выдача до 30 минут
2026-09-13,ЮТ 560 ,73Х,МАХАЧКАЛА,21,Y(А06),13:59,1036,2026-09-13 14:07:00,2026-09-13 14:09:00,,2026-09-13 14:12:00,2026-09-13 14:17:00,2026-09-13 14:12:00,2026-09-13 14:17:00,2026-09-13 14:18:00,,,2026-09-13 14:21:00,2026-09-13 14:24:00,,0.0,2026-09-13 14:18:00,2026-09-13 14:21:00,,,,,Екимов С. С.,Ютэйр,Выдача до 30 минут
2026-09-13,TK 3082 ,32Б,АНТАЛЬЯ,24,Y(А10),14:04,2031,2026-09-13 14:13:00,2026-09-13 14:14:00,,2026-09-13 14:15:00,2026-09-13 14:27:00,2026-09-13 14:15:00,2026-09-13 14:27:00,2026-09-13 14:31:00,,,2026-09-13 14:30:00,2026-09-13 14:35:00,,0.0,2026-09-13 14:24:00,2026-09-13 14:30:00,,,,,Попов Д. В.,Turkish Airlines,Выдача до 30 минут
2026-09-13,NE 620 ,320,ХУРГАДА(ХУРГАДА ИНТЛ.),25,Y(А11),14:14,1683,2026-09-13 14:28:00,2026-09-13 14:32:00,1.0,2026-09-13 14:34:00,2026-09-13 14:46:00,2026-09-13 14:34:00,2026-09-13 14:46:00,2026-09-13 14:43:00,3.0,1.0,2026-09-13 14:42:00,2026-09-13 14:51:00,,0.0,2026-09-13 14:47:00,2026-09-13 14:51:00,2026-09-13 14:38:00,2026-09-13 14:42:00,,,Фаёзов А. Р.,Nesma Airlines,Выдача до 30 минут
2026-09-13,ЮТ 356 ,734,ГРОЗНЫЙ(СЕВЕРНЫЙ),14,Y(А05),14:24,453,2026-09-13 14:34:00,2026-09-13 14:34:00,,2026-09-13 14:33:00,2026-09-13 14:37:00,2026-09-13 14:33:00,2026-09-13 14:37:00,2026-09-13 14:41:00,,1.0,2026-09-13 14:41:00,2026-09-13 14:43:00,,0.0,2026-09-13 14:39:00,2026-09-13 14:41:00,,,,,Саидов А. С.,Ютэйр,Выдача до 30 минут
2026-09-13,FZ 989 ,7М8,ДУБАЙ(ДУБАЙ ИНТЛ.),22,Y(А10),14:32,2423,2026-09-13 14:48:00,2026-09-13 14:48:00,,2026-09-13 14:46:00,2026-09-13 15:04:00,2026-09-13 14:51:00,2026-09-13 15:04:00,2026-09-13 15:08:00,,,2026-09-13 14:56:00,2026-09-13 15:11:00,,0.0,2026-09-13 14:53:00,2026-09-13 14:56:00,2026-09-13 15:08:00,2026-09-13 15:11:00,,,"Прохачев И. А., Чеканов В. А.",flydubai,Выдача до 30 минут
2026-09-13,ГЗП 252 ,СУ9,ЯМБУРГ,Б37,Y(А05),14:55,505,2026-09-13 15:04:00,2026-09-13 15:04:00,,2026-09-13 15:06:00,2026-09-13 15:10:00,2026-09-13 15:06:00,2026-09-13 15:10:00,2026-09-13 15:11:00,,1.0,2026-09-13 15:24:00,2026-09-13 15:26:00,,0.0,2026-09-13 15:11:00,2026-09-13 15:24:00,,,,,Фозылов Б. З.,Газпром авиа,Выдача до 30 минут
2026-09-13,ФВ 6031 ,СУ9,САНКТ-ПЕТЕРБУРГ(ПУЛКОВО),8,Y(А04),14:58,215,2026-09-13 15:12:00,2026-09-13 15:15:00,,2026-09-13 15:13:00,2026-09-13 15:15:00,2026-09-13 15:13:00,2026-09-13 15:15:00,2026-09-13 15:17:00,,1.0,2026-09-13 15:18:00,2026-09-13 15:19:00,,0.0,2026-09-13 15:17:00,2026-09-13 15:18:00,,,,,Корнилов Н. А.,Россия,Выдача до 30 минут
2026-09-13,ЖГЖ 9576 ,ЯК4,ВОЛОГДА,41A,0,15:26,0,2026-09-13 15:33:00,2026-09-13 15:33:00,,2026-09-13 15:33:00,2026-09-13 15:34:00,2026-09-13 15:33:00,2026-09-13 15:34:00,,,1.0,,-1,,0.0,,,,,,,Конюхов Я. А.,GEORGIAN AIRWAYS,Не определено
2026-09-13,А4 7010 ,СУ9,ТБИЛИСИ(ТБИЛИСИ ИНТЛ.),28,Y(А11),16:08,1354,2026-09-13 16:18:00,2026-09-13 16:22:00,1.0,2026-09-13 16:21:00,2026-09-13 16:35:00,2026-09-13 16:21:00,2026-09-13 16:35:00,2026-09-13 16:31:00,4.0,5.0,2026-09-13 16:33:00,2026-09-13 16:38:00,,0.0,2026-09-13 16:27:00,2026-09-13 16:30:00,2026-09-13 16:35:00,2026-09-13 16:41:00,,,Чеканов В. А.,Азимут,Выдача до 30 минут
2026-09-13,НВЦ 9152 ,320,САБЕТТА,13,Y(А05),16:35,1080,2026-09-13 16:44:00,2026-09-13 16:45:00,,2026-09-13 16:47:00,2026-09-13 17:00:00,2026-09-13 16:47:00,2026-09-13 17:00:00,2026-09-13 16:55:00,5.0,6.0,2026-09-13 16:59:00,2026-09-13 17:02:00,,0.0,2026-09-13 16:57:00,2026-09-13 16:59:00,,,,,Баташан В. Ю.,Северо-Запад,Выдача до 30 минут
2026-09-13,ЮТ 334 ,735,НАРЬЯН-МАР,12,Y(А07),14:17,969,2026-09-13 14:25:00,2026-09-13 14:25:00,,2026-09-13 14:30:00,2026-09-13 14:43:00,2026-09-13 14:30:00,2026-09-13 14:43:00,2026-09-13 14:35:00,8.0,7.0,2026-09-13 14:45:00,2026-09-13 14:46:00,,0.0,2026-09-13 14:42:00,2026-09-13 14:43:00,,,,,Рустамов М. А.,Ютэйр,Выдача до 30 минут
2026-09-13,ДР 158 ,73Х,КРАСНОДАР(ПАШКОВСКИЙ),49,Y(А06),21:32,701,2026-09-13 21:37:00,2026-09-13 21:39:00,,2026-09-13 21:40:00,2026-09-13 21:45:00,2026-09-13 21:40:00,2026-09-13 21:45:00,2026-09-13 21:46:00,,,2026-09-13 21:53:00,2026-09-13 21:55:00,,0.0,2026-09-13 21:47:00,2026-09-13 21:54:00,,,,,Гафуров О. Ф.,Победа,Выдача до 30 минут
2026-09-13,ЮТ 296 ,73Х,СУРГУТ,11,Y(А08),19:21,634,2026-09-13 19:29:00,2026-09-13 19:29:00,,2026-09-13 19:32:00,2026-09-13 19:38:00,2026-09-13 19:32:00,2026-09-13 19:38:00,2026-09-13 19:37:00,1.0,2.0,2026-09-13 19:43:00,2026-09-13 19:44:00,,0.0,2026-09-13 19:39:00,2026-09-13 19:43:00,,,,,Кутейников А. В.,Ютэйр,Выдача до 30 минут
2026-09-13,FZ 967 ,7М8,ДУБАЙ(ДУБАЙ ИНТЛ.),30,Y(А11),22:00,1647,2026-09-13 22:11:00,2026-09-13 22:15:00,1.0,2026-09-13 22:14:00,2026-09-13 22:25:00,2026-09-13 22:15:00,2026-09-13 22:25:00,2026-09-13 22:26:00,,,2026-09-13 22:23:00,2026-09-13 22:31:00,,0.0,2026-09-13 22:20:00,2026-09-13 22:23:00,2026-09-13 22:27:00,2026-09-13 22:30:00,,,"Конюхов Я. А., Науну М.",flydubai,Выдача до 30 минут
2026-09-13,ЮТ 250 ,73Х,СОЧИ,12,Y(А06),22:16,1245,2026-09-13 22:27:00,2026-09-13 22:29:00,,2026-09-13 22:31:00,2026-09-13 22:40:00,2026-09-13 22:31:00,2026-09-13 22:40:00,2026-09-13 22:39:00,1.0,1.0,2026-09-13 22:40:00,2026-09-13 22:45:00,,0.0,2026-09-13 22:38:00,2026-09-13 22:40:00,2026-09-13 22:42:00,2026-09-13 22:44:00,,,Чеканов В. А.,Ютэйр,Выдача до 30 минут
2026-09-13,ДР 968 ,73Х,МИНСК(МИНСК ИНТЛ.),50,Y(А13),22:19,330,2026-09-13 22:28:00,2026-09-13 22:30:00,,2026-09-13 22:31:00,2026-09-13 22:36:00,2026-09-13 22:31:00,2026-09-13 22:36:00,2026-09-13 22:34:00,2.0,3.0,2026-09-13 22:49:00,2026-09-13 22:50:00,,0.0,2026-09-13 22:37:00,2026-09-13 22:47:00,,,,,Кутейников А. В.,Победа,Выдача до 30 минут
2026-09-13,FZ 951 ,7М8,ДУБАЙ(ДУБАЙ ИНТЛ.),29,Y(А09),22:24,2068,2026-09-13 22:33:00,2026-09-13 22:33:00,,2026-09-13 22:36:00,2026-09-13 22:57:00,2026-09-13 22:36:00,2026-09-13 22:57:00,2026-09-13 22:51:00,6.0,7.0,2026-09-13 22:46:00,2026-09-13 23:01:00,,0.0,2026-09-13 22:42:00,2026-09-13 22:46:00,2026-09-13 23:01:00,2026-09-13 23:02:00,,,Екимов С. С.,flydubai,Выдача до 30 минут
2026-09-13,PC 1580 ,32Н,АНТАЛЬЯ,24,Y(А10),22:27,2250,2026-09-13 22:35:00,2026-09-13 22:38:00,,2026-09-13 22:39:00,2026-09-13 22:56:00,2026-09-13 22:39:00,2026-09-13 22:56:00,2026-09-13 22:54:00,2.0,2.0,2026-09-13 22:49:00,2026-09-13 23:06:00,,1.0,2026-09-13 22:45:00,2026-09-13 22:49:00,2026-09-13 23:02:00,2026-09-13 23:08:00,,,Музафаров А. С.,Pegasus,Выдача от 30 до 40 минут
2026-09-13,ФВ 6185 ,СУ9,САНКТ-ПЕТЕРБУРГ(ПУЛКОВО),9,Y(А04),22:31,245,2026-09-13 22:44:00,2026-09-13 22:46:00,,2026-09-13 22:48:00,2026-09-13 22:52:00,2026-09-13 22:48:00,2026-09-13 22:52:00,2026-09-13 22:50:00,2.0,2.0,2026-09-13 22:55:00,2026-09-13 22:56:00,,0.0,2026-09-13 22:53:00,2026-09-13 22:55:00,,,,,Гафуров О. Ф.,Россия,Выдача до 30 минут
2026-09-13,BJ 814 ,320,МОНАСТИР(ХАБИБ БУРДЖИБА ИНТ),23,Y(А12),22:35,1737,2026-09-13 22:45:00,2026-09-13 22:48:00,,2026-09-13 22:49:00,2026-09-13 23:03:00,2026-09-13 22:49:00,2026-09-13 23:03:00,2026-09-13 23:01:00,2.0,2.0,2026-09-13 23:01:00,2026-09-13 23:10:00,,0.0,2026-09-13 22:55:00,2026-09-13 22:59:00,2026-09-13 23:06:00,2026-09-13 23:10:00,,,Лаптев В. В.,Nouvelair Tunisie,Выдача до 30 минут
2026-09-13,ГЗП 418 ,СУ9,ЯМБУРГ,Б52,Y(А07),21:55,446,2026-09-13 22:03:00,2026-09-13 22:03:00,,2026-09-13 22:05:00,2026-09-13 22:10:00,2026-09-13 22:05:00,2026-09-13 22:10:00,2026-09-13 22:10:00,,2.0,2026-09-13 22:30:00,2026-09-13 22:35:00,,0.0,2026-09-13 22:11:00,2026-09-13 22:32:00,,,,,Пельгуев Д.,Газпром авиа,Выдача до 30 минут
2026-09-13,DV 813 ,738,АСТАНА(НУРСУЛТАН НАЗАРБАЕВ),20,Y(А13),22:39,696,2026-09-13 22:48:00,2026-09-13 22:52:00,1.0,2026-09-13 22:56:00,2026-09-13 23:08:00,2026-09-13 22:56:00,2026-09-13 23:08:00,2026-09-13 22:57:00,11.0,7.0,2026-09-13 23:17:00,2026-09-13 23:18:00,9.0,0.0,2026-09-13 23:09:00,2026-09-13 23:15:00,,,,,Прохачев И. А.,SCAT Airlines,Выдача до 30 минут
2026-09-13,TK 411 ,333,СТАМБУЛ(СТАМБУЛ НЬЮ),22,Y(А10),22:59,4062,2026-09-13 23:08:00,2026-09-13 23:08:00,,2026-09-13 23:13:00,2026-09-13 23:35:00,2026-09-13 23:13:00,2026-09-13 23:35:00,2026-09-13 23:39:00,,,2026-09-13 23:25:00,2026-09-13 23:37:00,,0.0,2026-09-13 23:21:00,2026-09-13 23:35:00,2026-09-13 23:16:00,2026-09-13 23:39:00,,,"Гафуров О. Ф., Королев А. А.",Turkish Airlines,Выдача до 30 минут
2026-09-13,ЮТ 374 ,734,МИНЕРАЛЬНЫЕ ВОДЫ,17,Y(А06),23:12,1149,2026-09-13 23:21:00,2026-09-13 23:23:00,,2026-09-13 23:26:00,2026-09-13 23:32:00,2026-09-13 23:26:00,2026-09-13 23:32:00,2026-09-13 23:33:00,,,2026-09-13 23:43:00,2026-09-13 23:45:00,2.0,0.0,2026-09-13 23:37:00,2026-09-13 23:43:00,,,,,Шамсов Б. С.,Ютэйр,Выдача до 30 минут
2026-09-13,ДР 486 ,7С8,УЛЬЯНОВСК(БАРАТАЕВКА),46,Y(А05),23:16,181,2026-09-13 23:22:00,2026-09-13 23:23:00,,2026-09-13 23:27:00,2026-09-13 23:30:00,2026-09-13 23:27:00,2026-09-13 23:30:00,2026-09-13 23:27:00,3.0,2.0,2026-09-13 23:38:00,2026-09-13 23:39:00,,0.0,2026-09-13 23:32:00,2026-09-13 23:38:00,,,,,Баташан В. Ю.,Победа,Выдача до 30 минут
2026-09-13,TK 211 ,321,АНТАЛЬЯ,19,Y(А09),23:34,2190,2026-09-13 23:42:00,2026-09-13 23:43:00,,2026-09-13 23:50:00,2026-09-14 00:02:00,2026-09-13 23:50:00,2026-09-14 00:02:00,2026-09-14 00:01:00,1.0,,2026-09-14 00:04:00,2026-09-14 00:09:00,2.0,0.0,2026-09-13 23:54:00,2026-09-14 00:17:00,,,,,Острых В. А.,Turkish Airlines,Выдача до 30 минут
2026-09-13,J2 809 ,763,БАКУ(ИМ. ГЕЙДАРА АЛИЕВА),18,Y(А13),23:41,2771,2026-09-13 23:50:00,2026-09-13 23:54:00,1.0,2026-09-13 23:56:00,2026-09-14 00:09:00,2026-09-13 23:56:00,2026-09-14 00:09:00,2026-09-14 00:12:00,,,2026-09-14 00:09:00,2026-09-14 00:21:00,,1.0,2026-09-13 23:56:00,2026-09-14 00:09:00,2026-09-13 23:48:00,2026-09-14 00:20:00,,,Минченко А. И.,AZAL,Выдача от 30 до 40 минут
2026-09-13,FZ 987 ,7М8,ДУБАЙ(ДУБАЙ ИНТЛ.),30,Y(А11),23:45,1607,2026-09-13 23:56:00,2026-09-13 23:59:00,,2026-09-13 23:59:00,2026-09-14 00:13:00,2026-09-13 23:59:00,2026-09-14 00:13:00,2026-09-14 00:11:00,2.0,3.0,2026-09-14 00:10:00,2026-09-14 00:16:00,,0.0,2026-09-14 00:06:00,2026-09-14 00:10:00,2026-09-14 00:12:00,2026-09-14 00:15:00,,,"Скулов Е. С., Фозылов Б. З.",flydubai,Выдача до 30 минут
2026-09-13,ЖГ 937 ,735,БАТУМИ,28,Y(А12),13:05,0,2026-09-13 13:14:00,2026-09-13 13:14:00,,2026-09-13 13:16:00,2026-09-13 13:32:00,2026-09-13 13:16:00,2026-09-13 13:32:00,,,16.0,2026-09-13 13:28:00,2026-09-13 13:38:00,,0.0,2026-09-13 13:25:00,2026-09-13 13:28:00,2026-09-13 13:33:00,2026-09-13 13:36:00,,,Саидов А. С.,GEORGIAN AIRWAYS,Выдача до 30 минут
2026-09-13,ДР 206 ,73Х,САНКТ-ПЕТЕРБУРГ(ПУЛКОВО),47,Y(А04),22:56,159,2026-09-13 23:07:00,2026-09-13 23:08:00,,2026-09-13 23:07:00,2026-09-13 23:09:00,2026-09-13 23:07:00,2026-09-13 23:09:00,2026-09-13 23:12:00,,1.0,2026-09-13 23:17:00,2026-09-13 23:19:00,,0.0,2026-09-13 23:14:00,2026-09-13 23:19:00,,,,,Соболь М. Ф.,Победа,Выдача до 30 минут
2026-09-13,ДР 422 ,7С8,САМАРА(КУРУМОЧ),48,Y(А05),21:50,183,2026-09-13 21:55:00,2026-09-13 21:57:00,,2026-09-13 22:00:00,2026-09-13 22:04:00,2026-09-13 22:00:00,2026-09-13 22:04:00,2026-09-13 22:00:00,4.0,3.0,2026-09-13 22:13:00,2026-09-13 22:15:00,,0.0,2026-09-13 22:06:00,2026-09-13 22:12:00,,,,,Кутейников А. В.,Победа,Выдача до 30 минут
2026-09-13,J2 803 ,319,БАКУ(ИМ. ГЕЙДАРА АЛИЕВА),28,Y(А12),21:42,1539,2026-09-13 21:57:00,2026-09-13 21:57:00,,2026-09-13 21:58:00,2026-09-13 22:12:00,2026-09-13 21:58:00,2026-09-13 22:12:00,2026-09-13 22:11:00,1.0,4.0,2026-09-13 22:12:00,2026-09-13 22:17:00,,0.0,2026-09-13 22:08:00,2026-09-13 22:11:00,2026-09-13 22:12:00,2026-09-13 22:17:00,,,Острых В. А.,AZAL,Выдача до 30 минут
2026-09-13,ФВ 6183 ,СУ9,САНКТ-ПЕТЕРБУРГ(ПУЛКОВО),8,Y(А04),21:37,236,2026-09-13 21:48:00,2026-09-13 21:49:00,,2026-09-13 21:52:00,2026-09-13 21:56:00,2026-09-13 21:52:00,2026-09-13 21:56:00,2026-09-13 21:54:00,2.0,2.0,2026-09-13 22:00:00,2026-09-13 22:01:00,,0.0,2026-09-13 21:56:00,2026-09-13 21:59:00,,,,,Фозылов Б. З.,Россия,Выдача до 30 минут
2026-09-13,УР 512 ,75В,БОДРУМ(МИЛАС),18,Y(А12),19:25,1233,2026-09-13 19:38:00,2026-09-13 19:38:00,,2026-09-13 19:42:00,2026-09-13 19:54:00,2026-09-13 19:42:00,2026-09-13 19:54:00,2026-09-13 19:50:00,4.0,4.0,2026-09-13 19:54:00,2026-09-13 19:56:00,,0.0,2026-09-13 19:36:00,2026-09-13 19:54:00,2026-09-13 19:51:00,2026-09-13 19:56:00,,,Федоров Н. В.,FLYONE Armenia,Выдача до 30 минут
2026-09-13,ХИ 9627 ,32Н,ФЕРГАНА(ФЕРГАНА ИНТЛ.),21,Y(А10),19:28,2333,2026-09-13 19:35:00,2026-09-13 19:37:00,,2026-09-13 19:39:00,2026-09-13 19:55:00,2026-09-13 19:39:00,2026-09-13 19:55:00,2026-09-13 19:55:00,,,2026-09-13 19:53:00,2026-09-13 20:03:00,,0.0,2026-09-13 19:58:00,2026-09-13 20:03:00,2026-09-13 19:47:00,2026-09-13 19:53:00,,,Пельгуев Д.,UZBEKISTAN AIRWAYS,Выдача до 30 минут
2026-09-13,А4 7012 ,СУ9,ЕРЕВАН(ЗВАРТНОЦ ИНТЛ),26,Y(А13),19:37,673,2026-09-13 19:46:00,2026-09-13 09:27:00,-619.0,2026-09-13 19:50:00,2026-09-13 19:54:00,2026-09-13 19:50:00,2026-09-13 19:54:00,2026-09-13 19:54:00,,,2026-09-13 20:04:00,2026-09-13 20:05:00,,0.0,2026-09-13 19:56:00,2026-09-13 20:03:00,,,,,Соболь М. Ф.,Азимут,Выдача до 30 минут
2026-09-13,ФВ 6179 ,СУ9,САНКТ-ПЕТЕРБУРГ(ПУЛКОВО),8,Y(А04),19:40,135,2026-09-13 19:54:00,2026-09-13 19:55:00,,2026-09-13 19:57:00,2026-09-13 20:00:00,2026-09-13 19:57:00,2026-09-13 20:00:00,2026-09-13 19:59:00,1.0,2.0,2026-09-13 20:02:00,2026-09-13 20:03:00,,0.0,2026-09-13 19:56:00,2026-09-13 20:02:00,,,,,Музафаров А. С.,Россия,Выдача до 30 минут
2026-09-13,ХИ 9609 ,32Н,ТЕРМЕЗ,25,Y(А10),19:54,1724,2026-09-13 20:18:00,2026-09-13 20:19:00,,2026-09-13 20:21:00,2026-09-13 20:34:00,2026-09-13 20:21:00,2026-09-13 20:34:00,2026-09-13 20:33:00,1.0,2.0,2026-09-13 20:29:00,2026-09-13 20:37:00,,0.0,2026-09-13 20:26:00,2026-09-13 20:30:00,2026-09-13 20:33:00,2026-09-13 20:37:00,,,Фаёзов А. Р.,UZBEKISTAN AIRWAYS,Выдача до 30 минут
2026-09-13,ХИ 613 ,32Щ,ТАШКЕНТ(ТАШКЕНТ ИНТЛ.),23,Y(А10),19:58,2182,2026-09-13 20:11:00,2026-09-13 20:14:00,,2026-09-13 20:15:00,2026-09-13 20:33:00,2026-09-13 20:16:00,2026-09-13 20:33:00,2026-09-13 20:30:00,3.0,2.0,2026-09-13 20:26:00,2026-09-13 20:40:00,,0.0,2026-09-13 20:35:00,2026-09-13 20:41:00,2026-09-13 20:21:00,2026-09-13 20:25:00,,,"Федоров Н. В., Шамсов Б. С.",UZBEKISTAN AIRWAYS,Выдача до 30 минут
2026-09-13,ВГ 2390 ,ЯК4,ВОЛОГДА,45,0,20:10,0,2026-09-13 20:18:00,2026-09-13 20:19:00,,2026-09-13 20:22:00,2026-09-13 20:23:00,2026-09-13 20:22:00,2026-09-13 20:23:00,,,1.0,,-1,,0.0,,,,,,,Королев А. А.,Вологодское АП,Не определено
2026-09-13,ХИ 9619 ,32Н,НАМАНГАН,24,Y(А09),20:15,1777,2026-09-13 20:26:00,2026-09-13 20:28:00,,2026-09-13 20:29:00,2026-09-13 20:44:00,2026-09-13 20:29:00,2026-09-13 20:44:00,2026-09-13 20:42:00,2.0,3.0,2026-09-13 20:41:00,2026-09-13 20:47:00,,0.0,2026-09-13 20:38:00,2026-09-13 20:42:00,2026-09-13 20:44:00,2026-09-13 20:47:00,,,Кутейников А. В.,UZBEKISTAN AIRWAYS,Выдача до 30 минут
2026-09-13,ДР 964 ,7С8,ДАЛАМАН,47,Y(А12),20:19,1374,2026-09-13 20:28:00,2026-09-13 20:31:00,,2026-09-13 20:31:00,2026-09-13 20:43:00,2026-09-13 20:31:00,2026-09-13 20:43:00,2026-09-13 20:41:00,2.0,3.0,2026-09-13 20:44:00,2026-09-13 20:54:00,,0.0,2026-09-13 20:39:00,2026-09-13 20:44:00,2026-09-13 20:47:00,2026-09-13 20:55:00,,,Минченко А. И.,Победа,Выдача до 30 минут
2026-09-13,FZ 975 ,7М8,ДУБАЙ(ДУБАЙ ИНТЛ.),29,Y(А11),20:23,2026,2026-09-13 20:36:00,2026-09-13 20:38:00,,2026-09-13 20:39:00,2026-09-13 20:58:00,2026-09-13 20:39:00,2026-09-13 20:58:00,2026-09-13 20:54:00,4.0,5.0,2026-09-13 20:51:00,2026-09-13 21:05:00,,0.0,2026-09-13 20:49:00,2026-09-13 20:52:00,2026-09-13 21:02:00,2026-09-13 21:04:00,,,Литвин И. С.,flydubai,Выдача до 30 минут
2026-09-13,TK 3053 ,73Х,АНТАЛЬЯ,30,Y(А09),20:35,1303,2026-09-13 20:48:00,2026-09-13 20:50:00,,2026-09-13 20:53:00,2026-09-13 21:08:00,2026-09-13 20:53:00,2026-09-13 21:08:00,2026-09-13 21:01:00,7.0,6.0,2026-09-13 21:02:00,2026-09-13 21:13:00,,0.0,2026-09-13 20:59:00,2026-09-13 21:03:00,2026-09-13 21:02:00,2026-09-13 21:13:00,,,Михайлов М. С.,Turkish Airlines,Выдача до 30 минут
2026-09-13,ФВ 6181 ,СУ9,САНКТ-ПЕТЕРБУРГ(ПУЛКОВО),9,Y(А04),20:39,177,2026-09-13 20:48:00,2026-09-13 20:49:00,,2026-09-13 20:51:00,2026-09-13 20:55:00,2026-09-13 20:51:00,2026-09-13 20:55:00,2026-09-13 20:53:00,2.0,3.0,2026-09-13 20:56:00,2026-09-13 20:57:00,,0.0,2026-09-13 20:54:00,2026-09-13 20:56:00,,,,,Екимов С. С.,Россия,Выдача до 30 минут
2026-09-13,DV 815 ,7М8,АЛМАТЫ(АЛМАТЫ ИНТЛ.),19,Y(А13),20:51,1252,2026-09-13 21:01:00,2026-09-13 21:01:00,,2026-09-13 21:03:00,2026-09-13 21:11:00,2026-09-13 21:03:00,2026-09-13 21:11:00,2026-09-13 21:13:00,,,2026-09-13 21:13:00,2026-09-13 21:17:00,,0.0,2026-09-13 21:15:00,2026-09-13 21:17:00,2026-09-13 21:07:00,2026-09-13 21:14:00,,,"Прохачев И. А., Соболь М. Ф.",SCAT Airlines,Выдача до 30 минут
2026-09-13,ЮТ 576 ,735,КРАСНОДАР(ПАШКОВСКИЙ),14,Y(А06),20:55,737,2026-09-13 21:02:00,2026-09-13 21:04:00,,2026-09-13 21:07:00,2026-09-13 21:14:00,2026-09-13 21:07:00,2026-09-13 21:14:00,2026-09-13 21:11:00,3.0,2.0,2026-09-13 21:24:00,2026-09-13 21:25:00,2.0,0.0,2026-09-13 21:19:00,2026-09-13 21:23:00,,,,,Королев А. А.,Ютэйр,Выдача до 30 минут
2026-09-13,ЮТ 180 ,735,УХТА,13,Y(А05),21:06,539,2026-09-13 21:18:00,2026-09-13 21:18:00,,2026-09-13 21:23:00,2026-09-13 21:24:00,2026-09-13 21:23:00,2026-09-13 21:24:00,2026-09-13 21:26:00,,,2026-09-13 21:29:00,2026-09-13 21:30:00,,0.0,2026-09-13 21:52:00,2026-09-13 21:55:00,,,,,Науну М.,Ютэйр,Выдача до 30 минут
2026-09-13,NE 646 ,320,ШАРМ ЭЛЬ ШЕЙХ(ШАРМ ЭЛЬ ШЕЙХ ИНТЛ.),26,Y(А11),21:19,1549,2026-09-13 21:31:00,2026-09-13 21:32:00,,2026-09-13 21:35:00,2026-09-13 21:49:00,2026-09-13 21:35:00,2026-09-13 21:49:00,2026-09-13 21:45:00,4.0,4.0,2026-09-13 21:44:00,2026-09-13 21:56:00,,0.0,2026-09-13 21:52:00,2026-09-13 21:57:00,2026-09-13 21:40:00,2026-09-13 21:43:00,,,Михайлов М. С.,Nesma Airlines,Выдача до 30 минут
2026-09-13,ДР 994 ,73Х,СТАМБУЛ(СТАМБУЛ НЬЮ),46,Y(А10),21:21,1700,2026-09-13 21:28:00,2026-09-13 21:30:00,,2026-09-13 21:30:00,2026-09-13 21:41:00,2026-09-13 21:30:00,2026-09-13 21:41:00,2026-09-13 21:43:00,,,2026-09-13 21:42:00,2026-09-13 21:51:00,,0.0,2026-09-13 21:37:00,2026-09-13 21:42:00,2026-09-13 21:45:00,2026-09-13 21:54:00,,,Скулов Е. С.,Победа,Выдача до 30 минут
2026-09-13,ЮТ 810 ,73Х,САМАРКАНД(САМАРКАНД ИНТЛ.),20,Y(А11),19:07,1484,2026-09-13 19:13:00,2026-09-13 19:16:00,,2026-09-13 19:17:00,2026-09-13 19:26:00,2026-09-13 19:17:00,2026-09-13 19:26:00,2026-09-13 19:27:00,,,2026-09-13 19:27:00,2026-09-13 19:38:00,,0.0,2026-09-13 19:24:00,2026-09-13 19:30:00,2026-09-13 19:31:00,2026-09-13 19:38:00,,,Науну М.,Ютэйр,Выдача до 30 минут
2026-09-13,ДР 466 ,73Х,УЛЬЯНОВСК(БАРАТАЕВКА),48,Y(А04),12:41,238,2026-09-13 12:48:00,2026-09-13 12:50:00,,2026-09-13 12:51:00,2026-09-13 12:54:00,2026-09-13 12:51:00,2026-09-13 12:54:00,2026-09-13 12:54:00,,1.0,2026-09-13 13:06:00,2026-09-13 13:07:00,,0.0,2026-09-13 12:55:00,2026-09-13 12:59:00,,,,,Саидов А. С.,Победа,Выдача до 30 минут
2026-09-13,FZ 969 ,7М8,ДУБАЙ(ДУБАЙ ИНТЛ.),30,Y(А12),06:25,364,2026-09-13 06:38:00,2026-09-13 06:41:00,,2026-09-13 06:40:00,2026-09-13 06:44:00,2026-09-13 06:40:00,2026-09-13 06:44:00,2026-09-13 06:44:00,,2.0,2026-09-13 06:49:00,2026-09-13 06:50:00,,0.0,2026-09-13 06:45:00,2026-09-13 06:49:00,,,,,"Каламбеков У. О., Литвин И. С.",flydubai,Выдача до 30 минут
2026-09-13,TK 3164 ,321,БОДРУМ(МИЛАС),25,Y(А09),12:23,1716,2026-09-13 12:35:00,2026-09-13 12:38:00,,2026-09-13 12:44:00,2026-09-13 12:51:00,2026-09-13 12:44:00,2026-09-13 12:51:00,2026-09-13 12:50:00,1.0,,2026-09-13 12:49:00,2026-09-13 12:54:00,,0.0,2026-09-13 12:46:00,2026-09-13 12:55:00,,,,,Прохачев И. А.,Turkish Airlines,Выдача до 30 минут
2026-09-13,ДР 206B,73Х,САНКТ-ПЕТЕРБУРГ(ПУЛКОВО),50,Y(А05),03:00,229,2026-09-13 03:06:00,2026-09-13 03:09:00,,2026-09-13 03:11:00,2026-09-13 03:15:00,2026-09-13 03:11:00,2026-09-13 03:15:00,2026-09-13 03:12:00,3.0,2.0,2026-09-13 03:23:00,2026-09-13 03:25:00,,0.0,2026-09-13 03:16:00,2026-09-13 03:24:00,,,,,Черкас В. А.,Победа,Выдача до 30 минут
2026-09-13,TK 3122 ,321,БОДРУМ(МИЛАС),20,Y(А09),03:05,1896,2026-09-13 03:12:00,2026-09-13 03:13:00,,2026-09-13 03:17:00,2026-09-13 03:24:00,2026-09-13 03:17:00,2026-09-13 03:24:00,2026-09-13 03:29:00,,,2026-09-13 03:26:00,2026-09-13 03:32:00,,0.0,2026-09-13 03:18:00,2026-09-13 03:31:00,,,,,Скулов Е. С.,Turkish Airlines,Выдача до 30 минут
2026-09-13,3F 323 ,320,ЕРЕВАН(ЗВАРТНОЦ ИНТЛ),25,Y(А13),03:25,1775,2026-09-13 03:36:00,2026-09-13 03:38:00,,2026-09-13 03:38:00,2026-09-13 03:56:00,2026-09-13 03:38:00,2026-09-13 03:56:00,2026-09-13 03:52:00,4.0,6.0,2026-09-13 03:47:00,2026-09-13 03:59:00,,0.0,2026-09-13 03:43:00,2026-09-13 03:48:00,2026-09-13 03:54:00,2026-09-13 03:59:00,,,"Сыргаков Б. А., Хушвактов П. З.",FLYONE Armenia,Выдача до 30 минут
2026-09-13,NE 490 ,320,ХУРГАДА(ХУРГАДА ИНТЛ.),26,Y(А12),03:27,1927,2026-09-13 03:35:00,2026-09-13 03:38:00,,2026-09-13 03:39:00,2026-09-13 03:51:00,2026-09-13 03:39:00,2026-09-13 03:51:00,2026-09-13 03:52:00,,,2026-09-13 03:47:00,2026-09-13 03:56:00,,0.0,2026-09-13 03:43:00,2026-09-13 03:47:00,2026-09-13 03:53:00,2026-09-13 03:57:00,,,Юрков С.,Nesma Airlines,Выдача до 30 минут
2026-09-13,ЮТ 355 ,73Х,ГРОЗНЫЙ(СЕВЕРНЫЙ),15,Y(А07),03:38,119,2026-09-13 03:48:00,2026-09-13 03:50:00,,,,,,2026-09-13 03:53:00,,,,-1,,0.0,,,,,,,,Ютэйр,Некорректно проставлены отметки
2026-09-13,PC 1456 ,32Щ,БОДРУМ(МИЛАС),23,Y(А10),03:57,2432,2026-09-13 04:06:00,2026-09-13 04:07:00,,2026-09-13 04:09:00,2026-09-13 04:28:00,2026-09-13 04:09:00,2026-09-13 04:28:00,2026-09-13 04:26:00,2.0,3.0,2026-09-13 04:21:00,2026-09-13 04:35:00,,0.0,2026-09-13 04:18:00,2026-09-13 04:25:00,2026-09-13 04:31:00,2026-09-13 04:35:00,,,Дубинский В. Д.,Pegasus,Выдача до 30 минут
2026-09-13,VF 587 ,73Х,АНКАРА(ЕСЕНБОГА),24,Y(А09),04:01,2392,2026-09-13 04:12:00,2026-09-13 04:14:00,,2026-09-13 04:16:00,2026-09-13 04:32:00,2026-09-13 04:16:00,2026-09-13 04:32:00,2026-09-13 04:32:00,,,2026-09-13 04:26:00,2026-09-13 04:39:00,,0.0,2026-09-13 04:23:00,2026-09-13 04:28:00,2026-09-13 04:35:00,2026-09-13 04:39:00,,,Черкас В. А.,AJET,Выдача до 30 минут
2026-09-13,PC 386 ,32Щ,СТАМБУЛ(САБИХА ГОКЦЕН),21,Y(А10),02:46,2952,2026-09-13 02:53:00,2026-09-13 02:56:00,,2026-09-13 02:57:00,2026-09-13 03:09:00,2026-09-13 02:58:00,2026-09-13 03:09:00,2026-09-13 03:17:00,,,2026-09-13 03:08:00,2026-09-13 03:15:00,,0.0,2026-09-13 03:03:00,2026-09-13 03:08:00,2026-09-13 03:10:00,2026-09-13 03:15:00,,,"Каламбеков У. О., Пельгуев Д.",Pegasus,Выдача до 30 минут
2026-09-13,ЖГ 932 ,73Х,ТБИЛИСИ(ТБИЛИСИ ИНТЛ.),30,Y(А11),04:11,1500,2026-09-13 04:19:00,2026-09-13 04:21:00,,2026-09-13 04:22:00,2026-09-13 04:44:00,2026-09-13 04:22:00,2026-09-13 04:44:00,2026-09-13 04:33:00,11.0,12.0,2026-09-13 04:37:00,2026-09-13 04:49:00,,0.0,2026-09-13 04:33:00,2026-09-13 04:37:00,2026-09-13 04:42:00,2026-09-13 04:49:00,,,Литвин И. С.,GEORGIAN AIRWAYS,Выдача до 30 минут
2026-09-13,VF 277 ,73Х,СТАМБУЛ(САБИХА ГОКЦЕН),27,Y(А10),04:36,2538,2026-09-13 04:46:00,2026-09-13 04:47:00,,2026-09-13 04:48:00,2026-09-13 05:10:00,2026-09-13 04:49:00,2026-09-13 05:10:00,2026-09-13 05:07:00,3.0,4.0,2026-09-13 05:14:00,2026-09-13 05:15:00,8.0,0.0,2026-09-13 04:55:00,2026-09-13 04:59:00,2026-09-13 05:10:00,2026-09-13 05:14:00,,,"Михайлов М. С., Шарипов Д. А.",AJET,Выдача до 30 минут
2026-09-13,TK 419 ,333,СТАМБУЛ(СТАМБУЛ НЬЮ),22,Y(А09),04:39,4681,2026-09-13 04:50:00,2026-09-13 04:51:00,,2026-09-13 04:55:00,2026-09-13 05:19:00,2026-09-13 04:55:00,2026-09-13 05:19:00,2026-09-13 05:25:00,,,2026-09-13 05:04:00,2026-09-13 05:27:00,,7.0,2026-09-13 04:56:00,2026-09-13 05:19:00,2026-09-13 05:06:00,2026-09-13 05:30:00,,,Демчук Д. П.,Turkish Airlines,Выдача от 30 до 40 минут
2026-09-13,PC 390 ,32Щ,СТАМБУЛ(САБИХА ГОКЦЕН),20,Y(А10),04:42,2627,2026-09-13 04:48:00,2026-09-13 04:51:00,,2026-09-13 04:52:00,2026-09-13 05:09:00,2026-09-13 04:52:00,2026-09-13 05:09:00,2026-09-13 05:10:00,,,2026-09-13 05:05:00,2026-09-13 05:18:00,,0.0,2026-09-13 04:57:00,2026-09-13 05:04:00,2026-09-13 05:07:00,2026-09-13 05:18:00,,,Рябчевский В. О.,Pegasus,Выдача до 30 минут
2026-09-13,NE 604 ,320,ХУРГАДА(ХУРГАДА ИНТЛ.),25,Y(А11),04:50,1871,2026-09-13 04:58:00,2026-09-13 05:02:00,1.0,2026-09-13 05:04:00,2026-09-13 05:24:00,2026-09-13 05:04:00,2026-09-13 05:24:00,2026-09-13 05:14:00,10.0,8.0,2026-09-13 05:13:00,2026-09-13 05:30:00,,2.0,2026-09-13 05:09:00,2026-09-13 05:13:00,2026-09-13 05:25:00,2026-09-13 05:29:00,,,Попов А. И.,Nesma Airlines,Выдача от 30 до 40 минут
2026-09-13,4S 313 ,7С8,ШАРМ ЭЛЬ ШЕЙХ(ШАРМ ЭЛЬ ШЕЙХ ИНТЛ.),21,Y(А10),05:16,2133,2026-09-13 05:28:00,2026-09-13 05:31:00,,2026-09-13 05:31:00,2026-09-13 05:51:00,2026-09-13 05:31:00,2026-09-13 05:51:00,2026-09-13 05:46:00,5.0,6.0,2026-09-13 05:43:00,2026-09-13 05:58:00,,0.0,2026-09-13 05:38:00,2026-09-13 05:43:00,2026-09-13 05:40:00,2026-09-13 05:58:00,,,Хушвактов П. З.,Red Sea,Выдача до 30 минут
2026-09-13,PC 1458 ,32Щ,ДАЛАМАН,29,Y(А10),05:48,2542,2026-09-13 06:00:00,2026-09-13 06:03:00,,2026-09-13 05:41:00,2026-09-13 05:53:00,2026-09-13 05:41:00,2026-09-13 05:53:00,2026-09-13 06:21:00,,,2026-09-13 06:15:00,2026-09-13 06:32:00,,2.0,2026-09-13 06:12:00,2026-09-13 06:15:00,2026-09-13 06:28:00,2026-09-13 06:30:00,,,Черкас В. А.,Pegasus,Выдача от 30 до 40 минут
2026-09-13,TK 407 ,333,СТАМБУЛ(СТАМБУЛ НЬЮ),23,Y(А09),05:57,4568,2026-09-13 06:15:00,2026-09-13 06:18:00,,2026-09-13 06:18:00,2026-09-13 06:34:00,2026-09-13 06:18:00,2026-09-13 06:34:00,2026-09-13 06:49:00,,,2026-09-13 06:32:00,2026-09-13 06:38:00,,0.0,2026-09-13 06:18:00,2026-09-13 06:38:00,2026-09-13 06:09:00,2026-09-13 06:37:00,,,"Михайлов М. С., Шарипов Д. А.",Turkish Airlines,Выдача до 30 минут
2026-09-13,FZ 965A,7М8,ДУБАЙ(ДУБАЙ ИНТЛ.),29,Y(А10),04:26,2539,2026-09-13 04:33:00,2026-09-13 04:37:00,1.0,2026-09-13 04:35:00,2026-09-13 04:59:00,2026-09-13 04:35:00,2026-09-13 04:59:00,2026-09-13 04:54:00,5.0,7.0,2026-09-13 04:45:00,2026-09-13 05:07:00,,4.0,2026-09-13 04:45:05,2026-09-13 05:05:00,2026-09-13 04:42:00,2026-09-13 04:45:00,,,"Музафаров А. С., Пельгуев Д.",flydubai,Выдача от 30 до 40 минут
2026-09-13,AHY 5830 ,319,ГЯНДЖА,26,Y(А11),06:19,2039,2026-09-13 06:31:00,2026-09-13 06:36:00,2.0,2026-09-13 06:33:00,2026-09-13 06:51:00,2026-09-13 06:33:00,2026-09-13 06:51:00,2026-09-13 06:49:00,2.0,4.0,2026-09-13 06:43:00,2026-09-13 06:58:00,,0.0,2026-09-13 06:39:00,2026-09-13 06:43:00,2026-09-13 06:42:00,2026-09-13 06:57:00,,,Сыргаков Б. А.,AZAL,Выдача до 30 минут
2026-09-13,ЮТ 764 ,73Е,НАХИЧЕВАНЬ,16,Y(А12),02:32,1327,2026-09-13 02:41:00,2026-09-13 02:45:00,1.0,2026-09-13 02:46:00,2026-09-13 02:58:00,2026-09-13 02:46:00,2026-09-13 02:58:00,2026-09-13 02:54:00,4.0,3.0,2026-09-13 02:56:00,2026-09-13 03:03:00,,0.0,2026-09-13 02:51:00,2026-09-13 02:56:00,2026-09-13 02:50:00,2026-09-13 03:04:00,,,Давлатов Б. Ч.,Ютэйр,Выдача до 30 минут
2026-09-13,AZO 7008 ,СУ9,ТБИЛИСИ(ТБИЛИСИ ИНТЛ.),28,Y(А11),01:57,1440,2026-09-13 02:06:00,2026-09-13 02:08:00,,2026-09-13 02:13:00,2026-09-13 02:26:00,2026-09-13 02:13:00,2026-09-13 02:26:00,2026-09-13 02:20:00,6.0,3.0,2026-09-13 02:24:00,2026-09-13 02:32:00,,0.0,2026-09-13 02:28:00,2026-09-13 02:32:00,2026-09-13 02:20:00,2026-09-13 02:24:00,,,Пельгуев Д.,GEORGIAN AIRWAYS,Выдача до 30 минут
2026-09-13,ЮВ 301 ,ЦР2,БУГУЛЬМА,45,Y(А05),23:48,400,2026-09-13 23:56:00,2026-09-13 23:57:00,,2026-09-13 23:58:00,2026-09-14 00:01:00,2026-09-13 23:58:00,2026-09-14 00:01:00,2026-09-14 00:03:00,,,2026-09-14 00:08:00,2026-09-14 00:10:00,,0.0,2026-09-14 00:03:00,2026-09-14 00:09:00,,,,,Баташан В. Ю.,ЮВТ АЭРО,Выдача до 30 минут
2026-09-13,TK 3178 ,321,ДАЛАМАН,27,Y(А09),00:01,2512,2026-09-13 00:10:00,2026-09-13 00:13:00,,2026-09-13 00:13:00,2026-09-13 00:27:00,2026-09-13 00:13:00,2026-09-13 00:27:00,2026-09-13 00:31:00,,,2026-09-13 00:23:00,2026-09-13 00:43:00,,3.0,2026-09-13 00:10:00,2026-09-13 00:24:00,2026-09-13 00:21:00,2026-09-13 00:44:00,,,Шарипов К. А.,Turkish Airlines,Выдача от 30 до 40 минут
2026-09-13,ЮТ 358 ,73Х,САМАРА(КУРУМОЧ),12,Y(А05),00:04,537,2026-09-13 00:16:00,2026-09-13 00:18:00,,2026-09-13 00:21:00,2026-09-13 00:22:00,2026-09-13 00:21:00,2026-09-13 00:22:00,2026-09-13 00:24:00,,,2026-09-13 00:30:00,2026-09-13 00:32:00,,0.0,2026-09-13 00:26:00,2026-09-13 00:29:00,,,,,Черкас В. А.,Ютэйр,Выдача до 30 минут
2026-09-13,J2 809 ,763,БАКУ(ИМ. ГЕЙДАРА АЛИЕВА),22,Y(А10),00:07,2655,2026-09-13 00:14:00,2026-09-13 00:17:00,,2026-09-13 00:17:00,2026-09-13 00:30:00,2026-09-13 00:17:00,2026-09-13 00:30:00,2026-09-13 00:36:00,,,2026-09-13 00:23:00,2026-09-13 00:47:00,,3.0,2026-09-13 00:17:00,2026-09-13 00:30:00,2026-09-13 00:24:00,2026-09-13 00:38:00,,,Шарипов Д. А.,AZAL,Выдача от 30 до 40 минут
2026-09-13,TK 3002 ,321,АНТАЛЬЯ,20,Y(А12),00:33,2032,2026-09-13 00:43:00,2026-09-13 00:43:00,,2026-09-13 00:45:00,2026-09-13 00:55:00,2026-09-13 00:45:00,2026-09-13 00:55:00,2026-09-13 01:01:00,,,2026-09-13 00:58:00,2026-09-13 01:04:00,,0.0,2026-09-13 00:34:00,2026-09-13 01:10:00,,,,,Михайлов М. С.,Turkish Airlines,Выдача до 30 минут
2026-09-13,TK 3014 ,321,АНТАЛЬЯ,18,Y(А09),00:36,3141,2026-09-13 00:45:00,2026-09-13 00:50:00,2.0,2026-09-13 00:47:00,2026-09-13 00:58:00,2026-09-13 00:47:00,2026-09-13 00:58:00,2026-09-13 01:10:00,,,2026-09-13 00:59:00,2026-09-13 01:09:00,,0.0,2026-09-13 00:35:00,2026-09-13 01:00:00,2026-09-13 00:42:00,2026-09-13 01:11:00,,,Дубинский В. Д.,Turkish Airlines,Выдача до 30 минут
2026-09-13,TK 217 ,321,АНТАЛЬЯ,21,Y(А13),00:38,2273,2026-09-13 00:45:00,2026-09-13 00:49:00,1.0,2026-09-13 00:55:00,2026-09-13 01:07:00,2026-09-13 00:55:00,2026-09-13 01:07:00,2026-09-13 01:04:00,3.0,,2026-09-13 01:10:00,2026-09-13 01:15:00,5.0,0.0,2026-09-13 00:46:00,2026-09-13 01:17:00,,,,,Сыргаков Б. А.,Turkish Airlines,Выдача до 30 минут
2026-09-13,TK 3006 ,32Б,АНТАЛЬЯ,22,Y(А09),02:29,2296,2026-09-13 02:43:00,2026-09-13 02:43:00,,2026-09-13 02:45:00,2026-09-13 03:01:00,2026-09-13 02:45:00,2026-09-13 03:01:00,2026-09-13 03:02:00,,1.0,2026-09-13 03:01:00,2026-09-13 03:09:00,,0.0,2026-09-13 02:47:00,2026-09-13 03:06:00,,,,,Шарипов Д. А.,Turkish Airlines,Выдача до 30 минут
2026-09-13,VF 275 ,73Х,СТАМБУЛ(САБИХА ГОКЦЕН),37,Y(А10),00:40,2855,2026-09-13 00:52:00,2026-09-13 00:52:00,,2026-09-13 00:56:00,2026-09-13 01:12:00,2026-09-13 00:56:00,2026-09-13 01:12:00,2026-09-13 01:15:00,,,2026-09-13 01:11:00,2026-09-13 01:27:00,,5.0,2026-09-13 01:15:00,2026-09-13 01:23:00,2026-09-13 01:03:00,2026-09-13 01:09:00,,,Юрков С.,AJET,Выдача от 30 до 40 минут
2026-09-13,TK 421 ,333,СТАМБУЛ(СТАМБУЛ НЬЮ),23,Y(А09),00:46,5628,2026-09-13 01:00:00,2026-09-13 01:02:00,,2026-09-13 01:03:00,2026-09-13 01:20:00,2026-09-13 01:03:00,2026-09-13 01:20:00,2026-09-13 01:42:00,,,2026-09-13 01:24:00,2026-09-13 01:35:00,4.0,5.0,2026-09-13 01:03:00,2026-09-13 01:30:00,2026-09-13 01:11:00,2026-09-13 01:28:00,,,Демчук Д. П.,Turkish Airlines,Выдача от 30 до 40 минут
2026-09-13,TK 3036 ,321,АНТАЛЬЯ,29,Y(А13),00:50,3094,2026-09-13 01:01:00,2026-09-13 01:05:00,1.0,2026-09-13 01:04:00,2026-09-13 01:19:00,2026-09-13 01:04:00,2026-09-13 01:19:00,2026-09-13 01:26:00,,,2026-09-13 01:17:00,2026-09-13 01:31:00,,0.0,2026-09-13 00:47:00,2026-09-13 01:18:00,2026-09-13 01:08:00,2026-09-13 01:32:00,,,Литвин И. С.,Turkish Airlines,Выдача до 30 минут
2026-09-13,ХИ 9619B,320,НАМАНГАН,26,Y(А11),00:53,1821,2026-09-13 01:06:00,2026-09-13 01:08:00,,2026-09-13 01:09:00,2026-09-13 01:22:00,2026-09-13 01:09:00,2026-09-13 01:22:00,2026-09-13 01:22:00,,1.0,2026-09-13 01:22:00,2026-09-13 01:30:00,,0.0,2026-09-13 01:02:00,2026-09-13 01:20:00,2026-09-13 01:07:00,2026-09-13 01:32:00,,,Музафаров А. С.,UZBEKISTAN AIRWAYS,Выдача до 30 минут
2026-09-13,ДР 264 ,73Х,КАЛИНИНГРАД(ХРАБРОВО),49,Y(А08),00:55,875,2026-09-13 00:59:00,2026-09-13 01:02:00,,2026-09-13 01:04:00,2026-09-13 01:13:00,2026-09-13 01:04:00,2026-09-13 01:13:00,2026-09-13 01:09:00,4.0,3.0,2026-09-13 01:25:00,2026-09-13 01:33:00,,4.0,2026-09-13 01:18:00,2026-09-13 01:25:00,,,,,Пельгуев Д.,Победа,Выдача от 30 до 40 минут
2026-09-13,TK 3084 ,321,ДАЛАМАН,24,Y(А13),01:23,2583,2026-09-13 01:38:00,2026-09-13 01:40:00,,2026-09-13 01:43:00,2026-09-13 02:03:00,2026-09-13 01:43:00,2026-09-13 02:03:00,2026-09-13 01:59:00,4.0,3.0,2026-09-13 01:58:00,2026-09-13 02:10:00,,2.0,2026-09-13 01:16:00,2026-09-13 02:10:00,2026-09-13 01:35:00,2026-09-13 01:59:00,,,Хушвактов П. З.,Turkish Airlines,Выдача от 30 до 40 минут
2026-09-13,ДР 486B,7С8,УЛЬЯНОВСК(БАРАТАЕВКА),44,Y(А07),01:28,169,2026-09-13 01:34:00,2026-09-13 01:35:00,,2026-09-13 01:36:00,2026-09-13 01:37:00,2026-09-13 01:36:00,2026-09-13 01:37:00,2026-09-13 01:39:00,,,2026-09-13 01:47:00,2026-09-13 01:48:00,,0.0,2026-09-13 01:39:00,2026-09-13 01:47:00,,,,,Соболь М. Ф.,Победа,Выдача до 30 минут
2026-09-13,TK 3154 ,321,БОДРУМ(МИЛАС),19,Y(А09),01:31,2291,2026-09-13 01:39:00,2026-09-13 01:41:00,,2026-09-13 01:46:00,2026-09-13 01:59:00,2026-09-13 01:46:00,2026-09-13 01:59:00,2026-09-13 01:58:00,1.0,,2026-09-13 02:00:00,2026-09-13 02:07:00,1.0,0.0,2026-09-13 01:38:00,2026-09-13 02:10:00,,,,,Федоров Н. В.,Turkish Airlines,Выдача до 30 минут
2026-09-13,PC 1521 ,32Н,ИЗМИР(АДНАН МЕНДЕРЕС),37A,Y(А10),00:43,2280,2026-09-13 00:54:00,2026-09-13 00:57:00,,2026-09-13 00:57:00,2026-09-13 01:17:00,2026-09-13 00:57:00,2026-09-13 01:17:00,2026-09-13 01:13:00,4.0,5.0,2026-09-13 01:11:00,2026-09-13 01:33:00,,9.0,2026-09-13 00:56:00,2026-09-13 01:11:00,2026-09-13 01:10:00,2026-09-13 01:32:00,,,Шамсов Б. С.,Pegasus,Выдача от 30 до 40 минут
2026-09-13,NE 618 ,321,ХУРГАДА(ХУРГАДА ИНТЛ.),24,Y(А10),06:22,2363,2026-09-13 06:38:00,2026-09-13 06:40:00,,2026-09-13 06:42:00,2026-09-13 07:00:00,2026-09-13 06:42:00,2026-09-13 07:00:00,2026-09-13 06:58:00,2.0,2.0,2026-09-13 06:50:00,2026-09-13 07:13:00,,5.0,2026-09-13 06:47:00,2026-09-13 06:50:00,2026-09-13 07:06:00,2026-09-13 07:11:00,,,Музафаров А. С.,Nesma Airlines,Выдача от 30 до 40 минут
2026-09-13,ЮТ 786 ,762,ЕРЕВАН(ЗВАРТНОЦ ИНТЛ),19,Y(А13),06:30,1974,2026-09-13 06:38:00,2026-09-13 06:40:00,,2026-09-13 06:41:00,2026-09-13 06:53:00,2026-09-13 06:43:00,2026-09-13 06:53:00,2026-09-13 06:55:00,,,2026-09-13 06:56:00,2026-09-13 07:06:00,,0.0,2026-09-13 06:43:00,2026-09-13 07:05:00,,,,,"Попов А. И., Рябчевский В. О.",Ютэйр,Выдача до 30 минут
2026-09-13,ДР 742 ,73Х,ТАШКЕНТ(ТАШКЕНТ ИНТЛ.),43,Y(А11),07:15,330,2026-09-13 07:22:00,2026-09-13 07:25:00,,2026-09-13 07:25:00,2026-09-13 07:30:00,2026-09-13 07:25:00,2026-09-13 07:30:00,2026-09-13 07:28:00,2.0,3.0,2026-09-13 07:36:00,2026-09-13 07:37:00,,0.0,2026-09-13 07:31:00,2026-09-13 07:36:00,,,,,Фаёзов А. Р.,Победа,Выдача до 30 минут
2026-09-13,ЮТ 446 ,735,КОГАЛЫМ,11,Y(А04),09:55,214,2026-09-13 10:02:00,2026-09-13 10:02:00,,2026-09-13 10:05:00,2026-09-13 10:09:00,2026-09-13 10:05:00,2026-09-13 10:09:00,2026-09-13 10:07:00,2.0,3.0,2026-09-13 10:12:00,2026-09-13 10:13:00,,0.0,2026-09-13 10:09:00,2026-09-13 10:12:00,,,,,Фаёзов А. Р.,Ютэйр,Выдача до 30 минут
2026-09-13,ФВ 6005 ,СУ9,САНКТ-ПЕТЕРБУРГ(ПУЛКОВО),9,Y(А04),10:05,93,2026-09-13 10:14:00,2026-09-13 10:15:00,,2026-09-13 10:17:00,2026-09-13 10:19:00,2026-09-13 10:17:00,2026-09-13 10:19:00,2026-09-13 10:19:00,,1.0,2026-09-13 10:22:00,2026-09-13 10:23:00,,0.0,2026-09-13 10:21:00,2026-09-13 10:22:00,,,,,Екимов С. С.,Россия,Выдача до 30 минут
2026-09-13,DV 801 ,7М8,ШЫМКЕНТ(ШЫМКЕНТ ИНТЛ.),22,Y(А13),10:14,1618,2026-09-13 10:24:00,2026-09-13 10:24:00,,2026-09-13 10:28:00,2026-09-13 10:42:00,2026-09-13 10:28:00,2026-09-13 10:42:00,2026-09-13 10:39:00,3.0,3.0,2026-09-13 10:40:00,2026-09-13 10:50:00,,0.0,2026-09-13 10:46:00,2026-09-13 10:50:00,2026-09-13 10:36:00,2026-09-13 10:40:00,,,Рустамов М. А.,SCAT Airlines,Выдача до 30 минут
2026-09-13,ЮТ 364 ,735,УФА,17,Y(А05),10:34,495,2026-09-13 10:40:00,2026-09-13 10:42:00,,2026-09-13 10:44:00,2026-09-13 10:52:00,2026-09-13 10:44:00,2026-09-13 10:52:00,2026-09-13 10:47:00,5.0,5.0,2026-09-13 11:01:00,2026-09-13 11:03:00,1.0,0.0,2026-09-13 10:58:00,2026-09-13 11:01:00,,,,,Науну М.,Ютэйр,Выдача до 30 минут
2026-09-13,NE 642 ,321,ШАРМ ЭЛЬ ШЕЙХ(ШАРМ ЭЛЬ ШЕЙХ ИНТЛ.),20,Y(А10),10:45,2357,2026-09-13 10:55:00,2026-09-13 10:55:00,,2026-09-13 10:58:00,2026-09-13 11:15:00,2026-09-13 10:58:00,2026-09-13 11:15:00,2026-09-13 11:15:00,,1.0,2026-09-13 11:11:00,2026-09-13 11:22:00,,0.0,2026-09-13 11:02:00,2026-09-13 11:07:00,2026-09-13 11:16:00,2026-09-13 11:21:00,,,Екимов С. С.,Nesma Airlines,Выдача до 30 минут
2026-09-13,ДР 734 ,7С8,ТЕРМЕЗ,47,Y(А11),10:57,270,2026-09-13 11:07:00,2026-09-13 11:08:00,,2026-09-13 11:07:00,2026-09-13 11:09:00,2026-09-13 11:07:00,2026-09-13 11:09:00,2026-09-13 11:13:00,,,2026-09-13 11:17:00,2026-09-13 11:18:00,,0.0,2026-09-13 11:11:00,2026-09-13 11:19:00,,,,,Королев А. А.,Победа,Выдача до 30 минут
2026-09-13,J2 807 ,763,БАКУ(ИМ. ГЕЙДАРА АЛИЕВА),18,Y(А10),11:00,3126,2026-09-13 11:09:00,2026-09-13 11:12:00,,2026-09-13 11:13:00,2026-09-13 11:29:00,2026-09-13 11:13:00,2026-09-13 11:29:00,2026-09-13 11:34:00,,,2026-09-13 11:31:00,2026-09-13 11:36:00,2.0,0.0,2026-09-13 11:24:00,2026-09-13 11:30:00,2026-09-13 11:25:00,2026-09-13 11:36:00,,,Корнилов Н. А.,AZAL,Выдача до 30 минут
2026-09-13,КГ 555 ,320,ОШ,30,Y(А13),09:30,2971,2026-09-13 09:41:00,2026-09-13 09:44:00,,2026-09-13 09:44:00,2026-09-13 09:58:00,2026-09-13 09:45:00,2026-09-13 09:58:00,2026-09-13 10:05:00,,,2026-09-13 09:55:00,2026-09-13 10:05:00,,0.0,2026-09-13 09:58:00,2026-09-13 10:02:00,2026-09-13 09:55:00,2026-09-13 09:56:00,,,"Лаптев В. В., Саидов А. С.",Aero Nomad,Выдача до 30 минут
2026-09-13,TK 413 ,77В,СТАМБУЛ(СТАМБУЛ НЬЮ),23,Y(А09),11:08,4924,2026-09-13 11:24:00,2026-09-13 11:30:00,3.0,2026-09-13 11:26:00,2026-09-13 11:54:00,2026-09-13 11:27:00,2026-09-13 11:54:00,2026-09-13 12:01:00,,,2026-09-13 11:46:00,2026-09-13 12:00:00,2.0,6.0,2026-09-13 11:27:00,2026-09-13 11:54:00,2026-09-13 11:52:00,2026-09-13 11:53:00,2026-09-13 11:52:00,2026-09-13 12:01:00,"Аганин А. А., Конюхов Я. А.",Turkish Airlines,Выдача от 30 до 40 минут
2026-09-13,TK 3070 ,321,АНТАЛЬЯ,19,Y(А10),11:45,1984,2026-09-13 11:51:00,2026-09-13 11:53:00,,2026-09-13 11:58:00,2026-09-13 12:11:00,2026-09-13 11:58:00,2026-09-13 12:11:00,2026-09-13 12:08:00,3.0,,2026-09-13 12:16:00,2026-09-13 12:22:00,5.0,1.0,2026-09-13 12:15:00,2026-09-13 12:17:00,,,,,Чеканов В. А.,Turkish Airlines,Выдача от 30 до 40 минут
2026-09-13,TK 3012 ,321,АНТАЛЬЯ,26,Y(А09),11:49,2914,2026-09-13 12:00:00,2026-09-13 12:03:00,,2026-09-13 12:07:00,2026-09-13 12:20:00,2026-09-13 12:07:00,2026-09-13 12:20:00,2026-09-13 12:23:00,,,2026-09-13 12:17:00,2026-09-13 12:26:00,,0.0,2026-09-13 12:07:00,2026-09-13 12:17:00,2026-09-13 12:18:00,2026-09-13 12:26:00,,,Прохачев И. А.,Turkish Airlines,Выдача до 30 минут
2026-09-13,ЮБГ 509 ,735,ЕРЕВАН(ЗВАРТНОЦ ИНТЛ),27,Y(А13),11:58,2204,2026-09-13 12:05:00,2026-09-13 12:07:00,,2026-09-13 12:08:00,2026-09-13 12:18:00,2026-09-13 12:10:00,2026-09-13 12:18:00,2026-09-13 12:24:00,,,2026-09-13 12:23:00,2026-09-13 12:26:00,,0.0,2026-09-13 12:20:00,2026-09-13 12:24:00,2026-09-13 12:24:00,2026-09-13 12:25:00,,,"Науну М., Фаёзов А. Р.",Shirak Avia,Выдача до 30 минут
2026-09-13,TK 1231 ,321,АНТАЛЬЯ,21,Y(А12),12:01,1888,2026-09-13 12:11:00,2026-09-13 12:11:00,,2026-09-13 12:17:00,2026-09-13 12:28:00,2026-09-13 12:17:00,2026-09-13 12:28:00,2026-09-13 12:28:00,,,2026-09-13 12:35:00,2026-09-13 12:36:00,4.0,0.0,2026-09-13 12:22:00,2026-09-13 12:34:00,,,,,Рустамов М. А.,Turkish Airlines,Выдача до 30 минут
2026-09-13,ФВ 6009 ,СУ9,САНКТ-ПЕТЕРБУРГ(ПУЛКОВО),9,Y(А04),12:07,157,2026-09-13 12:14:00,2026-09-13 12:16:00,,2026-09-13 12:17:00,2026-09-13 12:21:00,2026-09-13 12:17:00,2026-09-13 12:21:00,2026-09-13 12:19:00,2.0,3.0,2026-09-13 12:22:00,2026-09-13 12:23:00,,0.0,2026-09-13 12:20:00,2026-09-13 12:21:00,,,,,Баташан В. Ю.,Россия,Выдача до 30 минут
2026-09-13,ЖГ 936 ,73Х,ТБИЛИСИ(ТБИЛИСИ ИНТЛ.),30,Y(А10),12:12,2293,2026-09-13 12:20:00,2026-09-13 12:22:00,,2026-09-13 12:23:00,2026-09-13 12:37:00,2026-09-13 12:23:00,2026-09-13 12:37:00,2026-09-13 12:39:00,,,2026-09-13 12:32:00,2026-09-13 12:45:00,,0.0,2026-09-13 12:28:00,2026-09-13 12:32:00,2026-09-13 12:41:00,2026-09-13 12:46:00,,,Додаров Ф. М.,GEORGIAN AIRWAYS,Выдача до 30 минут
2026-09-13,TK 3046 ,321,АНТАЛЬЯ,22,Y(А10),12:17,2729,2026-09-13 12:26:00,2026-09-13 12:26:00,,2026-09-13 12:31:00,2026-09-13 12:41:00,2026-09-13 12:31:00,2026-09-13 12:41:00,2026-09-13 12:48:00,,,2026-09-13 12:43:00,2026-09-13 12:50:00,,0.0,2026-09-13 12:42:00,2026-09-13 12:50:00,2026-09-13 12:29:00,2026-09-13 12:43:00,,,Шамсов Б. С.,Turkish Airlines,Выдача до 30 минут
2026-09-13,ФВ 6007 ,СУ9,САНКТ-ПЕТЕРБУРГ(ПУЛКОВО),8,Y(А04),11:19,139,2026-09-13 11:26:00,2026-09-13 11:29:00,,2026-09-13 11:31:00,2026-09-13 11:34:00,2026-09-13 11:31:00,2026-09-13 11:34:00,2026-09-13 11:31:00,3.0,2.0,2026-09-13 11:38:00,2026-09-13 11:39:00,,0.0,2026-09-13 11:36:00,2026-09-13 11:37:00,,,,,Шамсов Б. С.,Россия,Выдача до 30 минут
2026-09-13,ФВ 6003 ,СУ9,САНКТ-ПЕТЕРБУРГ(ПУЛКОВО),8,Y(А04),09:17,67,2026-09-13 09:26:00,2026-09-13 09:27:00,,2026-09-13 09:30:00,2026-09-13 09:32:00,2026-09-13 09:30:00,2026-09-13 09:32:00,2026-09-13 09:30:00,2.0,2.0,2026-09-13 09:34:00,2026-09-13 09:37:00,,0.0,2026-09-13 09:31:00,2026-09-13 09:34:00,,,,,Королев А. А.,Россия,Выдача до 30 минут
2026-09-13,AZO 7154 ,СУ9,БАТУМИ,61,Y(А11),09:10,873,2026-09-13 09:23:00,2026-09-13 09:26:00,,2026-09-13 09:26:00,2026-09-13 09:41:00,2026-09-13 09:26:00,2026-09-13 09:41:00,2026-09-13 09:33:00,8.0,9.0,2026-09-13 09:48:00,2026-09-13 09:51:00,,0.0,2026-09-13 09:42:00,2026-09-13 09:48:00,,,,,Шамсов Б. С.,GEORGIAN AIRWAYS,Выдача до 30 минут
2026-09-13,ЯК 475 ,73Х,ЯКУТСК,59,Y(А06),08:59,1067,2026-09-13 09:10:00,2026-09-13 09:13:00,,2026-09-13 09:13:00,2026-09-13 09:22:00,2026-09-13 09:13:00,2026-09-13 09:22:00,2026-09-13 09:21:00,1.0,2.0,2026-09-13 09:26:00,2026-09-13 09:28:00,,0.0,2026-09-13 09:21:00,2026-09-13 09:25:00,,,,,Екимов С. С.,Якутия,Выдача до 30 минут
2026-09-13,ФВ 6019 ,СУ9,САНКТ-ПЕТЕРБУРГ(ПУЛКОВО),8,Y(А04),07:17,62,2026-09-13 07:28:00,2026-09-13 07:29:00,,2026-09-13 07:32:00,2026-09-13 07:33:00,2026-09-13 07:32:00,2026-09-13 07:33:00,2026-09-13 07:32:00,1.0,1.0,2026-09-13 07:37:00,2026-09-13 07:38:00,,0.0,2026-09-13 07:34:00,2026-09-13 07:36:00,,,,,Шамсов Б. С.,Россия,Выдача до 30 минут
2026-09-13,ДР 408 ,73Х,ЕКАТЕРИНБУРГ(КОЛЬЦОВО),47,Y(А07),07:19,218,2026-09-13 07:29:00,2026-09-13 07:29:00,,2026-09-13 07:29:00,2026-09-13 07:31:00,2026-09-13 07:29:00,2026-09-13 07:31:00,2026-09-13 07:34:00,,1.0,2026-09-13 07:39:00,2026-09-13 07:40:00,,0.0,2026-09-13 07:34:00,2026-09-13 07:37:00,,,,,Прохачев И. А.,Победа,Выдача до 30 минут
2026-09-13,ДР 414 ,7С8,ЧЕЛЯБИНСК(БАЛАНДИНО),46,Y(А08),07:26,544,2026-09-13 07:32:00,2026-09-13 07:32:00,,2026-09-13 07:35:00,2026-09-13 07:41:00,2026-09-13 07:35:00,2026-09-13 07:41:00,2026-09-13 07:40:00,1.0,2.0,2026-09-13 07:47:00,2026-09-13 07:49:00,,0.0,2026-09-13 07:42:00,2026-09-13 07:47:00,,,,,Лаптев В. В.,Победа,Выдача до 30 минут
2026-09-13,ДР 998 ,73Х,САМАРКАНД(САМАРКАНД ИНТЛ.),51,Y(А12),07:31,457,2026-09-13 07:41:00,2026-09-13 07:42:00,,2026-09-13 07:42:00,2026-09-13 07:46:00,2026-09-13 07:42:00,2026-09-13 07:46:00,2026-09-13 07:48:00,,1.0,2026-09-13 07:53:00,2026-09-13 07:56:00,,0.0,2026-09-13 07:47:00,2026-09-13 07:53:00,,,,,Рустамов М. А.,Победа,Выдача до 30 минут
2026-09-13,ХИ 9607 ,32Н,БУХАРА(БУХАРА ИНТЛ.),25,Y(А09),07:38,1997,2026-09-13 07:57:00,2026-09-13 08:02:00,2.0,2026-09-13 08:00:00,2026-09-13 08:14:00,2026-09-13 08:00:00,2026-09-13 08:14:00,2026-09-13 08:14:00,,1.0,2026-09-13 08:10:00,2026-09-13 08:19:00,,0.0,2026-09-13 08:15:00,2026-09-13 08:18:00,2026-09-13 08:08:00,2026-09-13 08:11:00,,,Екимов С. С.,UZBEKISTAN AIRWAYS,Выдача до 30 минут
2026-09-13,ХИ 9615 ,32Н,УРГЕНЧ(УРГЕНЧ ИНТЛ.),27,Y(А10),07:46,1471,2026-09-13 08:00:00,2026-09-13 08:00:00,,2026-09-13 08:03:00,2026-09-13 08:13:00,2026-09-13 08:03:00,2026-09-13 08:13:00,2026-09-13 08:14:00,,,2026-09-13 08:10:00,2026-09-13 08:17:00,,0.0,2026-09-13 08:07:00,2026-09-13 08:10:00,2026-09-13 08:14:00,2026-09-13 08:17:00,,,Корнилов Н. А.,UZBEKISTAN AIRWAYS,Выдача до 30 минут
2026-09-13,В2 981 ,Е75,МИНСК(МИНСК ИНТЛ.),29,Y(А13),07:49,150,2026-09-13 07:57:00,2026-09-13 07:59:00,,2026-09-13 08:01:00,2026-09-13 08:05:00,2026-09-13 08:01:00,2026-09-13 08:05:00,2026-09-13 08:02:00,3.0,3.0,2026-09-13 08:09:00,2026-09-13 08:10:00,,0.0,2026-09-13 08:07:00,2026-09-13 08:09:00,,,,,Додаров Б. М.,Белавиа,Выдача до 30 минут
2026-09-13,ЮТ 808 ,73Х,БУХАРА(БУХАРА ИНТЛ.),20,Y(А11),07:58,605,2026-09-13 08:05:00,2026-09-13 08:08:00,,2026-09-13 08:10:00,2026-09-13 08:14:00,2026-09-13 08:10:00,2026-09-13 08:14:00,2026-09-13 08:13:00,1.0,,2026-09-13 08:21:00,2026-09-13 08:23:00,,0.0,2026-09-13 08:16:00,2026-09-13 08:20:00,,,,,Чеканов В. А.,Ютэйр,Выдача до 30 минут
2026-09-13,ЮТ 454 ,73Х,ТЮМЕНЬ(РОЩИНО),13,Y(А06),08:09,1119,2026-09-13 08:17:00,2026-09-13 08:19:00,,2026-09-13 08:20:00,2026-09-13 08:31:00,2026-09-13 08:20:00,2026-09-13 08:31:00,2026-09-13 08:28:00,3.0,4.0,2026-09-13 08:34:00,2026-09-13 08:37:00,,0.0,2026-09-13 08:33:00,2026-09-13 08:34:00,,,,,Баташан В. Ю.,Ютэйр,Выдача до 30 минут
2026-09-13,ЮТ 248 ,73Х,СУРГУТ,21,Y(А05),08:12,705,2026-09-13 08:20:00,2026-09-13 08:21:00,,2026-09-13 08:23:00,2026-09-13 08:31:00,2026-09-13 08:23:00,2026-09-13 08:31:00,2026-09-13 08:29:00,2.0,3.0,2026-09-13 08:36:00,2026-09-13 08:40:00,,0.0,2026-09-13 08:32:00,2026-09-13 08:36:00,,,,,Аганин А. А.,Ютэйр,Выдача до 30 минут
2026-09-13,ДР 744 ,7С8,ОШ,48,Y(А13),08:17,214,2026-09-13 08:23:00,2026-09-13 08:26:00,,2026-09-13 08:26:00,2026-09-13 08:28:00,2026-09-13 08:27:00,2026-09-13 08:28:00,2026-09-13 08:28:00,,,2026-09-13 08:37:00,2026-09-13 08:38:00,,0.0,2026-09-13 08:30:00,2026-09-13 08:36:00,,,,,"Конюхов Я. А., Прохачев И. А.",Победа,Выдача до 30 минут
2026-09-13,ФВ 6051 ,СУ9,САНКТ-ПЕТЕРБУРГ(ПУЛКОВО),9,Y(А04),08:21,197,2026-09-13 08:29:00,2026-09-13 08:32:00,,2026-09-13 08:32:00,2026-09-13 08:34:00,2026-09-13 08:32:00,2026-09-13 08:34:00,2026-09-13 08:34:00,,1.0,2026-09-13 08:37:00,2026-09-13 08:38:00,,0.0,2026-09-13 08:35:00,2026-09-13 08:37:00,,,,,Фанин Н. О.,Россия,Выдача до 30 минут
2026-09-13,ЯМ 9817 ,73Г,САНКТ-ПЕТЕРБУРГ(ПУЛКОВО),1,Y(А04),08:28,55,2026-09-13 08:36:00,2026-09-13 08:38:00,,2026-09-13 08:40:00,2026-09-13 08:41:00,2026-09-13 08:40:00,2026-09-13 08:41:00,2026-09-13 08:40:00,1.0,1.0,2026-09-13 08:44:00,2026-09-13 08:45:00,,0.0,2026-09-13 08:41:00,2026-09-13 08:44:00,,,,,Додаров Ф. М.,Алроса,Выдача до 30 минут
2026-09-13,ЮТ 572 ,73Х,КРАСНОЯРСК,12,Y(А07),08:32,872,2026-09-13 08:39:00,2026-09-13 08:41:00,,2026-09-13 08:42:00,2026-09-13 08:52:00,2026-09-13 08:42:00,2026-09-13 08:52:00,2026-09-13 08:49:00,3.0,4.0,2026-09-13 08:56:00,2026-09-13 08:58:00,,0.0,2026-09-13 08:53:00,2026-09-13 08:55:00,,,,,Саидов А. С.,Ютэйр,Выдача до 30 минут
2026-09-13,ХИ 9613 ,32Н,ТАШКЕНТ(ТАШКЕНТ ИНТЛ.),24,Y(А09),08:39,1601,2026-09-13 08:50:00,2026-09-13 08:50:00,,2026-09-13 08:53:00,2026-09-13 09:03:00,2026-09-13 08:54:00,2026-09-13 09:03:00,2026-09-13 09:05:00,,,2026-09-13 09:02:00,2026-09-13 09:10:00,,0.0,2026-09-13 08:58:00,2026-09-13 09:01:00,2026-09-13 09:07:00,2026-09-13 09:11:00,,,"Лаптев В. В., Рустамов М. А.",UZBEKISTAN AIRWAYS,Выдача до 30 минут
2026-09-13,ДР 714 ,7С8,САМАРКАНД(САМАРКАНД ИНТЛ.),50,Y(А12),08:46,719,2026-09-13 08:53:00,2026-09-13 08:56:00,,2026-09-13 08:57:00,2026-09-13 09:04:00,2026-09-13 08:57:00,2026-09-13 09:04:00,2026-09-13 09:02:00,2.0,2.0,2026-09-13 09:11:00,2026-09-13 09:14:00,,0.0,2026-09-13 09:05:00,2026-09-13 09:11:00,,,,,Чеканов В. А.,Победа,Выдача до 30 минут
2026-09-13,3F 321 ,320,ЕРЕВАН(ЗВАРТНОЦ ИНТЛ),26,Y(А13),08:55,902,2026-09-13 09:02:00,2026-09-13 09:03:00,,2026-09-13 09:05:00,2026-09-13 09:13:00,2026-09-13 09:05:00,2026-09-13 09:13:00,2026-09-13 09:12:00,1.0,2.0,2026-09-13 09:18:00,2026-09-13 09:20:00,,0.0,2026-09-13 09:13:00,2026-09-13 09:18:00,,,,,"Корнилов Н. А., Попов Д. В.",FLYONE Armenia,Выдача до 30 минут
2026-09-13,TK 3076 ,321,ДАЛАМАН,24,Y(А09),12:33,2463,2026-09-13 12:44:00,2026-09-13 12:48:00,1.0,2026-09-13 12:49:00,2026-09-13 13:04:00,2026-09-13 12:49:00,2026-09-13 13:04:00,2026-09-13 13:04:00,,,2026-09-13 12:59:00,2026-09-13 13:09:00,,0.0,2026-09-13 12:49:00,2026-09-13 12:59:00,2026-09-13 13:10:00,2026-09-13 13:11:00,,,Попов Д. В.,Turkish Airlines,Выдача до 30 минут
2026-09-13,ФВ 6189 ,СУ9,САНКТ-ПЕТЕРБУРГ(ПУЛКОВО),8,Y(А04),23:52,30,2026-09-14 00:00:00,2026-09-14 00:02:00,,2026-09-14 00:03:00,2026-09-14 00:04:00,2026-09-14 00:03:00,2026-09-14 00:04:00,2026-09-14 00:04:00,,1.0,2026-09-14 00:06:00,2026-09-14 00:07:00,,0.0,2026-09-14 00:05:00,2026-09-14 00:06:00,,,,,Науну М.,Россия,Выдача до 30 минут
