date,flight,type,route,mc,lent_num,arrive_runway,bag_waight,mc_arrive,hatch_open,err_hatch_open,beg_unload_spo,end_unload_spo,beg_unload_sobgp,end_unload_sobgp,end_unload_tgo,err_end_unload,violation_standart,time_beg_lenta,time_end_lenta,violation_first_bag,violation_last_bag,deliver_1_beg,deliver_1_end,deliver_2_beg,deliver_2_end,deliver_3_beg,deliver_3_end,senior_loader,company,bag_status
2026-10-01,TK 3060 ,32Б,АНТАЛЬЯ,32A,Y(А10),00:06,2267,2026-10-01 00:19:00,2026-10-01 00:22:00,,2026-10-01 00:26:00,2026-10-01 00:39:00,2026-10-01 00:26:00,2026-10-01 00:39:00,2026-10-01 00:38:00,1.0,,2026-10-01 00:33:00,2026-10-01 00:45:00,,0.0,2026-10-01 00:30:00,2026-10-01 00:45:00,,,,,Резчиков А. А.,Turkish Airlines,Выдача до 30 минут
2026-10-01,ФВ 6175 ,СУ9,САНКТ-ПЕТЕРБУРГ(ПУЛКОВО),8,Y(А04),17:03,74,2026-10-01 17:09:00,2026-10-01 17:11:00,,2026-10-01 17:14:00,2026-10-01 17:19:00,2026-10-01 17:14:00,2026-10-01 17:19:00,2026-10-01 17:13:00,6.0,5.0,2026-10-01 17:21:00,2026-10-01 17:22:00,,0.0,2026-10-01 17:19:00,2026-10-01 17:27:00,,,,,Додаров Б. М.,Россия,Выдача до 30 минут
2026-10-01,ЮТ 596 ,735,УСИНСК,14,Y(А07),17:11,390,2026-10-01 17:18:00,2026-10-01 17:20:00,,2026-10-01 17:28:00,2026-10-01 17:33:00,2026-10-01 17:28:00,2026-10-01 17:33:00,2026-10-01 17:25:00,8.0,2.0,2026-10-01 17:36:00,2026-10-01 17:37:00,,0.0,2026-10-01 17:33:00,2026-10-01 17:36:00,,,,,Барабанов А. М.,Ютэйр,Выдача до 30 минут
2026-10-01,ЮТ 374 ,73Х,МИНЕРАЛЬНЫЕ ВОДЫ,15,Y(А06),17:15,1074,2026-10-01 17:21:00,2026-10-01 17:24:00,,2026-10-01 17:27:00,2026-10-01 17:36:00,2026-10-01 17:27:00,2026-10-01 17:36:00,2026-10-01 17:32:00,4.0,2.0,2026-10-01 17:42:00,2026-10-01 17:43:00,1.0,0.0,2026-10-01 17:38:00,2026-10-01 17:43:00,,,,,Рябчевский В. О.,Ютэйр,Выдача до 30 минут
2026-10-01,ЮТ 746 ,73Х,БАКУ(ИМ. ГЕЙДАРА АЛИЕВА),11,Y(А12),17:44,1884,2026-10-01 17:50:00,2026-10-01 17:55:00,2.0,2026-10-01 17:58:00,2026-10-01 18:16:00,2026-10-01 17:58:00,2026-10-01 18:16:00,2026-10-01 18:07:00,9.0,5.0,2026-10-01 18:07:00,2026-10-01 18:21:00,,1.0,2026-10-01 18:02:00,2026-10-01 18:06:00,2026-10-01 18:17:00,2026-10-01 18:22:00,,,Додаров Ф. М.,Ютэйр,Выдача от 30 до 40 минут
2026-10-01,А4 7030 ,СУ9,ЕРЕВАН(ЗВАРТНОЦ ИНТЛ),44,Y(А13),17:56,1108,2026-10-01 18:04:00,2026-10-01 18:07:00,,2026-10-01 18:07:00,2026-10-01 18:16:00,2026-10-01 18:07:00,2026-10-01 18:16:00,2026-10-01 18:15:00,1.0,2.0,2026-10-01 18:27:00,2026-10-01 18:30:00,,0.0,2026-10-01 18:21:00,2026-10-01 18:28:00,,,,,Гаджиев Н. Т.,Азимут,Выдача до 30 минут
2026-10-01,ФВ 6177 ,СУ9,САНКТ-ПЕТЕРБУРГ(ПУЛКОВО),10,Y(А04),18:01,68,2026-10-01 18:08:00,2026-10-01 18:10:00,,2026-10-01 18:12:00,2026-10-01 18:16:00,2026-10-01 18:12:00,2026-10-01 18:16:00,2026-10-01 18:12:00,4.0,4.0,2026-10-01 18:19:00,2026-10-01 18:20:00,,0.0,2026-10-01 18:16:00,2026-10-01 18:18:00,,,,,Рябчевский В. О.,Россия,Выдача до 30 минут
2026-10-01,ЮТ 456 ,735,НОЯБРЬСК,60,Y(А05),18:06,636,2026-10-01 18:19:00,2026-10-01 18:19:00,,2026-10-01 18:21:00,2026-10-01 18:35:00,2026-10-01 18:21:00,2026-10-01 18:35:00,2026-10-01 18:27:00,8.0,10.0,2026-10-01 18:42:00,2026-10-01 18:45:00,,0.0,2026-10-01 18:36:00,2026-10-01 18:42:00,,,,,Гафуров О. Ф.,Ютэйр,Выдача до 30 минут
2026-10-01,ЖГ 926 ,73Х,ТБИЛИСИ(ТБИЛИСИ ИНТЛ.),30,Y(А11),16:58,1689,2026-10-01 17:03:00,2026-10-01 17:05:00,,2026-10-01 17:07:00,2026-10-01 17:18:00,2026-10-01 17:07:00,2026-10-01 17:18:00,2026-10-01 17:18:00,,,2026-10-01 17:17:00,2026-10-01 17:26:00,,0.0,2026-10-01 17:12:00,2026-10-01 17:16:00,2026-10-01 17:19:00,2026-10-01 17:22:00,,,Юрков С.,GEORGIAN AIRWAYS,Выдача до 30 минут
2026-10-01,В2 985 ,Е95,ГОМЕЛЬ,29,Y(А13),18:21,326,2026-10-01 18:32:00,2026-10-01 18:32:00,,2026-10-01 18:34:00,2026-10-01 18:40:00,2026-10-01 18:34:00,2026-10-01 18:40:00,2026-10-01 18:38:00,2.0,4.0,2026-10-01 18:44:00,2026-10-01 18:46:00,,0.0,2026-10-01 18:40:00,2026-10-01 18:44:00,,,,,Додаров Ф. М.,Белавиа,Выдача до 30 минут
2026-10-01,TK 415 ,32Б,СТАМБУЛ(СТАМБУЛ НЬЮ),21,Y(А10),18:35,3160,2026-10-01 18:43:00,2026-10-01 18:46:00,,2026-10-01 18:49:00,2026-10-01 19:11:00,2026-10-01 18:49:00,2026-10-01 19:11:00,2026-10-01 19:08:00,3.0,1.0,2026-10-01 19:00:00,2026-10-01 19:09:00,,0.0,2026-10-01 18:40:00,2026-10-01 19:12:00,2026-10-01 19:06:00,2026-10-01 19:23:00,,,Литвин И. С.,Turkish Airlines,Выдача до 30 минут
2026-10-01,ДР 202 ,7С8,САНКТ-ПЕТЕРБУРГ(ПУЛКОВО),48,Y(А07),18:40,260,2026-10-01 18:45:00,2026-10-01 18:47:00,,2026-10-01 18:48:00,2026-10-01 18:50:00,2026-10-01 18:48:00,2026-10-01 18:50:00,2026-10-01 18:51:00,,,2026-10-01 18:58:00,2026-10-01 18:59:00,,0.0,2026-10-01 18:52:00,2026-10-01 18:59:00,,,,,Рябчевский В. О.,Победа,Выдача до 30 минут
2026-10-01,ЮТ 464 ,73Х,ТЮМЕНЬ(РОЩИНО),13,Y(А06),18:43,927,2026-10-01 18:50:00,2026-10-01 18:53:00,,2026-10-01 19:20:00,2026-10-01 19:34:00,2026-10-01 19:20:00,2026-10-01 19:34:00,2026-10-01 19:00:00,34.0,8.0,2026-10-01 19:33:00,2026-10-01 19:34:00,23.0,14.0,2026-10-01 19:29:00,2026-10-01 19:32:00,,,,,Тано Б. А.,Ютэйр,Выдача более 40 минут
2026-10-01,3F 325 ,320,ЕРЕВАН(ЗВАРТНОЦ ИНТЛ),26,Y(А13),18:51,1631,2026-10-01 18:59:00,2026-10-01 19:01:00,,2026-10-01 18:54:00,2026-10-01 19:14:00,2026-10-01 19:02:00,2026-10-01 19:14:00,2026-10-01 19:14:00,,1.0,2026-10-01 19:15:00,2026-10-01 19:20:00,,0.0,2026-10-01 19:12:00,2026-10-01 19:14:00,2026-10-01 19:16:00,2026-10-01 19:20:00,,,"Лаптев В. В., Юрков С.",FLYONE Armenia,Выдача до 30 минут
2026-10-01,ЮТ 802 ,73Х,ДУШАНБЕ(ДУШАНБЕ ИНТЛ.),8,Y(А09),19:09,2532,2026-10-01 19:16:00,2026-10-01 19:17:00,,2026-10-01 19:19:00,2026-10-01 19:46:00,2026-10-01 19:20:00,2026-10-01 19:46:00,2026-10-01 19:37:00,9.0,9.0,2026-10-01 19:28:00,2026-10-01 19:39:00,,0.0,2026-10-01 19:24:00,2026-10-01 19:28:00,2026-10-01 19:36:00,2026-10-01 19:38:00,,,"Дубинский В. Д., Тихонов С. М.",Ютэйр,Выдача до 30 минут
2026-10-01,ФВ 6179 ,СУ9,САНКТ-ПЕТЕРБУРГ(ПУЛКОВО),9,Y(А04),19:12,58,2026-10-01 19:18:00,2026-10-01 19:20:00,,2026-10-01 19:22:00,2026-10-01 19:25:00,2026-10-01 19:22:00,2026-10-01 19:25:00,2026-10-01 19:22:00,3.0,3.0,2026-10-01 19:27:00,2026-10-01 19:28:00,,0.0,2026-10-01 19:25:00,2026-10-01 19:27:00,,,,,Гафуров О. Ф.,Россия,Выдача до 30 минут
2026-10-01,УР 512 ,75В,БОДРУМ(МИЛАС),18,Y(А13),19:18,1088,2026-10-01 19:28:00,2026-10-01 19:30:00,,2026-10-01 19:32:00,2026-10-01 19:46:00,2026-10-01 19:32:00,2026-10-01 19:46:00,2026-10-01 19:39:00,7.0,7.0,2026-10-01 19:45:00,2026-10-01 19:46:00,,0.0,2026-10-01 19:39:00,2026-10-01 19:45:00,,,,,Харитонов И. А.,FLYONE Armenia,Выдача до 30 минут
2026-10-01,NE 614 ,320,ХУРГАДА(ХУРГАДА ИНТЛ.),22,Y(А10),18:31,2058,2026-10-01 18:39:00,2026-10-01 18:40:00,,2026-10-01 18:41:00,2026-10-01 19:05:00,2026-10-01 18:41:00,2026-10-01 19:05:00,2026-10-01 18:57:00,8.0,10.0,2026-10-01 18:51:00,2026-10-01 19:05:00,,0.0,2026-10-01 18:46:00,2026-10-01 18:51:00,2026-10-01 19:00:00,2026-10-01 19:05:00,,,Барабанов А. М.,Nesma Airlines,Выдача до 30 минут
2026-10-01,PBD 980 ,73Х,АНТАЛЬЯ,46,Y(А12),16:49,1606,2026-10-01 16:54:00,2026-10-01 16:55:00,,2026-10-01 16:56:00,2026-10-01 17:16:00,2026-10-01 16:56:00,2026-10-01 17:16:00,2026-10-01 17:09:00,7.0,9.0,2026-10-01 17:13:00,2026-10-01 17:21:00,,0.0,2026-10-01 17:06:00,2026-10-01 17:13:00,2026-10-01 17:14:00,2026-10-01 17:20:00,,,Тано Б. А.,Победа,Выдача до 30 минут
2026-10-01,ЖГ 936 ,73Х,ТБИЛИСИ(ТБИЛИСИ ИНТЛ.),27,Y(А11),16:35,1408,2026-10-01 16:42:00,2026-10-01 16:43:00,,2026-10-01 16:44:00,2026-10-01 16:54:00,2026-10-01 16:46:00,2026-10-01 16:54:00,2026-10-01 16:55:00,,,2026-10-01 16:54:00,2026-10-01 17:01:00,,0.0,2026-10-01 16:51:00,2026-10-01 16:54:00,2026-10-01 16:57:00,2026-10-01 17:00:00,,,"Дубинский В. Д., Хушвактов П. З.",GEORGIAN AIRWAYS,Выдача до 30 минут
2026-10-01,ФВ 6037 ,СУ9,САНКТ-ПЕТЕРБУРГ(ПУЛКОВО),10,Y(А04),16:22,47,2026-10-01 16:30:00,2026-10-01 16:32:00,,2026-10-01 16:35:00,2026-10-01 16:37:00,2026-10-01 16:35:00,2026-10-01 16:37:00,2026-10-01 16:34:00,3.0,2.0,2026-10-01 16:47:00,2026-10-01 16:48:00,,0.0,2026-10-01 16:37:00,2026-10-01 16:39:00,,,,,Додаров Б. М.,Россия,Выдача до 30 минут
2026-10-01,ФВ 6025 ,СУ9,САНКТ-ПЕТЕРБУРГ(ПУЛКОВО),8,Y(А04),13:07,60,2026-10-01 13:14:00,2026-10-01 13:14:00,,2026-10-01 13:16:00,2026-10-01 13:19:00,2026-10-01 13:16:00,2026-10-01 13:19:00,2026-10-01 13:18:00,1.0,3.0,2026-10-01 13:20:00,2026-10-01 13:21:00,,0.0,2026-10-01 13:18:00,2026-10-01 13:20:00,,,,,Юрков С.,Россия,Выдача до 30 минут
2026-10-01,ЯМ 543 ,73Х,НОВОСИБИРСК(ТОЛМАЧЕВО),12,Y(А06),13:14,1350,2026-10-01 13:22:00,2026-10-01 13:23:00,,2026-10-01 13:25:00,2026-10-01 14:01:00,2026-10-01 13:25:00,2026-10-01 14:01:00,2026-10-01 13:35:00,26.0,27.0,2026-10-01 13:35:00,2026-10-01 13:59:00,,7.0,2026-10-01 13:32:00,2026-10-01 13:36:00,2026-10-01 13:57:00,2026-10-01 13:59:00,,,Хушвактов П. З.,Алроса,Выдача от 30 до 40 минут
2026-10-01,TK 417 ,32Б,СТАМБУЛ(СТАМБУЛ НЬЮ),21,Y(А09),13:17,2189,2026-10-01 13:24:00,2026-10-01 13:32:00,5.0,2026-10-01 13:26:00,2026-10-01 13:45:00,2026-10-01 13:26:00,2026-10-01 13:45:00,2026-10-01 13:43:00,2.0,4.0,2026-10-01 13:42:00,2026-10-01 13:53:00,,0.0,2026-10-01 13:40:00,2026-10-01 13:55:00,,,,,Лаптев В. В.,Turkish Airlines,Выдача до 30 минут
2026-10-01,NE 610 ,320,ХУРГАДА(ХУРГАДА ИНТЛ.),18,Y(А10),13:20,1612,2026-10-01 13:26:00,2026-10-01 13:34:00,5.0,2026-10-01 13:32:00,2026-10-01 13:44:00,2026-10-01 13:32:00,2026-10-01 13:44:00,2026-10-01 13:41:00,3.0,1.0,2026-10-01 13:45:00,2026-10-01 13:53:00,,0.0,2026-10-01 13:35:00,2026-10-01 13:40:00,2026-10-01 13:45:00,2026-10-01 13:51:00,,,Додаров Ф. М.,Nesma Airlines,Выдача до 30 минут
2026-10-01,ЖГ 937 ,735,БАТУМИ,22,Y(А12),13:25,867,2026-10-01 13:35:00,2026-10-01 13:37:00,,2026-10-01 13:40:00,2026-10-01 13:56:00,2026-10-01 13:40:00,2026-10-01 13:56:00,2026-10-01 13:45:00,11.0,10.0,2026-10-01 14:01:00,2026-10-01 14:02:00,6.0,0.0,2026-10-01 13:55:00,2026-10-01 13:59:00,,,,,Юрков С.,GEORGIAN AIRWAYS,Выдача до 30 минут
2026-10-01,ГЗП 9676 ,СУ9,БОВАНЕНКОВО,Б37,Y(А07),13:40,718,2026-10-01 13:47:00,2026-10-01 13:48:00,,2026-10-01 13:52:00,2026-10-01 14:02:00,2026-10-01 13:52:00,2026-10-01 14:02:00,2026-10-01 13:56:00,6.0,5.0,2026-10-01 14:21:00,2026-10-01 14:22:00,4.0,0.0,2026-10-01 14:02:00,2026-10-01 14:23:00,,,,,Додаров Б. М.,Газпром авиа,Выдача до 30 минут
2026-10-01,ЮТ 398B,73Х,ГЕЛЕНДЖИК,59,Y(А05),13:45,502,2026-10-01 13:56:00,2026-10-01 13:58:00,,2026-10-01 14:06:00,2026-10-01 14:07:00,2026-10-01 14:06:00,2026-10-01 14:07:00,2026-10-01 14:03:00,4.0,,2026-10-01 14:10:00,2026-10-01 14:14:00,,0.0,2026-10-01 14:04:00,2026-10-01 14:10:00,,,,,Литвин И. С.,Ютэйр,Выдача до 30 минут
2026-10-01,PC 388 ,32Щ,СТАМБУЛ(САБИХА ГОКЦЕН),20,Y(А10),13:50,2435,2026-10-01 13:58:00,2026-10-01 13:59:00,,2026-10-01 14:00:00,2026-10-01 14:20:00,2026-10-01 14:00:00,2026-10-01 14:20:00,2026-10-01 14:18:00,2.0,4.0,2026-10-01 14:13:00,2026-10-01 14:30:00,,2.0,2026-10-01 14:05:00,2026-10-01 14:10:00,2026-10-01 14:26:00,2026-10-01 14:30:00,,,Музафаров А. С.,Pegasus,Выдача от 30 до 40 минут
2026-10-01,В2 983 ,Е95,МИНСК(МИНСК ИНТЛ.),29,Y(А13),13:57,490,2026-10-01 14:05:00,2026-10-01 14:09:00,1.0,2026-10-01 14:09:00,2026-10-01 14:17:00,2026-10-01 14:09:00,2026-10-01 14:17:00,2026-10-01 14:12:00,5.0,5.0,2026-10-01 14:19:00,2026-10-01 14:20:00,,0.0,2026-10-01 14:14:00,2026-10-01 14:16:00,,,,,Хушвактов П. З.,Белавиа,Выдача до 30 минут
2026-10-01,ФВ 6027 ,СУ9,САНКТ-ПЕТЕРБУРГ(ПУЛКОВО),9,Y(А04),14:04,242,2026-10-01 14:13:00,2026-10-01 14:13:00,,2026-10-01 14:15:00,2026-10-01 14:18:00,2026-10-01 14:15:00,2026-10-01 14:18:00,2026-10-01 14:19:00,,1.0,2026-10-01 14:21:00,2026-10-01 14:23:00,,0.0,2026-10-01 14:19:00,2026-10-01 14:20:00,,,,,Барабанов А. М.,Россия,Выдача до 30 минут
2026-10-01,ДР 992 ,73Х,ДУБАЙ(АЛЬ-МАКТУМ ИНТЛ),49,Y(А11),14:17,1002,2026-10-01 14:23:00,2026-10-01 14:26:00,,2026-10-01 14:26:00,2026-10-01 14:36:00,2026-10-01 14:26:00,2026-10-01 14:36:00,2026-10-01 14:34:00,2.0,3.0,2026-10-01 14:42:00,2026-10-01 14:45:00,,0.0,2026-10-01 14:35:00,2026-10-01 14:41:00,,,,,Омурбек У. Б.,Победа,Выдача до 30 минут
2026-10-01,ФВ 6031 ,СУ9,САНКТ-ПЕТЕРБУРГ(ПУЛКОВО),8,Y(А04),14:55,126,2026-10-01 15:00:00,2026-10-01 15:02:00,,2026-10-01 15:05:00,2026-10-01 15:09:00,2026-10-01 15:05:00,2026-10-01 15:09:00,2026-10-01 15:05:00,4.0,3.0,2026-10-01 15:11:00,2026-10-01 15:12:00,,0.0,2026-10-01 15:08:00,2026-10-01 15:10:00,,,,,Гаджиев Н. Т.,Россия,Выдача до 30 минут
2026-10-01,НВЦ 9152 ,320,САБЕТТА,13,Y(А06),15:02,1085,2026-10-01 15:12:00,2026-10-01 15:13:00,,2026-10-01 15:15:00,2026-10-01 15:34:00,2026-10-01 15:15:00,2026-10-01 15:34:00,2026-10-01 15:23:00,11.0,12.0,2026-10-01 15:28:00,2026-10-01 15:31:00,,0.0,2026-10-01 15:24:00,2026-10-01 15:27:00,,,,,Юрков С.,Северо-Запад,Выдача до 30 минут
2026-10-01,ДР 856 ,73Х,ГЮМРИ(ШИРАК),47,Y(А13),15:57,1254,2026-10-01 16:02:00,2026-10-01 16:04:00,,2026-10-01 16:06:00,2026-10-01 16:20:00,2026-10-01 16:06:00,2026-10-01 16:20:00,2026-10-01 16:14:00,6.0,6.0,2026-10-01 16:28:00,2026-10-01 16:32:00,,0.0,2026-10-01 16:18:00,2026-10-01 16:27:00,,,,,Попов Д. В.,Победа,Выдача до 30 минут
2026-10-01,TK 3012 ,321,АНТАЛЬЯ,20,Y(А09),16:03,2545,2026-10-01 16:12:00,2026-10-01 16:13:00,,2026-10-01 16:15:00,2026-10-01 16:26:00,2026-10-01 16:15:00,2026-10-01 16:26:00,2026-10-01 16:33:00,,,2026-10-01 16:28:00,2026-10-01 16:33:00,,0.0,2026-10-01 16:05:00,2026-10-01 16:28:00,2026-10-01 16:07:00,2026-10-01 16:33:00,,,Гаджиев Н. Т.,Turkish Airlines,Выдача до 30 минут
2026-10-01,FZ 989 ,7М8,ДУБАЙ(ДУБАЙ ИНТЛ.),29,Y(А10),16:06,2619,2026-10-01 16:17:00,2026-10-01 16:19:00,,2026-10-01 16:19:00,2026-10-01 16:36:00,2026-10-01 16:21:00,2026-10-01 16:36:00,2026-10-01 16:38:00,,,2026-10-01 16:29:00,2026-10-01 16:43:00,,0.0,2026-10-01 16:25:00,2026-10-01 16:29:00,2026-10-01 16:36:00,2026-10-01 16:39:00,,,"Лаптев В. В., Музафаров А. С.",flydubai,Выдача до 30 минут
2026-10-01,А4 7010 ,СУ9,ТБИЛИСИ(ТБИЛИСИ ИНТЛ.),25,Y(А12),16:08,1213,2026-10-01 16:19:00,2026-10-01 16:19:00,,2026-10-01 16:14:00,2026-10-01 16:34:00,2026-10-01 16:14:00,2026-10-01 16:34:00,2026-10-01 16:31:00,3.0,12.0,2026-10-01 16:39:00,2026-10-01 16:43:00,,0.0,2026-10-01 16:28:00,2026-10-01 16:39:00,,,,,Юрков С.,Азимут,Выдача до 30 минут
2026-10-01,ЮТ 810 ,73Х,САМАРКАНД(САМАРКАНД ИНТЛ.),19,Y(А12),19:24,1471,2026-10-01 19:31:00,2026-10-01 19:32:00,,2026-10-01 19:33:00,2026-10-01 19:42:00,2026-10-01 19:33:00,2026-10-01 19:42:00,2026-10-01 19:45:00,,,2026-10-01 19:46:00,2026-10-01 19:51:00,,0.0,2026-10-01 19:38:00,2026-10-01 19:45:00,2026-10-01 19:44:00,2026-10-01 19:49:00,,,"Потапов Е. А., Семиченков С. А.",Ютэйр,Выдача до 30 минут
2026-10-01,ФВ 6015 ,СУ9,САНКТ-ПЕТЕРБУРГ(ПУЛКОВО),10,Y(А04),19:33,41,2026-10-01 19:42:00,2026-10-01 19:44:00,,2026-10-01 19:47:00,2026-10-01 19:51:00,2026-10-01 19:47:00,2026-10-01 19:51:00,2026-10-01 19:46:00,5.0,4.0,2026-10-01 19:52:00,2026-10-01 19:53:00,,0.0,2026-10-01 19:49:00,2026-10-01 19:52:00,,,,,Кузин К. С.,Россия,Выдача до 30 минут
2026-10-01,ЮТ 296 ,734,СУРГУТ,17,Y(А05),19:36,587,2026-10-01 19:45:00,2026-10-01 19:47:00,,2026-10-01 19:45:00,2026-10-01 19:52:00,2026-10-01 19:45:00,2026-10-01 19:52:00,2026-10-01 19:53:00,,3.0,2026-10-01 19:57:00,2026-10-01 19:59:00,,0.0,2026-10-01 19:52:00,2026-10-01 20:00:00,,,,,Гафуров О. Ф.,Ютэйр,Выдача до 30 минут
2026-10-01,ЮТ 576 ,73Х,КРАСНОДАР(ПАШКОВСКИЙ),16,Y(А06),20:00,814,2026-10-01 20:08:00,2026-10-01 20:10:00,,2026-10-01 20:13:00,2026-10-01 20:19:00,2026-10-01 20:13:00,2026-10-01 20:19:00,2026-10-01 20:17:00,2.0,1.0,2026-10-01 20:25:00,2026-10-01 20:27:00,,0.0,2026-10-01 20:20:00,2026-10-01 20:24:00,,,,,"Литвин И. С., Харитонов И. А.",Ютэйр,Выдача до 30 минут
2026-10-01,PBD 996 ,73Х,СТАМБУЛ(СТАМБУЛ НЬЮ),49,Y(А12),22:47,934,2026-10-01 22:53:00,2026-10-01 22:53:00,,2026-10-01 22:59:00,2026-10-01 23:11:00,2026-10-01 22:59:00,2026-10-01 23:11:00,2026-10-01 23:03:00,8.0,6.0,2026-10-01 23:18:00,2026-10-01 23:19:00,,0.0,2026-10-01 23:12:00,2026-10-01 23:19:00,,,,,Потапов Е. А.,Победа,Выдача до 30 минут
2026-10-01,А4 7138 ,СУ9,ПСКОВ(КРЕСТЫ),45,Y(А05),22:57,330,2026-10-01 23:06:00,2026-10-01 23:08:00,,2026-10-01 23:12:00,2026-10-01 23:20:00,2026-10-01 23:12:00,2026-10-01 23:20:00,2026-10-01 23:12:00,8.0,6.0,2026-10-01 23:24:00,2026-10-01 23:25:00,,0.0,2026-10-01 23:17:00,2026-10-01 23:25:00,,,,,Барабанов А. М.,Азимут,Выдача до 30 минут
2026-10-01,J2 805 ,320,БАКУ(ИМ. ГЕЙДАРА АЛИЕВА),23,Y(А09),23:04,2031,2026-10-01 23:10:00,2026-10-01 23:11:00,,2026-10-01 23:14:00,2026-10-01 23:28:00,2026-10-01 23:15:00,2026-10-01 23:28:00,2026-10-01 23:28:00,,,2026-10-01 23:25:00,2026-10-01 23:35:00,,0.0,2026-10-01 23:20:00,2026-10-01 23:26:00,2026-10-01 23:31:00,2026-10-01 23:35:00,,,"Екимов С. С., Тихонов С. М.",AZAL,Выдача до 30 минут
2026-10-01,FZ 951 ,7М8,ДУБАЙ(ДУБАЙ ИНТЛ.),29,Y(А09),23:07,2149,2026-10-01 23:15:00,2026-10-01 23:17:00,,2026-10-01 23:19:00,2026-10-01 23:36:00,2026-10-01 23:19:00,2026-10-01 23:36:00,2026-10-01 23:33:00,3.0,3.0,2026-10-01 23:29:00,2026-10-01 23:43:00,,0.0,2026-10-01 23:25:00,2026-10-01 23:28:00,2026-10-01 23:40:00,2026-10-01 23:43:00,,,Гафуров О. Ф.,flydubai,Выдача до 30 минут
2026-10-01,ЮТ 250 ,73Х,СОЧИ,14,Y(А06),23:09,1113,2026-10-01 23:17:00,2026-10-01 23:17:00,,2026-10-01 23:20:00,2026-10-01 23:32:00,2026-10-01 23:20:00,2026-10-01 23:32:00,2026-10-01 23:28:00,4.0,5.0,2026-10-01 23:37:00,2026-10-01 23:42:00,,0.0,2026-10-01 23:33:00,2026-10-01 23:37:00,,,,,Юрков С.,Ютэйр,Выдача до 30 минут
2026-10-01,TK 411 ,333,СТАМБУЛ(СТАМБУЛ НЬЮ),22,Y(А10),23:13,6007,2026-10-01 23:22:00,2026-10-01 23:26:00,1.0,2026-10-01 23:29:00,2026-10-01 23:51:00,2026-10-01 23:38:00,2026-10-01 23:51:00,2026-10-02 00:06:00,,,2026-10-01 23:49:00,2026-10-01 23:54:00,7.0,2.0,2026-10-01 23:29:00,2026-10-01 23:49:00,2026-10-01 23:44:00,2026-10-01 23:57:00,2026-10-01 23:43:00,2026-10-01 23:55:00,"Дубинский В. Д., Тришкин А. В.",Turkish Airlines,Выдача от 30 до 40 минут
2026-10-01,ДР 964 ,73Х,ДАЛАМАН,50,Y(А12),23:16,1679,2026-10-01 23:24:00,2026-10-01 23:28:00,1.0,2026-10-01 23:29:00,2026-10-01 23:42:00,2026-10-01 23:29:00,2026-10-01 23:42:00,2026-10-01 23:39:00,3.0,2.0,2026-10-01 23:40:00,2026-10-01 23:53:00,,0.0,2026-10-01 23:34:00,2026-10-01 23:39:00,2026-10-01 23:44:00,2026-10-01 23:54:00,,,Харитонов И. А.,Победа,Выдача до 30 минут
2026-10-01,ФВ 6185 ,СУ9,САНКТ-ПЕТЕРБУРГ(ПУЛКОВО),8,Y(А04),23:19,12,2026-10-01 23:31:00,2026-10-01 23:33:00,,2026-10-01 23:34:00,2026-10-01 23:35:00,2026-10-01 23:34:00,2026-10-01 23:35:00,2026-10-01 23:35:00,,1.0,2026-10-01 23:37:00,2026-10-01 23:38:00,,0.0,2026-10-01 23:34:00,2026-10-01 23:38:00,,,,,Коляскин А. Г.,Россия,Выдача до 30 минут
2026-10-01,ХИ 605 ,320,САМАРКАНД(САМАРКАНД ИНТЛ.),26,Y(А11),23:23,1146,2026-10-01 23:31:00,2026-10-01 23:34:00,,2026-10-01 23:35:00,2026-10-01 23:46:00,2026-10-01 23:35:00,2026-10-01 23:46:00,2026-10-01 23:43:00,3.0,3.0,2026-10-01 23:51:00,2026-10-01 23:56:00,,0.0,2026-10-01 23:47:00,2026-10-01 23:50:00,,,,,Литвин И. С.,UZBEKISTAN AIRWAYS,Выдача до 30 минут
2026-10-01,4S 341 ,73Х,ХУРГАДА(ХУРГАДА ИНТЛ.),27,Y(А13),23:25,2047,2026-10-01 23:36:00,2026-10-01 23:39:00,,2026-10-01 23:40:00,2026-10-01 23:59:00,2026-10-01 23:40:00,2026-10-01 23:59:00,2026-10-01 23:54:00,5.0,5.0,2026-10-01 23:56:00,2026-10-02 00:08:00,,2.0,2026-10-01 23:46:00,2026-10-01 23:51:00,2026-10-02 00:02:00,2026-10-02 00:10:00,,,Потапов Е. А.,Red Sea,Выдача от 30 до 40 минут
2026-10-01,ДР 168 ,73Х,МИНЕРАЛЬНЫЕ ВОДЫ,46,Y(А08),23:34,656,2026-10-01 23:39:00,2026-10-01 23:41:00,,2026-10-01 23:44:00,2026-10-01 23:55:00,2026-10-01 23:44:00,2026-10-01 23:55:00,2026-10-01 23:47:00,8.0,7.0,2026-10-02 00:05:00,2026-10-02 00:08:00,,0.0,2026-10-01 23:57:00,2026-10-02 00:07:00,,,,,Барабанов А. М.,Победа,Выдача до 30 минут
2026-10-01,NE 640 ,321,ШАРМ ЭЛЬ ШЕЙХ(ШАРМ ЭЛЬ ШЕЙХ ИНТЛ.),24,Y(А09),23:37,2265,2026-10-01 23:46:00,2026-10-01 23:48:00,,2026-10-01 23:49:00,2026-10-02 00:08:00,2026-10-01 23:57:00,2026-10-02 00:08:00,2026-10-02 00:05:00,3.0,,2026-10-02 00:02:00,2026-10-02 00:03:00,,0.0,2026-10-01 23:58:00,2026-10-02 00:03:00,2026-10-02 00:08:00,2026-10-02 00:12:00,,,"Вазиров Т. В., Никишин А. В.",Nesma Airlines,Выдача до 30 минут
2026-10-01,ЮТ 376 ,73Е,СЫКТЫВКАР,15,Y(А05),23:40,342,2026-10-01 23:47:00,2026-10-01 23:48:00,,2026-10-01 23:56:00,2026-10-01 23:59:00,2026-10-01 23:56:00,2026-10-01 23:59:00,2026-10-01 23:53:00,6.0,1.0,2026-10-02 00:04:00,2026-10-02 00:05:00,,0.0,2026-10-02 00:00:00,2026-10-02 00:06:00,,,,,Омурбек У. Б.,Ютэйр,Выдача до 30 минут
2026-10-01,ДР 422 ,7С8,САМАРА(КУРУМОЧ),43,Y(А04),23:43,121,2026-10-01 23:51:00,2026-10-01 23:54:00,,2026-10-01 23:55:00,2026-10-02 00:02:00,2026-10-01 23:55:00,2026-10-02 00:02:00,2026-10-01 23:56:00,6.0,6.0,2026-10-02 00:08:00,2026-10-02 00:09:00,,0.0,2026-10-02 00:03:00,2026-10-02 00:10:00,,,,,Кузин К. С.,Победа,Выдача до 30 минут
2026-10-01,TK 211 ,321,АНТАЛЬЯ,31,Y(А10),23:46,2376,2026-10-01 23:54:00,2026-10-01 23:56:00,,2026-10-02 00:02:00,2026-10-02 00:20:00,2026-10-02 00:02:00,2026-10-02 00:20:00,2026-10-02 00:14:00,6.0,2.0,2026-10-02 00:18:00,2026-10-02 00:23:00,,0.0,2026-10-02 00:16:00,2026-10-02 00:31:00,,,,,Рябчевский В. О.,Turkish Airlines,Выдача до 30 минут
2026-10-01,J2 809 ,76В,БАКУ(ИМ. ГЕЙДАРА АЛИЕВА),18,Y(А13),23:50,3272,2026-10-02 00:01:00,2026-10-02 00:02:00,,2026-10-02 00:07:00,2026-10-02 00:22:00,2026-10-02 00:07:00,2026-10-02 00:22:00,2026-10-02 00:27:00,,,2026-10-02 00:27:00,2026-10-02 00:31:00,6.0,0.0,2026-10-02 00:22:00,2026-10-02 00:28:00,2026-10-02 00:10:00,2026-10-02 00:24:00,,,Коляскин А. Г.,AZAL,Выдача до 30 минут
2026-10-01,ДР 264 ,73Х,КАЛИНИНГРАД(ХРАБРОВО),47,Y(А06),23:54,537,2026-10-02 00:02:00,2026-10-02 00:03:00,,2026-10-02 00:05:00,2026-10-02 00:13:00,2026-10-02 00:05:00,2026-10-02 00:13:00,2026-10-02 00:10:00,3.0,4.0,2026-10-02 00:22:00,2026-10-02 00:24:00,,0.0,2026-10-02 00:14:00,2026-10-02 00:21:00,,,,,Хушвактов П. З.,Победа,Выдача до 30 минут
2026-10-01,ДР 158 ,7С8,КРАСНОДАР(ПАШКОВСКИЙ),42,Y(А04),22:43,395,2026-10-01 22:51:00,2026-10-01 22:51:00,,2026-10-01 22:54:00,2026-10-01 23:01:00,2026-10-01 22:54:00,2026-10-01 23:01:00,2026-10-01 22:58:00,3.0,4.0,2026-10-01 23:10:00,2026-10-01 23:11:00,,0.0,2026-10-01 23:05:00,2026-10-01 23:10:00,,,,,Омурбек У. Б.,Победа,Выдача до 30 минут
2026-10-01,ЯК 465 ,7С8,ЯКУТСК,14,Y(А06),12:35,901,2026-10-01 12:45:00,2026-10-01 12:47:00,,2026-10-01 12:48:00,2026-10-01 13:02:00,2026-10-01 12:48:00,2026-10-01 13:02:00,2026-10-01 12:55:00,7.0,8.0,2026-10-01 13:07:00,2026-10-01 13:09:00,2.0,0.0,2026-10-01 13:03:00,2026-10-01 13:07:00,,,,,Попов Д. В.,Якутия,Выдача до 30 минут
2026-10-01,ДР 968 ,73Х,МИНСК(МИНСК ИНТЛ.),47,Y(А13),22:40,325,2026-10-01 22:46:00,2026-10-01 22:50:00,1.0,2026-10-01 22:50:00,2026-10-01 22:54:00,2026-10-01 22:50:00,2026-10-01 22:54:00,2026-10-01 22:52:00,2.0,2.0,2026-10-01 23:04:00,2026-10-01 23:06:00,,0.0,2026-10-01 22:56:00,2026-10-01 23:09:00,,,,,Тришкин А. В.,Победа,Выдача до 30 минут
2026-10-01,ЮТ 784 ,73Х,АНТАЛЬЯ,19,Y(А12),22:27,1706,2026-10-01 22:38:00,2026-10-01 22:39:00,,2026-10-01 22:40:00,2026-10-01 22:57:00,2026-10-01 22:41:00,2026-10-01 22:57:00,2026-10-01 22:53:00,4.0,5.0,2026-10-01 23:02:00,2026-10-01 23:06:00,4.0,0.0,2026-10-01 22:47:00,2026-10-01 22:54:00,2026-10-01 22:57:00,2026-10-01 23:04:00,,,"Семиченков С. А., Хушвактов П. З.",Ютэйр,Выдача до 30 минут
2026-10-01,ФВ 6181 ,СУ9,САНКТ-ПЕТЕРБУРГ(ПУЛКОВО),5,Y(А04),20:11,83,2026-10-01 20:19:00,2026-10-01 20:21:00,,2026-10-01 20:22:00,2026-10-01 20:31:00,2026-10-01 20:22:00,2026-10-01 20:31:00,2026-10-01 20:24:00,7.0,8.0,2026-10-01 20:28:00,2026-10-01 20:29:00,,0.0,2026-10-01 20:23:00,2026-10-01 20:30:00,,,,,Кузин К. С.,Россия,Выдача до 30 минут
2026-10-01,ДР 836 ,7С8,ГАЗИПАША,44,Y(А09),20:16,2087,-1,,,2026-10-01 20:26:00,2026-10-01 20:41:00,2026-10-01 20:26:00,2026-10-01 20:41:00,,,1.0,2026-10-01 20:36:00,2026-10-01 20:55:00,,0.0,2026-10-01 20:32:00,2026-10-01 20:36:00,2026-10-01 20:43:00,2026-10-01 20:55:00,,,Андреев А. М.,Победа,Некорректно проставлены отметки
2026-10-01,ДР 404 ,73Х,ЕКАТЕРИНБУРГ(КОЛЬЦОВО),46,Y(А05),20:19,586,2026-10-01 20:26:00,2026-10-01 20:28:00,,2026-10-01 20:28:00,2026-10-01 20:36:00,2026-10-01 20:28:00,2026-10-01 20:36:00,2026-10-01 20:34:00,2.0,4.0,2026-10-01 20:42:00,2026-10-01 20:43:00,,0.0,2026-10-01 20:37:00,2026-10-01 20:42:00,,,,,Хушвактов П. З.,Победа,Выдача до 30 минут
2026-10-01,ХИ 9627 ,32Н,ФЕРГАНА(ФЕРГАНА ИНТЛ.),25,Y(А10),20:22,2254,2026-10-01 20:33:00,2026-10-01 20:35:00,,2026-10-01 20:37:00,2026-10-01 20:50:00,2026-10-01 20:37:00,2026-10-01 20:50:00,2026-10-01 20:52:00,,,2026-10-01 20:44:00,2026-10-01 20:55:00,,0.0,2026-10-01 20:41:00,2026-10-01 20:46:00,2026-10-01 20:50:00,2026-10-01 20:55:00,,,"Гафуров О. Ф., Юрков С.",UZBEKISTAN AIRWAYS,Выдача до 30 минут
2026-10-01,ЮТ 716 ,762,ДУБАЙ(АЛЬ-МАКТУМ ИНТЛ),64,Y(А09),20:29,2004,2026-10-01 20:42:00,2026-10-01 20:45:00,,2026-10-01 20:45:00,2026-10-01 21:00:00,2026-10-01 20:45:00,2026-10-01 21:00:00,2026-10-01 20:59:00,1.0,2.0,2026-10-01 21:09:00,2026-10-01 21:31:00,,19.0,2026-10-01 20:45:00,2026-10-01 21:10:00,,,,,Вазиров Т. В.,Ютэйр,Выдача более 40 минут
2026-10-01,ДР 794 ,73Х,ДУБАЙ(АЛЬ-МАКТУМ ИНТЛ),50,Y(А11),20:33,1140,2026-10-01 20:39:00,2026-10-01 20:42:00,,2026-10-01 20:42:00,2026-10-01 20:55:00,2026-10-01 20:42:00,2026-10-01 20:55:00,2026-10-01 20:51:00,4.0,5.0,2026-10-01 21:03:00,2026-10-01 21:08:00,,0.0,2026-10-01 20:55:00,2026-10-01 21:02:00,,,,,Екимов С. С.,Победа,Выдача до 30 минут
2026-10-01,ХИ 9619 ,32Н,НАМАНГАН,24,Y(А12),20:36,2163,2026-10-01 20:44:00,2026-10-01 20:45:00,,2026-10-01 20:47:00,2026-10-01 21:07:00,2026-10-01 20:47:00,2026-10-01 21:07:00,2026-10-01 21:02:00,5.0,6.0,2026-10-01 21:22:00,2026-10-01 21:23:00,18.0,9.0,2026-10-01 20:54:00,2026-10-01 20:58:00,2026-10-01 21:08:00,2026-10-01 21:13:00,,,Барабанов А. М.,UZBEKISTAN AIRWAYS,Выдача от 30 до 40 минут
2026-10-01,ХИ 613 ,320,ТАШКЕНТ(ТАШКЕНТ ИНТЛ.),23,Y(А10),20:40,1683,2026-10-01 20:47:00,2026-10-01 20:49:00,,2026-10-01 20:52:00,2026-10-01 21:04:00,2026-10-01 20:57:00,2026-10-01 21:04:00,2026-10-01 21:02:00,2.0,,2026-10-01 21:02:00,2026-10-01 21:15:00,,0.0,2026-10-01 21:08:00,2026-10-01 21:16:00,2026-10-01 20:59:00,2026-10-01 21:03:00,,,"Андреев А. М., Коляскин А. Г.",UZBEKISTAN AIRWAYS,Выдача до 30 минут
2026-10-01,PBD 860 ,7С8,АНТАЛЬЯ,21,Y(А10),20:42,1754,-1,,,2026-10-01 20:51:00,2026-10-01 21:07:00,2026-10-01 20:51:00,2026-10-01 21:07:00,,,4.0,2026-10-01 21:15:00,2026-10-01 21:18:00,,0.0,2026-10-01 20:58:00,2026-10-01 21:04:00,2026-10-01 21:09:00,2026-10-01 21:15:00,,,Омурбек У. Б.,Победа,Некорректно проставлены отметки
2026-10-01,DV 815 ,7М8,АЛМАТЫ(АЛМАТЫ ИНТЛ.),22,Y(А13),20:44,1364,2026-10-01 20:56:00,2026-10-01 20:57:00,,2026-10-01 21:01:00,2026-10-01 21:33:00,2026-10-01 21:01:00,2026-10-01 21:33:00,2026-10-01 21:09:00,24.0,23.0,2026-10-01 21:11:00,2026-10-01 21:22:00,,0.0,2026-10-01 21:06:00,2026-10-01 21:12:00,2026-10-01 21:16:00,2026-10-01 21:22:00,,,"Иванов В. А., Тришкин А. В.",SCAT Airlines,Выдача до 30 минут
2026-10-01,ЮВ 204 ,ЦР2,ТОБОЛЬСК(РЕМЕЗОВ),45,Y(А04),20:47,163,2026-10-01 20:54:00,2026-10-01 20:55:00,,2026-10-01 20:57:00,2026-10-01 20:59:00,2026-10-01 20:57:00,2026-10-01 20:59:00,2026-10-01 20:59:00,,1.0,2026-10-01 21:06:00,2026-10-01 21:07:00,,0.0,2026-10-01 21:00:00,2026-10-01 21:06:00,,,,,Дубинский В. Д.,ЮВТ АЭРО,Выдача до 30 минут
2026-10-01,FZ 975 ,7М8,ДУБАЙ(ДУБАЙ ИНТЛ.),30,Y(А09),20:56,2227,2026-10-01 21:03:00,2026-10-01 21:05:00,,2026-10-01 21:07:00,2026-10-01 21:25:00,2026-10-01 21:16:00,2026-10-01 21:25:00,2026-10-01 21:22:00,3.0,,2026-10-01 21:21:00,2026-10-01 21:29:00,,0.0,2026-10-01 21:15:00,2026-10-01 21:24:00,2026-10-01 21:26:00,2026-10-01 21:28:00,,,"Потапов Е. А., Рябчевский В. О.",flydubai,Выдача до 30 минут
2026-10-01,ФВ 6183 ,СУ9,САНКТ-ПЕТЕРБУРГ(ПУЛКОВО),8,Y(А04),21:54,88,2026-10-01 22:06:00,2026-10-01 22:07:00,,2026-10-01 22:09:00,2026-10-01 22:11:00,2026-10-01 22:09:00,2026-10-01 22:11:00,2026-10-01 22:11:00,,1.0,2026-10-01 22:06:00,2026-10-01 22:07:00,,0.0,2026-10-01 22:11:00,2026-10-01 22:14:00,,,,,Семиченков С. А.,Россия,Выдача до 30 минут
2026-10-01,ДР 206 ,7С8,САНКТ-ПЕТЕРБУРГ(ПУЛКОВО),48,Y(А04),22:07,217,2026-10-01 22:11:00,2026-10-01 22:15:00,1.0,2026-10-01 22:16:00,2026-10-01 22:21:00,2026-10-01 22:16:00,2026-10-01 22:21:00,2026-10-01 22:16:00,5.0,4.0,2026-10-01 22:30:00,2026-10-01 22:32:00,,0.0,2026-10-01 22:26:00,2026-10-01 22:32:00,,,,,Тихонов С. М.,Победа,Выдача до 30 минут
2026-10-01,FZ 967 ,7М8,ДУБАЙ(ДУБАЙ ИНТЛ.),30,Y(А09),22:10,2271,2026-10-01 22:26:00,2026-10-01 22:29:00,,2026-10-01 22:30:00,2026-10-01 22:49:00,2026-10-01 22:30:00,2026-10-01 22:49:00,2026-10-01 22:45:00,4.0,4.0,2026-10-01 22:41:00,2026-10-01 22:47:00,,0.0,2026-10-01 22:37:00,2026-10-01 22:40:00,2026-10-01 22:42:00,2026-10-01 22:48:00,,,"Кузин К. С., Никишин А. В.",flydubai,Выдача до 30 минут
2026-10-01,ХИ 9621 ,320,АНДИЖАН,25,Y(А10),22:14,1755,2026-10-01 22:27:00,2026-10-01 22:28:00,,2026-10-01 22:31:00,2026-10-01 22:47:00,2026-10-01 22:31:00,2026-10-01 22:47:00,2026-10-01 22:43:00,4.0,4.0,2026-10-01 22:41:00,2026-10-01 22:51:00,,0.0,2026-10-01 22:37:00,2026-10-01 22:42:00,2026-10-01 22:48:00,2026-10-01 22:51:00,,,Вазиров Т. В.,UZBEKISTAN AIRWAYS,Выдача до 30 минут
2026-10-01,DV 813 ,738,АСТАНА(НУРСУЛТАН НАЗАРБАЕВ),18,Y(А13),22:19,478,2026-10-01 22:27:00,2026-10-01 22:29:00,,2026-10-01 22:31:00,2026-10-01 22:39:00,2026-10-01 22:31:00,2026-10-01 22:39:00,2026-10-01 22:34:00,5.0,5.0,2026-10-01 22:47:00,2026-10-01 22:48:00,,0.0,2026-10-01 22:39:00,2026-10-01 22:43:00,,,,,Андреев А. М.,SCAT Airlines,Выдача до 30 минут
2026-10-01,PC 1580 ,32Н,АНТАЛЬЯ,20,Y(А11),22:33,2214,2026-10-01 22:42:00,2026-10-01 22:47:00,2.0,2026-10-01 22:44:00,2026-10-01 23:01:00,2026-10-01 22:53:00,2026-10-01 23:01:00,2026-10-01 23:01:00,,,2026-10-01 22:57:00,2026-10-01 23:07:00,,0.0,2026-10-01 22:52:00,2026-10-01 22:56:00,2026-10-01 23:01:00,2026-10-01 23:08:00,,,"Иванов В. А., Тихонов С. М.",Pegasus,Выдача до 30 минут
2026-10-01,ФВ 6009 ,СУ9,САНКТ-ПЕТЕРБУРГ(ПУЛКОВО),9,Y(А04),12:06,171,2026-10-01 12:13:00,2026-10-01 12:15:00,,2026-10-01 12:17:00,2026-10-01 12:20:00,2026-10-01 12:17:00,2026-10-01 12:20:00,2026-10-01 12:18:00,2.0,2.0,2026-10-01 12:21:00,2026-10-01 12:22:00,,0.0,2026-10-01 12:21:00,2026-10-01 12:22:00,,,,,Попов Д. В.,Россия,Выдача до 30 минут
2026-10-01,PBD 840 ,7С8,АНТАЛЬЯ,49,Y(А11),19:05,1493,2026-10-01 19:10:00,2026-10-01 19:12:00,,2026-10-01 19:15:00,2026-10-01 19:29:00,2026-10-01 19:15:00,2026-10-01 19:29:00,2026-10-01 19:24:00,5.0,4.0,2026-10-01 19:30:00,2026-10-01 19:36:00,,0.0,2026-10-01 19:21:00,2026-10-01 19:32:00,2026-10-01 19:27:00,2026-10-01 19:37:00,,,Омурбек У. Б.,Победа,Выдача до 30 минут
2026-10-01,УТА 6316 ,73Е,БОВАНЕНКОВО,17,Y(А06),11:49,1010,2026-10-01 11:53:00,2026-10-01 11:55:00,,2026-10-01 12:01:00,2026-10-01 12:11:00,2026-10-01 12:01:00,2026-10-01 12:11:00,2026-10-01 12:04:00,7.0,3.0,2026-10-01 12:09:00,2026-10-01 12:13:00,,0.0,2026-10-01 12:04:00,2026-10-01 12:09:00,,,,,Дубинский В. Д.,Ютэйр,Выдача до 30 минут
2026-10-01,ДР 114 ,73Х,СОЧИ,44,Y(А05),02:06,685,2026-10-01 02:13:00,2026-10-01 02:15:00,,2026-10-01 02:18:00,2026-10-01 02:28:00,2026-10-01 02:18:00,2026-10-01 02:28:00,2026-10-01 02:22:00,6.0,5.0,2026-10-01 02:33:00,2026-10-01 02:34:00,,0.0,2026-10-01 02:29:00,2026-10-01 02:32:00,,,,,Рустамов М. А.,Победа,Выдача до 30 минут
2026-10-01,TK 3006 ,32Б,АНТАЛЬЯ,25,Y(А09),02:25,2605,2026-10-01 02:33:00,2026-10-01 02:36:00,,2026-10-01 02:38:00,2026-10-01 02:51:00,2026-10-01 02:38:00,2026-10-01 02:51:00,2026-10-01 02:54:00,,,2026-10-01 02:47:00,2026-10-01 02:56:00,,0.0,2026-10-01 02:42:00,2026-10-01 02:46:00,2026-10-01 02:52:00,2026-10-01 02:56:00,,,Лизенко Е. В.,Turkish Airlines,Выдача до 30 минут
2026-10-01,TK 3122 ,321,БОДРУМ(МИЛАС),23,Y(А13),02:31,2095,2026-10-01 02:42:00,2026-10-01 02:45:00,,2026-10-01 02:45:00,2026-10-01 03:00:00,2026-10-01 02:45:00,2026-10-01 03:00:00,2026-10-01 03:00:00,,1.0,2026-10-01 03:03:00,2026-10-01 03:04:00,1.0,0.0,2026-10-01 02:59:00,2026-10-01 03:05:00,,,,,Михайлов М. С.,Turkish Airlines,Выдача до 30 минут
2026-10-01,PC 386 ,32Щ,СТАМБУЛ(САБИХА ГОКЦЕН),24,Y(А10),02:37,2464,2026-10-01 02:48:00,2026-10-01 02:51:00,,2026-10-01 02:52:00,2026-10-01 03:09:00,2026-10-01 02:52:00,2026-10-01 03:09:00,2026-10-01 03:08:00,1.0,1.0,2026-10-01 03:01:00,2026-10-01 03:13:00,,0.0,2026-10-01 02:58:00,2026-10-01 03:01:00,2026-10-01 03:10:00,2026-10-01 03:13:00,,,"Давлатов Б. Ч., Прохачев И. А.",Pegasus,Выдача до 30 минут
2026-10-01,ЖГ 932 ,73Х,ТБИЛИСИ(ТБИЛИСИ ИНТЛ.),30,Y(А12),03:09,1182,2026-10-01 03:18:00,2026-10-01 03:20:00,,2026-10-01 03:22:00,2026-10-01 03:30:00,2026-10-01 03:22:00,2026-10-01 03:30:00,2026-10-01 03:30:00,,,2026-10-01 03:35:00,2026-10-01 03:39:00,,0.0,2026-10-01 03:32:00,2026-10-01 03:35:00,,,,,Фартушный А. И.,GEORGIAN AIRWAYS,Выдача до 30 минут
2026-10-01,NE 646 ,320,ШАРМ ЭЛЬ ШЕЙХ(ШАРМ ЭЛЬ ШЕЙХ ИНТЛ.),26,Y(А11),03:19,1414,2026-10-01 03:30:00,2026-10-01 03:33:00,,2026-10-01 03:52:00,2026-10-01 03:53:00,2026-10-01 03:52:00,2026-10-01 03:53:00,2026-10-01 03:43:00,10.0,,2026-10-01 03:42:00,2026-10-01 03:57:00,,0.0,2026-10-01 03:53:00,2026-10-01 03:59:00,2026-10-01 03:38:00,2026-10-01 03:42:00,,,Острых В. А.,Nesma Airlines,Выдача до 30 минут
2026-10-01,NE 602 ,320,ХУРГАДА(ХУРГАДА ИНТЛ.),22,Y(А09),03:28,1954,2026-10-01 03:38:00,2026-10-01 03:40:00,,2026-10-01 03:42:00,2026-10-01 04:04:00,2026-10-01 03:42:00,2026-10-01 04:04:00,2026-10-01 03:55:00,9.0,9.0,2026-10-01 03:52:00,2026-10-01 04:09:00,,1.0,2026-10-01 03:48:00,2026-10-01 03:52:00,2026-10-01 04:05:00,2026-10-01 04:09:00,,,Саидов А. С.,Nesma Airlines,Выдача от 30 до 40 минут
2026-10-01,ДР 964B,73Х,ДАЛАМАН,43,Y(А12),03:48,1730,2026-10-01 03:57:00,2026-10-01 04:00:00,,2026-10-01 04:01:00,2026-10-01 04:14:00,2026-10-01 04:01:00,2026-10-01 04:14:00,2026-10-01 04:13:00,1.0,1.0,2026-10-01 04:12:00,2026-10-01 04:22:00,,0.0,2026-10-01 04:06:00,2026-10-01 04:11:00,2026-10-01 04:16:00,2026-10-01 04:22:00,,,Фаёзов А. Р.,Победа,Выдача до 30 минут
2026-10-01,NE 490 ,320,ХУРГАДА(ХУРГАДА ИНТЛ.),19,Y(А11),04:22,2088,2026-10-01 04:34:00,2026-10-01 04:37:00,,2026-10-01 04:40:00,2026-10-01 04:54:00,2026-10-01 04:40:00,2026-10-01 04:54:00,2026-10-01 04:52:00,2.0,,2026-10-01 04:52:00,2026-10-01 04:53:00,,0.0,2026-10-01 04:47:00,2026-10-01 04:53:00,2026-10-01 05:09:00,2026-10-01 05:15:00,,,Конюхов Я. А.,Nesma Airlines,Выдача до 30 минут
2026-10-01,FZ 965A,7М8,ДУБАЙ(ДУБАЙ ИНТЛ.),21,Y(А09),04:28,2459,2026-10-01 04:38:00,2026-10-01 04:41:00,,2026-10-01 04:41:00,2026-10-01 04:54:00,2026-10-01 04:43:00,2026-10-01 04:54:00,2026-10-01 04:58:00,,,2026-10-01 04:52:00,2026-10-01 05:09:00,,1.0,2026-10-01 04:48:00,2026-10-01 04:55:00,2026-10-01 05:03:00,2026-10-01 05:07:00,,,"Михайлов М. С., Рустамов М. А.",flydubai,Выдача от 30 до 40 минут
2026-10-01,PC 1456 ,32Щ,БОДРУМ(МИЛАС),20,Y(А10),04:32,2657,2026-10-01 04:43:00,2026-10-01 04:45:00,,2026-10-01 04:46:00,2026-10-01 05:09:00,2026-10-01 04:46:00,2026-10-01 05:09:00,2026-10-01 05:05:00,4.0,5.0,2026-10-01 04:58:00,2026-10-01 05:18:00,,5.0,2026-10-01 05:14:00,2026-10-01 05:19:00,2026-10-01 04:53:00,2026-10-01 04:59:00,,,Давлатов Б. Ч.,Pegasus,Выдача от 30 до 40 минут
2026-10-01,VF 587 ,73Х,АНКАРА(ЕСЕНБОГА),25,Y(А10),04:40,2329,2026-10-01 04:53:00,2026-10-01 04:56:00,,2026-10-01 04:55:00,2026-10-01 05:19:00,2026-10-01 04:55:00,2026-10-01 05:19:00,2026-10-01 05:13:00,6.0,8.0,2026-10-01 05:06:00,2026-10-01 05:26:00,,3.0,2026-10-01 05:03:00,2026-10-01 05:05:00,2026-10-01 05:22:00,2026-10-01 05:25:00,,,Прохачев И. А.,AJET,Выдача от 30 до 40 минут
2026-10-01,VF 277 ,73Х,СТАМБУЛ(САБИХА ГОКЦЕН),24,Y(А12),04:45,2053,2026-10-01 04:57:00,2026-10-01 05:02:00,2.0,2026-10-01 05:03:00,2026-10-01 05:24:00,2026-10-01 05:03:00,2026-10-01 05:24:00,2026-10-01 05:15:00,9.0,7.0,2026-10-01 05:12:00,2026-10-01 05:29:00,,2.0,2026-10-01 05:26:00,2026-10-01 05:30:00,2026-10-01 05:08:00,2026-10-01 05:13:00,,,Фаёзов А. Р.,AJET,Выдача от 30 до 40 минут
2026-10-01,TK 419 ,333,СТАМБУЛ(СТАМБУЛ НЬЮ),23,Y(А09),04:52,4526,2026-10-01 05:10:00,2026-10-01 05:10:00,,2026-10-01 05:11:00,2026-10-01 05:31:00,2026-10-01 05:14:00,2026-10-01 05:31:00,2026-10-01 05:44:00,,,2026-10-01 05:28:00,2026-10-01 05:31:00,,0.0,2026-10-01 05:15:00,2026-10-01 05:31:00,2026-10-01 05:30:00,2026-10-01 05:39:00,,,"Лизенко Е. В., Тришкин А. В.",Turkish Airlines,Выдача до 30 минут
2026-10-01,PC 390 ,32Щ,СТАМБУЛ(САБИХА ГОКЦЕН),37,Y(А10),04:57,2530,2026-10-01 05:07:00,2026-10-01 05:09:00,,2026-10-01 05:13:00,2026-10-01 05:28:00,2026-10-01 05:13:00,2026-10-01 05:28:00,2026-10-01 05:28:00,,,2026-10-01 05:21:00,2026-10-01 05:37:00,,0.0,2026-10-01 05:30:00,2026-10-01 05:37:00,2026-10-01 05:17:00,2026-10-01 05:23:00,,,Науну М.,Pegasus,Выдача до 30 минут
2026-10-01,ЮТ 786 ,73Х,ЕРЕВАН(ЗВАРТНОЦ ИНТЛ),16,Y(А13),05:02,1571,2026-10-01 05:12:00,2026-10-01 05:14:00,,2026-10-01 06:00:00,2026-10-01 06:19:00,2026-10-01 06:01:00,2026-10-01 06:19:00,2026-10-01 05:26:00,53.0,8.0,2026-10-01 06:19:00,2026-10-01 06:29:00,37.0,47.0,2026-10-01 06:09:00,2026-10-01 06:14:00,2026-10-01 06:21:00,2026-10-01 06:27:00,,,"Корнилов Н. А., Саидов А. С.",Ютэйр,Выдача более 40 минут
2026-10-01,ДР 730 ,7С8,ФЕРГАНА(ФЕРГАНА ИНТЛ.),36,Y(А11),05:12,830,-1,,,2026-10-01 05:26:00,2026-10-01 05:32:00,2026-10-01 05:26:00,2026-10-01 05:32:00,,,,2026-10-01 05:39:00,2026-10-01 05:44:00,,0.0,2026-10-01 05:34:00,2026-10-01 05:39:00,,,,,Резчиков А. А.,Победа,Некорректно проставлены отметки
2026-10-01,TK 3154 ,32Б,БОДРУМ(МИЛАС),20,Y(А09),01:50,2403,2026-10-01 02:03:00,2026-10-01 02:06:00,,2026-10-01 02:06:00,2026-10-01 02:22:00,2026-10-01 02:06:00,2026-10-01 02:22:00,2026-10-01 02:23:00,,,2026-10-01 02:20:00,2026-10-01 02:28:00,,0.0,2026-10-01 02:15:00,2026-10-01 02:21:00,2026-10-01 02:24:00,2026-10-01 02:32:00,,,Фартушный А. И.,Turkish Airlines,Выдача до 30 минут
2026-10-01,ДР 408 ,73Х,ЕКАТЕРИНБУРГ(КОЛЬЦОВО),46,Y(А04),05:21,351,2026-10-01 05:29:00,2026-10-01 05:32:00,,2026-10-01 05:33:00,2026-10-01 05:41:00,2026-10-01 05:33:00,2026-10-01 05:41:00,2026-10-01 05:35:00,6.0,6.0,2026-10-01 05:46:00,2026-10-01 05:48:00,,0.0,2026-10-01 05:39:00,2026-10-01 05:46:00,,,,,Саидов А. С.,Победа,Выдача до 30 минут
2026-10-01,NE 606 ,320,ХУРГАДА(ХУРГАДА ИНТЛ.),19,Y(А11),01:45,1901,2026-10-01 01:55:00,2026-10-01 01:56:00,,2026-10-01 01:58:00,2026-10-01 02:17:00,2026-10-01 01:58:00,2026-10-01 02:17:00,2026-10-01 02:12:00,5.0,6.0,2026-10-01 02:10:00,2026-10-01 02:26:00,,1.0,2026-10-01 02:04:00,2026-10-01 02:10:00,2026-10-01 02:19:00,2026-10-01 02:26:00,,,Резчиков А. А.,Nesma Airlines,Выдача от 30 до 40 минут
2026-10-01,ЮТ 376 ,734,СЫКТЫВКАР,17,Y(А05),01:33,378,2026-10-01 01:41:00,2026-10-01 01:43:00,,2026-10-01 01:48:00,2026-10-01 01:55:00,2026-10-01 01:48:00,2026-10-01 01:55:00,2026-10-01 01:48:00,7.0,4.0,2026-10-01 02:03:00,2026-10-01 02:04:00,2.0,0.0,2026-10-01 01:59:00,2026-10-01 02:03:00,,,,,Тихонов С. М.,Ютэйр,Выдача до 30 минут
2026-10-01,ДР 996 ,7С8,СТАМБУЛ(СТАМБУЛ НЬЮ),46,Y(А11),00:08,1383,2026-10-01 00:15:00,2026-10-01 00:18:00,,2026-10-01 00:18:00,2026-10-01 00:30:00,2026-10-01 00:18:00,2026-10-01 00:30:00,2026-10-01 00:28:00,2.0,3.0,2026-10-01 00:41:00,2026-10-01 00:46:00,,1.0,2026-10-01 00:34:00,2026-10-01 00:40:00,,,,,Фаёзов А. Р.,Победа,Выдача от 30 до 40 минут
2026-10-01,TK 409 ,321,СТАМБУЛ(СТАМБУЛ НЬЮ),19,Y(А10),00:11,3168,2026-10-01 00:21:00,2026-10-01 00:24:00,,2026-10-01 00:28:00,2026-10-01 00:44:00,2026-10-01 00:28:00,2026-10-01 00:44:00,2026-10-01 00:46:00,,,2026-10-01 00:47:00,2026-10-01 00:52:00,6.0,1.0,2026-10-01 00:31:00,2026-10-01 00:44:00,2026-10-01 00:43:00,2026-10-01 00:53:00,,,Позин М. В.,Turkish Airlines,Выдача от 30 до 40 минут
2026-10-01,TK 3002 ,321,АНТАЛЬЯ,24,Y(А09),00:14,2259,2026-10-01 00:26:00,2026-10-01 00:28:00,,2026-10-01 00:38:00,2026-10-01 00:43:00,2026-10-01 00:38:00,2026-10-01 00:43:00,2026-10-01 00:45:00,,,2026-10-01 00:43:00,2026-10-01 00:49:00,,0.0,2026-10-01 00:41:00,2026-10-01 00:50:00,,,,,Корнилов Н. А.,Turkish Airlines,Выдача до 30 минут
2026-10-01,ФВ 6189 ,СУ9,САНКТ-ПЕТЕРБУРГ(ПУЛКОВО),8,Y(А04),00:17,86,2026-10-01 00:24:00,2026-10-01 00:27:00,,2026-10-01 00:27:00,2026-10-01 00:29:00,2026-10-01 00:27:00,2026-10-01 00:29:00,2026-10-01 00:29:00,,1.0,2026-10-01 00:33:00,2026-10-01 00:34:00,,0.0,2026-10-01 00:30:00,2026-10-01 00:33:00,,,,,Саидов А. С.,Россия,Выдача до 30 минут
2026-10-01,TK 1231 ,321,АНТАЛЬЯ,19,Y(А10),12:03,1558,2026-10-01 12:12:00,2026-10-01 12:13:00,,2026-10-01 12:15:00,2026-10-01 12:37:00,2026-10-01 12:15:00,2026-10-01 12:37:00,2026-10-01 12:26:00,11.0,12.0,2026-10-01 12:30:00,2026-10-01 12:31:00,,0.0,2026-10-01 12:03:00,2026-10-01 12:31:00,,,,,Екимов С. С.,Turkish Airlines,Выдача до 30 минут
2026-10-01,FZ 987 ,7М8,ДУБАЙ(ДУБАЙ ИНТЛ.),20,Y(А12),00:25,2115,2026-10-01 00:34:00,2026-10-01 00:37:00,,2026-10-01 00:41:00,2026-10-01 00:57:00,2026-10-01 00:41:00,2026-10-01 00:57:00,2026-10-01 00:52:00,5.0,2.0,2026-10-01 00:52:00,2026-10-01 01:08:00,,4.0,2026-10-01 00:48:00,2026-10-01 00:52:00,2026-10-01 01:01:00,2026-10-01 01:04:00,,,"Науну М., Фартушный А. И.",flydubai,Выдача от 30 до 40 минут
2026-10-01,TK 217 ,321,АНТАЛЬЯ,23,Y(А09),00:27,3032,2026-10-01 00:43:00,2026-10-01 00:44:00,,2026-10-01 00:45:00,2026-10-01 01:02:00,2026-10-01 00:45:00,2026-10-01 01:02:00,2026-10-01 01:07:00,,,2026-10-01 01:01:00,2026-10-01 01:11:00,,0.0,2026-10-01 00:50:00,2026-10-01 01:00:00,2026-10-01 00:59:00,2026-10-01 01:16:00,,,Скулов Е. С.,Turkish Airlines,Выдача до 30 минут
2026-10-01,VF 275 ,73Х,СТАМБУЛ(САБИХА ГОКЦЕН),37,Y(А10),00:32,2790,2026-10-01 00:44:00,2026-10-01 00:48:00,1.0,2026-10-01 00:46:00,2026-10-01 01:09:00,2026-10-01 00:46:00,2026-10-01 01:09:00,2026-10-01 01:07:00,2.0,4.0,2026-10-01 01:03:00,2026-10-01 01:18:00,,4.0,2026-10-01 00:53:00,2026-10-01 00:58:00,2026-10-01 01:10:00,2026-10-01 01:19:00,,,Лизенко Е. В.,AJET,Выдача от 30 до 40 минут
2026-10-01,TK 3178 ,321,ДАЛАМАН,30,Y(А09),00:40,2613,2026-10-01 00:56:00,2026-10-01 00:56:00,,2026-10-01 01:00:00,2026-10-01 01:13:00,2026-10-01 01:00:00,2026-10-01 01:13:00,2026-10-01 01:17:00,,,2026-10-01 01:08:00,2026-10-01 01:19:00,,0.0,2026-10-01 00:59:00,2026-10-01 01:08:00,2026-10-01 01:15:00,2026-10-01 01:19:00,,,Михайлов М. С.,Turkish Airlines,Выдача до 30 минут
2026-10-01,TK 3014 ,321,АНТАЛЬЯ,26,Y(А10),00:44,3074,2026-10-01 00:58:00,2026-10-01 01:02:00,1.0,2026-10-01 01:03:00,2026-10-01 01:19:00,2026-10-01 01:03:00,2026-10-01 01:19:00,2026-10-01 01:22:00,,,2026-10-01 01:15:00,2026-10-01 01:28:00,,0.0,2026-10-01 01:01:00,2026-10-01 01:14:00,2026-10-01 01:12:00,2026-10-01 01:29:00,,,Саидов А. С.,Turkish Airlines,Выдача до 30 минут
2026-10-01,ДР 208 ,73Х,САНКТ-ПЕТЕРБУРГ(ПУЛКОВО),47,Y(А04),00:47,119,2026-10-01 00:54:00,2026-10-01 00:58:00,1.0,2026-10-01 00:55:00,2026-10-01 00:57:00,2026-10-01 00:55:00,2026-10-01 00:57:00,2026-10-01 00:59:00,,1.0,2026-10-01 01:04:00,2026-10-01 01:05:00,,0.0,2026-10-01 00:59:00,2026-10-01 01:04:00,,,,,Лаптев В. В.,Победа,Выдача до 30 минут
2026-10-01,TK 421 ,333,СТАМБУЛ(СТАМБУЛ НЬЮ),22,Y(А09),00:50,3883,2026-10-01 01:06:00,2026-10-01 01:09:00,,2026-10-01 01:08:00,2026-10-01 01:28:00,2026-10-01 01:08:00,2026-10-01 01:28:00,2026-10-01 01:36:00,,,2026-10-01 01:21:00,2026-10-01 01:22:00,,0.0,2026-10-01 01:20:00,2026-10-01 01:33:00,2026-10-01 01:27:00,2026-10-01 01:38:00,,,Прохачев И. А.,Turkish Airlines,Выдача до 30 минут
2026-10-01,TK 3084 ,321,ДАЛАМАН,18,Y(А10),00:55,2794,2026-10-01 01:15:00,2026-10-01 01:17:00,,2026-10-01 01:20:00,2026-10-01 01:42:00,2026-10-01 01:20:00,2026-10-01 01:42:00,2026-10-01 01:38:00,4.0,3.0,2026-10-01 01:32:00,2026-10-01 01:46:00,,1.0,2026-10-01 01:19:00,2026-10-01 01:32:00,2026-10-01 01:41:00,2026-10-01 01:46:00,,,Тришкин А. В.,Turkish Airlines,Выдача от 30 до 40 минут
2026-10-01,TK 3036 ,321,АНТАЛЬЯ,25,Y(А13),00:58,3161,2026-10-01 01:11:00,2026-10-01 01:15:00,1.0,2026-10-01 01:16:00,2026-10-01 01:33:00,2026-10-01 01:16:00,2026-10-01 01:33:00,2026-10-01 01:36:00,,,2026-10-01 01:24:00,2026-10-01 01:38:00,,0.0,2026-10-01 01:25:00,2026-10-01 01:30:00,2026-10-01 01:26:00,2026-10-01 01:41:00,,,Корнилов Н. А.,Turkish Airlines,Выдача до 30 минут
2026-10-01,AZO 7008 ,СУ9,ТБИЛИСИ(ТБИЛИСИ ИНТЛ.),45,Y(А11),01:02,1368,2026-10-01 01:10:00,2026-10-01 01:12:00,,2026-10-01 01:13:00,2026-10-01 01:27:00,2026-10-01 01:13:00,2026-10-01 01:27:00,2026-10-01 01:23:00,4.0,5.0,2026-10-01 01:25:00,2026-10-01 01:39:00,,0.0,2026-10-01 01:22:00,2026-10-01 01:26:00,2026-10-01 01:27:00,2026-10-01 01:37:00,,,Давлатов Б. Ч.,GEORGIAN AIRWAYS,Выдача до 30 минут
2026-10-01,ДР 836 ,7С8,ГАЗИПАША,50,Y(А12),01:05,1888,2026-10-01 01:13:00,2026-10-01 01:17:00,1.0,2026-10-01 01:16:00,2026-10-01 01:30:00,2026-10-01 01:16:00,2026-10-01 01:30:00,2026-10-01 01:30:00,,1.0,2026-10-01 01:32:00,2026-10-01 01:39:00,,0.0,2026-10-01 01:33:00,2026-10-01 01:40:00,2026-10-01 01:25:00,2026-10-01 01:31:00,,,Фаёзов А. Р.,Победа,Выдача до 30 минут
2026-10-01,ДР 486 ,7С8,УЛЬЯНОВСК(БАРАТАЕВКА),16,Y(А04),01:23,126,2026-10-01 01:33:00,2026-10-01 01:34:00,,2026-10-01 01:36:00,2026-10-01 01:37:00,2026-10-01 01:36:00,2026-10-01 01:37:00,2026-10-01 01:38:00,,,2026-10-01 01:46:00,2026-10-01 01:47:00,,0.0,2026-10-01 01:40:00,2026-10-01 01:43:00,,,,,Науну М.,Победа,Выдача до 30 минут
2026-10-01,4S 337 ,7С8,ШАРМ ЭЛЬ ШЕЙХ(ШАРМ ЭЛЬ ШЕЙХ ИНТЛ.),21,Y(А13),01:36,2137,2026-10-01 01:45:00,2026-10-01 01:50:00,2.0,2026-10-01 01:51:00,2026-10-01 02:08:00,2026-10-01 02:02:00,2026-10-01 02:08:00,2026-10-01 02:03:00,5.0,,2026-10-01 02:04:00,2026-10-01 02:13:00,,0.0,2026-10-01 01:58:00,2026-10-01 02:04:00,2026-10-01 02:09:00,2026-10-01 02:14:00,,,"Конюхов Я. А., Острых В. А.",Red Sea,Выдача до 30 минут
2026-10-01,AZO 7072 ,СУ9,КУТАИСИ(КУТАИСИ ИНТЛ.),26,Y(А12),05:32,1084,2026-10-01 05:42:00,2026-10-01 05:44:00,,2026-10-01 05:46:00,2026-10-01 06:02:00,2026-10-01 05:46:00,2026-10-01 06:02:00,2026-10-01 05:53:00,9.0,9.0,2026-10-01 06:03:00,2026-10-01 06:05:00,1.0,0.0,2026-10-01 06:01:00,2026-10-01 06:03:00,,,,,Лизенко Е. В.,GEORGIAN AIRWAYS,Выдача до 30 минут
2026-10-01,PC 1521 ,32Н,ИЗМИР(АДНАН МЕНДЕРЕС),37A,Y(А13),00:22,2137,2026-10-01 00:30:00,2026-10-01 00:33:00,,2026-10-01 00:31:00,2026-10-01 00:48:00,2026-10-01 00:31:00,2026-10-01 00:48:00,2026-10-01 00:48:00,,3.0,2026-10-01 00:52:00,2026-10-01 00:58:00,,0.0,2026-10-01 00:39:00,2026-10-01 00:51:00,2026-10-01 00:51:00,2026-10-01 00:59:00,,,Острых В. А.,Pegasus,Выдача до 30 минут
2026-10-01,NE 644 ,321,ШАРМ ЭЛЬ ШЕЙХ(ШАРМ ЭЛЬ ШЕЙХ ИНТЛ.),25,Y(А10),06:19,2638,2026-10-01 06:29:00,2026-10-01 06:34:00,2.0,2026-10-01 06:33:00,2026-10-01 06:54:00,2026-10-01 06:33:00,2026-10-01 06:54:00,2026-10-01 06:51:00,3.0,3.0,2026-10-01 06:41:00,2026-10-01 07:01:00,,2.0,2026-10-01 06:38:00,2026-10-01 06:43:00,2026-10-01 06:54:00,2026-10-01 06:57:00,,,Рустамов М. А.,Nesma Airlines,Выдача от 30 до 40 минут
2026-10-01,ЮТ 352 ,735,ХАНТЫ-МАНСИЙСК,13,Y(А08),08:36,414,2026-10-01 08:43:00,2026-10-01 08:43:00,,2026-10-01 08:47:00,2026-10-01 08:51:00,2026-10-01 08:47:00,2026-10-01 08:51:00,2026-10-01 08:50:00,1.0,1.0,2026-10-01 08:55:00,2026-10-01 08:58:00,,0.0,2026-10-01 08:52:00,2026-10-01 08:55:00,,,,,Рябчевский В. О.,Ютэйр,Выдача до 30 минут
2026-10-01,ЮТ 560 ,73Х,МАХАЧКАЛА,58A,Y(А05),08:40,663,-1,,,2026-10-01 08:56:00,2026-10-01 09:03:00,2026-10-01 08:56:00,2026-10-01 09:03:00,,,3.0,2026-10-01 09:15:00,2026-10-01 09:18:00,,0.0,2026-10-01 09:10:00,2026-10-01 09:15:00,,,,,Тано Б. А.,Ютэйр,Некорректно проставлены отметки
2026-10-01,ДР 714 ,7С8,САМАРКАНД(САМАРКАНД ИНТЛ.),47,Y(А11),08:44,561,2026-10-01 08:50:00,2026-10-01 08:52:00,,2026-10-01 08:56:00,2026-10-01 09:03:00,2026-10-01 08:56:00,2026-10-01 09:03:00,2026-10-01 08:58:00,5.0,3.0,2026-10-01 09:13:00,2026-10-01 09:14:00,,0.0,2026-10-01 09:06:00,2026-10-01 09:12:00,,,,,Додаров Б. М.,Победа,Выдача до 30 минут
2026-10-01,ДР 744 ,73Х,ОШ,50,Y(А13),08:50,327,2026-10-01 08:57:00,2026-10-01 08:59:00,,2026-10-01 09:00:00,2026-10-01 09:26:00,2026-10-01 09:00:00,2026-10-01 09:26:00,2026-10-01 09:03:00,23.0,24.0,2026-10-01 09:12:00,2026-10-01 09:13:00,,0.0,2026-10-01 09:04:00,2026-10-01 09:11:00,,,,,Екимов С. С.,Победа,Выдача до 30 минут
2026-10-01,КГ 555 ,320,ОШ,19,Y(А13),09:08,2933,2026-10-01 09:20:00,2026-10-01 09:21:00,,2026-10-01 09:24:00,2026-10-01 09:46:00,2026-10-01 09:24:00,2026-10-01 09:46:00,2026-10-01 09:44:00,2.0,2.0,2026-10-01 09:33:00,2026-10-01 09:50:00,,0.0,2026-10-01 09:27:00,2026-10-01 09:50:00,2026-10-01 09:19:00,2026-10-01 09:33:00,,,Дубинский В. Д.,Aero Nomad,Выдача до 30 минут
2026-10-01,ФВ 6003 ,СУ9,САНКТ-ПЕТЕРБУРГ(ПУЛКОВО),5,Y(А04),09:11,24,2026-10-01 09:19:00,2026-10-01 09:22:00,,2026-10-01 09:23:00,2026-10-01 09:24:00,2026-10-01 09:23:00,2026-10-01 09:24:00,2026-10-01 09:23:00,1.0,1.0,2026-10-01 09:29:00,2026-10-01 09:30:00,,0.0,2026-10-01 09:26:00,2026-10-01 09:29:00,,,,,Фартушный А. И.,Россия,Выдача до 30 минут
2026-10-01,AZV 3002 ,763,АНТАЛЬЯ,3,Y(А10),09:21,2983,2026-10-01 09:34:00,2026-10-01 09:39:00,2.0,2026-10-01 09:38:00,2026-10-01 10:02:00,2026-10-01 09:38:00,2026-10-01 10:02:00,2026-10-01 09:58:00,4.0,4.0,2026-10-01 09:55:00,2026-10-01 10:06:00,,2.0,2026-10-01 09:51:00,2026-10-01 10:02:00,2026-10-01 09:57:00,2026-10-01 10:02:00,,,Гаджиев Н. Т.,АЗУР эйр,Выдача от 30 до 40 минут
2026-10-01,ВГ 2390 ,ЯК4,ВОЛОГДА,45,0,09:28,122,2026-10-01 09:33:00,2026-10-01 09:35:00,,2026-10-01 09:35:00,2026-10-01 09:37:00,2026-10-01 09:35:00,2026-10-01 09:37:00,2026-10-01 09:38:00,,1.0,,-1,,0.0,,,,,,,Омурбек У. Б.,Вологодское АП,Не определено
2026-10-01,ЮТ 400 ,73Х,ГРОЗНЫЙ(СЕВЕРНЫЙ),11,Y(А05),09:36,438,2026-10-01 09:46:00,2026-10-01 09:46:00,,2026-10-01 09:49:00,2026-10-01 09:53:00,2026-10-01 09:49:00,2026-10-01 09:53:00,2026-10-01 09:53:00,,1.0,2026-10-01 09:58:00,2026-10-01 10:00:00,,0.0,2026-10-01 09:54:00,2026-10-01 09:57:00,,,,,Омурбек У. Б.,Ютэйр,Выдача до 30 минут
2026-10-01,TC 422 ,788,ДАР-ЭС-САЛАМ(ДЖ. НИЕРЕРЕ ИНТЛ),22,Y(А09),09:41,3516,2026-10-01 09:53:00,2026-10-01 09:59:00,3.0,2026-10-01 09:56:00,2026-10-01 10:20:00,2026-10-01 09:56:00,2026-10-01 10:20:00,2026-10-01 10:20:00,,1.0,2026-10-01 10:17:00,2026-10-01 10:26:00,4.0,3.0,2026-10-01 10:03:00,2026-10-01 10:20:00,2026-10-01 10:06:00,2026-10-01 10:30:00,,,Михайлов М. С.,Не найдено,Выдача от 30 до 40 минут
2026-10-01,ДР 712 ,7С8,САМАРКАНД(САМАРКАНД ИНТЛ.),48,Y(А12),09:47,606,2026-10-01 09:53:00,2026-10-01 09:58:00,2.0,2026-10-01 09:59:00,2026-10-01 10:07:00,2026-10-01 09:59:00,2026-10-01 10:07:00,2026-10-01 10:01:00,6.0,4.0,2026-10-01 10:16:00,2026-10-01 10:21:00,,0.0,2026-10-01 10:05:00,2026-10-01 10:16:00,,,,,Музафаров А. С.,Победа,Выдача до 30 минут
2026-10-01,ХИ 9609 ,320,ТЕРМЕЗ,20,Y(А11),09:54,892,2026-10-01 10:00:00,2026-10-01 10:08:00,5.0,2026-10-01 10:05:00,2026-10-01 10:36:00,2026-10-01 10:05:00,2026-10-01 10:36:00,2026-10-01 10:10:00,26.0,25.0,2026-10-01 10:16:00,2026-10-01 10:20:00,,0.0,2026-10-01 10:10:00,2026-10-01 10:15:00,,,,,Екимов С. С.,UZBEKISTAN AIRWAYS,Выдача до 30 минут
2026-10-01,ФВ 6005 ,СУ9,САНКТ-ПЕТЕРБУРГ(ПУЛКОВО),9,Y(А04),10:17,22,2026-10-01 10:28:00,2026-10-01 10:31:00,,2026-10-01 10:32:00,2026-10-01 10:36:00,2026-10-01 10:32:00,2026-10-01 10:36:00,2026-10-01 10:32:00,4.0,4.0,2026-10-01 10:35:00,2026-10-01 10:36:00,,0.0,2026-10-01 10:33:00,2026-10-01 10:35:00,,,,,Лаптев В. В.,Россия,Выдача до 30 минут
2026-10-01,ДР 466 ,73Х,УЛЬЯНОВСК(БАРАТАЕВКА),46,Y(А07),10:53,241,2026-10-01 10:59:00,2026-10-01 11:00:00,,2026-10-01 11:04:00,2026-10-01 11:06:00,2026-10-01 11:04:00,2026-10-01 11:06:00,2026-10-01 11:05:00,1.0,,2026-10-01 11:12:00,2026-10-01 11:14:00,,0.0,2026-10-01 11:06:00,2026-10-01 11:29:00,,,,,Лаптев В. В.,Победа,Выдача до 30 минут
2026-10-01,TK 413 ,333,СТАМБУЛ(СТАМБУЛ НЬЮ),23,Y(А09),11:32,3882,2026-10-01 11:45:00,2026-10-01 11:47:00,,2026-10-01 11:47:00,2026-10-01 12:03:00,2026-10-01 11:47:00,2026-10-01 12:03:00,2026-10-01 12:15:00,,,2026-10-01 12:01:00,2026-10-01 12:24:00,,9.0,2026-10-01 11:47:00,2026-10-01 12:03:00,2026-10-01 11:40:00,2026-10-01 12:06:00,,,"Барабанов А. М., Литвин И. С.",Turkish Airlines,Выдача от 30 до 40 минут
2026-10-01,ФВ 6007 ,СУ9,САНКТ-ПЕТЕРБУРГ(ПУЛКОВО),8,Y(А04),11:37,102,2026-10-01 11:44:00,2026-10-01 11:46:00,,2026-10-01 11:49:00,2026-10-01 11:52:00,2026-10-01 11:49:00,2026-10-01 11:52:00,2026-10-01 11:49:00,3.0,2.0,2026-10-01 11:56:00,2026-10-01 11:57:00,,0.0,2026-10-01 11:53:00,2026-10-01 11:57:00,,,,,Хушвактов П. З.,Россия,Выдача до 30 минут
2026-10-01,TK 407 ,333,СТАМБУЛ(СТАМБУЛ НЬЮ),19,Y(А09),06:01,4249,2026-10-01 06:12:00,2026-10-01 06:16:00,1.0,2026-10-01 06:17:00,2026-10-01 06:49:00,2026-10-01 06:18:00,2026-10-01 06:49:00,2026-10-01 06:44:00,5.0,3.0,2026-10-01 06:31:00,2026-10-01 06:46:00,,4.0,2026-10-01 06:24:00,2026-10-01 06:49:00,2026-10-01 06:36:00,2026-10-01 06:47:00,,,"Попов Д. В., Фартушный А. И.",Turkish Airlines,Выдача от 30 до 40 минут
2026-10-01,ЮБГ 809 ,738,ЕРЕВАН(ЗВАРТНОЦ ИНТЛ),21,Y(А13),08:32,1666,2026-10-01 08:40:00,2026-10-01 08:42:00,,2026-10-01 08:43:00,2026-10-01 08:57:00,2026-10-01 08:43:00,2026-10-01 08:57:00,2026-10-01 08:55:00,2.0,3.0,2026-10-01 09:00:00,2026-10-01 09:05:00,,0.0,2026-10-01 08:58:00,2026-10-01 09:03:00,2026-10-01 08:51:00,2026-10-01 08:56:00,,,"Барабанов А. М., Литвин И. С.",Shirak Avia,Выдача до 30 минут
2026-10-01,ЮТ 248 ,734,СУРГУТ,12,Y(А07),08:28,630,2026-10-01 08:38:00,2026-10-01 08:38:00,,2026-10-01 08:43:00,2026-10-01 08:50:00,2026-10-01 08:43:00,2026-10-01 08:50:00,2026-10-01 08:46:00,4.0,3.0,2026-10-01 08:54:00,2026-10-01 09:00:00,,0.0,2026-10-01 08:51:00,2026-10-01 08:54:00,,,,,Потапов Е. А.,Ютэйр,Выдача до 30 минут
2026-10-01,J2 807 ,319,БАКУ(ИМ. ГЕЙДАРА АЛИЕВА),18,Y(А10),11:11,1179,2026-10-01 11:23:00,2026-10-01 11:24:00,,2026-10-01 11:27:00,2026-10-01 11:38:00,2026-10-01 11:27:00,2026-10-01 11:38:00,2026-10-01 11:35:00,3.0,3.0,2026-10-01 11:44:00,2026-10-01 11:46:00,1.0,0.0,2026-10-01 11:39:00,2026-10-01 11:44:00,,,,,Омурбек У. Б.,AZAL,Выдача до 30 минут
2026-10-01,ЮВ 301 ,ЦР2,БУГУЛЬМА,43,Y(А04),08:16,244,2026-10-01 08:24:00,2026-10-01 08:27:00,,2026-10-01 08:27:00,2026-10-01 08:29:00,2026-10-01 08:27:00,2026-10-01 08:29:00,2026-10-01 08:30:00,,,2026-10-01 08:35:00,2026-10-01 08:37:00,,0.0,2026-10-01 08:31:00,2026-10-01 08:36:00,,,,,Омурбек У. Б.,ЮВТ АЭРО,Выдача до 30 минут
2026-10-01,ЮТ 356 ,73Х,ГРОЗНЫЙ(СЕВЕРНЫЙ),25,Y(А05),08:19,399,2026-10-01 08:27:00,2026-10-01 08:30:00,,2026-10-01 08:32:00,2026-10-01 08:35:00,2026-10-01 08:32:00,2026-10-01 08:35:00,2026-10-01 08:34:00,1.0,,2026-10-01 08:40:00,2026-10-01 08:45:00,,0.0,2026-10-01 08:37:00,2026-10-01 08:41:00,,,,,Юрков С.,Ютэйр,Выдача до 30 минут
2026-10-01,PC 1458 ,32Щ,ДАЛАМАН,22,Y(А10),06:26,2612,2026-10-01 06:37:00,2026-10-01 06:40:00,,2026-10-01 06:40:00,2026-10-01 06:58:00,2026-10-01 06:40:00,2026-10-01 06:58:00,2026-10-01 06:58:00,,1.0,2026-10-01 06:53:00,2026-10-01 07:02:00,,0.0,2026-10-01 06:47:00,2026-10-01 06:52:00,2026-10-01 07:00:00,2026-10-01 07:09:00,,,Фаёзов А. Р.,Pegasus,Выдача до 30 минут
2026-10-01,ДР 410 ,7С8,ЕКАТЕРИНБУРГ(КОЛЬЦОВО),50,Y(А05),06:58,184,2026-10-01 07:06:00,2026-10-01 07:08:00,,2026-10-01 07:08:00,2026-10-01 07:10:00,2026-10-01 07:08:00,2026-10-01 07:10:00,2026-10-01 07:11:00,,1.0,2026-10-01 07:16:00,2026-10-01 07:18:00,,0.0,2026-10-01 07:10:00,2026-10-01 07:16:00,,,,,Давлатов Б. Ч.,Победа,Выдача до 30 минут
2026-10-01,AZO 7154 ,СУ9,БАТУМИ,51A,Y(А11),07:08,921,2026-10-01 07:19:00,2026-10-01 07:21:00,,2026-10-01 07:23:00,2026-10-01 07:38:00,2026-10-01 07:23:00,2026-10-01 07:38:00,2026-10-01 07:29:00,9.0,9.0,2026-10-01 07:45:00,2026-10-01 07:48:00,,0.0,2026-10-01 07:38:00,2026-10-01 07:45:00,,,,,Юрков С.,GEORGIAN AIRWAYS,Выдача до 30 минут
2026-10-01,ХИ 9607 ,32Н,БУХАРА(БУХАРА ИНТЛ.),23,Y(А09),07:14,1578,2026-10-01 07:27:00,2026-10-01 07:28:00,,2026-10-01 07:30:00,2026-10-01 07:45:00,2026-10-01 07:30:00,2026-10-01 07:45:00,2026-10-01 07:42:00,3.0,4.0,2026-10-01 07:38:00,2026-10-01 07:47:00,,0.0,2026-10-01 07:43:00,2026-10-01 07:47:00,2026-10-01 07:36:00,2026-10-01 07:37:00,,,Барабанов А. М.,UZBEKISTAN AIRWAYS,Выдача до 30 минут
2026-10-01,ФВ 6019 ,СУ9,САНКТ-ПЕТЕРБУРГ(ПУЛКОВО),8,Y(А04),07:24,97,2026-10-01 07:34:00,2026-10-01 07:35:00,,2026-10-01 07:37:00,2026-10-01 07:40:00,2026-10-01 07:37:00,2026-10-01 07:40:00,2026-10-01 07:39:00,1.0,2.0,2026-10-01 07:43:00,2026-10-01 07:44:00,,0.0,2026-10-01 07:40:00,2026-10-01 07:44:00,,,,,Додаров Б. М.,Россия,Выдача до 30 минут
2026-10-01,ДР 742 ,73Х,ТАШКЕНТ(ТАШКЕНТ ИНТЛ.),44,Y(А12),07:29,670,2026-10-01 07:40:00,2026-10-01 07:42:00,,2026-10-01 07:42:00,2026-10-01 07:50:00,2026-10-01 07:42:00,2026-10-01 07:50:00,2026-10-01 07:48:00,2.0,4.0,2026-10-01 07:56:00,2026-10-01 08:00:00,,0.0,2026-10-01 07:50:00,2026-10-01 07:55:00,,,,,Хушвактов П. З.,Победа,Выдача до 30 минут
2026-10-01,ХИ 9615 ,32Н,УРГЕНЧ(УРГЕНЧ ИНТЛ.),24,Y(А09),07:33,1780,2026-10-01 07:43:00,2026-10-01 07:47:00,1.0,2026-10-01 07:47:00,2026-10-01 08:04:00,2026-10-01 07:47:00,2026-10-01 08:04:00,2026-10-01 07:59:00,5.0,5.0,2026-10-01 07:56:00,2026-10-01 08:05:00,,0.0,2026-10-01 07:52:00,2026-10-01 07:56:00,2026-10-01 08:02:00,2026-10-01 08:05:00,,,Лаптев В. В.,UZBEKISTAN AIRWAYS,Выдача до 30 минут
2026-10-01,ДР 998 ,73Х,САМАРКАНД(САМАРКАНД ИНТЛ.),48,Y(А12),06:32,507,2026-10-01 06:42:00,2026-10-01 06:45:00,,2026-10-01 06:46:00,2026-10-01 06:53:00,2026-10-01 06:46:00,2026-10-01 06:53:00,2026-10-01 06:49:00,4.0,4.0,2026-10-01 07:01:00,2026-10-01 07:04:00,,0.0,2026-10-01 06:54:00,2026-10-01 07:01:00,,,,,Острых В. А.,Победа,Выдача до 30 минут
2026-10-01,ЮТ 454 ,73Х,ТЮМЕНЬ(РОЩИНО),14,Y(А05),07:47,607,2026-10-01 07:55:00,2026-10-01 07:57:00,,2026-10-01 08:01:00,2026-10-01 08:05:00,2026-10-01 08:01:00,2026-10-01 08:05:00,2026-10-01 08:03:00,2.0,,2026-10-01 08:10:00,2026-10-01 08:14:00,,0.0,2026-10-01 08:07:00,2026-10-01 08:10:00,,,,,Барабанов А. М.,Ютэйр,Выдача до 30 минут
2026-10-01,ФВ 6051 ,СУ9,САНКТ-ПЕТЕРБУРГ(ПУЛКОВО),9,Y(А04),08:12,28,2026-10-01 08:21:00,2026-10-01 08:24:00,,2026-10-01 08:25:00,2026-10-01 08:27:00,2026-10-01 08:25:00,2026-10-01 08:27:00,2026-10-01 08:25:00,2.0,2.0,2026-10-01 08:28:00,2026-10-01 08:29:00,,0.0,2026-10-01 08:25:00,2026-10-01 08:28:00,,,,,Попов Д. В.,Россия,Выдача до 30 минут
2026-10-01,ЮТ 808 ,73Х,БУХАРА(БУХАРА ИНТЛ.),20,Y(А11),07:39,987,2026-10-01 07:51:00,2026-10-01 07:51:00,,2026-10-01 07:53:00,2026-10-01 08:05:00,2026-10-01 07:53:00,2026-10-01 08:05:00,2026-10-01 08:02:00,3.0,5.0,2026-10-01 08:08:00,2026-10-01 08:27:00,,6.0,2026-10-01 08:03:00,2026-10-01 08:08:00,,,,,Юрков С.,Ютэйр,Выдача от 30 до 40 минут
2026-10-01,DV 809 ,738,АЛМАТЫ(АЛМАТЫ ИНТЛ.),18,Y(А13),08:08,1104,2026-10-01 08:16:00,2026-10-01 08:17:00,,2026-10-01 08:18:00,2026-10-01 08:24:00,2026-10-01 08:18:00,2026-10-01 08:24:00,2026-10-01 08:27:00,,,2026-10-01 08:33:00,2026-10-01 08:37:00,,0.0,2026-10-01 08:29:00,2026-10-01 08:33:00,,,,,Музафаров А. С.,SCAT Airlines,Выдача до 30 минут
2026-10-01,FZ 969 ,7М8,ДУБАЙ(ДУБАЙ ИНТЛ.),30,Y(А11),06:22,2129,2026-10-01 06:33:00,2026-10-01 06:40:00,4.0,2026-10-01 06:36:00,2026-10-01 06:51:00,2026-10-01 06:39:00,2026-10-01 06:51:00,2026-10-01 06:51:00,,,2026-10-01 06:46:00,2026-10-01 06:55:00,,0.0,2026-10-01 06:41:00,2026-10-01 06:45:00,2026-10-01 06:51:00,2026-10-01 06:54:00,,,"Конюхов Я. А., Науну М.",flydubai,Выдача до 30 минут
2026-10-01,ЮТ 572 ,73Х,КРАСНОЯРСК,37,Y(А06),07:57,1312,2026-10-01 08:07:00,2026-10-01 08:09:00,,2026-10-01 08:11:00,2026-10-01 08:38:00,2026-10-01 08:11:00,2026-10-01 08:38:00,2026-10-01 08:20:00,18.0,18.0,2026-10-01 08:24:00,2026-10-01 08:27:00,,0.0,2026-10-01 08:26:00,2026-10-01 08:32:00,2026-10-01 08:19:00,2026-10-01 08:24:00,,,Гаджиев Н. Т.,Ютэйр,Выдача до 30 минут
2026-10-01,В2 981 ,Е95,МИНСК(МИНСК ИНТЛ.),29,Y(А13),07:55,96,2026-10-01 08:00:00,2026-10-01 08:02:00,,2026-10-01 08:03:00,2026-10-01 08:05:00,2026-10-01 08:03:00,2026-10-01 08:05:00,2026-10-01 08:05:00,,1.0,2026-10-01 08:10:00,2026-10-01 08:11:00,,0.0,2026-10-01 08:07:00,2026-10-01 08:12:00,,,,,Фартушный А. И.,Белавиа,Выдача до 30 минут
2026-10-01,ДР 488 ,7С8,КРАСНОЯРСК,48,Y(А07),07:51,978,2026-10-01 07:58:00,2026-10-01 08:00:00,,2026-10-01 08:02:00,2026-10-01 08:11:00,2026-10-01 08:02:00,2026-10-01 08:11:00,2026-10-01 08:09:00,2.0,2.0,2026-10-01 08:18:00,2026-10-01 08:22:00,,0.0,2026-10-01 08:11:00,2026-10-01 08:18:00,,,,,Дубинский В. Д.,Победа,Выдача до 30 минут
2026-10-01,ЮТ 364 ,73Х,УФА,15,Y(А08),08:01,678,2026-10-01 08:09:00,2026-10-01 08:10:00,,2026-10-01 08:26:00,2026-10-01 08:35:00,2026-10-01 08:26:00,2026-10-01 08:35:00,2026-10-01 08:18:00,17.0,4.0,2026-10-01 08:35:00,2026-10-01 08:37:00,6.0,0.0,2026-10-01 08:31:00,2026-10-01 08:35:00,,,,,Екимов С. С.,Ютэйр,Выдача до 30 минут
2026-10-02,УЖТ 9444 ,ЦР2,ОРЕНБУРГ(ЦЕНТРАЛЬНЫЙ),58,Y(А07),18:51,533,2026-10-02 19:01:00,2026-10-02 19:01:00,,2026-10-02 19:02:00,2026-10-02 19:11:00,2026-10-02 19:02:00,2026-10-02 19:11:00,2026-10-02 19:09:00,2.0,5.0,2026-10-02 19:13:00,2026-10-02 19:14:00,,0.0,2026-10-02 19:08:00,2026-10-02 19:12:00,,,,,Кутейников А. В.,ЮВТ АЭРО,Выдача до 30 минут
2026-10-02,ФВ 6037 ,СУ9,САНКТ-ПЕТЕРБУРГ(ПУЛКОВО),8,Y(А04),16:15,165,2026-10-02 16:29:00,2026-10-02 16:31:00,,2026-10-02 16:30:00,2026-10-02 16:37:00,2026-10-02 16:30:00,2026-10-02 16:37:00,2026-10-02 16:34:00,3.0,6.0,2026-10-02 16:37:00,2026-10-02 16:38:00,,0.0,2026-10-02 16:34:00,2026-10-02 16:40:00,,,,,Саидов А. С.,Россия,Выдача до 30 минут
2026-10-02,ГЗП 472 ,73В,БОВАНЕНКОВО,Б66,Y(А05),16:30,443,2026-10-02 16:41:00,2026-10-02 16:42:00,,2026-10-02 16:46:00,2026-10-02 16:49:00,2026-10-02 16:46:00,2026-10-02 16:49:00,2026-10-02 16:48:00,1.0,,2026-10-02 17:07:00,2026-10-02 17:08:00,,0.0,2026-10-02 17:06:00,2026-10-02 17:09:00,,,,,Скулов Е. С.,Газпром авиа,Выдача до 30 минут
2026-10-02,ДР 436 ,73Х,УФА,47,Y(А04),16:51,268,2026-10-02 16:58:00,2026-10-02 17:01:00,,2026-10-02 17:04:00,2026-10-02 17:09:00,2026-10-02 17:04:00,2026-10-02 17:09:00,2026-10-02 17:04:00,5.0,3.0,2026-10-02 17:16:00,2026-10-02 17:18:00,,0.0,2026-10-02 17:09:00,2026-10-02 17:15:00,,,,,Саидов А. С.,Победа,Выдача до 30 минут
2026-10-02,ЮТ 364 ,73Х,УФА,24,Y(А06),16:53,567,2026-10-02 17:04:00,2026-10-02 17:04:00,,2026-10-02 17:09:00,2026-10-02 17:20:00,2026-10-02 17:18:00,2026-10-02 17:20:00,2026-10-02 17:12:00,8.0,,2026-10-02 17:22:00,2026-10-02 17:26:00,,0.0,2026-10-02 17:18:00,2026-10-02 17:22:00,,,,,"Кутейников А. В., Фаёзов А. Р.",Ютэйр,Выдача до 30 минут
2026-10-02,3F 321 ,320,ЕРЕВАН(ЗВАРТНОЦ ИНТЛ),25,Y(А13),16:56,1294,2026-10-02 17:03:00,2026-10-02 17:06:00,,2026-10-02 17:07:00,2026-10-02 17:16:00,2026-10-02 17:07:00,2026-10-02 17:16:00,2026-10-02 17:16:00,,,2026-10-02 17:14:00,2026-10-02 17:24:00,,0.0,2026-10-02 17:11:00,2026-10-02 17:15:00,2026-10-02 17:18:00,2026-10-02 17:22:00,,,"Минченко А. И., Федоров Н. В.",FLYONE Armenia,Выдача до 30 минут
2026-10-02,NE 608 ,320,ХУРГАДА(ХУРГАДА ИНТЛ.),18,Y(А09),17:00,1812,2026-10-02 17:09:00,2026-10-02 17:10:00,,2026-10-02 17:12:00,2026-10-02 17:31:00,2026-10-02 17:12:00,2026-10-02 17:31:00,2026-10-02 17:25:00,6.0,7.0,2026-10-02 17:25:00,2026-10-02 17:35:00,,0.0,2026-10-02 17:20:00,2026-10-02 17:25:00,2026-10-02 17:32:00,2026-10-02 17:36:00,,,Михайлов М. С.,Nesma Airlines,Выдача до 30 минут
2026-10-02,ФВ 6175 ,СУ9,САНКТ-ПЕТЕРБУРГ(ПУЛКОВО),9,Y(А04),17:17,130,2026-10-02 17:27:00,2026-10-02 17:30:00,,2026-10-02 17:33:00,2026-10-02 17:36:00,2026-10-02 17:33:00,2026-10-02 17:36:00,2026-10-02 17:32:00,4.0,2.0,2026-10-02 17:38:00,2026-10-02 17:39:00,,0.0,2026-10-02 17:35:00,2026-10-02 17:38:00,,,,,Фозылов Б. З.,Россия,Выдача до 30 минут
2026-10-02,ЮТ 592 ,73Х,УФА,12,Y(А06),17:51,612,2026-10-02 17:59:00,2026-10-02 18:01:00,,2026-10-02 18:06:00,2026-10-02 18:10:00,2026-10-02 18:06:00,2026-10-02 18:10:00,2026-10-02 18:07:00,3.0,,2026-10-02 18:14:00,2026-10-02 18:16:00,,0.0,2026-10-02 18:12:00,2026-10-02 18:15:00,,,,,Чеканов В. А.,Ютэйр,Выдача до 30 минут
2026-10-02,AZV 3008 ,75В,АНТАЛЬЯ,4,Y(А10),17:58,2301,2026-10-02 18:07:00,2026-10-02 18:08:00,,2026-10-02 18:11:00,2026-10-02 18:36:00,2026-10-02 18:11:00,2026-10-02 18:36:00,2026-10-02 18:26:00,10.0,10.0,2026-10-02 18:22:00,2026-10-02 18:36:00,,0.0,2026-10-02 18:17:00,2026-10-02 18:20:00,2026-10-02 18:34:00,2026-10-02 18:36:00,,,Ушаков М. В.,АЗУР эйр,Выдача до 30 минут
2026-10-02,ЮТ 560 ,73Х,МАХАЧКАЛА,16,Y(А05),18:24,532,2026-10-02 18:32:00,2026-10-02 18:35:00,,2026-10-02 18:35:00,2026-10-02 18:38:00,2026-10-02 18:35:00,2026-10-02 18:38:00,2026-10-02 18:40:00,,,2026-10-02 18:45:00,2026-10-02 18:46:00,,0.0,2026-10-02 18:41:00,2026-10-02 18:45:00,,,,,Фозылов Б. З.,Ютэйр,Выдача до 30 минут
2026-10-02,ФВ 6177 ,СУ9,САНКТ-ПЕТЕРБУРГ(ПУЛКОВО),8,Y(А04),18:35,144,2026-10-02 18:46:00,2026-10-02 18:49:00,,2026-10-02 18:50:00,2026-10-02 18:56:00,2026-10-02 18:50:00,2026-10-02 18:56:00,2026-10-02 18:51:00,5.0,5.0,2026-10-02 18:58:00,2026-10-02 18:59:00,,0.0,2026-10-02 18:56:00,2026-10-02 18:59:00,,,,,Попов Д. В.,Россия,Выдача до 30 минут
2026-10-02,TK 415 ,32Б,СТАМБУЛ(СТАМБУЛ НЬЮ),22,Y(А09),18:42,2664,2026-10-02 18:49:00,2026-10-02 18:52:00,,2026-10-02 18:55:00,2026-10-02 19:10:00,2026-10-02 18:55:00,2026-10-02 19:10:00,2026-10-02 19:11:00,,,2026-10-02 19:08:00,2026-10-02 19:16:00,,0.0,2026-10-02 18:40:00,2026-10-02 19:13:00,2026-10-02 18:51:00,2026-10-02 19:14:00,,,Скулов Е. С.,Turkish Airlines,Выдача до 30 минут
2026-10-02,В2 979 ,Е95,МИНСК(МИНСК ИНТЛ.),29,Y(А13),16:08,714,2026-10-02 16:16:00,2026-10-02 16:17:00,,2026-10-02 16:22:00,2026-10-02 16:35:00,2026-10-02 16:22:00,2026-10-02 16:35:00,2026-10-02 16:25:00,10.0,8.0,2026-10-02 16:38:00,2026-10-02 16:40:00,2.0,0.0,2026-10-02 16:35:00,2026-10-02 16:38:00,,,,,Чеканов В. А.,Белавиа,Выдача до 30 минут
2026-10-02,3F 325 ,320,ЕРЕВАН(ЗВАРТНОЦ ИНТЛ),20,Y(А13),18:46,1999,2026-10-02 18:54:00,2026-10-02 18:55:00,,2026-10-02 18:57:00,2026-10-02 19:06:00,2026-10-02 18:57:00,2026-10-02 19:06:00,2026-10-02 19:11:00,,,2026-10-02 19:06:00,2026-10-02 19:18:00,,0.0,2026-10-02 19:01:00,2026-10-02 19:06:00,2026-10-02 19:12:00,2026-10-02 19:18:00,,,"Кажаев Д. Г., Музафаров А. С.",FLYONE Armenia,Выдача до 30 минут
2026-10-02,ЮТ 596 ,73Е,УСИНСК,10,Y(А05),17:12,379,2026-10-02 17:21:00,2026-10-02 17:21:00,,2026-10-02 17:23:00,2026-10-02 17:35:00,2026-10-02 17:23:00,2026-10-02 17:35:00,2026-10-02 17:28:00,7.0,9.0,2026-10-02 17:32:00,2026-10-02 17:33:00,,0.0,2026-10-02 17:28:00,2026-10-02 17:30:00,,,,,Музафаров А. С.,Ютэйр,Выдача до 30 минут
2026-10-02,ЖГ 926 ,73Х,ТБИЛИСИ(ТБИЛИСИ ИНТЛ.),30,Y(А11),18:06,1415,2026-10-02 18:15:00,2026-10-02 18:15:00,,2026-10-02 18:15:00,2026-10-02 18:25:00,2026-10-02 18:15:00,2026-10-02 18:25:00,2026-10-02 18:28:00,,1.0,2026-10-02 18:31:00,2026-10-02 18:34:00,,0.0,2026-10-02 18:22:00,2026-10-02 18:26:00,2026-10-02 18:28:00,2026-10-02 18:33:00,,,Пельгуев Д. И.,GEORGIAN AIRWAYS,Выдача до 30 минут
2026-10-02,ФВ 6027 ,СУ9,САНКТ-ПЕТЕРБУРГ(ПУЛКОВО),8,Y(А04),14:42,87,2026-10-02 14:50:00,2026-10-02 14:50:00,,2026-10-02 14:55:00,2026-10-02 14:59:00,2026-10-02 14:55:00,2026-10-02 14:59:00,2026-10-02 14:55:00,4.0,3.0,2026-10-02 15:00:00,2026-10-02 15:01:00,,0.0,2026-10-02 14:57:00,2026-10-02 14:59:00,,,,,Кутейников А. В.,Россия,Выдача до 30 минут
2026-10-02,ЮТ 356 ,734,ГРОЗНЫЙ(СЕВЕРНЫЙ),17,Y(А05),15:41,256,2026-10-02 15:46:00,2026-10-02 15:46:00,,2026-10-02 15:51:00,2026-10-02 15:55:00,2026-10-02 15:51:00,2026-10-02 15:55:00,2026-10-02 15:52:00,3.0,2.0,2026-10-02 15:54:00,2026-10-02 15:56:00,,0.0,2026-10-02 15:54:00,2026-10-02 15:59:00,,,,,Хушвактов П. З.,Ютэйр,Выдача до 30 минут
2026-10-02,TK 3164 ,32Б,БОДРУМ(МИЛАС),29,Y(А12),12:38,2061,2026-10-02 12:52:00,2026-10-02 12:54:00,,2026-10-02 12:55:00,2026-10-02 13:18:00,2026-10-02 12:55:00,2026-10-02 13:18:00,2026-10-02 13:10:00,8.0,9.0,2026-10-02 13:13:00,2026-10-02 13:18:00,1.0,0.0,2026-10-02 12:57:00,2026-10-02 13:19:00,,,,,Михайлов М. С.,Turkish Airlines,Выдача до 30 минут
2026-10-02,ЮТ 464 ,73Х,ТЮМЕНЬ(РОЩИНО),13,Y(А06),18:56,714,2026-10-02 19:05:00,2026-10-02 19:05:00,,2026-10-02 19:07:00,2026-10-02 19:19:00,2026-10-02 19:07:00,2026-10-02 19:19:00,2026-10-02 19:14:00,5.0,7.0,2026-10-02 19:19:00,2026-10-02 19:24:00,,0.0,2026-10-02 19:16:00,2026-10-02 19:20:00,,,,,Федоров Н. В.,Ютэйр,Выдача до 30 минут
2026-10-02,ЯМ 543 ,73Х,НОВОСИБИРСК(ТОЛМАЧЕВО),15,Y(А06),13:09,1449,2026-10-02 13:19:00,2026-10-02 13:20:00,,2026-10-02 13:22:00,2026-10-02 13:35:00,2026-10-02 13:22:00,2026-10-02 13:35:00,2026-10-02 13:33:00,2.0,3.0,2026-10-02 13:32:00,2026-10-02 13:43:00,,0.0,2026-10-02 13:29:00,2026-10-02 13:41:00,2026-10-02 13:36:05,2026-10-02 13:43:00,,,Кажаев Д. Г.,Алроса,Выдача до 30 минут
2026-10-02,TK 417 ,32Б,СТАМБУЛ(СТАМБУЛ НЬЮ),22,Y(А10),13:12,2572,2026-10-02 13:21:00,2026-10-02 13:21:00,,2026-10-02 13:28:00,2026-10-02 13:48:00,2026-10-02 13:28:00,2026-10-02 13:48:00,2026-10-02 13:42:00,6.0,3.0,2026-10-02 13:42:00,2026-10-02 13:55:00,1.0,4.0,2026-10-02 13:07:00,2026-10-02 13:41:00,2026-10-02 13:45:00,2026-10-02 13:57:00,,,Чеканов В. А.,Turkish Airlines,Выдача от 30 до 40 минут
2026-10-02,ФВ 6025 ,СУ9,САНКТ-ПЕТЕРБУРГ(ПУЛКОВО),9,Y(А04),13:24,140,2026-10-02 13:35:00,2026-10-02 13:36:00,,2026-10-02 13:38:00,2026-10-02 13:40:00,2026-10-02 13:38:00,2026-10-02 13:40:00,2026-10-02 13:40:00,,1.0,2026-10-02 13:44:00,2026-10-02 13:45:00,,0.0,2026-10-02 13:41:00,2026-10-02 13:44:00,,,,,Минченко А. И.,Россия,Выдача до 30 минут
2026-10-02,PC 388 ,32Щ,СТАМБУЛ(САБИХА ГОКЦЕН),18,Y(А09),13:49,2529,2026-10-02 14:06:00,2026-10-02 14:08:00,,2026-10-02 14:10:00,2026-10-02 14:27:00,2026-10-02 14:10:00,2026-10-02 14:27:00,2026-10-02 14:27:00,,,2026-10-02 14:19:00,2026-10-02 14:32:00,,0.0,2026-10-02 14:27:00,2026-10-02 14:30:00,2026-10-02 14:15:00,2026-10-02 14:18:00,,,"Федоров Н. В., Хушвактов П. З.",Pegasus,Выдача до 30 минут
2026-10-02,TK 3082 ,321,АНТАЛЬЯ,23,Y(А10),14:17,2440,2026-10-02 14:27:00,2026-10-02 14:29:00,,2026-10-02 14:32:00,2026-10-02 14:50:00,2026-10-02 14:32:00,2026-10-02 14:50:00,2026-10-02 14:47:00,3.0,2.0,2026-10-02 14:50:00,2026-10-02 14:57:00,3.0,0.0,2026-10-02 14:34:00,2026-10-02 14:48:00,2026-10-02 14:38:00,2026-10-02 14:57:00,,,Попов Д. В.,Turkish Airlines,Выдача до 30 минут
2026-10-02,ЮТ 334 ,73Е,НАРЬЯН-МАР,11,Y(А06),14:29,863,2026-10-02 14:37:00,2026-10-02 14:38:00,,2026-10-02 14:41:00,2026-10-02 14:52:00,2026-10-02 14:41:00,2026-10-02 14:52:00,2026-10-02 14:47:00,5.0,5.0,2026-10-02 14:53:00,2026-10-02 14:59:00,,0.0,2026-10-02 14:49:00,2026-10-02 14:53:00,,,,,"Михайлов М. С., Федоров Н. В.",Ютэйр,Выдача до 30 минут
2026-10-02,НВЦ 9152 ,320,САБЕТТА,12,Y(А05),14:32,710,2026-10-02 14:45:00,2026-10-02 14:48:00,,2026-10-02 14:49:00,2026-10-02 15:00:00,2026-10-02 14:49:00,2026-10-02 15:00:00,2026-10-02 14:54:00,6.0,6.0,2026-10-02 15:00:00,2026-10-02 15:01:00,,0.0,2026-10-02 14:57:00,2026-10-02 15:01:00,,,,,Фаёзов А. Р.,Северо-Запад,Выдача до 30 минут
2026-10-02,А4 7056 ,СУ9,ТЕРМЕЗ,21,Y(А12),14:37,1013,2026-10-02 14:35:00,2026-10-02 14:49:00,11.0,2026-10-02 14:53:00,2026-10-02 15:11:00,2026-10-02 14:53:00,2026-10-02 15:11:00,2026-10-02 14:46:00,25.0,11.0,2026-10-02 15:12:00,2026-10-02 15:17:00,17.0,12.0,2026-10-02 15:08:00,2026-10-02 15:11:00,,,,,Пельгуев Д. И.,Азимут,Выдача более 40 минут
2026-10-02,ЮБГ 509 ,738,ЕРЕВАН(ЗВАРТНОЦ ИНТЛ),19,Y(А13),15:05,3544,2026-10-02 15:12:00,2026-10-02 15:15:00,,2026-10-02 15:17:00,2026-10-02 15:35:00,2026-10-02 15:20:00,2026-10-02 15:35:00,2026-10-02 15:40:00,,,2026-10-02 15:29:00,2026-10-02 15:42:00,,0.0,,,2026-10-02 15:23:00,2026-10-02 15:29:00,2026-10-02 15:37:00,2026-10-02 15:42:00,"Минченко А. И., Скулов Е. С.",Shirak Avia,Выдача до 30 минут
2026-10-02,ФВ 6031 ,СУ9,САНКТ-ПЕТЕРБУРГ(ПУЛКОВО),9,Y(А04),15:10,232,2026-10-02 15:23:00,2026-10-02 15:23:00,,2026-10-02 15:25:00,2026-10-02 15:29:00,2026-10-02 15:25:00,2026-10-02 15:29:00,2026-10-02 15:29:00,,2.0,2026-10-02 15:30:00,2026-10-02 15:32:00,,0.0,2026-10-02 15:27:00,2026-10-02 15:31:00,,,,,Кутейников А. В.,Россия,Выдача до 30 минут
2026-10-02,FZ 989 ,7М8,ДУБАЙ(ДУБАЙ ИНТЛ.),20,Y(А11),15:14,906,2026-10-02 15:26:00,2026-10-02 15:28:00,,2026-10-02 15:29:00,2026-10-02 15:42:00,2026-10-02 15:29:00,2026-10-02 15:42:00,2026-10-02 15:36:00,6.0,7.0,2026-10-02 15:45:00,2026-10-02 15:56:00,,0.0,2026-10-02 15:38:00,2026-10-02 15:43:00,,,,,Пельгуев Д. И.,flydubai,Выдача до 30 минут
2026-10-02,ДР 160 ,7С8,КРАСНОДАР(ПАШКОВСКИЙ),48,Y(А06),15:27,483,2026-10-02 15:32:00,2026-10-02 15:33:00,,2026-10-02 15:36:00,2026-10-02 15:45:00,2026-10-02 15:36:00,2026-10-02 15:45:00,2026-10-02 15:39:00,6.0,6.0,2026-10-02 16:03:00,2026-10-02 16:04:00,1.0,2.0,2026-10-02 15:41:00,2026-10-02 15:47:00,,,,,Саидов А. С.,Победа,Выдача от 30 до 40 минут
2026-10-02,РГ 194 ,ЦР1,ТАМБОВ,41A,Y(А04),15:36,203,2026-10-02 15:42:00,2026-10-02 15:42:00,,2026-10-02 15:46:00,2026-10-02 15:48:00,2026-10-02 15:46:00,2026-10-02 15:48:00,2026-10-02 15:47:00,1.0,1.0,2026-10-02 15:54:00,2026-10-02 15:55:00,,0.0,2026-10-02 15:48:00,2026-10-02 15:52:00,,,,,Музафаров А. С.,Руслайн,Выдача до 30 минут
2026-10-02,ЖГ 936 ,73Х,ТБИЛИСИ(ТБИЛИСИ ИНТЛ.),30,Y(А12),15:50,1167,2026-10-02 15:54:00,2026-10-02 15:57:00,,2026-10-02 15:58:00,2026-10-02 16:07:00,2026-10-02 15:58:00,2026-10-02 16:07:00,2026-10-02 16:06:00,1.0,1.0,2026-10-02 16:10:00,2026-10-02 16:13:00,,0.0,2026-10-02 16:07:00,2026-10-02 16:10:00,,,,,"Ушаков М. В., Фозылов Б. З.",GEORGIAN AIRWAYS,Выдача до 30 минут
2026-10-02,ДР 188 ,7С8,МАХАЧКАЛА,47,Y(А05),19:01,414,2026-10-02 19:08:00,2026-10-02 19:12:00,1.0,2026-10-02 19:12:00,2026-10-02 19:16:00,2026-10-02 19:12:00,2026-10-02 19:16:00,2026-10-02 19:15:00,1.0,1.0,2026-10-02 19:23:00,2026-10-02 19:24:00,,0.0,2026-10-02 19:19:00,2026-10-02 19:24:00,,,,,Гафуров О. Ф.,Победа,Выдача до 30 минут
2026-10-02,ДР 856 ,73Х,ГЮМРИ(ШИРАК),47,Y(А13),21:38,1517,2026-10-02 21:46:00,2026-10-02 21:47:00,,2026-10-02 21:47:00,2026-10-02 21:58:00,2026-10-02 21:47:00,2026-10-02 21:58:00,2026-10-02 22:00:00,,1.0,2026-10-02 22:09:00,2026-10-02 22:13:00,,0.0,2026-10-02 22:11:00,2026-10-02 22:17:00,2026-10-02 22:00:00,2026-10-02 22:10:00,,,Скулов Е. С.,Победа,Выдача до 30 минут
2026-10-02,AZO 7054 ,СУ9,БАТУМИ,43,Y(А12),19:21,1336,2026-10-02 19:29:00,2026-10-02 19:32:00,,2026-10-02 19:33:00,2026-10-02 19:45:00,2026-10-02 19:33:00,2026-10-02 19:45:00,2026-10-02 19:42:00,3.0,3.0,2026-10-02 19:47:00,2026-10-02 20:01:00,,2.0,2026-10-02 19:42:00,2026-10-02 19:47:00,2026-10-02 19:54:00,2026-10-02 19:58:00,,,Барабанов А. М.,GEORGIAN AIRWAYS,Выдача от 30 до 40 минут
2026-10-02,ФВ 6023 ,СУ9,САНКТ-ПЕТЕРБУРГ(ПУЛКОВО),10,Y(А04),22:06,233,2026-10-02 22:15:00,2026-10-02 22:16:00,,2026-10-02 22:17:00,2026-10-02 22:21:00,2026-10-02 22:17:00,2026-10-02 22:21:00,2026-10-02 22:21:00,,2.0,2026-10-02 22:26:00,2026-10-02 22:27:00,,0.0,2026-10-02 22:21:00,2026-10-02 22:24:00,,,,,Тано Б. А.,Россия,Выдача до 30 минут
2026-10-02,ФВ 6185 ,СУ9,САНКТ-ПЕТЕРБУРГ(ПУЛКОВО),8,Y(А04),22:09,161,2026-10-02 22:16:00,2026-10-02 22:17:00,,2026-10-02 22:19:00,2026-10-02 22:22:00,2026-10-02 22:19:00,2026-10-02 22:22:00,2026-10-02 22:21:00,1.0,2.0,2026-10-02 22:26:00,2026-10-02 22:27:00,,0.0,2026-10-02 22:22:00,2026-10-02 22:26:00,,,,,Михайлов М. С.,Россия,Выдача до 30 минут
2026-10-02,J2 805 ,320,БАКУ(ИМ. ГЕЙДАРА АЛИЕВА),26,Y(А11),22:21,1632,2026-10-02 22:30:00,2026-10-02 22:31:00,,2026-10-02 22:33:00,2026-10-02 22:39:00,2026-10-02 22:33:00,2026-10-02 22:39:00,2026-10-02 22:45:00,,,2026-10-02 22:45:00,2026-10-02 22:54:00,,0.0,2026-10-02 22:41:00,2026-10-02 22:45:00,2026-10-02 22:45:00,2026-10-02 22:46:00,,,"Гафуров О. Ф., Скулов Е. С.",AZAL,Выдача до 30 минут
2026-10-02,PC 1580 ,32Н,АНТАЛЬЯ,20,Y(А10),22:24,2371,2026-10-02 22:29:00,2026-10-02 22:31:00,,2026-10-02 22:34:00,2026-10-02 22:51:00,2026-10-02 22:34:00,2026-10-02 22:51:00,2026-10-02 22:49:00,2.0,1.0,2026-10-02 22:46:00,2026-10-02 23:02:00,,3.0,2026-10-02 22:42:00,2026-10-02 22:48:00,2026-10-02 22:59:00,2026-10-02 23:01:00,,,Шарипов Д. А.,Pegasus,Выдача от 30 до 40 минут
2026-10-02,DV 813 ,738,АСТАНА(НУРСУЛТАН НАЗАРБАЕВ),27,Y(А13),22:45,966,2026-10-02 22:53:00,2026-10-02 22:54:00,,2026-10-02 22:55:00,2026-10-02 23:02:00,2026-10-02 22:55:00,2026-10-02 23:02:00,2026-10-02 23:03:00,,1.0,2026-10-02 23:10:00,2026-10-02 23:11:00,,0.0,2026-10-02 22:55:00,2026-10-02 23:10:00,,,,,Омурбек У. Б.,SCAT Airlines,Выдача до 30 минут
2026-10-02,TK 411 ,333,СТАМБУЛ(СТАМБУЛ НЬЮ),23,Y(А09),23:06,5719,2026-10-02 23:14:00,2026-10-02 23:17:00,,2026-10-02 23:19:00,2026-10-02 23:38:00,2026-10-02 23:19:00,2026-10-02 23:38:00,2026-10-02 23:56:00,,,2026-10-02 23:38:00,2026-10-02 23:52:00,4.0,8.0,2026-10-02 23:19:00,2026-10-02 23:41:00,2026-10-02 23:03:00,2026-10-02 23:38:00,2026-10-02 23:24:00,2026-10-02 23:46:00,"Хушвактов П. З., Юрков С.",Turkish Airlines,Выдача от 30 до 40 минут
2026-10-02,FZ 951 ,7М8,ДУБАЙ(ДУБАЙ ИНТЛ.),29,Y(А10),23:22,1927,2026-10-02 23:32:00,2026-10-02 23:33:00,,2026-10-02 23:35:00,2026-10-03 00:23:00,2026-10-02 23:37:00,2026-10-03 00:23:00,2026-10-02 23:49:00,34.0,33.0,2026-10-02 23:47:00,2026-10-03 00:03:00,,1.0,2026-10-02 23:43:00,2026-10-02 23:47:00,2026-10-02 23:59:00,2026-10-03 00:02:00,,,"Кажаев Д. Г., Музафаров А. С.",flydubai,Выдача от 30 до 40 минут
2026-10-02,ФВ 6187 ,СУ9,САНКТ-ПЕТЕРБУРГ(ПУЛКОВО),10,Y(А04),23:27,82,2026-10-02 23:33:00,2026-10-02 23:36:00,,2026-10-02 23:38:00,2026-10-02 23:41:00,2026-10-02 23:38:00,2026-10-02 23:41:00,2026-10-02 23:38:00,3.0,2.0,2026-10-02 23:44:00,2026-10-02 23:45:00,,0.0,2026-10-02 23:40:00,2026-10-02 23:44:00,,,,,Рябчевский В. О.,Россия,Выдача до 30 минут
2026-10-02,ХИ 605 ,320,САМАРКАНД(САМАРКАНД ИНТЛ.),24,Y(А11),23:30,1712,2026-10-02 23:38:00,2026-10-02 23:41:00,,2026-10-02 23:45:00,2026-10-03 00:08:00,2026-10-02 23:45:00,2026-10-03 00:08:00,2026-10-02 23:53:00,15.0,12.0,2026-10-02 23:58:00,2026-10-03 00:09:00,,1.0,2026-10-02 23:53:00,2026-10-03 00:04:00,2026-10-03 00:10:00,2026-10-03 00:12:00,,,Додаров Б. М.,UZBEKISTAN AIRWAYS,Выдача от 30 до 40 минут
2026-10-02,4S 311 ,73Х,ШАРМ ЭЛЬ ШЕЙХ(ШАРМ ЭЛЬ ШЕЙХ ИНТЛ.),25,Y(А10),23:38,2441,2026-10-02 23:52:00,2026-10-02 23:52:00,,2026-10-03 00:09:00,2026-10-03 00:16:00,2026-10-03 00:09:00,2026-10-03 00:16:00,2026-10-03 00:12:00,4.0,,2026-10-03 00:04:00,2026-10-03 00:20:00,,0.0,2026-10-02 23:59:00,2026-10-03 00:04:00,2026-10-03 00:15:00,2026-10-03 00:20:00,,,Барабанов А. М.,Red Sea,Выдача до 30 минут
2026-10-02,FZ 975A,7М8,ДУБАЙ(ДУБАЙ ИНТЛ.),22,Y(А10),23:42,1893,2026-10-02 23:49:00,2026-10-02 23:54:00,2.0,2026-10-02 23:52:00,2026-10-03 00:19:00,2026-10-02 23:52:00,2026-10-03 00:19:00,2026-10-03 00:06:00,13.0,14.0,2026-10-03 00:08:00,2026-10-03 00:25:00,,6.0,2026-10-03 00:04:00,2026-10-03 00:08:00,2026-10-03 00:19:00,2026-10-03 00:23:00,,,Дубинский В. Д.,flydubai,Выдача от 30 до 40 минут
2026-10-02,J2 809 ,76В,БАКУ(ИМ. ГЕЙДАРА АЛИЕВА),19,Y(А10),23:47,2835,2026-10-02 23:55:00,2026-10-03 00:07:00,9.0,2026-10-03 00:01:00,2026-10-03 00:18:00,2026-10-03 00:01:00,2026-10-03 00:18:00,2026-10-03 00:18:00,,,2026-10-03 00:18:00,2026-10-03 00:31:00,3.0,6.0,2026-10-03 00:01:00,2026-10-03 00:19:00,2026-10-02 23:40:00,2026-10-03 00:29:00,,,Скулов Е. С.,AZAL,Выдача от 30 до 40 минут
2026-10-02,ЮТ 576 ,73Х,КРАСНОДАР(ПАШКОВСКИЙ),15,Y(А06),23:53,983,2026-10-02 23:59:00,2026-10-03 00:01:00,,2026-10-03 00:01:00,2026-10-03 00:12:00,2026-10-03 00:01:00,2026-10-03 00:12:00,2026-10-03 00:10:00,2.0,4.0,2026-10-03 00:17:00,2026-10-03 00:18:00,,0.0,2026-10-03 00:11:00,2026-10-03 00:15:00,,,,,Лаптев В. В.,Ютэйр,Выдача до 30 минут
2026-10-02,ДР 214 ,7С8,САНКТ-ПЕТЕРБУРГ(ПУЛКОВО),47,Y(А04),23:56,130,2026-10-03 00:02:00,2026-10-03 00:03:00,,2026-10-03 00:03:00,2026-10-03 00:04:00,2026-10-03 00:03:00,2026-10-03 00:04:00,2026-10-03 00:07:00,,,2026-10-03 00:13:00,2026-10-03 00:14:00,,0.0,2026-10-03 00:07:00,2026-10-03 00:14:00,,,,,Шарипов К. А.,Победа,Выдача до 30 минут
2026-10-02,TK 3070 ,321,АНТАЛЬЯ,26,Y(А09),12:23,2456,2026-10-02 12:35:00,2026-10-02 12:38:00,,2026-10-02 12:42:00,2026-10-02 12:57:00,2026-10-02 12:42:00,2026-10-02 12:57:00,2026-10-02 12:55:00,2.0,,2026-10-02 12:56:00,2026-10-02 13:04:00,1.0,0.0,2026-10-02 12:35:00,2026-10-02 12:56:00,2026-10-02 12:52:00,2026-10-02 13:03:00,,,Попов Д. В.,Turkish Airlines,Выдача до 30 минут
2026-10-02,FZ 967 ,7М8,ДУБАЙ(ДУБАЙ ИНТЛ.),30,Y(А10),21:59,1999,2026-10-02 22:10:00,2026-10-02 22:13:00,,2026-10-02 22:13:00,2026-10-02 22:25:00,2026-10-02 22:13:00,2026-10-02 22:25:00,2026-10-02 22:27:00,,,2026-10-02 22:25:00,2026-10-02 22:33:00,,0.0,2026-10-02 22:20:00,2026-10-02 22:24:00,2026-10-02 22:29:00,2026-10-02 22:34:00,,,"Дубинский В. Д., Рябчевский В. О.",flydubai,Выдача до 30 минут
2026-10-02,ДР 466 ,7С8,УЛЬЯНОВСК(БАРАТАЕВКА),49,Y(А04),19:04,203,2026-10-02 19:12:00,2026-10-02 19:14:00,,2026-10-02 19:17:00,2026-10-02 19:19:00,2026-10-02 19:17:00,2026-10-02 19:19:00,2026-10-02 19:17:00,2.0,1.0,2026-10-02 19:26:00,2026-10-02 19:27:00,,0.0,2026-10-02 19:25:00,2026-10-02 19:29:00,,,,,Михайлов М. С.,Победа,Выдача до 30 минут
2026-10-02,TK 3120 ,73Х,ДАЛАМАН,21,Y(А12),21:47,3226,2026-10-02 22:00:00,2026-10-02 22:04:00,1.0,2026-10-02 22:03:00,2026-10-02 22:23:00,2026-10-02 22:03:00,2026-10-02 22:23:00,2026-10-02 22:26:00,,,2026-10-02 22:16:00,2026-10-02 22:35:00,,5.0,2026-10-02 22:10:00,2026-10-02 22:14:00,,,2026-10-02 22:23:00,2026-10-02 22:30:00,"Гафуров О. Ф., Додаров Б. М.",Turkish Airlines,Выдача от 30 до 40 минут
2026-10-02,J2 5830 ,319,ГЯНДЖА,29,Y(А10),21:27,2075,2026-10-02 21:37:00,2026-10-02 21:39:00,,2026-10-02 21:40:00,2026-10-02 22:00:00,2026-10-02 21:40:00,2026-10-02 22:00:00,2026-10-02 21:55:00,5.0,6.0,2026-10-02 21:53:00,2026-10-02 22:07:00,,0.0,2026-10-02 21:40:00,2026-10-02 21:51:00,2026-10-02 21:59:00,2026-10-02 22:04:00,,,Кажаев Д. Г.,AZAL,Выдача до 30 минут
2026-10-02,ЮТ 296 ,73Х,СУРГУТ,11,Y(А06),19:27,606,2026-10-02 19:35:00,2026-10-02 19:35:00,,2026-10-02 19:55:00,2026-10-02 20:01:00,2026-10-02 19:55:00,2026-10-02 20:01:00,2026-10-02 19:43:00,18.0,2.0,2026-10-02 20:08:00,2026-10-02 20:09:00,13.0,4.0,2026-10-02 20:01:00,2026-10-02 20:05:00,,,,,Рябчевский В. О.,Ютэйр,Выдача от 30 до 40 минут
2026-10-02,ФВ 6179 ,СУ9,САНКТ-ПЕТЕРБУРГ(ПУЛКОВО),9,Y(А04),19:29,167,2026-10-02 19:40:00,2026-10-02 19:40:00,,2026-10-02 19:44:00,2026-10-02 19:49:00,2026-10-02 19:44:00,2026-10-02 19:49:00,2026-10-02 19:45:00,4.0,4.0,2026-10-02 19:50:00,2026-10-02 19:52:00,,0.0,2026-10-02 19:47:00,2026-10-02 19:50:00,,,,,Дубинский В. Д.,Россия,Выдача до 30 минут
2026-10-02,AZV 3006 ,763,АНТАЛЬЯ,63,Y(А10),19:44,3294,2026-10-02 19:51:00,2026-10-02 19:53:00,,2026-10-02 19:54:00,2026-10-02 20:22:00,2026-10-02 19:54:00,2026-10-02 20:22:00,2026-10-02 20:17:00,5.0,6.0,2026-10-02 20:21:00,2026-10-02 20:34:00,,13.0,2026-10-02 19:59:00,2026-10-02 20:22:00,2026-10-02 19:57:00,2026-10-02 20:33:00,,,Литвин И. С.,АЗУР эйр,Выдача более 40 минут
2026-10-02,ХИ 9625 ,320,НУКУС,26,Y(А11),19:47,1084,2026-10-02 20:00:00,2026-10-02 20:05:00,2.0,2026-10-02 20:03:00,2026-10-02 20:09:00,2026-10-02 20:03:00,2026-10-02 20:09:00,2026-10-02 20:11:00,,,2026-10-02 20:15:00,2026-10-02 20:19:00,,0.0,2026-10-02 20:11:00,2026-10-02 20:15:00,,,,,Омурбек У. Б.,UZBEKISTAN AIRWAYS,Выдача до 30 минут
2026-10-02,ЮТ 400 ,73Х,ГРОЗНЫЙ(СЕВЕРНЫЙ),12,Y(А07),19:54,665,2026-10-02 20:02:00,2026-10-02 20:05:00,,2026-10-02 20:07:00,2026-10-02 20:24:00,2026-10-02 20:07:00,2026-10-02 20:24:00,2026-10-02 20:10:00,14.0,13.0,2026-10-02 20:23:00,2026-10-02 20:24:00,1.0,0.0,2026-10-02 20:19:00,2026-10-02 20:23:00,,,,,Додаров Б. М.,Ютэйр,Выдача до 30 минут
2026-10-02,ЮВ 204 ,ЦР2,ТОБОЛЬСК(РЕМЕЗОВ),44,Y(А04),20:07,179,2026-10-02 20:12:00,2026-10-02 20:12:00,,2026-10-02 20:14:00,2026-10-02 20:17:00,2026-10-02 20:14:00,2026-10-02 20:17:00,2026-10-02 20:17:00,,2.0,2026-10-02 20:24:00,2026-10-02 20:25:00,,0.0,2026-10-02 20:19:00,2026-10-02 20:25:00,,,,,Шарипов Д. А.,ЮВТ АЭРО,Выдача до 30 минут
2026-10-02,ХИ 613 ,763,ТАШКЕНТ(ТАШКЕНТ ИНТЛ.),23,Y(А09),20:13,2844,2026-10-02 20:31:00,2026-10-02 20:32:00,,2026-10-02 20:34:00,2026-10-02 20:47:00,2026-10-02 20:34:00,2026-10-02 20:47:00,2026-10-02 20:54:00,,,2026-10-02 20:54:00,2026-10-02 20:56:00,3.0,0.0,2026-10-02 20:34:00,2026-10-02 20:55:00,,,,,Шарипов К. А.,UZBEKISTAN AIRWAYS,Выдача до 30 минут
2026-10-02,ХИ 9627 ,32Н,ФЕРГАНА(ФЕРГАНА ИНТЛ.),24,Y(А10),20:21,1988,2026-10-02 20:34:00,2026-10-02 20:37:00,,2026-10-02 20:37:00,2026-10-02 20:52:00,2026-10-02 20:38:00,2026-10-02 20:52:00,2026-10-02 20:51:00,1.0,1.0,2026-10-02 20:48:00,2026-10-02 20:59:00,,0.0,2026-10-02 20:43:00,2026-10-02 20:49:00,2026-10-02 20:58:00,2026-10-02 20:59:00,,,"Михайлов М. С., Тано Б. А.",UZBEKISTAN AIRWAYS,Выдача до 30 минут
2026-10-02,ФВ 6181 ,СУ9,САНКТ-ПЕТЕРБУРГ(ПУЛКОВО),8,Y(А04),20:25,122,2026-10-02 20:38:00,2026-10-02 20:40:00,,2026-10-02 20:42:00,2026-10-02 20:47:00,2026-10-02 20:42:00,2026-10-02 20:47:00,2026-10-02 20:43:00,4.0,4.0,2026-10-02 20:47:00,2026-10-02 20:48:00,,0.0,2026-10-02 20:47:00,2026-10-02 20:48:00,,,,,Юрков С.,Россия,Выдача до 30 минут
2026-10-02,ВГ 2392 ,ЯК4,ВОЛОГДА,46,0,20:33,0,2026-10-02 20:37:00,2026-10-02 20:37:00,,2026-10-02 20:39:00,2026-10-02 20:40:00,2026-10-02 20:39:00,2026-10-02 20:40:00,,,1.0,,-1,,0.0,,,,,,,Барабанов А. М.,Вологодское АП,Не определено
2026-10-02,DV 815 ,7М8,АЛМАТЫ(АЛМАТЫ ИНТЛ.),20,Y(А13),20:40,1543,2026-10-02 20:49:00,2026-10-02 20:50:00,,2026-10-02 20:52:00,2026-10-02 21:02:00,2026-10-02 20:52:00,2026-10-02 21:02:00,2026-10-02 21:03:00,,,2026-10-02 21:04:00,2026-10-02 21:16:00,,0.0,2026-10-02 20:58:00,2026-10-02 21:04:00,2026-10-02 21:15:00,2026-10-02 21:16:00,,,"Медведев Е. И., Пельгуев Д. И.",SCAT Airlines,Выдача до 30 минут
2026-10-02,А4 7010 ,СУ9,ТБИЛИСИ(ТБИЛИСИ ИНТЛ.),45,Y(А12),20:47,1477,2026-10-02 20:54:00,2026-10-02 20:57:00,,2026-10-02 20:57:00,2026-10-02 21:11:00,2026-10-02 20:57:00,2026-10-02 21:11:00,2026-10-02 21:08:00,3.0,4.0,2026-10-02 21:11:00,2026-10-02 21:25:00,,1.0,2026-10-02 21:03:00,2026-10-02 21:10:00,2026-10-02 21:17:00,2026-10-02 21:25:00,,,Лаптев В. В.,Азимут,Выдача от 30 до 40 минут
2026-10-02,ХИ 9619 ,32Н,НАМАНГАН,25,Y(А09),20:58,2226,2026-10-02 21:12:00,2026-10-02 21:12:00,,2026-10-02 21:13:00,2026-10-02 21:31:00,2026-10-02 21:13:00,2026-10-02 21:31:00,2026-10-02 21:31:00,,3.0,2026-10-02 21:28:00,2026-10-02 21:40:00,,0.0,2026-10-02 21:25:00,2026-10-02 21:27:00,2026-10-02 21:33:00,2026-10-02 21:37:00,,,Юрков С.,UZBEKISTAN AIRWAYS,Выдача до 30 минут
2026-10-02,AZO 7018 ,СУ9,ТБИЛИСИ(ТБИЛИСИ ИНТЛ.),51A,Y(А11),21:03,1502,2026-10-02 21:14:00,2026-10-02 21:16:00,,2026-10-02 21:21:00,2026-10-02 21:38:00,2026-10-02 21:21:00,2026-10-02 21:38:00,2026-10-02 21:28:00,10.0,7.0,2026-10-02 21:36:00,2026-10-02 21:48:00,,4.0,2026-10-02 21:29:00,2026-10-02 21:35:00,2026-10-02 21:42:00,2026-10-02 21:47:00,,,Литвин И. С.,GEORGIAN AIRWAYS,Выдача от 30 до 40 минут
2026-10-02,ЮТ 746 ,73Х,БАКУ(ИМ. ГЕЙДАРА АЛИЕВА),16,Y(А12),21:08,1383,2026-10-02 21:21:00,2026-10-02 21:23:00,,2026-10-02 21:25:00,2026-10-02 21:41:00,2026-10-02 21:25:00,2026-10-02 21:41:00,2026-10-02 21:34:00,7.0,7.0,2026-10-02 21:40:00,2026-10-02 21:53:00,,2.0,2026-10-02 21:34:00,2026-10-02 21:41:00,2026-10-02 21:52:00,2026-10-02 21:54:00,,,Гафуров О. Ф.,Ютэйр,Выдача от 30 до 40 минут
2026-10-02,ФВ 6183 ,СУ9,САНКТ-ПЕТЕРБУРГ(ПУЛКОВО),9,Y(А04),21:33,204,2026-10-02 21:46:00,2026-10-02 21:49:00,,2026-10-02 21:51:00,2026-10-02 21:54:00,2026-10-02 21:51:00,2026-10-02 21:54:00,2026-10-02 21:51:00,3.0,2.0,2026-10-02 21:58:00,2026-10-02 21:59:00,,0.0,2026-10-02 21:55:00,2026-10-02 21:58:00,,,,,Михайлов М. С.,Россия,Выдача до 30 минут
2026-10-02,ФВ 6009 ,СУ9,САНКТ-ПЕТЕРБУРГ(ПУЛКОВО),8,Y(А04),12:11,225,2026-10-02 12:21:00,2026-10-02 12:21:00,,2026-10-02 12:24:00,2026-10-02 12:29:00,2026-10-02 12:24:00,2026-10-02 12:29:00,2026-10-02 12:27:00,2.0,3.0,2026-10-02 12:31:00,2026-10-02 12:33:00,,0.0,2026-10-02 12:28:00,2026-10-02 12:33:00,,,,,Минченко А. И.,Россия,Выдача до 30 минут
2026-10-02,ДР 1994 ,73Х,СТАМБУЛ(СТАМБУЛ НЬЮ),49,Y(А11),05:39,1508,2026-10-02 05:46:00,2026-10-02 05:49:00,,2026-10-02 05:50:00,2026-10-02 06:04:00,2026-10-02 05:50:00,2026-10-02 06:04:00,2026-10-02 06:00:00,4.0,4.0,2026-10-02 06:06:00,2026-10-02 06:10:00,,0.0,2026-10-02 05:58:00,2026-10-02 06:04:00,2026-10-02 06:04:00,2026-10-02 06:12:00,,,Потапов Е. А.,Победа,Выдача до 30 минут
2026-10-02,TK 1231 ,32Б,АНТАЛЬЯ,23,Y(А11),12:00,980,2026-10-02 12:11:00,2026-10-02 12:13:00,,2026-10-02 12:14:00,2026-10-02 12:27:00,2026-10-02 12:14:00,2026-10-02 12:27:00,2026-10-02 12:22:00,5.0,6.0,2026-10-02 12:30:00,2026-10-02 12:33:00,,0.0,2026-10-02 11:59:00,2026-10-02 12:29:00,,,,,Музафаров А. С.,Turkish Airlines,Выдача до 30 минут
2026-10-02,TK 421 ,333,СТАМБУЛ(СТАМБУЛ НЬЮ),22,Y(А10),01:14,4640,2026-10-02 01:24:00,2026-10-02 01:31:00,4.0,2026-10-02 01:27:00,2026-10-02 02:10:00,2026-10-02 01:47:00,2026-10-02 02:10:00,2026-10-02 01:59:00,11.0,,2026-10-02 01:51:00,2026-10-02 01:58:00,7.0,4.0,2026-10-02 01:47:00,2026-10-02 02:10:00,,,,,"Барабанов А. М., Екимов С. С.",Turkish Airlines,Выдача от 30 до 40 минут
2026-10-02,FZ 965 ,7М8,ДУБАЙ(ДУБАЙ ИНТЛ.),18,Y(А09),01:48,2482,2026-10-02 02:01:00,2026-10-02 02:00:00,-1.0,2026-10-02 02:03:00,2026-10-02 02:22:00,2026-10-02 02:12:00,2026-10-02 02:22:00,2026-10-02 02:22:00,,,2026-10-02 02:15:00,2026-10-02 02:38:00,,7.0,2026-10-02 02:11:00,2026-10-02 02:15:00,2026-10-02 02:22:00,2026-10-02 02:30:00,,,"Иванов В. А., Кузин К. С.",flydubai,Выдача от 30 до 40 минут
2026-10-02,TK 3154 ,32Б,БОДРУМ(МИЛАС),24,Y(А13),01:53,2572,2026-10-02 02:06:00,2026-10-02 02:07:00,,2026-10-02 02:09:00,2026-10-02 02:24:00,2026-10-02 02:09:00,2026-10-02 02:24:00,2026-10-02 02:27:00,,,2026-10-02 02:24:00,2026-10-02 02:25:00,,0.0,2026-10-02 02:12:00,2026-10-02 02:25:00,2026-10-02 02:21:00,2026-10-02 02:29:00,,,Семиченков С. А.,Turkish Airlines,Выдача до 30 минут
2026-10-02,ЖГ 932 ,73Х,ТБИЛИСИ(ТБИЛИСИ ИНТЛ.),30,Y(А11),02:02,1588,2026-10-02 02:12:00,2026-10-02 02:12:00,,2026-10-02 02:16:00,2026-10-02 02:30:00,2026-10-02 02:22:00,2026-10-02 02:30:00,2026-10-02 02:27:00,3.0,,2026-10-02 02:25:00,2026-10-02 02:36:00,,0.0,2026-10-02 02:21:00,2026-10-02 02:26:00,2026-10-02 02:32:00,2026-10-02 02:38:00,,,"Вазиров Т. В., Коляскин А. Г.",GEORGIAN AIRWAYS,Выдача до 30 минут
2026-10-02,TK 3006 ,32Б,АНТАЛЬЯ,23,Y(А10),02:33,2442,2026-10-02 02:46:00,2026-10-02 02:47:00,,2026-10-02 02:51:00,2026-10-02 03:08:00,2026-10-02 02:51:00,2026-10-02 03:08:00,2026-10-02 03:06:00,2.0,1.0,2026-10-02 03:03:00,2026-10-02 03:19:00,,3.0,2026-10-02 02:57:00,2026-10-02 03:04:00,2026-10-02 03:03:00,2026-10-02 03:19:00,,,Потапов Е. А.,Turkish Airlines,Выдача от 30 до 40 минут
2026-10-02,4S 325 ,7С8,ШАРМ ЭЛЬ ШЕЙХ(ШАРМ ЭЛЬ ШЕЙХ ИНТЛ.),29,Y(А12),02:39,2237,2026-10-02 02:50:00,2026-10-02 02:52:00,,2026-10-02 02:53:00,2026-10-02 03:07:00,2026-10-02 02:54:00,2026-10-02 03:07:00,2026-10-02 03:09:00,,,2026-10-02 03:01:00,2026-10-02 03:12:00,,0.0,2026-10-02 02:59:00,2026-10-02 03:01:00,2026-10-02 03:08:00,2026-10-02 03:13:00,,,"Дубинский В. Д., Иванов В. А.",Red Sea,Выдача до 30 минут
2026-10-02,PC 386 ,32Щ,СТАМБУЛ(САБИХА ГОКЦЕН),19,Y(А09),02:54,3057,2026-10-02 03:03:00,2026-10-02 03:03:00,,2026-10-02 03:05:00,2026-10-02 03:19:00,2026-10-02 03:06:00,2026-10-02 03:19:00,2026-10-02 03:27:00,,,2026-10-02 03:15:00,2026-10-02 03:25:00,,0.0,2026-10-02 03:09:00,2026-10-02 03:14:00,2026-10-02 03:21:00,2026-10-02 03:26:00,,,"Гафуров О. Ф., Екимов С. С.",Pegasus,Выдача до 30 минут
2026-10-02,TK 3122 ,321,БОДРУМ(МИЛАС),25,Y(А10),03:10,2332,2026-10-02 03:24:00,2026-10-02 03:26:00,,2026-10-02 03:29:00,2026-10-02 03:38:00,2026-10-02 03:29:00,2026-10-02 03:38:00,2026-10-02 03:44:00,,,2026-10-02 03:39:00,2026-10-02 03:45:00,,0.0,2026-10-02 03:42:00,2026-10-02 03:45:00,,,,,Никишин А. В.,Turkish Airlines,Выдача до 30 минут
2026-10-02,TK 3172 ,321,АНТАЛЬЯ,27,Y(А13),03:18,2420,2026-10-02 03:31:00,2026-10-02 03:33:00,,2026-10-02 03:37:00,2026-10-02 03:50:00,2026-10-02 03:37:00,2026-10-02 03:50:00,2026-10-02 03:51:00,,,2026-10-02 03:48:00,2026-10-02 03:55:00,,0.0,2026-10-02 03:38:00,2026-10-02 03:48:00,2026-10-02 03:48:00,2026-10-02 04:00:00,,,Харитонов И. А.,Turkish Airlines,Выдача до 30 минут
2026-10-02,ЮВ 303 ,ЦР2,БУГУЛЬМА,45,Y(А04),03:40,127,2026-10-02 03:46:00,2026-10-02 03:46:00,,2026-10-02 03:49:00,2026-10-02 03:52:00,2026-10-02 03:49:00,2026-10-02 03:52:00,2026-10-02 03:51:00,1.0,2.0,2026-10-02 03:55:00,2026-10-02 03:56:00,,0.0,2026-10-02 03:51:00,2026-10-02 03:55:00,,,,,Тришкин А. В.,ЮВТ АЭРО,Выдача до 30 минут
2026-10-02,NE 604 ,320,ХУРГАДА(ХУРГАДА ИНТЛ.),26,Y(А09),03:59,1887,2026-10-02 04:18:00,2026-10-02 04:21:00,,2026-10-02 04:21:00,2026-10-02 04:42:00,2026-10-02 04:21:00,2026-10-02 04:42:00,2026-10-02 04:35:00,7.0,8.0,2026-10-02 04:32:00,2026-10-02 04:47:00,,0.0,2026-10-02 04:29:00,2026-10-02 04:31:00,2026-10-02 04:43:00,2026-10-02 04:48:00,,,Андреев А. М.,Nesma Airlines,Выдача до 30 минут
2026-10-02,VF 587 ,73Х,АНКАРА(ЕСЕНБОГА),22,Y(А10),04:17,1861,2026-10-02 04:29:00,2026-10-02 04:45:00,13.0,2026-10-02 04:44:00,2026-10-02 04:47:00,2026-10-02 04:44:00,2026-10-02 04:47:00,2026-10-02 04:45:00,2.0,,2026-10-02 04:55:00,2026-10-02 05:07:00,6.0,8.0,2026-10-02 04:52:00,2026-10-02 04:55:00,2026-10-02 05:01:00,2026-10-02 05:07:00,,,Дубинский В. Д.,AJET,Выдача от 30 до 40 минут
2026-10-02,PC 1456 ,32Щ,БОДРУМ(МИЛАС),20,Y(А09),04:27,2871,2026-10-02 04:35:00,2026-10-02 04:37:00,,2026-10-02 04:40:00,2026-10-02 04:58:00,2026-10-02 04:40:00,2026-10-02 04:58:00,2026-10-02 04:58:00,,,2026-10-02 04:53:00,2026-10-02 05:03:00,,0.0,2026-10-02 04:48:00,2026-10-02 04:53:00,2026-10-02 04:57:00,2026-10-02 05:03:00,,,"Барабанов А. М., Кузин К. С.",Pegasus,Выдача до 30 минут
2026-10-02,VF 277 ,73Х,СТАМБУЛ(САБИХА ГОКЦЕН),21,Y(А11),04:43,1741,2026-10-02 04:54:00,2026-10-02 04:57:00,,2026-10-02 04:58:00,2026-10-02 05:09:00,2026-10-02 04:58:00,2026-10-02 05:09:00,2026-10-02 05:10:00,,,2026-10-02 05:08:00,2026-10-02 05:15:00,,0.0,2026-10-02 05:03:00,2026-10-02 05:08:00,2026-10-02 05:09:00,2026-10-02 05:16:00,,,"Вазиров Т. В., Харитонов И. А.",AJET,Выдача до 30 минут
2026-10-02,NE 600 ,320,ХУРГАДА(ХУРГАДА ИНТЛ.),25,Y(А12),04:52,1886,2026-10-02 05:03:00,2026-10-02 05:04:00,,2026-10-02 05:07:00,2026-10-02 05:27:00,2026-10-02 05:07:00,2026-10-02 05:27:00,2026-10-02 05:20:00,7.0,7.0,2026-10-02 05:17:00,2026-10-02 05:33:00,,0.0,2026-10-02 05:14:00,2026-10-02 05:18:00,2026-10-02 05:27:00,2026-10-02 05:34:00,,,Семиченков С. А.,Nesma Airlines,Выдача до 30 минут
2026-10-02,ЮТ 358 ,73Х,САМАРА(КУРУМОЧ),16,Y(А05),01:10,497,2026-10-02 01:18:00,2026-10-02 01:20:00,,2026-10-02 01:24:00,2026-10-02 01:28:00,2026-10-02 01:24:00,2026-10-02 01:28:00,2026-10-02 01:25:00,3.0,1.0,2026-10-02 01:35:00,2026-10-02 01:36:00,,0.0,2026-10-02 01:30:00,2026-10-02 01:35:00,,,,,Коляскин А. Г.,Ютэйр,Выдача до 30 минут
2026-10-02,PC 390 ,32Щ,СТАМБУЛ(САБИХА ГОКЦЕН),19,Y(А09),05:03,2721,2026-10-02 05:14:00,2026-10-02 05:17:00,,2026-10-02 05:19:00,2026-10-02 05:37:00,2026-10-02 05:21:00,2026-10-02 05:37:00,2026-10-02 05:36:00,1.0,,2026-10-02 05:31:00,2026-10-02 05:44:00,,0.0,2026-10-02 05:24:00,2026-10-02 05:31:00,2026-10-02 05:40:00,2026-10-02 05:44:00,,,"Тихонов С. М., Тришкин А. В.",Pegasus,Выдача до 30 минут
2026-10-02,AZO 7008 ,СУ9,ТБИЛИСИ(ТБИЛИСИ ИНТЛ.),51A,Y(А09),01:07,1454,2026-10-02 01:23:00,2026-10-02 01:23:00,,2026-10-02 01:29:00,2026-10-02 01:52:00,2026-10-02 01:29:00,2026-10-02 01:52:00,2026-10-02 01:37:00,15.0,13.0,2026-10-02 01:51:00,2026-10-02 02:01:00,,8.0,2026-10-02 01:40:00,2026-10-02 01:45:00,2026-10-02 01:54:00,2026-10-02 02:01:00,,,Потапов Е. А.,GEORGIAN AIRWAYS,Выдача от 30 до 40 минут
2026-10-02,PC 1521 ,32Н,ИЗМИР(АДНАН МЕНДЕРЕС),37A,Y(А12),00:57,2075,2026-10-02 01:07:00,2026-10-02 01:10:00,,2026-10-02 01:17:00,2026-10-02 01:35:00,2026-10-02 01:17:00,2026-10-02 01:35:00,2026-10-02 01:25:00,10.0,4.0,2026-10-02 01:32:00,2026-10-02 01:43:00,,6.0,2026-10-02 01:25:00,2026-10-02 01:34:00,2026-10-02 01:34:00,2026-10-02 01:44:00,,,Лаптев В. В.,Pegasus,Выдача от 30 до 40 минут
2026-10-02,J2 807 ,319,БАКУ(ИМ. ГЕЙДАРА АЛИЕВА),20,Y(А09),12:03,1377,2026-10-02 12:11:00,2026-10-02 12:13:00,,2026-10-02 12:15:00,2026-10-02 12:26:00,2026-10-02 12:15:00,2026-10-02 12:26:00,2026-10-02 12:24:00,2.0,2.0,2026-10-02 12:27:00,2026-10-02 12:36:00,,0.0,2026-10-02 12:19:00,2026-10-02 12:24:00,2026-10-02 12:29:00,2026-10-02 12:34:00,,,Давлатов Б. Ч.,AZAL,Выдача до 30 минут
2026-10-02,ДР 210 ,7С8,САНКТ-ПЕТЕРБУРГ(ПУЛКОВО),62,Y(А05),00:03,178,2026-10-02 00:12:00,2026-10-02 00:16:00,1.0,2026-10-02 00:15:00,2026-10-02 00:19:00,2026-10-02 00:15:00,2026-10-02 00:19:00,2026-10-02 00:17:00,2.0,3.0,2026-10-02 00:25:00,2026-10-02 00:27:00,,0.0,2026-10-02 00:18:00,2026-10-02 00:25:00,,,,,Лаптев В. В.,Победа,Выдача до 30 минут
2026-10-02,AZO 7054 ,СУ9,БАТУМИ,28,Y(А12),00:07,1171,2026-10-02 00:14:00,2026-10-02 00:16:00,,2026-10-02 00:20:00,2026-10-02 00:35:00,2026-10-02 00:20:00,2026-10-02 00:35:00,2026-10-02 00:26:00,9.0,7.0,2026-10-02 00:37:00,2026-10-02 00:40:00,3.0,0.0,2026-10-02 00:33:00,2026-10-02 00:40:00,,,,,Андреев А. М.,GEORGIAN AIRWAYS,Выдача до 30 минут
2026-10-02,PC 1576 ,32Щ,АНТАЛЬЯ,36,Y(А09),00:10,2713,2026-10-02 00:15:00,2026-10-02 00:17:00,,2026-10-02 00:19:00,2026-10-02 00:42:00,2026-10-02 00:19:00,2026-10-02 00:42:00,2026-10-02 00:37:00,5.0,5.0,2026-10-02 00:31:00,2026-10-02 00:50:00,,5.0,2026-10-02 00:26:00,2026-10-02 00:31:00,2026-10-02 00:42:00,2026-10-02 00:51:00,,,Семиченков С. А.,Pegasus,Выдача от 30 до 40 минут
2026-10-02,ФВ 6189 ,СУ9,САНКТ-ПЕТЕРБУРГ(ПУЛКОВО),9,Y(А04),00:16,204,2026-10-02 00:26:00,2026-10-02 00:28:00,,2026-10-02 00:32:00,2026-10-02 00:37:00,2026-10-02 00:32:00,2026-10-02 00:37:00,2026-10-02 00:31:00,6.0,4.0,2026-10-02 00:38:00,2026-10-02 00:39:00,,0.0,2026-10-02 00:35:00,2026-10-02 00:42:00,,,,,Омурбек У. Б.,Россия,Выдача до 30 минут
2026-10-02,TK 3060 ,321,АНТАЛЬЯ,25,Y(А09),00:19,2482,2026-10-02 00:27:00,2026-10-02 00:30:00,,2026-10-02 00:32:00,2026-10-02 00:52:00,2026-10-02 00:32:00,2026-10-02 00:52:00,2026-10-02 00:48:00,4.0,3.0,2026-10-02 00:47:00,2026-10-02 00:58:00,,1.0,2026-10-02 00:31:00,2026-10-02 00:47:00,2026-10-02 00:54:00,2026-10-02 01:03:00,,,Харитонов И. А.,Turkish Airlines,Выдача от 30 до 40 минут
2026-10-02,FZ 987 ,7М8,ДУБАЙ(ДУБАЙ ИНТЛ.),30,Y(А11),00:22,2075,2026-10-02 00:37:00,2026-10-02 00:39:00,,2026-10-02 00:40:00,2026-10-02 01:01:00,2026-10-02 00:47:00,2026-10-02 01:01:00,2026-10-02 00:55:00,6.0,,2026-10-02 00:51:00,2026-10-02 01:02:00,,0.0,2026-10-02 00:57:00,2026-10-02 01:02:00,2026-10-02 00:46:00,2026-10-02 00:50:00,,,"Омурбек У. Б., Тихонов С. М.",flydubai,Выдача до 30 минут
2026-10-02,ДР 416 ,73Х,ЧЕЛЯБИНСК(БАЛАНДИНО),48,Y(А05),00:25,394,2026-10-02 00:31:00,2026-10-02 00:40:00,6.0,2026-10-02 00:35:00,2026-10-02 00:40:00,2026-10-02 00:35:00,2026-10-02 00:40:00,2026-10-02 00:38:00,2.0,2.0,2026-10-02 00:45:00,2026-10-02 00:46:00,,0.0,2026-10-02 00:41:00,2026-10-02 00:45:00,,,,,Барабанов А. М.,Победа,Выдача до 30 минут
2026-10-02,TK 409 ,32Б,СТАМБУЛ(СТАМБУЛ НЬЮ),20,Y(А10),00:30,2393,2026-10-02 00:38:00,2026-10-02 00:39:00,,2026-10-02 00:45:00,2026-10-02 00:59:00,2026-10-02 00:45:00,2026-10-02 00:59:00,2026-10-02 00:58:00,1.0,,2026-10-02 00:58:00,2026-10-02 01:09:00,,1.0,2026-10-02 01:02:00,2026-10-02 01:09:00,,,,,Екимов С. С.,Turkish Airlines,Выдача от 30 до 40 минут
2026-10-02,VF 275 ,73Х,СТАМБУЛ(САБИХА ГОКЦЕН),37,Y(А12),00:35,2064,2026-10-02 00:41:00,2026-10-02 00:45:00,1.0,2026-10-02 00:45:00,2026-10-02 01:17:00,2026-10-02 00:45:00,2026-10-02 01:17:00,2026-10-02 00:59:00,18.0,18.0,2026-10-02 01:03:00,2026-10-02 01:24:00,,13.0,2026-10-02 00:51:00,2026-10-02 00:59:00,2026-10-02 01:11:00,2026-10-02 01:23:00,,,Иванов В. А.,AJET,Выдача более 40 минут
2026-10-02,TK 3178 ,321,ДАЛАМАН,29,Y(А13),00:38,2033,2026-10-02 00:47:00,2026-10-02 00:49:00,,2026-10-02 00:52:00,2026-10-02 01:06:00,2026-10-02 00:52:00,2026-10-02 01:06:00,2026-10-02 01:05:00,1.0,,2026-10-02 01:04:00,2026-10-02 01:16:00,,0.0,2026-10-02 01:10:00,2026-10-02 01:12:00,,,,,Тришкин А. В.,Turkish Airlines,Выдача до 30 минут
2026-10-02,TK 217 ,32Б,АНТАЛЬЯ,23,Y(А09),00:40,2600,2026-10-02 00:47:00,2026-10-02 00:50:00,,2026-10-02 00:50:00,2026-10-02 01:08:00,2026-10-02 00:50:00,2026-10-02 01:08:00,2026-10-02 01:08:00,,1.0,2026-10-02 01:09:00,2026-10-02 01:17:00,2.0,0.0,2026-10-02 00:56:00,2026-10-02 01:09:00,2026-10-02 01:10:00,2026-10-02 01:19:00,,,Андреев А. М.,Turkish Airlines,Выдача до 30 минут
2026-10-02,TK 3002 ,321,АНТАЛЬЯ,21,Y(А09),00:44,2249,2026-10-02 00:53:00,2026-10-02 00:56:00,,2026-10-02 00:56:00,2026-10-02 01:05:00,2026-10-02 00:56:00,2026-10-02 01:05:00,2026-10-02 01:12:00,,,2026-10-02 01:11:00,2026-10-02 01:14:00,,0.0,2026-10-02 01:04:00,2026-10-02 01:21:00,,,,,Юрков С.,Turkish Airlines,Выдача до 30 минут
2026-10-02,ДР 1486 ,73Х,УЛЬЯНОВСК(БАРАТАЕВКА),50,Y(А04),00:48,223,2026-10-02 01:00:00,2026-10-02 01:01:00,,2026-10-02 01:03:00,2026-10-02 01:07:00,2026-10-02 01:03:00,2026-10-02 01:07:00,2026-10-02 01:05:00,2.0,3.0,2026-10-02 01:14:00,2026-10-02 01:15:00,,0.0,2026-10-02 01:07:00,2026-10-02 01:19:00,,,,,Потапов Е. А.,Победа,Выдача до 30 минут
2026-10-02,TK 3014 ,321,АНТАЛЬЯ,27,Y(А10),00:51,2766,2026-10-02 01:01:00,2026-10-02 01:12:00,8.0,2026-10-02 01:16:00,2026-10-02 01:35:00,2026-10-02 01:16:00,2026-10-02 01:35:00,2026-10-02 01:23:00,12.0,1.0,2026-10-02 01:26:00,2026-10-02 01:38:00,5.0,7.0,2026-10-02 01:15:00,2026-10-02 01:26:00,2026-10-02 01:24:00,2026-10-02 01:41:00,,,Дубинский В. Д.,Turkish Airlines,Выдача от 30 до 40 минут
2026-10-02,TK 3036 ,321,АНТАЛЬЯ,26,Y(А13),01:04,2761,2026-10-02 01:15:00,2026-10-02 01:19:00,1.0,2026-10-02 01:20:00,2026-10-02 01:37:00,2026-10-02 01:20:00,2026-10-02 01:37:00,2026-10-02 01:37:00,,,2026-10-02 01:25:00,2026-10-02 01:26:00,,0.0,2026-10-02 01:22:00,2026-10-02 01:36:00,2026-10-02 01:28:00,2026-10-02 01:44:00,,,Никишин А. В.,Turkish Airlines,Выдача до 30 минут
2026-10-02,TK 419 ,333,СТАМБУЛ(СТАМБУЛ НЬЮ),23,Y(А10),05:07,4894,2026-10-02 05:23:00,2026-10-02 05:25:00,,2026-10-02 05:25:00,2026-10-02 05:56:00,2026-10-02 05:27:00,2026-10-02 05:56:00,2026-10-02 06:00:00,,,2026-10-02 05:41:00,2026-10-02 05:48:00,,0.0,2026-10-02 05:50:00,2026-10-02 06:09:00,2026-10-02 05:28:00,2026-10-02 05:43:00,2026-10-02 05:38:00,2026-10-02 05:56:00,"Иванов В. А., Коляскин А. Г.",Turkish Airlines,Выдача до 30 минут
2026-10-02,TK 3084 ,321,ДАЛАМАН,19,Y(А11),01:00,2307,2026-10-02 01:14:00,2026-10-02 01:15:00,,2026-10-02 01:18:00,2026-10-02 01:36:00,2026-10-02 01:20:00,2026-10-02 01:36:00,2026-10-02 01:33:00,3.0,1.0,2026-10-02 01:35:00,2026-10-02 01:45:00,1.0,1.0,2026-10-02 01:37:00,2026-10-02 01:47:00,,,,,"Вазиров Т. В., Литвин И. С.",Turkish Airlines,Выдача от 30 до 40 минут
2026-10-02,PC 1458 ,32Щ,ДАЛАМАН,20,Y(А09),05:48,2474,2026-10-02 06:00:00,2026-10-02 06:02:00,,2026-10-02 06:03:00,2026-10-02 06:20:00,2026-10-02 06:03:00,2026-10-02 06:20:00,2026-10-02 06:20:00,,1.0,2026-10-02 06:13:00,2026-10-02 06:26:00,,0.0,2026-10-02 06:08:00,2026-10-02 06:13:00,2026-10-02 06:20:00,2026-10-02 06:28:00,,,"Вазиров Т. В., Тришкин А. В.",Pegasus,Выдача до 30 минут
2026-10-02,ВГ 2390 ,ЯК4,ВОЛОГДА,45,0,09:12,135,2026-10-02 09:15:00,2026-10-02 09:16:00,,2026-10-02 09:18:00,2026-10-02 09:21:00,2026-10-02 09:18:00,2026-10-02 09:21:00,2026-10-02 09:20:00,1.0,2.0,,-1,,0.0,,,,,,,Михайлов М. С.,Вологодское АП,Не определено
2026-10-02,ФВ 6003 ,СУ9,САНКТ-ПЕТЕРБУРГ(ПУЛКОВО),9,Y(А04),09:16,1,2026-10-02 09:24:00,2026-10-02 09:26:00,,2026-10-02 09:27:00,2026-10-02 09:28:00,2026-10-02 09:27:00,2026-10-02 09:28:00,2026-10-02 09:28:00,,1.0,2026-10-02 09:31:00,2026-10-02 09:32:00,,0.0,2026-10-02 09:27:00,2026-10-02 09:30:00,,,,,Екимов С. С.,Россия,Выдача до 30 минут
2026-10-02,ХИ 9623 ,320,КАРШИ(КАРШИ МЕЖДУНАРОДНЫЙ),22,Y(А10),09:32,706,2026-10-02 09:38:00,2026-10-02 09:38:00,,2026-10-02 09:43:00,2026-10-02 09:48:00,2026-10-02 09:43:00,2026-10-02 09:48:00,2026-10-02 09:47:00,1.0,,2026-10-02 09:53:00,2026-10-02 09:55:00,,0.0,2026-10-02 09:48:00,2026-10-02 09:53:00,,,,,Чеканов В. А.,UZBEKISTAN AIRWAYS,Выдача до 30 минут
2026-10-02,КГ 555 ,320,ОШ,26,Y(А13),09:36,2959,2026-10-02 09:42:00,2026-10-02 09:45:00,,2026-10-02 09:45:00,2026-10-02 10:03:00,2026-10-02 09:46:00,2026-10-02 10:03:00,2026-10-02 10:06:00,,,2026-10-02 09:55:00,2026-10-02 10:06:00,,0.0,2026-10-02 09:51:00,2026-10-02 09:55:00,2026-10-02 10:02:00,2026-10-02 10:07:00,,,"Корнилов Н. А., Фаёзов А. Р.",Aero Nomad,Выдача до 30 минут
2026-10-02,ДР 744 ,73Х,ОШ,42,Y(А13),09:39,321,2026-10-02 09:46:00,2026-10-02 09:49:00,,2026-10-02 09:48:00,2026-10-02 10:12:00,2026-10-02 09:49:00,2026-10-02 10:12:00,2026-10-02 09:52:00,20.0,21.0,2026-10-02 09:57:00,2026-10-02 09:58:00,,0.0,2026-10-02 09:51:00,2026-10-02 09:57:00,,,,,"Андреев А. М., Федоров Н. В.",Победа,Выдача до 30 минут
2026-10-02,ДР 998 ,7С8,САМАРКАНД(САМАРКАНД ИНТЛ.),63,Y(А12),09:41,503,2026-10-02 09:48:00,2026-10-02 09:52:00,1.0,2026-10-02 09:54:00,2026-10-02 10:05:00,2026-10-02 09:54:00,2026-10-02 10:05:00,2026-10-02 09:55:00,10.0,8.0,2026-10-02 10:11:00,2026-10-02 10:15:00,,0.0,2026-10-02 10:02:00,2026-10-02 10:15:00,,,,,Рустамов М. А.,Победа,Выдача до 30 минут
2026-10-02,TK 407 ,333,СТАМБУЛ(СТАМБУЛ НЬЮ),23,Y(А10),10:06,5899,2026-10-02 10:16:00,2026-10-02 10:17:00,,2026-10-02 10:22:00,2026-10-02 10:45:00,2026-10-02 10:24:00,2026-10-02 10:45:00,2026-10-02 10:59:00,,,2026-10-02 10:33:00,2026-10-02 10:50:00,,4.0,2026-10-02 10:22:00,2026-10-02 10:43:00,2026-10-02 10:22:00,2026-10-02 10:40:00,2026-10-02 10:27:00,2026-10-02 10:48:00,"Михайлов М. С., Попов Д. В.",Turkish Airlines,Выдача от 30 до 40 минут
2026-10-02,ЮТ 790 ,73Х,ФЕРГАНА(ФЕРГАНА ИНТЛ.),24,Y(А11),10:13,1026,2026-10-02 10:20:00,2026-10-02 10:23:00,,2026-10-02 10:22:00,2026-10-02 10:34:00,2026-10-02 10:22:00,2026-10-02 10:34:00,2026-10-02 10:31:00,3.0,5.0,2026-10-02 10:37:00,2026-10-02 10:58:00,,8.0,2026-10-02 10:31:00,2026-10-02 10:36:00,,,,,Екимов С. С.,Ютэйр,Выдача от 30 до 40 минут
2026-10-02,DV 801 ,7М8,ШЫМКЕНТ(ШЫМКЕНТ ИНТЛ.),19,Y(А13),10:18,1541,2026-10-02 10:23:00,2026-10-02 10:24:00,,2026-10-02 10:26:00,2026-10-02 10:48:00,2026-10-02 10:26:00,2026-10-02 10:48:00,2026-10-02 10:37:00,11.0,12.0,2026-10-02 10:40:00,2026-10-02 10:47:00,,0.0,2026-10-02 10:34:00,2026-10-02 10:40:00,2026-10-02 10:42:00,2026-10-02 10:47:00,,,Кутейников А. В.,SCAT Airlines,Выдача до 30 минут
2026-10-02,ЮТ 446 ,735,КОГАЛЫМ,13,Y(А05),10:22,569,2026-10-02 10:28:00,2026-10-02 10:30:00,,2026-10-02 10:32:00,2026-10-02 10:39:00,2026-10-02 10:32:00,2026-10-02 10:39:00,2026-10-02 10:36:00,3.0,3.0,2026-10-02 10:49:00,2026-10-02 10:50:00,1.0,0.0,2026-10-02 10:39:00,2026-10-02 10:43:00,,,,,Фозылов Б. З.,Ютэйр,Выдача до 30 минут
2026-10-02,FZ 969 ,7М8,ДУБАЙ(ДУБАЙ ИНТЛ.),29,Y(А09),10:42,2044,2026-10-02 10:53:00,2026-10-02 10:57:00,1.0,2026-10-02 10:55:00,2026-10-02 11:12:00,2026-10-02 10:58:00,2026-10-02 11:12:00,2026-10-02 11:11:00,1.0,,2026-10-02 11:03:00,2026-10-02 11:13:00,,0.0,2026-10-02 11:00:00,2026-10-02 11:04:00,2026-10-02 11:09:00,2026-10-02 11:13:00,,,"Скулов Е. С., Хушвактов П. З.",flydubai,Выдача до 30 минут
2026-10-02,КГ 503 ,320,БИШКЕК(МАНАС ИНТЛ),25,Y(А13),10:54,1710,2026-10-02 11:08:00,2026-10-02 11:09:00,,2026-10-02 11:10:00,2026-10-02 11:26:00,2026-10-02 11:10:00,2026-10-02 11:26:00,2026-10-02 11:23:00,3.0,5.0,2026-10-02 11:21:00,2026-10-02 11:41:00,,3.0,2026-10-02 11:18:00,2026-10-02 11:22:00,2026-10-02 11:25:00,2026-10-02 11:30:00,,,"Кажаев Д. Г., Пельгуев Д. И.",Aero Nomad,Выдача от 30 до 40 минут
2026-10-02,ФВ 6007 ,СУ9,САНКТ-ПЕТЕРБУРГ(ПУЛКОВО),9,Y(А04),11:09,143,2026-10-02 11:18:00,2026-10-02 11:20:00,,2026-10-02 11:21:00,2026-10-02 11:24:00,2026-10-02 11:21:00,2026-10-02 11:24:00,2026-10-02 11:23:00,1.0,2.0,2026-10-02 11:28:00,2026-10-02 11:29:00,,0.0,2026-10-02 11:23:00,2026-10-02 11:24:00,,,,,Ушаков М. В.,Россия,Выдача до 30 минут
2026-10-02,ДР 734 ,73Х,ТЕРМЕЗ,36,Y(А11),11:19,354,2026-10-02 11:29:00,2026-10-02 11:32:00,,2026-10-02 11:32:00,2026-10-02 11:47:00,2026-10-02 11:32:00,2026-10-02 11:47:00,2026-10-02 11:35:00,12.0,13.0,2026-10-02 11:45:00,2026-10-02 11:46:00,,0.0,2026-10-02 11:39:00,2026-10-02 11:45:00,,,,,Фозылов Б. З.,Победа,Выдача до 30 минут
2026-10-02,TK 413 ,333,СТАМБУЛ(СТАМБУЛ НЬЮ),22,Y(А10),11:23,4740,2026-10-02 11:36:00,2026-10-02 11:38:00,,2026-10-02 11:39:00,2026-10-02 12:06:00,2026-10-02 11:39:00,2026-10-02 12:06:00,2026-10-02 12:12:00,,,2026-10-02 11:52:00,2026-10-02 12:11:00,,5.0,2026-10-02 11:40:00,2026-10-02 12:06:00,2026-10-02 11:52:00,2026-10-02 12:11:00,,,"Ушаков М. В., Чеканов В. А.",Turkish Airlines,Выдача от 30 до 40 минут
2026-10-02,ДР 714 ,7С8,САМАРКАНД(САМАРКАНД ИНТЛ.),44,Y(А12),09:08,594,2026-10-02 09:14:00,2026-10-02 09:17:00,,2026-10-02 09:17:00,2026-10-02 09:23:00,2026-10-02 09:17:00,2026-10-02 09:23:00,2026-10-02 09:22:00,1.0,2.0,2026-10-02 09:30:00,2026-10-02 09:31:00,,0.0,2026-10-02 09:23:00,2026-10-02 09:29:00,,,,,Рустамов М. А.,Победа,Выдача до 30 минут
2026-10-02,DV 809 ,738,АЛМАТЫ(АЛМАТЫ ИНТЛ.),20,Y(А13),09:00,1197,2026-10-02 09:06:00,2026-10-02 09:08:00,,2026-10-02 09:08:00,2026-10-02 09:15:00,2026-10-02 09:08:00,2026-10-02 09:15:00,2026-10-02 09:18:00,,,2026-10-02 09:24:00,2026-10-02 09:29:00,,0.0,2026-10-02 09:17:00,2026-10-02 09:24:00,,,,,Минченко А. И.,SCAT Airlines,Выдача до 30 минут
2026-10-02,ФВ 6005 ,СУ9,САНКТ-ПЕТЕРБУРГ(ПУЛКОВО),8,Y(А04),10:03,80,2026-10-02 10:11:00,2026-10-02 10:14:00,,2026-10-02 10:17:00,2026-10-02 10:21:00,2026-10-02 10:17:00,2026-10-02 10:21:00,2026-10-02 10:16:00,5.0,3.0,2026-10-02 10:21:00,2026-10-02 10:22:00,,0.0,2026-10-02 10:19:00,2026-10-02 10:21:00,,,,,Саидов А. С.,Россия,Выдача до 30 минут
2026-10-02,ЮТ 572 ,73Х,КРАСНОЯРСК,13,Y(А06),08:34,1107,2026-10-02 08:42:00,2026-10-02 08:44:00,,2026-10-02 08:47:00,2026-10-02 08:58:00,2026-10-02 08:48:00,2026-10-02 08:58:00,2026-10-02 08:53:00,5.0,3.0,2026-10-02 09:01:00,2026-10-02 09:08:00,,0.0,2026-10-02 08:57:00,2026-10-02 09:01:00,,,,,"Фаёзов А. Р., Фозылов Б. З.",Ютэйр,Выдача до 30 минут
2026-10-02,NE 618 ,320,ХУРГАДА(ХУРГАДА ИНТЛ.),29,Y(А09),08:37,1956,2026-10-02 08:48:00,2026-10-02 08:51:00,,2026-10-02 08:52:00,2026-10-02 09:07:00,2026-10-02 08:52:00,2026-10-02 09:07:00,2026-10-02 09:05:00,2.0,2.0,2026-10-02 09:09:00,2026-10-02 09:17:00,1.0,0.0,2026-10-02 09:00:00,2026-10-02 09:02:00,2026-10-02 09:10:00,2026-10-02 09:13:00,,,Музафаров А. С.,Nesma Airlines,Выдача до 30 минут
2026-10-02,4S 315 ,73Х,ШАРМ ЭЛЬ ШЕЙХ(ШАРМ ЭЛЬ ШЕЙХ ИНТЛ.),24,Y(А10),06:00,2525,2026-10-02 06:14:00,2026-10-02 06:17:00,,2026-10-02 06:18:00,2026-10-02 06:36:00,2026-10-02 06:18:00,2026-10-02 06:36:00,2026-10-02 06:35:00,1.0,1.0,2026-10-02 06:28:00,2026-10-02 06:42:00,,0.0,2026-10-02 06:24:00,2026-10-02 06:30:00,2026-10-02 06:36:00,2026-10-02 06:40:00,,,Кузин К. С.,Red Sea,Выдача до 30 минут
2026-10-02,ДР 414 ,7С8,ЧЕЛЯБИНСК(БАЛАНДИНО),62,Y(А04),06:12,346,2026-10-02 06:19:00,2026-10-02 06:22:00,,2026-10-02 06:25:00,2026-10-02 06:40:00,2026-10-02 06:25:00,2026-10-02 06:40:00,2026-10-02 06:25:00,15.0,13.0,2026-10-02 06:38:00,2026-10-02 06:39:00,,0.0,2026-10-02 06:30:00,2026-10-02 06:40:00,,,,,Потапов Е. А.,Победа,Выдача до 30 минут
2026-10-02,AZO 7156 ,СУ9,БАТУМИ,28,Y(А11),06:29,765,2026-10-02 06:42:00,2026-10-02 06:44:00,,2026-10-02 06:47:00,2026-10-02 06:56:00,2026-10-02 06:47:00,2026-10-02 06:56:00,2026-10-02 06:51:00,5.0,4.0,2026-10-02 06:59:00,2026-10-02 07:00:00,,0.0,2026-10-02 06:56:00,2026-10-02 07:00:00,,,,,Семиченков С. А.,GEORGIAN AIRWAYS,Выдача до 30 минут
2026-10-02,ДР 404 ,7С8,ЕКАТЕРИНБУРГ(КОЛЬЦОВО),43,Y(А05),06:34,281,2026-10-02 06:43:00,2026-10-02 06:46:00,,2026-10-02 06:44:00,2026-10-02 06:49:00,2026-10-02 06:44:00,2026-10-02 06:49:00,2026-10-02 06:49:00,,3.0,2026-10-02 06:55:00,2026-10-02 06:59:00,,0.0,2026-10-02 06:49:00,2026-10-02 06:55:00,,,,,Вазиров Т. В.,Победа,Выдача до 30 минут
2026-10-02,ЮТ 786 ,73Х,ЕРЕВАН(ЗВАРТНОЦ ИНТЛ),27,Y(А13),05:52,1389,2026-10-02 06:03:00,2026-10-02 06:05:00,,2026-10-02 06:17:00,2026-10-02 06:54:00,2026-10-02 06:38:00,2026-10-02 06:54:00,2026-10-02 06:16:00,38.0,7.0,2026-10-02 06:50:00,2026-10-02 06:55:00,27.0,22.0,2026-10-02 06:44:00,2026-10-02 06:48:00,2026-10-02 06:50:00,2026-10-02 06:54:00,,,"Андреев А. М., Екимов С. С.",Ютэйр,Выдача более 40 минут
2026-10-02,ДР 742 ,7С8,ТАШКЕНТ(ТАШКЕНТ ИНТЛ.),51,Y(А13),07:31,638,2026-10-02 07:39:00,2026-10-02 07:40:00,,2026-10-02 07:42:00,2026-10-02 07:49:00,2026-10-02 07:42:00,2026-10-02 07:49:00,2026-10-02 07:47:00,2.0,3.0,2026-10-02 07:54:00,2026-10-02 07:57:00,,0.0,2026-10-02 07:49:00,2026-10-02 07:54:00,,,,,Пельгуев Д. И.,Победа,Выдача до 30 минут
2026-10-02,ДР 730 ,73Х,ФЕРГАНА(ФЕРГАНА ИНТЛ.),48,Y(А12),07:35,505,2026-10-02 07:42:00,2026-10-02 07:47:00,2.0,2026-10-02 07:45:00,2026-10-02 07:53:00,2026-10-02 07:46:00,2026-10-02 07:53:00,2026-10-02 07:49:00,4.0,4.0,2026-10-02 08:03:00,2026-10-02 08:04:00,,0.0,2026-10-02 07:52:00,2026-10-02 08:01:00,,,,,"Рустамов М. А., Фаёзов А. Р.",Победа,Выдача до 30 минут
2026-10-02,NE 620 ,321,ХУРГАДА(ХУРГАДА ИНТЛ.),26,Y(А09),06:37,2394,2026-10-02 06:47:00,2026-10-02 06:51:00,1.0,2026-10-02 06:52:00,2026-10-02 07:13:00,2026-10-02 06:53:00,2026-10-02 07:13:00,2026-10-02 07:07:00,6.0,4.0,2026-10-02 07:03:00,2026-10-02 07:12:00,,0.0,2026-10-02 06:59:00,2026-10-02 07:05:00,2026-10-02 07:13:00,2026-10-02 07:16:00,,,"Иванов В. А., Попов Д. В.",Nesma Airlines,Выдача до 30 минут
2026-10-02,ХИ 9607 ,32Н,БУХАРА(БУХАРА ИНТЛ.),22,Y(А09),07:53,1131,2026-10-02 08:04:00,2026-10-02 08:05:00,,2026-10-02 08:07:00,2026-10-02 08:17:00,2026-10-02 08:07:00,2026-10-02 08:17:00,2026-10-02 08:16:00,1.0,2.0,2026-10-02 08:21:00,2026-10-02 08:23:00,,0.0,2026-10-02 08:18:00,2026-10-02 08:21:00,,,,,Корнилов Н. А.,UZBEKISTAN AIRWAYS,Выдача до 30 минут
2026-10-02,ЮТ 248 ,73Х,СУРГУТ,21,Y(А05),08:03,450,2026-10-02 08:11:00,2026-10-02 08:12:00,,2026-10-02 08:16:00,2026-10-02 08:23:00,2026-10-02 08:16:00,2026-10-02 08:23:00,2026-10-02 08:18:00,5.0,4.0,2026-10-02 08:25:00,2026-10-02 08:26:00,,0.0,2026-10-02 08:22:00,2026-10-02 08:28:00,,,,,Скулов Е. С.,Ютэйр,Выдача до 30 минут
2026-10-02,ХИ 9615 ,32Н,УРГЕНЧ(УРГЕНЧ ИНТЛ.),23,Y(А10),08:07,1749,2026-10-02 08:17:00,2026-10-02 08:19:00,,2026-10-02 08:20:00,2026-10-02 08:38:00,2026-10-02 08:20:00,2026-10-02 08:38:00,2026-10-02 08:33:00,5.0,6.0,2026-10-02 08:31:00,2026-10-02 08:42:00,,0.0,2026-10-02 08:26:00,2026-10-02 08:31:00,2026-10-02 08:38:00,2026-10-02 08:43:00,,,Хушвактов П. З.,UZBEKISTAN AIRWAYS,Выдача до 30 минут
2026-10-02,ФВ 6051 ,СУ9,САНКТ-ПЕТЕРБУРГ(ПУЛКОВО),8,Y(А04),08:13,41,2026-10-02 08:22:00,2026-10-02 08:24:00,,2026-10-02 08:24:00,2026-10-02 08:26:00,2026-10-02 08:24:00,2026-10-02 08:26:00,2026-10-02 08:26:00,,2.0,2026-10-02 08:28:00,2026-10-02 08:29:00,,0.0,2026-10-02 08:25:00,2026-10-02 08:28:00,,,,,Давлатов Б. Ч.,Россия,Выдача до 30 минут
2026-10-02,NE 642 ,320,ШАРМ ЭЛЬ ШЕЙХ(ШАРМ ЭЛЬ ШЕЙХ ИНТЛ.),25,Y(А11),08:18,1875,2026-10-02 08:25:00,2026-10-02 08:28:00,,2026-10-02 08:29:00,2026-10-02 08:46:00,2026-10-02 08:29:00,2026-10-02 08:46:00,2026-10-02 08:42:00,4.0,4.0,2026-10-02 08:39:00,2026-10-02 08:52:00,,0.0,2026-10-02 08:34:00,2026-10-02 08:40:00,2026-10-02 08:48:00,2026-10-02 08:52:00,,,Кажаев Д. Г.,Nesma Airlines,Выдача до 30 минут
2026-10-02,ЮТ 352 ,735,ХАНТЫ-МАНСИЙСК,14,Y(А05),08:30,390,2026-10-02 08:37:00,2026-10-02 08:40:00,,2026-10-02 08:43:00,2026-10-02 08:54:00,2026-10-02 08:43:00,2026-10-02 08:54:00,2026-10-02 08:44:00,10.0,8.0,2026-10-02 09:37:00,2026-10-02 09:38:00,40.0,31.0,2026-10-02 08:47:00,2026-10-02 08:52:00,,,,,Пельгуев Д. И.,Ютэйр,Выдача более 40 минут
2026-10-02,ЮТ 454 ,73Х,ТЮМЕНЬ(РОЩИНО),11,Y(А06),07:44,707,2026-10-02 07:52:00,2026-10-02 07:54:00,,2026-10-02 07:57:00,2026-10-02 08:03:00,2026-10-02 07:57:00,2026-10-02 08:03:00,2026-10-02 08:01:00,2.0,1.0,2026-10-02 08:08:00,2026-10-02 08:12:00,,0.0,2026-10-02 08:05:00,2026-10-02 08:09:00,,,,,Михайлов М. С.,Ютэйр,Выдача до 30 минут
2026-10-03,ФВ 6027 ,СУ9,САНКТ-ПЕТЕРБУРГ(ПУЛКОВО),9,Y(А04),14:02,182,2026-10-03 14:10:00,2026-10-03 14:11:00,,2026-10-03 14:13:00,2026-10-03 14:18:00,2026-10-03 14:13:00,2026-10-03 14:18:00,2026-10-03 14:15:00,3.0,4.0,,-1,,0.0,2026-10-03 14:16:00,2026-10-03 14:18:00,,,,,Королев А. А.,Россия,Некорректно проставлены отметки
2026-10-03,ЯК 473 ,7С8,ЯКУТСК,59,Y(А06),14:40,1497,2026-10-03 14:51:00,2026-10-03 14:52:00,,2026-10-03 14:55:00,2026-10-03 15:07:00,2026-10-03 14:55:00,2026-10-03 15:07:00,2026-10-03 15:05:00,2.0,2.0,2026-10-03 15:07:00,2026-10-03 15:17:00,,0.0,2026-10-03 15:03:00,2026-10-03 15:07:00,2026-10-03 15:16:00,2026-10-03 15:19:00,,,Скулов Е. С.,Якутия,Выдача до 30 минут
2026-10-03,TK 3024 ,321,АНТАЛЬЯ,25,Y(А10),13:59,2909,2026-10-03 14:04:00,2026-10-03 14:07:00,,2026-10-03 14:12:00,2026-10-03 14:26:00,2026-10-03 14:12:00,2026-10-03 14:26:00,2026-10-03 14:27:00,,,2026-10-03 14:21:00,2026-10-03 14:34:00,,0.0,2026-10-03 14:21:00,2026-10-03 14:38:00,2026-10-03 14:12:00,2026-10-03 14:21:00,,,Чеканов В. А.,Turkish Airlines,Выдача до 30 минут
2026-10-03,TK 3082 ,321,АНТАЛЬЯ,20,Y(А09),15:16,2218,2026-10-03 15:27:00,2026-10-03 15:37:00,7.0,2026-10-03 15:31:00,2026-10-03 15:42:00,2026-10-03 15:31:00,2026-10-03 15:42:00,2026-10-03 15:46:00,,,2026-10-03 15:42:00,2026-10-03 15:47:00,,0.0,2026-10-03 15:42:00,2026-10-03 15:47:00,,,,,Фозылов Б. З.,Turkish Airlines,Выдача до 30 минут
2026-10-03,FZ 989 ,7М8,ДУБАЙ(ДУБАЙ ИНТЛ.),26A,Y(А12),15:29,1641,2026-10-03 15:38:00,2026-10-03 15:40:00,,2026-10-03 15:41:00,2026-10-03 15:52:00,2026-10-03 15:45:00,2026-10-03 15:52:00,2026-10-03 15:53:00,,,2026-10-03 15:52:00,2026-10-03 16:01:00,,0.0,2026-10-03 15:48:00,2026-10-03 15:52:00,2026-10-03 15:58:00,2026-10-03 16:02:00,,,"Корнилов Н. А., Саидов А. С.",flydubai,Выдача до 30 минут
2026-10-03,В2 979 ,7С8,МИНСК(МИНСК ИНТЛ.),29,Y(А13),15:45,634,2026-10-03 15:53:00,2026-10-03 15:53:00,,2026-10-03 15:55:00,2026-10-03 16:02:00,2026-10-03 15:55:00,2026-10-03 16:02:00,2026-10-03 16:01:00,1.0,3.0,2026-10-03 16:02:00,2026-10-03 16:03:00,,0.0,2026-10-03 16:00:00,2026-10-03 16:03:00,,,,,Скулов Е. С.,Белавиа,Выдача до 30 минут
2026-10-03,ЮТ 716B,762,ДУБАЙ(АЛЬ-МАКТУМ ИНТЛ),21,Y(А10),15:50,639,2026-10-03 15:57:00,2026-10-03 15:59:00,,2026-10-03 16:03:00,2026-10-03 16:11:00,2026-10-03 16:03:00,2026-10-03 16:11:00,2026-10-03 16:05:00,6.0,4.0,2026-10-03 16:16:00,2026-10-03 16:19:00,,0.0,2026-10-03 16:05:00,2026-10-03 16:15:00,,,,,Прохачев И. А.,Ютэйр,Выдача до 30 минут
2026-10-03,ЖГ 926 ,73Х,ТБИЛИСИ(ТБИЛИСИ ИНТЛ.),30,Y(А11),15:53,1884,2026-10-03 15:57:00,2026-10-03 16:00:00,,2026-10-03 16:00:00,2026-10-03 16:11:00,2026-10-03 16:00:00,2026-10-03 16:11:00,2026-10-03 16:14:00,,,2026-10-03 16:10:00,2026-10-03 16:17:00,,0.0,2026-10-03 16:06:00,2026-10-03 16:11:00,2026-10-03 16:13:00,2026-10-03 16:18:00,,,Науну М.,GEORGIAN AIRWAYS,Выдача до 30 минут
2026-10-03,А4 7010 ,СУ9,ТБИЛИСИ(ТБИЛИСИ ИНТЛ.),24,Y(А12),16:05,1419,2026-10-03 16:16:00,2026-10-03 16:16:00,,2026-10-03 16:18:00,2026-10-03 16:40:00,2026-10-03 16:18:00,2026-10-03 16:40:00,2026-10-03 16:29:00,11.0,13.0,2026-10-03 16:30:00,2026-10-03 16:39:00,,0.0,2026-10-03 16:27:00,2026-10-03 16:29:00,2026-10-03 16:37:00,2026-10-03 16:40:00,,,Фартушный А. И.,Азимут,Выдача до 30 минут
2026-10-03,ЮТ 746 ,73Х,БАКУ(ИМ. ГЕЙДАРА АЛИЕВА),19,Y(А11),17:08,1846,2026-10-03 17:14:00,2026-10-03 17:15:00,,2026-10-03 17:18:00,2026-10-03 17:35:00,2026-10-03 17:18:00,2026-10-03 17:35:00,2026-10-03 17:30:00,5.0,5.0,2026-10-03 17:41:00,2026-10-03 17:44:00,7.0,0.0,2026-10-03 17:25:00,2026-10-03 17:31:00,2026-10-03 17:35:00,2026-10-03 17:43:00,,,Лизенко Е. В.,Ютэйр,Выдача до 30 минут
2026-10-03,NE 608 ,320,ХУРГАДА(ХУРГАДА ИНТЛ.),22,Y(А09),16:39,1970,2026-10-03 16:57:00,2026-10-03 17:00:00,,2026-10-03 17:00:00,2026-10-03 17:19:00,2026-10-03 17:00:00,2026-10-03 17:19:00,2026-10-03 17:14:00,5.0,6.0,2026-10-03 17:10:00,2026-10-03 17:26:00,,0.0,2026-10-03 17:07:00,2026-10-03 17:15:00,2026-10-03 17:23:00,2026-10-03 17:26:00,,,Андреев А. М.,Nesma Airlines,Выдача до 30 минут
2026-10-03,НВЦ 9152 ,320,САБЕТТА,13,Y(А06),16:46,1514,2026-10-03 16:59:00,2026-10-03 17:00:00,,2026-10-03 17:05:00,2026-10-03 17:25:00,2026-10-03 17:05:00,2026-10-03 17:25:00,2026-10-03 17:13:00,12.0,10.0,2026-10-03 17:15:00,2026-10-03 17:28:00,,0.0,2026-10-03 17:11:00,2026-10-03 17:15:00,2026-10-03 17:23:00,2026-10-03 17:29:00,,,Королев А. А.,Северо-Запад,Выдача до 30 минут
2026-10-03,NE 640 ,321,ШАРМ ЭЛЬ ШЕЙХ(ШАРМ ЭЛЬ ШЕЙХ ИНТЛ.),23,Y(А10),16:53,2203,2026-10-03 17:14:00,2026-10-03 17:17:00,,2026-10-03 17:18:00,2026-10-03 17:47:00,2026-10-03 17:18:00,2026-10-03 17:47:00,2026-10-03 17:33:00,14.0,14.0,2026-10-03 17:28:00,2026-10-03 17:41:00,,0.0,2026-10-03 17:24:00,2026-10-03 17:28:00,2026-10-03 17:37:00,2026-10-03 17:41:00,,,Саидов А. С.,Nesma Airlines,Выдача до 30 минут
2026-10-03,ФВ 6175 ,СУ9,САНКТ-ПЕТЕРБУРГ(ПУЛКОВО),9,Y(А04),17:01,408,2026-10-03 17:11:00,2026-10-03 17:13:00,,2026-10-03 17:15:00,2026-10-03 17:23:00,2026-10-03 17:15:00,2026-10-03 17:23:00,2026-10-03 17:18:00,5.0,5.0,2026-10-03 17:24:00,2026-10-03 17:26:00,,0.0,2026-10-03 17:21:00,2026-10-03 17:25:00,,,,,Фартушный А. И.,Россия,Выдача до 30 минут
2026-10-03,ДР 160 ,7С8,КРАСНОДАР(ПАШКОВСКИЙ),49,Y(А05),17:05,674,2026-10-03 17:12:00,2026-10-03 17:15:00,,2026-10-03 17:15:00,2026-10-03 17:20:00,2026-10-03 17:15:00,2026-10-03 17:20:00,2026-10-03 17:20:00,,1.0,2026-10-03 17:25:00,2026-10-03 17:28:00,,0.0,2026-10-03 17:20:00,2026-10-03 17:27:00,,,,,Резчиков А. А.,Победа,Выдача до 30 минут
2026-10-03,PBD 980 ,73Х,АНТАЛЬЯ,48,Y(А12),17:25,1601,2026-10-03 17:31:00,2026-10-03 17:33:00,,2026-10-03 17:33:00,2026-10-03 17:49:00,2026-10-03 17:33:00,2026-10-03 17:49:00,2026-10-03 17:46:00,3.0,5.0,2026-10-03 17:50:00,2026-10-03 18:04:00,,3.0,2026-10-03 17:42:00,2026-10-03 17:47:00,2026-10-03 17:54:00,2026-10-03 17:57:00,,,Острых В. А.,Победа,Выдача от 30 до 40 минут
2026-10-03,PC 388 ,32Щ,СТАМБУЛ(САБИХА ГОКЦЕН),21,Y(А09),13:47,2742,2026-10-03 13:58:00,2026-10-03 14:01:00,,2026-10-03 14:01:00,2026-10-03 14:20:00,2026-10-03 14:11:00,2026-10-03 14:20:00,2026-10-03 14:20:00,,,2026-10-03 14:12:00,2026-10-03 14:34:00,,6.0,2026-10-03 14:06:00,2026-10-03 14:11:00,2026-10-03 14:28:00,2026-10-03 14:33:00,,,"Корнилов Н. А., Острых В. А.",Pegasus,Выдача от 30 до 40 минут
2026-10-03,ЮТ 374 ,73Х,МИНЕРАЛЬНЫЕ ВОДЫ,12,Y(А06),17:28,1366,2026-10-03 17:37:00,2026-10-03 17:38:00,,2026-10-03 17:40:00,2026-10-03 17:49:00,2026-10-03 17:40:00,2026-10-03 17:49:00,2026-10-03 17:50:00,,,2026-10-03 17:51:00,2026-10-03 18:00:00,,0.0,2026-10-03 17:45:00,2026-10-03 17:49:00,2026-10-03 17:56:00,2026-10-03 17:59:00,,,Гафуров О. Ф.,Ютэйр,Выдача до 30 минут
2026-10-03,ФВ 6037 ,СУ9,САНКТ-ПЕТЕРБУРГ(ПУЛКОВО),8,Y(А04),16:08,178,2026-10-03 16:15:00,2026-10-03 16:18:00,,2026-10-03 16:19:00,2026-10-03 16:24:00,2026-10-03 16:19:00,2026-10-03 16:24:00,2026-10-03 16:20:00,4.0,4.0,2026-10-03 16:23:00,2026-10-03 16:24:00,,0.0,2026-10-03 16:21:00,2026-10-03 16:25:00,,,,,Королев А. А.,Россия,Выдача до 30 минут
2026-10-03,ДР 744 ,73Х,ОШ,49,Y(А13),13:43,244,2026-10-03 13:50:00,2026-10-03 13:52:00,,2026-10-03 13:53:00,2026-10-03 13:55:00,2026-10-03 13:53:00,2026-10-03 13:55:00,2026-10-03 13:56:00,,,2026-10-03 14:03:00,2026-10-03 14:05:00,,0.0,2026-10-03 13:58:00,2026-10-03 14:04:00,,,,,"Науну М., Резчиков А. А.",Победа,Выдача до 30 минут
2026-10-03,ЮТ 808 ,735,БУХАРА(БУХАРА ИНТЛ.),28,Y(А12),12:14,1032,2026-10-03 12:22:00,2026-10-03 12:24:00,,2026-10-03 12:30:00,2026-10-03 12:50:00,2026-10-03 12:30:00,2026-10-03 12:50:00,2026-10-03 12:33:00,17.0,13.0,2026-10-03 12:52:00,2026-10-03 12:53:00,10.0,1.0,2026-10-03 12:48:00,2026-10-03 12:52:00,,,,,Попов Д. В.,Ютэйр,Выдача от 30 до 40 минут
2026-10-03,NE 644 ,321,ШАРМ ЭЛЬ ШЕЙХ(ШАРМ ЭЛЬ ШЕЙХ ИНТЛ.),30,Y(А10),13:27,2088,2026-10-03 13:39:00,2026-10-03 13:40:00,,2026-10-03 13:41:00,2026-10-03 13:57:00,2026-10-03 13:41:00,2026-10-03 13:57:00,2026-10-03 13:57:00,,2.0,2026-10-03 13:53:00,2026-10-03 13:58:00,,0.0,2026-10-03 13:47:00,2026-10-03 13:49:00,2026-10-03 13:55:00,2026-10-03 13:59:00,,,"Лизенко Е. В., Фартушный А. И.",Nesma Airlines,Выдача до 30 минут
2026-10-03,ФВ 7002 ,СУ9,САНКТ-ПЕТЕРБУРГ(ПУЛКОВО),8,0,18:01,0,2026-10-03 18:09:00,2026-10-03 18:11:00,,,,,,,,,,-1,,0.0,,,,,,,,Россия,Не определено
2026-10-03,ЖГ 936 ,73Х,ТБИЛИСИ(ТБИЛИСИ ИНТЛ.),30,Y(А11),11:42,1393,2026-10-03 11:50:00,2026-10-03 11:50:00,,2026-10-03 11:54:00,2026-10-03 12:10:00,2026-10-03 11:54:00,2026-10-03 12:10:00,2026-10-03 12:03:00,7.0,7.0,2026-10-03 12:03:00,2026-10-03 12:10:00,,0.0,2026-10-03 11:59:00,2026-10-03 12:03:00,2026-10-03 12:07:00,2026-10-03 12:12:00,,,Лизенко Е. В.,GEORGIAN AIRWAYS,Выдача до 30 минут
2026-10-03,TK 3076 ,321,ДАЛАМАН,21,Y(А09),11:44,2405,2026-10-03 11:51:00,2026-10-03 11:54:00,,2026-10-03 11:55:00,2026-10-03 12:16:00,2026-10-03 11:55:00,2026-10-03 12:16:00,2026-10-03 12:11:00,5.0,5.0,2026-10-03 12:07:00,2026-10-03 12:20:00,,0.0,2026-10-03 11:55:00,2026-10-03 12:07:00,2026-10-03 12:17:00,2026-10-03 12:20:00,,,Конюхов Я. А.,Turkish Airlines,Выдача до 30 минут
2026-10-03,ФВ 6009 ,СУ9,САНКТ-ПЕТЕРБУРГ(ПУЛКОВО),10,Y(А04),12:03,156,2026-10-03 12:10:00,2026-10-03 12:12:00,,2026-10-03 12:13:00,2026-10-03 12:14:00,2026-10-03 12:13:00,2026-10-03 12:14:00,2026-10-03 12:15:00,,,2026-10-03 12:18:00,2026-10-03 12:19:00,,0.0,2026-10-03 12:15:00,2026-10-03 12:18:00,,,,,Науну М.,Россия,Выдача до 30 минут
2026-10-03,УР 412 ,763,ДАЛАМАН,18,Y(А10),11:38,3200,2026-10-03 11:47:00,2026-10-03 11:49:00,,2026-10-03 11:50:00,2026-10-03 12:31:00,2026-10-03 11:50:00,2026-10-03 12:31:00,2026-10-03 12:12:00,19.0,20.0,2026-10-03 12:11:00,2026-10-03 12:25:00,4.0,8.0,2026-10-03 12:02:00,2026-10-03 12:31:00,2026-10-03 12:24:00,2026-10-03 12:35:00,,,Королев А. А.,FLYONE Armenia,Выдача от 30 до 40 минут
2026-10-03,ДР 742 ,7С8,ТАШКЕНТ(ТАШКЕНТ ИНТЛ.),48,Y(А11),12:17,718,2026-10-03 12:21:00,2026-10-03 12:24:00,,2026-10-03 12:24:00,2026-10-03 12:29:00,2026-10-03 12:24:00,2026-10-03 12:29:00,2026-10-03 12:30:00,,,2026-10-03 12:38:00,2026-10-03 12:39:00,,0.0,2026-10-03 12:31:00,2026-10-03 12:37:00,,,,,Корнилов Н. А.,Победа,Выдача до 30 минут
2026-10-03,TK 3070 ,32Б,АНТАЛЬЯ,25,Y(А09),12:19,2187,2026-10-03 12:35:00,2026-10-03 12:35:00,,2026-10-03 12:37:00,2026-10-03 13:03:00,2026-10-03 12:37:00,2026-10-03 13:03:00,2026-10-03 12:54:00,9.0,11.0,2026-10-03 12:54:00,2026-10-03 13:07:00,,2.0,2026-10-03 12:54:00,2026-10-03 13:08:00,,,,,Острых В. А.,Turkish Airlines,Выдача от 30 до 40 минут
2026-10-03,TK 1231 ,321,АНТАЛЬЯ,24,Y(А10),12:26,1817,2026-10-03 12:35:00,2026-10-03 12:37:00,,2026-10-03 12:37:00,2026-10-03 12:50:00,2026-10-03 12:37:00,2026-10-03 12:50:00,2026-10-03 12:51:00,,1.0,2026-10-03 13:00:00,2026-10-03 13:15:00,5.0,10.0,2026-10-03 13:02:00,2026-10-03 13:08:00,,,,,Чеканов В. А.,Turkish Airlines,Выдача от 30 до 40 минут
2026-10-03,ДР 732 ,73Х,НУКУС,50,Y(А11),12:30,319,2026-10-03 12:34:00,2026-10-03 12:37:00,,2026-10-03 12:36:00,2026-10-03 12:39:00,2026-10-03 12:36:00,2026-10-03 12:39:00,2026-10-03 12:40:00,,1.0,2026-10-03 12:46:00,2026-10-03 12:47:00,,0.0,2026-10-03 12:40:00,2026-10-03 12:45:00,,,,,Фартушный А. И.,Победа,Выдача до 30 минут
2026-10-03,ДР 408 ,7С8,ЕКАТЕРИНБУРГ(КОЛЬЦОВО),16,Y(А04),12:32,263,2026-10-03 12:39:00,2026-10-03 12:40:00,,2026-10-03 12:43:00,2026-10-03 12:45:00,2026-10-03 12:43:00,2026-10-03 12:45:00,2026-10-03 12:45:00,,,2026-10-03 12:50:00,2026-10-03 12:51:00,,0.0,2026-10-03 12:46:00,2026-10-03 12:51:00,,,,,Андреев А. М.,Победа,Выдача до 30 минут
2026-10-03,ДР 998 ,7С8,САМАРКАНД(САМАРКАНД ИНТЛ.),49,Y(А12),12:35,503,2026-10-03 12:41:00,2026-10-03 12:42:00,,2026-10-03 12:43:00,2026-10-03 12:47:00,2026-10-03 12:43:00,2026-10-03 12:47:00,2026-10-03 12:48:00,,1.0,2026-10-03 12:54:00,2026-10-03 12:56:00,,0.0,2026-10-03 12:48:00,2026-10-03 12:54:00,,,,,Резчиков А. А.,Победа,Выдача до 30 минут
2026-10-03,TK 3012 ,321,АНТАЛЬЯ,27,Y(А10),12:37,2594,2026-10-03 12:45:00,2026-10-03 12:47:00,,2026-10-03 12:48:00,2026-10-03 13:13:00,2026-10-03 12:48:00,2026-10-03 13:13:00,2026-10-03 13:06:00,7.0,8.0,2026-10-03 13:03:00,2026-10-03 13:14:00,,0.0,2026-10-03 12:59:00,2026-10-03 13:03:00,2026-10-03 13:10:00,2026-10-03 13:18:00,,,Саидов А. С.,Turkish Airlines,Выдача до 30 минут
2026-10-03,TK 3046 ,321,АНТАЛЬЯ,23,Y(А13),12:45,1908,2026-10-03 12:54:00,2026-10-03 12:57:00,,2026-10-03 12:57:00,2026-10-03 13:09:00,2026-10-03 12:57:00,2026-10-03 13:09:00,2026-10-03 13:11:00,,,2026-10-03 13:09:00,2026-10-03 13:18:00,,0.0,2026-10-03 13:04:00,2026-10-03 13:17:00,,,,,Скулов Е. С.,Turkish Airlines,Выдача до 30 минут
2026-10-03,ФВ 7009 ,СУ9,САНКТ-ПЕТЕРБУРГ(ПУЛКОВО),9,0,12:50,0,2026-10-03 12:57:00,2026-10-03 13:01:00,1.0,,,,,,,,2026-10-03 13:16:00,2026-10-03 13:17:00,,0.0,,,,,,,,Россия,Не определено
2026-10-03,ДР 158B,73Х,КРАСНОДАР(ПАШКОВСКИЙ),47,Y(А05),12:53,547,2026-10-03 12:59:00,2026-10-03 13:01:00,,2026-10-03 13:02:00,2026-10-03 13:06:00,2026-10-03 13:02:00,2026-10-03 13:06:00,2026-10-03 13:07:00,,,2026-10-03 13:12:00,2026-10-03 13:16:00,,0.0,2026-10-03 13:07:00,2026-10-03 13:13:00,,,,,Науну М.,Победа,Выдача до 30 минут
2026-10-03,TK 413 ,333,СТАМБУЛ(СТАМБУЛ НЬЮ),22,Y(А09),12:56,3913,2026-10-03 13:04:00,2026-10-03 13:07:00,,2026-10-03 13:08:00,2026-10-03 13:25:00,2026-10-03 13:08:00,2026-10-03 13:25:00,2026-10-03 13:34:00,,,2026-10-03 13:20:00,2026-10-03 13:49:00,,15.0,2026-10-03 13:13:00,2026-10-03 13:25:00,2026-10-03 13:24:00,2026-10-03 13:43:00,,,Прохачев И. А.,Turkish Airlines,Выдача более 40 минут
2026-10-03,ФВ 6025 ,СУ9,САНКТ-ПЕТЕРБУРГ(ПУЛКОВО),8,Y(А04),13:12,120,2026-10-03 13:17:00,2026-10-03 13:21:00,1.0,2026-10-03 13:24:00,2026-10-03 13:26:00,2026-10-03 13:24:00,2026-10-03 13:26:00,2026-10-03 13:22:00,4.0,1.0,2026-10-03 13:27:00,2026-10-03 13:29:00,,0.0,2026-10-03 13:26:00,2026-10-03 13:28:00,,,,,Лизенко Е. В.,Россия,Выдача до 30 минут
2026-10-03,TK 417 ,321,СТАМБУЛ(СТАМБУЛ НЬЮ),20,Y(А10),13:19,2400,2026-10-03 13:29:00,2026-10-03 13:29:00,,2026-10-03 13:33:00,2026-10-03 13:50:00,2026-10-03 13:33:00,2026-10-03 13:50:00,2026-10-03 13:49:00,1.0,1.0,2026-10-03 13:48:00,2026-10-03 13:58:00,,0.0,2026-10-03 13:43:00,2026-10-03 13:58:00,,,,,Фозылов Б. З.,Turkish Airlines,Выдача до 30 минут
2026-10-03,ЖГ 937 ,735,БАТУМИ,29,Y(А11),13:22,846,2026-10-03 13:31:00,2026-10-03 13:31:00,,2026-10-03 13:37:00,2026-10-03 13:47:00,2026-10-03 13:37:00,2026-10-03 13:47:00,2026-10-03 13:41:00,6.0,4.0,2026-10-03 13:51:00,2026-10-03 13:53:00,,0.0,2026-10-03 13:48:00,2026-10-03 13:52:00,,,,,Конюхов Я. А.,GEORGIAN AIRWAYS,Выдача до 30 минут
2026-10-03,ДР 714 ,7С8,САМАРКАНД(САМАРКАНД ИНТЛ.),46,Y(А12),13:31,733,2026-10-03 13:35:00,2026-10-03 13:35:00,,2026-10-03 13:37:00,2026-10-03 13:44:00,2026-10-03 13:37:00,2026-10-03 13:44:00,2026-10-03 13:44:00,,2.0,2026-10-03 13:53:00,2026-10-03 13:55:00,,0.0,2026-10-03 13:47:00,2026-10-03 13:52:00,,,,,Давлатов Б. Ч.,Победа,Выдача до 30 минут
2026-10-03,ЮТ 456 ,73Е,НОЯБРЬСК,10,Y(А05),18:19,660,2026-10-03 18:27:00,2026-10-03 18:31:00,1.0,2026-10-03 18:30:00,2026-10-03 18:36:00,2026-10-03 18:30:00,2026-10-03 18:36:00,2026-10-03 18:35:00,1.0,2.0,2026-10-03 18:39:00,2026-10-03 18:41:00,,0.0,2026-10-03 18:36:00,2026-10-03 18:40:00,,,,,Резчиков А. А.,Ютэйр,Выдача до 30 минут
2026-10-03,NE 638 ,320,ШАРМ ЭЛЬ ШЕЙХ(ШАРМ ЭЛЬ ШЕЙХ ИНТЛ.),24,Y(А10),23:08,1972,2026-10-03 23:21:00,2026-10-03 23:25:00,1.0,2026-10-03 23:26:00,2026-10-03 23:45:00,2026-10-03 23:26:00,2026-10-03 23:45:00,2026-10-03 23:38:00,7.0,6.0,2026-10-03 23:43:00,2026-10-03 23:53:00,2.0,2.0,2026-10-03 23:27:00,2026-10-03 23:43:00,2026-10-03 23:47:00,2026-10-03 23:52:00,,,Фозылов Б. З.,Nesma Airlines,Выдача от 30 до 40 минут
2026-10-03,ЮТ 464 ,73Х,ТЮМЕНЬ(РОЩИНО),60,Y(А06),18:31,853,2026-10-03 18:45:00,2026-10-03 18:47:00,,2026-10-03 18:48:00,2026-10-03 18:54:00,2026-10-03 18:48:00,2026-10-03 18:54:00,2026-10-03 18:55:00,,,2026-10-03 19:04:00,2026-10-03 19:09:00,,0.0,2026-10-03 18:58:00,2026-10-03 19:04:00,,,,,Науну М.,Ютэйр,Выдача до 30 минут
2026-10-03,ЮВ 301 ,ЦР2,БУГУЛЬМА,43,Y(А04),21:15,199,2026-10-03 21:22:00,2026-10-03 21:23:00,,2026-10-03 21:25:00,2026-10-03 21:27:00,2026-10-03 21:25:00,2026-10-03 21:27:00,2026-10-03 21:27:00,,1.0,2026-10-03 21:33:00,2026-10-03 21:34:00,,0.0,2026-10-03 21:29:00,2026-10-03 21:34:00,,,,,Кажаев Д. Г.,ЮВТ АЭРО,Выдача до 30 минут
2026-10-03,J2 803 ,320,БАКУ(ИМ. ГЕЙДАРА АЛИЕВА),27,Y(А11),21:48,1666,2026-10-03 21:59:00,2026-10-03 22:00:00,,2026-10-03 22:03:00,2026-10-03 22:11:00,2026-10-03 22:04:00,2026-10-03 22:11:00,2026-10-03 22:14:00,,,2026-10-03 22:17:00,2026-10-03 22:29:00,,0.0,2026-10-03 22:20:00,2026-10-03 22:29:00,2026-10-03 22:18:00,2026-10-03 22:19:00,,,"Науну М., Ушаков М. В.",AZAL,Выдача до 30 минут
2026-10-03,ЮТ 250 ,73Х,СОЧИ,12,Y(А06),22:03,1219,2026-10-03 22:13:00,2026-10-03 22:15:00,,2026-10-03 22:14:00,2026-10-03 22:24:00,2026-10-03 22:14:00,2026-10-03 22:24:00,2026-10-03 22:25:00,,2.0,2026-10-03 22:28:00,2026-10-03 22:29:00,,0.0,2026-10-03 22:24:00,2026-10-03 22:27:00,,,,,Кутейников А. В.,Ютэйр,Выдача до 30 минут
2026-10-03,PBD 840 ,73Х,АНТАЛЬЯ,50,Y(А10),22:07,1931,2026-10-03 22:17:00,2026-10-03 22:19:00,,2026-10-03 22:20:00,2026-10-03 22:38:00,2026-10-03 22:20:00,2026-10-03 22:38:00,2026-10-03 22:34:00,4.0,5.0,2026-10-03 22:32:00,2026-10-03 22:44:00,,0.0,2026-10-03 22:27:00,2026-10-03 22:33:00,2026-10-03 22:38:00,2026-10-03 22:44:00,,,Гафуров О. Ф.,Победа,Выдача до 30 минут
2026-10-03,FZ 967 ,7М8,ДУБАЙ(ДУБАЙ ИНТЛ.),30,Y(А12),22:12,1661,2026-10-03 22:27:00,2026-10-03 22:29:00,,2026-10-03 22:30:00,2026-10-03 22:39:00,2026-10-03 22:30:00,2026-10-03 22:39:00,2026-10-03 22:42:00,,,2026-10-03 22:43:00,2026-10-03 22:52:00,,0.0,2026-10-03 22:40:00,2026-10-03 22:43:00,2026-10-03 22:49:00,2026-10-03 22:53:00,,,"Минченко А. И., Михайлов М. С.",flydubai,Выдача до 30 минут
2026-10-03,ФВ 6185 ,СУ9,САНКТ-ПЕТЕРБУРГ(ПУЛКОВО),8,Y(А04),22:16,76,2026-10-03 22:30:00,2026-10-03 22:32:00,,2026-10-03 22:34:00,2026-10-03 22:38:00,2026-10-03 22:34:00,2026-10-03 22:38:00,2026-10-03 22:35:00,3.0,3.0,2026-10-03 22:40:00,2026-10-03 22:41:00,,0.0,2026-10-03 22:37:00,2026-10-03 22:41:00,,,,,Фартушный А. И.,Россия,Выдача до 30 минут
2026-10-03,ДР 404 ,73Х,ЕКАТЕРИНБУРГ(КОЛЬЦОВО),49,Y(А04),22:20,270,2026-10-03 22:30:00,2026-10-03 22:33:00,,2026-10-03 22:34:00,2026-10-03 22:38:00,2026-10-03 22:34:00,2026-10-03 22:38:00,2026-10-03 22:36:00,2.0,2.0,2026-10-03 22:46:00,2026-10-03 22:47:00,,0.0,2026-10-03 22:39:00,2026-10-03 22:47:00,,,,,Соболь М. Ф.,Победа,Выдача до 30 минут
2026-10-03,DV 813 ,738,АСТАНА(НУРСУЛТАН НАЗАРБАЕВ),21,Y(А13),22:35,495,2026-10-03 22:45:00,2026-10-03 22:45:00,,2026-10-03 22:48:00,2026-10-03 22:53:00,2026-10-03 22:48:00,2026-10-03 22:53:00,2026-10-03 22:52:00,1.0,2.0,2026-10-03 23:00:00,2026-10-03 23:01:00,,0.0,2026-10-03 22:53:00,2026-10-03 22:59:00,,,,,Фаёзов А. Р.,SCAT Airlines,Выдача до 30 минут
2026-10-03,А4 7138 ,СУ9,ПСКОВ(КРЕСТЫ),59,Y(А06),22:41,659,2026-10-03 22:53:00,2026-10-03 22:56:00,,2026-10-03 23:00:00,2026-10-03 23:12:00,2026-10-03 23:00:00,2026-10-03 23:12:00,2026-10-03 23:01:00,11.0,8.0,2026-10-03 23:16:00,2026-10-03 23:17:00,,0.0,2026-10-03 23:11:00,2026-10-03 23:16:00,,,,,Пельгуев Д. И.,Азимут,Выдача до 30 минут
2026-10-03,PC 1580 ,32Н,АНТАЛЬЯ,19,Y(А09),22:50,2360,2026-10-03 23:00:00,2026-10-03 23:01:00,,2026-10-03 23:03:00,2026-10-03 23:24:00,2026-10-03 23:03:00,2026-10-03 23:24:00,2026-10-03 23:20:00,4.0,5.0,2026-10-03 23:21:00,2026-10-03 23:31:00,1.0,1.0,2026-10-03 23:16:00,2026-10-03 23:27:00,2026-10-03 23:27:00,2026-10-03 23:35:00,,,Фартушный А. И.,Pegasus,Выдача от 30 до 40 минут
2026-10-03,FZ 951 ,7М8,ДУБАЙ(ДУБАЙ ИНТЛ.),29,Y(А11),23:04,1896,2026-10-03 23:15:00,2026-10-03 23:17:00,,2026-10-03 23:18:00,2026-10-03 23:33:00,2026-10-03 23:19:00,2026-10-03 23:33:00,2026-10-03 23:32:00,1.0,1.0,2026-10-03 23:28:00,2026-10-03 23:38:00,,0.0,2026-10-03 23:26:00,2026-10-03 23:28:00,2026-10-03 23:35:00,2026-10-03 23:39:00,,,"Гафуров О. Ф., Корнилов Н. А.",flydubai,Выдача до 30 минут
2026-10-03,TK 411 ,333,СТАМБУЛ(СТАМБУЛ НЬЮ),22,Y(А10),23:21,5164,2026-10-03 23:34:00,2026-10-03 23:34:00,,2026-10-03 23:37:00,2026-10-03 23:56:00,2026-10-03 23:37:00,2026-10-03 23:56:00,2026-10-04 00:12:00,,,2026-10-03 23:54:00,2026-10-04 00:03:00,,0.0,2026-10-03 23:37:00,2026-10-03 23:55:00,2026-10-03 23:49:00,2026-10-04 00:01:00,2026-10-03 23:46:00,2026-10-04 00:02:00,"Королев А. А., Скулов Е. С.",Turkish Airlines,Выдача до 30 минут
2026-10-03,NE 616 ,320,ХУРГАДА(ХУРГАДА ИНТЛ.),26,Y(А12),23:25,1864,2026-10-03 23:34:00,2026-10-03 23:37:00,,2026-10-03 23:38:00,2026-10-03 23:56:00,2026-10-03 23:38:00,2026-10-03 23:56:00,2026-10-03 23:50:00,6.0,6.0,2026-10-03 23:44:00,2026-10-04 00:01:00,,0.0,2026-10-03 23:49:00,2026-10-03 23:54:00,2026-10-04 00:02:00,2026-10-04 00:12:00,,,Науну М.,Nesma Airlines,Выдача до 30 минут
2026-10-03,ЮТ 784 ,73Х,АНТАЛЬЯ,43,Y(А10),23:33,2364,2026-10-03 23:43:00,2026-10-03 23:43:00,,2026-10-03 23:46:00,2026-10-04 00:16:00,2026-10-03 23:46:00,2026-10-04 00:16:00,2026-10-04 00:03:00,13.0,14.0,2026-10-04 00:06:00,2026-10-04 00:21:00,,8.0,2026-10-03 23:57:00,2026-10-04 00:06:00,2026-10-04 00:15:00,2026-10-04 00:22:00,,,Конюхов Я. А.,Ютэйр,Выдача от 30 до 40 минут
2026-10-03,ДР 964B,7С8,ДАЛАМАН,47,Y(А13),23:39,1963,2026-10-03 23:47:00,2026-10-03 23:49:00,,2026-10-03 23:49:00,2026-10-04 00:08:00,2026-10-03 23:49:00,2026-10-04 00:08:00,2026-10-04 00:04:00,4.0,6.0,2026-10-04 00:04:00,2026-10-04 00:20:00,,3.0,2026-10-03 23:55:00,2026-10-04 00:02:00,2026-10-04 00:11:00,2026-10-04 00:18:00,,,Кажаев Д. Г.,Победа,Выдача от 30 до 40 минут
2026-10-03,J2 809 ,763,БАКУ(ИМ. ГЕЙДАРА АЛИЕВА),18,Y(А09),23:42,2941,2026-10-03 23:52:00,2026-10-03 23:54:00,,2026-10-03 23:55:00,2026-10-04 00:27:00,2026-10-03 23:55:00,2026-10-04 00:27:00,2026-10-04 00:16:00,11.0,12.0,2026-10-04 00:09:00,2026-10-04 00:32:00,,10.0,2026-10-03 23:55:00,2026-10-04 00:27:00,2026-10-03 23:53:00,2026-10-04 00:33:00,,,Чеканов В. А.,AZAL,Выдача от 30 до 40 минут
2026-10-03,TK 211 ,32Б,АНТАЛЬЯ,20,Y(А10),23:49,2460,2026-10-04 00:01:00,2026-10-04 00:03:00,,2026-10-04 00:08:00,2026-10-04 00:23:00,2026-10-04 00:08:00,2026-10-04 00:23:00,2026-10-04 00:21:00,2.0,,2026-10-04 00:23:00,2026-10-04 00:31:00,2.0,0.0,2026-10-03 23:56:00,2026-10-04 00:21:00,2026-10-04 00:13:00,2026-10-04 00:43:00,,,Ушаков М. В.,Turkish Airlines,Выдача до 30 минут
2026-10-03,TK 409 ,32Б,СТАМБУЛ(СТАМБУЛ НЬЮ),23,Y(А09),23:58,3098,2026-10-04 00:12:00,2026-10-04 00:15:00,,2026-10-04 00:18:00,2026-10-04 00:36:00,2026-10-04 00:18:00,2026-10-04 00:36:00,2026-10-04 00:37:00,,,2026-10-04 00:45:00,2026-10-04 00:46:00,13.0,4.0,2026-10-04 00:08:00,2026-10-04 00:41:00,2026-10-04 00:04:00,2026-10-04 00:46:00,,,Михайлов М. С.,Turkish Airlines,Выдача от 30 до 40 минут
2026-10-03,IA 241 ,7М8,БАГДАД(БАГДАД ИНТЛ.),19,Y(А10),11:20,2370,2026-10-03 11:24:00,2026-10-03 11:31:00,4.0,2026-10-03 11:29:00,2026-10-03 11:48:00,2026-10-03 11:29:00,2026-10-03 11:48:00,2026-10-03 11:44:00,4.0,3.0,2026-10-03 11:38:00,2026-10-03 11:52:00,,0.0,2026-10-03 11:34:00,2026-10-03 11:39:00,2026-10-03 11:47:00,2026-10-03 11:52:00,,,"Андреев А. М., Острых В. А.",Iraqi Airways,Выдача до 30 минут
2026-10-03,NE 648 ,320,ШАРМ ЭЛЬ ШЕЙХ(ШАРМ ЭЛЬ ШЕЙХ ИНТЛ.),22,Y(А10),21:13,1571,2026-10-03 21:26:00,2026-10-03 21:29:00,,2026-10-03 21:29:00,2026-10-03 21:50:00,2026-10-03 21:29:00,2026-10-03 21:50:00,2026-10-03 21:40:00,10.0,11.0,2026-10-03 21:41:00,2026-10-03 21:55:00,,0.0,2026-10-03 21:37:00,2026-10-03 21:41:00,2026-10-03 21:49:00,2026-10-03 21:55:00,,,Пельгуев Д. И.,Nesma Airlines,Выдача до 30 минут
2026-10-03,ЮТ 802 ,73Х,ДУШАНБЕ(ДУШАНБЕ ИНТЛ.),11,Y(А09),18:26,2703,2026-10-03 18:34:00,2026-10-03 18:37:00,,2026-10-03 18:37:00,2026-10-03 18:56:00,2026-10-03 18:38:00,2026-10-03 18:56:00,2026-10-03 18:56:00,,,2026-10-03 18:45:00,2026-10-03 18:59:00,,0.0,2026-10-03 18:43:00,2026-10-03 18:46:00,2026-10-03 18:57:00,2026-10-03 19:01:00,,,"Прохачев И. А., Чеканов В. А.",Ютэйр,Выдача до 30 минут
2026-10-03,ДР 836 ,7С8,ГАЗИПАША,48,Y(А12),21:06,2044,2026-10-03 21:16:00,2026-10-03 21:17:00,,2026-10-03 21:17:00,2026-10-03 21:36:00,2026-10-03 21:18:00,2026-10-03 21:36:00,2026-10-03 21:34:00,2.0,4.0,2026-10-03 21:31:00,2026-10-03 21:40:00,,0.0,2026-10-03 21:23:00,2026-10-03 21:28:00,2026-10-03 21:34:00,2026-10-03 21:39:00,,,"Соболь М. Ф., Фаёзов А. Р.",Победа,Выдача до 30 минут
2026-10-03,FZ 975 ,7М8,ДУБАЙ(ДУБАЙ ИНТЛ.),29,Y(А09),20:47,2191,2026-10-03 21:00:00,2026-10-03 21:03:00,,2026-10-03 21:02:00,2026-10-03 21:25:00,2026-10-03 21:02:00,2026-10-03 21:25:00,2026-10-03 21:19:00,6.0,8.0,2026-10-03 21:11:00,2026-10-03 21:30:00,,0.0,2026-10-03 21:08:00,2026-10-03 21:11:00,2026-10-03 21:27:00,2026-10-03 21:30:00,,,"Минченко А. И., Ушаков М. В.",flydubai,Выдача до 30 минут
2026-10-03,ДР 114 ,7С8,СОЧИ,47,Y(А07),18:48,711,2026-10-03 18:58:00,2026-10-03 18:59:00,,2026-10-03 18:59:00,2026-10-03 19:17:00,2026-10-03 19:13:00,2026-10-03 19:17:00,2026-10-03 19:07:00,10.0,,2026-10-03 19:46:00,2026-10-03 19:47:00,18.0,19.0,2026-10-03 19:05:00,2026-10-03 19:13:00,,,,,"Конюхов Я. А., Фозылов Б. З.",Победа,Выдача более 40 минут
2026-10-03,ЮТ 180B,73Е,УХТА,17,Y(А05),18:52,236,2026-10-03 18:58:00,2026-10-03 19:00:00,,2026-10-03 19:03:00,2026-10-03 19:05:00,2026-10-03 19:03:00,2026-10-03 19:05:00,2026-10-03 19:04:00,1.0,,,-1,,0.0,2026-10-03 19:07:00,2026-10-03 19:14:00,,,,,Фартушный А. И.,Ютэйр,Некорректно проставлены отметки
2026-10-03,3F 325 ,320,ЕРЕВАН(ЗВАРТНОЦ ИНТЛ),20,Y(А13),19:00,1918,2026-10-03 19:09:00,2026-10-03 19:10:00,,2026-10-03 19:29:00,2026-10-03 19:43:00,2026-10-03 19:29:00,2026-10-03 19:43:00,2026-10-03 19:26:00,17.0,1.0,2026-10-03 19:37:00,2026-10-03 19:49:00,8.0,10.0,2026-10-03 19:33:00,2026-10-03 19:38:00,2026-10-03 19:44:00,2026-10-03 19:49:00,,,Лизенко Е. В.,FLYONE Armenia,Выдача от 30 до 40 минут
2026-10-03,ФВ 6179 ,СУ9,САНКТ-ПЕТЕРБУРГ(ПУЛКОВО),9,Y(А04),19:03,184,2026-10-03 19:14:00,2026-10-03 19:16:00,,2026-10-03 19:19:00,2026-10-03 19:21:00,2026-10-03 19:19:00,2026-10-03 19:21:00,2026-10-03 19:19:00,2.0,1.0,2026-10-03 19:23:00,2026-10-03 19:24:00,,0.0,2026-10-03 19:21:00,2026-10-03 19:23:00,,,,,Федоров Н. В.,Россия,Выдача до 30 минут
2026-10-03,ЮТ 296 ,73Х,СУРГУТ,13,Y(А08),19:06,736,2026-10-03 19:15:00,2026-10-03 19:17:00,,2026-10-03 19:17:00,2026-10-03 19:39:00,2026-10-03 19:17:00,2026-10-03 19:39:00,2026-10-03 19:24:00,15.0,17.0,2026-10-03 19:28:00,2026-10-03 19:29:00,,0.0,2026-10-03 19:25:00,2026-10-03 19:29:00,,,,,Королев А. А.,Ютэйр,Выдача до 30 минут
2026-10-03,ЮТ 744 ,734,ГЯНДЖА,16,Y(А11),19:09,1505,2026-10-03 19:18:00,2026-10-03 19:21:00,,2026-10-03 19:24:00,2026-10-03 19:39:00,2026-10-03 19:24:00,2026-10-03 19:39:00,2026-10-03 19:32:00,7.0,5.0,2026-10-03 19:38:00,2026-10-03 19:50:00,,2.0,2026-10-03 19:33:00,2026-10-03 19:39:00,2026-10-03 19:45:00,2026-10-03 19:50:00,,,Корнилов Н. А.,Ютэйр,Выдача от 30 до 40 минут
2026-10-03,УР 512 ,75В,БОДРУМ(МИЛАС),18,Y(А12),19:20,1294,2026-10-03 17:50:00,2026-10-03 19:31:00,98.0,2026-10-03 19:34:00,2026-10-03 19:46:00,2026-10-03 19:34:00,2026-10-03 19:46:00,2026-10-03 18:03:00,103.0,3.0,2026-10-03 19:43:00,2026-10-03 19:51:00,93.0,91.0,2026-10-03 19:38:00,2026-10-03 19:42:00,2026-10-03 19:46:00,2026-10-03 19:51:00,,,Ушаков М. В.,FLYONE Armenia,Выдача более 40 минут
2026-10-03,ХИ 9627 ,32Н,ФЕРГАНА(ФЕРГАНА ИНТЛ.),25,Y(А10),19:23,2359,2026-10-03 19:34:00,2026-10-03 19:37:00,,2026-10-03 19:37:00,2026-10-03 19:57:00,2026-10-03 19:37:00,2026-10-03 19:57:00,2026-10-03 19:54:00,3.0,4.0,2026-10-03 19:49:00,2026-10-03 19:59:00,,0.0,2026-10-03 19:45:00,2026-10-03 19:49:00,2026-10-03 19:56:00,2026-10-03 20:00:00,,,Кутейников А. В.,UZBEKISTAN AIRWAYS,Выдача до 30 минут
2026-10-03,TK 415 ,321,СТАМБУЛ(СТАМБУЛ НЬЮ),22,Y(А09),19:30,3057,2026-10-03 19:43:00,2026-10-03 19:43:00,,2026-10-03 19:47:00,2026-10-03 20:07:00,2026-10-03 19:47:00,2026-10-03 20:07:00,2026-10-03 20:07:00,,,2026-10-03 20:00:00,2026-10-03 20:05:00,,0.0,2026-10-03 19:42:00,2026-10-03 20:00:00,2026-10-03 19:56:00,2026-10-03 20:13:00,,,Чеканов В. А.,Turkish Airlines,Выдача до 30 минут
2026-10-03,ХИ 9609 ,320,ТЕРМЕЗ,26,Y(А11),19:45,748,2026-10-03 20:00:00,2026-10-03 20:02:00,,2026-10-03 20:03:00,2026-10-03 20:09:00,2026-10-03 20:03:00,2026-10-03 20:09:00,2026-10-03 20:09:00,,1.0,2026-10-03 20:12:00,2026-10-03 20:18:00,,0.0,2026-10-03 20:09:00,2026-10-03 20:13:00,,,,,Кажаев Д. Г.,UZBEKISTAN AIRWAYS,Выдача до 30 минут
2026-10-03,ХИ 613 ,32Н,ТАШКЕНТ(ТАШКЕНТ ИНТЛ.),23,Y(А12),19:57,2091,2026-10-03 20:08:00,2026-10-03 20:10:00,,2026-10-03 20:10:00,2026-10-03 20:34:00,2026-10-03 20:12:00,2026-10-03 20:34:00,2026-10-03 20:26:00,8.0,8.0,2026-10-03 20:18:00,2026-10-03 20:33:00,,0.0,2026-10-03 20:14:00,2026-10-03 20:19:00,2026-10-03 20:28:00,2026-10-03 20:33:00,,,"Скулов Е. С., Федоров Н. В.",UZBEKISTAN AIRWAYS,Выдача до 30 минут
2026-10-03,ДР 188 ,7С8,МАХАЧКАЛА,48,Y(А05),20:05,776,2026-10-03 20:11:00,2026-10-03 20:11:00,,2026-10-03 20:14:00,2026-10-03 20:18:00,2026-10-03 20:14:00,2026-10-03 20:18:00,2026-10-03 20:20:00,,,2026-10-03 20:27:00,2026-10-03 20:36:00,,0.0,2026-10-03 20:20:00,2026-10-03 20:28:00,,,,,Ушаков М. В.,Победа,Выдача до 30 минут
2026-10-03,ХИ 9619 ,32Н,НАМАНГАН,24,Y(А10),20:08,2122,2026-10-03 20:19:00,2026-10-03 20:21:00,,2026-10-03 20:23:00,2026-10-03 20:40:00,2026-10-03 20:23:00,2026-10-03 20:40:00,2026-10-03 20:37:00,3.0,3.0,2026-10-03 20:34:00,2026-10-03 20:44:00,,0.0,2026-10-03 20:30:00,2026-10-03 20:34:00,2026-10-03 20:41:00,2026-10-03 20:45:00,,,Минченко А. И.,UZBEKISTAN AIRWAYS,Выдача до 30 минут
2026-10-03,ЮТ 576 ,73Х,КРАСНОДАР(ПАШКОВСКИЙ),14,Y(А06),20:11,1106,2026-10-03 20:20:00,2026-10-03 20:22:00,,2026-10-03 20:23:00,2026-10-03 20:41:00,2026-10-03 20:23:00,2026-10-03 20:41:00,2026-10-03 20:31:00,10.0,11.0,2026-10-03 20:36:00,2026-10-03 20:37:00,,0.0,2026-10-03 20:32:00,2026-10-03 20:36:00,,,,,Кутейников А. В.,Ютэйр,Выдача до 30 минут
2026-10-03,ФВ 6181 ,СУ9,САНКТ-ПЕТЕРБУРГ(ПУЛКОВО),8,Y(А04),20:15,147,2026-10-03 20:25:00,2026-10-03 20:27:00,,2026-10-03 20:29:00,2026-10-03 20:31:00,2026-10-03 20:29:00,2026-10-03 20:31:00,2026-10-03 20:30:00,1.0,1.0,2026-10-03 20:33:00,2026-10-03 20:34:00,,0.0,2026-10-03 20:31:00,2026-10-03 20:33:00,,,,,Лизенко Е. В.,Россия,Выдача до 30 минут
2026-10-03,4S 333 ,7С8,ШАРМ ЭЛЬ ШЕЙХ(ШАРМ ЭЛЬ ШЕЙХ ИНТЛ.),30,Y(А09),20:21,2160,2026-10-03 20:35:00,2026-10-03 20:37:00,,2026-10-03 20:39:00,2026-10-03 20:55:00,2026-10-03 20:39:00,2026-10-03 20:55:00,2026-10-03 20:53:00,2.0,2.0,2026-10-03 20:49:00,2026-10-03 21:01:00,,0.0,2026-10-03 20:45:00,2026-10-03 20:49:00,2026-10-03 20:58:00,2026-10-03 21:02:00,,,Михайлов М. С.,Red Sea,Выдача до 30 минут
2026-10-03,ЮТ 400 ,73Х,ГРОЗНЫЙ(СЕВЕРНЫЙ),15,Y(А07),20:26,659,2026-10-03 20:36:00,2026-10-03 20:38:00,,2026-10-03 20:45:00,2026-10-03 20:52:00,2026-10-03 20:45:00,2026-10-03 20:52:00,2026-10-03 20:44:00,8.0,3.0,2026-10-03 20:59:00,2026-10-03 21:02:00,3.0,0.0,2026-10-03 20:55:00,2026-10-03 20:59:00,,,,,Конюхов Я. А.,Ютэйр,Выдача до 30 минут
2026-10-03,DV 815 ,7М8,АЛМАТЫ(АЛМАТЫ ИНТЛ.),20,Y(А13),20:32,1274,2026-10-03 20:39:00,2026-10-03 20:42:00,,2026-10-03 20:45:00,2026-10-03 20:55:00,2026-10-03 20:51:00,2026-10-03 20:55:00,2026-10-03 20:51:00,4.0,,2026-10-03 20:58:00,2026-10-03 21:18:00,,9.0,2026-10-03 20:52:00,2026-10-03 20:58:00,2026-10-03 21:04:00,2026-10-03 21:11:00,,,"Кажаев Д. Г., Фартушный А. И.",SCAT Airlines,Выдача от 30 до 40 минут
2026-10-03,ДР 856 ,73Х,ГЮМРИ(ШИРАК),47,Y(А13),20:36,1563,2026-10-03 20:45:00,2026-10-03 20:45:00,,2026-10-03 20:50:00,2026-10-03 21:06:00,2026-10-03 20:50:00,2026-10-03 21:06:00,2026-10-03 20:59:00,7.0,6.0,2026-10-03 21:08:00,2026-10-03 21:21:00,,6.0,2026-10-03 21:00:00,2026-10-03 21:07:00,2026-10-03 21:14:00,2026-10-03 21:22:00,,,Лизенко Е. В.,Победа,Выдача от 30 до 40 минут
2026-10-03,ДР 992 ,73Х,ДУБАЙ(АЛЬ-МАКТУМ ИНТЛ),49,Y(А11),21:00,1549,2026-10-03 21:07:00,2026-10-03 21:09:00,,2026-10-03 21:09:00,2026-10-03 21:21:00,2026-10-03 21:09:00,2026-10-03 21:21:00,2026-10-03 21:21:00,,2.0,2026-10-03 21:20:00,2026-10-03 21:31:00,,0.0,2026-10-03 21:15:00,2026-10-03 21:21:00,2026-10-03 21:27:00,2026-10-03 21:31:00,,,Гафуров О. Ф.,Победа,Выдача до 30 минут
2026-10-03,ФВ 6007 ,СУ9,САНКТ-ПЕТЕРБУРГ(ПУЛКОВО),9,Y(А04),11:09,78,2026-10-03 11:18:00,2026-10-03 11:19:00,,2026-10-03 11:21:00,2026-10-03 11:23:00,2026-10-03 11:21:00,2026-10-03 11:23:00,2026-10-03 11:23:00,,1.0,2026-10-03 11:30:00,2026-10-03 11:31:00,,0.0,2026-10-03 11:22:00,2026-10-03 11:24:00,,,,,Лизенко Е. В.,Россия,Выдача до 30 минут
2026-10-03,ДР 964B,73Х,ДАЛАМАН,46,Y(А10),01:26,1640,2026-10-03 01:34:00,2026-10-03 01:34:00,,2026-10-03 01:39:00,2026-10-03 01:54:00,2026-10-03 01:39:00,2026-10-03 01:54:00,2026-10-03 01:49:00,5.0,4.0,2026-10-03 01:50:00,2026-10-03 02:09:00,,5.0,2026-10-03 02:05:00,2026-10-03 02:08:00,2026-10-03 01:46:00,2026-10-03 01:54:00,,,Литвин И. С.,Победа,Выдача от 30 до 40 минут
2026-10-03,ДР 730 ,73Х,ФЕРГАНА(ФЕРГАНА ИНТЛ.),25,Y(А11),10:45,567,2026-10-03 10:54:00,2026-10-03 10:56:00,,2026-10-03 10:56:00,2026-10-03 11:01:00,2026-10-03 10:56:00,2026-10-03 11:01:00,2026-10-03 11:02:00,,1.0,2026-10-03 11:06:00,2026-10-03 11:08:00,,0.0,2026-10-03 11:02:00,2026-10-03 11:06:00,,,,,Фартушный А. И.,Победа,Выдача до 30 минут
2026-10-03,PBD 860B,7С8,АНТАЛЬЯ,16,Y(А12),01:53,1874,2026-10-03 02:03:00,2026-10-03 02:04:00,,2026-10-03 02:04:00,2026-10-03 02:21:00,2026-10-03 02:04:00,2026-10-03 02:21:00,2026-10-03 02:19:00,2.0,5.0,2026-10-03 02:19:00,2026-10-03 02:29:00,,0.0,2026-10-03 02:12:00,2026-10-03 02:17:00,2026-10-03 02:26:00,2026-10-03 02:27:00,,,Лаптев В. В.,Победа,Выдача до 30 минут
2026-10-03,ДР 994 ,73Х,СТАМБУЛ(СТАМБУЛ НЬЮ),48,Y(А11),01:59,1199,2026-10-03 02:12:00,2026-10-03 02:12:00,,2026-10-03 02:13:00,2026-10-03 02:23:00,2026-10-03 02:13:00,2026-10-03 02:23:00,2026-10-03 02:24:00,,2.0,2026-10-03 02:24:00,2026-10-03 02:29:00,,0.0,2026-10-03 02:20:00,2026-10-03 02:32:00,,,,,Омурбек У. Б.,Победа,Выдача до 30 минут
2026-10-03,TK 3154 ,321,БОДРУМ(МИЛАС),21,Y(А10),02:02,2541,2026-10-03 02:17:00,2026-10-03 02:18:00,,2026-10-03 02:20:00,2026-10-03 02:31:00,2026-10-03 02:20:00,2026-10-03 02:31:00,2026-10-03 02:38:00,,,2026-10-03 02:37:00,2026-10-03 02:45:00,,0.0,2026-10-03 02:07:00,2026-10-03 02:51:00,2026-10-03 02:06:00,2026-10-03 02:35:00,,,Шарипов Д. А.,Turkish Airlines,Выдача до 30 минут
2026-10-03,ЮТ 358 ,73Х,САМАРА(КУРУМОЧ),13,Y(А05),02:15,340,2026-10-03 02:24:00,2026-10-03 02:26:00,,2026-10-03 02:28:00,2026-10-03 02:32:00,2026-10-03 02:28:00,2026-10-03 02:32:00,2026-10-03 02:30:00,2.0,2.0,2026-10-03 02:44:00,2026-10-03 02:46:00,,0.0,2026-10-03 02:35:00,2026-10-03 02:46:00,,,,,Тано Б. А.,Ютэйр,Выдача до 30 минут
2026-10-03,FZ 965 ,7М8,ДУБАЙ(ДУБАЙ ИНТЛ.),30,Y(А10),02:21,2346,2026-10-03 02:30:00,2026-10-03 02:33:00,,2026-10-03 02:34:00,2026-10-03 03:00:00,2026-10-03 02:34:00,2026-10-03 03:00:00,2026-10-03 02:50:00,10.0,10.0,2026-10-03 02:56:00,2026-10-03 03:05:00,6.0,5.0,2026-10-03 02:41:00,2026-10-03 02:48:00,2026-10-03 02:54:00,2026-10-03 03:06:00,,,Рябчевский В. О.,flydubai,Выдача от 30 до 40 минут
2026-10-03,ЮТ 784B,73Х,АНТАЛЬЯ,57A,Y(А12),02:25,1706,2026-10-03 02:33:00,2026-10-03 02:36:00,,2026-10-03 02:36:00,2026-10-03 03:00:00,2026-10-03 02:36:00,2026-10-03 03:00:00,2026-10-03 02:48:00,12.0,13.0,2026-10-03 02:52:00,2026-10-03 03:09:00,,6.0,2026-10-03 02:33:00,2026-10-03 02:53:00,2026-10-03 03:03:00,2026-10-03 03:11:00,,,Хушвактов П. З.,Ютэйр,Выдача от 30 до 40 минут
2026-10-03,TK 3006 ,321,АНТАЛЬЯ,24,Y(А09),02:32,2378,2026-10-03 02:40:00,2026-10-03 02:41:00,,2026-10-03 02:45:00,2026-10-03 03:06:00,2026-10-03 02:45:00,2026-10-03 03:06:00,2026-10-03 03:00:00,6.0,5.0,2026-10-03 03:01:00,2026-10-03 03:16:00,1.0,6.0,2026-10-03 02:34:00,2026-10-03 03:15:00,,,,,Гафуров О. Ф.,Turkish Airlines,Выдача от 30 до 40 минут
2026-10-03,ДР 196 ,7С8,ВЛАДИКАВКАЗ(БЕСЛАН),8,Y(А08),02:48,599,2026-10-03 03:01:00,2026-10-03 03:03:00,,2026-10-03 03:06:00,2026-10-03 03:15:00,2026-10-03 03:06:00,2026-10-03 03:15:00,2026-10-03 03:09:00,6.0,5.0,2026-10-03 03:19:00,2026-10-03 03:23:00,,0.0,2026-10-03 03:01:00,2026-10-03 03:20:00,,,,,Литвин И. С.,Победа,Выдача до 30 минут
2026-10-03,PC 1521 ,32Н,ИЗМИР(АДНАН МЕНДЕРЕС),22,Y(А10),01:50,2313,2026-10-03 02:06:00,2026-10-03 02:10:00,1.0,2026-10-03 02:12:00,2026-10-03 02:40:00,2026-10-03 02:12:00,2026-10-03 02:40:00,2026-10-03 02:25:00,15.0,13.0,2026-10-03 02:28:00,2026-10-03 02:47:00,2.0,11.0,2026-10-03 02:18:00,2026-10-03 02:24:00,2026-10-03 02:35:00,2026-10-03 02:40:00,,,Дубинский В. Д.,Pegasus,Выдача более 40 минут
2026-10-03,ДР 190 ,7С8,МАХАЧКАЛА,50,Y(А07),02:51,443,2026-10-03 02:57:00,2026-10-03 02:59:00,,2026-10-03 03:00:00,2026-10-03 03:05:00,2026-10-03 03:00:00,2026-10-03 03:05:00,2026-10-03 03:04:00,1.0,2.0,2026-10-03 03:13:00,2026-10-03 03:16:00,,0.0,2026-10-03 03:07:00,2026-10-03 03:13:00,,,,,Медведев Е. И.,Победа,Выдача до 30 минут
2026-10-03,TK 3028 ,32Б,АНТАЛЬЯ,20,Y(А09),02:59,3389,2026-10-03 03:08:00,2026-10-03 03:09:00,,2026-10-03 03:11:00,2026-10-03 03:26:00,2026-10-03 03:11:00,2026-10-03 03:26:00,2026-10-03 03:35:00,,,2026-10-03 03:33:00,2026-10-03 03:43:00,5.0,5.0,2026-10-03 03:05:00,2026-10-03 03:42:00,,,,,Шарипов К. А.,Turkish Airlines,Выдача от 30 до 40 минут
2026-10-03,TK 3172 ,321,АНТАЛЬЯ,25,Y(А09),03:02,2236,2026-10-03 03:10:00,2026-10-03 03:12:00,,2026-10-03 03:13:00,2026-10-03 03:31:00,2026-10-03 03:13:00,2026-10-03 03:31:00,2026-10-03 03:29:00,2.0,3.0,2026-10-03 03:26:00,2026-10-03 03:33:00,,0.0,2026-10-03 03:11:00,2026-10-03 03:37:00,,,,,Хушвактов П. З.,Turkish Airlines,Выдача до 30 минут
2026-10-03,PC 386 ,32Щ,СТАМБУЛ(САБИХА ГОКЦЕН),29,Y(А10),03:11,3238,2026-10-03 03:19:00,2026-10-03 03:20:00,,2026-10-03 03:23:00,2026-10-03 03:48:00,2026-10-03 03:23:00,2026-10-03 03:48:00,2026-10-03 03:45:00,3.0,3.0,2026-10-03 03:34:00,2026-10-03 03:48:00,,0.0,2026-10-03 03:29:00,2026-10-03 03:32:00,2026-10-03 03:48:00,2026-10-03 03:54:00,,,Кейта А. С.,Pegasus,Выдача до 30 минут
2026-10-03,3F 323 ,320,ЕРЕВАН(ЗВАРТНОЦ ИНТЛ),26,Y(А13),03:16,1461,2026-10-03 03:24:00,2026-10-03 03:26:00,,2026-10-03 03:52:00,2026-10-03 03:58:00,2026-10-03 03:52:00,2026-10-03 03:58:00,2026-10-03 03:38:00,20.0,,2026-10-03 03:59:00,2026-10-03 04:07:00,15.0,13.0,2026-10-03 03:36:00,2026-10-03 03:59:00,2026-10-03 04:06:00,2026-10-03 04:08:00,,,"Дубинский В. Д., Пельгуев Д. И.",FLYONE Armenia,Выдача более 40 минут
2026-10-03,ДР 992B,73Х,ДУБАЙ(АЛЬ-МАКТУМ ИНТЛ),46,Y(А12),03:19,1526,2026-10-03 03:27:00,2026-10-03 03:30:00,,2026-10-03 03:32:00,2026-10-03 03:47:00,2026-10-03 03:32:00,2026-10-03 03:47:00,2026-10-03 03:41:00,6.0,5.0,2026-10-03 03:48:00,2026-10-03 03:57:00,,0.0,2026-10-03 03:39:00,2026-10-03 03:45:00,2026-10-03 03:51:00,2026-10-03 03:58:00,,,Омурбек У. Б.,Победа,Выдача до 30 минут
2026-10-03,NE 492 ,320,ХУРГАДА(ХУРГАДА ИНТЛ.),19,Y(А13),03:30,1903,2026-10-03 03:37:00,2026-10-03 03:38:00,,2026-10-03 03:41:00,2026-10-03 04:04:00,2026-10-03 03:41:00,2026-10-03 04:04:00,2026-10-03 03:54:00,10.0,10.0,2026-10-03 03:55:00,2026-10-03 04:12:00,,5.0,2026-10-03 03:47:00,2026-10-03 03:59:00,2026-10-03 04:05:00,2026-10-03 04:11:00,,,Михайлов М. С.,Nesma Airlines,Выдача от 30 до 40 минут
2026-10-03,ДР 168 ,7С8,МИНЕРАЛЬНЫЕ ВОДЫ,16,Y(А05),03:37,555,2026-10-03 03:47:00,2026-10-03 03:49:00,,2026-10-03 03:54:00,2026-10-03 04:03:00,2026-10-03 03:54:00,2026-10-03 04:03:00,2026-10-03 03:55:00,8.0,5.0,2026-10-03 04:09:00,2026-10-03 04:10:00,2.0,0.0,2026-10-03 04:05:00,2026-10-03 04:13:00,,,,,Медведев Е. И.,Победа,Выдача до 30 минут
2026-10-03,VF 587 ,73Х,АНКАРА(ЕСЕНБОГА),21,Y(А10),03:40,2054,2026-10-03 03:48:00,2026-10-03 03:53:00,2.0,2026-10-03 03:52:00,2026-10-03 04:09:00,2026-10-03 03:52:00,2026-10-03 04:09:00,2026-10-03 04:06:00,3.0,3.0,2026-10-03 04:08:00,2026-10-03 04:12:00,,0.0,2026-10-03 04:00:00,2026-10-03 04:06:00,2026-10-03 04:17:00,2026-10-03 04:18:00,,,Шарипов Д. А.,AJET,Выдача до 30 минут
2026-10-03,ЮТ 374F,73Х,МИНЕРАЛЬНЫЕ ВОДЫ,14,Y(А06),02:56,707,2026-10-03 03:04:00,2026-10-03 03:07:00,,2026-10-03 03:08:00,2026-10-03 03:15:00,2026-10-03 03:08:00,2026-10-03 03:15:00,2026-10-03 03:13:00,2.0,2.0,2026-10-03 03:16:00,2026-10-03 03:17:00,,0.0,2026-10-03 03:13:00,2026-10-03 03:22:00,,,,,Лаптев В. В.,Ютэйр,Выдача до 30 минут
2026-10-03,TK 3036 ,321,АНТАЛЬЯ,19,Y(А09),01:46,2882,2026-10-03 02:00:00,2026-10-03 02:04:00,1.0,2026-10-03 02:05:00,2026-10-03 02:16:00,2026-10-03 02:05:00,2026-10-03 02:16:00,2026-10-03 02:23:00,,,2026-10-03 02:05:00,2026-10-03 02:22:00,,0.0,2026-10-03 01:48:00,2026-10-03 02:15:00,2026-10-03 01:57:00,2026-10-03 02:26:00,,,Пельгуев Д. И.,Turkish Airlines,Выдача до 30 минут
2026-10-03,TK 421 ,333,СТАМБУЛ(СТАМБУЛ НЬЮ),23,Y(А09),01:42,3578,2026-10-03 02:00:00,2026-10-03 02:02:00,,2026-10-03 02:03:00,2026-10-03 02:18:00,2026-10-03 02:03:00,2026-10-03 02:18:00,2026-10-03 02:28:00,,,2026-10-03 02:19:00,2026-10-03 02:29:00,,0.0,2026-10-03 02:03:00,2026-10-03 02:20:00,2026-10-03 02:03:00,2026-10-03 02:42:00,,,Михайлов М. С.,Turkish Airlines,Выдача до 30 минут
2026-10-03,А4 7138 ,СУ9,ПСКОВ(КРЕСТЫ),45,Y(А08),01:39,492,2026-10-03 01:47:00,2026-10-03 01:48:00,,2026-10-03 01:51:00,2026-10-03 02:00:00,2026-10-03 01:51:00,2026-10-03 02:00:00,2026-10-03 01:54:00,6.0,6.0,2026-10-03 02:03:00,2026-10-03 02:04:00,,0.0,2026-10-03 01:58:00,2026-10-03 02:03:00,,,,,Скулов Е. С.,Азимут,Выдача до 30 минут
2026-10-03,ЮТ 560 ,73Х,МАХАЧКАЛА,14,Y(А05),10:59,646,2026-10-03 11:05:00,2026-10-03 11:06:00,,2026-10-03 11:11:00,2026-10-03 11:22:00,2026-10-03 11:11:00,2026-10-03 11:22:00,2026-10-03 11:13:00,9.0,7.0,2026-10-03 11:24:00,2026-10-03 11:25:00,,0.0,2026-10-03 11:20:00,2026-10-03 11:23:00,,,,,Острых В. А.,Ютэйр,Выдача до 30 минут
2026-10-03,PC 1576 ,32Щ,АНТАЛЬЯ,36,Y(А10),00:00,3090,2026-10-03 00:10:00,2026-10-03 00:11:00,,2026-10-03 00:13:00,2026-10-03 00:39:00,2026-10-03 00:14:00,2026-10-03 00:39:00,2026-10-03 00:35:00,4.0,4.0,2026-10-03 00:34:00,2026-10-03 00:48:00,,8.0,2026-10-03 00:21:00,2026-10-03 00:28:00,,,2026-10-03 00:40:00,2026-10-03 00:48:00,"Кейта А. С., Литвин И. С.",Pegasus,Выдача от 30 до 40 минут
2026-10-03,PBD 996 ,73Х,СТАМБУЛ(СТАМБУЛ НЬЮ),48,Y(А12),00:14,1186,2026-10-03 00:19:00,2026-10-03 00:22:00,,2026-10-03 00:23:00,2026-10-03 00:34:00,2026-10-03 00:23:00,2026-10-03 00:34:00,2026-10-03 00:31:00,3.0,3.0,2026-10-03 00:43:00,2026-10-03 00:44:00,,0.0,2026-10-03 00:27:00,2026-10-03 00:42:00,,,,,Михайлов М. С.,Победа,Выдача до 30 минут
2026-10-03,TK 409 ,32Б,СТАМБУЛ(СТАМБУЛ НЬЮ),20,Y(А09),00:20,2814,2026-10-03 00:29:00,2026-10-03 00:30:00,,2026-10-03 00:33:00,2026-10-03 00:53:00,2026-10-03 00:33:00,2026-10-03 00:53:00,2026-10-03 00:52:00,1.0,1.0,2026-10-03 00:51:00,2026-10-03 01:01:00,2.0,2.0,2026-10-03 00:23:00,2026-10-03 01:02:00,2026-10-03 00:09:00,2026-10-03 00:51:00,,,Рябчевский В. О.,Turkish Airlines,Выдача от 30 до 40 минут
2026-10-03,FZ 987 ,7М8,ДУБАЙ(ДУБАЙ ИНТЛ.),30,Y(А10),00:23,2019,2026-10-03 00:34:00,2026-10-03 00:34:00,,2026-10-03 00:38:00,2026-10-03 01:03:00,2026-10-03 00:38:00,2026-10-03 01:03:00,2026-10-03 00:51:00,12.0,12.0,2026-10-03 00:54:00,2026-10-03 01:09:00,,5.0,2026-10-03 00:48:00,2026-10-03 00:54:00,2026-10-03 01:06:00,2026-10-03 01:09:00,,,Тано Б. А.,flydubai,Выдача от 30 до 40 минут
2026-10-03,TK 3178 ,321,ДАЛАМАН,27,Y(А09),00:27,2132,2026-10-03 00:37:00,2026-10-03 00:39:00,,2026-10-03 00:41:00,2026-10-03 00:59:00,2026-10-03 00:41:00,2026-10-03 00:59:00,2026-10-03 00:55:00,4.0,4.0,2026-10-03 00:55:00,2026-10-03 01:06:00,,0.0,2026-10-03 01:01:00,2026-10-03 01:06:00,,,,,Омурбек У. Б.,Turkish Airlines,Выдача до 30 минут
2026-10-03,ДР 836B,73Х,ГАЗИПАША,44,Y(А10),00:36,2280,2026-10-03 00:44:00,2026-10-03 00:44:00,,2026-10-03 00:46:00,2026-10-03 01:06:00,2026-10-03 00:46:00,2026-10-03 01:06:00,2026-10-03 01:03:00,3.0,5.0,2026-10-03 01:12:00,2026-10-03 01:19:00,,5.0,2026-10-03 00:53:00,2026-10-03 01:02:00,2026-10-03 01:08:00,2026-10-03 01:17:00,,,Литвин И. С.,Победа,Выдача от 30 до 40 минут
2026-10-03,TK 217 ,321,АНТАЛЬЯ,26,Y(А13),00:47,2881,2026-10-03 00:57:00,2026-10-03 00:59:00,,2026-10-03 01:01:00,2026-10-03 01:21:00,2026-10-03 01:01:00,2026-10-03 01:21:00,2026-10-03 01:20:00,1.0,1.0,2026-10-03 01:06:00,2026-10-03 01:23:00,,0.0,2026-10-03 00:42:00,2026-10-03 01:14:00,2026-10-03 01:05:00,2026-10-03 01:43:00,,,Хушвактов П. З.,Turkish Airlines,Выдача до 30 минут
2026-10-03,TK 3060 ,32Б,АНТАЛЬЯ,33,Y(А10),00:50,2880,2026-10-03 00:57:00,2026-10-03 00:59:00,,2026-10-03 01:03:00,2026-10-03 01:25:00,2026-10-03 01:03:00,2026-10-03 01:25:00,2026-10-03 01:20:00,5.0,3.0,2026-10-03 01:22:00,2026-10-03 01:33:00,,6.0,2026-10-03 00:34:00,2026-10-03 01:22:00,2026-10-03 01:07:00,2026-10-03 01:41:00,,,Гафуров О. Ф.,Turkish Airlines,Выдача от 30 до 40 минут
2026-10-03,ЮТ 810 ,73Х,САМАРКАНД(САМАРКАНД ИНТЛ.),62,Y(А11),00:53,1573,2026-10-03 01:03:00,2026-10-03 01:03:00,,2026-10-03 01:06:00,2026-10-03 01:14:00,2026-10-03 01:06:00,2026-10-03 01:14:00,2026-10-03 01:17:00,,,2026-10-03 01:23:00,2026-10-03 01:24:00,,0.0,2026-10-03 01:14:00,2026-10-03 01:24:00,2026-10-03 01:32:00,2026-10-03 01:40:00,,,Шарипов К. А.,Ютэйр,Выдача до 30 минут
2026-10-03,TK 3002 ,321,АНТАЛЬЯ,29,Y(А13),00:56,2517,2026-10-03 01:04:00,2026-10-03 01:06:00,,2026-10-03 01:10:00,2026-10-03 01:23:00,2026-10-03 01:10:00,2026-10-03 01:23:00,2026-10-03 01:25:00,,,2026-10-03 01:17:00,2026-10-03 01:31:00,,0.0,2026-10-03 01:07:00,2026-10-03 01:33:00,2026-10-03 00:51:00,2026-10-03 01:17:00,,,Музафаров А. С.,Turkish Airlines,Выдача до 30 минут
2026-10-03,ФВ 6189 ,СУ9,САНКТ-ПЕТЕРБУРГ(ПУЛКОВО),9,Y(А04),00:58,158,2026-10-03 01:08:00,2026-10-03 01:09:00,,2026-10-03 01:10:00,2026-10-03 01:14:00,2026-10-03 01:10:00,2026-10-03 01:14:00,2026-10-03 01:13:00,1.0,3.0,2026-10-03 01:16:00,2026-10-03 01:17:00,,0.0,2026-10-03 01:13:00,2026-10-03 01:15:00,,,,,Юрков С.,Россия,Выдача до 30 минут
2026-10-03,TK 3084 ,321,ДАЛАМАН,25,Y(А09),01:01,2486,2026-10-03 01:10:00,2026-10-03 01:15:00,2.0,2026-10-03 01:15:00,2026-10-03 01:31:00,2026-10-03 01:15:00,2026-10-03 01:31:00,2026-10-03 01:31:00,,,2026-10-03 01:24:00,2026-10-03 01:38:00,,0.0,2026-10-03 01:06:00,2026-10-03 01:24:00,2026-10-03 01:32:00,2026-10-03 01:38:00,,,Кажаев Д. Г.,Turkish Airlines,Выдача до 30 минут
2026-10-03,УР 514 ,75В,БОДРУМ(МИЛАС),18,Y(А12),01:06,1079,2026-10-03 01:16:00,2026-10-03 01:18:00,,2026-10-03 01:21:00,2026-10-03 01:36:00,2026-10-03 01:21:00,2026-10-03 01:36:00,2026-10-03 01:27:00,9.0,8.0,2026-10-03 01:34:00,2026-10-03 01:35:00,,0.0,2026-10-03 01:30:00,2026-10-03 01:34:00,,,,,Пельгуев Д. И.,FLYONE Armenia,Выдача до 30 минут
2026-10-03,ГЗП 822 ,73В,УХТА,Б66,Y(А05),01:08,0,2026-10-03 01:21:00,2026-10-03 01:24:00,,2026-10-03 00:53:00,2026-10-03 00:58:00,2026-10-03 00:53:00,2026-10-03 00:58:00,,,5.0,2026-10-03 01:55:00,2026-10-03 01:56:00,4.0,0.0,2026-10-03 01:31:00,2026-10-03 01:50:00,,,,,Шарипов Д. А.,Газпром авиа,Выдача до 30 минут
2026-10-03,AZO 7108 ,СУ9,ТБИЛИСИ(ТБИЛИСИ ИНТЛ.),28,Y(А08),01:11,495,2026-10-03 01:19:00,2026-10-03 01:22:00,,2026-10-03 01:29:00,2026-10-03 01:30:00,2026-10-03 01:29:00,2026-10-03 01:30:00,2026-10-03 01:26:00,4.0,,2026-10-03 01:33:00,2026-10-03 01:37:00,,0.0,2026-10-03 01:29:00,2026-10-03 01:33:00,,,,,Додаров Б. М.,GEORGIAN AIRWAYS,Выдача до 30 минут
2026-10-03,VF 275 ,73Х,СТАМБУЛ(САБИХА ГОКЦЕН),37,Y(А11),01:17,1759,2026-10-03 01:23:00,2026-10-03 01:27:00,1.0,2026-10-03 01:24:00,2026-10-03 01:53:00,2026-10-03 01:25:00,2026-10-03 01:53:00,2026-10-03 01:39:00,14.0,16.0,2026-10-03 02:08:00,2026-10-03 02:12:00,15.0,19.0,2026-10-03 01:30:00,2026-10-03 01:37:00,2026-10-03 01:47:00,2026-10-03 02:00:00,,,"Барабанов А. М., Кейта А. С.",AJET,Выдача более 40 минут
2026-10-03,PBD 840B,7С8,АНТАЛЬЯ,49,Y(А11),01:21,1636,2026-10-03 01:37:00,2026-10-03 01:39:00,,2026-10-03 01:37:00,2026-10-03 01:54:00,2026-10-03 01:37:00,2026-10-03 01:54:00,2026-10-03 01:52:00,2.0,6.0,2026-10-03 01:52:00,2026-10-03 02:03:00,,0.0,2026-10-03 01:39:00,2026-10-03 01:52:00,2026-10-03 01:58:00,2026-10-03 02:04:00,,,Медведев Е. И.,Победа,Выдача до 30 минут
2026-10-03,ЮТ 398 ,735,КРАСНОДАР(ПАШКОВСКИЙ),11,Y(А07),01:23,648,2026-10-03 01:33:00,2026-10-03 01:33:00,,2026-10-03 01:36:00,2026-10-03 01:41:00,2026-10-03 01:36:00,2026-10-03 01:41:00,2026-10-03 01:41:00,,1.0,2026-10-03 01:44:00,2026-10-03 01:49:00,,0.0,2026-10-03 01:44:00,2026-10-03 01:45:00,,,,,Юрков С.,Ютэйр,Выдача до 30 минут
2026-10-03,NE 602 ,320,ХУРГАДА(ХУРГАДА ИНТЛ.),27,Y(А12),04:05,2011,2026-10-03 04:15:00,2026-10-03 04:17:00,,2026-10-03 04:19:00,2026-10-03 04:37:00,2026-10-03 04:19:00,2026-10-03 04:37:00,2026-10-03 04:32:00,5.0,5.0,2026-10-03 04:35:00,2026-10-03 04:44:00,,0.0,2026-10-03 04:31:00,2026-10-03 04:35:00,2026-10-03 04:39:00,2026-10-03 04:44:00,,,Юрков С.,Nesma Airlines,Выдача до 30 минут
2026-10-03,ДР 264B,73Х,КАЛИНИНГРАД(ХРАБРОВО),47,Y(А08),04:13,394,2026-10-03 04:20:00,2026-10-03 04:21:00,,2026-10-03 04:29:00,2026-10-03 04:35:00,2026-10-03 04:29:00,2026-10-03 04:35:00,2026-10-03 04:27:00,8.0,3.0,2026-10-03 04:49:00,2026-10-03 04:50:00,,0.0,2026-10-03 04:32:00,2026-10-03 04:49:00,,,,,Музафаров А. С.,Победа,Выдача до 30 минут
2026-10-03,TK 211 ,32Б,АНТАЛЬЯ,21,Y(А13),00:11,2846,2026-10-03 00:18:00,2026-10-03 00:20:00,,2026-10-03 00:25:00,2026-10-03 00:47:00,2026-10-03 00:25:00,2026-10-03 00:47:00,2026-10-03 00:41:00,6.0,3.0,2026-10-03 00:46:00,2026-10-03 00:56:00,8.0,8.0,2026-10-02 23:45:00,2026-10-03 00:45:00,2026-10-03 00:16:00,2026-10-03 00:51:00,,,Медведев Е. И.,Turkish Airlines,Выдача от 30 до 40 минут
2026-10-03,TK 3014 ,321,АНТАЛЬЯ,24,Y(А10),04:34,2374,2026-10-03 04:45:00,2026-10-03 04:47:00,,2026-10-03 04:52:00,2026-10-03 05:00:00,2026-10-03 04:52:00,2026-10-03 05:00:00,2026-10-03 05:05:00,,,2026-10-03 05:02:00,2026-10-03 05:06:00,,0.0,2026-10-03 04:38:00,2026-10-03 05:05:00,,,,,Омурбек У. Б.,Turkish Airlines,Выдача до 30 минут
2026-10-03,ЮТ 364 ,73Х,УФА,24,Y(А07),08:01,586,2026-10-03 08:11:00,2026-10-03 08:13:00,,2026-10-03 08:25:00,2026-10-03 08:43:00,2026-10-03 08:36:00,2026-10-03 08:43:00,2026-10-03 08:19:00,24.0,3.0,2026-10-03 08:42:00,2026-10-03 08:43:00,1.0,2.0,2026-10-03 08:40:00,2026-10-03 08:42:00,,,,,"Додаров Б. М., Екимов С. С.",Ютэйр,Выдача от 30 до 40 минут
2026-10-03,ЮТ 248 ,734,СУРГУТ,16,Y(А08),08:05,641,2026-10-03 08:10:00,2026-10-03 08:12:00,,2026-10-03 08:13:00,2026-10-03 08:32:00,2026-10-03 08:31:00,2026-10-03 08:32:00,2026-10-03 08:18:00,14.0,,2026-10-03 08:28:00,2026-10-03 08:31:00,,0.0,2026-10-03 08:23:00,2026-10-03 08:29:00,,,,,"Резчиков А. А., Саидов А. С.",Ютэйр,Выдача до 30 минут
2026-10-03,ФВ 6051 ,СУ9,САНКТ-ПЕТЕРБУРГ(ПУЛКОВО),8,Y(А04),08:10,85,2026-10-03 08:19:00,2026-10-03 08:20:00,,2026-10-03 08:22:00,2026-10-03 08:27:00,2026-10-03 08:22:00,2026-10-03 08:27:00,2026-10-03 08:24:00,3.0,4.0,2026-10-03 08:27:00,2026-10-03 08:28:00,,0.0,2026-10-03 08:24:00,2026-10-03 08:26:00,,,,,Попов Д. В.,Россия,Выдача до 30 минут
2026-10-03,ЮТ 572 ,73Х,КРАСНОЯРСК,12,Y(А06),08:23,2268,2026-10-03 08:29:00,2026-10-03 08:31:00,,2026-10-03 08:32:00,2026-10-03 08:58:00,2026-10-03 08:32:00,2026-10-03 08:58:00,2026-10-03 08:48:00,10.0,11.0,2026-10-03 08:45:00,2026-10-03 08:56:00,,0.0,2026-10-03 08:41:00,2026-10-03 08:45:00,2026-10-03 08:52:00,2026-10-03 08:55:00,,,"Конюхов Я. А., Корнилов Н. А.",Ютэйр,Выдача до 30 минут
2026-10-03,DV 809 ,738,АЛМАТЫ(АЛМАТЫ ИНТЛ.),19,Y(А13),08:26,1216,2026-10-03 08:32:00,2026-10-03 08:34:00,,2026-10-03 08:34:00,2026-10-03 09:08:00,2026-10-03 08:35:00,2026-10-03 09:08:00,2026-10-03 08:44:00,24.0,25.0,2026-10-03 08:48:00,2026-10-03 08:52:00,,0.0,2026-10-03 08:43:00,2026-10-03 08:48:00,,,,,"Фартушный А. И., Фозылов Б. З.",SCAT Airlines,Выдача до 30 минут
2026-10-03,3F 321 ,320,ЕРЕВАН(ЗВАРТНОЦ ИНТЛ),20,Y(А13),08:29,927,2026-10-03 08:37:00,2026-10-03 08:38:00,,2026-10-03 08:40:00,2026-10-03 08:48:00,2026-10-03 08:40:00,2026-10-03 08:48:00,2026-10-03 08:47:00,1.0,2.0,2026-10-03 08:55:00,2026-10-03 08:58:00,,0.0,2026-10-03 08:50:00,2026-10-03 08:54:00,,,,,"Андреев А. М., Прохачев И. А.",FLYONE Armenia,Выдача до 30 минут
2026-10-03,ЮТ 352 ,73Е,ХАНТЫ-МАНСИЙСК,10,Y(А05),08:35,669,2026-10-03 08:42:00,2026-10-03 08:41:00,-1.0,2026-10-03 08:51:00,2026-10-03 08:59:00,2026-10-03 08:51:00,2026-10-03 08:59:00,2026-10-03 08:50:00,9.0,4.0,2026-10-03 09:01:00,2026-10-03 09:04:00,,0.0,2026-10-03 08:58:00,2026-10-03 09:02:00,,,,,Острых В. А.,Ютэйр,Выдача до 30 минут
2026-10-03,ГЗП 260 ,СУ9,НОВЫЙ УРЕНГОЙ,Б36,Y(А07),08:55,356,2026-10-03 09:03:00,2026-10-03 09:05:00,,2026-10-03 09:08:00,2026-10-03 09:13:00,2026-10-03 09:08:00,2026-10-03 09:13:00,2026-10-03 09:09:00,4.0,3.0,2026-10-03 09:31:00,2026-10-03 09:32:00,,0.0,2026-10-03 09:14:00,2026-10-03 09:32:00,,,,,Попов Д. В.,Газпром авиа,Выдача до 30 минут
2026-10-03,J2 807 ,319,БАКУ(ИМ. ГЕЙДАРА АЛИЕВА),28,Y(А11),09:05,1378,2026-10-03 09:12:00,2026-10-03 09:14:00,,2026-10-03 09:16:00,2026-10-03 09:31:00,2026-10-03 09:16:00,2026-10-03 09:31:00,2026-10-03 09:25:00,6.0,6.0,2026-10-03 09:28:00,2026-10-03 09:41:00,,0.0,2026-10-03 09:24:00,2026-10-03 09:27:00,2026-10-03 09:33:00,2026-10-03 09:36:00,,,Екимов С. С.,AZAL,Выдача до 30 минут
2026-10-03,ЮТ 356 ,73Х,ГРОЗНЫЙ(СЕВЕРНЫЙ),14,Y(А05),09:11,258,2026-10-03 09:17:00,2026-10-03 09:19:00,,2026-10-03 09:28:00,2026-10-03 09:29:00,2026-10-03 09:28:00,2026-10-03 09:29:00,2026-10-03 09:23:00,6.0,,2026-10-03 09:35:00,2026-10-03 09:36:00,,0.0,2026-10-03 09:33:00,2026-10-03 09:36:00,,,,,Давлатов Б. Ч.,Ютэйр,Выдача до 30 минут
2026-10-03,ФВ 6003 ,СУ9,САНКТ-ПЕТЕРБУРГ(ПУЛКОВО),9,Y(А04),09:15,25,2026-10-03 09:22:00,2026-10-03 09:25:00,,2026-10-03 09:25:00,2026-10-03 09:28:00,2026-10-03 09:25:00,2026-10-03 09:28:00,2026-10-03 09:26:00,2.0,3.0,2026-10-03 09:29:00,2026-10-03 09:30:00,,0.0,2026-10-03 09:26:00,2026-10-03 09:30:00,,,,,Лизенко Е. В.,Россия,Выдача до 30 минут
2026-10-03,ЯМ 597 ,73Х,МИРНЫЙ,17,Y(А06),09:24,1905,2026-10-03 09:30:00,2026-10-03 09:32:00,,2026-10-03 09:33:00,2026-10-03 09:53:00,2026-10-03 09:33:00,2026-10-03 09:53:00,2026-10-03 09:47:00,6.0,7.0,2026-10-03 09:45:00,2026-10-03 09:56:00,,0.0,2026-10-03 09:41:00,2026-10-03 09:45:00,2026-10-03 09:52:00,2026-10-03 09:56:00,,,Корнилов Н. А.,Алроса,Выдача до 30 минут
2026-10-03,AZO 7208 ,СУ9,ТБИЛИСИ(ТБИЛИСИ ИНТЛ.),26,Y(А12),09:54,1151,2026-10-03 10:02:00,2026-10-03 10:06:00,1.0,2026-10-03 10:05:00,2026-10-03 10:15:00,2026-10-03 10:05:00,2026-10-03 10:15:00,2026-10-03 10:14:00,1.0,2.0,2026-10-03 10:18:00,2026-10-03 10:22:00,,0.0,2026-10-03 10:15:00,2026-10-03 10:19:00,,,,,"Королев А. А., Прохачев И. А.",GEORGIAN AIRWAYS,Выдача до 30 минут
2026-10-03,TC 422 ,788,ДАР-ЭС-САЛАМ(ДЖ. НИЕРЕРЕ ИНТЛ),23,Y(А10),09:57,3354,2026-10-03 10:05:00,2026-10-03 10:08:00,,2026-10-03 10:12:00,2026-10-03 10:45:00,2026-10-03 10:18:00,2026-10-03 10:45:00,2026-10-03 10:31:00,14.0,5.0,2026-10-03 10:25:00,2026-10-03 10:42:00,,7.0,2026-10-03 10:18:00,2026-10-03 10:45:00,2026-10-03 10:25:00,2026-10-03 10:40:00,,,"Науну М., Резчиков А. А.",Не найдено,Выдача от 30 до 40 минут
2026-10-03,TK 407 ,333,СТАМБУЛ(СТАМБУЛ НЬЮ),22,Y(А09),10:03,4863,2026-10-03 10:11:00,2026-10-03 10:13:00,,2026-10-03 10:13:00,2026-10-03 10:32:00,2026-10-03 10:13:00,2026-10-03 10:32:00,2026-10-03 10:47:00,,,2026-10-03 10:21:00,2026-10-03 10:37:00,,0.0,2026-10-03 10:13:00,2026-10-03 10:32:05,2026-10-03 10:28:00,2026-10-03 10:33:00,2026-10-03 10:32:00,2026-10-03 10:38:00,"Лаптев В. В., Чеканов В. А.",Turkish Airlines,Выдача до 30 минут
2026-10-03,ВГ 2390 ,ЯК4,ВОЛОГДА,43,0,10:09,0,2026-10-03 10:15:00,2026-10-03 10:15:00,,2026-10-03 10:15:00,2026-10-03 10:18:00,2026-10-03 10:15:00,2026-10-03 10:18:00,,,3.0,,-1,,0.0,,,,,,,Фартушный А. И.,Вологодское АП,Не определено
2026-10-03,ФВ 6005 ,СУ9,САНКТ-ПЕТЕРБУРГ(ПУЛКОВО),8,Y(А04),10:14,94,2026-10-03 10:23:00,2026-10-03 10:26:00,,2026-10-03 10:26:00,2026-10-03 10:30:00,2026-10-03 10:26:00,2026-10-03 10:30:00,2026-10-03 10:28:00,2.0,3.0,2026-10-03 10:30:00,2026-10-03 10:31:00,,0.0,2026-10-03 10:29:00,2026-10-03 10:32:00,,,,,Андреев А. М.,Россия,Выдача до 30 минут
2026-10-03,ДР 414 ,7С8,ЧЕЛЯБИНСК(БАЛАНДИНО),48,Y(А05),10:24,158,2026-10-03 10:27:00,2026-10-03 10:29:00,,2026-10-03 10:30:00,2026-10-03 10:34:00,2026-10-03 10:30:00,2026-10-03 10:34:00,2026-10-03 10:32:00,2.0,3.0,2026-10-03 10:38:00,2026-10-03 10:39:00,,0.0,2026-10-03 10:33:00,2026-10-03 10:40:00,,,,,"Додаров Б. М., Екимов С. С.",Победа,Выдача до 30 минут
2026-10-03,PC 1456 ,32Щ,БОДРУМ(МИЛАС),23,Y(А13),04:17,2447,2026-10-03 04:27:00,2026-10-03 04:29:00,,2026-10-03 04:32:00,2026-10-03 04:51:00,2026-10-03 04:32:00,2026-10-03 04:51:00,2026-10-03 04:47:00,4.0,3.0,2026-10-03 04:46:00,2026-10-03 04:59:00,,2.0,2026-10-03 04:38:00,2026-10-03 04:42:00,2026-10-03 04:53:00,2026-10-03 04:59:00,,,Гафуров О. Ф.,Pegasus,Выдача от 30 до 40 минут
2026-10-03,В2 981 ,Е95,МИНСК(МИНСК ИНТЛ.),29,Y(А13),07:56,198,2026-10-03 08:05:00,2026-10-03 08:10:00,2.0,2026-10-03 08:08:00,2026-10-03 08:12:00,2026-10-03 08:08:00,2026-10-03 08:12:00,2026-10-03 08:10:00,2.0,3.0,2026-10-03 08:09:00,2026-10-03 08:10:00,,0.0,2026-10-03 08:11:00,2026-10-03 08:14:00,,,,,Королев А. А.,Белавиа,Выдача до 30 минут
2026-10-03,ЮТ 454 ,73Х,ТЮМЕНЬ(РОЩИНО),13,Y(А05),07:52,497,2026-10-03 07:59:00,2026-10-03 08:01:00,,2026-10-03 08:01:00,2026-10-03 08:11:00,2026-10-03 08:01:00,2026-10-03 08:11:00,2026-10-03 08:06:00,5.0,7.0,2026-10-03 08:05:00,2026-10-03 08:17:00,,0.0,2026-10-03 08:09:00,2026-10-03 08:17:00,,,,,Острых В. А.,Ютэйр,Выдача до 30 минут
2026-10-03,ЮТ 786B,73Х,ЕРЕВАН(ЗВАРТНОЦ ИНТЛ),20,Y(А13),10:31,1562,2026-10-03 10:37:00,2026-10-03 10:38:00,,2026-10-03 10:39:00,2026-10-03 11:00:00,2026-10-03 10:39:00,2026-10-03 11:00:00,2026-10-03 10:51:00,9.0,11.0,2026-10-03 10:51:00,2026-10-03 11:01:00,,0.0,2026-10-03 10:44:00,2026-10-03 10:49:00,2026-10-03 10:55:00,2026-10-03 11:01:00,,,"Саидов А. С., Тихонов С. М.",Ютэйр,Выдача до 30 минут
2026-10-03,NE 614 ,320,ХУРГАДА(ХУРГАДА ИНТЛ.),30,Y(А12),07:38,1879,2026-10-03 07:46:00,2026-10-03 07:48:00,,2026-10-03 07:52:00,2026-10-03 08:09:00,2026-10-03 07:52:00,2026-10-03 08:09:00,2026-10-03 08:03:00,6.0,4.0,2026-10-03 08:01:00,2026-10-03 08:08:00,,0.0,2026-10-03 07:57:00,2026-10-03 08:01:00,2026-10-03 08:09:00,2026-10-03 08:12:00,,,Лизенко Е. В.,Nesma Airlines,Выдача до 30 минут
2026-10-03,PC 390 ,32Щ,СТАМБУЛ(САБИХА ГОКЦЕН),25,Y(А13),05:23,2414,2026-10-03 05:32:00,2026-10-03 05:33:00,,2026-10-03 05:34:00,2026-10-03 05:54:00,2026-10-03 05:35:00,2026-10-03 05:54:00,2026-10-03 05:52:00,2.0,3.0,2026-10-03 05:46:00,2026-10-03 05:58:00,,0.0,2026-10-03 05:39:00,2026-10-03 05:43:00,2026-10-03 05:53:00,2026-10-03 05:58:00,,,"Медведев Е. И., Михайлов М. С.",Pegasus,Выдача до 30 минут
2026-10-03,ЮТ 802B,73Х,ДУШАНБЕ(ДУШАНБЕ ИНТЛ.),11,Y(А09),04:58,2399,2026-10-03 05:08:00,2026-10-03 05:11:00,,2026-10-03 05:12:00,2026-10-03 05:27:00,2026-10-03 05:12:00,2026-10-03 05:27:00,2026-10-03 05:28:00,,,2026-10-03 05:29:00,2026-10-03 06:11:00,,33.0,2026-10-03 05:26:00,2026-10-03 05:28:00,2026-10-03 05:33:00,2026-10-03 05:36:00,,,Шарипов К. А.,Ютэйр,Выдача более 40 минут
2026-10-03,VF 277 ,73Х,СТАМБУЛ(САБИХА ГОКЦЕН),20,Y(А10),05:26,2098,2026-10-03 05:36:00,2026-10-03 05:39:00,,2026-10-03 05:40:00,2026-10-03 05:57:00,2026-10-03 05:42:00,2026-10-03 05:57:00,2026-10-03 05:54:00,3.0,1.0,2026-10-03 05:51:00,2026-10-03 06:09:00,,3.0,2026-10-03 05:47:00,2026-10-03 05:51:00,2026-10-03 06:02:00,2026-10-03 06:11:00,,,"Кейта А. С., Тано Б. А.",AJET,Выдача от 30 до 40 минут
2026-10-03,TK 419 ,333,СТАМБУЛ(СТАМБУЛ НЬЮ),22,Y(А10),05:30,4880,2026-10-03 05:49:00,2026-10-03 05:51:00,,2026-10-03 05:51:00,2026-10-03 06:12:00,2026-10-03 05:51:00,2026-10-03 06:12:00,2026-10-03 06:26:00,,,2026-10-03 06:03:00,2026-10-03 06:17:00,,0.0,2026-10-03 05:51:00,2026-10-03 06:12:00,2026-10-03 05:38:00,2026-10-03 06:14:00,2026-10-03 05:51:00,2026-10-03 06:17:00,"Додаров Б. М., Хушвактов П. З.",Turkish Airlines,Выдача до 30 минут
2026-10-03,ЖГ 932 ,73Х,ТБИЛИСИ(ТБИЛИСИ ИНТЛ.),30,Y(А10),05:34,1629,2026-10-03 05:47:00,2026-10-03 05:49:00,,2026-10-03 05:49:00,2026-10-03 06:00:00,2026-10-03 05:49:00,2026-10-03 06:00:00,2026-10-03 06:02:00,,,2026-10-03 06:00:00,2026-10-03 06:16:00,,0.0,2026-10-03 05:54:00,2026-10-03 05:58:00,2026-10-03 06:01:00,2026-10-03 06:06:00,,,"Литвин И. С., Музафаров А. С.",GEORGIAN AIRWAYS,Выдача до 30 минут
2026-10-03,AZO 7072 ,СУ9,КУТАИСИ(КУТАИСИ ИНТЛ.),28,Y(А11),05:39,1143,2026-10-03 05:55:00,2026-10-03 05:59:00,1.0,2026-10-03 05:58:00,2026-10-03 06:14:00,2026-10-03 05:58:00,2026-10-03 06:14:00,2026-10-03 06:07:00,7.0,8.0,2026-10-03 06:18:00,2026-10-03 06:21:00,3.0,0.0,2026-10-03 06:07:00,2026-10-03 06:19:00,,,,,Рябчевский В. О.,GEORGIAN AIRWAYS,Выдача до 30 минут
2026-10-03,ХИ 9621 ,320,АНДИЖАН,26,Y(А09),07:48,2133,2026-10-03 07:55:00,2026-10-03 07:59:00,1.0,2026-10-03 08:01:00,2026-10-03 08:13:00,2026-10-03 08:08:00,2026-10-03 08:13:00,2026-10-03 08:13:00,,,2026-10-03 08:13:00,2026-10-03 08:17:00,,0.0,2026-10-03 08:04:00,2026-10-03 08:08:00,2026-10-03 08:14:00,2026-10-03 08:18:00,,,"Науну М., Чеканов В. А.",UZBEKISTAN AIRWAYS,Выдача до 30 минут
2026-10-03,ЯМ 9817 ,73Х,МАГНИТОГОРСК,1,Y(А04),05:47,66,2026-10-03 05:56:00,2026-10-03 05:57:00,,2026-10-03 05:56:00,2026-10-03 05:57:00,2026-10-03 05:56:00,2026-10-03 05:57:00,2026-10-03 06:00:00,,1.0,2026-10-03 06:07:00,2026-10-03 06:08:00,,0.0,2026-10-03 05:56:00,2026-10-03 06:08:00,,,,,Шарипов К. А.,Алроса,Выдача до 30 минут
2026-10-03,ДР 1210 ,7С8,САНКТ-ПЕТЕРБУРГ(ПУЛКОВО),50,Y(А04),06:16,48,2026-10-03 06:26:00,2026-10-03 06:28:00,,2026-10-03 06:28:00,2026-10-03 06:29:00,2026-10-03 06:28:00,2026-10-03 06:29:00,2026-10-03 06:30:00,,1.0,2026-10-03 06:35:00,2026-10-03 06:36:00,,0.0,2026-10-03 06:32:00,2026-10-03 06:37:00,,,,,Шарипов Д. А.,Победа,Выдача до 30 минут
2026-10-03,PC 1458 ,32Щ,ДАЛАМАН,23,Y(А10),06:19,3005,2026-10-03 06:30:00,2026-10-03 06:32:00,,2026-10-03 06:35:00,2026-10-03 06:58:00,2026-10-03 06:45:00,2026-10-03 06:58:00,2026-10-03 06:54:00,4.0,,2026-10-03 06:53:00,2026-10-03 07:06:00,3.0,6.0,2026-10-03 06:44:00,2026-10-03 06:51:00,,,2026-10-03 07:00:00,2026-10-03 07:10:00,"Тано Б. А., Юрков С.",Pegasus,Выдача от 30 до 40 минут
2026-10-03,ДР 114B,73Х,СОЧИ,47,Y(А06),05:43,670,2026-10-03 05:55:00,2026-10-03 05:58:00,,2026-10-03 05:57:00,2026-10-03 06:06:00,2026-10-03 05:57:00,2026-10-03 06:06:00,2026-10-03 06:03:00,3.0,5.0,2026-10-03 06:08:00,2026-10-03 06:12:00,,0.0,2026-10-03 06:04:00,2026-10-03 06:10:00,,,,,Лаптев В. В.,Победа,Выдача до 30 минут
2026-10-03,FZ 969 ,7М8,ДУБАЙ(ДУБАЙ ИНТЛ.),29,Y(А09),06:26,1914,2026-10-03 06:39:00,2026-10-03 06:42:00,,2026-10-03 06:44:00,2026-10-03 07:31:00,2026-10-03 06:44:00,2026-10-03 07:31:00,2026-10-03 06:56:00,35.0,34.0,2026-10-03 06:50:00,2026-10-03 06:56:00,,0.0,2026-10-03 06:47:00,2026-10-03 06:50:00,2026-10-03 07:25:00,2026-10-03 07:27:00,,,"Додаров Б. М., Лаптев В. В.",flydubai,Выдача до 30 минут
2026-10-03,4S 317 ,7С8,ШАРМ ЭЛЬ ШЕЙХ(ШАРМ ЭЛЬ ШЕЙХ ИНТЛ.),21,Y(А13),06:29,2488,2026-10-03 06:56:00,2026-10-03 06:58:00,,2026-10-03 06:58:00,2026-10-03 07:18:00,2026-10-03 06:58:00,2026-10-03 07:18:00,2026-10-03 07:17:00,1.0,3.0,2026-10-03 07:12:00,2026-10-03 07:21:00,,0.0,2026-10-03 07:04:00,2026-10-03 07:09:00,2026-10-03 07:18:00,2026-10-03 07:23:00,,,Дубинский В. Д.,Red Sea,Выдача до 30 минут
2026-10-03,NE 606 ,320,ХУРГАДА(ХУРГАДА ИНТЛ.),19,Y(А12),06:32,1913,2026-10-03 06:45:00,2026-10-03 06:46:00,,2026-10-03 06:48:00,2026-10-03 07:10:00,2026-10-03 06:48:00,2026-10-03 07:10:00,2026-10-03 07:02:00,8.0,9.0,2026-10-03 07:04:00,2026-10-03 07:19:00,,4.0,2026-10-03 06:57:00,2026-10-03 07:04:00,2026-10-03 07:12:00,2026-10-03 07:20:00,,,Попов Д. В.,Nesma Airlines,Выдача от 30 до 40 минут
2026-10-03,ДР 486B,73Х,УЛЬЯНОВСК(БАРАТАЕВКА),48,Y(А05),06:36,232,2026-10-03 06:45:00,2026-10-03 06:46:00,,2026-10-03 06:52:00,2026-10-03 06:54:00,2026-10-03 06:52:00,2026-10-03 06:54:00,2026-10-03 06:51:00,3.0,,2026-10-03 07:00:00,2026-10-03 07:01:00,,0.0,2026-10-03 06:53:00,2026-10-03 07:00:00,,,,,Кейта А. С.,Победа,Выдача до 30 минут
2026-10-03,ДР 422B,73Х,САМАРА(КУРУМОЧ),44,Y(А07),06:39,123,2026-10-03 06:51:00,2026-10-03 06:51:00,,2026-10-03 06:53:00,2026-10-03 06:54:00,2026-10-03 06:53:00,2026-10-03 06:54:00,2026-10-03 06:56:00,,,2026-10-03 07:09:00,2026-10-03 07:10:00,,0.0,2026-10-03 07:03:00,2026-10-03 07:09:00,,,,,Шарипов К. А.,Победа,Выдача до 30 минут
2026-10-03,ЮТ 250B,73Х,СОЧИ,15,Y(А06),07:12,1193,2026-10-03 07:19:00,2026-10-03 07:20:00,,2026-10-03 07:22:00,2026-10-03 07:36:00,2026-10-03 07:22:00,2026-10-03 07:36:00,2026-10-03 07:31:00,5.0,6.0,2026-10-03 07:40:00,2026-10-03 07:43:00,1.0,0.0,2026-10-03 07:35:00,2026-10-03 07:41:00,,,,,Корнилов Н. А.,Ютэйр,Выдача до 30 минут
2026-10-03,ХИ 9607 ,32Н,БУХАРА(БУХАРА ИНТЛ.),25,Y(А11),07:18,1568,2026-10-03 07:34:00,2026-10-03 07:34:00,,2026-10-03 07:36:00,2026-10-03 07:48:00,2026-10-03 07:36:00,2026-10-03 07:48:00,2026-10-03 07:48:00,,2.0,2026-10-03 07:45:00,2026-10-03 07:52:00,,0.0,2026-10-03 07:42:00,2026-10-03 07:45:00,2026-10-03 07:51:00,2026-10-03 07:52:00,,,Давлатов Б. Ч.,UZBEKISTAN AIRWAYS,Выдача до 30 минут
2026-10-03,ХИ 9615 ,32Н,УРГЕНЧ(УРГЕНЧ ИНТЛ.),27,Y(А10),07:34,2085,2026-10-03 07:41:00,2026-10-03 07:43:00,,2026-10-03 07:46:00,2026-10-03 08:05:00,2026-10-03 07:46:00,2026-10-03 08:05:00,2026-10-03 07:59:00,6.0,5.0,2026-10-03 07:57:00,2026-10-03 08:11:00,,0.0,2026-10-03 07:53:00,2026-10-03 07:57:00,2026-10-03 08:06:00,2026-10-03 08:10:00,,,Потапов Е. А.,UZBEKISTAN AIRWAYS,Выдача до 30 минут
2026-10-03,PBD 980 ,73Х,АНТАЛЬЯ,49,Y(А06),06:22,1464,2026-10-03 06:31:00,2026-10-03 06:41:00,7.0,2026-10-03 06:43:00,2026-10-03 06:55:00,2026-10-03 06:43:00,2026-10-03 06:55:00,2026-10-03 06:45:00,10.0,2.0,2026-10-03 06:56:00,2026-10-03 07:05:00,,4.0,2026-10-03 07:00:00,2026-10-03 07:05:00,2026-10-03 06:32:00,2026-10-03 06:55:00,,,Омурбек У. Б.,Победа,Выдача от 30 до 40 минут
2026-10-04,ФВ 6011 ,СУ9,САНКТ-ПЕТЕРБУРГ(ПУЛКОВО),10,Y(А04),17:40,113,2026-10-04 17:50:00,2026-10-04 17:52:00,,2026-10-04 17:53:00,2026-10-04 17:56:00,2026-10-04 17:53:00,2026-10-04 17:56:00,2026-10-04 17:55:00,1.0,2.0,2026-10-04 17:57:00,2026-10-04 17:58:00,,0.0,2026-10-04 17:55:00,2026-10-04 17:58:00,,,,,Харитонов И. А.,Россия,Выдача до 30 минут
2026-10-04,ЯМ 624 ,73Г,САНКТ-ПЕТЕРБУРГ(ПУЛКОВО),1,Y(А06),17:36,721,2026-10-04 17:46:00,2026-10-04 17:48:00,,2026-10-04 17:51:00,2026-10-04 17:56:00,2026-10-04 17:51:00,2026-10-04 17:56:00,2026-10-04 17:55:00,1.0,,2026-10-04 18:01:00,2026-10-04 18:02:00,,0.0,2026-10-04 17:57:00,2026-10-04 18:00:00,,,,,Иванов В. А.,Алроса,Выдача до 30 минут
2026-10-04,ЮТ 746 ,73Х,БАКУ(ИМ. ГЕЙДАРА АЛИЕВА),11,Y(А11),17:32,1612,2026-10-04 17:40:00,2026-10-04 17:44:00,1.0,2026-10-04 17:42:00,2026-10-04 17:58:00,2026-10-04 17:42:00,2026-10-04 17:58:00,2026-10-04 17:55:00,3.0,5.0,2026-10-04 17:54:00,2026-10-04 18:00:00,,0.0,2026-10-04 17:51:00,2026-10-04 17:54:00,2026-10-04 17:57:00,2026-10-04 17:59:00,,,Екимов С. С.,Ютэйр,Выдача до 30 минут
2026-10-04,ДР 856 ,73Х,ГЮМРИ(ШИРАК),44,Y(А13),16:33,1610,2026-10-04 16:44:00,2026-10-04 16:47:00,,2026-10-04 16:47:00,2026-10-04 17:00:00,2026-10-04 16:47:00,2026-10-04 17:00:00,2026-10-04 16:59:00,1.0,2.0,2026-10-04 17:00:00,2026-10-04 17:06:00,,0.0,2026-10-04 16:54:00,2026-10-04 17:01:00,2026-10-04 16:59:00,2026-10-04 17:04:00,,,Екимов С. С.,Победа,Выдача до 30 минут
2026-10-04,ФВ 6175 ,СУ9,САНКТ-ПЕТЕРБУРГ(ПУЛКОВО),8,Y(А04),17:19,103,2026-10-04 17:28:00,2026-10-04 17:30:00,,2026-10-04 17:31:00,2026-10-04 17:33:00,2026-10-04 17:31:00,2026-10-04 17:33:00,2026-10-04 17:33:00,,1.0,2026-10-04 17:37:00,2026-10-04 17:38:00,,0.0,2026-10-04 17:33:00,2026-10-04 17:36:00,,,,,Давлатов Б. Ч.,Россия,Выдача до 30 минут
2026-10-04,AZV 2502 ,763,НЯЧАНГ(КАМРАНЬ ИНТЛ),19,Y(А10),17:10,2744,2026-10-04 17:21:00,2026-10-04 17:24:00,,2026-10-04 17:27:00,2026-10-04 17:50:00,2026-10-04 17:27:00,2026-10-04 17:50:00,2026-10-04 17:43:00,7.0,5.0,2026-10-04 17:47:00,2026-10-04 17:59:00,6.0,8.0,2026-10-04 17:32:00,2026-10-04 17:50:00,2026-10-04 17:49:00,2026-10-04 17:56:00,,,Соколов И. С.,АЗУР эйр,Выдача от 30 до 40 минут
2026-10-04,ЮТ 596 ,73Е,УСИНСК,17,Y(А05),17:23,335,2026-10-04 17:30:00,2026-10-04 17:30:00,,2026-10-04 17:35:00,2026-10-04 17:39:00,2026-10-04 17:35:00,2026-10-04 17:39:00,2026-10-04 17:36:00,3.0,2.0,2026-10-04 17:46:00,2026-10-04 17:48:00,,0.0,2026-10-04 17:42:00,2026-10-04 17:47:00,,,,,Коляскин А. Г.,Ютэйр,Выдача до 30 минут
2026-10-04,3F 325 ,320,ЕРЕВАН(ЗВАРТНОЦ ИНТЛ),30,Y(А13),17:52,1718,2026-10-04 18:02:00,2026-10-04 18:04:00,,2026-10-04 18:06:00,2026-10-04 18:18:00,2026-10-04 18:06:00,2026-10-04 18:18:00,2026-10-04 18:17:00,1.0,1.0,2026-10-04 18:17:00,2026-10-04 18:25:00,,0.0,2026-10-04 18:12:00,2026-10-04 18:15:00,2026-10-04 18:17:00,2026-10-04 18:22:00,,,"Давлатов Б. Ч., Коляскин А. Г.",FLYONE Armenia,Выдача до 30 минут
2026-10-04,ДР 836 ,7С8,ГАЗИПАША,50,Y(А12),18:41,1734,2026-10-04 18:52:00,2026-10-04 18:54:00,,2026-10-04 18:56:00,2026-10-04 19:10:00,2026-10-04 18:56:00,2026-10-04 19:10:00,2026-10-04 19:08:00,2.0,2.0,2026-10-04 19:09:00,2026-10-04 19:17:00,,0.0,2026-10-04 19:01:00,2026-10-04 19:08:00,2026-10-04 19:12:00,2026-10-04 19:16:00,,,Барабанов А. М.,Победа,Выдача до 30 минут
2026-10-04,ДР 188 ,73Х,МАХАЧКАЛА,47,Y(А05),18:01,614,2026-10-04 18:10:00,2026-10-04 18:11:00,,2026-10-04 18:09:00,2026-10-04 18:15:00,2026-10-04 18:09:00,2026-10-04 18:15:00,2026-10-04 18:18:00,,2.0,2026-10-04 18:23:00,2026-10-04 18:24:00,,0.0,2026-10-04 18:17:00,2026-10-04 18:22:00,,,,,Андреев А. М.,Победа,Выдача до 30 минут
2026-10-04,ДР 114 ,7С8,СОЧИ,46,Y(А06),18:05,841,2026-10-04 18:12:00,2026-10-04 18:15:00,,2026-10-04 18:14:00,2026-10-04 18:24:00,2026-10-04 18:14:00,2026-10-04 18:24:00,2026-10-04 18:22:00,2.0,4.0,2026-10-04 18:22:00,2026-10-04 18:26:00,,0.0,2026-10-04 18:24:00,2026-10-04 18:31:00,,,,,Кузин К. С.,Победа,Выдача до 30 минут
2026-10-04,ДР 424 ,73Х,САМАРА(КУРУМОЧ),48,Y(А04),18:18,301,2026-10-04 18:23:00,2026-10-04 18:41:00,15.0,2026-10-04 18:28:00,2026-10-04 18:32:00,2026-10-04 18:28:00,2026-10-04 18:32:00,2026-10-04 18:29:00,3.0,2.0,2026-10-04 18:39:00,2026-10-04 18:40:00,,0.0,2026-10-04 18:33:00,2026-10-04 18:38:00,,,,,Иванов В. А.,Победа,Выдача до 30 минут
2026-10-04,4S 313 ,7С8,ШАРМ ЭЛЬ ШЕЙХ(ШАРМ ЭЛЬ ШЕЙХ ИНТЛ.),23,Y(А09),18:21,2429,2026-10-04 18:32:00,2026-10-04 18:34:00,,2026-10-04 18:35:00,2026-10-04 18:52:00,2026-10-04 18:35:00,2026-10-04 18:52:00,2026-10-04 18:52:00,,1.0,2026-10-04 18:43:00,2026-10-04 18:56:00,,0.0,2026-10-04 18:40:00,2026-10-04 18:43:00,2026-10-04 18:52:00,2026-10-04 18:58:00,,,"Семиченков С. А., Тришкин А. В.",Red Sea,Выдача до 30 минут
2026-10-04,А4 7010 ,СУ9,ТБИЛИСИ(ТБИЛИСИ ИНТЛ.),24,Y(А11),18:28,1214,2026-10-04 18:38:00,2026-10-04 18:40:00,,2026-10-04 18:43:00,2026-10-04 18:54:00,2026-10-04 18:43:00,2026-10-04 18:54:00,2026-10-04 18:50:00,4.0,3.0,,-1,,0.0,2026-10-04 18:48:00,2026-10-04 18:52:00,2026-10-04 18:56:00,2026-10-04 18:59:00,,,Попов Д. В.,Азимут,Некорректно проставлены отметки
2026-10-04,ЮТ 464 ,73Х,ТЮМЕНЬ(РОЩИНО),14,Y(А06),18:32,993,2026-10-04 18:41:00,2026-10-04 18:43:00,,2026-10-04 18:42:00,2026-10-04 18:55:00,2026-10-04 18:42:00,2026-10-04 18:55:00,2026-10-04 18:52:00,3.0,6.0,2026-10-04 18:59:00,2026-10-04 19:00:00,,0.0,2026-10-04 18:55:00,2026-10-04 18:59:00,,,,,Харитонов И. А.,Ютэйр,Выдача до 30 минут
2026-10-04,TK 415 ,32Б,СТАМБУЛ(СТАМБУЛ НЬЮ),22,Y(А10),18:36,3034,2026-10-04 18:49:00,2026-10-04 18:50:00,,2026-10-04 18:52:00,2026-10-04 19:11:00,2026-10-04 18:52:00,2026-10-04 19:11:00,2026-10-04 19:13:00,,,2026-10-04 19:03:00,2026-10-04 19:08:00,,0.0,2026-10-04 19:04:00,2026-10-04 19:19:00,2026-10-04 19:04:00,2026-10-04 19:08:00,,,Тришкин А. В.,Turkish Airlines,Выдача до 30 минут
2026-10-04,ФВ 6177 ,СУ9,САНКТ-ПЕТЕРБУРГ(ПУЛКОВО),9,Y(А04),18:48,165,2026-10-04 18:57:00,2026-10-04 18:59:00,,2026-10-04 19:00:00,2026-10-04 19:03:00,2026-10-04 19:00:00,2026-10-04 19:03:00,2026-10-04 19:02:00,1.0,2.0,2026-10-04 19:05:00,2026-10-04 19:06:00,,0.0,2026-10-04 19:03:00,2026-10-04 19:04:00,,,,,Вазиров Т. В.,Россия,Выдача до 30 минут
2026-10-04,PBD 980 ,73Х,АНТАЛЬЯ,49,Y(А12),17:56,1677,2026-10-04 18:05:00,2026-10-04 18:09:00,1.0,2026-10-04 18:11:00,2026-10-04 18:24:00,2026-10-04 18:11:00,2026-10-04 18:24:00,2026-10-04 18:20:00,4.0,2.0,2026-10-04 18:24:00,2026-10-04 18:35:00,,0.0,2026-10-04 18:16:00,2026-10-04 18:23:00,2026-10-04 18:26:00,2026-10-04 18:33:00,,,Рустамов М. А.,Победа,Выдача до 30 минут
2026-10-04,ФВ 6037 ,СУ9,САНКТ-ПЕТЕРБУРГ(ПУЛКОВО),9,Y(А04),16:16,138,2026-10-04 16:28:00,2026-10-04 16:30:00,,2026-10-04 16:31:00,2026-10-04 16:35:00,2026-10-04 16:31:00,2026-10-04 16:35:00,2026-10-04 16:33:00,2.0,3.0,2026-10-04 16:36:00,2026-10-04 16:37:00,,0.0,2026-10-04 16:34:00,2026-10-04 16:36:00,,,,,Барабанов А. М.,Россия,Выдача до 30 минут
2026-10-04,ФВ 6027 ,СУ9,САНКТ-ПЕТЕРБУРГ(ПУЛКОВО),9,Y(А04),14:25,101,2026-10-04 14:36:00,2026-10-04 14:38:00,,2026-10-04 14:40:00,2026-10-04 14:42:00,2026-10-04 14:40:00,2026-10-04 14:42:00,2026-10-04 14:41:00,1.0,1.0,2026-10-04 14:44:00,2026-10-04 14:46:00,,0.0,2026-10-04 14:42:00,2026-10-04 14:47:00,,,,,Давлатов Б. Ч.,Россия,Выдача до 30 минут
2026-10-04,А4 7012 ,СУ9,ЕРЕВАН(ЗВАРТНОЦ ИНТЛ),28,Y(А13),15:56,887,2026-10-04 16:05:00,2026-10-04 16:07:00,,2026-10-04 16:10:00,2026-10-04 16:19:00,2026-10-04 16:11:00,2026-10-04 16:19:00,2026-10-04 16:15:00,4.0,2.0,2026-10-04 16:22:00,2026-10-04 16:24:00,,0.0,2026-10-04 16:18:00,2026-10-04 16:21:00,,,,,"Кузин К. С., Харитонов И. А.",Азимут,Выдача до 30 минут
2026-10-04,TK 3046 ,321,АНТАЛЬЯ,24,Y(А09),13:12,2690,2026-10-04 13:23:00,2026-10-04 13:26:00,,2026-10-04 13:29:00,2026-10-04 13:41:00,2026-10-04 13:29:00,2026-10-04 13:41:00,2026-10-04 13:45:00,,,2026-10-04 13:43:00,2026-10-04 13:47:00,,0.0,2026-10-04 13:29:00,2026-10-04 13:42:00,2026-10-04 13:43:00,2026-10-04 13:47:00,,,Екимов С. С.,Turkish Airlines,Выдача до 30 минут
2026-10-04,В2 985 ,Е95,ГОМЕЛЬ,29,Y(А13),18:51,428,2026-10-04 19:02:00,2026-10-04 19:02:00,,2026-10-04 19:04:00,2026-10-04 19:11:00,2026-10-04 19:04:00,2026-10-04 19:11:00,2026-10-04 19:09:00,2.0,4.0,2026-10-04 19:15:00,2026-10-04 19:17:00,,0.0,2026-10-04 19:12:00,2026-10-04 19:15:00,,,,,Екимов С. С.,Белавиа,Выдача до 30 минут
2026-10-04,ФВ 6025 ,СУ9,САНКТ-ПЕТЕРБУРГ(ПУЛКОВО),8,Y(А04),13:22,179,2026-10-04 13:29:00,2026-10-04 13:31:00,,2026-10-04 13:33:00,2026-10-04 13:38:00,2026-10-04 13:33:00,2026-10-04 13:38:00,2026-10-04 13:34:00,4.0,4.0,2026-10-04 13:38:00,2026-10-04 13:39:00,,0.0,2026-10-04 13:36:00,2026-10-04 13:38:00,,,,,Вазиров Т. В.,Россия,Выдача до 30 минут
2026-10-04,TK 3024 ,321,АНТАЛЬЯ,26,Y(А09),13:25,2778,2026-10-04 13:37:00,2026-10-04 13:39:00,,2026-10-04 13:41:00,2026-10-04 13:58:00,2026-10-04 13:41:00,2026-10-04 13:58:00,2026-10-04 14:00:00,,,2026-10-04 13:54:00,2026-10-04 14:08:00,,1.0,2026-10-04 13:41:00,2026-10-04 13:54:00,2026-10-04 13:53:00,2026-10-04 14:06:00,,,Семиченков С. А.,Turkish Airlines,Выдача от 30 до 40 минут
2026-10-04,ДР 160 ,73Х,КРАСНОДАР(ПАШКОВСКИЙ),50,Y(А06),13:47,760,2026-10-04 13:54:00,2026-10-04 13:56:00,,2026-10-04 13:57:00,2026-10-04 14:07:00,2026-10-04 13:57:00,2026-10-04 14:07:00,2026-10-04 14:03:00,4.0,5.0,2026-10-04 14:13:00,2026-10-04 14:16:00,,0.0,2026-10-04 14:05:00,2026-10-04 14:14:00,,,,,Харитонов И. А.,Победа,Выдача до 30 минут
2026-10-04,В2 983 ,Е95,МИНСК(МИНСК ИНТЛ.),29,Y(А13),13:59,277,2026-10-04 14:08:00,2026-10-04 14:10:00,,2026-10-04 14:12:00,2026-10-04 14:14:00,2026-10-04 14:12:00,2026-10-04 14:14:00,2026-10-04 14:14:00,,,2026-10-04 14:17:00,2026-10-04 14:20:00,,0.0,2026-10-04 14:15:00,2026-10-04 14:20:00,,,,,Давлатов Б. Ч.,Белавиа,Выдача до 30 минут
2026-10-04,TK 3082 ,321,АНТАЛЬЯ,18,Y(А10),14:03,2423,2026-10-04 14:09:00,2026-10-04 14:11:00,,2026-10-04 14:15:00,2026-10-04 14:25:00,2026-10-04 14:15:00,2026-10-04 14:25:00,2026-10-04 14:29:00,,,2026-10-04 14:27:00,2026-10-04 14:36:00,,0.0,2026-10-04 14:17:00,2026-10-04 14:27:00,2026-10-04 14:27:00,2026-10-04 14:38:00,,,Соколов И. С.,Turkish Airlines,Выдача до 30 минут
2026-10-04,PC 388 ,32Щ,СТАМБУЛ(САБИХА ГОКЦЕН),20,Y(А09),14:11,2936,2026-10-04 14:18:00,2026-10-04 14:21:00,,2026-10-04 14:22:00,2026-10-04 14:45:00,2026-10-04 14:22:00,2026-10-04 14:45:00,2026-10-04 14:42:00,3.0,3.0,2026-10-04 14:31:00,2026-10-04 14:49:00,,1.0,2026-10-04 14:27:00,2026-10-04 14:30:00,2026-10-04 14:45:00,2026-10-04 14:49:00,,,Кузин К. С.,Pegasus,Выдача от 30 до 40 минут
2026-10-04,ЖГ 926 ,73Х,ТБИЛИСИ(ТБИЛИСИ ИНТЛ.),30,Y(А09),16:01,2286,2026-10-04 16:07:00,2026-10-04 16:09:00,,2026-10-04 16:13:00,2026-10-04 16:34:00,2026-10-04 16:13:00,2026-10-04 16:34:00,2026-10-04 16:26:00,8.0,6.0,2026-10-04 16:25:00,2026-10-04 16:37:00,,0.0,2026-10-04 16:19:00,2026-10-04 16:22:00,2026-10-04 16:34:00,2026-10-04 16:37:00,,,Иванов В. А.,GEORGIAN AIRWAYS,Выдача до 30 минут
2026-10-04,ЮТ 744 ,734,ГЯНДЖА,59,Y(А12),14:15,1207,2026-10-04 14:25:00,2026-10-04 14:27:00,,2026-10-04 14:29:00,2026-10-04 14:42:00,2026-10-04 14:29:00,2026-10-04 14:42:00,2026-10-04 14:37:00,5.0,5.0,2026-10-04 14:41:00,2026-10-04 15:04:00,,9.0,2026-10-04 14:33:00,2026-10-04 14:42:00,2026-10-04 14:39:00,2026-10-04 14:48:00,,,Рустамов М. А.,Ютэйр,Выдача от 30 до 40 минут
2026-10-04,AZO 7154 ,СУ9,БАТУМИ,45,Y(А11),14:22,868,2026-10-04 14:29:00,2026-10-04 14:36:00,4.0,2026-10-04 14:41:00,2026-10-04 14:58:00,2026-10-04 14:41:00,2026-10-04 14:58:00,2026-10-04 14:39:00,19.0,11.0,2026-10-04 15:01:00,2026-10-04 15:04:00,2.0,5.0,2026-10-04 14:57:00,2026-10-04 15:05:00,,,,,Тришкин А. В.,GEORGIAN AIRWAYS,Выдача от 30 до 40 минут
2026-10-04,ЮТ 334 ,73Е,НАРЬЯН-МАР,11,Y(А06),14:29,808,2026-10-04 14:37:00,2026-10-04 14:37:00,,2026-10-04 14:40:00,2026-10-04 14:47:00,2026-10-04 14:40:00,2026-10-04 14:47:00,2026-10-04 14:46:00,1.0,2.0,2026-10-04 14:52:00,2026-10-04 14:56:00,,0.0,2026-10-04 14:48:00,2026-10-04 14:51:00,,,,,Иванов В. А.,Ютэйр,Выдача до 30 минут
2026-10-04,ГЗП 262 ,СУ9,ЯМБУРГ,Б36,Y(А05),14:33,509,2026-10-04 14:42:00,2026-10-04 14:44:00,,2026-10-04 14:45:00,2026-10-04 14:52:00,2026-10-04 14:45:00,2026-10-04 14:52:00,2026-10-04 14:49:00,3.0,4.0,2026-10-04 15:08:00,2026-10-04 15:11:00,,0.0,2026-10-04 14:50:00,2026-10-04 15:08:00,,,,,Вазиров Т. В.,Газпром авиа,Выдача до 30 минут
2026-10-04,ДР 116B,73Х,СОЧИ,49,Y(А07),14:37,640,2026-10-04 14:46:00,2026-10-04 14:49:00,,2026-10-04 14:49:00,2026-10-04 14:53:00,2026-10-04 14:49:00,2026-10-04 14:53:00,2026-10-04 14:54:00,,,2026-10-04 15:04:00,2026-10-04 15:06:00,,0.0,2026-10-04 14:55:00,2026-10-04 15:03:00,,,,,Андреев А. М.,Победа,Выдача до 30 минут
2026-10-04,ФВ 6017 ,СУ9,САНКТ-ПЕТЕРБУРГ(ПУЛКОВО),8,Y(А04),14:43,155,2026-10-04 14:50:00,2026-10-04 14:52:00,,2026-10-04 14:53:00,2026-10-04 14:56:00,2026-10-04 14:53:00,2026-10-04 14:56:00,2026-10-04 14:55:00,1.0,2.0,2026-10-04 14:58:00,2026-10-04 15:00:00,,0.0,2026-10-04 14:56:00,2026-10-04 15:01:00,,,,,Давлатов Б. Ч.,Россия,Выдача до 30 минут
2026-10-04,ФВ 6031 ,СУ9,САНКТ-ПЕТЕРБУРГ(ПУЛКОВО),10,Y(А04),15:11,186,2026-10-04 15:20:00,2026-10-04 15:21:00,,2026-10-04 15:23:00,2026-10-04 15:26:00,2026-10-04 15:23:00,2026-10-04 15:26:00,2026-10-04 15:25:00,1.0,2.0,2026-10-04 15:28:00,2026-10-04 15:29:00,,0.0,2026-10-04 15:25:00,2026-10-04 15:27:00,,,,,Харитонов И. А.,Россия,Выдача до 30 минут
2026-10-04,ДР 268 ,7С8,КАЛИНИНГРАД(ХРАБРОВО),48,Y(А05),15:15,557,2026-10-04 15:21:00,2026-10-04 15:24:00,,2026-10-04 15:24:00,2026-10-04 15:29:00,2026-10-04 15:24:00,2026-10-04 15:29:00,2026-10-04 15:29:00,,1.0,2026-10-04 15:35:00,2026-10-04 15:36:00,,0.0,2026-10-04 15:31:00,2026-10-04 15:35:00,,,,,Давлатов Б. Ч.,Победа,Выдача до 30 минут
2026-10-04,FZ 989 ,7М8,ДУБАЙ(ДУБАЙ ИНТЛ.),29,Y(А12),15:40,878,2026-10-04 15:50:00,2026-10-04 15:53:00,,2026-10-04 15:54:00,2026-10-04 16:02:00,2026-10-04 15:54:00,2026-10-04 16:02:00,2026-10-04 16:00:00,2.0,2.0,2026-10-04 16:08:00,2026-10-04 16:09:00,,0.0,2026-10-04 16:04:00,2026-10-04 16:07:00,,,,,Потапов Е. А.,flydubai,Выдача до 30 минут
2026-10-04,NE 620 ,320,ХУРГАДА(ХУРГАДА ИНТЛ.),25,Y(А13),14:18,1901,2026-10-04 14:29:00,2026-10-04 14:31:00,,2026-10-04 14:33:00,2026-10-04 14:51:00,2026-10-04 14:33:00,2026-10-04 14:51:00,2026-10-04 14:46:00,5.0,5.0,2026-10-04 14:45:00,2026-10-04 14:57:00,,0.0,2026-10-04 14:39:00,2026-10-04 14:43:00,2026-10-04 14:53:00,2026-10-04 14:57:00,,,Коляскин А. Г.,Nesma Airlines,Выдача до 30 минут
2026-10-04,ЖГ 937 ,735,БАТУМИ,30,Y(А12),13:19,1488,2026-10-04 13:31:00,2026-10-04 13:33:00,,2026-10-04 13:35:00,2026-10-04 13:50:00,2026-10-04 13:35:00,2026-10-04 13:50:00,2026-10-04 13:45:00,5.0,5.0,2026-10-04 13:48:00,2026-10-04 13:55:00,,0.0,2026-10-04 13:44:00,2026-10-04 13:49:00,2026-10-04 13:51:00,2026-10-04 13:55:00,,,Тихонов С. М.,GEORGIAN AIRWAYS,Выдача до 30 минут
2026-10-04,FZ 975 ,7М8,ДУБАЙ(ДУБАЙ ИНТЛ.),29,Y(А10),21:12,1891,2026-10-04 21:23:00,2026-10-04 21:27:00,1.0,2026-10-04 21:26:00,2026-10-04 21:45:00,2026-10-04 21:26:00,2026-10-04 21:45:00,2026-10-04 21:40:00,5.0,6.0,2026-10-04 21:36:00,2026-10-04 21:45:00,,0.0,2026-10-04 21:34:00,2026-10-04 21:38:00,2026-10-04 21:41:00,2026-10-04 21:44:00,,,"Резчиков А. А., Саидов А. С.",flydubai,Выдача до 30 минут
2026-10-04,PBD 840 ,73Х,АНТАЛЬЯ,43,Y(А11),18:58,1845,2026-10-04 19:05:00,2026-10-04 19:07:00,,2026-10-04 19:08:00,2026-10-04 19:25:00,2026-10-04 19:08:00,2026-10-04 19:25:00,2026-10-04 19:21:00,4.0,5.0,2026-10-04 19:22:00,2026-10-04 19:32:00,,0.0,2026-10-04 19:17:00,2026-10-04 19:22:00,2026-10-04 19:28:00,2026-10-04 19:32:00,,,Андреев А. М.,Победа,Выдача до 30 минут
2026-10-04,РЛУ 9501 ,ЦР2,НАРЬЯН-МАР,41A,Y(А05),22:09,252,2026-10-04 22:19:00,2026-10-04 22:19:00,,2026-10-04 22:19:00,2026-10-04 22:23:00,2026-10-04 22:19:00,2026-10-04 22:23:00,2026-10-04 22:25:00,,2.0,2026-10-04 22:27:00,2026-10-04 22:28:00,,0.0,2026-10-04 22:23:00,2026-10-04 22:27:00,,,,,Фартушный А. И.,Руслайн,Выдача до 30 минут
2026-10-04,DV 813 ,738,АСТАНА(НУРСУЛТАН НАЗАРБАЕВ),19,Y(А13),22:12,764,2026-10-04 22:21:00,2026-10-04 22:22:00,,2026-10-04 22:27:00,2026-10-04 22:36:00,2026-10-04 22:27:00,2026-10-04 22:36:00,2026-10-04 22:30:00,6.0,4.0,2026-10-04 22:41:00,2026-10-04 22:42:00,,0.0,2026-10-04 22:37:00,2026-10-04 22:42:00,,,,,Попов Д. В.,SCAT Airlines,Выдача до 30 минут
2026-10-04,ФВ 6185 ,СУ9,САНКТ-ПЕТЕРБУРГ(ПУЛКОВО),9,Y(А04),22:18,108,2026-10-04 22:31:00,2026-10-04 22:32:00,,2026-10-04 22:34:00,2026-10-04 22:38:00,2026-10-04 22:34:00,2026-10-04 22:38:00,2026-10-04 22:36:00,2.0,3.0,2026-10-04 22:39:00,2026-10-04 22:40:00,,0.0,2026-10-04 22:37:00,2026-10-04 22:40:00,,,,,Соколов И. С.,Россия,Выдача до 30 минут
2026-10-04,PBD 860 ,7С8,АНТАЛЬЯ,46,Y(А10),22:21,1773,2026-10-04 22:28:00,2026-10-04 22:31:00,,2026-10-04 22:31:00,2026-10-04 22:46:00,2026-10-04 22:31:00,2026-10-04 22:46:00,2026-10-04 22:44:00,2.0,3.0,2026-10-04 22:42:00,2026-10-04 22:51:00,,0.0,2026-10-04 22:38:00,2026-10-04 22:42:00,2026-10-04 22:47:00,2026-10-04 22:56:00,,,Лаптев В. В.,Победа,Выдача до 30 минут
2026-10-04,FZ 967 ,7М8,ДУБАЙ(ДУБАЙ ИНТЛ.),30,Y(А11),22:27,1727,2026-10-04 22:42:00,2026-10-04 22:42:00,,2026-10-04 23:06:00,2026-10-04 23:16:00,2026-10-04 23:06:00,2026-10-04 23:16:00,2026-10-04 22:58:00,18.0,,2026-10-04 22:49:00,2026-10-04 23:21:00,,9.0,2026-10-04 22:44:00,2026-10-04 22:47:00,2026-10-04 23:17:00,2026-10-04 23:20:00,,,"Корнилов Н. А., Фартушный А. И.",flydubai,Выдача от 30 до 40 минут
2026-10-04,ЮТ 784 ,73Х,АНТАЛЬЯ,16,Y(А10),22:30,0,2026-10-04 22:40:00,2026-10-04 22:42:00,,2026-10-04 22:43:00,2026-10-04 23:04:00,2026-10-04 22:43:00,2026-10-04 23:04:00,,,21.0,2026-10-04 22:54:00,2026-10-04 23:06:00,,0.0,2026-10-04 22:49:00,2026-10-04 22:54:00,2026-10-04 23:01:00,2026-10-04 23:06:00,,,Королев А. А.,Ютэйр,Выдача до 30 минут
2026-10-04,BJ 814 ,320,МОНАСТИР(ХАБИБ БУРДЖИБА ИНТ),25,Y(А09),22:32,2590,2026-10-04 22:42:00,2026-10-04 22:44:00,,2026-10-04 22:46:00,2026-10-04 23:12:00,2026-10-04 22:46:00,2026-10-04 23:12:00,2026-10-04 23:03:00,9.0,9.0,2026-10-04 22:57:00,2026-10-04 23:16:00,,4.0,2026-10-04 22:53:00,2026-10-04 22:57:00,2026-10-04 23:12:00,2026-10-04 23:15:00,,,Семиченков С. А.,Nouvelair Tunisie,Выдача от 30 до 40 минут
2026-10-04,AZO 7054 ,СУ9,БАТУМИ,61,Y(А11),22:35,1105,2026-10-04 22:46:00,2026-10-04 22:49:00,,2026-10-04 22:51:00,2026-10-04 23:07:00,2026-10-04 22:51:00,2026-10-04 23:07:00,2026-10-04 22:57:00,10.0,9.0,2026-10-04 23:13:00,2026-10-04 23:14:00,,0.0,2026-10-04 23:04:00,2026-10-04 23:12:00,,,,,Резчиков А. А.,GEORGIAN AIRWAYS,Выдача до 30 минут
2026-10-04,J2 803 ,320,БАКУ(ИМ. ГЕЙДАРА АЛИЕВА),27,Y(А12),21:55,1462,2026-10-04 22:05:00,2026-10-04 22:07:00,,2026-10-04 22:09:00,2026-10-04 22:28:00,2026-10-04 22:10:00,2026-10-04 22:28:00,2026-10-04 22:19:00,9.0,8.0,2026-10-04 22:23:00,2026-10-04 22:29:00,,0.0,2026-10-04 22:18:00,2026-10-04 22:21:00,2026-10-04 22:26:00,2026-10-04 22:30:00,,,"Конюхов Я. А., Семиченков С. А.",AZAL,Выдача до 30 минут
2026-10-04,ДР 996 ,73Х,СТАМБУЛ(СТАМБУЛ НЬЮ),49,Y(А12),22:40,1289,2026-10-04 22:47:00,2026-10-04 22:50:00,,2026-10-04 22:52:00,2026-10-04 23:02:00,2026-10-04 22:52:00,2026-10-04 23:02:00,2026-10-04 23:00:00,2.0,1.0,2026-10-04 23:07:00,2026-10-04 23:17:00,,0.0,2026-10-04 22:59:00,2026-10-04 23:05:00,2026-10-04 23:10:00,2026-10-04 23:17:00,,,Острых В. А.,Победа,Выдача до 30 минут
2026-10-04,PC 1580 ,32Н,АНТАЛЬЯ,20,Y(А10),22:52,2544,2026-10-04 22:59:00,2026-10-04 23:02:00,,2026-10-04 23:03:00,2026-10-04 23:20:00,2026-10-04 23:05:00,2026-10-04 23:20:00,2026-10-04 23:20:00,,,2026-10-04 23:15:00,2026-10-04 23:25:00,,0.0,2026-10-04 23:11:00,2026-10-04 23:15:00,2026-10-04 23:21:00,2026-10-04 23:25:00,,,"Попов Д. В., Соколов И. С.",Pegasus,Выдача до 30 минут
2026-10-04,TK 411 ,333,СТАМБУЛ(СТАМБУЛ НЬЮ),22,Y(А09),23:17,5396,2026-10-04 23:32:00,2026-10-04 23:32:00,,2026-10-04 23:34:00,2026-10-05 00:01:00,2026-10-04 23:35:00,2026-10-05 00:01:00,2026-10-05 00:12:00,,,2026-10-04 23:56:00,2026-10-05 00:03:00,4.0,1.0,2026-10-05 00:01:00,2026-10-05 00:09:00,2026-10-04 23:50:00,2026-10-04 23:55:00,2026-10-04 23:35:00,2026-10-05 00:02:00,"Лаптев В. В., Саидов А. С.",Turkish Airlines,Выдача от 30 до 40 минут
2026-10-04,FZ 951 ,7М8,ДУБАЙ(ДУБАЙ ИНТЛ.),29,Y(А12),23:22,1335,2026-10-04 23:33:00,2026-10-04 23:35:00,,2026-10-04 23:36:00,2026-10-04 23:46:00,2026-10-04 23:37:00,2026-10-04 23:46:00,2026-10-04 23:46:00,,,2026-10-04 23:46:00,2026-10-04 23:52:00,,0.0,2026-10-04 23:42:00,2026-10-04 23:45:00,2026-10-04 23:48:00,2026-10-04 23:52:00,,,"Лизенко Е. В., Потапов Е. А.",flydubai,Выдача до 30 минут
2026-10-04,А4 7138 ,СУ9,ПСКОВ(КРЕСТЫ),45,Y(А04),23:27,276,2026-10-04 23:34:00,2026-10-04 23:37:00,,2026-10-04 23:38:00,2026-10-04 23:44:00,2026-10-04 23:38:00,2026-10-04 23:44:00,2026-10-04 23:40:00,4.0,4.0,2026-10-04 23:48:00,2026-10-04 23:49:00,,0.0,2026-10-04 23:41:00,2026-10-04 23:49:00,,,,,Фаёзов А. Р.,Азимут,Выдача до 30 минут
2026-10-04,ЮТ 716 ,762,ДУБАЙ(АЛЬ-МАКТУМ ИНТЛ),64,Y(А10),23:30,871,2026-10-04 23:48:00,2026-10-04 23:49:00,,2026-10-04 23:52:00,2026-10-05 00:12:00,2026-10-04 23:52:00,2026-10-05 00:12:00,2026-10-04 23:58:00,14.0,14.0,2026-10-05 00:14:00,2026-10-05 00:16:00,,0.0,2026-10-05 00:16:00,2026-10-05 00:35:00,,,,,Рустамов М. А.,Ютэйр,Выдача до 30 минут
2026-10-04,ЮТ 358 ,73Х,САМАРА(КУРУМОЧ),11,Y(А05),23:39,313,2026-10-04 23:49:00,2026-10-04 23:50:00,,2026-10-04 23:54:00,2026-10-05 00:03:00,2026-10-04 23:54:00,2026-10-05 00:03:00,2026-10-04 23:55:00,8.0,7.0,2026-10-05 00:00:00,2026-10-05 00:02:00,,0.0,2026-10-04 23:58:00,2026-10-05 00:01:00,,,,,Тришкин А. В.,Ютэйр,Выдача до 30 минут
2026-10-04,TK 417 ,32Б,СТАМБУЛ(СТАМБУЛ НЬЮ),22,Y(А10),13:03,2835,2026-10-04 13:14:00,2026-10-04 13:15:00,,2026-10-04 13:18:00,2026-10-04 13:38:00,2026-10-04 13:18:00,2026-10-04 13:38:00,2026-10-04 13:37:00,1.0,1.0,2026-10-04 13:34:00,2026-10-04 13:45:00,,1.0,2026-10-04 13:28:00,2026-10-04 13:33:00,2026-10-04 13:37:00,2026-10-04 13:45:00,,,Потапов Е. А.,Turkish Airlines,Выдача от 30 до 40 минут
2026-10-04,ДР 968 ,73Х,МИНСК(МИНСК ИНТЛ.),48,Y(А13),23:43,203,2026-10-04 23:52:00,2026-10-04 23:55:00,,2026-10-04 23:54:00,2026-10-04 23:56:00,2026-10-04 23:54:00,2026-10-04 23:56:00,2026-10-04 23:57:00,,1.0,2026-10-05 00:04:00,2026-10-05 00:06:00,,0.0,2026-10-04 23:57:00,2026-10-05 00:04:00,,,,,Науну М.,Победа,Выдача до 30 минут
2026-10-04,ДР 182 ,73Х,ВОЛГОГРАД(ГУМРАК),47,Y(А04),22:49,402,2026-10-04 22:58:00,2026-10-04 23:00:00,,2026-10-04 23:00:00,2026-10-04 23:03:00,2026-10-04 23:00:00,2026-10-04 23:03:00,2026-10-04 23:05:00,,,2026-10-04 23:11:00,2026-10-04 23:12:00,,0.0,2026-10-04 23:04:00,2026-10-04 23:10:00,,,,,Науну М.,Победа,Выдача до 30 минут
2026-10-04,ЮТ 250 ,73Х,СОЧИ,21,Y(А06),21:37,1394,2026-10-04 21:44:00,2026-10-04 21:46:00,,2026-10-04 21:48:00,2026-10-04 22:00:00,2026-10-04 21:48:00,2026-10-04 22:00:00,2026-10-04 21:57:00,3.0,3.0,2026-10-04 21:59:00,2026-10-04 22:07:00,,0.0,2026-10-04 21:55:00,2026-10-04 21:59:00,2026-10-04 22:03:00,2026-10-04 22:07:00,,,Лизенко Е. В.,Ютэйр,Выдача до 30 минут
2026-10-04,ФВ 6183 ,СУ9,САНКТ-ПЕТЕРБУРГ(ПУЛКОВО),8,Y(А04),21:31,199,2026-10-04 21:42:00,2026-10-04 21:44:00,,2026-10-04 21:47:00,2026-10-04 21:50:00,2026-10-04 21:47:00,2026-10-04 21:50:00,2026-10-04 21:47:00,3.0,2.0,2026-10-04 21:52:00,2026-10-04 21:53:00,,0.0,2026-10-04 21:50:00,2026-10-04 21:54:00,,,,,Королев А. А.,Россия,Выдача до 30 минут
2026-10-04,ЮВ 301 ,ЦР2,БУГУЛЬМА,43,Y(А05),21:16,253,2026-10-04 21:22:00,2026-10-04 21:23:00,,2026-10-04 21:25:00,2026-10-04 21:31:00,2026-10-04 21:25:00,2026-10-04 21:31:00,2026-10-04 21:28:00,3.0,4.0,2026-10-04 21:34:00,2026-10-04 21:36:00,,0.0,2026-10-04 21:30:00,2026-10-04 21:38:00,,,,,Потапов Е. А.,ЮВТ АЭРО,Выдача до 30 минут
2026-10-04,ЮТ 296 ,73Х,СУРГУТ,15,Y(А05),19:04,582,2026-10-04 19:17:00,2026-10-04 19:20:00,,2026-10-04 19:23:00,2026-10-04 19:29:00,2026-10-04 19:23:00,2026-10-04 19:29:00,2026-10-04 19:25:00,4.0,2.0,2026-10-04 19:36:00,2026-10-04 19:39:00,,0.0,2026-10-04 19:33:00,2026-10-04 19:36:00,,,,,Лизенко Е. В.,Ютэйр,Выдача до 30 минут
2026-10-04,ЮТ 400 ,73Х,ГРОЗНЫЙ(СЕВЕРНЫЙ),21,Y(А06),19:08,965,2026-10-04 19:16:00,2026-10-04 19:20:00,1.0,2026-10-04 19:19:00,2026-10-04 19:26:00,2026-10-04 19:19:00,2026-10-04 19:26:00,2026-10-04 19:26:00,,1.0,2026-10-04 19:33:00,2026-10-04 19:35:00,,0.0,2026-10-04 19:29:00,2026-10-04 19:33:00,,,,,Саидов А. С.,Ютэйр,Выдача до 30 минут
2026-10-04,ФВ 6179 ,СУ9,САНКТ-ПЕТЕРБУРГ(ПУЛКОВО),10,Y(А04),19:12,195,2026-10-04 19:20:00,2026-10-04 19:22:00,,2026-10-04 19:24:00,2026-10-04 19:28:00,2026-10-04 19:24:00,2026-10-04 19:28:00,2026-10-04 19:25:00,3.0,3.0,2026-10-04 19:28:00,2026-10-04 19:29:00,,0.0,2026-10-04 19:26:00,2026-10-04 19:28:00,,,,,Королев А. А.,Россия,Выдача до 30 минут
2026-10-04,ДР 964 ,7С8,ДАЛАМАН,49,Y(А12),19:15,1855,2026-10-04 19:22:00,2026-10-04 19:25:00,,2026-10-04 19:25:00,2026-10-04 19:38:00,2026-10-04 19:25:00,2026-10-04 19:38:00,2026-10-04 19:38:00,,1.0,2026-10-04 19:39:00,2026-10-04 19:50:00,,0.0,2026-10-04 19:31:00,2026-10-04 19:38:00,2026-10-04 19:43:00,2026-10-04 19:49:00,,,Науну М.,Победа,Выдача до 30 минут
2026-10-04,ЮТ 810 ,73Х,САМАРКАНД(САМАРКАНД ИНТЛ.),8,Y(А13),19:27,1752,2026-10-04 19:41:00,2026-10-04 19:42:00,,2026-10-04 19:45:00,2026-10-04 20:01:00,2026-10-04 19:45:00,2026-10-04 20:01:00,2026-10-04 19:57:00,4.0,4.0,2026-10-04 19:55:00,2026-10-04 20:01:00,,0.0,2026-10-04 19:51:00,2026-10-04 19:55:00,2026-10-04 19:58:00,2026-10-04 20:01:00,,,Конюхов Я. А.,Ютэйр,Выдача до 30 минут
2026-10-04,ХИ 9627 ,32Н,ФЕРГАНА(ФЕРГАНА ИНТЛ.),25,Y(А10),19:32,1926,2026-10-04 19:45:00,2026-10-04 19:47:00,,2026-10-04 19:49:00,2026-10-04 20:03:00,2026-10-04 19:49:00,2026-10-04 20:03:00,2026-10-04 20:02:00,1.0,1.0,2026-10-04 19:59:00,2026-10-04 20:07:00,,0.0,2026-10-04 19:57:00,2026-10-04 19:59:00,2026-10-04 20:03:00,2026-10-04 20:07:00,,,Королев А. А.,UZBEKISTAN AIRWAYS,Выдача до 30 минут
2026-10-04,ВГ 2390 ,ЯК4,ВОЛОГДА,45,0,19:47,0,2026-10-04 19:53:00,2026-10-04 19:54:00,,2026-10-04 19:57:00,2026-10-04 20:00:00,2026-10-04 19:57:00,2026-10-04 20:00:00,,,3.0,,-1,,0.0,,,,,,,Фаёзов А. Р.,Вологодское АП,Не определено
2026-10-04,ФВ 6021 ,СУ9,САНКТ-ПЕТЕРБУРГ(ПУЛКОВО),9,Y(А04),19:52,171,2026-10-04 20:03:00,2026-10-04 20:04:00,,2026-10-04 20:06:00,2026-10-04 20:09:00,2026-10-04 20:06:00,2026-10-04 20:09:00,2026-10-04 20:08:00,1.0,2.0,2026-10-04 20:11:00,2026-10-04 20:12:00,,0.0,2026-10-04 20:08:00,2026-10-04 20:11:00,,,,,Фартушный А. И.,Россия,Выдача до 30 минут
2026-10-04,ХИ 9609 ,320,ТЕРМЕЗ,26,Y(А11),19:57,1025,2026-10-04 20:10:00,2026-10-04 20:12:00,,2026-10-04 20:13:00,2026-10-04 20:21:00,2026-10-04 20:13:00,2026-10-04 20:21:00,2026-10-04 20:21:00,,1.0,2026-10-04 20:26:00,2026-10-04 20:28:00,,0.0,2026-10-04 20:21:00,2026-10-04 20:25:00,,,,,Лаптев В. В.,UZBEKISTAN AIRWAYS,Выдача до 30 минут
2026-10-04,УР 512 ,75В,БОДРУМ(МИЛАС),18,Y(А12),20:04,1295,2026-10-04 20:14:00,2026-10-04 20:17:00,,2026-10-04 20:20:00,2026-10-04 20:35:00,2026-10-04 20:20:00,2026-10-04 20:35:00,2026-10-04 20:27:00,8.0,6.0,2026-10-04 20:33:00,2026-10-04 20:42:00,,0.0,2026-10-04 20:27:00,2026-10-04 20:32:00,2026-10-04 20:35:00,2026-10-04 20:42:00,,,Тришкин А. В.,FLYONE Armenia,Выдача до 30 минут
2026-10-04,ХИ 613 ,320,ТАШКЕНТ(ТАШКЕНТ ИНТЛ.),23,Y(А10),20:12,1802,2026-10-04 20:24:00,2026-10-04 20:27:00,,2026-10-04 20:27:00,2026-10-04 20:41:00,2026-10-04 20:28:00,2026-10-04 20:41:00,2026-10-04 20:40:00,1.0,1.0,2026-10-04 20:37:00,2026-10-04 20:45:00,,0.0,2026-10-04 20:32:00,2026-10-04 20:37:00,2026-10-04 20:40:00,2026-10-04 20:45:00,,,"Фаёзов А. Р., Фартушный А. И.",UZBEKISTAN AIRWAYS,Выдача до 30 минут
2026-10-04,ХИ 9619 ,32Н,НАМАНГАН,24,Y(А09),20:17,2099,2026-10-04 20:30:00,2026-10-04 20:32:00,,2026-10-04 20:34:00,2026-10-04 20:51:00,2026-10-04 20:34:00,2026-10-04 20:51:00,2026-10-04 20:48:00,3.0,3.0,2026-10-04 20:44:00,2026-10-04 20:57:00,,0.0,2026-10-04 20:38:00,2026-10-04 20:46:00,2026-10-04 20:54:00,2026-10-04 20:57:00,,,Потапов Е. А.,UZBEKISTAN AIRWAYS,Выдача до 30 минут
2026-10-04,DV 815 ,7М8,АЛМАТЫ(АЛМАТЫ ИНТЛ.),20,Y(А13),20:29,1315,2026-10-04 20:39:00,2026-10-04 20:40:00,,2026-10-04 20:42:00,2026-10-04 20:58:00,2026-10-04 20:42:00,2026-10-04 20:58:00,2026-10-04 20:52:00,6.0,7.0,2026-10-04 20:55:00,2026-10-04 21:13:00,,4.0,2026-10-04 20:49:00,2026-10-04 20:54:00,2026-10-04 21:04:00,2026-10-04 21:13:00,,,Острых В. А.,SCAT Airlines,Выдача от 30 до 40 минут
2026-10-04,ФВ 6181 ,СУ9,САНКТ-ПЕТЕРБУРГ(ПУЛКОВО),11,Y(А04),20:33,297,2026-10-04 20:46:00,2026-10-04 20:48:00,,2026-10-04 20:51:00,2026-10-04 20:54:00,2026-10-04 20:51:00,2026-10-04 20:54:00,2026-10-04 20:52:00,2.0,1.0,2026-10-04 20:57:00,2026-10-04 20:58:00,,0.0,2026-10-04 20:54:00,2026-10-04 20:56:00,,,,,Лизенко Е. В.,Россия,Выдача до 30 минут
2026-10-04,ДР 206 ,7С8,САНКТ-ПЕТЕРБУРГ(ПУЛКОВО),48,Y(А05),20:36,187,2026-10-04 20:42:00,2026-10-04 20:44:00,,2026-10-04 20:47:00,2026-10-04 20:49:00,2026-10-04 20:47:00,2026-10-04 20:49:00,2026-10-04 20:47:00,2.0,1.0,2026-10-04 20:54:00,2026-10-04 20:55:00,,0.0,2026-10-04 20:48:00,2026-10-04 20:54:00,,,,,Конюхов Я. А.,Победа,Выдача до 30 минут
2026-10-04,ЮТ 576 ,73Х,КРАСНОДАР(ПАШКОВСКИЙ),13,Y(А06),20:43,1164,2026-10-04 20:51:00,2026-10-04 20:51:00,,2026-10-04 20:53:00,2026-10-04 21:04:00,2026-10-04 20:54:00,2026-10-04 21:04:00,2026-10-04 21:03:00,1.0,2.0,2026-10-04 21:16:00,2026-10-04 21:17:00,5.0,0.0,2026-10-04 21:06:00,2026-10-04 21:12:00,,,,,"Попов Д. В., Соколов И. С.",Ютэйр,Выдача до 30 минут
2026-10-04,ДР 992 ,73Х,ДУБАЙ(АЛЬ-МАКТУМ ИНТЛ),49,Y(А12),20:50,964,2026-10-04 20:56:00,2026-10-04 20:58:00,,2026-10-04 20:59:00,2026-10-04 21:08:00,2026-10-04 20:59:00,2026-10-04 21:08:00,2026-10-04 21:06:00,2.0,3.0,2026-10-04 21:15:00,2026-10-04 21:19:00,,0.0,2026-10-04 21:09:00,2026-10-04 21:15:00,,,,,Семиченков С. А.,Победа,Выдача до 30 минут
2026-10-04,ДР 434 ,7С8,ПЕРМЬ(БОЛЬШОЕ САВИНО),50,Y(А07),20:56,247,2026-10-04 21:03:00,2026-10-04 21:07:00,1.0,2026-10-04 21:08:00,2026-10-04 21:13:00,2026-10-04 21:08:00,2026-10-04 21:13:00,2026-10-04 21:09:00,4.0,3.0,2026-10-04 21:17:00,2026-10-04 21:18:00,,0.0,2026-10-04 21:12:00,2026-10-04 21:17:00,,,,,Конюхов Я. А.,Победа,Выдача до 30 минут
2026-10-04,ЮТ 180 ,73Е,УХТА,7,Y(А08),21:00,285,2026-10-04 21:09:00,2026-10-04 21:09:00,,2026-10-04 21:12:00,2026-10-04 21:22:00,2026-10-04 21:12:00,2026-10-04 21:22:00,2026-10-04 21:15:00,7.0,8.0,2026-10-04 21:18:00,2026-10-04 21:19:00,,0.0,2026-10-04 21:15:00,2026-10-04 21:19:00,,,,,Тришкин А. В.,Ютэйр,Выдача до 30 минут
2026-10-04,ЮТ 802 ,73Х,ДУШАНБЕ(ДУШАНБЕ ИНТЛ.),16,Y(А09),18:53,2928,2026-10-04 19:03:00,2026-10-04 19:07:00,1.0,2026-10-04 19:06:00,2026-10-04 19:34:00,2026-10-04 19:06:00,2026-10-04 19:34:00,2026-10-04 19:27:00,7.0,8.0,2026-10-04 19:21:00,2026-10-04 19:39:00,,6.0,2026-10-04 19:13:00,2026-10-04 19:17:00,2026-10-04 19:37:00,2026-10-04 19:40:00,,,Потапов Е. А.,Ютэйр,Выдача от 30 до 40 минут
2026-10-04,TK 3012 ,321,АНТАЛЬЯ,23,Y(А09),12:58,2791,2026-10-04 13:10:00,2026-10-04 13:12:00,,2026-10-04 13:13:00,2026-10-04 13:31:00,2026-10-04 13:13:00,2026-10-04 13:31:00,2026-10-04 13:33:00,,,2026-10-04 13:29:00,2026-10-04 13:41:00,,1.0,2026-10-04 13:28:00,2026-10-04 13:34:00,2026-10-04 13:35:00,2026-10-04 13:39:00,,,Тришкин А. В.,Turkish Airlines,Выдача от 30 до 40 минут
2026-10-04,ДР 998 ,73Х,САМАРКАНД(САМАРКАНД ИНТЛ.),46,Y(А11),06:23,684,2026-10-04 06:31:00,2026-10-04 06:32:00,,2026-10-04 06:35:00,2026-10-04 06:40:00,2026-10-04 06:35:00,2026-10-04 06:40:00,2026-10-04 06:40:00,,,2026-10-04 06:48:00,2026-10-04 06:53:00,,0.0,2026-10-04 06:42:00,2026-10-04 06:50:00,,,,,Чеканов В. А.,Победа,Выдача до 30 минут
2026-10-04,А4 7030 ,СУ9,ЕРЕВАН(ЗВАРТНОЦ ИНТЛ),27,Y(А13),12:22,691,2026-10-04 12:30:00,2026-10-04 12:32:00,,2026-10-04 12:36:00,2026-10-04 12:42:00,2026-10-04 12:38:00,2026-10-04 12:42:00,2026-10-04 12:39:00,3.0,,2026-10-04 12:41:00,2026-10-04 12:47:00,,0.0,2026-10-04 12:42:00,2026-10-04 12:46:00,,,,,"Семиченков С. А., Харитонов И. А.",Азимут,Выдача до 30 минут
2026-10-04,ЮТ 810F,73Х,САМАРКАНД(САМАРКАНД ИНТЛ.),16,Y(А12),01:46,1612,2026-10-04 01:55:00,2026-10-04 01:56:00,,2026-10-04 01:57:00,2026-10-04 02:10:00,2026-10-04 01:57:00,2026-10-04 02:10:00,2026-10-04 02:10:00,,2.0,2026-10-04 02:11:00,2026-10-04 02:29:00,,4.0,2026-10-04 02:05:00,2026-10-04 02:11:00,2026-10-04 02:18:00,2026-10-04 02:26:00,,,Фозылов Б. З.,Ютэйр,Выдача от 30 до 40 минут
2026-10-04,FZ 965 ,7М8,ДУБАЙ(ДУБАЙ ИНТЛ.),20,Y(А09),01:51,1974,2026-10-04 02:04:00,2026-10-04 02:07:00,,2026-10-04 02:07:00,2026-10-04 02:28:00,2026-10-04 02:08:00,2026-10-04 02:28:00,2026-10-04 02:21:00,7.0,7.0,2026-10-04 02:17:00,2026-10-04 02:37:00,,3.0,2026-10-04 02:13:00,2026-10-04 02:17:00,2026-10-04 02:31:00,2026-10-04 02:36:00,,,"Скулов Е. С., Ушаков М. В.",flydubai,Выдача от 30 до 40 минут
2026-10-04,ДР 264 ,7С8,КАЛИНИНГРАД(ХРАБРОВО),8,Y(А06),01:57,619,2026-10-04 02:10:00,2026-10-04 02:13:00,,2026-10-04 02:14:00,2026-10-04 02:25:00,2026-10-04 02:14:00,2026-10-04 02:25:00,2026-10-04 02:18:00,7.0,7.0,2026-10-04 02:28:00,2026-10-04 02:31:00,,0.0,2026-10-04 02:18:00,2026-10-04 02:27:00,,,,,Михайлов М. С.,Победа,Выдача до 30 минут
2026-10-04,TK 3154 ,321,БОДРУМ(МИЛАС),23,Y(А10),02:02,2449,2026-10-04 02:18:00,2026-10-04 02:20:00,,2026-10-04 02:24:00,2026-10-04 02:42:00,2026-10-04 02:24:00,2026-10-04 02:42:00,2026-10-04 02:38:00,4.0,2.0,2026-10-04 02:38:00,2026-10-04 02:49:00,,1.0,2026-10-04 02:21:00,2026-10-04 02:39:00,2026-10-04 02:26:00,2026-10-04 02:49:00,,,Пельгуев Д. И.,Turkish Airlines,Выдача от 30 до 40 минут
2026-10-04,TK 3122 ,32Б,БОДРУМ(МИЛАС),25,Y(А09),02:34,2356,2026-10-04 02:46:00,2026-10-04 02:48:00,,2026-10-04 02:50:00,2026-10-04 03:18:00,2026-10-04 02:50:00,2026-10-04 03:18:00,2026-10-04 03:06:00,12.0,12.0,2026-10-04 03:03:00,2026-10-04 03:18:00,,2.0,2026-10-04 03:06:00,2026-10-04 03:20:00,,,,,Конюхов Я. А.,Turkish Airlines,Выдача от 30 до 40 минут
2026-10-04,PC 386 ,32Щ,СТАМБУЛ(САБИХА ГОКЦЕН),21,Y(А10),02:44,2959,2026-10-04 02:55:00,2026-10-04 02:57:00,,2026-10-04 02:59:00,2026-10-04 03:15:00,2026-10-04 02:59:00,2026-10-04 03:15:00,2026-10-04 03:19:00,,,2026-10-04 03:09:00,2026-10-04 03:20:00,,0.0,2026-10-04 03:06:00,2026-10-04 03:09:00,2026-10-04 03:18:00,2026-10-04 03:23:00,,,"Соболь М. Ф., Федоров Н. В.",Pegasus,Выдача до 30 минут
2026-10-04,AZO 7054P,СУ9,БАТУМИ,28,Y(А13),02:52,997,2026-10-04 03:00:00,2026-10-04 03:02:00,,2026-10-04 03:03:00,2026-10-04 03:16:00,2026-10-04 03:03:00,2026-10-04 03:16:00,2026-10-04 03:11:00,5.0,6.0,2026-10-04 03:19:00,2026-10-04 03:22:00,,0.0,2026-10-04 03:15:00,2026-10-04 03:20:00,,,,,"Кажаев Д. Г., Ушаков М. В.",GEORGIAN AIRWAYS,Выдача до 30 минут
2026-10-04,ЖГ 932 ,73Х,ТБИЛИСИ(ТБИЛИСИ ИНТЛ.),30,Y(А11),02:59,1833,2026-10-04 03:10:00,2026-10-04 03:14:00,1.0,2026-10-04 03:14:00,2026-10-04 03:28:00,2026-10-04 03:14:00,2026-10-04 03:28:00,2026-10-04 03:26:00,2.0,2.0,2026-10-04 03:20:00,2026-10-04 03:31:00,,0.0,2026-10-04 03:17:00,2026-10-04 03:21:00,2026-10-04 03:28:00,2026-10-04 03:32:00,,,Минченко А. И.,GEORGIAN AIRWAYS,Выдача до 30 минут
2026-10-04,TK 3036 ,321,АНТАЛЬЯ,29,Y(А09),01:40,2962,2026-10-04 02:00:00,2026-10-04 02:04:00,1.0,2026-10-04 02:04:00,2026-10-04 02:21:00,2026-10-04 02:04:00,2026-10-04 02:21:00,2026-10-04 02:24:00,,,2026-10-04 02:14:00,2026-10-04 02:23:00,,0.0,2026-10-04 01:50:00,2026-10-04 02:16:00,2026-10-04 01:49:00,2026-10-04 02:29:00,,,Королев А. А.,Turkish Airlines,Выдача до 30 минут
2026-10-04,TK 3006 ,321,АНТАЛЬЯ,18,Y(А09),03:04,2544,2026-10-04 03:13:00,2026-10-04 03:17:00,1.0,2026-10-04 03:17:00,2026-10-04 03:39:00,2026-10-04 03:17:00,2026-10-04 03:39:00,2026-10-04 03:34:00,5.0,5.0,2026-10-04 03:37:00,2026-10-04 03:46:00,4.0,3.0,2026-10-04 03:23:00,2026-10-04 03:37:00,2026-10-04 03:31:00,2026-10-04 03:46:00,,,Фозылов Б. З.,Turkish Airlines,Выдача от 30 до 40 минут
2026-10-04,VF 587 ,73Х,АНКАРА(ЕСЕНБОГА),24,Y(А10),03:42,1924,2026-10-04 03:56:00,2026-10-04 04:00:00,1.0,2026-10-04 03:57:00,2026-10-04 04:16:00,2026-10-04 03:57:00,2026-10-04 04:16:00,2026-10-04 04:13:00,3.0,6.0,2026-10-04 04:06:00,2026-10-04 04:18:00,,0.0,2026-10-04 04:03:00,2026-10-04 04:07:00,2026-10-04 04:14:00,2026-10-04 04:18:00,,,"Королев А. А., Федоров Н. В.",AJET,Выдача до 30 минут
2026-10-04,NE 600 ,320,ХУРГАДА(ХУРГАДА ИНТЛ.),29,Y(А13),03:50,1952,2026-10-04 04:00:00,2026-10-04 04:02:00,,2026-10-04 04:03:00,2026-10-04 04:19:00,2026-10-04 04:03:00,2026-10-04 04:19:00,2026-10-04 04:17:00,2.0,3.0,2026-10-04 04:12:00,2026-10-04 04:28:00,,0.0,2026-10-04 04:09:00,2026-10-04 04:12:00,2026-10-04 04:19:00,2026-10-04 04:23:00,,,Фаёзов А. Р.,Nesma Airlines,Выдача до 30 минут
2026-10-04,PC 1456 ,32Щ,БОДРУМ(МИЛАС),20,Y(А09),04:11,2788,2026-10-04 04:22:00,2026-10-04 04:23:00,,2026-10-04 04:26:00,2026-10-04 04:38:00,2026-10-04 04:26:00,2026-10-04 04:38:00,2026-10-04 04:45:00,,,2026-10-04 04:38:00,2026-10-04 04:47:00,,0.0,2026-10-04 04:33:00,2026-10-04 04:42:00,2026-10-04 04:42:00,2026-10-04 04:48:00,,,"Минченко А. И., Скулов Е. С.",Pegasus,Выдача до 30 минут
2026-10-04,А4 7020 ,СУ9,САНКТ-ПЕТЕРБУРГ(ПУЛКОВО),45,0,04:20,0,2026-10-04 04:27:00,2026-10-04 04:31:00,1.0,2026-10-04 04:33:00,2026-10-04 04:37:00,2026-10-04 04:33:00,2026-10-04 04:37:00,,,4.0,,-1,,0.0,2026-10-04 04:38:00,2026-10-04 04:40:00,,,,,Кажаев Д. Г.,Азимут,Не определено
2026-10-04,VF 277 ,73Х,СТАМБУЛ(САБИХА ГОКЦЕН),25,Y(А11),04:25,2065,2026-10-04 04:37:00,2026-10-04 04:40:00,,2026-10-04 04:40:00,2026-10-04 04:55:00,2026-10-04 04:40:00,2026-10-04 04:55:00,2026-10-04 04:55:00,,1.0,2026-10-04 04:52:00,2026-10-04 05:05:00,,0.0,2026-10-04 04:48:00,2026-10-04 04:56:00,2026-10-04 05:05:00,2026-10-04 05:12:00,,,"Соболь М. Ф., Чеканов В. А.",AJET,Выдача до 30 минут
2026-10-04,TK 419 ,333,СТАМБУЛ(СТАМБУЛ НЬЮ),22,Y(А10),04:48,5035,2026-10-04 05:02:00,2026-10-04 05:05:00,,2026-10-04 05:04:00,2026-10-04 05:21:00,2026-10-04 05:04:00,2026-10-04 05:21:00,2026-10-04 05:40:00,,,2026-10-04 05:14:00,2026-10-04 05:28:00,,0.0,2026-10-04 05:04:00,2026-10-04 05:20:00,2026-10-04 05:22:00,2026-10-04 05:27:00,2026-10-04 05:12:00,2026-10-04 05:23:00,"Минченко А. И., Ушаков М. В.",Turkish Airlines,Выдача до 30 минут
2026-10-04,J2 5830 ,319,ГЯНДЖА,27,Y(А12),05:04,1564,2026-10-04 05:13:00,2026-10-04 05:13:00,,2026-10-04 05:16:00,2026-10-04 05:36:00,2026-10-04 05:16:00,2026-10-04 05:36:00,2026-10-04 05:27:00,9.0,10.0,2026-10-04 05:30:00,2026-10-04 05:36:00,,0.0,2026-10-04 05:27:00,2026-10-04 05:30:00,2026-10-04 05:33:00,2026-10-04 05:36:00,,,Соболь М. Ф.,AZAL,Выдача до 30 минут
2026-10-04,ДР 1994B,7С8,СТАМБУЛ(СТАМБУЛ НЬЮ),43,Y(А13),05:35,1965,2026-10-04 05:43:00,2026-10-04 05:48:00,2.0,2026-10-04 05:48:00,2026-10-04 06:06:00,2026-10-04 05:48:00,2026-10-04 06:06:00,2026-10-04 06:00:00,6.0,5.0,2026-10-04 06:00:00,2026-10-04 06:10:00,,0.0,2026-10-04 05:55:00,2026-10-04 06:01:00,2026-10-04 06:05:00,2026-10-04 06:11:00,,,Фаёзов А. Р.,Победа,Выдача до 30 минут
2026-10-04,NE 490 ,320,ХУРГАДА(ХУРГАДА ИНТЛ.),26,Y(А12),03:33,1841,2026-10-04 03:45:00,2026-10-04 03:47:00,,2026-10-04 03:49:00,2026-10-04 04:20:00,2026-10-04 03:49:00,2026-10-04 04:20:00,2026-10-04 04:01:00,19.0,19.0,2026-10-04 04:00:00,2026-10-04 04:10:00,,0.0,2026-10-04 03:55:00,2026-10-04 03:59:00,2026-10-04 04:06:00,2026-10-04 04:10:00,,,Кутейников А. В.,Nesma Airlines,Выдача до 30 минут
2026-10-04,TK 407 ,333,СТАМБУЛ(СТАМБУЛ НЬЮ),23,Y(А09),05:45,4590,2026-10-04 05:59:00,2026-10-04 06:03:00,1.0,2026-10-04 06:04:00,2026-10-04 06:20:00,2026-10-04 06:04:00,2026-10-04 06:20:00,2026-10-04 06:34:00,,,2026-10-04 06:16:00,2026-10-04 06:24:00,,0.0,2026-10-04 06:04:00,2026-10-04 06:20:00,2026-10-04 05:51:00,2026-10-04 06:54:00,,,Михайлов М. С.,Turkish Airlines,Выдача до 30 минут
2026-10-04,ДР 206B,73Х,САНКТ-ПЕТЕРБУРГ(ПУЛКОВО),44,Y(А04),01:37,166,2026-10-04 01:48:00,2026-10-04 01:52:00,1.0,2026-10-04 01:55:00,2026-10-04 02:01:00,2026-10-04 01:55:00,2026-10-04 02:01:00,2026-10-04 01:53:00,8.0,5.0,2026-10-04 01:49:00,2026-10-04 01:50:00,,0.0,2026-10-04 02:00:00,2026-10-04 02:08:00,,,,,Фартушный А. И.,Победа,Выдача до 30 минут
2026-10-04,ДР 486D,73Х,УЛЬЯНОВСК(БАРАТАЕВКА),47,Y(А05),01:28,283,2026-10-04 01:41:00,2026-10-04 01:42:00,,2026-10-04 01:39:00,2026-10-04 01:41:00,2026-10-04 01:39:00,2026-10-04 01:41:00,2026-10-04 01:47:00,,,2026-10-04 01:50:00,2026-10-04 01:51:00,,0.0,2026-10-04 01:42:00,2026-10-04 01:52:00,,,,,Кажаев Д. Г.,Победа,Выдача до 30 минут
2026-10-04,ХИ 605 ,320,САМАРКАНД(САМАРКАНД ИНТЛ.),26,Y(А11),23:52,1333,2026-10-05 00:05:00,2026-10-05 00:07:00,,2026-10-05 00:10:00,2026-10-05 00:22:00,2026-10-05 00:10:00,2026-10-05 00:22:00,2026-10-05 00:18:00,4.0,3.0,2026-10-05 00:20:00,2026-10-05 00:26:00,,0.0,2026-10-05 00:15:00,2026-10-05 00:20:00,2026-10-05 00:22:00,2026-10-05 00:26:00,,,Фаёзов А. Р.,UZBEKISTAN AIRWAYS,Выдача до 30 минут
2026-10-04,PBD 860 ,73Х,АНТАЛЬЯ,51,Y(А12),00:01,1854,2026-10-04 00:10:00,2026-10-04 00:12:00,,2026-10-04 00:13:00,2026-10-04 00:26:00,2026-10-04 00:13:00,2026-10-04 00:26:00,2026-10-04 00:26:00,,1.0,2026-10-04 00:26:00,2026-10-04 00:41:00,,1.0,2026-10-04 00:18:00,2026-10-04 00:26:00,2026-10-04 00:31:00,2026-10-04 00:39:00,,,Федоров Н. В.,Победа,Выдача от 30 до 40 минут
2026-10-04,AZO 7022 ,СУ9,АНТАЛЬЯ,28,Y(А11),00:03,1040,2026-10-04 00:14:00,2026-10-04 00:17:00,,2026-10-04 00:18:00,2026-10-04 00:27:00,2026-10-04 00:18:00,2026-10-04 00:27:00,2026-10-04 00:25:00,2.0,2.0,2026-10-04 00:32:00,2026-10-04 00:35:00,,0.0,2026-10-04 00:10:00,2026-10-04 00:32:00,,,,,Корнилов Н. А.,GEORGIAN AIRWAYS,Выдача до 30 минут
2026-10-04,PC 1576 ,32Щ,АНТАЛЬЯ,36,Y(А10),00:08,3101,2026-10-04 00:18:00,2026-10-04 00:21:00,,2026-10-04 00:24:00,2026-10-04 00:52:00,2026-10-04 00:24:00,2026-10-04 00:52:00,2026-10-04 00:43:00,9.0,7.0,2026-10-04 00:40:00,2026-10-04 00:58:00,,10.0,2026-10-04 00:28:00,2026-10-04 00:40:00,2026-10-04 00:50:00,2026-10-04 01:00:00,,,Фартушный А. И.,Pegasus,Выдача от 30 до 40 минут
2026-10-04,ЮТ 358 ,73Х,САМАРА(КУРУМОЧ),13,Y(А07),00:10,407,2026-10-04 00:22:00,2026-10-04 00:22:00,,2026-10-04 00:25:00,2026-10-04 00:31:00,2026-10-04 00:25:00,2026-10-04 00:31:00,2026-10-04 00:29:00,2.0,3.0,2026-10-04 00:35:00,2026-10-04 00:36:00,,0.0,2026-10-04 00:29:00,2026-10-04 00:37:00,,,,,Минченко А. И.,Ютэйр,Выдача до 30 минут
2026-10-04,TK 3060 ,32Б,АНТАЛЬЯ,25,Y(А09),00:13,2565,2026-10-04 00:26:00,2026-10-04 00:27:00,,2026-10-04 00:30:00,2026-10-04 00:58:00,2026-10-04 00:30:00,2026-10-04 00:58:00,2026-10-04 00:47:00,11.0,11.0,2026-10-04 00:50:00,2026-10-04 00:59:00,4.0,3.0,2026-10-04 00:17:00,2026-10-04 00:50:00,2026-10-04 00:39:00,2026-10-04 01:16:00,,,Гафуров О. Ф.,Turkish Airlines,Выдача от 30 до 40 минут
2026-10-04,VF 275 ,73Х,СТАМБУЛ(САБИХА ГОКЦЕН),37,Y(А11),00:16,2262,2026-10-04 00:26:00,2026-10-04 00:30:00,1.0,2026-10-04 00:30:00,2026-10-04 00:47:00,2026-10-04 00:30:00,2026-10-04 00:47:00,2026-10-04 00:45:00,2.0,2.0,2026-10-04 00:44:00,2026-10-04 00:55:00,,0.0,2026-10-04 00:36:00,2026-10-04 00:43:00,2026-10-04 00:53:00,2026-10-04 00:55:00,,,Скулов Е. С.,AJET,Выдача до 30 минут
2026-10-04,ДР 158 ,73Х,КРАСНОДАР(ПАШКОВСКИЙ),49,Y(А05),00:21,610,2026-10-04 00:28:00,2026-10-04 00:33:00,2.0,2026-10-04 00:32:00,2026-10-04 00:40:00,2026-10-04 00:32:00,2026-10-04 00:40:00,2026-10-04 00:36:00,4.0,4.0,2026-10-04 00:48:00,2026-10-04 00:49:00,,0.0,2026-10-04 00:38:00,2026-10-04 00:50:00,,,,,Фозылов Б. З.,Победа,Выдача до 30 минут
2026-10-04,ЮТ 376 ,734,СЫКТЫВКАР,11,Y(А04),01:31,272,2026-10-04 01:40:00,2026-10-04 01:42:00,,2026-10-04 01:42:00,2026-10-04 01:44:00,2026-10-04 01:42:00,2026-10-04 01:44:00,2026-10-04 01:46:00,,,2026-10-04 01:48:00,2026-10-04 01:49:00,,0.0,2026-10-04 01:48:00,2026-10-04 01:49:00,,,,,Ушаков М. В.,Ютэйр,Выдача до 30 минут
2026-10-04,FZ 987 ,7М8,ДУБАЙ(ДУБАЙ ИНТЛ.),30,Y(А13),00:25,1971,2026-10-04 00:37:00,2026-10-04 00:40:00,,2026-10-04 00:40:00,2026-10-04 00:56:00,2026-10-04 00:40:00,2026-10-04 00:56:00,2026-10-04 00:54:00,2.0,3.0,2026-10-04 00:52:00,2026-10-04 01:02:00,,0.0,2026-10-04 00:47:00,2026-10-04 00:51:00,2026-10-04 00:57:00,2026-10-04 01:01:00,,,Соболь М. Ф.,flydubai,Выдача до 30 минут
2026-10-04,TK 3084 ,321,ДАЛАМАН,24,Y(А10),00:39,2765,2026-10-04 00:57:00,2026-10-04 01:00:00,,2026-10-04 01:03:00,2026-10-04 01:30:00,2026-10-04 01:03:00,2026-10-04 01:30:00,2026-10-04 01:19:00,11.0,9.0,2026-10-04 01:14:00,2026-10-04 01:30:00,,3.0,2026-10-04 00:56:00,2026-10-04 01:17:00,2026-10-04 01:26:00,2026-10-04 01:34:00,,,Пельгуев Д. И.,Turkish Airlines,Выдача от 30 до 40 минут
2026-10-04,ДР 1168 ,7С8,МИНЕРАЛЬНЫЕ ВОДЫ,48,Y(А06),00:44,873,2026-10-04 00:53:00,2026-10-04 00:55:00,,2026-10-04 00:56:00,2026-10-04 01:07:00,2026-10-04 00:56:00,2026-10-04 01:07:00,2026-10-04 01:03:00,4.0,5.0,2026-10-04 01:15:00,2026-10-04 01:18:00,,0.0,2026-10-04 01:09:00,2026-10-04 01:16:00,,,,,Кажаев Д. Г.,Победа,Выдача до 30 минут
2026-10-04,TK 3002 ,321,АНТАЛЬЯ,26,Y(А10),00:48,2566,2026-10-04 01:00:00,2026-10-04 01:05:00,2.0,2026-10-04 01:06:00,2026-10-04 01:23:00,2026-10-04 01:06:00,2026-10-04 01:23:00,2026-10-04 01:21:00,2.0,,2026-10-04 01:19:00,2026-10-04 01:27:00,,0.0,2026-10-04 00:56:00,2026-10-04 01:20:00,2026-10-04 00:57:00,2026-10-04 01:32:00,,,Кутейников А. В.,Turkish Airlines,Выдача до 30 минут
2026-10-04,TK 421 ,333,СТАМБУЛ(СТАМБУЛ НЬЮ),19,Y(А09),00:52,4373,2026-10-04 01:04:00,2026-10-04 01:08:00,1.0,2026-10-04 01:09:00,2026-10-04 01:37:00,2026-10-04 01:09:00,2026-10-04 01:37:00,2026-10-04 01:37:00,,,2026-10-04 01:28:00,2026-10-04 01:36:00,4.0,2.0,2026-10-04 01:09:00,2026-10-04 01:37:00,2026-10-04 01:16:00,2026-10-04 01:47:00,,,Чеканов В. А.,Turkish Airlines,Выдача от 30 до 40 минут
2026-10-04,ДР 422 ,7С8,САМАРА(КУРУМОЧ),50,Y(А05),00:56,351,2026-10-04 01:06:00,2026-10-04 01:07:00,,2026-10-04 01:12:00,2026-10-04 01:13:00,2026-10-04 01:12:00,2026-10-04 01:13:00,2026-10-04 01:12:00,1.0,,2026-10-04 01:16:00,2026-10-04 01:18:00,,0.0,2026-10-04 01:11:00,2026-10-04 01:18:00,,,,,Науну М.,Победа,Выдача до 30 минут
2026-10-04,ДР 996 ,73Х,СТАМБУЛ(СТАМБУЛ НЬЮ),46,Y(А13),01:18,1931,2026-10-04 01:30:00,2026-10-04 01:32:00,,2026-10-04 01:33:00,2026-10-04 01:55:00,2026-10-04 01:33:00,2026-10-04 01:55:00,2026-10-04 01:47:00,8.0,9.0,2026-10-04 01:47:00,2026-10-04 02:01:00,,1.0,2026-10-04 01:39:00,2026-10-04 01:52:00,2026-10-04 01:53:00,2026-10-04 02:04:00,,,Конюхов Я. А.,Победа,Выдача от 30 до 40 минут
2026-10-04,TK 3014 ,321,АНТАЛЬЯ,18,Y(А10),01:22,3105,2026-10-04 01:33:00,2026-10-04 01:34:00,,2026-10-04 01:36:00,2026-10-04 01:54:00,2026-10-04 01:36:00,2026-10-04 01:54:00,2026-10-04 01:58:00,,,2026-10-04 01:50:00,2026-10-04 01:59:00,,0.0,2026-10-04 01:28:00,2026-10-04 01:50:00,2026-10-04 01:32:00,2026-10-04 02:00:00,,,Минченко А. И.,Turkish Airlines,Выдача до 30 минут
2026-10-04,PC 1521 ,32Н,ИЗМИР(АДНАН МЕНДЕРЕС),22,Y(А11),01:25,2436,2026-10-04 01:36:00,2026-10-04 01:37:00,,2026-10-04 01:40:00,2026-10-04 01:57:00,2026-10-04 01:40:00,2026-10-04 01:57:00,2026-10-04 01:56:00,1.0,1.0,2026-10-04 01:51:00,2026-10-04 02:05:00,,0.0,2026-10-04 01:46:00,2026-10-04 01:54:00,2026-10-04 01:59:00,2026-10-04 02:04:00,,,Федоров Н. В.,Pegasus,Выдача до 30 минут
2026-10-04,TK 217 ,32Б,АНТАЛЬЯ,21,Y(А13),00:37,2115,2026-10-04 00:48:00,2026-10-04 00:53:00,2.0,2026-10-04 00:51:00,2026-10-04 01:08:00,2026-10-04 00:51:00,2026-10-04 01:08:00,2026-10-04 01:06:00,2.0,3.0,2026-10-04 01:09:00,2026-10-04 01:19:00,1.0,1.0,2026-10-04 00:45:00,2026-10-04 01:27:00,,,,,Фаёзов А. Р.,Turkish Airlines,Выдача от 30 до 40 минут
2026-10-04,PC 390 ,32Щ,СТАМБУЛ(САБИХА ГОКЦЕН),20,Y(А10),05:50,3410,2026-10-04 05:59:00,2026-10-04 06:01:00,,2026-10-04 06:04:00,2026-10-04 06:26:00,2026-10-04 06:05:00,2026-10-04 06:26:00,2026-10-04 06:26:00,,,2026-10-04 06:16:00,2026-10-04 06:32:00,,3.0,2026-10-04 06:10:00,2026-10-04 06:14:00,,,2026-10-04 06:27:00,2026-10-04 06:32:00,"Федоров Н. В., Фозылов Б. З.",Pegasus,Выдача от 30 до 40 минут
2026-10-04,PC 1458 ,32Щ,ДАЛАМАН,19,Y(А10),05:59,2871,2026-10-04 06:09:00,2026-10-04 06:10:00,,2026-10-04 06:12:00,2026-10-04 06:30:00,2026-10-04 06:13:00,2026-10-04 06:30:00,2026-10-04 06:32:00,,,2026-10-04 06:23:00,2026-10-04 06:34:00,,0.0,2026-10-04 06:18:00,2026-10-04 06:23:00,2026-10-04 06:23:00,2026-10-04 06:34:00,,,"Минченко А. И., Скулов Е. С.",Pegasus,Выдача до 30 минут
2026-10-04,ДР 408 ,73Х,ЕКАТЕРИНБУРГ(КОЛЬЦОВО),51,Y(А04),06:26,295,2026-10-04 06:34:00,2026-10-04 06:38:00,1.0,2026-10-04 06:39:00,2026-10-04 06:43:00,2026-10-04 06:39:00,2026-10-04 06:43:00,2026-10-04 06:40:00,3.0,2.0,2026-10-04 06:50:00,2026-10-04 06:56:00,,0.0,2026-10-04 06:48:00,2026-10-04 06:51:00,,,,,Кажаев Д. Г.,Победа,Выдача до 30 минут
2026-10-04,ЮТ 356 ,73Х,ГРОЗНЫЙ(СЕВЕРНЫЙ),15,Y(А05),09:52,387,2026-10-04 09:59:00,2026-10-04 10:00:00,,2026-10-04 10:03:00,2026-10-04 10:10:00,2026-10-04 10:03:00,2026-10-04 10:10:00,2026-10-04 10:06:00,4.0,4.0,2026-10-04 10:15:00,2026-10-04 10:20:00,,0.0,2026-10-04 10:11:00,2026-10-04 10:14:00,,,,,Иванов В. А.,Ютэйр,Выдача до 30 минут
2026-10-04,AZO 7008 ,СУ9,ТБИЛИСИ(ТБИЛИСИ ИНТЛ.),28,Y(А12),09:57,1301,2026-10-04 10:21:00,2026-10-04 10:24:00,,2026-10-04 10:26:00,2026-10-04 10:40:00,2026-10-04 10:26:00,2026-10-04 10:40:00,2026-10-04 10:34:00,6.0,5.0,2026-10-04 10:35:00,2026-10-04 10:43:00,,0.0,2026-10-04 10:31:00,2026-10-04 10:35:00,2026-10-04 10:39:00,2026-10-04 10:42:00,,,"Михайлов М. С., Пельгуев Д. И.",GEORGIAN AIRWAYS,Выдача до 30 минут
2026-10-04,DV 801 ,7М8,ШЫМКЕНТ(ШЫМКЕНТ ИНТЛ.),20,Y(А13),10:00,1581,2026-10-04 10:07:00,2026-10-04 10:15:00,5.0,2026-10-04 10:15:00,2026-10-04 10:26:00,2026-10-04 10:15:00,2026-10-04 10:26:00,2026-10-04 10:22:00,4.0,,2026-10-04 10:25:00,2026-10-04 10:31:00,,0.0,2026-10-04 10:21:00,2026-10-04 10:26:00,2026-10-04 10:25:00,2026-10-04 10:29:00,,,"Рустамов М. А., Соколов И. С.",SCAT Airlines,Выдача до 30 минут
2026-10-04,ФВ 6005 ,СУ9,САНКТ-ПЕТЕРБУРГ(ПУЛКОВО),9,Y(А04),10:07,96,2026-10-04 10:15:00,2026-10-04 10:17:00,,2026-10-04 10:18:00,2026-10-04 10:21:00,2026-10-04 10:18:00,2026-10-04 10:21:00,2026-10-04 10:20:00,1.0,2.0,2026-10-04 10:22:00,2026-10-04 10:23:00,,0.0,2026-10-04 10:22:00,2026-10-04 10:24:00,,,,,Барабанов А. М.,Россия,Выдача до 30 минут
2026-10-04,ДР 466 ,73Х,УЛЬЯНОВСК(БАРАТАЕВКА),49,Y(А07),10:16,305,2026-10-04 10:21:00,2026-10-04 10:24:00,,2026-10-04 10:23:00,2026-10-04 10:26:00,2026-10-04 10:23:00,2026-10-04 10:26:00,2026-10-04 10:27:00,,1.0,2026-10-04 10:37:00,2026-10-04 10:44:00,,0.0,2026-10-04 10:27:00,2026-10-04 10:32:00,,,,,Вазиров Т. В.,Победа,Выдача до 30 минут
2026-10-04,ЮТ 560 ,73Х,МАХАЧКАЛА,21,Y(А05),10:44,532,2026-10-04 10:51:00,2026-10-04 10:51:00,,2026-10-04 10:54:00,2026-10-04 10:59:00,2026-10-04 10:54:00,2026-10-04 10:59:00,2026-10-04 10:59:00,,1.0,2026-10-04 11:02:00,2026-10-04 11:03:00,,0.0,2026-10-04 10:59:00,2026-10-04 11:02:00,,,,,Семиченков С. А.,Ютэйр,Выдача до 30 минут
2026-10-04,J2 807 ,763,БАКУ(ИМ. ГЕЙДАРА АЛИЕВА),18,Y(А09),10:50,2257,2026-10-04 10:59:00,2026-10-04 11:01:00,,2026-10-04 11:02:00,2026-10-04 11:11:00,2026-10-04 11:09:00,2026-10-04 11:11:00,2026-10-04 11:18:00,,,2026-10-04 11:20:00,2026-10-04 11:22:00,1.0,0.0,2026-10-04 11:15:00,2026-10-04 11:18:00,,,,,"Барабанов А. М., Кузин К. С.",AZAL,Выдача до 30 минут
2026-10-04,ЮТ 808 ,73Х,БУХАРА(БУХАРА ИНТЛ.),11,Y(А11),10:59,1224,2026-10-04 11:07:00,2026-10-04 11:11:00,1.0,2026-10-04 11:11:00,2026-10-04 11:18:00,2026-10-04 11:11:00,2026-10-04 11:18:00,2026-10-04 11:19:00,,,2026-10-04 11:23:00,2026-10-04 11:28:00,,0.0,2026-10-04 11:19:00,2026-10-04 11:27:00,,,,,Давлатов Б. Ч.,Ютэйр,Выдача до 30 минут
2026-10-04,3F 321 ,320,ЕРЕВАН(ЗВАРТНОЦ ИНТЛ),26,Y(А13),09:20,1649,2026-10-04 09:32:00,2026-10-04 09:34:00,,2026-10-04 09:35:00,2026-10-04 09:45:00,2026-10-04 09:35:00,2026-10-04 09:45:00,2026-10-04 09:47:00,,,2026-10-04 09:44:00,2026-10-04 09:53:00,,0.0,2026-10-04 09:45:00,2026-10-04 09:51:00,2026-10-04 09:40:00,2026-10-04 09:44:00,,,"Екимов С. С., Коляскин А. Г.",FLYONE Armenia,Выдача до 30 минут
2026-10-04,TK 413 ,333,СТАМБУЛ(СТАМБУЛ НЬЮ),23,Y(А10),11:08,3895,2026-10-04 11:19:00,2026-10-04 11:23:00,1.0,2026-10-04 11:21:00,2026-10-04 11:35:00,2026-10-04 11:23:00,2026-10-04 11:35:00,2026-10-04 11:49:00,,,2026-10-04 11:36:00,2026-10-04 11:47:00,,0.0,2026-10-04 11:31:00,2026-10-04 11:42:00,2026-10-04 11:34:00,2026-10-04 11:39:00,,,"Коляскин А. Г., Харитонов И. А.",Turkish Airlines,Выдача до 30 минут
2026-10-04,ФВ 6007 ,СУ9,САНКТ-ПЕТЕРБУРГ(ПУЛКОВО),8,Y(А04),11:17,78,2026-10-04 11:26:00,2026-10-04 11:27:00,,2026-10-04 11:29:00,2026-10-04 11:31:00,2026-10-04 11:29:00,2026-10-04 11:31:00,2026-10-04 11:31:00,,1.0,2026-10-04 11:33:00,2026-10-04 11:34:00,,0.0,2026-10-04 11:30:00,2026-10-04 11:33:00,,,,,Екимов С. С.,Россия,Выдача до 30 минут
2026-10-04,ДР 734 ,7С8,ТЕРМЕЗ,48,Y(А12),11:40,454,2026-10-04 11:46:00,2026-10-04 11:49:00,,2026-10-04 11:51:00,2026-10-04 11:56:00,2026-10-04 11:51:00,2026-10-04 11:56:00,2026-10-04 11:53:00,3.0,2.0,2026-10-04 12:03:00,2026-10-04 12:04:00,,0.0,2026-10-04 11:56:00,2026-10-04 12:03:00,,,,,Соколов И. С.,Победа,Выдача до 30 минут
2026-10-04,TK 3076 ,321,ДАЛАМАН,19,Y(А09),11:42,2414,2026-10-04 11:51:00,2026-10-04 11:53:00,,2026-10-04 11:53:00,2026-10-04 12:07:00,2026-10-04 11:55:00,2026-10-04 12:07:00,2026-10-04 12:11:00,,,2026-10-04 12:07:00,2026-10-04 12:19:00,,0.0,2026-10-04 12:00:00,2026-10-04 12:05:00,2026-10-04 12:12:00,2026-10-04 12:16:00,,,"Андреев А. М., Кузин К. С.",Turkish Airlines,Выдача до 30 минут
2026-10-04,TK 3070 ,32Б,АНТАЛЬЯ,20,Y(А10),11:46,2288,2026-10-04 11:55:00,2026-10-04 11:56:00,,2026-10-04 11:59:00,2026-10-04 12:16:00,2026-10-04 11:59:00,2026-10-04 12:16:00,2026-10-04 12:14:00,2.0,2.0,2026-10-04 12:15:00,2026-10-04 12:24:00,,0.0,2026-10-04 12:10:00,2026-10-04 12:21:00,,,,,Иванов В. А.,Turkish Airlines,Выдача до 30 минут
2026-10-04,ЖГ 936 ,73Х,ТБИЛИСИ(ТБИЛИСИ ИНТЛ.),30,Y(А11),11:48,2167,2026-10-04 11:56:00,2026-10-04 11:59:00,,2026-10-04 11:59:00,2026-10-04 12:14:00,2026-10-04 11:59:00,2026-10-04 12:14:00,2026-10-04 12:14:00,,1.0,2026-10-04 12:06:00,2026-10-04 12:21:00,,0.0,2026-10-04 12:04:00,2026-10-04 12:06:00,2026-10-04 12:17:00,2026-10-04 12:22:00,,,Екимов С. С.,GEORGIAN AIRWAYS,Выдача до 30 минут
2026-10-04,TK 1231 ,321,АНТАЛЬЯ,25,Y(А09),11:58,1978,2026-10-04 12:09:00,2026-10-04 12:11:00,,2026-10-04 12:17:00,2026-10-04 12:35:00,2026-10-04 12:17:00,2026-10-04 12:35:00,2026-10-04 12:26:00,9.0,5.0,2026-10-04 12:33:00,2026-10-04 12:34:00,4.0,0.0,2026-10-04 12:30:00,2026-10-04 12:41:00,,,,,Барабанов А. М.,Turkish Airlines,Выдача до 30 минут
2026-10-04,ЮБГ 509 ,735,ЕРЕВАН(ЗВАРТНОЦ ИНТЛ),28,Y(А13),12:16,2071,2026-10-04 12:22:00,2026-10-04 12:23:00,,2026-10-04 12:25:00,2026-10-04 12:44:00,2026-10-04 12:27:00,2026-10-04 12:44:00,2026-10-04 12:40:00,4.0,3.0,2026-10-04 12:37:00,2026-10-04 12:45:00,,0.0,2026-10-04 12:34:00,2026-10-04 12:37:00,2026-10-04 12:40:00,2026-10-04 12:44:00,,,"Вазиров Т. В., Коляскин А. Г.",Shirak Avia,Выдача до 30 минут
2026-10-04,ФВ 6009 ,СУ9,САНКТ-ПЕТЕРБУРГ(ПУЛКОВО),9,Y(А04),12:18,216,2026-10-04 12:28:00,2026-10-04 12:30:00,,2026-10-04 12:31:00,2026-10-04 12:34:00,2026-10-04 12:31:00,2026-10-04 12:34:00,2026-10-04 12:33:00,1.0,2.0,2026-10-04 12:33:00,2026-10-04 12:34:00,,0.0,2026-10-04 12:34:00,2026-10-04 12:37:00,,,,,Тришкин А. В.,Россия,Выдача до 30 минут
2026-10-04,ДР 744 ,73Х,ОШ,50,Y(А13),11:14,154,2026-10-04 11:21:00,2026-10-04 11:24:00,,2026-10-04 11:24:00,2026-10-04 11:26:00,2026-10-04 11:24:00,2026-10-04 11:26:00,2026-10-04 11:26:00,,1.0,2026-10-04 11:33:00,2026-10-04 11:34:00,,0.0,2026-10-04 11:26:00,2026-10-04 11:34:00,,,,,"Вазиров Т. В., Тришкин А. В.",Победа,Выдача до 30 минут
2026-10-04,ФВ 6003 ,СУ9,САНКТ-ПЕТЕРБУРГ(ПУЛКОВО),8,Y(А04),09:15,43,2026-10-04 09:26:00,2026-10-04 09:26:00,,2026-10-04 09:28:00,2026-10-04 09:31:00,2026-10-04 09:28:00,2026-10-04 09:31:00,2026-10-04 09:30:00,1.0,3.0,2026-10-04 09:33:00,2026-10-04 09:34:00,,0.0,2026-10-04 09:30:00,2026-10-04 09:32:00,,,,,Иванов В. А.,Россия,Выдача до 30 минут
2026-10-04,КГ 555 ,320,ОШ,22,Y(А13),09:13,2982,2026-10-04 09:23:00,2026-10-04 09:25:00,,2026-10-04 09:26:00,2026-10-04 09:44:00,2026-10-04 09:27:00,2026-10-04 09:44:00,2026-10-04 09:47:00,,,2026-10-04 09:39:00,2026-10-04 09:50:00,,0.0,2026-10-04 09:34:00,2026-10-04 09:38:00,2026-10-04 09:43:00,2026-10-04 09:52:00,,,"Кузин К. С., Потапов Е. А.",Aero Nomad,Выдача до 30 минут
2026-10-04,ДР 436 ,7С8,УФА,48,Y(А05),08:43,285,2026-10-04 08:48:00,2026-10-04 08:50:00,,2026-10-04 08:50:00,2026-10-04 08:54:00,2026-10-04 08:50:00,2026-10-04 08:54:00,2026-10-04 08:54:00,,2.0,2026-10-04 09:06:00,2026-10-04 09:07:00,,0.0,2026-10-04 08:54:00,2026-10-04 09:00:00,,,,,"Рустамов М. А., Семиченков С. А.",Победа,Выдача до 30 минут
2026-10-04,ЮТ 786 ,73Х,ЕРЕВАН(ЗВАРТНОЦ ИНТЛ),18,Y(А13),06:29,1404,2026-10-04 06:37:00,2026-10-04 06:37:00,,2026-10-04 06:43:00,2026-10-04 06:54:00,2026-10-04 06:45:00,2026-10-04 06:54:00,2026-10-04 06:50:00,4.0,,2026-10-04 07:00:00,2026-10-04 07:01:00,3.0,0.0,2026-10-04 06:55:00,2026-10-04 07:01:00,2026-10-04 07:08:00,2026-10-04 07:13:00,,,"Пельгуев Д. И., Соболь М. Ф.",Ютэйр,Выдача до 30 минут
2026-10-04,FZ 969 ,7М8,ДУБАЙ(ДУБАЙ ИНТЛ.),30,Y(А12),06:36,1679,2026-10-04 06:49:00,2026-10-04 06:51:00,,2026-10-04 06:52:00,2026-10-04 07:03:00,2026-10-04 06:52:00,2026-10-04 07:03:00,2026-10-04 07:04:00,,,2026-10-04 07:00:00,2026-10-04 07:09:00,,0.0,2026-10-04 06:57:00,2026-10-04 07:01:00,2026-10-04 07:07:00,2026-10-04 07:10:00,,,Давлатов Б. Ч.,flydubai,Выдача до 30 минут
2026-10-04,NE 618 ,321,ХУРГАДА(ХУРГАДА ИНТЛ.),21,Y(А09),07:05,2177,2026-10-04 07:16:00,2026-10-04 07:21:00,2.0,2026-10-04 07:19:00,2026-10-04 07:36:00,2026-10-04 07:23:00,2026-10-04 07:36:00,2026-10-04 07:35:00,1.0,,2026-10-04 07:32:00,2026-10-04 07:41:00,,0.0,2026-10-04 07:26:00,2026-10-04 07:30:00,2026-10-04 07:37:00,2026-10-04 07:40:00,,,"Пельгуев Д. И., Семиченков С. А.",Nesma Airlines,Выдача до 30 минут
2026-10-04,ФВ 6019 ,СУ9,САНКТ-ПЕТЕРБУРГ(ПУЛКОВО),8,Y(А04),07:10,84,2026-10-04 07:21:00,2026-10-04 07:23:00,,2026-10-04 07:25:00,2026-10-04 07:27:00,2026-10-04 07:25:00,2026-10-04 07:27:00,2026-10-04 07:26:00,1.0,1.0,2026-10-04 07:34:00,2026-10-04 07:35:00,,0.0,2026-10-04 07:26:00,2026-10-04 07:29:00,,,,,Екимов С. С.,Россия,Выдача до 30 минут
2026-10-04,NE 642 ,321,ШАРМ ЭЛЬ ШЕЙХ(ШАРМ ЭЛЬ ШЕЙХ ИНТЛ.),22,Y(А10),07:24,2536,2026-10-04 07:37:00,2026-10-04 07:38:00,,2026-10-04 07:38:00,2026-10-04 07:56:00,2026-10-04 07:39:00,2026-10-04 07:56:00,2026-10-04 07:58:00,,,2026-10-04 07:48:00,2026-10-04 08:02:00,,0.0,2026-10-04 07:45:00,2026-10-04 07:49:00,2026-10-04 07:55:00,2026-10-04 08:00:00,,,"Иванов В. А., Тихонов С. М.",Nesma Airlines,Выдача до 30 минут
2026-10-04,ХИ 9607 ,32Н,БУХАРА(БУХАРА ИНТЛ.),25,Y(А09),07:29,2043,2026-10-04 07:42:00,2026-10-04 07:44:00,,2026-10-04 07:44:00,2026-10-04 08:03:00,2026-10-04 07:45:00,2026-10-04 08:03:00,2026-10-04 08:00:00,3.0,4.0,2026-10-04 07:56:00,2026-10-04 08:06:00,,0.0,2026-10-04 07:53:00,2026-10-04 07:56:00,2026-10-04 08:02:00,2026-10-04 08:06:00,,,"Андреев А. М., Екимов С. С.",UZBEKISTAN AIRWAYS,Выдача до 30 минут
2026-10-04,ХИ 9615 ,320,УРГЕНЧ(УРГЕНЧ ИНТЛ.),27,Y(А09),07:33,1973,2026-10-04 07:45:00,2026-10-04 07:49:00,1.0,2026-10-04 07:51:00,2026-10-04 08:07:00,2026-10-04 07:51:00,2026-10-04 08:07:00,2026-10-04 08:02:00,5.0,3.0,2026-10-04 08:02:00,2026-10-04 08:16:00,,1.0,2026-10-04 07:58:00,2026-10-04 08:01:00,2026-10-04 08:09:00,2026-10-04 08:12:00,,,Тришкин А. В.,UZBEKISTAN AIRWAYS,Выдача от 30 до 40 минут
2026-10-04,ДР 742 ,7С8,ТАШКЕНТ(ТАШКЕНТ ИНТЛ.),49,Y(А11),07:36,938,2026-10-04 07:45:00,2026-10-04 07:52:00,4.0,2026-10-04 07:51:00,2026-10-04 08:02:00,2026-10-04 07:51:00,2026-10-04 08:02:00,2026-10-04 07:55:00,7.0,5.0,2026-10-04 08:09:00,2026-10-04 08:15:00,,0.0,2026-10-04 08:03:00,2026-10-04 08:14:00,,,,,Рустамов М. А.,Победа,Выдача до 30 минут
2026-10-04,NE 604 ,320,ХУРГАДА(ХУРГАДА ИНТЛ.),20,Y(А10),07:40,1963,2026-10-04 07:49:00,2026-10-04 07:53:00,1.0,2026-10-04 07:56:00,2026-10-04 08:14:00,2026-10-04 07:56:00,2026-10-04 08:14:00,2026-10-04 08:06:00,8.0,5.0,2026-10-04 08:07:00,2026-10-04 08:24:00,,5.0,2026-10-04 08:02:00,2026-10-04 08:06:00,2026-10-04 08:14:00,2026-10-04 08:19:00,,,Лаптев В. В.,Nesma Airlines,Выдача от 30 до 40 минут
2026-10-04,ЮТ 454 ,73Х,ТЮМЕНЬ(РОЩИНО),13,Y(А05),07:43,747,2026-10-04 07:51:00,2026-10-04 07:51:00,,2026-10-04 07:56:00,2026-10-04 08:04:00,2026-10-04 07:56:00,2026-10-04 08:04:00,2026-10-04 08:00:00,4.0,3.0,2026-10-04 08:08:00,2026-10-04 08:09:00,,0.0,2026-10-04 08:05:00,2026-10-04 08:09:00,,,,,Семиченков С. А.,Ютэйр,Выдача до 30 минут
2026-10-04,ЮТ 716B,762,ДУБАЙ(АЛЬ-МАКТУМ ИНТЛ),19,Y(А12),07:46,702,2026-10-04 07:57:00,2026-10-04 07:58:00,,2026-10-04 08:05:00,2026-10-04 08:15:00,2026-10-04 08:05:00,2026-10-04 08:15:00,2026-10-04 08:06:00,9.0,5.0,2026-10-04 08:19:00,2026-10-04 08:26:00,2.0,0.0,2026-10-04 08:10:00,2026-10-04 08:16:00,,,,,Михайлов М. С.,Ютэйр,Выдача до 30 минут
2026-10-04,В2 981 ,Е95,МИНСК(МИНСК ИНТЛ.),29,Y(А13),07:51,214,2026-10-04 07:58:00,2026-10-04 07:59:00,,2026-10-04 08:06:00,2026-10-04 08:16:00,2026-10-04 08:06:00,2026-10-04 08:16:00,2026-10-04 08:03:00,13.0,9.0,2026-10-04 08:21:00,2026-10-04 08:22:00,3.0,0.0,2026-10-04 08:10:00,2026-10-04 08:14:00,,,,,Вазиров Т. В.,Белавиа,Выдача до 30 минут
2026-10-04,ЮТ 364 ,73Х,УФА,12,Y(А06),07:54,1412,2026-10-04 08:05:00,2026-10-04 08:07:00,,2026-10-04 08:09:00,2026-10-04 08:33:00,2026-10-04 08:09:00,2026-10-04 08:33:00,2026-10-04 08:18:00,15.0,15.0,2026-10-04 08:16:00,2026-10-04 08:36:00,,1.0,2026-10-04 08:13:00,2026-10-04 08:16:00,2026-10-04 08:33:00,2026-10-04 08:36:00,,,Барабанов А. М.,Ютэйр,Выдача от 30 до 40 минут
2026-10-04,ДР 714 ,73Х,САМАРКАНД(САМАРКАНД ИНТЛ.),50,Y(А11),07:58,929,2026-10-04 08:10:00,2026-10-04 08:12:00,,2026-10-04 08:13:00,2026-10-04 08:20:00,2026-10-04 08:13:00,2026-10-04 08:20:00,2026-10-04 08:20:00,,1.0,2026-10-04 08:34:00,2026-10-04 08:37:00,,0.0,2026-10-04 08:22:00,2026-10-04 08:31:00,,,,,Коляскин А. Г.,Победа,Выдача до 30 минут
2026-10-04,ЮТ 248 ,73Х,СУРГУТ,24,Y(А05),08:01,725,2026-10-04 08:08:00,2026-10-04 08:11:00,,2026-10-04 08:21:00,2026-10-04 08:34:00,2026-10-04 08:21:00,2026-10-04 08:34:00,2026-10-04 08:17:00,17.0,8.0,2026-10-04 08:37:00,2026-10-04 08:41:00,,3.0,2026-10-04 08:34:00,2026-10-04 08:39:00,,,,,Тихонов С. М.,Ютэйр,Выдача от 30 до 40 минут
2026-10-04,ДР 404 ,73Х,ЕКАТЕРИНБУРГ(КОЛЬЦОВО),46,Y(А04),08:07,346,2026-10-04 08:14:00,2026-10-04 08:18:00,1.0,2026-10-04 08:22:00,2026-10-04 08:25:00,2026-10-04 08:22:00,2026-10-04 08:25:00,2026-10-04 08:20:00,5.0,1.0,2026-10-04 08:24:00,2026-10-04 08:25:00,,0.0,2026-10-04 08:26:00,2026-10-04 08:32:00,,,,,Потапов Е. А.,Победа,Выдача до 30 минут
2026-10-04,ЮТ 572 ,73Х,КРАСНОЯРСК,14,Y(А07),08:10,1311,2026-10-04 08:23:00,2026-10-04 08:25:00,,2026-10-04 08:41:00,2026-10-04 08:56:00,2026-10-04 08:41:00,2026-10-04 08:56:00,2026-10-04 08:36:00,20.0,6.0,2026-10-04 08:51:00,2026-10-04 08:56:00,8.0,3.0,2026-10-04 08:52:00,2026-10-04 08:56:00,2026-10-04 08:47:00,2026-10-04 08:52:00,,,"Екимов С. С., Кузин К. С.",Ютэйр,Выдача от 30 до 40 минут
2026-10-04,ХИ 9613 ,32Н,ТАШКЕНТ(ТАШКЕНТ ИНТЛ.),23,Y(А10),08:19,1955,2026-10-04 08:30:00,2026-10-04 08:31:00,,2026-10-04 08:37:00,2026-10-04 08:52:00,2026-10-04 08:37:00,2026-10-04 08:52:00,2026-10-04 08:47:00,5.0,2.0,2026-10-04 08:47:00,2026-10-04 09:00:00,,0.0,2026-10-04 08:42:00,2026-10-04 08:46:00,2026-10-04 08:55:00,2026-10-04 09:01:00,,,Харитонов И. А.,UZBEKISTAN AIRWAYS,Выдача до 30 минут
2026-10-04,ФВ 6051 ,СУ9,САНКТ-ПЕТЕРБУРГ(ПУЛКОВО),9,Y(А04),08:22,59,2026-10-04 08:32:00,2026-10-04 08:34:00,,2026-10-04 08:35:00,2026-10-04 08:39:00,2026-10-04 08:35:00,2026-10-04 08:39:00,2026-10-04 08:36:00,3.0,4.0,2026-10-04 08:38:00,2026-10-04 08:39:00,,0.0,2026-10-04 08:36:00,2026-10-04 08:38:00,,,,,Вазиров Т. В.,Россия,Выдача до 30 минут
2026-10-04,TK 3164 ,321,БОДРУМ(МИЛАС),21,Y(А10),12:49,2172,2026-10-04 12:58:00,2026-10-04 13:01:00,,2026-10-04 13:02:00,2026-10-04 13:17:00,2026-10-04 13:02:00,2026-10-04 13:17:00,2026-10-04 13:16:00,1.0,1.0,2026-10-04 13:13:00,2026-10-04 13:23:00,,0.0,2026-10-04 13:12:00,2026-10-04 13:23:00,,,,,Рустамов М. А.,Turkish Airlines,Выдача до 30 минут
2026-10-04,J2 809 ,76В,БАКУ(ИМ. ГЕЙДАРА АЛИЕВА),18,Y(А10),23:58,2411,2026-10-05 00:10:00,2026-10-05 00:12:00,,2026-10-05 00:14:00,2026-10-05 00:24:00,2026-10-05 00:14:00,2026-10-05 00:24:00,2026-10-05 00:30:00,,,2026-10-05 00:24:00,2026-10-05 00:34:00,,0.0,2026-10-05 00:14:00,2026-10-05 00:24:00,2026-10-04 23:49:00,2026-10-05 00:29:00,,,"Михайлов М. С., Соколов И. С.",AZAL,Выдача до 30 минут
