date,flight,type,route,mc,lent_num,arrive_runway,bag_waight,mc_arrive,hatch_open,err_hatch_open,beg_unload_spo,end_unload_spo,beg_unload_sobgp,end_unload_sobgp,end_unload_tgo,err_end_unload,violation_standart,time_beg_lenta,time_end_lenta,violation_first_bag,violation_last_bag,deliver_1_beg,deliver_1_end,deliver_2_beg,deliver_2_end,deliver_3_beg,deliver_3_end,senior_loader,company,bag_status
2026-08-01,ЮТ 358 ,73Х,САМАРА(КУРУМОЧ),11,Y(А04),00:03,330,2026-08-01 00:11:00,2026-08-01 00:11:00,,2026-08-01 00:15:00,2026-08-01 00:18:00,2026-08-01 00:15:00,2026-08-01 00:18:00,2026-08-01 00:17:00,1.0,1.0,2026-08-01 00:28:00,2026-08-01 00:29:00,,0.0,2026-08-01 00:24:00,2026-08-01 00:28:00,,,,,Фартушный А. И.,Ютэйр,Выдача до 30 минут
2026-08-01,ЖГ 926 ,73Х,ТБИЛИСИ(ТБИЛИСИ ИНТЛ.),30,Y(А11),15:41,2079,2026-08-01 15:51:00,2026-08-01 15:53:00,,2026-08-01 15:53:00,2026-08-01 16:07:00,2026-08-01 16:06:00,2026-08-01 16:07:00,2026-08-01 16:09:00,,,2026-08-01 16:03:00,2026-08-01 16:11:00,,0.0,2026-08-01 15:59:00,2026-08-01 16:02:00,2026-08-01 16:05:00,2026-08-01 16:08:00,,,"Тихонов С. М., Фанин Н. О.",GEORGIAN AIRWAYS,Выдача до 30 минут
2026-08-01,А4 7010 ,СУ9,ТБИЛИСИ(ТБИЛИСИ ИНТЛ.),20,Y(А12),15:47,1417,2026-08-01 15:53:00,2026-08-01 16:26:00,30.0,2026-08-01 15:58:00,2026-08-01 16:08:00,2026-08-01 15:58:00,2026-08-01 16:08:00,2026-08-01 16:06:00,2.0,1.0,2026-08-01 16:13:00,2026-08-01 16:19:00,,0.0,2026-08-01 16:04:00,2026-08-01 16:09:00,2026-08-01 16:10:00,2026-08-01 16:16:00,,,Соколов И. С.,Азимут,Выдача до 30 минут
2026-08-01,В2 979 ,733,МИНСК(МИНСК ИНТЛ.),29,Y(А13),15:53,840,2026-08-01 16:00:00,2026-08-01 16:02:00,,2026-08-01 16:04:00,2026-08-01 16:11:00,2026-08-01 16:04:00,2026-08-01 16:11:00,2026-08-01 16:10:00,1.0,1.0,2026-08-01 16:18:00,2026-08-01 16:22:00,,0.0,2026-08-01 16:11:00,2026-08-01 16:17:00,,,,,Чеканов В. А.,Белавиа,Выдача до 30 минут
2026-08-01,ГЗП 400 ,73В,БОВАНЕНКОВО,Б63,Y(А05),16:58,886,2026-08-01 17:04:00,2026-08-01 17:06:00,,2026-08-01 17:08:00,2026-08-01 17:15:00,2026-08-01 17:08:00,2026-08-01 17:15:00,2026-08-01 17:14:00,1.0,1.0,2026-08-01 17:36:00,2026-08-01 17:38:00,2.0,0.0,2026-08-01 17:19:00,2026-08-01 17:39:00,,,,,Иванов В. А.,Газпром авиа,Выдача до 30 минут
2026-08-01,ФВ 6037 ,СУ9,САНКТ-ПЕТЕРБУРГ(ПУЛКОВО),8,Y(А04),17:01,200,2026-08-01 17:12:00,2026-08-01 17:13:00,,2026-08-01 17:14:00,2026-08-01 17:19:00,2026-08-01 17:14:00,2026-08-01 17:19:00,2026-08-01 17:17:00,2.0,4.0,2026-08-01 17:21:00,2026-08-01 17:23:00,,0.0,2026-08-01 17:19:00,2026-08-01 17:21:00,,,,,Тихонов С. М.,Россия,Выдача до 30 минут
2026-08-01,PBD 758 ,73Х,ДАЛАМАН,50,Y(А11),17:08,1380,2026-08-01 17:19:00,2026-08-01 17:20:00,,2026-08-01 17:21:00,2026-08-01 17:39:00,2026-08-01 17:38:00,2026-08-01 17:39:00,2026-08-01 17:32:00,7.0,,2026-08-01 17:32:00,2026-08-01 17:39:00,,0.0,2026-08-01 17:27:00,2026-08-01 17:31:00,2026-08-01 17:33:00,2026-08-01 17:38:00,,,"Гафуров О. Ф., Королёв Е. А.",Победа,Выдача до 30 минут
2026-08-01,ФВ 6175 ,СУ9,САНКТ-ПЕТЕРБУРГ(ПУЛКОВО),9,Y(А04),17:11,279,2026-08-01 17:19:00,2026-08-01 17:21:00,,2026-08-01 17:23:00,2026-08-01 17:27:00,2026-08-01 17:23:00,2026-08-01 17:27:00,2026-08-01 17:25:00,2.0,2.0,2026-08-01 17:31:00,2026-08-01 17:32:00,,0.0,2026-08-01 17:28:00,2026-08-01 17:30:00,,,,,Гафуров О. Ф.,Россия,Выдача до 30 минут
2026-08-01,ЮТ 270 ,73Х,СОЧИ,15,Y(А05),15:37,997,2026-08-01 15:44:00,2026-08-01 15:45:00,,2026-08-01 15:47:00,2026-08-01 15:56:00,2026-08-01 15:47:00,2026-08-01 15:56:00,2026-08-01 15:55:00,1.0,2.0,2026-08-01 16:04:00,2026-08-01 16:06:00,,0.0,2026-08-01 15:57:00,2026-08-01 16:05:00,,,,,Рустамов М. А.,Ютэйр,Выдача до 30 минут
2026-08-01,ЮТ 374 ,73Х,МИНЕРАЛЬНЫЕ ВОДЫ,14,Y(А06),17:18,937,2026-08-01 17:27:00,2026-08-01 17:29:00,,2026-08-01 17:29:00,2026-08-01 17:35:00,2026-08-01 17:29:00,2026-08-01 17:35:00,2026-08-01 17:37:00,,,2026-08-01 17:39:00,2026-08-01 17:47:00,,0.0,2026-08-01 17:36:00,2026-08-01 17:39:00,,,,,Андреев А. М.,Ютэйр,Выдача до 30 минут
2026-08-01,ДР 836 ,73Х,ГАЗИПАША,44,Y(А12),17:25,1954,2026-08-01 17:34:00,2026-08-01 17:37:00,,2026-08-01 17:36:00,2026-08-01 17:53:00,2026-08-01 17:36:00,2026-08-01 17:53:00,2026-08-01 17:51:00,2.0,4.0,2026-08-01 17:50:00,2026-08-01 17:59:00,,0.0,2026-08-01 17:43:00,2026-08-01 17:50:00,2026-08-01 17:52:00,2026-08-01 17:58:00,,,Екимов С. С.,Победа,Выдача до 30 минут
2026-08-01,3F 325 ,320,ЕРЕВАН(ЗВАРТНОЦ ИНТЛ),30,Y(А13),17:33,1957,2026-08-01 17:43:00,2026-08-01 17:46:00,,2026-08-01 17:46:00,2026-08-01 18:06:00,2026-08-01 17:49:00,2026-08-01 18:06:00,2026-08-01 18:00:00,6.0,4.0,2026-08-01 18:02:00,2026-08-01 18:03:00,,0.0,2026-08-01 17:55:00,2026-08-01 18:00:00,2026-08-01 18:05:00,2026-08-01 18:09:00,,,"Иванов В. А., Михайлов М. С.",FLYONE Armenia,Выдача до 30 минут
2026-08-01,ДР 114 ,73Х,СОЧИ,49,Y(А05),17:48,988,2026-08-01 17:54:00,2026-08-01 17:56:00,,2026-08-01 17:59:00,2026-08-01 18:06:00,2026-08-01 17:59:00,2026-08-01 18:06:00,2026-08-01 18:05:00,1.0,,2026-08-01 18:13:00,2026-08-01 18:14:00,,0.0,2026-08-01 18:07:00,2026-08-01 18:14:00,,,,,Тихонов С. М.,Победа,Выдача до 30 минут
2026-08-01,AZO 7054 ,СУ9,БАТУМИ,28,Y(А11),18:03,1202,2026-08-01 18:14:00,2026-08-01 18:14:00,,2026-08-01 18:17:00,2026-08-01 18:29:00,2026-08-01 18:17:00,2026-08-01 18:29:00,2026-08-01 18:26:00,3.0,4.0,2026-08-01 18:27:00,2026-08-01 18:33:00,,0.0,2026-08-01 18:24:00,2026-08-01 18:26:00,2026-08-01 18:31:00,2026-08-01 18:34:00,,,Фанин Н. О.,GEORGIAN AIRWAYS,Выдача до 30 минут
2026-08-01,TK 415 ,32Б,СТАМБУЛ(СТАМБУЛ НЬЮ),22,Y(А09),18:10,3945,2026-08-01 18:19:00,2026-08-01 18:21:00,,2026-08-01 18:26:00,2026-08-01 18:41:00,2026-08-01 18:26:00,2026-08-01 18:41:00,2026-08-01 18:49:00,,,2026-08-01 18:33:00,2026-08-01 18:46:00,,0.0,2026-08-01 18:37:00,2026-08-01 18:41:00,2026-08-01 18:39:00,2026-08-01 18:46:00,,,Семиченков С. А.,Turkish Airlines,Выдача до 30 минут
2026-08-01,ФВ 6177 ,СУ9,САНКТ-ПЕТЕРБУРГ(ПУЛКОВО),8,Y(А04),18:16,196,2026-08-01 18:25:00,2026-08-01 18:26:00,,2026-08-01 18:28:00,2026-08-01 18:31:00,2026-08-01 18:28:00,2026-08-01 18:31:00,2026-08-01 18:30:00,1.0,2.0,2026-08-01 18:33:00,2026-08-01 18:34:00,,0.0,2026-08-01 18:31:00,2026-08-01 18:36:00,,,,,Харитонов И. А.,Россия,Выдача до 30 минут
2026-08-01,NE 644 ,321,ШАРМ ЭЛЬ ШЕЙХ(ШАРМ ЭЛЬ ШЕЙХ ИНТЛ.),20,Y(А10),18:28,2191,2026-08-01 18:36:00,2026-08-01 18:37:00,,2026-08-01 18:40:00,2026-08-01 18:54:00,2026-08-01 18:41:00,2026-08-01 18:54:00,2026-08-01 18:55:00,,,2026-08-01 18:50:00,2026-08-01 18:58:00,,0.0,2026-08-01 18:44:00,2026-08-01 18:50:00,2026-08-01 18:53:00,2026-08-01 18:57:00,,,"Рустамов М. А., Харитонов И. А.",Nesma Airlines,Выдача до 30 минут
2026-08-01,ЮТ 746 ,73Х,БАКУ(ИМ. ГЕЙДАРА АЛИЕВА),18,Y(А10),17:20,1463,2026-08-01 17:29:00,2026-08-01 17:31:00,,2026-08-01 17:31:00,2026-08-01 17:45:00,2026-08-01 17:31:00,2026-08-01 17:45:00,2026-08-01 17:43:00,2.0,4.0,2026-08-01 17:44:00,2026-08-01 17:52:00,,0.0,2026-08-01 17:37:00,2026-08-01 17:44:00,2026-08-01 17:47:00,2026-08-01 17:52:00,,,Тришкин А. В.,Ютэйр,Выдача до 30 минут
2026-08-01,ЮТ 576 ,734,КРАСНОДАР(ПАШКОВСКИЙ),15,Y(А07),18:31,793,2026-08-01 18:38:00,2026-08-01 18:40:00,,2026-08-01 18:41:00,2026-08-01 18:54:00,2026-08-01 18:41:00,2026-08-01 18:54:00,2026-08-01 18:47:00,7.0,8.0,2026-08-01 19:00:00,2026-08-01 19:02:00,2.0,0.0,2026-08-01 18:56:00,2026-08-01 19:01:00,,,,,Андреев А. М.,Ютэйр,Выдача до 30 минут
2026-08-01,ДР 262 ,73Х,КАЛИНИНГРАД(ХРАБРОВО),48,Y(А06),15:14,1076,2026-08-01 15:24:00,2026-08-01 15:26:00,,2026-08-01 15:26:00,2026-08-01 15:33:00,2026-08-01 15:26:00,2026-08-01 15:33:00,2026-08-01 15:35:00,,,2026-08-01 15:39:00,2026-08-01 15:41:00,,0.0,2026-08-01 15:35:00,2026-08-01 15:40:00,,,,,Михайлов М. С.,Победа,Выдача до 30 минут
2026-08-01,ДР 116 ,7С8,СОЧИ,49,Y(А06),14:22,913,2026-08-01 14:29:00,2026-08-01 14:30:00,,2026-08-01 14:32:00,2026-08-01 14:39:00,2026-08-01 14:32:00,2026-08-01 14:39:00,2026-08-01 14:39:00,,1.0,2026-08-01 14:45:00,2026-08-01 14:50:00,,0.0,2026-08-01 14:40:00,2026-08-01 14:46:00,,,,,Чеканов В. А.,Победа,Выдача до 30 минут
2026-08-01,TK 1231 ,32Б,АНТАЛЬЯ,29,Y(А11),11:51,2017,2026-08-01 12:04:00,2026-08-01 12:07:00,,2026-08-01 12:07:00,2026-08-01 12:21:00,2026-08-01 12:07:00,2026-08-01 12:21:00,2026-08-01 12:21:00,,1.0,2026-08-01 12:20:00,2026-08-01 12:26:00,,0.0,2026-08-01 12:19:00,2026-08-01 12:22:00,,,,,Харитонов И. А.,Turkish Airlines,Выдача до 30 минут
2026-08-01,TK 3012 ,321,АНТАЛЬЯ,24,Y(А10),12:07,2397,2026-08-01 12:17:00,2026-08-01 12:19:00,,2026-08-01 12:24:00,2026-08-01 12:36:00,2026-08-01 12:24:00,2026-08-01 12:36:00,2026-08-01 12:37:00,,,2026-08-01 12:37:00,2026-08-01 12:43:00,,0.0,2026-08-01 12:33:00,2026-08-01 12:47:00,,,,,Чеканов В. А.,Turkish Airlines,Выдача до 30 минут
2026-08-01,TK 3192 ,321,АНТАЛЬЯ,19,Y(А09),12:15,2059,2026-08-01 12:23:00,2026-08-01 12:25:00,,2026-08-01 12:26:00,2026-08-01 12:37:00,2026-08-01 12:26:00,2026-08-01 12:37:00,2026-08-01 12:41:00,,,2026-08-01 12:38:00,2026-08-01 12:42:00,,0.0,2026-08-01 12:38:00,2026-08-01 12:44:00,,,,,Тришкин А. В.,Turkish Airlines,Выдача до 30 минут
2026-08-01,ФВ 6009 ,СУ9,САНКТ-ПЕТЕРБУРГ(ПУЛКОВО),8,Y(А04),12:21,196,2026-08-01 12:30:00,2026-08-01 12:32:00,,2026-08-01 12:35:00,2026-08-01 12:37:00,2026-08-01 12:35:00,2026-08-01 12:37:00,2026-08-01 12:35:00,2.0,1.0,2026-08-01 12:57:00,2026-08-01 12:58:00,7.0,0.0,2026-08-01 12:38:00,2026-08-01 12:41:00,,,,,Ушаков Г. А.,Россия,Выдача до 30 минут
2026-08-01,NE 614 ,320,ХУРГАДА(ХУРГАДА ИНТЛ.),26,Y(А09),12:40,1821,2026-08-01 12:49:00,2026-08-01 12:56:00,4.0,2026-08-01 12:59:00,2026-08-01 13:16:00,2026-08-01 12:59:00,2026-08-01 13:16:00,2026-08-01 13:05:00,11.0,5.0,2026-08-01 13:08:00,2026-08-01 13:21:00,,2.0,2026-08-01 13:05:00,2026-08-01 13:08:00,2026-08-01 13:16:00,2026-08-01 13:19:00,,,Кейта А. С.,Nesma Airlines,Выдача от 30 до 40 минут
2026-08-01,ЮТ 786A,762,ЕРЕВАН(ЗВАРТНОЦ ИНТЛ),21,Y(А13),12:56,1867,2026-08-01 13:08:00,2026-08-01 13:09:00,,2026-08-01 13:12:00,2026-08-01 13:32:00,2026-08-01 13:12:00,2026-08-01 13:32:00,2026-08-01 13:24:00,8.0,8.0,2026-08-01 13:27:00,2026-08-01 13:29:00,,0.0,2026-08-01 13:12:00,2026-08-01 13:33:00,,,,,Иванов В. А.,Ютэйр,Выдача до 30 минут
2026-08-01,TK 417 ,32Б,СТАМБУЛ(СТАМБУЛ НЬЮ),23,Y(А10),13:01,3358,2026-08-01 13:23:00,2026-08-01 13:24:00,,2026-08-01 13:26:00,2026-08-01 13:43:00,2026-08-01 13:26:00,2026-08-01 13:43:00,2026-08-01 13:49:00,,,2026-08-01 13:41:00,2026-08-01 13:50:00,,0.0,2026-08-01 13:45:00,2026-08-01 13:51:00,2026-08-01 13:28:00,2026-08-01 13:42:00,,,Попов Д. В.,Turkish Airlines,Выдача до 30 минут
2026-08-01,4S 333 ,73Х,ШАРМ ЭЛЬ ШЕЙХ(ШАРМ ЭЛЬ ШЕЙХ ИНТЛ.),25,Y(А10),14:58,2091,2026-08-01 15:16:00,2026-08-01 15:17:00,,2026-08-01 15:20:00,2026-08-01 15:43:00,2026-08-01 15:42:00,2026-08-01 15:43:00,2026-08-01 15:34:00,9.0,,2026-08-01 15:32:00,2026-08-01 15:47:00,,1.0,2026-08-01 15:26:00,2026-08-01 15:32:00,2026-08-01 15:38:00,2026-08-01 15:42:00,,,"Кейта А. С., Тришкин А. В.",Red Sea,Выдача от 30 до 40 минут
2026-08-01,ЖГ 937 ,735,БАТУМИ,30,Y(А11),13:06,1720,2026-08-01 13:14:00,2026-08-01 13:16:00,,2026-08-01 13:19:00,2026-08-01 13:39:00,2026-08-01 13:19:00,2026-08-01 13:39:00,2026-08-01 13:29:00,10.0,9.0,2026-08-01 13:33:00,2026-08-01 13:44:00,,0.0,2026-08-01 13:30:00,2026-08-01 13:34:00,2026-08-01 13:39:00,2026-08-01 13:43:00,,,Тихонов С. М.,GEORGIAN AIRWAYS,Выдача до 30 минут
2026-08-01,ФВ 6025 ,СУ9,САНКТ-ПЕТЕРБУРГ(ПУЛКОВО),9,Y(А04),13:38,314,2026-08-01 13:49:00,2026-08-01 13:52:00,,2026-08-01 13:52:00,2026-08-01 13:55:00,2026-08-01 13:52:00,2026-08-01 13:55:00,2026-08-01 13:55:00,,1.0,2026-08-01 13:57:00,2026-08-01 14:02:00,,0.0,2026-08-01 13:56:00,2026-08-01 13:57:00,,,,,Харитонов И. А.,Россия,Выдача до 30 минут
2026-08-01,TK 3082 ,32Б,АНТАЛЬЯ,24,Y(А09),13:47,1820,2026-08-01 13:56:00,2026-08-01 13:59:00,,2026-08-01 14:00:00,2026-08-01 14:09:00,2026-08-01 14:00:00,2026-08-01 14:09:00,2026-08-01 14:12:00,,,2026-08-01 14:11:00,2026-08-01 14:15:00,,0.0,2026-08-01 14:10:00,2026-08-01 14:18:00,,,,,Чеканов В. А.,Turkish Airlines,Выдача до 30 минут
2026-08-01,ДР 856 ,73Х,ГЮМРИ(ШИРАК),50,Y(А13),14:02,1310,2026-08-01 14:12:00,2026-08-01 14:12:00,,2026-08-01 14:14:00,2026-08-01 14:22:00,2026-08-01 14:14:00,2026-08-01 14:22:00,2026-08-01 14:25:00,,,2026-08-01 14:25:00,2026-08-01 14:33:00,,0.0,2026-08-01 14:20:00,2026-08-01 14:25:00,2026-08-01 14:24:00,2026-08-01 14:30:00,,,Рустамов М. А.,Победа,Выдача до 30 минут
2026-08-01,ЮТ 744 ,734,ГЯНДЖА,16,Y(А12),14:05,1296,2026-08-01 14:11:00,2026-08-01 14:14:00,,2026-08-01 14:17:00,2026-08-01 14:28:00,2026-08-01 14:17:00,2026-08-01 14:28:00,2026-08-01 14:24:00,4.0,2.0,2026-08-01 14:31:00,2026-08-01 14:37:00,,0.0,2026-08-01 14:26:00,2026-08-01 14:31:00,2026-08-01 14:29:00,2026-08-01 14:34:00,,,Королёв Е. А.,Ютэйр,Выдача до 30 минут
2026-08-01,PC 388 ,32Щ,СТАМБУЛ(САБИХА ГОКЦЕН),20,Y(А09),14:10,2943,2026-08-01 14:21:00,2026-08-01 14:22:00,,2026-08-01 14:23:00,2026-08-01 14:41:00,2026-08-01 14:24:00,2026-08-01 14:41:00,2026-08-01 14:45:00,,,2026-08-01 14:36:00,2026-08-01 14:42:00,,0.0,2026-08-01 14:31:00,2026-08-01 14:36:00,2026-08-01 14:38:00,2026-08-01 14:42:00,,,"Тришкин А. В., Харитонов И. А.",Pegasus,Выдача до 30 минут
2026-08-01,ФВ 6027 ,СУ9,САНКТ-ПЕТЕРБУРГ(ПУЛКОВО),8,Y(А04),14:14,186,2026-08-01 14:28:00,2026-08-01 14:28:00,,2026-08-01 14:31:00,2026-08-01 14:35:00,2026-08-01 14:31:00,2026-08-01 14:35:00,2026-08-01 14:33:00,2.0,3.0,2026-08-01 14:37:00,2026-08-01 14:38:00,,0.0,2026-08-01 14:34:00,2026-08-01 14:37:00,,,,,Екимов С. С.,Россия,Выдача до 30 минут
2026-08-01,NE 640 ,321,ШАРМ ЭЛЬ ШЕЙХ(ШАРМ ЭЛЬ ШЕЙХ ИНТЛ.),19,Y(А11),14:18,1951,2026-08-01 14:30:00,2026-08-01 14:31:00,,2026-08-01 14:34:00,2026-08-01 14:54:00,2026-08-01 14:34:00,2026-08-01 14:54:00,2026-08-01 14:47:00,7.0,7.0,2026-08-01 14:46:00,2026-08-01 14:59:00,,0.0,2026-08-01 14:41:00,2026-08-01 14:46:00,2026-08-01 14:55:00,2026-08-01 14:59:00,,,"Семиченков С. А., Тихонов С. М.",Nesma Airlines,Выдача до 30 минут
2026-08-01,ЮВ 204 ,ЦР2,ТОБОЛЬСК(РЕМЕЗОВ),44,Y(А05),13:11,462,2026-08-01 13:17:00,2026-08-01 13:17:00,,2026-08-01 13:18:00,2026-08-01 13:23:00,2026-08-01 13:18:00,2026-08-01 13:23:00,2026-08-01 13:24:00,,2.0,2026-08-01 13:28:00,2026-08-01 13:29:00,,0.0,2026-08-01 13:24:00,2026-08-01 13:31:00,,,,,Екимов С. С.,ЮВТ АЭРО,Выдача до 30 минут
2026-08-01,TK 3070 ,32Б,АНТАЛЬЯ,25,Y(А09),11:42,1890,2026-08-01 11:51:00,2026-08-01 11:57:00,3.0,2026-08-01 12:00:00,2026-08-01 12:09:00,2026-08-01 12:00:00,2026-08-01 12:09:00,2026-08-01 12:08:00,1.0,,2026-08-01 12:16:00,2026-08-01 12:22:00,5.0,1.0,2026-08-01 12:10:00,2026-08-01 12:15:00,,,,,Соколов И. С.,Turkish Airlines,Выдача от 30 до 40 минут
2026-08-01,ЮТ 456 ,735,НОЯБРЬСК,21,Y(А05),18:42,699,2026-08-01 18:50:00,2026-08-01 18:52:00,,2026-08-01 18:55:00,2026-08-01 19:03:00,2026-08-01 18:55:00,2026-08-01 19:03:00,2026-08-01 18:59:00,4.0,3.0,2026-08-01 19:09:00,2026-08-01 19:10:00,,0.0,2026-08-01 19:05:00,2026-08-01 19:08:00,,,,,Чеканов В. А.,Ютэйр,Выдача до 30 минут
2026-08-01,PBD 840 ,7С8,АНТАЛЬЯ,47,Y(А09),18:56,1604,2026-08-01 19:03:00,2026-08-01 19:04:00,,2026-08-01 19:06:00,2026-08-01 19:17:00,2026-08-01 19:06:00,2026-08-01 19:17:00,2026-08-01 19:18:00,,,2026-08-01 19:17:00,2026-08-01 19:27:00,,0.0,2026-08-01 19:12:00,2026-08-01 19:18:00,2026-08-01 19:19:00,2026-08-01 19:27:00,,,Гафуров О. Ф.,Победа,Выдача до 30 минут
2026-08-01,ЮТ 784 ,73Х,АНТАЛЬЯ,24,Y(А09),21:50,1843,2026-08-01 22:04:00,2026-08-01 22:04:00,,2026-08-01 22:10:00,2026-08-01 22:23:00,2026-08-01 22:10:00,2026-08-01 22:23:00,2026-08-01 22:20:00,3.0,1.0,2026-08-01 22:20:00,2026-08-01 22:46:00,,12.0,2026-08-01 22:16:00,2026-08-01 22:20:00,2026-08-01 22:26:00,2026-08-01 22:30:00,,,Михайлов М. С.,Ютэйр,Выдача более 40 минут
2026-08-01,NE 648 ,320,ШАРМ ЭЛЬ ШЕЙХ(ШАРМ ЭЛЬ ШЕЙХ ИНТЛ.),30,Y(А11),21:53,1422,2026-08-01 22:05:00,2026-08-01 22:10:00,2.0,2026-08-01 22:11:00,2026-08-01 22:21:00,2026-08-01 22:11:00,2026-08-01 22:21:00,2026-08-01 22:18:00,3.0,1.0,2026-08-01 22:29:00,2026-08-01 22:30:00,4.0,0.0,2026-08-01 22:14:00,2026-08-01 22:18:00,2026-08-01 22:23:00,2026-08-01 22:30:00,,,Науну М.,Nesma Airlines,Выдача до 30 минут
2026-08-01,УТА 6132 ,734,СУРГУТ,8,Y(А08),21:56,475,2026-08-01 22:05:00,2026-08-01 22:07:00,,2026-08-01 22:08:00,2026-08-01 22:13:00,2026-08-01 22:08:00,2026-08-01 22:13:00,2026-08-01 22:12:00,1.0,2.0,2026-08-01 22:17:00,2026-08-01 22:19:00,,0.0,2026-08-01 22:15:00,2026-08-01 22:17:00,,,,,Фанин Н. О.,Ютэйр,Выдача до 30 минут
2026-08-01,ФВ 6185 ,СУ9,САНКТ-ПЕТЕРБУРГ(ПУЛКОВО),10,Y(А04),22:15,113,2026-08-01 22:24:00,2026-08-01 22:26:00,,2026-08-01 22:28:00,2026-08-01 22:30:00,2026-08-01 22:28:00,2026-08-01 22:30:00,2026-08-01 22:29:00,1.0,1.0,2026-08-01 22:32:00,2026-08-01 22:33:00,,0.0,2026-08-01 22:30:00,2026-08-01 22:33:00,,,,,Семиченков С. А.,Россия,Выдача до 30 минут
2026-08-01,ЮТ 810 ,73Х,САМАРКАНД(САМАРКАНД ИНТЛ.),16,Y(А12),22:18,1068,2026-08-01 22:27:00,2026-08-01 22:30:00,,2026-08-01 22:31:00,2026-08-01 22:38:00,2026-08-01 22:31:00,2026-08-01 22:38:00,2026-08-01 22:38:00,,,2026-08-01 22:45:00,2026-08-01 22:46:00,,0.0,2026-08-01 22:39:00,2026-08-01 22:45:00,,,,,Соколов И. С.,Ютэйр,Выдача до 30 минут
2026-08-01,NE 616 ,320,ХУРГАДА(ХУРГАДА ИНТЛ.),25,Y(А11),22:26,1835,2026-08-01 22:39:00,2026-08-01 22:39:00,,2026-08-01 22:41:00,2026-08-01 22:53:00,2026-08-01 22:41:00,2026-08-01 22:53:00,2026-08-01 22:55:00,,,2026-08-01 22:50:00,2026-08-01 22:58:00,,0.0,2026-08-01 22:47:00,2026-08-01 22:51:00,2026-08-01 22:55:00,2026-08-01 22:59:00,,,Фанин Н. О.,Nesma Airlines,Выдача до 30 минут
2026-08-01,А4 7036 ,СУ9,ПСКОВ(КРЕСТЫ),51A,Y(А05),22:44,253,2026-08-01 22:55:00,2026-08-01 22:58:00,,2026-08-01 23:00:00,2026-08-01 23:04:00,2026-08-01 23:00:00,2026-08-01 23:04:00,2026-08-01 23:01:00,3.0,2.0,2026-08-01 23:11:00,2026-08-01 23:12:00,,0.0,2026-08-01 23:03:00,2026-08-01 23:11:00,,,,,Семиченков С. А.,Азимут,Выдача до 30 минут
2026-08-01,J2 803 ,76В,БАКУ(ИМ. ГЕЙДАРА АЛИЕВА),18,Y(А10),21:46,2206,2026-08-01 21:56:00,2026-08-01 21:56:00,,2026-08-01 22:00:00,2026-08-01 22:10:00,2026-08-01 22:00:00,2026-08-01 22:10:00,2026-08-01 22:15:00,,,2026-08-01 22:18:00,2026-08-01 22:26:00,2.0,0.0,2026-08-01 22:08:00,2026-08-01 22:19:00,,,,,Лизенко Е. В.,AZAL,Выдача до 30 минут
2026-08-01,DV 813 ,738,АСТАНА(НУРСУЛТАН НАЗАРБАЕВ),20,Y(А13),22:53,1445,2026-08-01 23:02:00,2026-08-01 23:04:00,,2026-08-01 23:15:00,2026-08-01 23:24:00,2026-08-01 23:15:00,2026-08-01 23:24:00,2026-08-01 23:16:00,8.0,,2026-08-01 23:20:00,2026-08-01 23:29:00,,0.0,2026-08-01 23:14:00,2026-08-01 23:20:00,2026-08-01 23:24:00,2026-08-01 23:30:00,,,Тихонов С. М.,SCAT Airlines,Выдача до 30 минут
2026-08-01,ДР 206 ,73Х,САНКТ-ПЕТЕРБУРГ(ПУЛКОВО),47,Y(А04),23:07,257,2026-08-01 23:16:00,2026-08-01 23:18:00,,2026-08-01 23:17:00,2026-08-01 23:20:00,2026-08-01 23:17:00,2026-08-01 23:20:00,2026-08-01 23:22:00,,1.0,2026-08-01 23:29:00,2026-08-01 23:31:00,,0.0,2026-08-01 23:23:00,2026-08-01 23:29:00,,,,,Гафуров О. Ф.,Победа,Выдача до 30 минут
2026-08-01,ДР 486 ,73Х,УЛЬЯНОВСК(БАРАТАЕВКА),48,Y(А05),23:23,279,2026-08-01 23:33:00,2026-08-01 23:35:00,,2026-08-01 23:35:00,2026-08-01 23:37:00,2026-08-01 23:35:00,2026-08-01 23:37:00,2026-08-01 23:39:00,,,2026-08-01 23:45:00,2026-08-01 23:47:00,,0.0,2026-08-01 23:40:00,2026-08-01 23:48:00,,,,,Семиченков С. А.,Победа,Выдача до 30 минут
2026-08-01,А4 7030 ,СУ9,ЕРЕВАН(ЗВАРТНОЦ ИНТЛ),45,Y(А13),23:29,609,2026-08-01 23:39:00,2026-08-01 23:41:00,,2026-08-01 23:41:00,2026-08-01 23:47:00,2026-08-01 23:41:00,2026-08-01 23:47:00,2026-08-01 23:47:00,,2.0,2026-08-01 23:58:00,2026-08-02 00:00:00,,0.0,2026-08-01 23:48:00,2026-08-01 23:58:00,,,,,Корнилов Н. А.,Азимут,Выдача до 30 минут
2026-08-01,J2 809 ,763,БАКУ(ИМ. ГЕЙДАРА АЛИЕВА),18,Y(А09),23:34,2276,2026-08-01 23:43:00,2026-08-01 23:45:00,,2026-08-01 23:47:00,2026-08-01 23:57:00,2026-08-01 23:47:00,2026-08-01 23:57:00,2026-08-02 00:02:00,,,2026-08-01 23:55:00,2026-08-02 00:05:00,,0.0,2026-08-01 23:51:00,2026-08-02 00:02:00,,,,,Тришкин А. В.,AZAL,Выдача до 30 минут
2026-08-01,PC 1576 ,32Щ,АНТАЛЬЯ,27,Y(А10),23:47,3000,2026-08-01 23:56:00,2026-08-01 23:57:00,,2026-08-01 23:59:00,2026-08-02 00:16:00,2026-08-01 23:59:00,2026-08-02 00:16:00,2026-08-02 00:20:00,,,2026-08-02 00:07:00,2026-08-02 00:26:00,,0.0,2026-08-02 00:03:00,2026-08-02 00:06:00,2026-08-02 00:16:00,2026-08-02 00:20:00,,,"Лизенко Е. В., Науну М.",Pegasus,Выдача до 30 минут
2026-08-01,ЮТ 358 ,73Х,САМАРА(КУРУМОЧ),17,Y(А07),23:51,665,2026-08-01 23:59:00,2026-08-02 00:00:00,,2026-08-02 00:01:00,2026-08-02 00:06:00,2026-08-02 00:01:00,2026-08-02 00:06:00,2026-08-02 00:07:00,,1.0,2026-08-02 00:11:00,2026-08-02 00:13:00,,0.0,2026-08-02 00:07:00,2026-08-02 00:11:00,,,,,Конюхов Я. А.,Ютэйр,Выдача до 30 минут
2026-08-01,TK 3060 ,321,АНТАЛЬЯ,21,Y(А12),23:57,2195,2026-08-02 00:07:00,2026-08-02 00:10:00,,2026-08-02 00:14:00,2026-08-02 00:33:00,2026-08-02 00:14:00,2026-08-02 00:33:00,2026-08-02 00:26:00,7.0,4.0,2026-08-02 00:35:00,2026-08-02 00:36:00,8.0,0.0,2026-08-02 00:38:00,2026-08-02 00:39:00,,,,,Смирнов Н. В.,Turkish Airlines,Выдача до 30 минут
2026-08-01,TK 411 ,333,СТАМБУЛ(СТАМБУЛ НЬЮ),22,Y(А09),23:01,6100,2026-08-01 23:16:00,2026-08-01 23:18:00,,2026-08-01 23:17:00,2026-08-01 23:39:00,2026-08-01 23:18:00,2026-08-01 23:39:00,2026-08-02 00:01:00,,,2026-08-01 23:20:00,2026-08-01 23:48:00,,2.0,2026-08-01 23:42:00,2026-08-01 23:46:00,2026-08-01 23:26:00,2026-08-01 23:34:00,2026-08-01 23:36:00,2026-08-01 23:47:00,"Андреев А. М., Михайлов М. С.",Turkish Airlines,Выдача от 30 до 40 минут
2026-08-01,ЮТ 250 ,73Х,СОЧИ,17,Y(А06),18:54,1482,2026-08-01 19:01:00,2026-08-01 19:03:00,,2026-08-01 19:06:00,2026-08-01 19:22:00,2026-08-01 19:06:00,2026-08-01 19:22:00,2026-08-01 19:15:00,7.0,6.0,2026-08-01 19:18:00,2026-08-01 19:27:00,,0.0,2026-08-01 19:13:00,2026-08-01 19:18:00,2026-08-01 19:22:00,2026-08-01 19:27:00,,,Кейта А. С.,Ютэйр,Выдача до 30 минут
2026-08-01,ДР 422 ,73Х,САМАРА(КУРУМОЧ),48,Y(А07),21:38,389,2026-08-01 21:45:00,2026-08-01 21:48:00,,2026-08-01 21:48:00,2026-08-01 21:53:00,2026-08-01 21:48:00,2026-08-01 21:53:00,2026-08-01 21:52:00,1.0,2.0,2026-08-01 22:02:00,2026-08-01 22:03:00,,0.0,2026-08-01 21:54:00,2026-08-01 22:02:00,,,,,Андреев А. М.,Победа,Выдача до 30 минут
2026-08-01,ЮВ 301 ,ЦР2,БУГУЛЬМА,45,Y(А05),21:30,535,2026-08-01 21:38:00,2026-08-01 21:38:00,,2026-08-01 21:41:00,2026-08-01 21:46:00,2026-08-01 21:41:00,2026-08-01 21:46:00,2026-08-01 21:46:00,,1.0,2026-08-01 21:53:00,2026-08-01 21:54:00,,0.0,2026-08-01 21:48:00,2026-08-01 21:53:00,,,,,Рустамов М. А.,ЮВТ АЭРО,Выдача до 30 минут
2026-08-01,УР 512 ,75В,БОДРУМ(МИЛАС),19,Y(А12),19:01,1227,2026-08-01 19:10:00,2026-08-01 19:12:00,,2026-08-01 19:14:00,2026-08-01 19:25:00,2026-08-01 19:14:00,2026-08-01 19:25:00,2026-08-01 19:22:00,3.0,3.0,2026-08-01 19:26:00,2026-08-01 19:30:00,,0.0,2026-08-01 19:19:00,2026-08-01 19:25:00,2026-08-01 19:24:00,2026-08-01 19:29:00,,,Королёв Е. А.,FLYONE Armenia,Выдача до 30 минут
2026-08-01,ФВ 6179 ,СУ9,САНКТ-ПЕТЕРБУРГ(ПУЛКОВО),9,Y(А04),19:12,155,2026-08-01 19:21:00,2026-08-01 19:23:00,,2026-08-01 19:27:00,2026-08-01 19:30:00,2026-08-01 19:27:00,2026-08-01 19:30:00,2026-08-01 19:26:00,4.0,2.0,2026-08-01 19:32:00,2026-08-01 19:33:00,,0.0,2026-08-01 19:32:00,2026-08-01 19:41:00,,,,,Тришкин А. В.,Россия,Выдача до 30 минут
2026-08-01,ЮТ 296 ,73Е,СУРГУТ,13,Y(А05),19:23,744,2026-08-01 19:34:00,2026-08-01 19:34:00,,2026-08-01 19:36:00,2026-08-01 19:39:00,2026-08-01 19:36:00,2026-08-01 19:39:00,2026-08-01 19:43:00,,,2026-08-01 19:44:00,2026-08-01 19:45:00,,0.0,2026-08-01 19:41:00,2026-08-01 19:45:00,,,,,Науну М.,Ютэйр,Выдача до 30 минут
2026-08-01,ХИ 9627 ,32Н,ФЕРГАНА(ФЕРГАНА ИНТЛ.),24,Y(А11),19:38,2121,2026-08-01 19:50:00,2026-08-01 19:51:00,,2026-08-01 19:54:00,2026-08-01 20:07:00,2026-08-01 19:54:00,2026-08-01 20:07:00,2026-08-01 20:08:00,,,2026-08-01 20:01:00,2026-08-01 20:14:00,,0.0,2026-08-01 19:58:00,2026-08-01 20:01:00,2026-08-01 20:07:00,2026-08-01 20:13:00,,,Лизенко Е. В.,UZBEKISTAN AIRWAYS,Выдача до 30 минут
2026-08-01,PBD 860 ,73Х,АНТАЛЬЯ,49,Y(А12),19:44,1565,2026-08-01 19:50:00,2026-08-01 19:52:00,,2026-08-01 19:53:00,2026-08-01 20:04:00,2026-08-01 19:53:00,2026-08-01 20:04:00,2026-08-01 20:04:00,,1.0,2026-08-01 20:04:00,2026-08-01 20:13:00,,0.0,2026-08-01 19:59:00,2026-08-01 20:04:00,2026-08-01 20:06:00,2026-08-01 20:09:00,,,Бородин А. В.,Победа,Выдача до 30 минут
2026-08-01,ХИ 613 ,788,ТАШКЕНТ(ТАШКЕНТ ИНТЛ.),23,Y(А10),19:51,3152,2026-08-01 20:05:00,2026-08-01 20:07:00,,2026-08-01 20:11:00,2026-08-01 20:23:00,2026-08-01 20:11:00,2026-08-01 20:23:00,2026-08-01 20:30:00,,,2026-08-01 20:24:00,2026-08-01 20:31:00,,0.0,2026-08-01 20:37:00,2026-08-01 20:41:00,2026-08-01 20:22:00,2026-08-01 20:26:00,,,Корнилов Н. А.,UZBEKISTAN AIRWAYS,Выдача до 30 минут
2026-08-01,ДР 964 ,7С8,ДАЛАМАН,46,Y(А12),19:55,1549,2026-08-01 20:03:00,2026-08-01 20:05:00,,2026-08-01 20:05:00,2026-08-01 20:15:00,2026-08-01 20:05:00,2026-08-01 20:15:00,2026-08-01 20:17:00,,,2026-08-01 20:19:00,2026-08-01 20:22:00,,0.0,2026-08-01 20:12:00,2026-08-01 20:16:00,2026-08-01 20:18:00,2026-08-01 20:24:00,,,Смирнов Н. В.,Победа,Выдача до 30 минут
2026-08-01,ДР 194 ,73Х,НАЛЬЧИК,43,Y(А06),21:32,1003,2026-08-01 21:39:00,2026-08-01 21:44:00,2.0,2026-08-01 21:42:00,2026-08-01 21:50:00,2026-08-01 21:42:00,2026-08-01 21:50:00,2026-08-01 21:50:00,,1.0,2026-08-01 21:57:00,2026-08-01 21:59:00,,0.0,2026-08-01 21:51:00,2026-08-01 21:58:00,,,,,Корнилов Н. А.,Победа,Выдача до 30 минут
2026-08-01,ХИ 9609 ,320,ТЕРМЕЗ,26,Y(А09),19:58,1698,2026-08-01 20:08:00,2026-08-01 20:11:00,,2026-08-01 20:12:00,2026-08-01 20:29:00,2026-08-01 20:12:00,2026-08-01 20:29:00,2026-08-01 20:23:00,6.0,6.0,2026-08-01 20:26:00,2026-08-01 20:34:00,,0.0,2026-08-01 20:22:00,2026-08-01 20:24:00,2026-08-01 20:31:00,2026-08-01 20:34:00,,,Тришкин А. В.,UZBEKISTAN AIRWAYS,Выдача до 30 минут
2026-08-01,ХИ 9619 ,32Н,НАМАНГАН,25,Y(А10),20:09,1862,2026-08-01 20:18:00,2026-08-01 20:20:00,,2026-08-01 20:21:00,2026-08-01 20:40:00,2026-08-01 20:21:00,2026-08-01 20:40:00,2026-08-01 20:34:00,6.0,7.0,2026-08-01 20:30:00,2026-08-01 20:48:00,,0.0,2026-08-01 20:27:00,2026-08-01 20:30:00,2026-08-01 20:41:00,2026-08-01 20:48:00,,,Семиченков С. А.,UZBEKISTAN AIRWAYS,Выдача до 30 минут
2026-08-01,ЯК 474 ,7С8,СОЧИ,16,Y(А07),20:12,1026,2026-08-01 20:23:00,2026-08-01 20:24:00,,2026-08-01 20:27:00,2026-08-01 20:37:00,2026-08-01 20:27:00,2026-08-01 20:37:00,2026-08-01 20:30:00,7.0,7.0,2026-08-01 20:42:00,2026-08-01 20:44:00,,0.0,2026-08-01 20:38:00,2026-08-01 20:42:00,,,,,Королёв Е. А.,Якутия,Выдача до 30 минут
2026-08-01,НВЦ 9152 ,32Щ,САБЕТТА,14,Y(А05),20:15,364,2026-08-01 20:28:00,2026-08-01 20:29:00,,2026-08-01 20:33:00,2026-08-01 20:36:00,2026-08-01 20:33:00,2026-08-01 20:36:00,2026-08-01 20:34:00,2.0,1.0,2026-08-01 20:40:00,2026-08-01 20:41:00,,0.0,2026-08-01 20:38:00,2026-08-01 20:40:00,,,,,Соколов И. С.,Северо-Запад,Выдача до 30 минут
2026-08-01,ДР 404 ,7С8,ЕКАТЕРИНБУРГ(КОЛЬЦОВО),50,Y(А08),20:19,518,2026-08-01 20:27:00,2026-08-01 20:27:00,,2026-08-01 20:30:00,2026-08-01 20:34:00,2026-08-01 20:30:00,2026-08-01 20:34:00,2026-08-01 20:34:00,,1.0,2026-08-01 20:40:00,2026-08-01 20:41:00,,0.0,2026-08-01 20:36:00,2026-08-01 20:42:00,,,,,Бородин А. В.,Победа,Выдача до 30 минут
2026-08-01,ФВ 6181 ,СУ9,САНКТ-ПЕТЕРБУРГ(ПУЛКОВО),8,Y(А04),20:29,161,2026-08-01 20:41:00,2026-08-01 20:42:00,,2026-08-01 20:45:00,2026-08-01 20:48:00,2026-08-01 20:45:00,2026-08-01 20:48:00,2026-08-01 20:46:00,2.0,2.0,2026-08-01 20:56:00,2026-08-01 20:57:00,,0.0,2026-08-01 20:55:00,2026-08-01 20:56:00,,,,,Рустамов М. А.,Россия,Выдача до 30 минут
2026-08-01,DV 815 ,7М8,АЛМАТЫ(АЛМАТЫ ИНТЛ.),20,Y(А13),20:34,1158,2026-08-01 20:42:00,2026-08-01 20:43:00,,2026-08-01 20:46:00,2026-08-01 20:58:00,2026-08-01 20:46:00,2026-08-01 20:58:00,2026-08-01 20:54:00,4.0,4.0,2026-08-01 21:02:00,2026-08-01 21:03:00,,0.0,2026-08-01 20:56:00,2026-08-01 21:01:00,,,,,"Баташан В. Ю., Михайлов М. С.",SCAT Airlines,Выдача до 30 минут
2026-08-01,ФВ 6183 ,СУ9,САНКТ-ПЕТЕРБУРГ(ПУЛКОВО),9,Y(А04),21:14,140,2026-08-01 21:25:00,2026-08-01 21:27:00,,2026-08-01 21:29:00,2026-08-01 21:31:00,2026-08-01 21:29:00,2026-08-01 21:31:00,2026-08-01 21:30:00,1.0,1.0,2026-08-01 21:34:00,2026-08-01 21:35:00,,0.0,2026-08-01 21:32:00,2026-08-01 21:33:00,,,,,Михайлов М. С.,Россия,Выдача до 30 минут
2026-08-01,FZ 989 ,7М8,ДУБАЙ(ДУБАЙ ИНТЛ.),29,Y(А09),20:07,2500,2026-08-01 20:19:00,2026-08-01 20:21:00,,2026-08-01 20:22:00,2026-08-01 20:44:00,2026-08-01 20:23:00,2026-08-01 20:44:00,2026-08-01 20:40:00,4.0,4.0,2026-08-01 20:28:00,2026-08-01 20:42:00,,0.0,2026-08-01 20:30:00,2026-08-01 20:34:00,2026-08-01 20:46:00,2026-08-01 20:49:00,,,"Гафуров О. Ф., Науну М.",flydubai,Выдача до 30 минут
2026-08-01,УР 412 ,75В,ДАЛАМАН,18,Y(А12),11:39,2031,2026-08-01 11:48:00,2026-08-01 11:50:00,,2026-08-01 11:53:00,2026-08-01 12:09:00,2026-08-01 11:53:00,2026-08-01 12:09:00,2026-08-01 12:06:00,3.0,2.0,2026-08-01 12:04:00,2026-08-01 12:16:00,,0.0,2026-08-01 11:59:00,2026-08-01 12:04:00,2026-08-01 12:12:00,2026-08-01 12:17:00,,,Омурбек У. Б.,FLYONE Armenia,Выдача до 30 минут
2026-08-01,ЮТ 464 ,73Х,ТЮМЕНЬ(РОЩИНО),11,Y(А06),18:50,1335,2026-08-01 19:01:00,2026-08-01 19:01:00,,2026-08-01 19:06:00,2026-08-01 19:16:00,2026-08-01 19:06:00,2026-08-01 19:16:00,2026-08-01 19:14:00,2.0,1.0,2026-08-01 19:17:00,2026-08-01 19:18:00,,0.0,2026-08-01 19:14:00,2026-08-01 19:16:00,2026-08-01 19:19:00,2026-08-01 19:21:00,,,Соколов И. С.,Ютэйр,Выдача до 30 минут
2026-08-01,TK 413 ,333,СТАМБУЛ(СТАМБУЛ НЬЮ),23,Y(А10),11:31,5004,2026-08-01 11:42:00,2026-08-01 11:45:00,,2026-08-01 11:45:00,2026-08-01 12:03:00,2026-08-01 11:46:00,2026-08-01 12:03:00,2026-08-01 12:19:00,,,2026-08-01 12:00:00,2026-08-01 12:09:00,,0.0,2026-08-01 11:52:00,2026-08-01 12:03:00,2026-08-01 11:56:00,2026-08-01 12:05:00,2026-08-01 12:06:00,2026-08-01 12:08:00,"Попов Д. В., Фанин Н. О.",Turkish Airlines,Выдача до 30 минут
2026-08-01,ДР 1486 ,73Х,УЛЬЯНОВСК(БАРАТАЕВКА),49,Y(А05),01:56,375,2026-08-01 02:03:00,2026-08-01 02:04:00,,2026-08-01 02:06:00,2026-08-01 02:08:00,2026-08-01 02:06:00,2026-08-01 02:08:00,2026-08-01 02:10:00,,,2026-08-01 02:17:00,2026-08-01 02:21:00,,0.0,2026-08-01 02:12:00,2026-08-01 02:17:00,,,,,Фартушный А. И.,Победа,Выдача до 30 минут
2026-08-01,TK 3006 ,32Б,АНТАЛЬЯ,22,Y(А10),02:04,2167,2026-08-01 02:31:00,2026-08-01 02:31:00,,2026-08-01 02:35:00,2026-08-01 02:47:00,2026-08-01 02:35:00,2026-08-01 02:47:00,2026-08-01 02:49:00,,,2026-08-01 01:41:00,2026-08-01 01:42:00,,0.0,2026-08-01 02:41:00,2026-08-01 02:52:00,,,,,Скулов Е. С.,Turkish Airlines,Некорректно проставлены отметки
2026-08-01,ЖГ 932 ,73Х,ТБИЛИСИ(ТБИЛИСИ ИНТЛ.),30,Y(А09),02:08,2639,2026-08-01 02:20:00,2026-08-01 02:22:00,,2026-08-01 02:23:00,2026-08-01 02:45:00,2026-08-01 02:23:00,2026-08-01 02:45:00,2026-08-01 02:42:00,3.0,4.0,2026-08-01 02:31:00,2026-08-01 02:53:00,,3.0,2026-08-01 02:37:00,2026-08-01 02:53:00,2026-08-01 02:29:00,2026-08-01 02:32:00,,,Давлатов Б. Ч.,GEORGIAN AIRWAYS,Выдача от 30 до 40 минут
2026-08-01,TK 3172 ,32Б,АНТАЛЬЯ,27,Y(А11),02:12,2137,2026-08-01 02:28:00,2026-08-01 02:31:00,,2026-08-01 02:33:00,2026-08-01 02:45:00,2026-08-01 02:33:00,2026-08-01 02:45:00,2026-08-01 02:46:00,,,2026-08-01 02:44:00,2026-08-01 02:45:00,,0.0,2026-08-01 02:41:00,2026-08-01 02:51:00,,,,,Ушаков М. В.,Turkish Airlines,Выдача до 30 минут
2026-08-01,ДР 210 ,7С8,САНКТ-ПЕТЕРБУРГ(ПУЛКОВО),50,Y(А04),02:29,240,2026-08-01 02:38:00,2026-08-01 02:39:00,,2026-08-01 02:41:00,2026-08-01 02:45:00,2026-08-01 02:41:00,2026-08-01 02:45:00,2026-08-01 02:44:00,1.0,2.0,2026-08-01 02:51:00,2026-08-01 02:52:00,,0.0,2026-08-01 02:45:00,2026-08-01 02:50:00,,,,,Сыргаков Б. А.,Победа,Выдача до 30 минут
2026-08-01,TK 3028 ,321,АНТАЛЬЯ,20,Y(А13),02:32,2285,2026-08-01 02:43:00,2026-08-01 02:45:00,,2026-08-01 02:50:00,2026-08-01 03:04:00,2026-08-01 02:50:00,2026-08-01 03:04:00,2026-08-01 03:02:00,2.0,,2026-08-01 03:05:00,2026-08-01 03:12:00,2.0,0.0,2026-08-01 03:07:00,2026-08-01 03:11:00,,,,,Пельгуев Д.,Turkish Airlines,Выдача до 30 минут
2026-08-01,PC 386 ,32Щ,СТАМБУЛ(САБИХА ГОКЦЕН),19,Y(А09),02:45,3115,2026-08-01 02:56:00,2026-08-01 02:56:00,,2026-08-01 02:59:00,2026-08-01 03:20:00,2026-08-01 02:59:00,2026-08-01 03:20:00,2026-08-01 03:21:00,,,2026-08-01 03:10:00,2026-08-01 03:25:00,,0.0,2026-08-01 03:21:00,2026-08-01 03:25:00,2026-08-01 03:03:00,2026-08-01 03:08:00,,,Федоров Н. В.,Pegasus,Выдача до 30 минут
2026-08-01,ДР 206B,7С8,САНКТ-ПЕТЕРБУРГ(ПУЛКОВО),46,Y(А04),01:30,118,2026-08-01 01:36:00,2026-08-01 01:40:00,1.0,2026-08-01 01:39:00,2026-08-01 01:42:00,2026-08-01 01:39:00,2026-08-01 01:42:00,2026-08-01 01:41:00,1.0,2.0,2026-08-01 02:02:00,2026-08-01 02:03:00,,0.0,2026-08-01 01:43:00,2026-08-01 01:46:00,,,,,Литвин И. С.,Победа,Выдача до 30 минут
2026-08-01,ЮТ 802F,762,ДУШАНБЕ(ДУШАНБЕ ИНТЛ.),21,Y(А09),03:21,3768,2026-08-01 03:31:00,2026-08-01 03:34:00,,2026-08-01 03:37:00,2026-08-01 03:46:00,2026-08-01 03:37:00,2026-08-01 03:46:00,2026-08-01 04:00:00,,,2026-08-01 03:40:00,2026-08-01 03:58:00,,0.0,2026-08-01 03:43:00,2026-08-01 03:52:00,,,,,"Сыргаков Б. А., Ушаков М. В.",Ютэйр,Выдача до 30 минут
2026-08-01,ДР 994B,73Х,СТАМБУЛ(СТАМБУЛ НЬЮ),49,Y(А12),03:59,1212,2026-08-01 04:07:00,2026-08-01 04:07:00,,2026-08-01 04:08:00,2026-08-01 04:18:00,2026-08-01 04:08:00,2026-08-01 04:18:00,2026-08-01 04:19:00,,2.0,2026-08-01 04:20:00,2026-08-01 04:23:00,,0.0,2026-08-01 04:14:00,2026-08-01 04:20:00,2026-08-01 04:18:00,2026-08-01 04:23:00,,,"Литвин И. С., Фозылов Б. З.",Победа,Выдача до 30 минут
2026-08-01,VF 587 ,73Х,АНКАРА(ЕСЕНБОГА),22,Y(А10),04:03,2496,2026-08-01 04:18:00,2026-08-01 04:20:00,,2026-08-01 04:20:00,2026-08-01 04:38:00,2026-08-01 04:20:00,2026-08-01 04:38:00,2026-08-01 04:39:00,,1.0,2026-08-01 04:29:00,2026-08-01 04:44:00,,0.0,2026-08-01 04:25:00,2026-08-01 04:30:00,2026-08-01 04:39:00,2026-08-01 04:46:00,,,"Аганин А. А., Скулов Е. С.",AJET,Выдача до 30 минут
2026-08-01,ДР 208 ,73Х,САНКТ-ПЕТЕРБУРГ(ПУЛКОВО),44,Y(А04),04:20,144,2026-08-01 04:28:00,2026-08-01 04:31:00,,2026-08-01 04:32:00,2026-08-01 04:36:00,2026-08-01 04:32:00,2026-08-01 04:36:00,2026-08-01 04:33:00,3.0,3.0,2026-08-01 04:45:00,2026-08-01 04:47:00,,0.0,2026-08-01 04:40:00,2026-08-01 04:45:00,,,,,Фаёзов А. Р.,Победа,Выдача до 30 минут
2026-08-01,VF 277 ,73Х,СТАМБУЛ(САБИХА ГОКЦЕН),24,Y(А11),04:24,2081,2026-08-01 04:35:00,2026-08-01 04:37:00,,2026-08-01 04:39:00,2026-08-01 04:54:00,2026-08-01 04:39:00,2026-08-01 04:54:00,2026-08-01 04:53:00,1.0,1.0,2026-08-01 04:50:00,2026-08-01 04:58:00,,0.0,2026-08-01 04:55:00,2026-08-01 04:59:00,2026-08-01 04:46:00,2026-08-01 04:50:00,,,Пельгуев Д.,AJET,Выдача до 30 минут
2026-08-01,PC 1456 ,32Щ,БОДРУМ(МИЛАС),19,Y(А13),04:26,2504,2026-08-01 04:36:00,2026-08-01 04:36:00,,2026-08-01 04:42:00,2026-08-01 05:00:00,2026-08-01 04:42:00,2026-08-01 05:00:00,2026-08-01 04:57:00,3.0,1.0,2026-08-01 04:55:00,2026-08-01 05:07:00,,1.0,2026-08-01 04:49:00,2026-08-01 04:54:00,2026-08-01 05:04:00,2026-08-01 05:08:00,,,Минченко А. И.,Pegasus,Выдача от 30 до 40 минут
2026-08-01,NE 606 ,320,ХУРГАДА(ХУРГАДА ИНТЛ.),26,Y(А12),04:29,2039,2026-08-01 04:39:00,2026-08-01 04:42:00,,2026-08-01 04:43:00,2026-08-01 04:58:00,2026-08-01 04:43:00,2026-08-01 04:58:00,2026-08-01 04:57:00,1.0,1.0,2026-08-01 04:57:00,2026-08-01 05:06:00,,0.0,2026-08-01 04:54:00,2026-08-01 04:57:00,2026-08-01 05:03:00,2026-08-01 05:06:00,,,Музафаров А. С.,Nesma Airlines,Выдача до 30 минут
2026-08-01,ДР 1422 ,73Х,САМАРА(КУРУМОЧ),50,Y(А05),04:44,222,2026-08-01 04:52:00,2026-08-01 04:52:00,,2026-08-01 04:55:00,2026-08-01 04:58:00,2026-08-01 04:55:00,2026-08-01 04:58:00,2026-08-01 04:57:00,1.0,2.0,2026-08-01 05:04:00,2026-08-01 05:06:00,,0.0,2026-08-01 05:03:00,2026-08-01 05:05:00,,,,,Фозылов Б. З.,Победа,Выдача до 30 минут
2026-08-01,NE 492 ,320,ХУРГАДА(ХУРГАДА ИНТЛ.),25,Y(А13),03:38,1959,2026-08-01 03:49:00,2026-08-01 03:50:00,,2026-08-01 03:52:00,2026-08-01 04:07:00,2026-08-01 03:52:00,2026-08-01 04:07:00,2026-08-01 04:06:00,1.0,2.0,2026-08-01 04:01:00,2026-08-01 04:12:00,,0.0,2026-08-01 03:57:00,2026-08-01 04:01:00,2026-08-01 04:08:00,2026-08-01 04:12:00,,,Давлатов Б. Ч.,Nesma Airlines,Выдача до 30 минут
2026-08-01,TK 419 ,333,СТАМБУЛ(СТАМБУЛ НЬЮ),23,Y(А10),04:53,5065,2026-08-01 05:07:00,2026-08-01 05:11:00,1.0,2026-08-01 05:12:00,2026-08-01 05:30:00,2026-08-01 05:15:00,2026-08-01 05:30:00,2026-08-01 05:45:00,,,2026-08-01 05:22:00,2026-08-01 05:35:00,,0.0,2026-08-01 05:19:00,2026-08-01 05:30:00,2026-08-01 05:35:00,2026-08-01 05:36:00,2026-08-01 05:30:00,2026-08-01 05:35:00,"Кутейников А. В., Сыргаков Б. А.",Turkish Airlines,Выдача до 30 минут
2026-08-01,TK 3154 ,321,БОДРУМ(МИЛАС),25,Y(А09),01:26,2501,2026-08-01 01:41:00,2026-08-01 01:42:00,,2026-08-01 01:41:00,2026-08-01 01:55:00,2026-08-01 01:41:00,2026-08-01 01:55:00,2026-08-01 02:02:00,,,2026-08-01 02:00:00,2026-08-01 02:08:00,,0.0,2026-08-01 01:18:00,2026-08-01 02:00:00,2026-08-01 01:50:00,2026-08-01 02:16:00,,,Острых В. А.,Turkish Airlines,Выдача до 30 минут
2026-08-01,ФВ 6189 ,СУ9,САНКТ-ПЕТЕРБУРГ(ПУЛКОВО),8,Y(А04),01:01,172,2026-08-01 01:11:00,2026-08-01 01:14:00,,2026-08-01 01:15:00,2026-08-01 01:19:00,2026-08-01 01:15:00,2026-08-01 01:19:00,2026-08-01 01:16:00,3.0,3.0,2026-08-01 01:22:00,2026-08-01 01:23:00,,0.0,2026-08-01 01:18:00,2026-08-01 01:21:00,,,,,Фозылов Б. З.,Россия,Выдача до 30 минут
2026-08-01,TK 3076 ,321,ДАЛАМАН,20,Y(А09),11:36,2057,2026-08-01 11:44:00,2026-08-01 11:45:00,,2026-08-01 11:48:00,2026-08-01 12:05:00,2026-08-01 11:48:00,2026-08-01 12:05:00,2026-08-01 12:02:00,3.0,3.0,2026-08-01 12:01:00,2026-08-01 12:11:00,,0.0,2026-08-01 12:06:00,2026-08-01 12:11:00,,,,,Ушаков П. А.,Turkish Airlines,Выдача до 30 минут
2026-08-01,ДР 114 ,73Х,СОЧИ,16,Y(А06),00:06,972,2026-08-01 00:17:00,2026-08-01 00:17:00,,2026-08-01 00:16:00,2026-08-01 00:23:00,2026-08-01 00:16:00,2026-08-01 00:23:00,2026-08-01 00:27:00,,1.0,2026-08-01 00:29:00,2026-08-01 00:30:00,,0.0,2026-08-01 00:24:00,2026-08-01 00:30:00,,,,,Фозылов Б. З.,Победа,Выдача до 30 минут
2026-08-01,TK 3060 ,321,АНТАЛЬЯ,26,Y(А12),00:10,2358,2026-08-01 00:20:00,2026-08-01 00:23:00,,2026-08-01 00:24:00,2026-08-01 00:36:00,2026-08-01 00:24:00,2026-08-01 00:36:00,2026-08-01 00:40:00,,,2026-08-01 00:37:00,2026-08-01 00:42:00,,0.0,2026-08-01 00:11:00,2026-08-01 00:40:00,,,,,Музафаров А. С.,Turkish Airlines,Выдача до 30 минут
2026-08-01,TK 3084 ,321,ДАЛАМАН,27,Y(А11),00:14,2455,2026-08-01 00:28:00,2026-08-01 00:31:00,,2026-08-01 00:33:00,2026-08-01 00:50:00,2026-08-01 00:33:00,2026-08-01 00:50:00,2026-08-01 00:48:00,2.0,1.0,2026-08-01 00:42:00,2026-08-01 00:57:00,,0.0,2026-08-01 00:23:00,2026-08-01 00:57:00,2026-08-01 00:29:00,2026-08-01 00:42:00,,,Давлатов Б. Ч.,Turkish Airlines,Выдача до 30 минут
2026-08-01,TK 217 ,32Б,АНТАЛЬЯ,29,Y(А09),00:19,2898,2026-08-01 00:30:00,2026-08-01 00:33:00,,2026-08-01 00:34:00,2026-08-01 00:52:00,2026-08-01 00:34:00,2026-08-01 00:52:00,2026-08-01 00:53:00,,,2026-08-01 00:46:00,2026-08-01 00:53:00,,0.0,2026-08-01 00:45:00,2026-08-01 00:46:00,2026-08-01 00:32:00,2026-08-01 00:54:00,,,Баташан В. Ю.,Turkish Airlines,Выдача до 30 минут
2026-08-01,TK 409 ,333,СТАМБУЛ(СТАМБУЛ НЬЮ),22,Y(А10),00:23,5530,2026-08-01 00:36:00,2026-08-01 00:38:00,,2026-08-01 00:39:00,2026-08-01 01:01:00,2026-08-01 00:39:00,2026-08-01 01:01:00,2026-08-01 01:17:00,,,2026-08-01 00:42:00,2026-08-01 01:08:00,,2.0,2026-08-01 00:39:00,2026-08-01 01:08:00,2026-08-01 00:30:00,2026-08-01 00:59:00,2026-08-01 00:47:00,2026-08-01 01:16:00,Скулов Е. С.,Turkish Airlines,Выдача от 30 до 40 минут
2026-08-01,TK 3014 ,321,АНТАЛЬЯ,19,Y(А13),00:27,2768,2026-08-01 00:37:00,2026-08-01 00:38:00,,2026-08-01 00:38:00,2026-08-01 00:53:00,2026-08-01 00:38:00,2026-08-01 00:53:00,2026-08-01 00:59:00,,,2026-08-01 00:53:00,2026-08-01 01:03:00,,0.0,2026-08-01 00:25:00,2026-08-01 00:52:00,2026-08-01 00:41:00,2026-08-01 01:00:00,,,Андреев А. М.,Turkish Airlines,Выдача до 30 минут
2026-08-01,ЮТ 1376 ,734,СЫКТЫВКАР,16,Y(А05),01:12,365,2026-08-01 01:21:00,2026-08-01 01:21:00,,2026-08-01 01:22:00,2026-08-01 01:27:00,2026-08-01 01:22:00,2026-08-01 01:27:00,2026-08-01 01:27:00,,3.0,2026-08-01 01:55:00,2026-08-01 01:56:00,14.0,5.0,2026-08-01 01:27:00,2026-08-01 01:34:00,,,,,Фартушный А. И.,Ютэйр,Выдача от 30 до 40 минут
2026-08-01,AZV 3006 ,763,АНТАЛЬЯ,65,Y(А09),00:31,2599,2026-08-01 00:52:00,2026-08-01 00:54:00,,2026-08-01 00:54:00,2026-08-01 01:17:00,2026-08-01 00:54:00,2026-08-01 01:17:00,2026-08-01 01:13:00,4.0,6.0,2026-08-01 00:57:00,2026-08-01 01:13:00,,0.0,2026-08-01 00:54:00,2026-08-01 01:25:00,2026-08-01 00:52:00,2026-08-01 01:33:00,,,Литвин И. С.,АЗУР эйр,Выдача до 30 минут
2026-08-01,TK 421 ,333,СТАМБУЛ(СТАМБУЛ НЬЮ),23,Y(А09),00:36,5676,2026-08-01 00:55:00,2026-08-01 00:56:00,,2026-08-01 00:55:00,2026-08-01 01:23:00,2026-08-01 00:55:00,2026-08-01 01:23:00,2026-08-01 01:37:00,,,2026-08-01 00:55:00,2026-08-01 01:21:00,,0.0,2026-08-01 00:55:00,2026-08-01 01:23:00,2026-08-01 01:08:00,2026-08-01 01:37:00,2026-08-01 00:52:00,2026-08-01 01:21:00,Минченко А. И.,Turkish Airlines,Выдача до 30 минут
2026-08-01,TK 3002 ,321,АНТАЛЬЯ,20,Y(А12),00:41,2243,2026-08-01 00:58:00,2026-08-01 00:58:00,,2026-08-01 01:01:00,2026-08-01 01:10:00,2026-08-01 01:01:00,2026-08-01 01:10:00,2026-08-01 01:17:00,,,2026-08-01 01:12:00,2026-08-01 01:19:00,,0.0,2026-08-01 00:50:00,2026-08-01 01:17:00,,,,,Михайлов М. С.,Turkish Airlines,Выдача до 30 минут
2026-08-01,PC 1521 ,32Н,ИЗМИР(АДНАН МЕНДЕРЕС),37,Y(А10),00:43,2483,2026-08-01 00:51:00,2026-08-01 00:59:00,5.0,2026-08-01 00:57:00,2026-08-01 01:19:00,2026-08-01 00:57:00,2026-08-01 01:19:00,2026-08-01 01:12:00,7.0,5.0,2026-08-01 01:10:00,2026-08-01 01:40:00,,19.0,2026-08-01 01:04:00,2026-08-01 01:10:00,2026-08-01 00:58:00,2026-08-01 01:44:00,,,Науну М.,Pegasus,Выдача более 40 минут
2026-08-01,PC 1576 ,32Щ,АНТАЛЬЯ,37A,Y(А10),00:46,2814,2026-08-01 00:57:00,2026-08-01 00:59:00,,2026-08-01 01:03:00,2026-08-01 01:30:00,2026-08-01 01:03:00,2026-08-01 01:30:00,2026-08-01 01:20:00,10.0,8.0,2026-08-01 01:15:00,2026-08-01 01:40:00,,13.0,2026-08-01 01:10:00,2026-08-01 01:15:00,2026-08-01 01:10:00,2026-08-01 01:48:00,,,Сыргаков Б. А.,Pegasus,Выдача более 40 минут
2026-08-01,VF 275 ,73Х,СТАМБУЛ(САБИХА ГОКЦЕН),32A,Y(А13),00:48,2242,2026-08-01 01:00:00,2026-08-01 01:07:00,4.0,2026-08-01 01:05:00,2026-08-01 01:20:00,2026-08-01 01:05:00,2026-08-01 01:20:00,2026-08-01 01:19:00,1.0,,2026-08-01 01:16:00,2026-08-01 01:43:00,,13.0,2026-08-01 01:17:00,2026-08-01 01:18:00,2026-08-01 01:24:00,2026-08-01 01:34:00,,,"Кутейников А. В., Соболь М. Ф.",AJET,Выдача более 40 минут
2026-08-01,TK 3036 ,321,АНТАЛЬЯ,21,Y(А10),00:51,2778,2026-08-01 01:03:00,2026-08-01 01:08:00,2.0,2026-08-01 01:09:00,2026-08-01 01:23:00,2026-08-01 01:09:00,2026-08-01 01:23:00,2026-08-01 01:26:00,,,2026-08-01 01:25:00,2026-08-01 01:41:00,2.0,8.0,2026-08-01 00:51:00,2026-08-01 01:23:00,2026-08-01 00:54:00,2026-08-01 01:38:00,,,Аганин А. А.,Turkish Airlines,Выдача от 30 до 40 минут
2026-08-01,ДР 1264 ,7С8,КАЛИНИНГРАД(ХРАБРОВО),48,Y(А06),00:55,865,2026-08-01 01:02:00,2026-08-01 01:04:00,,2026-08-01 01:07:00,2026-08-01 01:13:00,2026-08-01 01:07:00,2026-08-01 01:13:00,2026-08-01 01:12:00,1.0,,2026-08-01 01:21:00,2026-08-01 01:22:00,,0.0,2026-08-01 01:16:00,2026-08-01 01:21:00,,,,,Федоров Н. В.,Победа,Выдача до 30 минут
2026-08-01,ЮТ 810 ,73Х,САМАРКАНД(САМАРКАНД ИНТЛ.),62,Y(А12),00:34,813,2026-08-01 00:42:00,2026-08-01 00:42:00,,2026-08-01 00:47:00,2026-08-01 00:53:00,2026-08-01 00:47:00,2026-08-01 00:53:00,2026-08-01 00:51:00,2.0,1.0,2026-08-01 01:02:00,2026-08-01 01:05:00,,0.0,2026-08-01 00:55:00,2026-08-01 01:02:00,,,,,Пельгуев Д.,Ютэйр,Выдача до 30 минут
2026-08-01,4S 317 ,7С8,ШАРМ ЭЛЬ ШЕЙХ(ШАРМ ЭЛЬ ШЕЙХ ИНТЛ.),29,Y(А09),05:11,2354,2026-08-01 05:25:00,2026-08-01 05:25:00,,2026-08-01 05:28:00,2026-08-01 05:44:00,2026-08-01 05:28:00,2026-08-01 05:44:00,2026-08-01 05:45:00,,,2026-08-01 05:36:00,2026-08-01 05:47:00,,0.0,2026-08-01 05:35:00,2026-08-01 05:39:00,2026-08-01 05:45:00,2026-08-01 05:47:00,,,Давлатов Б. Ч.,Red Sea,Выдача до 30 минут
2026-08-01,3F 323 ,320,ЕРЕВАН(ЗВАРТНОЦ ИНТЛ),18,Y(А13),01:38,998,2026-08-01 01:47:00,2026-08-01 01:50:00,,2026-08-01 02:05:00,2026-08-01 02:11:00,2026-08-01 02:06:00,2026-08-01 02:11:00,2026-08-01 01:58:00,13.0,,2026-08-01 02:17:00,2026-08-01 02:18:00,10.0,1.0,2026-08-01 02:11:00,2026-08-01 02:17:00,,,,,"Литвин И. С., Фозылов Б. З.",FLYONE Armenia,Выдача от 30 до 40 минут
2026-08-01,J2 807 ,320,БАКУ(ИМ. ГЕЙДАРА АЛИЕВА),26,Y(А09),09:16,1329,2026-08-01 09:26:00,2026-08-01 09:27:00,,2026-08-01 09:29:00,2026-08-01 09:41:00,2026-08-01 09:29:00,2026-08-01 09:41:00,2026-08-01 09:39:00,2.0,3.0,2026-08-01 09:38:00,2026-08-01 09:48:00,,0.0,2026-08-01 09:34:00,2026-08-01 09:38:00,2026-08-01 09:42:00,2026-08-01 09:45:00,,,Попов Д. В.,AZAL,Выдача до 30 минут
2026-08-01,ДР 744 ,73Х,ОШ,48,Y(А13),08:51,892,2026-08-01 08:57:00,2026-08-01 08:59:00,,2026-08-01 09:00:00,2026-08-01 09:06:00,2026-08-01 09:05:00,2026-08-01 09:06:00,2026-08-01 09:07:00,,,2026-08-01 09:13:00,2026-08-01 09:14:00,,0.0,2026-08-01 09:07:00,2026-08-01 09:13:00,,,,,"Соколов И. С., Тихонов С. М.",Победа,Выдача до 30 минут
2026-08-01,ФВ 6051 ,СУ9,САНКТ-ПЕТЕРБУРГ(ПУЛКОВО),8,Y(А04),09:02,285,2026-08-01 09:14:00,2026-08-01 09:15:00,,2026-08-01 09:17:00,2026-08-01 09:20:00,2026-08-01 09:17:00,2026-08-01 09:20:00,2026-08-01 09:20:00,,1.0,2026-08-01 09:27:00,2026-08-01 09:28:00,,0.0,2026-08-01 09:22:00,2026-08-01 09:24:00,,,,,Каламбеков У. О.,Россия,Выдача до 30 минут
2026-08-01,ЮТ 560 ,73Х,МАХАЧКАЛА,21,Y(А07),09:05,750,2026-08-01 09:17:00,2026-08-01 09:20:00,,2026-08-01 09:21:00,2026-08-01 09:28:00,2026-08-01 09:21:00,2026-08-01 09:28:00,2026-08-01 09:26:00,2.0,2.0,2026-08-01 09:34:00,2026-08-01 09:44:00,,0.0,2026-08-01 09:30:00,2026-08-01 09:35:00,,,,,Гаврилов В. А.,Ютэйр,Выдача до 30 минут
2026-08-01,ФВ 6003 ,СУ9,САНКТ-ПЕТЕРБУРГ(ПУЛКОВО),9,Y(А04),09:07,60,2026-08-01 09:18:00,2026-08-01 09:18:00,,2026-08-01 09:20:00,2026-08-01 09:22:00,2026-08-01 09:20:00,2026-08-01 09:22:00,2026-08-01 09:22:00,,2.0,2026-08-01 09:26:00,2026-08-01 09:27:00,,0.0,2026-08-01 09:24:00,2026-08-01 09:25:00,,,,,Рустамов М. А.,Россия,Выдача до 30 минут
2026-08-01,ЯМ 597 ,73Х,МИРНЫЙ,17,Y(А06),09:12,1695,2026-08-01 09:21:00,2026-08-01 09:22:00,,2026-08-01 09:24:00,2026-08-01 09:38:00,2026-08-01 09:24:00,2026-08-01 09:38:00,2026-08-01 09:36:00,2.0,3.0,2026-08-01 09:35:00,2026-08-01 09:45:00,,0.0,2026-08-01 09:31:00,2026-08-01 09:35:00,2026-08-01 09:40:00,2026-08-01 09:44:00,,,Омурбек У. Б.,Алроса,Выдача до 30 минут
2026-08-01,А4 7020 ,СУ9,САНКТ-ПЕТЕРБУРГ(ПУЛКОВО),45,Y(А04),09:20,97,2026-08-01 09:27:00,2026-08-01 09:30:00,,2026-08-01 09:32:00,2026-08-01 09:34:00,2026-08-01 09:32:00,2026-08-01 09:34:00,2026-08-01 09:32:00,2.0,1.0,2026-08-01 09:41:00,2026-08-01 09:42:00,,0.0,2026-08-01 09:35:00,2026-08-01 09:41:00,,,,,Тришкин А. В.,Азимут,Выдача до 30 минут
2026-08-01,ЮТ 400 ,73Х,ГРОЗНЫЙ(СЕВЕРНЫЙ),16,Y(А05),09:22,250,2026-08-01 09:29:00,2026-08-01 09:30:00,,2026-08-01 09:40:00,2026-08-01 09:44:00,2026-08-01 09:40:00,2026-08-01 09:44:00,2026-08-01 09:35:00,9.0,2.0,2026-08-01 09:48:00,2026-08-01 09:50:00,,0.0,2026-08-01 09:45:00,2026-08-01 09:50:00,,,,,Ушаков П. А.,Ютэйр,Выдача до 30 минут
2026-08-01,ЮБГ 809 ,735,ЕРЕВАН(ЗВАРТНОЦ ИНТЛ),29,Y(А13),09:41,1259,2026-08-01 09:50:00,2026-08-01 09:53:00,,2026-08-01 09:54:00,2026-08-01 10:09:00,2026-08-01 09:54:00,2026-08-01 10:09:00,2026-08-01 10:02:00,7.0,7.0,2026-08-01 10:05:00,2026-08-01 10:13:00,,0.0,2026-08-01 10:02:00,2026-08-01 10:05:00,2026-08-01 10:10:00,2026-08-01 10:13:00,,,Аганин А. А.,Shirak Avia,Выдача до 30 минут
2026-08-01,3F 321 ,320,ЕРЕВАН(ЗВАРТНОЦ ИНТЛ),18,Y(А13),10:07,1382,2026-08-01 10:14:00,2026-08-01 10:16:00,,2026-08-01 10:19:00,2026-08-01 10:31:00,2026-08-01 10:19:00,2026-08-01 10:31:00,2026-08-01 10:27:00,4.0,3.0,2026-08-01 10:29:00,2026-08-01 10:38:00,,0.0,2026-08-01 10:32:00,2026-08-01 10:37:00,2026-08-01 10:24:00,2026-08-01 10:28:00,,,Омурбек У. Б.,FLYONE Armenia,Выдача до 30 минут
2026-08-01,ФВ 6005 ,СУ9,САНКТ-ПЕТЕРБУРГ(ПУЛКОВО),8,Y(А04),10:14,133,2026-08-01 10:25:00,2026-08-01 10:27:00,,2026-08-01 10:28:00,2026-08-01 10:30:00,2026-08-01 10:28:00,2026-08-01 10:30:00,2026-08-01 10:30:00,,1.0,2026-08-01 10:33:00,2026-08-01 10:35:00,,0.0,2026-08-01 10:31:00,2026-08-01 10:33:00,,,,,Кейта А. С.,Россия,Выдача до 30 минут
2026-08-01,ВГ 2390 ,ЯК4,ВОЛОГДА,44,0,10:21,0,2026-08-01 10:29:00,2026-08-01 10:29:00,,2026-08-01 10:31:00,2026-08-01 10:35:00,2026-08-01 10:31:00,2026-08-01 10:35:00,,,4.0,,-1,,0.0,,,,,,,Соколов И. С.,Вологодское АП,Не определено
2026-08-01,ДР 466 ,7С8,УЛЬЯНОВСК(БАРАТАЕВКА),47,Y(А05),10:36,505,2026-08-01 10:41:00,2026-08-01 10:43:00,,2026-08-01 10:51:00,2026-08-01 10:56:00,2026-08-01 10:51:00,2026-08-01 10:56:00,2026-08-01 10:48:00,8.0,2.0,2026-08-01 11:03:00,2026-08-01 11:04:00,,0.0,2026-08-01 10:57:00,2026-08-01 11:03:00,,,,,Михайлов М. С.,Победа,Выдача до 30 минут
2026-08-01,TC 422 ,788,ДАР-ЭС-САЛАМ(ДЖ. НИЕРЕРЕ ИНТЛ),22,Y(А10),10:42,1213,2026-08-01 10:54:00,2026-08-01 10:56:00,,2026-08-01 10:56:00,2026-08-01 11:13:00,2026-08-01 10:58:00,2026-08-01 11:13:00,2026-08-01 11:06:00,7.0,7.0,2026-08-01 11:12:00,2026-08-01 11:13:00,,0.0,2026-08-01 11:08:00,2026-08-01 11:19:00,,,,,"Каламбеков У. О., Харитонов И. А.",Не найдено,Выдача до 30 минут
2026-08-01,ЖГ 936 ,73Х,ТБИЛИСИ(ТБИЛИСИ ИНТЛ.),30,Y(А12),10:46,2079,2026-08-01 10:55:00,2026-08-01 10:58:00,,2026-08-01 10:59:00,2026-08-01 11:15:00,2026-08-01 10:59:00,2026-08-01 11:15:00,2026-08-01 11:13:00,2.0,2.0,2026-08-01 11:16:00,2026-08-01 11:23:00,1.0,0.0,2026-08-01 11:08:00,2026-08-01 11:12:00,2026-08-01 11:17:00,2026-08-01 11:20:00,,,"Иванов В. А., Королёв Е. А.",GEORGIAN AIRWAYS,Выдача до 30 минут
2026-08-01,ФВ 6007 ,СУ9,САНКТ-ПЕТЕРБУРГ(ПУЛКОВО),9,Y(А04),11:24,213,2026-08-01 11:38:00,2026-08-01 11:41:00,,2026-08-01 11:42:00,2026-08-01 11:48:00,2026-08-01 11:42:00,2026-08-01 11:48:00,2026-08-01 11:43:00,5.0,5.0,2026-08-01 11:49:00,2026-08-01 11:50:00,,0.0,2026-08-01 11:47:00,2026-08-01 11:50:00,,,,,Тихонов С. М.,Россия,Выдача до 30 минут
2026-08-01,PC 390 ,32Щ,СТАМБУЛ(САБИХА ГОКЦЕН),20,Y(А09),05:32,2899,2026-08-01 05:41:00,2026-08-01 05:44:00,,2026-08-01 05:47:00,2026-08-01 06:03:00,2026-08-01 05:47:00,2026-08-01 06:03:00,2026-08-01 06:04:00,,,2026-08-01 05:55:00,2026-08-01 06:09:00,,0.0,2026-08-01 05:51:00,2026-08-01 05:55:00,2026-08-01 06:05:00,2026-08-01 06:09:00,,,"Ушаков М. В., Федоров Н. В.",Pegasus,Выдача до 30 минут
2026-08-01,ЮТ 808 ,73Х,БУХАРА(БУХАРА ИНТЛ.),27,Y(А11),11:28,1012,2026-08-01 11:37:00,2026-08-01 11:39:00,,2026-08-01 11:40:00,2026-08-01 11:49:00,2026-08-01 11:40:00,2026-08-01 11:49:00,2026-08-01 11:48:00,1.0,2.0,2026-08-01 11:58:00,2026-08-01 12:04:00,1.0,0.0,2026-08-01 11:51:00,2026-08-01 11:55:00,,,,,Гаврилов В. А.,Ютэйр,Выдача до 30 минут
2026-08-01,ЮТ 356 ,73Х,ГРОЗНЫЙ(СЕВЕРНЫЙ),15,Y(А04),08:47,354,2026-08-01 08:56:00,2026-08-01 08:56:00,,2026-08-01 09:19:00,2026-08-01 09:23:00,2026-08-01 09:19:00,2026-08-01 09:23:00,2026-08-01 09:02:00,21.0,2.0,2026-08-01 09:28:00,2026-08-01 09:30:00,12.0,4.0,2026-08-01 09:25:00,2026-08-01 09:28:00,,,,,Иванов В. А.,Ютэйр,Выдача от 30 до 40 минут
2026-08-01,ЮТ 352 ,73Е,ХАНТЫ-МАНСИЙСК,59,Y(А05),08:42,644,2026-08-01 08:54:00,2026-08-01 08:57:00,,2026-08-01 08:58:00,2026-08-01 09:15:00,2026-08-01 08:58:00,2026-08-01 09:15:00,2026-08-01 09:02:00,13.0,13.0,2026-08-01 09:19:00,2026-08-01 09:20:00,,0.0,2026-08-01 09:12:00,2026-08-01 09:19:00,,,,,Попов Д. В.,Ютэйр,Выдача до 30 минут
2026-08-01,DV 809 ,738,АЛМАТЫ(АЛМАТЫ ИНТЛ.),19,Y(А13),08:58,953,2026-08-01 09:09:00,2026-08-01 09:11:00,,2026-08-01 09:13:00,2026-08-01 09:19:00,2026-08-01 09:13:00,2026-08-01 09:19:00,2026-08-01 09:19:00,,,2026-08-01 09:25:00,2026-08-01 09:29:00,,0.0,2026-08-01 09:21:00,2026-08-01 09:26:00,,,,,Семиченков С. А.,SCAT Airlines,Выдача до 30 минут
2026-08-01,ДР 714 ,7С8,САМАРКАНД(САМАРКАНД ИНТЛ.),49,Y(А11),08:39,195,2026-08-01 08:44:00,2026-08-01 08:49:00,2.0,2026-08-01 08:49:00,2026-08-01 08:52:00,2026-08-01 08:49:00,2026-08-01 08:52:00,2026-08-01 08:49:00,3.0,2.0,2026-08-01 09:00:00,2026-08-01 09:02:00,,0.0,2026-08-01 08:51:00,2026-08-01 08:59:00,,,,,Королёв Е. А.,Победа,Выдача до 30 минут
2026-08-01,AZO 7072 ,СУ9,КУТАИСИ(КУТАИСИ ИНТЛ.),51A,Y(А12),05:58,1419,2026-08-01 06:11:00,2026-08-01 06:13:00,,2026-08-01 06:13:00,2026-08-01 06:27:00,2026-08-01 06:13:00,2026-08-01 06:27:00,2026-08-01 06:24:00,3.0,5.0,2026-08-01 06:26:00,2026-08-01 06:34:00,,0.0,2026-08-01 06:20:00,2026-08-01 06:26:00,2026-08-01 06:28:00,2026-08-01 06:35:00,,,Фозылов Б. З.,GEORGIAN AIRWAYS,Выдача до 30 минут
2026-08-01,TK 407 ,333,СТАМБУЛ(СТАМБУЛ НЬЮ),22,Y(А10),06:02,5121,2026-08-01 06:15:00,2026-08-01 06:18:00,,2026-08-01 06:16:00,2026-08-01 06:32:00,2026-08-01 06:16:00,2026-08-01 06:32:00,2026-08-01 06:53:00,,,2026-08-01 06:29:00,2026-08-01 06:36:00,,0.0,2026-08-01 06:16:00,2026-08-01 06:32:00,2026-08-01 06:25:00,2026-08-01 06:32:00,2026-08-01 06:32:00,2026-08-01 06:39:00,"Аганин А. А., Фаёзов А. Р.",Turkish Airlines,Выдача до 30 минут
2026-08-01,PC 1458 ,32Щ,ДАЛАМАН,21,Y(А09),06:15,2354,2026-08-01 06:24:00,2026-08-01 06:28:00,1.0,2026-08-01 06:27:00,2026-08-01 06:43:00,2026-08-01 06:27:00,2026-08-01 06:43:00,2026-08-01 06:44:00,,,2026-08-01 06:39:00,2026-08-01 06:49:00,,0.0,2026-08-01 06:34:00,2026-08-01 06:39:00,2026-08-01 06:46:00,2026-08-01 06:50:00,,,Минченко А. И.,Pegasus,Выдача до 30 минут
2026-08-01,ДР 408 ,7С8,ЕКАТЕРИНБУРГ(КОЛЬЦОВО),48,Y(А04),06:56,423,2026-08-01 07:03:00,2026-08-01 07:05:00,,2026-08-01 07:06:00,2026-08-01 07:11:00,2026-08-01 07:06:00,2026-08-01 07:11:00,2026-08-01 07:10:00,1.0,2.0,2026-08-01 07:19:00,2026-08-01 07:20:00,,0.0,2026-08-01 07:14:00,2026-08-01 07:20:00,,,,,Ушаков Г. А.,Победа,Выдача до 30 минут
2026-08-01,ХИ 9607 ,32Н,БУХАРА(БУХАРА ИНТЛ.),23,Y(А09),07:23,1951,2026-08-01 07:37:00,2026-08-01 07:38:00,,2026-08-01 07:41:00,2026-08-01 07:56:00,2026-08-01 07:42:00,2026-08-01 07:56:00,2026-08-01 07:54:00,2.0,1.0,2026-08-01 07:51:00,2026-08-01 08:01:00,,0.0,2026-08-01 07:51:00,2026-08-01 07:52:00,2026-08-01 07:56:00,2026-08-01 08:00:00,,,"Омурбек У. Б., Тихонов С. М.",UZBEKISTAN AIRWAYS,Выдача до 30 минут
2026-08-01,FZ 987A,7М8,ДУБАЙ(ДУБАЙ ИНТЛ.),26A,Y(А11),07:27,1941,2026-08-01 07:35:00,2026-08-01 07:38:00,,2026-08-01 07:39:00,2026-08-01 07:55:00,2026-08-01 07:39:00,2026-08-01 07:55:00,2026-08-01 07:52:00,3.0,3.0,2026-08-01 07:48:00,2026-08-01 07:59:00,,0.0,2026-08-01 07:55:00,2026-08-01 07:59:00,2026-08-01 07:45:00,2026-08-01 07:50:00,,,"Рустамов М. А., Семиченков С. А.",flydubai,Выдача до 30 минут
2026-08-01,ЮТ 454 ,73Х,ТЮМЕНЬ(РОЩИНО),11,Y(А06),07:47,1385,2026-08-01 07:58:00,2026-08-01 08:01:00,,2026-08-01 08:01:00,2026-08-01 08:12:00,2026-08-01 08:01:00,2026-08-01 08:12:00,2026-08-01 08:11:00,1.0,2.0,2026-08-01 08:11:00,2026-08-01 08:18:00,,0.0,2026-08-01 08:08:00,2026-08-01 08:11:00,2026-08-01 08:16:00,2026-08-01 08:17:00,,,Соколов И. С.,Ютэйр,Выдача до 30 минут
2026-08-01,В2 981 ,Е75,МИНСК(МИНСК ИНТЛ.),29,Y(А13),07:55,238,2026-08-01 08:02:00,2026-08-01 08:02:00,,2026-08-01 08:05:00,2026-08-01 08:07:00,2026-08-01 08:05:00,2026-08-01 08:07:00,2026-08-01 08:08:00,,,2026-08-01 08:11:00,2026-08-01 08:12:00,,0.0,2026-08-01 08:08:00,2026-08-01 08:20:00,,,,,Чеканов В. А.,Белавиа,Выдача до 30 минут
2026-08-01,ДР 436 ,7С8,УФА,50,Y(А04),07:59,428,2026-08-01 08:05:00,2026-08-01 08:08:00,,2026-08-01 08:08:00,2026-08-01 08:11:00,2026-08-01 08:08:00,2026-08-01 08:11:00,2026-08-01 08:12:00,,,2026-08-01 08:18:00,2026-08-01 08:19:00,,0.0,2026-08-01 08:12:00,2026-08-01 08:18:00,,,,,Харитонов И. А.,Победа,Выдача до 30 минут
2026-08-01,ЮТ 364 ,735,УФА,10,Y(А05),07:50,593,2026-08-01 07:58:00,2026-08-01 08:00:00,,2026-08-01 08:15:00,2026-08-01 08:20:00,2026-08-01 08:15:00,2026-08-01 08:20:00,2026-08-01 08:06:00,14.0,1.0,2026-08-01 08:24:00,2026-08-01 08:25:00,6.0,0.0,2026-08-01 08:22:00,2026-08-01 08:24:00,,,,,Иванов В. А.,Ютэйр,Выдача до 30 минут
2026-08-01,ХИ 9615 ,32Н,УРГЕНЧ(УРГЕНЧ ИНТЛ.),24,Y(А09),08:09,1652,2026-08-01 08:20:00,2026-08-01 08:21:00,,2026-08-01 08:22:00,2026-08-01 08:38:00,2026-08-01 08:22:00,2026-08-01 08:38:00,2026-08-01 08:35:00,3.0,5.0,2026-08-01 08:32:00,2026-08-01 08:44:00,,0.0,2026-08-01 08:29:00,2026-08-01 08:32:00,2026-08-01 08:42:00,2026-08-01 08:44:00,,,Ушаков Г. А.,UZBEKISTAN AIRWAYS,Выдача до 30 минут
2026-08-01,ЮТ 572 ,73Х,КРАСНОЯРСК,25,Y(А06),08:13,1168,2026-08-01 08:20:00,2026-08-01 08:21:00,,2026-08-01 08:24:00,2026-08-01 08:36:00,2026-08-01 08:25:00,2026-08-01 08:36:00,2026-08-01 08:32:00,4.0,3.0,2026-08-01 08:37:00,2026-08-01 08:43:00,,0.0,2026-08-01 08:35:00,2026-08-01 08:40:00,,,,,"Гаврилов В. А., Михайлов М. С.",Ютэйр,Выдача до 30 минут
2026-08-01,ЮТ 248 ,73Х,СУРГУТ,14,Y(А07),08:20,911,2026-08-01 08:28:00,2026-08-01 08:28:00,,2026-08-01 08:30:00,2026-08-01 08:37:00,2026-08-01 08:31:00,2026-08-01 08:37:00,2026-08-01 08:38:00,,,2026-08-01 08:41:00,2026-08-01 08:42:00,,0.0,2026-08-01 08:37:00,2026-08-01 08:41:00,,,,,"Каламбеков У. О., Тришкин А. В.",Ютэйр,Выдача до 30 минут
2026-08-01,ДР 414 ,73Х,ЧЕЛЯБИНСК(БАЛАНДИНО),16,Y(А08),08:26,441,2026-08-01 08:37:00,2026-08-01 08:40:00,,2026-08-01 08:39:00,2026-08-01 08:42:00,2026-08-01 08:39:00,2026-08-01 08:42:00,2026-08-01 08:44:00,,,2026-08-01 08:46:00,2026-08-01 08:47:00,,0.0,2026-08-01 08:43:00,2026-08-01 08:47:00,,,,,Ушаков П. А.,Победа,Выдача до 30 минут
2026-08-01,ЯК 473 ,7С8,ЯКУТСК,62,Y(А05),08:30,1359,2026-08-01 08:36:00,2026-08-01 08:38:00,,2026-08-01 08:39:00,2026-08-01 08:49:00,2026-08-01 08:39:00,2026-08-01 08:49:00,2026-08-01 08:46:00,3.0,4.0,2026-08-01 09:00:00,2026-08-01 09:01:00,,0.0,2026-08-01 08:51:00,2026-08-01 09:01:00,,,,,Екимов С. С.,Якутия,Выдача до 30 минут
2026-08-01,AZO 7208 ,СУ9,ТБИЛИСИ(ТБИЛИСИ ИНТЛ.),28,Y(А12),08:34,1300,2026-08-01 08:43:00,2026-08-01 08:46:00,,2026-08-01 08:48:00,2026-08-01 09:03:00,2026-08-01 08:48:00,2026-08-01 09:03:00,2026-08-01 08:56:00,7.0,6.0,2026-08-01 09:00:00,2026-08-01 09:09:00,,0.0,2026-08-01 08:55:00,2026-08-01 08:58:00,2026-08-01 09:05:00,2026-08-01 09:09:00,,,Аганин А. А.,GEORGIAN AIRWAYS,Выдача до 30 минут
2026-08-01,ХИ 9621 ,320,АНДИЖАН,20,Y(А10),08:02,1763,2026-08-01 08:11:00,2026-08-01 08:13:00,,2026-08-01 08:15:00,2026-08-01 08:28:00,2026-08-01 08:15:00,2026-08-01 08:28:00,2026-08-01 08:27:00,1.0,1.0,2026-08-01 08:31:00,2026-08-01 08:34:00,,0.0,2026-08-01 08:27:00,2026-08-01 08:28:00,2026-08-01 08:30:00,2026-08-01 08:34:00,,,Фанин Н. О.,UZBEKISTAN AIRWAYS,Выдача до 30 минут
2026-08-02,ГЗП 398 ,СУ9,УХТА,Б63,Y(А05),16:21,401,2026-08-02 16:25:00,2026-08-02 16:28:00,,2026-08-02 16:31:00,2026-08-02 16:34:00,2026-08-02 16:31:00,2026-08-02 16:34:00,2026-08-02 16:32:00,2.0,,2026-08-02 16:51:00,2026-08-02 16:54:00,,0.0,2026-08-02 16:37:00,2026-08-02 16:53:00,,,,,Омурбек У. Б.,Газпром авиа,Выдача до 30 минут
2026-08-02,ЮТ 746 ,73Х,БАКУ(ИМ. ГЕЙДАРА АЛИЕВА),11,Y(А09),17:11,2102,2026-08-02 17:20:00,2026-08-02 17:22:00,,2026-08-02 17:23:00,2026-08-02 17:36:00,2026-08-02 17:23:00,2026-08-02 17:36:00,2026-08-02 17:38:00,,,2026-08-02 17:32:00,2026-08-02 17:43:00,,0.0,2026-08-02 17:29:00,2026-08-02 17:32:00,2026-08-02 17:41:00,2026-08-02 17:43:00,,,Литвин И. С.,Ютэйр,Выдача до 30 минут
2026-08-02,ФВ 6037 ,СУ9,САНКТ-ПЕТЕРБУРГ(ПУЛКОВО),8,Y(А04),17:49,215,2026-08-02 18:01:00,2026-08-02 18:03:00,,2026-08-02 18:03:00,2026-08-02 18:07:00,2026-08-02 18:03:00,2026-08-02 18:07:00,2026-08-02 18:06:00,1.0,3.0,2026-08-02 18:17:00,2026-08-02 18:18:00,,0.0,2026-08-02 18:06:00,2026-08-02 18:08:00,,,,,Ушаков Г. А.,Россия,Выдача до 30 минут
2026-08-02,ФВ 6175 ,СУ9,САНКТ-ПЕТЕРБУРГ(ПУЛКОВО),9,Y(А04),17:18,165,2026-08-02 17:26:00,2026-08-02 17:27:00,,2026-08-02 17:30:00,2026-08-02 17:32:00,2026-08-02 17:30:00,2026-08-02 17:32:00,2026-08-02 17:31:00,1.0,1.0,2026-08-02 17:33:00,2026-08-02 17:35:00,,0.0,2026-08-02 17:32:00,2026-08-02 17:34:00,,,,,Омурбек У. Б.,Россия,Выдача до 30 минут
2026-08-02,ДР 964 ,73Х,ДАЛАМАН,47,Y(А11),17:24,1378,2026-08-02 17:31:00,2026-08-02 17:33:00,,2026-08-02 17:33:00,2026-08-02 17:44:00,2026-08-02 17:33:00,2026-08-02 17:44:00,2026-08-02 17:44:00,,2.0,2026-08-02 17:47:00,2026-08-02 17:53:00,,0.0,2026-08-02 17:39:00,2026-08-02 17:46:00,2026-08-02 17:47:00,2026-08-02 17:51:00,,,Тано Б. А.,Победа,Выдача до 30 минут
2026-08-02,ЮТ 596 ,735,УСИНСК,13,Y(А06),17:42,761,2026-08-02 17:48:00,2026-08-02 17:49:00,,2026-08-02 17:53:00,2026-08-02 18:03:00,2026-08-02 17:53:00,2026-08-02 18:03:00,2026-08-02 17:57:00,6.0,5.0,2026-08-02 18:05:00,2026-08-02 18:10:00,,0.0,2026-08-02 18:03:00,2026-08-02 18:08:00,,,,,Попов Д. В.,Ютэйр,Выдача до 30 минут
2026-08-02,ЯМ 624 ,73Х,САНКТ-ПЕТЕРБУРГ(ПУЛКОВО),5,Y(А05),17:46,680,2026-08-02 17:55:00,2026-08-02 17:58:00,,2026-08-02 18:01:00,2026-08-02 18:07:00,2026-08-02 18:01:00,2026-08-02 18:07:00,2026-08-02 18:04:00,3.0,1.0,2026-08-02 18:10:00,2026-08-02 18:12:00,,0.0,2026-08-02 18:07:00,2026-08-02 18:09:00,,,,,Юрков С.,Алроса,Выдача до 30 минут
2026-08-02,ДР 836 ,73Х,ГАЗИПАША,46,Y(А09),18:02,1580,2026-08-02 18:08:00,2026-08-02 18:09:00,,2026-08-02 18:13:00,2026-08-02 18:25:00,2026-08-02 18:13:00,2026-08-02 18:25:00,2026-08-02 18:23:00,2.0,1.0,2026-08-02 18:26:00,2026-08-02 18:37:00,,0.0,2026-08-02 18:21:00,2026-08-02 18:25:00,2026-08-02 18:28:00,2026-08-02 18:34:00,,,Каламбеков У. О.,Победа,Выдача до 30 минут
2026-08-02,TK 417 ,321,СТАМБУЛ(СТАМБУЛ НЬЮ),25,Y(А09),12:46,2950,2026-08-02 12:59:00,2026-08-02 12:59:00,,2026-08-02 13:05:00,2026-08-02 13:17:00,2026-08-02 13:05:00,2026-08-02 13:17:00,2026-08-02 13:23:00,,,2026-08-02 13:19:00,2026-08-02 13:29:00,,0.0,2026-08-02 13:03:00,2026-08-02 13:31:00,2026-08-02 12:59:00,2026-08-02 13:22:00,,,Черкас В. А.,Turkish Airlines,Выдача до 30 минут
2026-08-02,PBD 840 ,7С8,АНТАЛЬЯ,50,Y(А11),18:13,1328,2026-08-02 18:23:00,2026-08-02 18:30:00,4.0,2026-08-02 18:25:00,2026-08-02 18:37:00,2026-08-02 18:25:00,2026-08-02 18:37:00,2026-08-02 18:36:00,1.0,3.0,2026-08-02 18:37:00,2026-08-02 18:46:00,,0.0,2026-08-02 18:32:00,2026-08-02 18:37:00,2026-08-02 18:39:00,2026-08-02 18:46:00,,,Хушвактов П. З.,Победа,Выдача до 30 минут
2026-08-02,ФВ 6177 ,СУ9,САНКТ-ПЕТЕРБУРГ(ПУЛКОВО),10,Y(А04),18:17,95,2026-08-02 18:27:00,2026-08-02 18:29:00,,2026-08-02 18:29:00,2026-08-02 18:30:00,2026-08-02 18:29:00,2026-08-02 18:30:00,2026-08-02 18:32:00,,,2026-08-02 18:33:00,2026-08-02 18:35:00,,0.0,2026-08-02 18:31:00,2026-08-02 18:34:00,,,,,Рябчевский В. О.,Россия,Выдача до 30 минут
2026-08-02,В2 985 ,Е75,ГОМЕЛЬ,29,Y(А13),18:20,574,2026-08-02 18:27:00,2026-08-02 18:30:00,,2026-08-02 18:31:00,2026-08-02 18:36:00,2026-08-02 18:31:00,2026-08-02 18:36:00,2026-08-02 18:35:00,1.0,1.0,2026-08-02 18:40:00,2026-08-02 18:46:00,,0.0,2026-08-02 18:36:00,2026-08-02 18:40:00,,,,,Попов А. И.,Белавиа,Выдача до 30 минут
2026-08-02,FZ 989 ,7М8,ДУБАЙ(ДУБАЙ ИНТЛ.),30,Y(А10),18:31,2435,2026-08-02 18:44:00,2026-08-02 18:44:00,,2026-08-02 18:44:00,2026-08-02 19:06:00,2026-08-02 18:44:00,2026-08-02 19:06:00,2026-08-02 19:04:00,2.0,6.0,2026-08-02 18:57:00,2026-08-02 19:14:00,,0.0,2026-08-02 18:52:00,2026-08-02 18:56:00,2026-08-02 19:06:00,2026-08-02 19:10:00,,,"Попов Д. В., Ушаков Г. А.",flydubai,Выдача до 30 минут
2026-08-02,TK 415 ,321,СТАМБУЛ(СТАМБУЛ НЬЮ),22,Y(А10),18:34,3490,2026-08-02 18:42:00,2026-08-02 18:44:00,,2026-08-02 18:47:00,2026-08-02 19:00:00,2026-08-02 18:47:00,2026-08-02 19:00:00,2026-08-02 19:09:00,,,2026-08-02 18:56:00,2026-08-02 19:10:00,,0.0,2026-08-02 18:46:00,2026-08-02 19:11:00,2026-08-02 18:45:00,2026-08-02 19:00:00,,,Демчук Д. П.,Turkish Airlines,Выдача до 30 минут
2026-08-02,ЮТ 400 ,73Х,ГРОЗНЫЙ(СЕВЕРНЫЙ),17,Y(А05),18:39,513,2026-08-02 18:45:00,2026-08-02 18:47:00,,2026-08-02 18:49:00,2026-08-02 18:55:00,2026-08-02 18:49:00,2026-08-02 18:55:00,2026-08-02 18:52:00,3.0,3.0,2026-08-02 19:03:00,2026-08-02 19:05:00,,0.0,2026-08-02 18:55:00,2026-08-02 19:00:00,,,,,Тано Б. А.,Ютэйр,Выдача до 30 минут
2026-08-02,ДР 856 ,73Х,ГЮМРИ(ШИРАК),44,Y(А13),16:14,1370,2026-08-02 16:24:00,2026-08-02 16:25:00,,2026-08-02 16:25:00,2026-08-02 16:37:00,2026-08-02 16:25:00,2026-08-02 16:37:00,2026-08-02 16:37:00,,3.0,2026-08-02 16:57:00,2026-08-02 16:58:00,3.0,4.0,2026-08-02 16:35:00,2026-08-02 16:43:00,2026-08-02 16:39:00,2026-08-02 16:45:00,,,Каламбеков У. О.,Победа,Выдача от 30 до 40 минут
2026-08-02,3F 325 ,320,ЕРЕВАН(ЗВАРТНОЦ ИНТЛ),19,Y(А13),18:43,1871,2026-08-02 18:50:00,2026-08-02 18:51:00,,2026-08-02 18:52:00,2026-08-02 19:08:00,2026-08-02 18:52:00,2026-08-02 19:08:00,2026-08-02 19:06:00,2.0,4.0,2026-08-02 19:04:00,2026-08-02 19:16:00,,0.0,2026-08-02 18:59:00,2026-08-02 19:05:00,2026-08-02 19:09:00,2026-08-02 19:15:00,,,Иванов В. А.,FLYONE Armenia,Выдача до 30 минут
2026-08-02,AZO 7054 ,СУ9,БАТУМИ,25,Y(А12),18:09,975,2026-08-02 18:18:00,2026-08-02 18:21:00,,2026-08-02 18:22:00,2026-08-02 18:32:00,2026-08-02 18:22:00,2026-08-02 18:32:00,2026-08-02 18:29:00,3.0,3.0,2026-08-02 18:38:00,2026-08-02 18:45:00,,0.0,2026-08-02 18:34:00,2026-08-02 18:38:00,,,,,Сыргаков Б. А.,GEORGIAN AIRWAYS,Выдача до 30 минут
2026-08-02,ЖГ 926 ,73Х,ТБИЛИСИ(ТБИЛИСИ ИНТЛ.),30,Y(А09),16:06,1897,2026-08-02 16:17:00,2026-08-02 16:19:00,,2026-08-02 16:20:00,2026-08-02 16:30:00,2026-08-02 16:20:00,2026-08-02 16:30:00,2026-08-02 16:34:00,,,2026-08-02 16:29:00,2026-08-02 16:41:00,,0.0,2026-08-02 16:25:00,2026-08-02 16:28:00,2026-08-02 16:38:00,2026-08-02 16:40:00,,,Черкас В. А.,GEORGIAN AIRWAYS,Выдача до 30 минут
2026-08-02,ФВ 6025 ,СУ9,САНКТ-ПЕТЕРБУРГ(ПУЛКОВО),9,Y(А04),13:07,202,2026-08-02 13:16:00,2026-08-02 13:18:00,,2026-08-02 13:19:00,2026-08-02 13:24:00,2026-08-02 13:19:00,2026-08-02 13:24:00,2026-08-02 13:21:00,3.0,4.0,2026-08-02 13:26:00,2026-08-02 13:27:00,,0.0,2026-08-02 13:25:00,2026-08-02 13:26:00,,,,,Музафаров А. С.,Россия,Выдача до 30 минут
2026-08-02,ЮТ 276 ,73Х,СОЧИ,14,Y(А06),15:58,1112,2026-08-02 16:06:00,2026-08-02 16:07:00,,2026-08-02 16:10:00,2026-08-02 16:18:00,2026-08-02 16:10:00,2026-08-02 16:18:00,2026-08-02 16:17:00,1.0,1.0,2026-08-02 16:33:00,2026-08-02 16:34:00,7.0,0.0,2026-08-02 16:20:00,2026-08-02 16:24:00,,,,,Рябчевский В. О.,Ютэйр,Выдача до 30 минут
2026-08-02,PBD 736 ,7С8,ГАЗИПАША,49,Y(А12),18:47,1662,2026-08-02 18:57:00,2026-08-02 18:59:00,,2026-08-02 19:00:00,2026-08-02 19:12:00,2026-08-02 19:00:00,2026-08-02 19:12:00,2026-08-02 19:12:00,,1.0,2026-08-02 19:11:00,2026-08-02 19:19:00,,0.0,2026-08-02 19:13:00,2026-08-02 19:18:00,2026-08-02 19:04:00,2026-08-02 19:11:00,,,Хушвактов П. З.,Победа,Выдача до 30 минут
2026-08-02,TK 3066 ,32Б,АНТАЛЬЯ,18,Y(А09),13:10,2009,2026-08-02 13:18:00,2026-08-02 13:18:00,,2026-08-02 13:22:00,2026-08-02 13:32:00,2026-08-02 13:22:00,2026-08-02 13:32:00,2026-08-02 13:35:00,,,2026-08-02 13:33:00,2026-08-02 13:38:00,,0.0,2026-08-02 13:15:00,2026-08-02 13:37:00,,,,,Дубинский В. Д.,Turkish Airlines,Выдача до 30 минут
2026-08-02,ЖГ 937 ,735,БАТУМИ,30,Y(А12),13:37,1697,2026-08-02 13:47:00,2026-08-02 13:49:00,,2026-08-02 13:50:00,2026-08-02 14:03:00,2026-08-02 13:50:00,2026-08-02 14:03:00,2026-08-02 14:02:00,1.0,2.0,2026-08-02 14:03:00,2026-08-02 14:08:00,,0.0,2026-08-02 13:58:00,2026-08-02 14:03:00,2026-08-02 14:04:00,2026-08-02 14:07:00,,,Фаёзов А. Р.,GEORGIAN AIRWAYS,Выдача до 30 минут
2026-08-02,TK 3008 ,32Б,АНТАЛЬЯ,23,Y(А11),13:48,1946,2026-08-02 14:01:00,2026-08-02 14:02:00,,2026-08-02 14:06:00,2026-08-02 14:17:00,2026-08-02 14:06:00,2026-08-02 14:17:00,2026-08-02 14:18:00,,,2026-08-02 14:18:00,2026-08-02 14:23:00,,0.0,2026-08-02 14:05:00,2026-08-02 14:23:00,,,,,Рябчевский В. О.,Turkish Airlines,Выдача до 30 минут
2026-08-02,В2 983 ,Е75,МИНСК(МИНСК ИНТЛ.),29,Y(А13),13:51,488,2026-08-02 13:58:00,2026-08-02 14:01:00,,2026-08-02 14:02:00,2026-08-02 14:07:00,2026-08-02 14:02:00,2026-08-02 14:07:00,2026-08-02 14:05:00,2.0,2.0,2026-08-02 14:12:00,2026-08-02 14:13:00,,0.0,2026-08-02 14:08:00,2026-08-02 14:12:00,,,,,Попов А. И.,Белавиа,Выдача до 30 минут
2026-08-02,PC 388 ,32Щ,СТАМБУЛ(САБИХА ГОКЦЕН),22,Y(А10),14:01,3051,2026-08-02 14:13:00,2026-08-02 14:15:00,,2026-08-02 14:15:00,2026-08-02 14:35:00,2026-08-02 14:16:00,2026-08-02 14:35:00,2026-08-02 14:37:00,,,2026-08-02 14:23:00,2026-08-02 14:36:00,,0.0,2026-08-02 14:20:00,2026-08-02 14:24:00,2026-08-02 14:31:00,2026-08-02 14:37:00,,,"Давлатов Б. Ч., Хушвактов П. З.",Pegasus,Выдача до 30 минут
2026-08-02,TK 3082 ,32Б,АНТАЛЬЯ,21,Y(А09),14:05,1804,2026-08-02 14:19:00,2026-08-02 14:21:00,,2026-08-02 14:25:00,2026-08-02 14:36:00,2026-08-02 14:25:00,2026-08-02 14:36:00,2026-08-02 14:35:00,1.0,,2026-08-02 14:38:00,2026-08-02 14:47:00,,0.0,2026-08-02 14:16:00,2026-08-02 14:45:00,,,,,Иванов В. А.,Turkish Airlines,Выдача до 30 минут
2026-08-02,ФВ 6027 ,СУ9,САНКТ-ПЕТЕРБУРГ(ПУЛКОВО),8,Y(А04),14:14,185,2026-08-02 14:25:00,2026-08-02 14:27:00,,2026-08-02 14:28:00,2026-08-02 14:30:00,2026-08-02 14:28:00,2026-08-02 14:30:00,2026-08-02 14:30:00,,1.0,2026-08-02 14:34:00,2026-08-02 14:36:00,,0.0,2026-08-02 14:32:00,2026-08-02 14:34:00,,,,,Демчук Д. П.,Россия,Выдача до 30 минут
2026-08-02,ЮТ 334 ,73Е,НАРЬЯН-МАР,10,Y(А06),14:20,1018,2026-08-02 14:32:00,2026-08-02 14:33:00,,2026-08-02 14:36:00,2026-08-02 14:52:00,2026-08-02 14:36:00,2026-08-02 14:52:00,2026-08-02 14:43:00,9.0,9.0,2026-08-02 14:54:00,2026-08-02 15:17:00,2.0,15.0,2026-08-02 14:52:00,2026-08-02 14:54:00,,,,,Литвин И. С.,Ютэйр,Выдача более 40 минут
2026-08-02,ЮТ 744 ,734,ГЯНДЖА,16,Y(А11),14:26,1488,2026-08-02 14:34:00,2026-08-02 14:37:00,,2026-08-02 14:37:00,2026-08-02 14:47:00,2026-08-02 14:37:00,2026-08-02 14:47:00,2026-08-02 14:48:00,,,2026-08-02 14:50:00,2026-08-02 14:57:00,,0.0,2026-08-02 14:45:00,2026-08-02 14:50:00,2026-08-02 14:50:00,2026-08-02 14:55:00,,,Каламбеков У. О.,Ютэйр,Выдача до 30 минут
2026-08-02,ДР 262 ,73Х,КАЛИНИНГРАД(ХРАБРОВО),48,Y(А07),14:29,841,2026-08-02 14:34:00,2026-08-02 14:37:00,,2026-08-02 14:40:00,2026-08-02 14:51:00,2026-08-02 14:40:00,2026-08-02 14:51:00,2026-08-02 14:44:00,7.0,5.0,2026-08-02 15:00:00,2026-08-02 15:02:00,,0.0,2026-08-02 14:53:00,2026-08-02 14:59:00,,,,,Дубинский В. Д.,Победа,Выдача до 30 минут
2026-08-02,ЮТ 398F,73Х,ГЕЛЕНДЖИК,24,Y(А05),14:43,859,2026-08-02 14:55:00,2026-08-02 14:57:00,,2026-08-02 14:59:00,2026-08-02 15:04:00,2026-08-02 14:59:00,2026-08-02 15:04:00,2026-08-02 15:05:00,,,2026-08-02 15:11:00,2026-08-02 15:12:00,,0.0,2026-08-02 15:05:00,2026-08-02 15:09:00,,,,,Юрков С.,Ютэйр,Выдача до 30 минут
2026-08-02,ДР 466 ,7С8,УЛЬЯНОВСК(БАРАТАЕВКА),50,Y(А04),14:47,359,2026-08-02 15:00:00,2026-08-02 15:00:00,,2026-08-02 15:01:00,2026-08-02 15:03:00,2026-08-02 15:01:00,2026-08-02 15:03:00,2026-08-02 15:06:00,,,2026-08-02 15:11:00,2026-08-02 15:12:00,,0.0,2026-08-02 15:04:00,2026-08-02 15:09:00,,,,,Омурбек У. Б.,Победа,Выдача до 30 минут
2026-08-02,ЮТ 560 ,735,МАХАЧКАЛА,13,Y(А08),14:51,713,2026-08-02 15:00:00,2026-08-02 15:01:00,,2026-08-02 15:05:00,2026-08-02 15:10:00,2026-08-02 15:05:00,2026-08-02 15:10:00,2026-08-02 15:09:00,1.0,,2026-08-02 15:16:00,2026-08-02 15:24:00,,0.0,2026-08-02 15:12:00,2026-08-02 15:16:00,,,,,Тано Б. А.,Ютэйр,Выдача до 30 минут
2026-08-02,ФВ 6031 ,СУ9,САНКТ-ПЕТЕРБУРГ(ПУЛКОВО),9,Y(А04),15:13,161,2026-08-02 15:23:00,2026-08-02 15:23:00,,2026-08-02 15:26:00,2026-08-02 15:28:00,2026-08-02 15:26:00,2026-08-02 15:28:00,2026-08-02 15:28:00,,1.0,2026-08-02 15:30:00,2026-08-02 15:31:00,,0.0,2026-08-02 15:28:00,2026-08-02 15:31:00,,,,,Фаёзов А. Р.,Россия,Выдача до 30 минут
2026-08-02,ЮТ 364 ,73Х,УФА,15,Y(А07),15:17,670,2026-08-02 15:28:00,2026-08-02 15:29:00,,2026-08-02 15:29:00,2026-08-02 15:35:00,2026-08-02 15:29:00,2026-08-02 15:35:00,2026-08-02 15:36:00,,2.0,2026-08-02 15:41:00,2026-08-02 15:44:00,,0.0,2026-08-02 15:37:00,2026-08-02 15:44:00,,,,,Каламбеков У. О.,Ютэйр,Выдача до 30 минут
2026-08-02,ДР 436 ,73Х,УФА,47,Y(А05),15:28,404,2026-08-02 15:35:00,2026-08-02 15:39:00,1.0,2026-08-02 15:39:00,2026-08-02 15:42:00,2026-08-02 15:39:00,2026-08-02 15:42:00,2026-08-02 15:42:00,,,2026-08-02 15:50:00,2026-08-02 15:53:00,,0.0,2026-08-02 15:46:00,2026-08-02 15:56:00,,,,,Дубинский В. Д.,Победа,Выдача до 30 минут
2026-08-02,А4 7010 ,СУ9,ТБИЛИСИ(ТБИЛИСИ ИНТЛ.),28,Y(А11),16:02,1119,2026-08-02 16:08:00,2026-08-02 16:12:00,1.0,2026-08-02 16:13:00,2026-08-02 16:24:00,2026-08-02 16:13:00,2026-08-02 16:24:00,2026-08-02 16:19:00,5.0,4.0,2026-08-02 16:27:00,2026-08-02 16:29:00,,0.0,2026-08-02 16:24:00,2026-08-02 16:27:00,,,,,Фаёзов А. Р.,Азимут,Выдача до 30 минут
2026-08-02,ЮТ 802 ,762,ДУШАНБЕ(ДУШАНБЕ ИНТЛ.),65,Y(А09),18:55,2961,2026-08-02 19:10:00,2026-08-02 19:11:00,,2026-08-02 19:16:00,2026-08-02 19:24:00,2026-08-02 19:16:00,2026-08-02 19:24:00,2026-08-02 19:34:00,,,2026-08-02 19:38:00,2026-08-02 19:46:00,,6.0,2026-08-02 19:16:00,2026-08-02 19:44:00,,,,,Дубинский В. Д.,Ютэйр,Выдача от 30 до 40 минут
2026-08-02,PC 1576 ,32Щ,АНТАЛЬЯ,36,Y(А12),23:47,2798,2026-08-02 23:55:00,2026-08-02 23:59:00,1.0,2026-08-03 00:02:00,2026-08-03 00:20:00,2026-08-03 00:10:00,2026-08-03 00:20:00,2026-08-03 00:18:00,2.0,,2026-08-03 00:19:00,2026-08-03 00:28:00,,3.0,2026-08-03 00:09:00,2026-08-03 00:15:00,2026-08-03 00:21:00,2026-08-03 00:26:00,,,"Екимов С. С., Ушаков П. А.",Pegasus,Выдача от 30 до 40 минут
2026-08-02,ФВ 6179 ,СУ9,САНКТ-ПЕТЕРБУРГ(ПУЛКОВО),9,Y(А04),19:12,211,2026-08-02 19:21:00,2026-08-02 19:25:00,1.0,2026-08-02 19:29:00,2026-08-02 19:30:00,2026-08-02 19:29:00,2026-08-02 19:30:00,2026-08-02 19:26:00,4.0,,2026-08-02 19:32:00,2026-08-02 19:34:00,,0.0,2026-08-02 19:30:00,2026-08-02 19:32:00,,,,,Тришкин А. В.,Россия,Выдача до 30 минут
2026-08-02,PC 1580 ,32Н,АНТАЛЬЯ,24,Y(А11),22:19,2343,2026-08-02 22:32:00,2026-08-02 22:35:00,,2026-08-02 22:36:00,2026-08-02 22:47:00,2026-08-02 22:36:00,2026-08-02 22:47:00,2026-08-02 22:52:00,,,2026-08-02 22:48:00,2026-08-02 23:01:00,,0.0,2026-08-02 22:48:00,2026-08-02 22:52:00,2026-08-02 22:43:00,2026-08-02 22:47:00,,,"Фанин Н. О., Чеканов В. А.",Pegasus,Выдача до 30 минут
2026-08-02,ЮТ 784 ,73Х,АНТАЛЬЯ,16,Y(А12),22:22,1855,2026-08-02 22:30:00,2026-08-02 22:32:00,,2026-08-02 22:32:00,2026-08-02 22:44:00,2026-08-02 22:33:00,2026-08-02 22:44:00,2026-08-02 22:46:00,,,2026-08-02 22:43:00,2026-08-02 22:55:00,,0.0,2026-08-02 22:38:00,2026-08-02 22:41:00,2026-08-02 22:45:00,2026-08-02 22:50:00,,,"Демчук Д. П., Екимов С. С.",Ютэйр,Выдача до 30 минут
2026-08-02,ДР 194 ,73Х,НАЛЬЧИК,49,Y(А06),22:25,995,2026-08-02 22:31:00,2026-08-02 22:34:00,,2026-08-02 22:35:00,2026-08-02 22:41:00,2026-08-02 22:35:00,2026-08-02 22:41:00,2026-08-02 22:42:00,,,2026-08-02 22:50:00,2026-08-02 22:51:00,,0.0,2026-08-02 22:44:00,2026-08-02 22:51:00,,,,,Тихонов С. М.,Победа,Выдача до 30 минут
2026-08-02,ФВ 6185 ,СУ9,САНКТ-ПЕТЕРБУРГ(ПУЛКОВО),10,Y(А04),22:33,161,2026-08-02 22:45:00,2026-08-02 22:46:00,,2026-08-02 22:46:00,2026-08-02 22:50:00,2026-08-02 22:46:00,2026-08-02 22:50:00,2026-08-02 22:50:00,,3.0,2026-08-02 22:53:00,2026-08-02 22:54:00,,0.0,2026-08-02 22:50:00,2026-08-02 22:54:00,,,,,Тришкин А. В.,Россия,Выдача до 30 минут
2026-08-02,ФВ 6181 ,320,САНКТ-ПЕТЕРБУРГ(ПУЛКОВО),11,Y(А04),22:37,372,2026-08-02 22:48:00,2026-08-02 22:50:00,,2026-08-02 22:53:00,2026-08-02 22:56:00,2026-08-02 22:53:00,2026-08-02 22:56:00,2026-08-02 22:54:00,2.0,1.0,2026-08-02 23:01:00,2026-08-02 23:02:00,,0.0,2026-08-02 22:58:00,2026-08-02 23:00:00,,,,,Михайлов М. С.,Россия,Выдача до 30 минут
2026-08-02,ДР 486 ,7С8,УЛЬЯНОВСК(БАРАТАЕВКА),50,Y(А04),22:46,164,2026-08-02 22:54:00,2026-08-02 22:57:00,,2026-08-02 22:56:00,2026-08-02 22:58:00,2026-08-02 22:56:00,2026-08-02 22:58:00,2026-08-02 22:59:00,,1.0,2026-08-02 23:05:00,2026-08-02 23:06:00,,0.0,2026-08-02 23:01:00,2026-08-02 23:05:00,,,,,Юрков С.,Победа,Выдача до 30 минут
2026-08-02,TK 411 ,333,СТАМБУЛ(СТАМБУЛ НЬЮ),22,Y(А09),23:04,5358,2026-08-02 23:13:00,2026-08-02 23:18:00,2.0,2026-08-02 23:15:00,2026-08-02 23:33:00,2026-08-02 23:16:00,2026-08-02 23:33:00,2026-08-02 23:53:00,,,2026-08-02 23:25:00,2026-08-02 23:41:00,,0.0,2026-08-02 23:18:00,2026-08-02 23:43:00,2026-08-02 23:03:00,2026-08-02 23:25:00,2026-08-02 23:17:00,2026-08-02 23:38:00,"Дубинский В. Д., Харитонов И. А.",Turkish Airlines,Выдача до 30 минут
2026-08-02,BJ 814 ,320,МОНАСТИР(ХАБИБ БУРДЖИБА ИНТ),23,Y(А11),23:14,2018,2026-08-02 23:18:00,2026-08-02 23:20:00,,2026-08-02 23:25:00,2026-08-02 23:42:00,2026-08-02 23:36:00,2026-08-02 23:42:00,2026-08-02 23:35:00,7.0,,2026-08-02 23:36:00,2026-08-02 23:51:00,,3.0,2026-08-02 23:31:00,2026-08-02 23:36:00,2026-08-02 23:41:00,2026-08-02 23:46:00,,,"Попов А. И., Хушвактов П. З.",Nouvelair Tunisie,Выдача от 30 до 40 минут
2026-08-02,ФВ 6169 ,СУ9,САНКТ-ПЕТЕРБУРГ(ПУЛКОВО),8,Y(А04),23:18,75,2026-08-02 23:30:00,2026-08-02 23:32:00,,2026-08-02 23:34:00,2026-08-02 23:35:00,2026-08-02 23:34:00,2026-08-02 23:35:00,2026-08-02 23:35:00,,,2026-08-02 23:39:00,2026-08-02 23:40:00,,0.0,2026-08-02 23:36:00,2026-08-02 23:40:00,,,,,Соколов И. С.,Россия,Выдача до 30 минут
2026-08-02,ЮВ 301 ,ЦР2,БУГУЛЬМА,42,Y(А05),23:22,542,2026-08-02 23:28:00,2026-08-02 23:28:00,,2026-08-02 23:35:00,2026-08-02 23:36:00,2026-08-02 23:35:00,2026-08-02 23:36:00,2026-08-02 23:36:00,,,2026-08-02 23:41:00,2026-08-02 23:44:00,,0.0,2026-08-02 23:37:00,2026-08-02 23:42:00,,,,,Иванов В. А.,ЮВТ АЭРО,Выдача до 30 минут
2026-08-02,ФВ 6187 ,СУ9,САНКТ-ПЕТЕРБУРГ(ПУЛКОВО),9,Y(А04),23:25,92,2026-08-02 23:36:00,2026-08-02 23:39:00,,2026-08-02 23:38:00,2026-08-02 23:41:00,2026-08-02 23:38:00,2026-08-02 23:41:00,2026-08-02 23:41:00,,2.0,2026-08-02 23:42:00,2026-08-02 23:43:00,,0.0,2026-08-02 23:41:00,2026-08-02 23:44:00,,,,,Тришкин А. В.,Россия,Выдача до 30 минут
2026-08-02,А4 7036 ,СУ9,ПСКОВ(КРЕСТЫ),51A,Y(А04),23:32,333,2026-08-02 23:45:00,2026-08-02 23:49:00,1.0,2026-08-02 23:51:00,2026-08-02 23:55:00,2026-08-02 23:51:00,2026-08-02 23:55:00,2026-08-02 23:51:00,4.0,2.0,2026-08-02 23:50:00,2026-08-02 23:51:00,,0.0,2026-08-02 23:55:00,2026-08-03 00:02:00,,,,,Ушаков П. А.,Азимут,Выдача до 30 минут
2026-08-02,ХИ 605 ,320,САМАРКАНД(САМАРКАНД ИНТЛ.),26,Y(А11),23:36,1468,2026-08-02 23:43:00,2026-08-02 23:43:00,,2026-08-02 23:47:00,2026-08-02 23:57:00,2026-08-02 23:47:00,2026-08-02 23:57:00,2026-08-02 23:57:00,,,2026-08-02 23:58:00,2026-08-03 00:03:00,,0.0,2026-08-02 23:55:00,2026-08-02 23:57:00,2026-08-02 23:59:00,2026-08-03 00:02:00,,,Семиченков С. А.,UZBEKISTAN AIRWAYS,Выдача до 30 минут
2026-08-02,TK 211 ,321,АНТАЛЬЯ,30,Y(А10),23:40,2604,2026-08-02 23:51:00,2026-08-02 23:52:00,,2026-08-02 23:53:00,2026-08-03 00:08:00,2026-08-02 23:53:00,2026-08-03 00:08:00,2026-08-03 00:12:00,,,2026-08-03 00:06:00,2026-08-03 00:15:00,,0.0,2026-08-02 23:53:00,2026-08-03 00:16:00,2026-08-03 00:14:00,2026-08-03 00:15:00,,,Хушвактов П. З.,Turkish Airlines,Выдача до 30 минут
2026-08-02,DV 813 ,738,АСТАНА(НУРСУЛТАН НАЗАРБАЕВ),37A,Y(А13),23:44,1130,2026-08-02 23:54:00,2026-08-02 23:56:00,,2026-08-02 23:55:00,2026-08-03 00:06:00,2026-08-02 23:55:00,2026-08-03 00:06:00,2026-08-03 00:06:00,,3.0,2026-08-03 00:14:00,2026-08-03 00:17:00,,0.0,2026-08-03 00:09:00,2026-08-03 00:14:00,,,,,Рябчевский В. О.,SCAT Airlines,Выдача до 30 минут
2026-08-02,J2 809 ,763,БАКУ(ИМ. ГЕЙДАРА АЛИЕВА),18,Y(А09),23:50,2525,2026-08-02 23:59:00,2026-08-03 00:01:00,,2026-08-03 00:04:00,2026-08-03 00:19:00,2026-08-03 00:04:00,2026-08-03 00:19:00,2026-08-03 00:20:00,,,2026-08-03 00:21:00,2026-08-03 00:27:00,2.0,0.0,2026-08-03 00:04:00,2026-08-03 00:28:00,2026-08-03 00:15:00,2026-08-03 00:21:00,,,Тихонов С. М.,AZAL,Выдача до 30 минут
2026-08-02,ДР 114 ,7С8,СОЧИ,49,Y(А07),12:37,1125,2026-08-02 12:43:00,2026-08-02 12:47:00,1.0,2026-08-02 12:47:00,2026-08-02 12:56:00,2026-08-02 12:47:00,2026-08-02 12:56:00,2026-08-02 12:55:00,1.0,1.0,2026-08-02 13:02:00,2026-08-02 13:05:00,,0.0,2026-08-02 12:57:00,2026-08-02 13:03:00,,,,,Омурбек У. Б.,Победа,Выдача до 30 минут
2026-08-02,ДР 968 ,73Х,МИНСК(МИНСК ИНТЛ.),47,Y(А13),22:15,348,2026-08-02 22:25:00,2026-08-02 22:25:00,,2026-08-02 22:28:00,2026-08-02 22:32:00,2026-08-02 22:28:00,2026-08-02 22:32:00,2026-08-02 22:31:00,1.0,2.0,2026-08-02 22:38:00,2026-08-02 22:39:00,,0.0,2026-08-02 22:32:00,2026-08-02 22:38:00,,,,,Юрков С.,Победа,Выдача до 30 минут
2026-08-02,ДР 422 ,73Х,САМАРА(КУРУМОЧ),48,Y(А05),22:01,180,2026-08-02 22:07:00,2026-08-02 22:09:00,,2026-08-02 22:10:00,2026-08-02 22:12:00,2026-08-02 22:10:00,2026-08-02 22:12:00,2026-08-02 22:12:00,,1.0,2026-08-02 22:19:00,2026-08-02 22:20:00,,0.0,2026-08-02 22:14:00,2026-08-02 22:18:00,,,,,Чеканов В. А.,Победа,Выдача до 30 минут
2026-08-02,J2 803 ,76В,БАКУ(ИМ. ГЕЙДАРА АЛИЕВА),18,Y(А10),21:50,2695,2026-08-02 22:01:00,2026-08-02 22:04:00,,2026-08-02 22:04:00,2026-08-02 22:19:00,2026-08-02 22:04:00,2026-08-02 22:19:00,2026-08-02 22:23:00,,,2026-08-02 22:22:00,2026-08-02 22:24:00,1.0,0.0,2026-08-02 22:04:00,2026-08-02 22:24:00,2026-08-02 22:19:00,2026-08-02 22:23:00,,,Ушаков П. А.,AZAL,Выдача до 30 минут
2026-08-02,ДР 994 ,7С8,СТАМБУЛ(СТАМБУЛ НЬЮ),43,Y(А12),21:36,1350,2026-08-02 21:43:00,2026-08-02 21:45:00,,2026-08-02 21:46:00,2026-08-02 21:56:00,2026-08-02 21:46:00,2026-08-02 21:56:00,2026-08-02 21:56:00,,1.0,2026-08-02 21:59:00,2026-08-02 22:06:00,,0.0,2026-08-02 21:53:00,2026-08-02 21:59:00,2026-08-02 22:01:00,2026-08-02 22:05:00,,,Семиченков С. А.,Победа,Выдача до 30 минут
2026-08-02,УР 512 ,75В,БОДРУМ(МИЛАС),18,Y(А11),19:18,1076,2026-08-02 19:30:00,2026-08-02 19:32:00,,2026-08-02 19:35:00,2026-08-02 19:44:00,2026-08-02 19:35:00,2026-08-02 19:44:00,2026-08-02 19:41:00,3.0,2.0,2026-08-02 19:49:00,2026-08-02 19:51:00,,0.0,2026-08-02 19:43:00,2026-08-02 19:50:00,,,,,Михайлов М. С.,FLYONE Armenia,Выдача до 30 минут
2026-08-02,ХИ 9627 ,32Н,ФЕРГАНА(ФЕРГАНА ИНТЛ.),24,Y(А10),19:29,2102,2026-08-02 19:45:00,2026-08-02 19:45:00,,2026-08-02 19:47:00,2026-08-02 20:06:00,2026-08-02 19:47:00,2026-08-02 20:06:00,2026-08-02 20:03:00,3.0,5.0,2026-08-02 19:57:00,2026-08-02 20:10:00,,0.0,2026-08-02 19:55:00,2026-08-02 19:57:00,2026-08-02 20:07:00,2026-08-02 20:10:00,,,Ушаков П. А.,UZBEKISTAN AIRWAYS,Выдача до 30 минут
2026-08-02,ЮТ 296 ,73Х,СУРГУТ,21,Y(А08),19:32,867,2026-08-02 19:42:00,2026-08-02 19:45:00,,2026-08-02 19:45:00,2026-08-02 19:51:00,2026-08-02 19:45:00,2026-08-02 19:51:00,2026-08-02 19:52:00,,,2026-08-02 19:55:00,2026-08-02 19:57:00,,0.0,2026-08-02 19:51:00,2026-08-02 19:55:00,,,,,"Семиченков С. А., Соколов И. С.",Ютэйр,Выдача до 30 минут
2026-08-02,ХИ 9609 ,320,ТЕРМЕЗ,26,Y(А12),19:36,1388,2026-08-02 19:47:00,2026-08-02 19:49:00,,2026-08-02 19:52:00,2026-08-02 20:04:00,2026-08-02 19:52:00,2026-08-02 20:04:00,2026-08-02 20:00:00,4.0,3.0,2026-08-02 20:01:00,2026-08-02 20:09:00,,0.0,2026-08-02 19:57:00,2026-08-02 20:01:00,2026-08-02 20:05:00,2026-08-02 20:09:00,,,Хушвактов П. З.,UZBEKISTAN AIRWAYS,Выдача до 30 минут
2026-08-02,PBD 860 ,73Х,АНТАЛЬЯ,46,Y(А09),19:42,1581,2026-08-02 19:50:00,2026-08-02 19:54:00,1.0,2026-08-02 19:54:00,2026-08-02 20:06:00,2026-08-02 19:54:00,2026-08-02 20:06:00,2026-08-02 20:05:00,1.0,1.0,2026-08-02 20:06:00,2026-08-02 20:17:00,,0.0,2026-08-02 20:00:00,2026-08-02 20:06:00,2026-08-02 20:07:00,2026-08-02 20:16:00,,,Екимов С. С.,Победа,Выдача до 30 минут
2026-08-02,ЮТ 576 ,735,КРАСНОДАР(ПАШКОВСКИЙ),54,Y(А05),19:51,590,2026-08-02 20:03:00,2026-08-02 20:04:00,,2026-08-02 20:08:00,2026-08-02 20:17:00,2026-08-02 20:08:00,2026-08-02 20:17:00,2026-08-02 20:11:00,6.0,5.0,2026-08-02 20:24:00,2026-08-02 20:26:00,,0.0,2026-08-02 20:19:00,2026-08-02 20:24:00,,,,,Рябчевский В. О.,Ютэйр,Выдача до 30 минут
2026-08-02,ГЗП 260 ,СУ9,НОВЫЙ УРЕНГОЙ,Б36,Y(А04),19:54,358,2026-08-02 20:01:00,2026-08-02 20:02:00,,2026-08-02 20:05:00,2026-08-02 20:10:00,2026-08-02 20:05:00,2026-08-02 20:10:00,2026-08-02 20:07:00,3.0,3.0,2026-08-02 20:24:00,2026-08-02 20:26:00,,0.0,2026-08-02 20:12:00,2026-08-02 20:24:00,,,,,Чеканов В. А.,Газпром авиа,Выдача до 30 минут
2026-08-02,ДР 158 ,73Х,КРАСНОДАР(ПАШКОВСКИЙ),47,Y(А07),19:57,509,2026-08-02 20:05:00,2026-08-02 20:07:00,,2026-08-02 20:08:00,2026-08-02 20:14:00,2026-08-02 20:08:00,2026-08-02 20:14:00,2026-08-02 20:12:00,2.0,3.0,2026-08-02 20:23:00,2026-08-02 20:24:00,,0.0,2026-08-02 20:17:00,2026-08-02 20:23:00,,,,,Попов А. И.,Победа,Выдача до 30 минут
2026-08-02,ЮТ 250 ,734,СОЧИ,58A,Y(А06),18:59,1359,2026-08-02 19:08:00,2026-08-02 19:09:00,,2026-08-02 19:10:00,2026-08-02 19:22:00,2026-08-02 19:10:00,2026-08-02 19:22:00,2026-08-02 19:21:00,1.0,3.0,2026-08-02 19:25:00,2026-08-02 19:27:00,,0.0,2026-08-02 19:16:00,2026-08-02 19:22:00,2026-08-02 19:20:00,2026-08-02 19:26:00,,,Юрков С.,Ютэйр,Выдача до 30 минут
2026-08-02,ЮТ 374 ,73Х,МИНЕРАЛЬНЫЕ ВОДЫ,14,Y(А06),20:01,948,2026-08-02 20:09:00,2026-08-02 20:10:00,,2026-08-02 20:13:00,2026-08-02 20:22:00,2026-08-02 20:13:00,2026-08-02 20:22:00,2026-08-02 20:19:00,3.0,3.0,2026-08-02 20:28:00,2026-08-02 20:31:00,,0.0,2026-08-02 20:25:00,2026-08-02 20:29:00,,,,,Тришкин А. В.,Ютэйр,Выдача до 30 минут
2026-08-02,ХИ 9619 ,32Н,НАМАНГАН,25,Y(А10),20:08,1576,2026-08-02 20:22:00,2026-08-02 20:24:00,,2026-08-02 20:27:00,2026-08-02 20:42:00,2026-08-02 20:36:00,2026-08-02 20:42:00,2026-08-02 20:37:00,5.0,,2026-08-02 20:38:00,2026-08-02 20:47:00,,0.0,2026-08-02 20:43:00,2026-08-02 20:47:00,2026-08-02 20:35:00,2026-08-02 20:39:00,,,"Иванов В. А., Рябчевский В. О.",UZBEKISTAN AIRWAYS,Выдача до 30 минут
2026-08-02,ХИ 613 ,763,ТАШКЕНТ(ТАШКЕНТ ИНТЛ.),23,Y(А09),20:15,2642,2026-08-02 20:27:00,2026-08-02 20:28:00,,2026-08-02 20:32:00,2026-08-02 20:46:00,2026-08-02 20:32:00,2026-08-02 20:46:00,2026-08-02 20:49:00,,,2026-08-02 20:42:00,2026-08-02 20:54:00,,0.0,2026-08-02 20:33:00,2026-08-02 20:46:00,2026-08-02 20:46:00,2026-08-02 20:51:00,,,Попов Д. В.,UZBEKISTAN AIRWAYS,Выдача до 30 минут
2026-08-02,DV 815 ,7М8,АЛМАТЫ(АЛМАТЫ ИНТЛ.),20,Y(А13),20:26,1249,2026-08-02 20:35:00,2026-08-02 20:36:00,,2026-08-02 20:36:00,2026-08-02 20:46:00,2026-08-02 20:37:00,2026-08-02 20:46:00,2026-08-02 20:47:00,,1.0,2026-08-02 20:48:00,2026-08-02 20:51:00,,0.0,2026-08-02 20:43:00,2026-08-02 20:48:00,2026-08-02 20:48:00,2026-08-02 20:52:00,,,"Михайлов М. С., Хушвактов П. З.",SCAT Airlines,Выдача до 30 минут
2026-08-02,ЮТ 398 ,734,ГЕЛЕНДЖИК,12,Y(А06),20:41,987,2026-08-02 20:51:00,2026-08-02 20:53:00,,2026-08-02 20:53:00,2026-08-02 21:01:00,2026-08-02 20:53:00,2026-08-02 21:01:00,2026-08-02 21:02:00,,1.0,2026-08-02 21:06:00,2026-08-02 21:07:00,,0.0,2026-08-02 21:03:00,2026-08-02 21:06:00,,,,,Екимов С. С.,Ютэйр,Выдача до 30 минут
2026-08-02,TK 3120 ,73Х,ДАЛАМАН,21,Y(А09),21:03,2145,2026-08-02 21:13:00,2026-08-02 21:15:00,,2026-08-02 21:14:00,2026-08-02 21:26:00,2026-08-02 21:16:00,2026-08-02 21:26:00,2026-08-02 21:31:00,,,2026-08-02 21:23:00,2026-08-02 21:36:00,,0.0,2026-08-02 21:19:00,2026-08-02 21:23:00,2026-08-02 21:31:00,2026-08-02 21:36:00,,,"Соколов И. С., Харитонов И. А.",Turkish Airlines,Выдача до 30 минут
2026-08-02,NE 646 ,320,ШАРМ ЭЛЬ ШЕЙХ(ШАРМ ЭЛЬ ШЕЙХ ИНТЛ.),19,Y(А11),21:11,1387,2026-08-02 21:22:00,2026-08-02 21:25:00,,2026-08-02 21:26:00,2026-08-02 21:40:00,2026-08-02 21:26:00,2026-08-02 21:40:00,2026-08-02 21:35:00,5.0,5.0,2026-08-02 21:40:00,2026-08-02 21:49:00,,0.0,2026-08-02 21:33:00,2026-08-02 21:39:00,2026-08-02 21:43:00,2026-08-02 21:48:00,,,Дубинский В. Д.,Nesma Airlines,Выдача до 30 минут
2026-08-02,ЮТ 180 ,73Е,УХТА,15,Y(А05),21:15,610,2026-08-02 21:22:00,2026-08-02 21:25:00,,2026-08-02 21:28:00,2026-08-02 21:35:00,2026-08-02 21:28:00,2026-08-02 21:35:00,2026-08-02 21:30:00,5.0,3.0,2026-08-02 21:39:00,2026-08-02 21:40:00,,0.0,2026-08-02 21:35:00,2026-08-02 21:38:00,,,,,Тихонов С. М.,Ютэйр,Выдача до 30 минут
2026-08-02,ФВ 6183 ,СУ9,САНКТ-ПЕТЕРБУРГ(ПУЛКОВО),8,Y(А04),21:22,81,2026-08-02 21:33:00,2026-08-02 21:34:00,,2026-08-02 21:36:00,2026-08-02 21:38:00,2026-08-02 21:36:00,2026-08-02 21:38:00,2026-08-02 21:38:00,,1.0,2026-08-02 21:41:00,2026-08-02 21:42:00,,0.0,2026-08-02 21:38:00,2026-08-02 21:41:00,,,,,Юрков С.,Россия,Выдача до 30 минут
2026-08-02,ВГ 2390 ,ЯК4,ВОЛОГДА,43,0,20:04,0,2026-08-02 20:09:00,2026-08-02 20:10:00,,2026-08-02 20:14:00,2026-08-02 20:15:00,2026-08-02 20:14:00,2026-08-02 20:15:00,,,1.0,,-1,,0.0,,,,,,,Демчук Д. П.,Вологодское АП,Не определено
2026-08-02,NE 620 ,320,ХУРГАДА(ХУРГАДА ИНТЛ.),27,Y(А12),12:32,1730,2026-08-02 12:47:00,2026-08-02 12:47:00,,2026-08-02 12:49:00,2026-08-02 13:02:00,2026-08-02 12:49:00,2026-08-02 13:02:00,2026-08-02 13:03:00,,1.0,2026-08-02 13:01:00,2026-08-02 13:10:00,,0.0,2026-08-02 12:55:00,2026-08-02 12:59:00,2026-08-02 13:06:00,2026-08-02 13:09:00,,,Сыргаков Б. А.,Nesma Airlines,Выдача до 30 минут
2026-08-02,ДР 158 ,7С8,КРАСНОДАР(ПАШКОВСКИЙ),49,Y(А05),00:22,664,2026-08-02 00:31:00,2026-08-02 00:33:00,,2026-08-02 00:35:00,2026-08-02 00:42:00,2026-08-02 00:35:00,2026-08-02 00:42:00,2026-08-02 00:39:00,3.0,3.0,2026-08-02 00:55:00,2026-08-02 00:56:00,,0.0,2026-08-02 00:47:00,2026-08-02 00:57:00,,,,,Тихонов С. М.,Победа,Выдача до 30 минут
2026-08-02,TK 3164 ,321,БОДРУМ(МИЛАС),20,Y(А10),12:24,2040,2026-08-02 12:33:00,2026-08-02 12:35:00,,2026-08-02 12:38:00,2026-08-02 12:52:00,2026-08-02 12:38:00,2026-08-02 12:52:00,2026-08-02 12:51:00,1.0,,2026-08-02 12:49:00,2026-08-02 12:54:00,,0.0,2026-08-02 12:31:00,2026-08-02 13:03:00,,,,,Юрков С.,Turkish Airlines,Выдача до 30 минут
2026-08-02,TK 3122 ,321,БОДРУМ(МИЛАС),20,Y(А12),02:43,2003,2026-08-02 02:54:00,2026-08-02 02:54:00,,2026-08-02 03:00:00,2026-08-02 03:18:00,2026-08-02 03:00:00,2026-08-02 03:18:00,2026-08-02 03:11:00,7.0,5.0,2026-08-02 03:16:00,2026-08-02 03:27:00,2.0,3.0,2026-08-02 03:18:00,2026-08-02 03:25:00,,,,,Гафуров О. Ф.,Turkish Airlines,Выдача от 30 до 40 минут
2026-08-02,NE 638 ,320,ШАРМ ЭЛЬ ШЕЙХ(ШАРМ ЭЛЬ ШЕЙХ ИНТЛ.),24,Y(А10),02:46,1708,2026-08-02 02:58:00,2026-08-02 03:00:00,,2026-08-02 03:04:00,2026-08-02 03:25:00,2026-08-02 03:04:00,2026-08-02 03:25:00,2026-08-02 03:13:00,12.0,10.0,2026-08-02 03:15:00,2026-08-02 03:32:00,,4.0,2026-08-02 03:12:00,2026-08-02 03:15:00,2026-08-02 03:27:00,2026-08-02 03:32:00,,,Рустамов М. А.,Nesma Airlines,Выдача от 30 до 40 минут
2026-08-02,AZV 3014 ,763,АНТАЛЬЯ,64,Y(А10),02:54,2201,2026-08-02 03:12:00,2026-08-02 03:13:00,,2026-08-02 03:15:00,2026-08-02 03:32:00,2026-08-02 03:15:00,2026-08-02 03:32:00,2026-08-02 03:31:00,1.0,2.0,2026-08-02 03:40:00,2026-08-02 03:45:00,,3.0,2026-08-02 03:16:00,2026-08-02 03:45:00,,,,,Королёв Е. А.,АЗУР эйр,Выдача от 30 до 40 минут
2026-08-02,ЖГ 932 ,73Х,ТБИЛИСИ(ТБИЛИСИ ИНТЛ.),30,Y(А10),02:57,2534,2026-08-02 03:08:00,2026-08-02 03:09:00,,2026-08-02 03:11:00,2026-08-02 03:31:00,2026-08-02 03:11:00,2026-08-02 03:31:00,2026-08-02 03:29:00,2.0,3.0,2026-08-02 03:23:00,2026-08-02 03:37:00,,0.0,2026-08-02 03:17:00,2026-08-02 03:20:00,2026-08-02 03:32:00,2026-08-02 03:35:00,,,Конюхов Я. А.,GEORGIAN AIRWAYS,Выдача до 30 минут
2026-08-02,NE 490 ,320,ХУРГАДА(ХУРГАДА ИНТЛ.),26,Y(А11),03:01,1800,2026-08-02 03:11:00,2026-08-02 03:12:00,,2026-08-02 03:14:00,2026-08-02 03:30:00,2026-08-02 03:14:00,2026-08-02 03:30:00,2026-08-02 03:27:00,3.0,4.0,2026-08-02 03:27:00,2026-08-02 03:43:00,,2.0,2026-08-02 03:22:00,2026-08-02 03:25:00,2026-08-02 03:31:00,2026-08-02 03:36:00,,,Фанин Н. О.,Nesma Airlines,Выдача от 30 до 40 минут
2026-08-02,PC 1580 ,32Н,АНТАЛЬЯ,21,Y(А13),03:21,2512,2026-08-02 03:30:00,2026-08-02 03:37:00,4.0,2026-08-02 03:33:00,2026-08-02 03:55:00,2026-08-02 03:33:00,2026-08-02 03:55:00,2026-08-02 03:51:00,4.0,5.0,2026-08-02 03:48:00,2026-08-02 04:04:00,,4.0,2026-08-02 03:41:00,2026-08-02 03:45:00,2026-08-02 03:56:00,2026-08-02 04:05:00,,,Фартушный А. И.,Pegasus,Выдача от 30 до 40 минут
2026-08-02,FZ 965A,7М8,ДУБАЙ(ДУБАЙ ИНТЛ.),29,Y(А12),03:26,1423,2026-08-02 03:36:00,2026-08-02 03:37:00,,2026-08-02 03:40:00,2026-08-02 03:53:00,2026-08-02 03:40:00,2026-08-02 03:53:00,2026-08-02 03:49:00,4.0,4.0,2026-08-02 03:53:00,2026-08-02 03:56:00,,0.0,2026-08-02 03:47:00,2026-08-02 03:53:00,2026-08-02 03:54:00,2026-08-02 03:58:00,,,Лизенко Е. В.,flydubai,Выдача до 30 минут
2026-08-02,PC 386 ,32Щ,СТАМБУЛ(САБИХА ГОКЦЕН),19,Y(А09),03:34,3851,2026-08-02 03:43:00,2026-08-02 03:44:00,,2026-08-02 03:47:00,2026-08-02 04:17:00,2026-08-02 03:51:00,2026-08-02 04:17:00,2026-08-02 04:13:00,4.0,,2026-08-02 04:01:00,2026-08-02 04:18:00,,5.0,2026-08-02 03:54:00,2026-08-02 04:01:00,2026-08-02 04:10:00,2026-08-02 04:15:00,2026-08-02 04:16:00,2026-08-02 04:23:00,"Корнилов Н. А., Смирнов Н. В.",Pegasus,Выдача от 30 до 40 минут
2026-08-02,NE 600 ,320,ХУРГАДА(ХУРГАДА ИНТЛ.),18,Y(А11),03:47,1890,2026-08-02 03:54:00,2026-08-02 03:58:00,1.0,2026-08-02 04:03:00,2026-08-02 04:12:00,2026-08-02 04:03:00,2026-08-02 04:12:00,2026-08-02 04:11:00,1.0,,2026-08-02 04:11:00,2026-08-02 04:17:00,,0.0,2026-08-02 04:05:00,2026-08-02 04:08:00,2026-08-02 04:12:00,2026-08-02 04:17:00,,,Конюхов Я. А.,Nesma Airlines,Выдача до 30 минут
2026-08-02,VF 587 ,73Х,АНКАРА(ЕСЕНБОГА),27,Y(А09),04:01,2288,2026-08-02 04:13:00,2026-08-02 04:15:00,,2026-08-02 04:16:00,2026-08-02 04:35:00,2026-08-02 04:16:00,2026-08-02 04:35:00,2026-08-02 04:32:00,3.0,4.0,2026-08-02 04:26:00,2026-08-02 04:45:00,,2.0,2026-08-02 04:23:00,2026-08-02 04:26:00,2026-08-02 04:40:00,2026-08-02 04:43:00,,,Королёв Е. А.,AJET,Выдача от 30 до 40 минут
2026-08-02,4S 325 ,73Х,ХУРГАДА(ХУРГАДА ИНТЛ.),25,Y(А13),04:08,2226,2026-08-02 04:18:00,2026-08-02 04:21:00,,2026-08-02 04:23:00,2026-08-02 04:38:00,2026-08-02 04:23:00,2026-08-02 04:38:00,2026-08-02 04:37:00,1.0,,2026-08-02 04:33:00,2026-08-02 04:43:00,,0.0,2026-08-02 04:28:00,2026-08-02 04:33:00,2026-08-02 04:39:00,2026-08-02 04:44:00,,,Бородин А. В.,Red Sea,Выдача до 30 минут
2026-08-02,FZ 987A,7М8,ДУБАЙ(ДУБАЙ ИНТЛ.),22,Y(А12),04:12,1789,2026-08-02 04:22:00,2026-08-02 04:22:00,,2026-08-02 04:25:00,2026-08-02 04:41:00,2026-08-02 04:25:00,2026-08-02 04:41:00,2026-08-02 04:38:00,3.0,4.0,2026-08-02 04:34:00,2026-08-02 04:47:00,,0.0,2026-08-02 04:30:00,2026-08-02 04:34:00,2026-08-02 04:42:00,2026-08-02 04:47:00,,,Баташан В. Ю.,flydubai,Выдача до 30 минут
2026-08-02,PC 1456 ,32Щ,БОДРУМ(МИЛАС),20,Y(А10),04:23,2617,2026-08-02 04:33:00,2026-08-02 04:35:00,,2026-08-02 04:37:00,2026-08-02 04:57:00,2026-08-02 04:37:00,2026-08-02 04:57:00,2026-08-02 04:54:00,3.0,3.0,2026-08-02 04:57:00,2026-08-02 05:05:00,4.0,2.0,2026-08-02 04:44:00,2026-08-02 04:50:00,2026-08-02 04:59:00,2026-08-02 05:05:00,,,Гафуров О. Ф.,Pegasus,Выдача от 30 до 40 минут
2026-08-02,VF 277 ,73Х,СТАМБУЛ(САБИХА ГОКЦЕН),24,Y(А10),04:44,2436,2026-08-02 04:52:00,2026-08-02 04:56:00,1.0,2026-08-02 04:56:00,2026-08-02 05:17:00,2026-08-02 04:56:00,2026-08-02 05:17:00,2026-08-02 05:12:00,5.0,5.0,2026-08-02 05:07:00,2026-08-02 05:24:00,,2.0,2026-08-02 05:19:00,2026-08-02 05:24:00,2026-08-02 05:03:00,2026-08-02 05:07:00,,,Фанин Н. О.,AJET,Выдача от 30 до 40 минут
2026-08-02,TK 419 ,332,СТАМБУЛ(СТАМБУЛ НЬЮ),23,Y(А09),04:45,4855,2026-08-02 04:57:00,2026-08-02 05:04:00,4.0,2026-08-02 05:03:00,2026-08-02 05:19:00,2026-08-02 05:03:00,2026-08-02 05:19:00,2026-08-02 05:33:00,,,2026-08-02 05:19:00,2026-08-02 05:35:00,2.0,8.0,2026-08-02 05:13:00,2026-08-02 05:19:00,2026-08-02 05:22:00,2026-08-02 05:37:00,2026-08-02 05:19:00,2026-08-02 05:25:00,Тришкин А. В.,Turkish Airlines,Выдача от 30 до 40 минут
2026-08-02,ЮТ 764B,735,НАХИЧЕВАНЬ,11,Y(А12),04:49,1313,2026-08-02 04:58:00,2026-08-02 05:03:00,2.0,2026-08-02 05:03:00,2026-08-02 05:14:00,2026-08-02 05:03:00,2026-08-02 05:14:00,2026-08-02 05:11:00,3.0,2.0,2026-08-02 05:23:00,2026-08-02 05:24:00,,0.0,2026-08-02 05:19:00,2026-08-02 05:22:00,,,,,Корнилов Н. А.,Ютэйр,Выдача до 30 минут
2026-08-02,NE 604 ,320,ХУРГАДА(ХУРГАДА ИНТЛ.),26,Y(А11),04:51,1933,2026-08-02 05:03:00,2026-08-02 05:05:00,,2026-08-02 05:06:00,2026-08-02 05:23:00,2026-08-02 05:06:00,2026-08-02 05:23:00,2026-08-02 05:20:00,3.0,4.0,2026-08-02 05:15:00,2026-08-02 05:30:00,,0.0,2026-08-02 05:13:00,2026-08-02 05:15:00,2026-08-02 05:25:00,2026-08-02 05:28:00,,,Фартушный А. И.,Nesma Airlines,Выдача до 30 минут
2026-08-02,3F 323 ,320,ЕРЕВАН(ЗВАРТНОЦ ИНТЛ),27,Y(А13),02:35,1267,2026-08-02 02:47:00,2026-08-02 02:49:00,,2026-08-02 03:08:00,2026-08-02 03:16:00,2026-08-02 03:08:00,2026-08-02 03:16:00,2026-08-02 02:59:00,17.0,,2026-08-02 03:20:00,2026-08-02 03:22:00,13.0,5.0,2026-08-02 03:14:00,2026-08-02 03:15:00,2026-08-02 03:17:00,2026-08-02 03:20:00,,,"Бородин А. В., Корнилов Н. А.",FLYONE Armenia,Выдача от 30 до 40 минут
2026-08-02,NE 642 ,321,ШАРМ ЭЛЬ ШЕЙХ(ШАРМ ЭЛЬ ШЕЙХ ИНТЛ.),21,Y(А13),04:58,2153,2026-08-02 05:07:00,2026-08-02 05:07:00,,2026-08-02 05:09:00,2026-08-02 05:32:00,2026-08-02 05:09:00,2026-08-02 05:32:00,2026-08-02 05:25:00,7.0,9.0,2026-08-02 05:22:00,2026-08-02 05:40:00,,3.0,2026-08-02 05:20:00,2026-08-02 05:21:00,2026-08-02 05:33:00,2026-08-02 05:40:00,,,Смирнов Н. В.,Nesma Airlines,Выдача от 30 до 40 минут
2026-08-02,ЮТ 802B,762,ДУШАНБЕ(ДУШАНБЕ ИНТЛ.),66,Y(А09),02:14,3509,2026-08-02 02:36:00,2026-08-02 02:38:00,,2026-08-02 02:37:00,2026-08-02 02:56:00,2026-08-02 02:37:00,2026-08-02 02:56:00,2026-08-02 03:03:00,,,2026-08-02 02:59:00,2026-08-02 03:00:00,,0.0,2026-08-02 02:51:00,2026-08-02 02:58:00,2026-08-02 02:54:00,2026-08-02 03:05:00,,,Фартушный А. И.,Ютэйр,Выдача до 30 минут
2026-08-02,TK 3154 ,321,БОДРУМ(МИЛАС),18,Y(А10),01:30,2289,2026-08-02 01:37:00,2026-08-02 01:39:00,,2026-08-02 01:42:00,2026-08-02 01:56:00,2026-08-02 01:42:00,2026-08-02 01:56:00,2026-08-02 01:56:00,,,2026-08-02 01:53:00,2026-08-02 01:56:00,,0.0,2026-08-02 01:51:00,2026-08-02 02:03:00,,,,,Соколов И. С.,Turkish Airlines,Выдача до 30 минут
2026-08-02,TK 409 ,32Б,СТАМБУЛ(СТАМБУЛ НЬЮ),19,Y(А10),00:00,4261,2026-08-02 00:11:00,2026-08-02 00:14:00,,2026-08-02 00:16:00,2026-08-02 00:44:00,2026-08-02 00:16:00,2026-08-02 00:44:00,2026-08-02 00:43:00,1.0,,2026-08-02 00:38:00,2026-08-02 00:49:00,7.0,8.0,2026-08-02 00:36:00,2026-08-02 00:48:00,2026-08-02 00:45:00,2026-08-02 00:52:00,,,Фартушный А. И.,Turkish Airlines,Выдача от 30 до 40 минут
2026-08-02,TK 3178 ,321,ДАЛАМАН,30,Y(А09),00:03,2520,2026-08-02 00:14:00,2026-08-02 00:16:00,,2026-08-02 00:20:00,2026-08-02 00:36:00,2026-08-02 00:20:00,2026-08-02 00:36:00,2026-08-02 00:35:00,1.0,,2026-08-02 00:29:00,2026-08-02 00:42:00,,0.0,2026-08-02 00:26:00,2026-08-02 00:32:00,2026-08-02 00:38:00,2026-08-02 00:42:00,,,Бородин А. В.,Turkish Airlines,Выдача до 30 минут
2026-08-02,TK 211 ,32Б,АНТАЛЬЯ,29,Y(А10),00:08,2706,2026-08-02 00:20:00,2026-08-02 00:24:00,1.0,2026-08-02 00:24:00,2026-08-02 00:44:00,2026-08-02 00:24:00,2026-08-02 00:44:00,2026-08-02 00:42:00,2.0,2.0,2026-08-02 00:39:00,2026-08-02 00:48:00,,0.0,2026-08-02 00:26:00,2026-08-02 00:39:00,2026-08-02 00:42:00,2026-08-02 00:49:00,,,Рустамов М. А.,Turkish Airlines,Выдача до 30 минут
2026-08-02,ДР 1994 ,73Х,СТАМБУЛ(СТАМБУЛ НЬЮ),50,Y(А11),00:12,900,2026-08-02 00:18:00,2026-08-02 00:23:00,2.0,2026-08-02 00:22:00,2026-08-02 00:29:00,2026-08-02 00:22:00,2026-08-02 00:29:00,2026-08-02 00:28:00,1.0,1.0,2026-08-02 00:37:00,2026-08-02 00:38:00,,0.0,2026-08-02 00:30:00,2026-08-02 00:35:00,,,,,Гафуров О. Ф.,Победа,Выдача до 30 минут
2026-08-02,ЮТ 376 ,734,СЫКТЫВКАР,13,Y(А08),23:54,432,2026-08-03 00:06:00,2026-08-03 00:09:00,,2026-08-03 00:09:00,2026-08-03 00:13:00,2026-08-03 00:09:00,2026-08-03 00:13:00,2026-08-03 00:13:00,,1.0,2026-08-03 00:18:00,2026-08-03 00:20:00,,0.0,2026-08-03 00:14:00,2026-08-03 00:18:00,,,,,Соколов И. С.,Ютэйр,Выдача до 30 минут
2026-08-02,ДР 264 ,73Х,КАЛИНИНГРАД(ХРАБРОВО),47,Y(А06),00:27,1003,2026-08-02 00:38:00,2026-08-02 00:42:00,1.0,2026-08-02 00:38:00,2026-08-02 00:45:00,2026-08-02 00:38:00,2026-08-02 00:45:00,2026-08-02 00:49:00,,,2026-08-02 00:55:00,2026-08-02 01:01:00,,0.0,2026-08-02 00:48:00,2026-08-02 00:54:00,,,,,Науну М.,Победа,Выдача до 30 минут
2026-08-02,TK 3014 ,321,АНТАЛЬЯ,20,Y(А10),00:31,2827,2026-08-02 00:42:00,2026-08-02 00:42:00,,2026-08-02 00:47:00,2026-08-02 00:57:00,2026-08-02 00:47:00,2026-08-02 00:57:00,2026-08-02 01:05:00,,,2026-08-02 01:01:00,2026-08-02 01:06:00,,0.0,2026-08-02 00:55:00,2026-08-02 01:01:00,2026-08-02 01:10:00,2026-08-02 01:20:00,,,Фанин Н. О.,Turkish Airlines,Выдача до 30 минут
2026-08-02,VF 275 ,73Х,СТАМБУЛ(САБИХА ГОКЦЕН),31,Y(А10),00:34,2582,2026-08-02 00:46:00,2026-08-02 00:51:00,2.0,2026-08-02 00:50:00,2026-08-02 01:14:00,2026-08-02 00:50:00,2026-08-02 01:14:00,2026-08-02 01:07:00,7.0,7.0,2026-08-02 01:04:00,2026-08-02 01:22:00,,6.0,2026-08-02 00:56:00,2026-08-02 01:02:00,2026-08-02 01:15:00,2026-08-02 01:22:00,,,Королёв Е. А.,AJET,Выдача от 30 до 40 минут
2026-08-02,PC 1521 ,32Н,ИЗМИР(АДНАН МЕНДЕРЕС),36,Y(А11),00:37,2285,2026-08-02 00:45:00,2026-08-02 00:50:00,2.0,2026-08-02 00:53:00,2026-08-02 01:10:00,2026-08-02 00:53:00,2026-08-02 01:10:00,2026-08-02 01:04:00,6.0,2.0,2026-08-02 01:09:00,2026-08-02 01:20:00,,5.0,2026-08-02 01:01:00,2026-08-02 01:08:00,2026-08-02 01:12:00,2026-08-02 01:19:00,,,Прохачев И. А.,Pegasus,Выдача от 30 до 40 минут
2026-08-02,AZV 3010 ,75В,АНТАЛЬЯ,6,Y(А13),00:40,1937,2026-08-02 00:54:00,2026-08-02 00:58:00,1.0,2026-08-02 00:59:00,2026-08-02 01:16:00,2026-08-02 00:59:00,2026-08-02 01:16:00,2026-08-02 01:11:00,5.0,4.0,2026-08-02 01:10:00,2026-08-02 01:22:00,,0.0,2026-08-02 01:05:00,2026-08-02 01:10:00,2026-08-02 01:15:00,2026-08-02 01:23:00,,,Баташан В. Ю.,АЗУР эйр,Выдача до 30 минут
2026-08-02,TK 3084 ,321,ДАЛАМАН,26,Y(А10),00:42,2481,2026-08-02 00:54:00,2026-08-02 00:56:00,,2026-08-02 00:58:00,2026-08-02 01:21:00,2026-08-02 00:58:00,2026-08-02 01:21:00,2026-08-02 01:15:00,6.0,6.0,2026-08-02 01:09:00,2026-08-02 01:44:00,,20.0,2026-08-02 01:06:00,2026-08-02 01:09:00,2026-08-02 01:19:00,2026-08-02 01:33:00,,,Корнилов Н. А.,Turkish Airlines,Выдача более 40 минут
2026-08-02,TK 217 ,321,АНТАЛЬЯ,23,Y(А09),00:47,2286,2026-08-02 01:00:00,2026-08-02 01:00:00,,2026-08-02 01:05:00,2026-08-02 01:23:00,2026-08-02 01:05:00,2026-08-02 01:23:00,2026-08-02 01:19:00,4.0,3.0,2026-08-02 01:17:00,2026-08-02 01:26:00,,0.0,2026-08-02 01:21:00,2026-08-02 01:26:00,,,,,Тихонов С. М.,Turkish Airlines,Выдача до 30 минут
2026-08-02,TK 3002 ,321,АНТАЛЬЯ,24,Y(А12),00:51,2131,2026-08-02 01:02:00,2026-08-02 01:03:00,,2026-08-02 01:09:00,2026-08-02 01:22:00,2026-08-02 01:09:00,2026-08-02 01:22:00,2026-08-02 01:20:00,2.0,,2026-08-02 01:31:00,2026-08-02 01:33:00,9.0,1.0,2026-08-02 01:18:00,2026-08-02 01:32:00,,,,,Гафуров О. Ф.,Turkish Airlines,Выдача от 30 до 40 минут
2026-08-02,TK 421 ,333,СТАМБУЛ(СТАМБУЛ НЬЮ),22,Y(А09),00:54,4996,2026-08-02 01:10:00,2026-08-02 01:10:00,,2026-08-02 01:09:00,2026-08-02 01:24:00,2026-08-02 01:09:00,2026-08-02 01:24:00,2026-08-02 01:47:00,,,2026-08-02 01:24:00,2026-08-02 01:30:00,,0.0,2026-08-02 01:11:00,2026-08-02 01:24:00,2026-08-02 01:04:00,2026-08-02 01:30:00,2026-08-02 01:17:00,2026-08-02 01:33:00,Тришкин А. В.,Turkish Airlines,Выдача до 30 минут
2026-08-02,TK 3036 ,321,АНТАЛЬЯ,25,Y(А09),00:58,2417,2026-08-02 01:10:00,2026-08-02 01:12:00,,2026-08-02 01:19:00,2026-08-02 01:24:00,2026-08-02 01:19:00,2026-08-02 01:24:00,2026-08-02 01:30:00,,,2026-08-02 01:39:00,2026-08-02 01:40:00,9.0,0.0,2026-08-02 01:29:00,2026-08-02 01:39:00,2026-08-02 01:25:00,2026-08-02 01:31:00,,,Конюхов Я. А.,Turkish Airlines,Выдача до 30 минут
2026-08-02,ЮТ 376 ,734,СЫКТЫВКАР,14,Y(А04),01:12,419,2026-08-02 01:26:00,2026-08-02 01:26:00,,2026-08-02 01:28:00,2026-08-02 01:37:00,2026-08-02 01:28:00,2026-08-02 01:37:00,2026-08-02 01:33:00,4.0,6.0,2026-08-02 01:31:00,2026-08-02 01:35:00,,0.0,2026-08-02 01:35:00,2026-08-02 01:41:00,,,,,Андреев А. М.,Ютэйр,Выдача до 30 минут
2026-08-02,AZO 7008 ,СУ9,ТБИЛИСИ(ТБИЛИСИ ИНТЛ.),58,Y(А12),01:17,1350,2026-08-02 01:30:00,2026-08-02 01:31:00,,2026-08-02 01:31:00,2026-08-02 01:44:00,2026-08-02 01:31:00,2026-08-02 01:44:00,2026-08-02 01:43:00,1.0,4.0,2026-08-02 01:52:00,2026-08-02 01:53:00,,0.0,2026-08-02 01:36:00,2026-08-02 01:45:00,2026-08-02 01:44:00,2026-08-02 01:52:00,,,Семиченков С. А.,GEORGIAN AIRWAYS,Выдача до 30 минут
2026-08-02,TK 3006 ,32Б,АНТАЛЬЯ,23,Y(А11),02:11,2155,2026-08-02 02:21:00,2026-08-02 02:26:00,2.0,2026-08-02 02:25:00,2026-08-02 02:40:00,2026-08-02 02:25:00,2026-08-02 02:40:00,2026-08-02 02:39:00,1.0,1.0,2026-08-02 02:38:00,2026-08-02 02:47:00,,0.0,2026-08-02 02:41:00,2026-08-02 02:51:00,,,,,Баташан В. Ю.,Turkish Airlines,Выдача до 30 минут
2026-08-02,ДР 434 ,73Х,ПЕРМЬ(БОЛЬШОЕ САВИНО),48,Y(А04),05:07,403,2026-08-02 05:15:00,2026-08-02 05:17:00,,2026-08-02 05:19:00,2026-08-02 05:22:00,2026-08-02 05:19:00,2026-08-02 05:22:00,2026-08-02 05:22:00,,,2026-08-02 05:34:00,2026-08-02 05:35:00,,0.0,2026-08-02 05:25:00,2026-08-02 05:32:00,,,,,Конюхов Я. А.,Победа,Выдача до 30 минут
2026-08-02,PC 390 ,32Щ,СТАМБУЛ(САБИХА ГОКЦЕН),19,Y(А10),05:10,3440,2026-08-02 05:19:00,2026-08-02 05:20:00,,2026-08-02 05:22:00,2026-08-02 05:49:00,2026-08-02 05:22:00,2026-08-02 05:49:00,2026-08-02 05:46:00,3.0,4.0,2026-08-02 05:56:00,2026-08-02 06:01:00,17.0,12.0,2026-08-02 05:31:00,2026-08-02 05:40:00,2026-08-02 05:50:00,2026-08-02 05:56:00,,,Прохачев И. А.,Pegasus,Выдача более 40 минут
2026-08-02,J2 5830 ,320,ГЯНДЖА,29,Y(А11),05:14,1935,2026-08-02 05:24:00,2026-08-02 05:28:00,1.0,2026-08-02 05:29:00,2026-08-02 05:45:00,2026-08-02 05:29:00,2026-08-02 05:45:00,2026-08-02 05:41:00,4.0,3.0,2026-08-02 05:55:00,2026-08-02 05:56:00,11.0,2.0,2026-08-02 05:36:00,2026-08-02 05:43:00,2026-08-02 05:49:00,2026-08-02 05:54:00,,,Корнилов Н. А.,AZAL,Выдача от 30 до 40 минут
2026-08-02,КГ 555 ,320,ОШ,26,Y(А13),09:36,2603,2026-08-02 09:47:00,2026-08-02 09:50:00,,2026-08-02 09:51:00,2026-08-02 10:05:00,2026-08-02 09:51:00,2026-08-02 10:05:00,2026-08-02 10:08:00,,,2026-08-02 10:00:00,2026-08-02 10:07:00,,0.0,2026-08-02 09:57:00,2026-08-02 10:00:00,2026-08-02 10:06:00,2026-08-02 10:10:00,,,"Екимов С. С., Михайлов М. С.",Aero Nomad,Выдача до 30 минут
2026-08-02,ЮТ 786F,73Х,ЕРЕВАН(ЗВАРТНОЦ ИНТЛ),21,Y(А13),09:40,0,2026-08-02 09:49:00,2026-08-02 09:49:00,,2026-08-02 09:52:00,2026-08-02 09:59:00,2026-08-02 09:52:00,2026-08-02 09:59:00,,,7.0,2026-08-02 10:07:00,2026-08-02 10:09:00,,0.0,2026-08-02 10:02:00,2026-08-02 10:07:00,,,,,Музафаров А. С.,Ютэйр,Выдача до 30 минут
2026-08-02,ФВ 6013 ,СУ9,САНКТ-ПЕТЕРБУРГ(ПУЛКОВО),9,Y(А04),09:52,56,2026-08-02 10:02:00,2026-08-02 10:05:00,,2026-08-02 10:06:00,2026-08-02 10:07:00,2026-08-02 10:06:00,2026-08-02 10:07:00,2026-08-02 10:06:00,1.0,1.0,2026-08-02 10:20:00,2026-08-02 10:21:00,,0.0,2026-08-02 10:08:00,2026-08-02 10:10:00,,,,,Омурбек У. Б.,Россия,Выдача до 30 минут
2026-08-02,ЮТ 446 ,735,КОГАЛЫМ,13,Y(А05),10:20,259,2026-08-02 10:28:00,2026-08-02 10:29:00,,2026-08-02 10:31:00,2026-08-02 10:32:00,2026-08-02 10:31:00,2026-08-02 10:32:00,2026-08-02 10:34:00,,,2026-08-02 10:35:00,2026-08-02 10:36:00,,0.0,2026-08-02 10:33:00,2026-08-02 10:35:00,,,,,Тано Б. А.,Ютэйр,Выдача до 30 минут
2026-08-02,ФВ 6005 ,СУ9,САНКТ-ПЕТЕРБУРГ(ПУЛКОВО),10,Y(А04),10:22,42,2026-08-02 10:32:00,2026-08-02 10:34:00,,2026-08-02 10:36:00,2026-08-02 10:37:00,2026-08-02 10:36:00,2026-08-02 10:37:00,2026-08-02 10:36:00,1.0,1.0,2026-08-02 10:39:00,2026-08-02 10:40:00,,0.0,2026-08-02 10:37:00,2026-08-02 10:39:00,,,,,Каламбеков У. О.,Россия,Выдача до 30 минут
2026-08-02,DV 801 ,73Х,ШЫМКЕНТ(ШЫМКЕНТ ИНТЛ.),20,Y(А13),10:32,1668,2026-08-02 10:45:00,2026-08-02 10:45:00,,2026-08-02 10:44:00,2026-08-02 10:57:00,2026-08-02 10:44:00,2026-08-02 10:57:00,2026-08-02 11:00:00,,2.0,2026-08-02 10:56:00,2026-08-02 11:06:00,,0.0,2026-08-02 10:50:00,2026-08-02 10:55:00,2026-08-02 11:00:00,2026-08-02 11:05:00,,,Давлатов Б. Ч.,SCAT Airlines,Выдача до 30 минут
2026-08-02,ЖГ 936 ,73Х,ТБИЛИСИ(ТБИЛИСИ ИНТЛ.),30,Y(А11),10:36,1706,2026-08-02 10:44:00,2026-08-02 10:46:00,,2026-08-02 10:50:00,2026-08-02 11:03:00,2026-08-02 10:50:00,2026-08-02 11:03:00,2026-08-02 10:59:00,4.0,2.0,2026-08-02 11:00:00,2026-08-02 11:10:00,,0.0,2026-08-02 10:56:00,2026-08-02 10:59:00,2026-08-02 11:04:00,2026-08-02 11:07:00,,,Омурбек У. Б.,GEORGIAN AIRWAYS,Выдача до 30 минут
2026-08-02,J2 807 ,76В,БАКУ(ИМ. ГЕЙДАРА АЛИЕВА),18,Y(А09),10:47,2127,2026-08-02 10:57:00,2026-08-02 10:59:00,,2026-08-02 11:02:00,2026-08-02 11:12:00,2026-08-02 11:02:00,2026-08-02 11:12:00,2026-08-02 11:15:00,,,2026-08-02 11:16:00,2026-08-02 11:18:00,,0.0,2026-08-02 11:13:00,2026-08-02 11:18:00,,,,,Дубинский В. Д.,AZAL,Выдача до 30 минут
2026-08-02,TK 3070 ,321,АНТАЛЬЯ,23,Y(А10),11:19,2158,2026-08-02 11:29:00,2026-08-02 11:31:00,,2026-08-02 11:33:00,2026-08-02 11:46:00,2026-08-02 11:33:00,2026-08-02 11:46:00,2026-08-02 11:47:00,,,2026-08-02 11:44:00,2026-08-02 11:51:00,,0.0,2026-08-02 11:34:00,2026-08-02 11:51:00,,,,,Рябчевский В. О.,Turkish Airlines,Выдача до 30 минут
2026-08-02,NE 618A,321,ХУРГАДА(ХУРГАДА ИНТЛ.),26,Y(А09),11:23,2285,2026-08-02 11:31:00,2026-08-02 11:35:00,1.0,2026-08-02 11:37:00,2026-08-02 11:52:00,2026-08-02 11:37:00,2026-08-02 11:52:00,2026-08-02 11:50:00,2.0,,2026-08-02 11:44:00,2026-08-02 11:58:00,,0.0,2026-08-02 11:41:00,2026-08-02 11:44:00,2026-08-02 11:54:00,2026-08-02 11:58:00,,,Попов А. И.,Nesma Airlines,Выдача до 30 минут
2026-08-02,ФВ 6007 ,СУ9,САНКТ-ПЕТЕРБУРГ(ПУЛКОВО),9,Y(А04),11:25,160,2026-08-02 11:36:00,2026-08-02 11:38:00,,2026-08-02 11:40:00,2026-08-02 11:42:00,2026-08-02 11:40:00,2026-08-02 11:42:00,2026-08-02 11:41:00,1.0,1.0,2026-08-02 11:44:00,2026-08-02 11:45:00,,0.0,2026-08-02 11:41:00,2026-08-02 11:43:00,,,,,Черкас В. А.,Россия,Выдача до 30 минут
2026-08-02,TK 3076 ,321,ДАЛАМАН,19,Y(А10),11:43,2182,2026-08-02 11:54:00,2026-08-02 11:55:00,,2026-08-02 11:56:00,2026-08-02 12:11:00,2026-08-02 11:56:00,2026-08-02 12:11:00,2026-08-02 12:13:00,,,2026-08-02 12:06:00,2026-08-02 12:18:00,,0.0,2026-08-02 12:00:00,2026-08-02 12:18:00,,,,,Хушвактов П. З.,Turkish Airlines,Выдача до 30 минут
2026-08-02,TK 413 ,333,СТАМБУЛ(СТАМБУЛ НЬЮ),22,Y(А09),11:50,4846,2026-08-02 12:04:00,2026-08-02 12:07:00,,2026-08-02 12:09:00,2026-08-02 12:24:00,2026-08-02 12:09:00,2026-08-02 12:24:00,2026-08-02 12:40:00,,,2026-08-02 12:22:00,2026-08-02 12:39:00,,5.0,2026-08-02 12:09:00,2026-08-02 12:27:00,2026-08-02 12:01:00,2026-08-02 12:21:00,2026-08-02 12:02:00,2026-08-02 12:33:00,Демчук Д. П.,Turkish Airlines,Выдача от 30 до 40 минут
2026-08-02,ЮБГ 509 ,735,ЕРЕВАН(ЗВАРТНОЦ ИНТЛ),28,Y(А13),11:59,2256,2026-08-02 12:09:00,2026-08-02 12:11:00,,2026-08-02 12:11:00,2026-08-02 12:22:00,2026-08-02 12:12:00,2026-08-02 12:22:00,2026-08-02 12:28:00,,,2026-08-02 12:20:00,2026-08-02 12:28:00,,0.0,2026-08-02 12:17:00,2026-08-02 12:20:00,2026-08-02 12:22:00,2026-08-02 12:25:00,,,"Давлатов Б. Ч., Тано Б. А.",Shirak Avia,Выдача до 30 минут
2026-08-02,ЮТ 572 ,73Х,КРАСНОЯРСК,12,Y(А06),12:13,1046,2026-08-02 12:21:00,2026-08-02 12:23:00,,2026-08-02 12:24:00,2026-08-02 12:32:00,2026-08-02 12:24:00,2026-08-02 12:32:00,2026-08-02 12:32:00,,1.0,2026-08-02 12:38:00,2026-08-02 12:39:00,,0.0,2026-08-02 12:34:00,2026-08-02 12:37:00,,,,,Каламбеков У. О.,Ютэйр,Выдача до 30 минут
2026-08-02,ФВ 6009 ,СУ9,САНКТ-ПЕТЕРБУРГ(ПУЛКОВО),8,Y(А04),12:16,79,2026-08-02 12:26:00,2026-08-02 12:29:00,,2026-08-02 12:28:00,2026-08-02 12:30:00,2026-08-02 12:28:00,2026-08-02 12:30:00,2026-08-02 12:31:00,,1.0,2026-08-02 12:32:00,2026-08-02 12:33:00,,0.0,2026-08-02 12:30:00,2026-08-02 12:32:00,,,,,Музафаров А. С.,Россия,Выдача до 30 минут
2026-08-02,TK 3012 ,321,АНТАЛЬЯ,21,Y(А10),12:20,2454,2026-08-02 12:34:00,2026-08-02 12:34:00,,2026-08-02 12:34:00,2026-08-02 12:48:00,2026-08-02 12:34:00,2026-08-02 12:48:00,2026-08-02 12:54:00,,,2026-08-02 12:50:00,2026-08-02 12:57:00,,0.0,2026-08-02 12:26:00,2026-08-02 12:49:00,2026-08-02 12:26:00,2026-08-02 12:53:00,,,Иванов В. А.,Turkish Airlines,Выдача до 30 минут
2026-08-02,3F 321 ,320,ЕРЕВАН(ЗВАРТНОЦ ИНТЛ),19,Y(А13),09:32,2102,2026-08-02 09:42:00,2026-08-02 09:43:00,,2026-08-02 09:45:00,2026-08-02 09:59:00,2026-08-02 09:45:00,2026-08-02 09:59:00,2026-08-02 10:00:00,,,2026-08-02 09:56:00,2026-08-02 10:07:00,,0.0,2026-08-02 09:51:00,2026-08-02 09:55:00,2026-08-02 10:02:00,2026-08-02 10:08:00,,,Сыргаков Б. А.,FLYONE Armenia,Выдача до 30 минут
2026-08-02,ФВ 6003 ,СУ9,САНКТ-ПЕТЕРБУРГ(ПУЛКОВО),8,Y(А04),09:15,99,2026-08-02 09:23:00,2026-08-02 09:23:00,,2026-08-02 09:25:00,2026-08-02 09:26:00,2026-08-02 09:25:00,2026-08-02 09:26:00,2026-08-02 09:28:00,,,2026-08-02 09:29:00,2026-08-02 09:32:00,,0.0,2026-08-02 09:28:00,2026-08-02 09:32:00,,,,,Демчук Д. П.,Россия,Выдача до 30 минут
2026-08-02,ЯК 475 ,73В,ЯКУТСК,59,Y(А06),09:09,903,2026-08-02 09:20:00,2026-08-02 09:24:00,1.0,2026-08-02 09:23:00,2026-08-02 09:30:00,2026-08-02 09:23:00,2026-08-02 09:30:00,2026-08-02 09:30:00,,1.0,2026-08-02 09:38:00,2026-08-02 09:41:00,,0.0,2026-08-02 09:32:00,2026-08-02 09:38:00,,,,,Фаёзов А. Р.,Якутия,Выдача до 30 минут
2026-08-02,ЮТ 356 ,734,ГРОЗНЫЙ(СЕВЕРНЫЙ),17,Y(А05),08:46,250,2026-08-02 08:53:00,2026-08-02 08:54:00,,2026-08-02 09:01:00,2026-08-02 09:02:00,2026-08-02 09:01:00,2026-08-02 09:02:00,2026-08-02 08:59:00,3.0,,2026-08-02 09:09:00,2026-08-02 09:13:00,,0.0,2026-08-02 09:04:00,2026-08-02 09:09:00,,,,,Черкас В. А.,Ютэйр,Выдача до 30 минут
2026-08-02,4S 313 ,73Х,ШАРМ ЭЛЬ ШЕЙХ(ШАРМ ЭЛЬ ШЕЙХ ИНТЛ.),27,Y(А09),05:27,2519,2026-08-02 05:43:00,2026-08-02 05:43:00,,2026-08-02 05:47:00,2026-08-02 06:01:00,2026-08-02 05:47:00,2026-08-02 06:01:00,2026-08-02 06:04:00,,,2026-08-02 05:55:00,2026-08-02 06:09:00,,0.0,2026-08-02 05:51:00,2026-08-02 05:55:00,2026-08-02 06:04:00,2026-08-02 06:09:00,,,Бородин А. В.,Red Sea,Выдача до 30 минут
2026-08-02,ЮТ 726 ,73Х,АНТАЛЬЯ,16,Y(А12),06:00,1190,2026-08-02 06:08:00,2026-08-02 06:11:00,,2026-08-02 06:13:00,2026-08-02 06:29:00,2026-08-02 06:13:00,2026-08-02 06:29:00,2026-08-02 06:20:00,9.0,8.0,2026-08-02 06:29:00,2026-08-02 06:30:00,,0.0,2026-08-02 06:33:00,2026-08-02 06:38:00,,,,,Лизенко Е. В.,Ютэйр,Выдача до 30 минут
2026-08-02,PC 1458 ,32Щ,ДАЛАМАН,20,Y(А10),06:03,2543,2026-08-02 06:13:00,2026-08-02 06:14:00,,2026-08-02 06:15:00,2026-08-02 06:31:00,2026-08-02 06:15:00,2026-08-02 06:31:00,2026-08-02 06:34:00,,,2026-08-02 06:26:00,2026-08-02 06:38:00,,0.0,2026-08-02 06:20:00,2026-08-02 06:25:00,2026-08-02 06:31:00,2026-08-02 06:37:00,,,Баташан В. Ю.,Pegasus,Выдача до 30 минут
2026-08-02,TK 407 ,333,СТАМБУЛ(СТАМБУЛ НЬЮ),22,Y(А09),06:32,5039,2026-08-02 06:45:00,2026-08-02 06:45:00,,2026-08-02 06:47:00,2026-08-02 07:04:00,2026-08-02 06:47:00,2026-08-02 07:04:00,2026-08-02 07:23:00,,,2026-08-02 06:59:00,2026-08-02 07:09:00,,0.0,2026-08-02 06:47:00,2026-08-02 07:04:00,2026-08-02 06:41:00,2026-08-02 07:06:00,2026-08-02 07:16:00,2026-08-02 07:17:00,Давлатов Б. Ч.,Turkish Airlines,Выдача до 30 минут
2026-08-02,ДР 414 ,73Х,ЧЕЛЯБИНСК(БАЛАНДИНО),44,Y(А05),06:43,631,2026-08-02 06:57:00,2026-08-02 06:59:00,,2026-08-02 06:58:00,2026-08-02 07:01:00,2026-08-02 06:58:00,2026-08-02 07:01:00,2026-08-02 07:05:00,,,2026-08-02 07:09:00,2026-08-02 07:12:00,,0.0,2026-08-02 07:02:00,2026-08-02 07:09:00,,,,,Фартушный А. И.,Победа,Выдача до 30 минут
2026-08-02,ДР 404 ,73Х,ЕКАТЕРИНБУРГ(КОЛЬЦОВО),37,Y(А07),06:46,521,2026-08-02 06:56:00,2026-08-02 07:00:00,1.0,2026-08-02 07:05:00,2026-08-02 07:08:00,2026-08-02 07:05:00,2026-08-02 07:08:00,2026-08-02 07:03:00,5.0,,2026-08-02 07:17:00,2026-08-02 07:18:00,,0.0,2026-08-02 07:11:00,2026-08-02 07:18:00,,,,,Науну М.,Победа,Выдача до 30 минут
2026-08-02,ДР 730 ,7С8,ФЕРГАНА(ФЕРГАНА ИНТЛ.),43,Y(А11),06:49,332,2026-08-02 06:57:00,2026-08-02 07:02:00,2.0,2026-08-02 07:00:00,2026-08-02 07:04:00,2026-08-02 07:00:00,2026-08-02 07:04:00,2026-08-02 07:03:00,1.0,2.0,2026-08-02 07:13:00,2026-08-02 07:15:00,,0.0,2026-08-02 07:06:00,2026-08-02 07:12:00,,,,,Прохачев И. А.,Победа,Выдача до 30 минут
2026-08-02,ФВ 6019 ,СУ9,САНКТ-ПЕТЕРБУРГ(ПУЛКОВО),8,Y(А04),07:10,91,2026-08-02 07:20:00,2026-08-02 07:21:00,,2026-08-02 07:23:00,2026-08-02 07:24:00,2026-08-02 07:23:00,2026-08-02 07:24:00,2026-08-02 07:25:00,,,2026-08-02 07:28:00,2026-08-02 07:29:00,,0.0,2026-08-02 07:27:00,2026-08-02 07:29:00,,,,,Дубинский В. Д.,Россия,Выдача до 30 минут
2026-08-02,TK 1231 ,321,АНТАЛЬЯ,24,Y(А09),12:27,1974,2026-08-02 12:39:00,2026-08-02 12:41:00,,2026-08-02 12:47:00,2026-08-02 13:02:00,2026-08-02 12:47:00,2026-08-02 13:02:00,2026-08-02 12:56:00,6.0,2.0,2026-08-02 13:02:00,2026-08-02 13:08:00,3.0,0.0,2026-08-02 12:36:00,2026-08-02 13:12:00,,,,,Литвин И. С.,Turkish Airlines,Выдача до 30 минут
2026-08-02,ХИ 9607 ,32Н,БУХАРА(БУХАРА ИНТЛ.),24,Y(А12),07:27,1517,2026-08-02 07:42:00,2026-08-02 07:45:00,,2026-08-02 07:46:00,2026-08-02 07:58:00,2026-08-02 07:46:00,2026-08-02 07:58:00,2026-08-02 07:56:00,2.0,2.0,2026-08-02 07:58:00,2026-08-02 08:05:00,,0.0,2026-08-02 07:54:00,2026-08-02 07:58:00,2026-08-02 08:00:00,2026-08-02 08:04:00,,,Чеканов В. А.,UZBEKISTAN AIRWAYS,Выдача до 30 минут
2026-08-02,ХИ 9615 ,320,УРГЕНЧ(УРГЕНЧ ИНТЛ.),23,Y(А11),07:43,1365,2026-08-02 07:56:00,2026-08-02 07:58:00,,2026-08-02 08:00:00,2026-08-02 08:12:00,2026-08-02 08:00:00,2026-08-02 08:12:00,2026-08-02 08:09:00,3.0,3.0,2026-08-02 08:07:00,2026-08-02 08:17:00,,0.0,2026-08-02 07:55:00,2026-08-02 08:07:00,2026-08-02 08:13:00,2026-08-02 08:17:00,,,Иванов В. А.,UZBEKISTAN AIRWAYS,Выдача до 30 минут
2026-08-02,ДР 744 ,73Х,ОШ,47,Y(А13),07:46,670,2026-08-02 07:53:00,2026-08-02 07:53:00,,2026-08-02 07:54:00,2026-08-02 07:59:00,2026-08-02 07:54:00,2026-08-02 07:59:00,2026-08-02 08:01:00,,1.0,2026-08-02 08:06:00,2026-08-02 08:10:00,,0.0,2026-08-02 08:04:00,2026-08-02 08:07:00,,,,,"Литвин И. С., Омурбек У. Б.",Победа,Выдача до 30 минут
2026-08-02,ДР 742 ,7С8,ТАШКЕНТ(ТАШКЕНТ ИНТЛ.),36,Y(А12),07:50,310,2026-08-02 07:59:00,2026-08-02 08:01:00,,2026-08-02 08:01:00,2026-08-02 08:03:00,2026-08-02 08:01:00,2026-08-02 08:03:00,2026-08-02 08:05:00,,,2026-08-02 08:10:00,2026-08-02 08:12:00,,0.0,2026-08-02 08:05:00,2026-08-02 08:11:00,,,,,Демчук Д. П.,Победа,Выдача до 30 минут
2026-08-02,ЮТ 454 ,73Х,ТЮМЕНЬ(РОЩИНО),15,Y(А05),07:56,1065,2026-08-02 08:04:00,2026-08-02 08:05:00,,2026-08-02 08:07:00,2026-08-02 08:15:00,2026-08-02 08:07:00,2026-08-02 08:15:00,2026-08-02 08:15:00,,1.0,2026-08-02 08:23:00,2026-08-02 08:29:00,,0.0,2026-08-02 08:18:00,2026-08-02 08:24:00,,,,,Михайлов М. С.,Ютэйр,Выдача до 30 минут
2026-08-02,ЮТ 248 ,73Х,СУРГУТ,25,Y(А06),08:10,1089,2026-08-02 08:19:00,2026-08-02 08:23:00,1.0,2026-08-02 08:21:00,2026-08-02 08:31:00,2026-08-02 08:21:00,2026-08-02 08:31:00,2026-08-02 08:30:00,1.0,3.0,2026-08-02 08:39:00,2026-08-02 08:43:00,,0.0,2026-08-02 08:36:00,2026-08-02 08:48:00,,,,,Хушвактов П. З.,Ютэйр,Выдача до 30 минут
2026-08-02,ФВ 6051 ,СУ9,САНКТ-ПЕТЕРБУРГ(ПУЛКОВО),9,Y(А04),08:13,120,2026-08-02 08:23:00,2026-08-02 08:27:00,1.0,2026-08-02 08:26:00,2026-08-02 08:29:00,2026-08-02 08:26:00,2026-08-02 08:29:00,2026-08-02 08:28:00,1.0,2.0,2026-08-02 08:30:00,2026-08-02 08:31:00,,0.0,2026-08-02 08:28:00,2026-08-02 08:30:00,,,,,Фаёзов А. Р.,Россия,Выдача до 30 минут
2026-08-02,AZO 7154 ,СУ9,БАТУМИ,28,Y(А11),08:19,962,2026-08-02 08:28:00,2026-08-02 08:31:00,,2026-08-02 08:33:00,2026-08-02 08:42:00,2026-08-02 08:34:00,2026-08-02 08:42:00,2026-08-02 08:38:00,4.0,2.0,2026-08-02 08:43:00,2026-08-02 08:46:00,,0.0,2026-08-02 08:40:00,2026-08-02 08:43:00,,,,,"Давлатов Б. Ч., Омурбек У. Б.",GEORGIAN AIRWAYS,Выдача до 30 минут
2026-08-02,ХИ 9613 ,32Н,ТАШКЕНТ(ТАШКЕНТ ИНТЛ.),22,Y(А12),08:24,1339,2026-08-02 08:38:00,2026-08-02 08:38:00,,2026-08-02 08:38:00,2026-08-02 08:51:00,2026-08-02 08:38:00,2026-08-02 08:51:00,2026-08-02 08:51:00,,4.0,2026-08-02 08:57:00,2026-08-02 08:58:00,,0.0,2026-08-02 08:44:00,2026-08-02 08:48:00,2026-08-02 08:52:00,2026-08-02 08:57:00,,,Каламбеков У. О.,UZBEKISTAN AIRWAYS,Выдача до 30 минут
2026-08-02,В2 981 ,Е75,МИНСК(МИНСК ИНТЛ.),29,Y(А13),07:40,230,2026-08-02 07:46:00,2026-08-02 07:48:00,,2026-08-02 07:49:00,2026-08-02 07:54:00,2026-08-02 07:49:00,2026-08-02 07:54:00,2026-08-02 07:52:00,2.0,3.0,2026-08-02 07:55:00,2026-08-02 07:56:00,,0.0,2026-08-02 07:52:00,2026-08-02 07:55:00,,,,,Фаёзов А. Р.,Белавиа,Выдача до 30 минут
2026-08-02,TK 3060 ,321,АНТАЛЬЯ,25,Y(А10),23:57,2454,2026-08-03 00:06:00,2026-08-03 00:08:00,,2026-08-03 00:10:00,2026-08-03 00:26:00,2026-08-03 00:10:00,2026-08-03 00:26:00,2026-08-03 00:26:00,,,2026-08-03 00:26:00,2026-08-03 00:42:00,,6.0,2026-08-03 00:06:00,2026-08-03 00:26:00,2026-08-03 00:10:00,2026-08-03 00:42:00,,,Харитонов И. А.,Turkish Airlines,Выдача от 30 до 40 минут
